"case_id","converged","iterations","mu","theta","kappa","psi","pi00","pi10","pi01","pi11","selected_start","loglik"
"linear_sparse_n300_t01_r0001",TRUE,8,0.416210938662786,-0.541657936539892,0,0.0171231260281746,0.906036976877596,0.0341584168166359,0.0369132260999312,0.0228913802058373,1,-4354.99947420883
"confounded_sparse_n300_t01_r0001",TRUE,191,0.256983140067523,-0.547583044142099,0.0353013991470277,0.010427861224767,0.839993725145433,0.0960687635166926,0.0303248470711672,0.0336126642667069,3,-4409.89459715226
"binary_sparse_n300_t01_r0001",TRUE,65,0.295056706079699,-0.54922069873797,0,0.00631121803883892,0.812422413100369,0.114721676221998,0.0596651580104179,0.0131907526672147,1,-5258.24033602943
"linear_dense_n300_t01_r0001",TRUE,25,0.381720376683393,-0.54004957789591,0,0.0120795941621602,0.419517395582128,0.169226823484075,0.203585246479918,0.207670534453879,2,-5349.44177829532
"confounded_dense_n300_t01_r0001",TRUE,51,0.372937768596311,-0.553195103598618,0.00799637005783706,0.0147036296694321,0.370783861286797,0.221429944159989,0.204214178442794,0.203572016110419,3,-5291.60758824472
"binary_dense_n300_t01_r0001",TRUE,40,0.409302089845846,-0.552525591665397,0.00191900374946744,0.0115903914597681,0.44260984335552,0.200186141875793,0.186218075260331,0.170985939508356,1,-5815.49256405361
"linear_sparse_n300_t02_r0001",TRUE,103,0.364853479398718,-0.726206318474614,0.0472171265936301,0.0155668958875491,0.851609642725527,0.0733878052020431,0.0426797371340391,0.0323228149383908,3,-4524.22677359877
"confounded_sparse_n300_t02_r0001",TRUE,6,0.459636351663955,-0.742080303755889,0,0.0124828747991267,0.856974525713195,0.064025291985481,0.0526792167917016,0.0263209655096229,2,-4466.25453684645
"binary_sparse_n300_t02_r0001",TRUE,9,0.490735258480373,-0.76021186373187,0,0.0190829414936784,0.843603578800114,0.0596854713869301,0.067245975943601,0.0294649738693545,2,-5388.74480652903
"linear_dense_n300_t02_r0001",TRUE,38,0.519412903753904,-0.756731206822912,0.00538367802101559,0.013805081041573,0.394473173038104,0.192524828210944,0.219880750737059,0.193121248013893,1,-5580.3410153855
"confounded_dense_n300_t02_r0001",TRUE,25,0.518191446997629,-0.741766084308703,0.00334981628283879,0.0141371746582133,0.409252345530138,0.194729305327887,0.180511051911798,0.215507297230177,2,-5502.71620670206
"binary_dense_n300_t02_r0001",TRUE,20,0.526969048459777,-0.745367213302891,0.000853804118065615,0.0122701530996649,0.418526708710018,0.182226027551225,0.195788445700307,0.203458818038451,2,-6062.10570418363
"linear_sparse_n300_t03_r0001",TRUE,10,0.658715895624916,-0.960440625890895,0,0.012275639628603,0.886021315765624,0.0449786838648626,0.0476005377603902,0.0213994626091233,3,-4533.96321050678
"confounded_sparse_n300_t03_r0001",TRUE,16,0.668284862302341,-0.943713599240691,0.00304429739909954,0.0119904083424555,0.88868213552963,0.0553178644470474,0.0391810299472427,0.0168189700760801,3,-4462.86153442076
"binary_sparse_n300_t03_r0001",TRUE,6,0.694936486124765,-0.919295518384119,0,0.0115482931134346,0.861661044328786,0.0483866069894186,0.0686984358229136,0.0212539128588813,2,-5173.7271503059
"linear_dense_n300_t03_r0001",TRUE,14,0.655849002709292,-0.953187057675849,0.00607397663766682,0.0134728369556118,0.404291508847075,0.214708490798259,0.18551199504228,0.195488005312386,2,-5554.43674359822
"confounded_dense_n300_t03_r0001",TRUE,14,0.637255820951493,-0.955524060543616,0.00404981007607547,0.0132860179723266,0.390399599970195,0.203600399903417,0.194749845347559,0.211250154778829,2,-5531.75588758547
"binary_dense_n300_t03_r0001",TRUE,24,0.615577557529639,-0.943838108251652,0.0152652150147051,0.00786464400338946,0.382858652177172,0.189067657794417,0.201412973843565,0.226660716184846,3,-6218.39974810678
"linear_sparse_n300_t01_r0002",TRUE,34,0.411136815809374,-0.565329079217523,0.00379486043153815,0.00960182480766788,0.884104139314844,0.0446991468749928,0.0437021435774207,0.0274945702327427,1,-4391.27456748442
"confounded_sparse_n300_t01_r0002",TRUE,48,0.372507077438274,-0.535390567745152,0,0.00811114653591701,0.880363894518186,0.0436241705465753,0.0486946066703563,0.0273173282648824,3,-4563.43120139367
"binary_sparse_n300_t01_r0002",TRUE,36,0.356099143746736,-0.577662930242357,0,0.00435925677199008,0.902964407928506,0.0337571094721143,0.0431020351768394,0.0201764474225399,3,-5106.98597165914
"linear_dense_n300_t01_r0002",TRUE,56,0.374712738467405,-0.551546953596934,0.0103100793845389,0.0144520955791764,0.407086194564594,0.212984180085077,0.18606279839738,0.193866826952949,2,-5355.73996272944
"confounded_dense_n300_t01_r0002",TRUE,59,0.379572902118306,-0.553591004617296,0.0118363694164471,0.0126574887249144,0.399330705040362,0.219257347235419,0.17918315259624,0.202228795127978,1,-5336.11986377271
"binary_dense_n300_t01_r0002",TRUE,72,0.345026118955897,-0.548174407604248,0.00644570335224829,0.0143157398034255,0.36744567623727,0.222526084090217,0.174747051684718,0.235281187987795,1,-5845.91786463551
"linear_sparse_n300_t02_r0002",TRUE,49,0.510063127436414,-0.749234119233362,0.0254184021895052,0.0107906288739992,0.865783972184695,0.0522150895811443,0.0559770938045052,0.0260238444296553,1,-4477.1633873752
"confounded_sparse_n300_t02_r0002",TRUE,12,0.564889096042501,-0.784808223808075,0,0.0132674380221112,0.900769325300589,0.0401752593361723,0.0445748034591738,0.0144806119040648,3,-4378.09111721621
"binary_sparse_n300_t02_r0002",TRUE,19,0.499166032257249,-0.753702850537816,0,0.00431118394419015,0.853973307071238,0.0737736312309892,0.0427385276730453,0.0295145340247273,3,-5277.14192619825
"linear_dense_n300_t02_r0002",TRUE,34,0.536038401358711,-0.745964773754826,0.00947155815851893,0.013172730588225,0.388374376492154,0.202617751030488,0.217298976437276,0.191708896040083,2,-5598.05965492691
"confounded_dense_n300_t02_r0002",TRUE,29,0.508802116170755,-0.754469025505356,0.0102749214137105,0.0163188081920395,0.412077552216738,0.207885485359912,0.17906774525547,0.20096921716788,1,-5428.26847098096
"binary_dense_n300_t02_r0002",TRUE,28,0.515540969634166,-0.721746940256983,0.00648888015188429,0.015254184562848,0.389109678057555,0.17941284238331,0.226470523931738,0.205006955627397,3,-6048.94958432552
"linear_sparse_n300_t03_r0002",TRUE,5,0.710789389197613,-0.952860940645374,0,0.0133056035080848,0.872917875558024,0.0590814644674202,0.0483676407272604,0.0196330192472955,2,-4691.3308703928
"confounded_sparse_n300_t03_r0002",TRUE,15,0.639353749300985,-0.947769285181226,0.000380780436369234,0.0120619437920602,0.872498479223934,0.0555015207665925,0.0530372002983428,0.0189627997111311,3,-4509.59436506451
"binary_sparse_n300_t03_r0002",TRUE,13,0.656153991593181,-0.964089162196839,0,0.00954684096575979,0.892401904798583,0.0426371421845389,0.0457069762621579,0.0192539767547198,3,-5324.39723535195
"linear_dense_n300_t03_r0002",TRUE,14,0.671093307236337,-0.945539905573719,0.00194579708829365,0.0128533111590988,0.401926786217821,0.203073213603737,0.201304602221236,0.193695397957206,3,-5588.96308423518
"confounded_dense_n300_t03_r0002",TRUE,15,0.669453601618265,-0.942700614301652,0.0078850745547482,0.0133703177520014,0.396183021706901,0.196816956856997,0.181386325067941,0.225613696368162,2,-5551.62676103425
"binary_dense_n300_t03_r0002",TRUE,9,0.664018984715624,-0.941944683663367,0,0.0133954701497926,0.3915170098077,0.190421021473636,0.208853283370063,0.209208685348601,2,-6254.16098587256
"linear_sparse_n300_t01_r0003",TRUE,54,0.274737499629708,-0.546078033784461,0,0.0107664264890454,0.844952085194562,0.0749764867818435,0.0516720263649948,0.0283994016586001,3,-4485.16229334243
"confounded_sparse_n300_t01_r0003",TRUE,33,0.45637407643308,-0.558443092003391,0,0.0115490541225516,0.895549389779337,0.0243218200787811,0.0559756600567917,0.0241531300850898,2,-4556.58758790227
"binary_sparse_n300_t01_r0003",TRUE,20,0.475123412202297,-0.590171702199981,0,0.00801720842126714,0.910604689964215,0.0264730062099567,0.044718018562791,0.018204285263037,1,-5028.95534320381
"linear_dense_n300_t01_r0003",TRUE,54,0.374195483867897,-0.548571994167321,0.00433610514181824,0.012879137892833,0.380366739883209,0.225200488827301,0.202210054376745,0.192222716912745,2,-5335.70935869291
"confounded_dense_n300_t01_r0003",TRUE,63,0.381825166160071,-0.550125134029739,0.00871530280142137,0.0122678378590084,0.403246940794489,0.189383023465893,0.226710720147965,0.180659315591652,3,-5420.4548124255
"binary_dense_n300_t01_r0003",TRUE,36,0.403149258758218,-0.54486750575438,0.00326819065273778,0.0141133432324515,0.408710266214484,0.177087901877951,0.215148398081784,0.199053433825781,2,-5840.38468041482
"linear_sparse_n300_t02_r0003",TRUE,17,0.511383002071834,-0.746681918901181,0,0.0120888840857891,0.877435174158004,0.060564491553324,0.0463882566476879,0.015612077640984,2,-4499.06401390853
"confounded_sparse_n300_t02_r0003",TRUE,13,0.557625586717479,-0.756503563475909,1.85816460568206e-05,0.00859428674656361,0.895813583435322,0.0481864014147414,0.0433188953288022,0.0126811198211346,3,-4372.57019588026
"binary_sparse_n300_t02_r0003",TRUE,415,0.213140428227851,-0.729967349265777,0.054922389831894,0.00103871879642295,0.772009915854742,0.153644584765821,0.0278519173217393,0.0464935820576975,1,-5309.75958490533
"linear_dense_n300_t02_r0003",TRUE,44,0.494943034474646,-0.751452158194553,0.0176327104125189,0.0121935894776886,0.388785647766471,0.209214132697946,0.18109303310447,0.220907186431114,2,-5498.0265378101
"confounded_dense_n300_t02_r0003",TRUE,12,0.515993431191123,-0.753194830270439,0,0.0159222989759083,0.37215286798907,0.210844729357479,0.202744774007361,0.214257628646091,2,-5507.69835451047
"binary_dense_n300_t02_r0003",TRUE,17,0.54220222560589,-0.751147598287753,0.000203786356689055,0.00940041240316614,0.425519390894124,0.199896419350259,0.178414817055918,0.196169372699698,2,-6046.77032511879
"linear_sparse_n300_t03_r0003",TRUE,5,0.683130993100745,-0.942062210745508,0.00117593360132736,0.0172643386039443,0.874521310181573,0.0504786842923791,0.0527401558100928,0.0222598497159549,2,-4665.35125868787
"confounded_sparse_n300_t03_r0003",TRUE,7,0.67357309193929,-0.937924126093134,0,0.0213551134321859,0.888505156277676,0.0404947616182399,0.0497485974593876,0.0212514846446966,2,-4568.82421289438
"binary_sparse_n300_t03_r0003",TRUE,24,0.666564078189988,-0.984364401784069,0.0141646668490651,0.00191749541845585,0.883617275887293,0.0513956347127108,0.0529396451508339,0.0120474442491625,2,-5257.42312090575
"linear_dense_n300_t03_r0003",TRUE,13,0.660418718097369,-0.960375439841103,0.00526965517485422,0.0145399364140606,0.383533448385746,0.215466549660706,0.194625354376322,0.206374647577226,3,-5594.49955411912
"confounded_dense_n300_t03_r0003",TRUE,14,0.647803953885867,-0.952361471606359,0.00492504870999643,0.0113510552274714,0.391465257531818,0.219534742373299,0.204555831955888,0.184444168138996,2,-5564.31055452784
"binary_dense_n300_t03_r0003",TRUE,15,0.660580243290774,-0.952024778909449,0.00567553723761283,0.0101535462368776,0.403893368766092,0.194217309586807,0.195870625893044,0.206018695754056,1,-6212.47206752027
"linear_sparse_n300_t01_r0004",TRUE,20,0.406939977388669,-0.524397543676146,0,0.0144251800776805,0.872586624495689,0.0514468265203556,0.0491319990890401,0.0268345498949152,1,-4410.17355250667
"confounded_sparse_n300_t01_r0004",TRUE,25,0.391079937409015,-0.553188616527892,0,0.014212707750335,0.876584418977882,0.0516761393013322,0.0597586673611016,0.0119807743596841,1,-4518.80927464222
"binary_sparse_n300_t01_r0004",TRUE,110,0.365876752444602,-0.616065736669832,0.0174807667275368,0.00944416226271629,0.875138707937491,0.0673102039306978,0.0441720532072865,0.0133790349245242,3,-5086.78883464177
"linear_dense_n300_t01_r0004",TRUE,54,0.400203296568469,-0.544506578338159,0.00302630852301026,0.0135663219372632,0.395194221729808,0.187266206634158,0.207294121321915,0.210245450314119,3,-5460.62022299816
"confounded_dense_n300_t01_r0004",TRUE,36,0.40132411175049,-0.556117714874894,0.00272167357047472,0.0135438184373225,0.408308173083517,0.193383984194009,0.19214642474155,0.206161417980924,2,-5330.43553950348
"binary_dense_n300_t01_r0004",TRUE,77,0.365691663668324,-0.547813619445253,0.0116218076451042,0.015087402532042,0.368352708960666,0.221084140125133,0.204278162867112,0.206284988047088,1,-5889.48418208466
"linear_sparse_n300_t02_r0004",TRUE,26,0.552171436708949,-0.753317987243842,0,0.0149186869930871,0.888886654212024,0.0381107841933325,0.0522717705669462,0.0207307910276977,2,-4594.4736614623
"confounded_sparse_n300_t02_r0004",TRUE,8,0.460266350062085,-0.781734578335466,0.00625238799818321,0.0172152095373763,0.871559334227306,0.0604382715067553,0.0546739821391173,0.0133284121268214,2,-4475.19957532421
"binary_sparse_n300_t02_r0004",TRUE,97,0.430587035121798,-0.726493118823164,0.0359929318820419,0.00874544185951365,0.872665428453588,0.0669882846095935,0.0344111997729095,0.0259350871639091,1,-5135.82493840156
"linear_dense_n300_t02_r0004",TRUE,35,0.496289770559543,-0.746426592285814,0.00679532801187577,0.0109137531147899,0.407899553669494,0.196100330623418,0.202676873367496,0.193323242339592,2,-5469.45804175752
"confounded_dense_n300_t02_r0004",TRUE,16,0.524975225741133,-0.741951377481117,6.03652105983228e-05,0.0118886116790201,0.412670127196328,0.195309783476116,0.200357777219114,0.191662312108441,2,-5494.87571944387
"binary_dense_n300_t02_r0004",TRUE,11,0.529800908366997,-0.740515001540114,0,0.0107998279256682,0.405972741107391,0.20528763732906,0.189233952411873,0.199505669151677,2,-6032.48675468187
"linear_sparse_n300_t03_r0004",TRUE,45,0.60395129696344,-0.941971336026219,0.0258052626901102,0.01016994291006,0.877887232058779,0.0531127620848451,0.0453762624859588,0.0236237433704167,2,-4595.84225943189
"confounded_sparse_n300_t03_r0004",TRUE,17,0.710409013735955,-0.950281910349522,0.00205471286926694,0.0178141194483643,0.889341575488021,0.0476583430909376,0.0469086983468068,0.0160913830742349,2,-4688.67359003863
"binary_sparse_n300_t03_r0004",TRUE,24,0.652229445221284,-0.904492133615168,0.0181088897987835,0.0103720579032248,0.866544419385901,0.0670874842819312,0.0452992519920366,0.0210688443401308,3,-5220.34967918073
"linear_dense_n300_t03_r0004",TRUE,12,0.675011848423836,-0.945432006367952,0.00103043848455941,0.0132011589730156,0.394882886069439,0.20211711010544,0.188755676184477,0.214244327640643,2,-5628.9795274364
"confounded_dense_n300_t03_r0004",TRUE,13,0.651433009095184,-0.953819540738156,0.000159795516557501,0.0126115792837194,0.414392371570567,0.198607628134752,0.179326770578113,0.207673229716567,2,-5625.34134683736
"binary_dense_n300_t03_r0004",TRUE,12,0.647681519453495,-0.941115209733978,0.00566199692421719,0.0147141053464152,0.420693866099102,0.204390771730492,0.18062866001534,0.194286702155066,2,-6080.65175492832
"linear_sparse_n300_t01_r0005",TRUE,169,0.260558872364502,-0.545705832845753,0.0089793830887362,0.0105607203926917,0.828192955875503,0.0807720585600462,0.0428608637474738,0.0481741218169767,2,-4525.36057600426
"confounded_sparse_n300_t01_r0005",TRUE,58,0.412947173142881,-0.548176135309569,0.0028917170270277,0.0125365892422596,0.876875347908028,0.0501236591603948,0.0563277538341048,0.0166732390974722,1,-4526.87879237459
"binary_sparse_n300_t01_r0005",TRUE,26,0.399096915993897,-0.531804787826265,0,0.0192791007953163,0.89348707279586,0.0274527228649926,0.06603339828856,0.0130268060505871,3,-5118.85424128946
"linear_dense_n300_t01_r0005",TRUE,32,0.382141705848109,-0.562362399861056,0.000927684048959795,0.0128145750788566,0.38227849702889,0.207192221722154,0.1938075972696,0.216721683979356,1,-5308.5926234893
"confounded_dense_n300_t01_r0005",TRUE,34,0.399975503964039,-0.548355709543125,0.00434084290164104,0.0142225885209416,0.375723522355892,0.229347481851567,0.208250798486221,0.186678197306319,2,-5351.90729558384
"binary_dense_n300_t01_r0005",TRUE,35,0.370952488613422,-0.542351397939762,0.000792677143724351,0.00960503594747046,0.420405225327726,0.187931249382555,0.200734701533187,0.190928823756532,1,-5765.83427434225
"linear_sparse_n300_t02_r0005",TRUE,73,0.446649597494837,-0.749552028542162,0.0274762299512158,0.0133466536051728,0.858119862660391,0.0718752073548002,0.0463804990806974,0.0236244309041113,3,-4533.63985126728
"confounded_sparse_n300_t02_r0005",TRUE,26,0.491064308883961,-0.764184327162311,0.00796027152946089,0.0141464559958684,0.90395474399691,0.0440411323092522,0.0325885659121812,0.019415557781657,1,-4461.4389208615
"binary_sparse_n300_t02_r0005",TRUE,13,0.523871027468785,-0.776339205763952,0,0.00823574372274254,0.864897852706523,0.0545249691944771,0.060076401796087,0.0205007763029126,2,-5207.63442180599
"linear_dense_n300_t02_r0005",TRUE,32,0.499826458994943,-0.748897705588903,0.00999831568721138,0.0126344978024329,0.362797250690334,0.218255710784232,0.185049372238334,0.2338976662871,3,-5529.05235900741
"confounded_dense_n300_t02_r0005",TRUE,14,0.541440668219193,-0.749385672524475,0,0.0135094057534928,0.421986389232306,0.160011877391878,0.210118981843417,0.207882751532398,2,-5549.38377248163
"binary_dense_n300_t02_r0005",TRUE,33,0.516224485288377,-0.754450089970117,0.0113562441497467,0.00944458873023478,0.397209635700889,0.213073572731812,0.183451342576927,0.206265448990372,3,-6024.87956084904
"linear_sparse_n300_t03_r0005",TRUE,7,0.795061405661283,-0.944727836189646,0,0.00911794509757516,0.878819787799796,0.0481802121997853,0.053065014629213,0.0199349853712062,2,-4719.22103656044
"confounded_sparse_n300_t03_r0005",TRUE,8,0.710200785033345,-0.932002317099884,0,0.0127516880391726,0.886918127437689,0.040081872448828,0.05283562354514,0.0201643765683425,1,-4508.8301100676
"binary_sparse_n300_t03_r0005",TRUE,21,0.65377794676736,-0.974567826268675,0.0148801816183253,0.010901859417672,0.885860453054853,0.0473450015595434,0.0512068315577905,0.0155877138278132,2,-5258.08905549897
"linear_dense_n300_t03_r0005",TRUE,8,0.666002896141443,-0.95538076091391,0,0.012452587156935,0.393175139663382,0.177824858366714,0.21087625031574,0.218123751654164,2,-5585.30617543166
"confounded_dense_n300_t03_r0005",TRUE,7,0.685479291117779,-0.944580785091617,0,0.0124360548185983,0.398376794579245,0.190623204228422,0.219069696210969,0.191930304981364,2,-5560.7137464924
"binary_dense_n300_t03_r0005",TRUE,18,0.639532291531125,-0.939416668830477,0.0045426556400631,0.011299687852751,0.405548856577348,0.195266764913895,0.197767647076169,0.201416731432589,2,-6179.84925808526
"linear_sparse_n300_t01_r0006",TRUE,426,0.159306583794719,-0.525889969754701,0.0333517038735453,0.0107528061332148,0.813104054749264,0.112421909721485,0.0131055200758182,0.0613685154534331,1,-4330.1475448529
"confounded_sparse_n300_t01_r0006",TRUE,58,0.389140511225503,-0.546315729803742,0.00807252208146713,0.0112263784025237,0.88450081985086,0.0423304757720992,0.0508439321072583,0.0223247722697823,1,-4345.47359404358
"binary_sparse_n300_t01_r0006",TRUE,24,0.401343407963506,-0.495974666518999,0,0.025417151474145,0.906702756777007,0.0214260453649637,0.0422972178993901,0.0295739799586393,3,-5144.01435624789
"linear_dense_n300_t01_r0006",TRUE,25,0.359620610209259,-0.535700358171465,0,0.0142634767845963,0.373102319672503,0.207588460417873,0.228646527794647,0.190662692114976,1,-5334.18108844694
"confounded_dense_n300_t01_r0006",TRUE,20,0.421667316813939,-0.562427313623702,0,0.0116312357800273,0.397943401611051,0.199998640740158,0.240183840099431,0.16187411754936,2,-5353.34404581402
"binary_dense_n300_t01_r0006",TRUE,39,0.403326424273519,-0.540237718060553,0.00296407363054712,0.00963755918713011,0.413244814872479,0.197981271609255,0.207277551553117,0.181496361965149,1,-5797.05506170176
"linear_sparse_n300_t02_r0006",TRUE,76,0.414731238390014,-0.77418705604349,0.0158488996765513,0.0156468438514202,0.849060767584536,0.0639375624329547,0.0537936007045793,0.0332080692779305,1,-4510.335890165
"confounded_sparse_n300_t02_r0006",TRUE,176,0.277832155756484,-0.783530139544296,0.0688998520150323,0.0111548503644004,0.822838420148832,0.0981615674255993,0.0386585456990165,0.040341466726552,3,-4612.45987338607
"binary_sparse_n300_t02_r0006",TRUE,7,0.595828151014618,-0.780983752540276,0,0.00378784924376236,0.898941871797007,0.0421798935495686,0.0406588702076465,0.0182193644457774,1,-5217.11003200463
"linear_dense_n300_t02_r0006",TRUE,41,0.499158965463333,-0.754637335834516,0.00918415988466045,0.0124806359975168,0.366359817035464,0.205639895667087,0.189948736602392,0.238051550695058,1,-5613.48364906893
"confounded_dense_n300_t02_r0006",TRUE,11,0.538808329330729,-0.755920465188469,0,0.0155084388632057,0.410922734037407,0.202071728359155,0.193316377387251,0.193689160216187,2,-5480.96222488118
"binary_dense_n300_t02_r0006",TRUE,10,0.534478548316427,-0.759163127053774,0,0.0128572734516241,0.390271686520561,0.209371200153101,0.209379343491739,0.190977769834599,2,-6030.54803861542
"linear_sparse_n300_t03_r0006",TRUE,11,0.673575557905455,-0.938109932041958,0.000482879449884682,0.0121124484572083,0.879858130907403,0.0481418690672072,0.0571700032762847,0.0148299967491049,3,-4451.31766463547
"confounded_sparse_n300_t03_r0006",TRUE,8,0.712984445513891,-0.952172688387038,0,0.0103046083693677,0.886861361730627,0.0411386382638435,0.0543076423722939,0.017692357633236,2,-4582.29940297627
"binary_sparse_n300_t03_r0006",TRUE,26,0.649750650542286,-0.965865606802989,0.00937413334429781,0.0112395773184676,0.900855712968074,0.0451302871833329,0.0388415340416689,0.0151724658069247,3,-5166.0939649079
"linear_dense_n300_t03_r0006",TRUE,20,0.667372600968154,-0.954940694295722,0.00945334668500567,0.015096170961491,0.400685722761101,0.199314273861131,0.215545698725221,0.184454304652547,1,-5715.37018271009
"confounded_dense_n300_t03_r0006",TRUE,18,0.654396599804484,-0.940739229314678,0.00998336607441016,0.0135915835770311,0.400828943948914,0.186171052134277,0.200409170177275,0.212590833739534,2,-5637.25102514517
"binary_dense_n300_t03_r0006",TRUE,18,0.650999057726581,-0.948719087869949,0.0092848351508033,0.0123962174799087,0.399804282954543,0.190547074057473,0.214578548059035,0.195070094928948,2,-6240.82881864864
"linear_sparse_n300_t01_r0007",TRUE,119,0.26941549458628,-0.567897608304485,0.0177924256548201,0.00847486000983656,0.860621863067473,0.0713783190418086,0.0478452803927786,0.0201545374979396,2,-4369.53895228163
"confounded_sparse_n300_t01_r0007",TRUE,282,0.131653932383854,-0.531456125827069,0.0388385103053325,0.00872568253279108,0.783890037286032,0.131414978550481,0.0433700208859014,0.0413249632775856,2,-4503.05892717073
"binary_sparse_n300_t01_r0007",TRUE,25,0.42396919547889,-0.607051784328558,0,0.00368383192556866,0.879456355257933,0.0604468173993116,0.0392651153871134,0.0208317119556415,2,-5214.24326199756
"linear_dense_n300_t01_r0007",TRUE,58,0.360827934302704,-0.556726125145367,0.00745795276803024,0.013354692807352,0.396512732379771,0.182675965805762,0.174188954562555,0.246622347251912,3,-5369.58955471934
"confounded_dense_n300_t01_r0007",TRUE,49,0.355204230344564,-0.54796782703246,0.0020045785053591,0.0118450572325771,0.410216124022123,0.211305555418063,0.204289194299881,0.174189126259933,2,-5300.05129054187
"binary_dense_n300_t01_r0007",TRUE,46,0.406956053467826,-0.533455513940021,0.00528122484082138,0.0130222540891848,0.352739985659556,0.202281447238475,0.222407372986525,0.222571194115444,3,-5903.08376810883
"linear_sparse_n300_t02_r0007",TRUE,17,0.537686019401433,-0.766046298707968,0,0.013975441641589,0.893783645310668,0.030213968384618,0.0509846472904249,0.0250177390142889,3,-4508.64964693631
"confounded_sparse_n300_t02_r0007",TRUE,17,0.53455086183669,-0.779597392515815,0,0.0106220217529704,0.89682979790711,0.0371701907544608,0.0439569322355047,0.0220430791029246,2,-4525.35564044666
"binary_sparse_n300_t02_r0007",TRUE,27,0.57677442029189,-0.782704598204005,0.00216897579909812,0.00829205240877661,0.890983407945858,0.0454877440570566,0.0451440320291474,0.018384815967938,3,-5258.33605284635
"linear_dense_n300_t02_r0007",TRUE,12,0.53249184317115,-0.757246887380524,0,0.013884719579332,0.43295646918252,0.190861177307129,0.191756180416881,0.18442617309347,2,-5460.66013170031
"confounded_dense_n300_t02_r0007",TRUE,30,0.500666793221209,-0.742878690384222,0.00973678365084395,0.0141635334211888,0.408765699277085,0.194231768382978,0.191306134213305,0.205696398126632,1,-5510.10068437794
"binary_dense_n300_t02_r0007",TRUE,33,0.490438648900359,-0.770650407827391,0.0100579936158464,0.0124374280691778,0.394493072508386,0.209435941271462,0.161856772400763,0.234214213819389,1,-5999.16080380807
"linear_sparse_n300_t03_r0007",TRUE,17,0.654653012770059,-0.934834369258437,0.0127724334794031,0.0122178698401121,0.878084989028591,0.0569150109440668,0.0410560033966986,0.0239439966306436,2,-4545.79300697666
"confounded_sparse_n300_t03_r0007",TRUE,19,0.663686335898158,-0.935417237764353,0.0125799689440695,0.0116705283472024,0.875571981662378,0.0514280181574535,0.0535836892392448,0.0194163109409237,1,-4487.85965215913
"binary_sparse_n300_t03_r0007",TRUE,8,0.642940692215979,-0.969518543689064,0,0.00860543045736404,0.87142004047108,0.0446532180449311,0.061462261497086,0.0224644799869026,2,-5200.72295304898
"linear_dense_n300_t03_r0007",TRUE,15,0.650850859421752,-0.950858353037444,0.00485009192040249,0.0139528235127449,0.353718664723861,0.238281333379585,0.18518271294046,0.222817288956094,2,-5654.33735038255
"confounded_dense_n300_t03_r0007",TRUE,15,0.685757142964645,-0.942642283552397,0.00581053745040224,0.0142473687897428,0.381897996944449,0.200101989314515,0.181829018635719,0.236170995105317,2,-5599.62742342235
"binary_dense_n300_t03_r0007",TRUE,19,0.668537136649595,-0.957889568202609,0.00368538018290969,0.0107470447057636,0.392680289787204,0.179155378396684,0.219089266803289,0.209075065012823,2,-6265.65249117214
"linear_sparse_n300_t01_r0008",TRUE,176,0.267888334093897,-0.578382286646879,0.0361657047768301,0.00863803010177961,0.860706938685186,0.0772652640751154,0.0309355635382719,0.0310922337014267,1,-4521.25040460618
"confounded_sparse_n300_t01_r0008",TRUE,54,0.343401647769931,-0.54219915641562,0,0.0173334636068273,0.886522320283093,0.0374176247900366,0.0511935602395558,0.024866494687315,2,-4550.03346235539
"binary_sparse_n300_t01_r0008",TRUE,32,0.367124218241342,-0.490706251288073,0,0.00237183020724378,0.883090943335655,0.060720518036408,0.0490439946468212,0.0071445439811158,3,-4982.21069748548
"linear_dense_n300_t01_r0008",TRUE,17,0.391926114140177,-0.561139113471677,0,0.012905026903296,0.403290692486279,0.179708099798393,0.215113494088066,0.201887713627261,1,-5291.08755734055
"confounded_dense_n300_t01_r0008",TRUE,34,0.378148489430004,-0.546441407424208,0.000454826272734585,0.0123720220780348,0.390000071395712,0.200462558551412,0.199620057657449,0.209917312395427,3,-5319.22219924862
"binary_dense_n300_t01_r0008",TRUE,49,0.358485501514657,-0.540952454820122,0.00314504029312572,0.0144027523381946,0.374630665043657,0.215011794093599,0.195919661016057,0.214437879846687,2,-5806.31715447108
"linear_sparse_n300_t02_r0008",TRUE,27,0.485417489681248,-0.737341423752305,0.00388809461848926,0.0149145347170806,0.888659384589623,0.0463387333124374,0.0410000265808079,0.0240018555171315,1,-4573.25657527094
"confounded_sparse_n300_t02_r0008",TRUE,29,0.515817910777224,-0.763050544707629,0.00525432699939523,0.0130087085131498,0.864445775873309,0.0575536093810382,0.055519977064307,0.0224806376813454,3,-4437.85838009869
"binary_sparse_n300_t02_r0008",TRUE,51,0.478491007241474,-0.743481119233176,0.0172666848408278,0.000477335802390854,0.877801335175358,0.0527502803535403,0.0448060407297881,0.0246423437413137,2,-5177.45901152324
"linear_dense_n300_t02_r0008",TRUE,27,0.514813809518211,-0.763764057933984,0.00533015629166603,0.0110656879893231,0.403805685556626,0.191194069151747,0.188861390563231,0.216138854728396,3,-5487.99095334883
"confounded_dense_n300_t02_r0008",TRUE,26,0.528069623483396,-0.74425492450949,0.00817798103368048,0.0120712015648017,0.417453025281121,0.204546174815097,0.180283059204388,0.197717740699394,3,-5455.59387011241
"binary_dense_n300_t02_r0008",TRUE,25,0.51711816676916,-0.738206808460764,0.00543392236677531,0.0109462667917943,0.376830481026822,0.221687543310817,0.217946663848308,0.183535311814053,2,-6038.66965759491
"linear_sparse_n300_t03_r0008",TRUE,6,0.673947453449519,-0.978369113222778,0,0.0139083442681291,0.869321091063386,0.0506789088934118,0.0538788765657869,0.0261211234774155,2,-4703.81718530558
"confounded_sparse_n300_t03_r0008",TRUE,7,0.664747446308585,-0.963515276876796,0,0.0139084067781148,0.885133172419072,0.0478668275580074,0.0406029108286494,0.0263970891942716,1,-4424.23251226096
"binary_sparse_n300_t03_r0008",TRUE,22,0.699109145259563,-0.941971243078227,0,0.00610389999739625,0.903230065407649,0.04076883877549,0.0386819247847191,0.0173191710321417,2,-5204.38338458003
"linear_dense_n300_t03_r0008",TRUE,12,0.631303040899942,-0.940484258954853,0.00401473463575504,0.0124140961097106,0.394826135308173,0.213173864461468,0.195474033140017,0.196525967090342,2,-5458.47049264449
"confounded_dense_n300_t03_r0008",TRUE,16,0.651543494994863,-0.960787417093548,0.00565857909812106,0.0145238274947055,0.360775632837843,0.22422416602413,0.216847871454274,0.198152329683753,1,-5640.14934040954
"binary_dense_n300_t03_r0008",TRUE,13,0.67724744174184,-0.946605226663076,0.000502094484384719,0.0120627326659836,0.418032880439107,0.166970693148061,0.201990191370895,0.213006235041938,2,-6234.08791788077
"linear_sparse_n300_t01_r0009",TRUE,11,0.398982191310065,-0.553023057364867,0,0.010132944290719,0.888728257432056,0.0438679375768771,0.0513555189305016,0.0160482860605655,1,-4578.02189237606
"confounded_sparse_n300_t01_r0009",TRUE,19,0.282096364375251,-0.555437373709371,0,0.0113880011423609,0.857404128032656,0.0755286363794385,0.0408856191971782,0.0261816163907272,2,-4460.65604497445
"binary_sparse_n300_t01_r0009",TRUE,39,0.358393413841607,-0.571090793755925,0.00246698317687676,0.00300574311856506,0.876800679755984,0.0543706778730308,0.0394129855190093,0.0294156568519755,1,-5038.62695791389
"linear_dense_n300_t01_r0009",TRUE,67,0.35381330057205,-0.553427976767268,0.00727128960085716,0.0146801305132791,0.411618275490986,0.184467336701032,0.190985043876682,0.2129293439313,1,-5321.24153211175
"confounded_dense_n300_t01_r0009",TRUE,22,0.396665003657995,-0.558676167498687,0,0.0137791352975528,0.406000667633181,0.184761671117282,0.214032833442825,0.195204827806712,1,-5388.73212618362
"binary_dense_n300_t01_r0009",TRUE,45,0.387664660580633,-0.532816905726141,0.00635787054097859,0.00846893334783971,0.396927152862953,0.190222683966832,0.205768932812015,0.2070812303582,3,-5836.78758252167
"linear_sparse_n300_t02_r0009",TRUE,15,0.56470730767874,-0.749292521300354,0,0.0152241148504038,0.873172950831563,0.0398239598519091,0.0681534808611631,0.0188496084553644,3,-4596.92288023625
"confounded_sparse_n300_t02_r0009",TRUE,13,0.545576991083309,-0.750268188848176,0,0.011673090771149,0.901646373891912,0.0253533900501091,0.0474563857124049,0.0255438503455735,3,-4447.78290194877
"binary_sparse_n300_t02_r0009",TRUE,21,0.482775277941534,-0.757257050626536,0,0.00705343861200743,0.896770439477147,0.0396489211200779,0.0428365334676263,0.0207441059351491,2,-5112.70433189398
"linear_dense_n300_t02_r0009",TRUE,19,0.522958082779258,-0.764345024755717,0.00431952340409328,0.0141054309628731,0.373577615373834,0.238394206519428,0.179309088700452,0.208719089406286,2,-5464.94683665669
"confounded_dense_n300_t02_r0009",TRUE,30,0.490321738256394,-0.76457302311102,0.0110347493718745,0.0146234828698746,0.366746743949845,0.228242525574235,0.201311080585016,0.203699649890904,2,-5468.67286415254
"binary_dense_n300_t02_r0009",TRUE,26,0.510088320054711,-0.754362771236138,0.00610430484140629,0.0120250848213917,0.396395040422837,0.218930698561001,0.181580490150497,0.203093770865665,2,-6019.08571900113
"linear_sparse_n300_t03_r0009",TRUE,10,0.627246370048456,-0.970567683468949,0,0.0144000591798178,0.878569843646759,0.057430156295278,0.0446330143342274,0.0193669857237355,2,-4460.83683820241
"confounded_sparse_n300_t03_r0009",TRUE,8,0.68836572080025,-0.964276649024193,0,0.0155571245883952,0.8760389772372,0.0469609375423257,0.052525220251087,0.0244748649693876,2,-4603.90735253199
"binary_sparse_n300_t03_r0009",TRUE,6,0.734187930681445,-0.978474646365661,0,0.0149496195798673,0.869118850273068,0.0533530263957168,0.0640166675010756,0.0135114558301395,2,-5298.11538016202
"linear_dense_n300_t03_r0009",TRUE,14,0.6747797934815,-0.952644295315885,0.0010276200864693,0.0130484520485641,0.387857910784898,0.205142069424086,0.203298745076991,0.203701274714025,1,-5650.27662023126
"confounded_dense_n300_t03_r0009",TRUE,7,0.690627326882032,-0.945736259758185,0,0.0120757487627028,0.401519320048946,0.203480674001062,0.193241602214749,0.201758403735243,2,-5560.11427251994
"binary_dense_n300_t03_r0009",TRUE,13,0.669355775911124,-0.948326914173671,0.00370862802289053,0.0126131357547719,0.374740988187264,0.245254102209215,0.192623453036427,0.187381456567094,2,-6176.365179277
"linear_sparse_n300_t01_r0010",TRUE,31,0.481643795227485,-0.509585842956957,0,0.0105089786788499,0.894990695752764,0.0315905395186174,0.0550932608111821,0.0183255039174363,2,-4499.7108700385
"confounded_sparse_n300_t01_r0010",TRUE,6,0.387853190977217,-0.552585121465828,0,0.0124904460629337,0.881559063348746,0.0543037572333103,0.0515045901706503,0.0126325892472929,1,-4432.33243383087
"binary_sparse_n300_t01_r0010",TRUE,28,0.393345916797209,-0.51561073213485,0,0.0203710120691363,0.856565401773096,0.0528471945075398,0.0720675580187828,0.018519845700581,1,-5294.78327266405
"linear_dense_n300_t01_r0010",TRUE,29,0.412530826413646,-0.556250662763522,0.00130838878824898,0.0146939486037813,0.426717146098368,0.183955063465218,0.185102667323093,0.204225123113321,2,-5316.77886243171
"confounded_dense_n300_t01_r0010",TRUE,23,0.391177804687215,-0.549583544109555,0.000486025297739933,0.0161304989292634,0.408829656445419,0.190883206372614,0.197832071108749,0.202455066073218,2,-5383.92113855236
"binary_dense_n300_t01_r0010",TRUE,77,0.361670330269536,-0.561308243658234,0.00895252068924299,0.00840558012137197,0.398425564126536,0.216263861569986,0.166378686927935,0.218931887375543,1,-5832.60134974992
"linear_sparse_n300_t02_r0010",TRUE,12,0.534605417277875,-0.756948581761946,0,0.0103509720456692,0.887944015130684,0.0420559795113879,0.0510635941881214,0.0189364111698065,3,-4321.88481169393
"confounded_sparse_n300_t02_r0010",TRUE,15,0.539407708973535,-0.737674815706251,0,0.0156801857976405,0.884923091256223,0.040074429048258,0.0478132549332827,0.0271892247622364,3,-4457.09241795124
"binary_sparse_n300_t02_r0010",TRUE,48,0.496067427727969,-0.706763772950697,0.0109775781921191,0.0129401524389699,0.88625114807934,0.0417490146222288,0.0479181632574537,0.0240816740409774,3,-5190.3972836509
"linear_dense_n300_t02_r0010",TRUE,25,0.520549407851251,-0.75706299085245,0.00550961915026769,0.0138105779290511,0.381143557367792,0.216837997061823,0.194501680711312,0.207516764859073,2,-5508.63148293933
"confounded_dense_n300_t02_r0010",TRUE,28,0.501069688654804,-0.755765506211612,0.008142894642733,0.0134533904654845,0.411190267610552,0.201807980743694,0.184373356206765,0.202628395438989,2,-5460.00379333911
"binary_dense_n300_t02_r0010",TRUE,21,0.521857439696242,-0.754098856580665,0.004308541226083,0.0132888824459705,0.402267547896686,0.204283718707378,0.195356128306854,0.198092605089083,2,-6003.10609274516
"linear_sparse_n300_t03_r0010",TRUE,10,0.714073863733353,-0.95854707918823,0,0.0128772717702469,0.885302482701581,0.0476975172209037,0.04803457725901,0.0189654228185056,2,-4553.3067988613
"confounded_sparse_n300_t03_r0010",TRUE,7,0.688373110414323,-0.949819028514034,0,0.0106659378775683,0.881828041175426,0.0491719588155765,0.0453442338019921,0.0236557662070056,1,-4436.47610234235
"binary_sparse_n300_t03_r0010",TRUE,8,0.669678344077072,-0.925562151250721,0,0.00819072981693345,0.881338194106806,0.0527315709627925,0.0432891888173805,0.0226410461130204,1,-5121.69786103853
"linear_dense_n300_t03_r0010",TRUE,13,0.659924606017148,-0.947129886704085,0.00336028923445543,0.0138340373432181,0.407305509510446,0.213694489753796,0.194463827811966,0.184536172923791,2,-5524.23095212874
"confounded_dense_n300_t03_r0010",TRUE,8,0.674195353356406,-0.950485467967321,0,0.0129914020409019,0.410517153653311,0.206482842611942,0.187090184530803,0.195909819203944,2,-5584.63210045593
"binary_dense_n300_t03_r0010",TRUE,16,0.679113401325767,-0.954236325143622,0.00497842170859857,0.0121574693561368,0.383714482767196,0.201392526074949,0.201902185289159,0.212990805868696,1,-6270.75303433918
"linear_sparse_n300_t01_r0011",TRUE,104,0.306598334218761,-0.544473860853864,0.0106016668883139,0.0139927199175002,0.84147404992361,0.0881710611092781,0.0525658514186377,0.0177890375484743,2,-4588.69674862526
"confounded_sparse_n300_t01_r0011",TRUE,201,0.236516604986828,-0.547822583495774,0.0159314455768668,0.0123929444214478,0.78472646842339,0.14078529695056,0.0470371363075881,0.0274510983184618,3,-4414.93318254861
"binary_sparse_n300_t01_r0011",TRUE,179,0.24645278293607,-0.518095355159059,0.0391437844821183,0.00615272884084495,0.834064008362602,0.0912720812918157,0.0596838722711139,0.0149800380744684,1,-5082.31739704599
"linear_dense_n300_t01_r0011",TRUE,47,0.375292647102956,-0.547426361390008,0.00272046499228542,0.0126689687559376,0.395517086638188,0.194667056245239,0.188984555157997,0.220831301958576,1,-5384.17705601723
"confounded_dense_n300_t01_r0011",TRUE,43,0.395134610311977,-0.540205627691426,0.00569068101335577,0.0154971213337438,0.388989766378948,0.202310880525852,0.207394187184747,0.201305165910452,1,-5385.21256119083
"binary_dense_n300_t01_r0011",TRUE,92,0.361042960831896,-0.537527365326342,0.0124091879462266,0.0142463744103183,0.349846591825667,0.25059787942243,0.176394710732269,0.223160818019634,3,-5944.54048802536
"linear_sparse_n300_t02_r0011",TRUE,24,0.532956107609195,-0.769174046344934,0.0124193764669704,0.0159835615265397,0.90029480310085,0.0357045452151595,0.049214278976083,0.0147863727079074,1,-4370.87819094491
"confounded_sparse_n300_t02_r0011",TRUE,33,0.492752078890623,-0.757214142787529,0.00539413534603716,0.0105215892730648,0.860030892602556,0.0769690927589063,0.0414419679938554,0.0215580466446823,3,-4560.53948555541
"binary_sparse_n300_t02_r0011",TRUE,11,0.554385456273947,-0.757452235389041,0,0.00163693522999326,0.906609584054863,0.0440881910382862,0.0394300594824055,0.00987216542444486,1,-5180.01590397231
"linear_dense_n300_t02_r0011",TRUE,16,0.521384687801482,-0.753228111453774,0.00148266837201532,0.0136244802060546,0.380020194722513,0.204472274706946,0.209966877564446,0.205540653006095,2,-5462.14252398845
"confounded_dense_n300_t02_r0011",TRUE,28,0.535353770255493,-0.745539529781536,0.0053445639620178,0.012193178782742,0.406510499840145,0.184488664566139,0.195798527875497,0.213202307718219,2,-5546.55841314481
"binary_dense_n300_t02_r0011",TRUE,21,0.529015869763408,-0.760731358766708,0.00100449669407419,0.00918589562596832,0.406457654164097,0.200847402326629,0.206448247124454,0.18624669638482,2,-6057.48065162458
"linear_sparse_n300_t03_r0011",TRUE,12,0.6377975829546,-0.948714846485877,0,0.0100666097569526,0.876823563462582,0.0541764365347865,0.0472474457138615,0.0217525542887702,3,-4594.49132499173
"confounded_sparse_n300_t03_r0011",TRUE,25,0.646557505459158,-0.941984098681129,0.0187962980522577,0.0143958463944244,0.857831085565353,0.0661689096153497,0.0463429566419335,0.0296570481773642,2,-4620.01298563984
"binary_sparse_n300_t03_r0011",TRUE,38,0.580560386940572,-0.923087990862524,0.0184038993647576,0.0129086439756315,0.883373822162764,0.05896559120654,0.0435606719399204,0.0140999146907751,2,-5207.88313319721
"linear_dense_n300_t03_r0011",TRUE,9,0.645865793930284,-0.945142795143274,0,0.0106836572862589,0.403523366566764,0.22547663342477,0.197568561790852,0.173431438217613,1,-5474.82080023871
"confounded_dense_n300_t03_r0011",TRUE,12,0.661004688919015,-0.943063235866863,0.00643960605133296,0.0140944253989769,0.403872576207722,0.205127366109403,0.219097206008216,0.171902851674659,2,-5500.7011370202
"binary_dense_n300_t03_r0011",TRUE,21,0.651145078331483,-0.954669543990442,0.0143630604634319,0.00965495872038472,0.410781539588569,0.184463585205538,0.192008420193893,0.212746455012,2,-6195.01239058246
"linear_sparse_n300_t01_r0012",TRUE,163,0.223784992026714,-0.550589086160109,0.0235459334202802,0.0133148074986565,0.819873823456303,0.120049309809668,0.0261537876411796,0.03392307909285,1,-4454.12417979817
"confounded_sparse_n300_t01_r0012",TRUE,98,0.360646531074893,-0.586546001044901,0.0244357478448482,0.00981895627738534,0.875145984784609,0.0598275027390943,0.0366327447151181,0.0283937677611787,3,-4441.63557787643
"binary_sparse_n300_t01_r0012",TRUE,67,0.414702475180965,-0.613977667681628,0.00800415153312352,0.0125429176792923,0.875564830698623,0.0516868001380054,0.0611535355246197,0.0115948336387522,3,-5179.02942954979
"linear_dense_n300_t01_r0012",TRUE,48,0.370932322175431,-0.548563040661391,0.00476014886514305,0.0139249832818148,0.373207727001061,0.21501599087313,0.203272456348943,0.208503825776867,3,-5391.49978086946
"confounded_dense_n300_t01_r0012",TRUE,92,0.346867431618751,-0.560112859128439,0.013860374655539,0.0130838320278459,0.375580005070589,0.228470997718189,0.16405459835202,0.231894398859202,1,-5378.88255120464
"binary_dense_n300_t01_r0012",TRUE,50,0.385487242035574,-0.564897172467362,0.0042132762296761,0.010771627782722,0.369569852273284,0.232648134782614,0.210708093502002,0.187073919442099,1,-5890.61058767264
"linear_sparse_n300_t02_r0012",TRUE,7,0.556367983383472,-0.751261681288941,0.00887606815758783,0.0125870421926258,0.865418183834774,0.0475816020980344,0.0633590295390368,0.0236411845281549,2,-4506.78823701638
"confounded_sparse_n300_t02_r0012",TRUE,15,0.489355908480092,-0.744592773480728,0,0.00872575029425541,0.882012738714326,0.0469870386272504,0.0537544588607957,0.0172457637976278,1,-4453.05036051841
"binary_sparse_n300_t02_r0012",TRUE,19,0.534026544028429,-0.747113016189007,0,0.00462974465241121,0.860469449136726,0.0676535991669805,0.0536639525747244,0.0182129991215694,1,-5270.04185680519
"linear_dense_n300_t02_r0012",TRUE,28,0.527143376172522,-0.75346835211983,0.00681133876736591,0.0129904944240802,0.372697310227971,0.213286329642876,0.196918661476317,0.217097698652836,2,-5595.44554006932
"confounded_dense_n300_t02_r0012",TRUE,28,0.514768396960164,-0.753904621944251,0.00503893389378328,0.0119475025131509,0.429608226416297,0.185391449300134,0.20101448496495,0.183985839318619,2,-5442.04831941007
"binary_dense_n300_t02_r0012",TRUE,26,0.52000722210717,-0.741539941205422,0.00489023934765718,0.0132308018338365,0.412330669622043,0.19485321893271,0.185390199154018,0.20742591229123,1,-6044.58965729108
"linear_sparse_n300_t03_r0012",TRUE,4,0.647867305899399,-0.96028392077617,0,0.0104932722239132,0.874076060914342,0.0589239390809018,0.0518100570277183,0.0151899429770378,2,-4512.36003795808
"confounded_sparse_n300_t03_r0012",TRUE,12,0.620677843223962,-0.987110204153547,0,0.0127671285511187,0.876940667592566,0.0660593322900945,0.0405089359428008,0.0164910641745385,2,-4594.53078981587
"binary_sparse_n300_t03_r0012",TRUE,9,0.668812880674622,-0.966234270243327,0,0.0105464528171167,0.87890966638712,0.0420789475434689,0.0528401727141555,0.026171213355256,1,-5343.68735104316
"linear_dense_n300_t03_r0012",TRUE,17,0.639186768492788,-0.949633970903249,0.00776615407225666,0.0136001749860307,0.390159876829868,0.208840122699779,0.19369047483527,0.207309525635083,2,-5586.71774242672
"confounded_dense_n300_t03_r0012",TRUE,17,0.669585093242991,-0.955456356877717,0.00673076558939698,0.011955877644654,0.410725883262943,0.199274116111119,0.205798263108748,0.18420173751719,2,-5592.10086250968
"binary_dense_n300_t03_r0012",TRUE,21,0.6565761215435,-0.963747358243195,0.0063978492002089,0.0133817670138788,0.417746057613011,0.196829764230397,0.194162572510595,0.191261605645997,2,-6282.75600742807
"linear_sparse_n300_t01_r0013",TRUE,32,0.388542486923737,-0.562049555463739,0,0.0150799267978393,0.875563937504669,0.0555698655002748,0.0449289388460013,0.0239372581490553,3,-4496.37934114605
"confounded_sparse_n300_t01_r0013",TRUE,19,0.424116970941278,-0.555374937165271,0,0.0129518382339991,0.883728274640723,0.0459631954719771,0.0539529413148763,0.0163555885724232,1,-4431.16152228676
"binary_sparse_n300_t01_r0013",TRUE,19,0.374472511563977,-0.543473877295288,0.00700148304581637,0.0101817696720553,0.859612258597721,0.0685311535414697,0.0509543367545882,0.0209022511062208,2,-5253.90468567369
"linear_dense_n300_t01_r0013",TRUE,65,0.359187667841954,-0.55091053122982,0.00704689226347133,0.0113921651053118,0.389584291638107,0.199810913725354,0.178926499043615,0.231678295592924,2,-5319.14462309947
"confounded_dense_n300_t01_r0013",TRUE,26,0.377464161901096,-0.544313800907241,0,0.0111423697678636,0.385164918613402,0.211410558040596,0.195795112789235,0.207629410556766,3,-5384.86097419402
"binary_dense_n300_t01_r0013",TRUE,46,0.372456991381214,-0.538139923536211,0.00756846812429158,0.0156750078920863,0.40928693934773,0.205318318969443,0.195170451689043,0.190224289993784,1,-5811.59638481108
"linear_sparse_n300_t02_r0013",TRUE,50,0.490732983617833,-0.709142309666361,0.0155818604182981,0.00984336255840384,0.86639235854924,0.0636075074729703,0.0507593265542929,0.0192408074234967,1,-4475.45535197632
"confounded_sparse_n300_t02_r0013",TRUE,23,0.469240228563154,-0.750307093265624,0,0.014950825019889,0.855999686644745,0.0699987289212147,0.0466760361755072,0.0273255482585329,1,-4592.14133544925
"binary_sparse_n300_t02_r0013",TRUE,60,0.416900584217371,-0.770587617539076,0.0138848779052997,0.00876847574697216,0.874890027176814,0.0695755001688824,0.0305919434226308,0.024942529231673,2,-5149.03451191078
"linear_dense_n300_t02_r0013",TRUE,12,0.53281124774204,-0.747499746308972,0,0.012657930896205,0.400084752914844,0.168914052531663,0.21257600543552,0.218425189117973,1,-5475.02328145432
"confounded_dense_n300_t02_r0013",TRUE,27,0.568116398577763,-0.747738535525878,0.00119612962550557,0.0133910245712049,0.431347368326373,0.171649839570978,0.207222642160641,0.189780149942007,1,-5630.52029917391
"binary_dense_n300_t02_r0013",TRUE,15,0.529569390108613,-0.746645686087464,0,0.011979539390139,0.38900963647691,0.197873605300393,0.201818243753213,0.211298514469485,2,-6096.20353736913
"linear_sparse_n300_t03_r0013",TRUE,39,0.567103917277634,-0.925912802391194,0.0102946433875309,0.0176398609091861,0.854553551580011,0.0594464159586215,0.0549067614481466,0.0310932710132211,2,-4678.60824030571
"confounded_sparse_n300_t03_r0013",TRUE,7,0.654126640988635,-0.935227652871492,0,0.00804325211243491,0.879582934009243,0.0564170659904566,0.0437415965452726,0.0202584034550281,2,-4530.35191150396
"binary_sparse_n300_t03_r0013",TRUE,30,0.682099339524472,-0.943407734184792,0.00862256232613895,0.00150984000830512,0.871340374357095,0.0489997946464218,0.0466933326539067,0.0329664983425762,3,-5264.59989229292
"linear_dense_n300_t03_r0013",TRUE,12,0.657967338146524,-0.950977498774221,0.00569456345835322,0.0117543350761337,0.382807094623335,0.206192905139736,0.194916116389103,0.216083883847826,2,-5476.67322278855
"confounded_dense_n300_t03_r0013",TRUE,11,0.661445879972111,-0.950932168795452,0.00108839974822269,0.0144548592743488,0.397793783772108,0.197206084998357,0.184408198011941,0.220591933217594,2,-5540.74623866928
"binary_dense_n300_t03_r0013",TRUE,13,0.664928105669278,-0.949128069261266,0.00541316498750239,0.0124937945036946,0.410879658513849,0.187828372635698,0.222062629081073,0.17922933976938,2,-6135.45166690207
"linear_sparse_n300_t01_r0014",TRUE,30,0.376315662750305,-0.557834729591513,0,0.0111881557159897,0.880260796054225,0.0504988442947572,0.0386182445130386,0.0306221151379796,3,-4452.1831604349
"confounded_sparse_n300_t01_r0014",TRUE,305,0.166858959900946,-0.568474402610047,0.0255726718451793,0.0167398638906115,0.747645584526991,0.177357783136479,0.0327979265416624,0.0421987057948667,1,-4469.99313973589
"binary_sparse_n300_t01_r0014",TRUE,28,0.445813411280432,-0.612736954612283,0,0.00764852294132622,0.896072194323411,0.0374236111441843,0.0492320873281896,0.017272107204215,2,-5174.92683934014
"linear_dense_n300_t01_r0014",TRUE,52,0.380453999053246,-0.541483053114866,0.00619042190406252,0.0146990239432247,0.39406176477981,0.200861295147526,0.208136408484175,0.19694053158849,2,-5360.58719436259
"confounded_dense_n300_t01_r0014",TRUE,73,0.358944893150963,-0.552844930040835,0.00828989273040861,0.0132093103872507,0.361008812946531,0.250197692177571,0.143324473830554,0.245469021045343,1,-5360.50014081879
"binary_dense_n300_t01_r0014",TRUE,44,0.383619057390447,-0.553488147682747,0.00336284976780524,0.0129148702142106,0.403054054902011,0.206050747959768,0.220557314296186,0.170337882842034,3,-5845.32538485915
"linear_sparse_n300_t02_r0014",TRUE,21,0.636028932206291,-0.74469407572793,0.0232472030032066,0.0176240926332195,0.895916536912016,0.0270605610224408,0.0538652708729442,0.0231576311925985,2,-4611.55359375042
"confounded_sparse_n300_t02_r0014",TRUE,9,0.482357596887154,-0.764640279042043,0.00529977355572017,0.0115261544207739,0.865355662605688,0.0546440940334775,0.0570219997234643,0.0229782436373702,2,-4595.69359800552
"binary_sparse_n300_t02_r0014",TRUE,74,0.454544934122929,-0.759119242653647,0.0226808793020627,0.0148965515385121,0.863803330502447,0.0641238543548051,0.0480990994817502,0.0239737156609978,3,-5167.42452343528
"linear_dense_n300_t02_r0014",TRUE,30,0.534379856894598,-0.743745940184812,0.00150502451319779,0.0125380430002219,0.403490346580979,0.188495305924338,0.205870048648394,0.20214429884629,1,-5622.62127443837
"confounded_dense_n300_t02_r0014",TRUE,11,0.540046086912741,-0.741240140124752,0,0.0136800018139047,0.410617577789371,0.18337794760706,0.227598839887962,0.178405634715607,3,-5461.83714050116
"binary_dense_n300_t02_r0014",TRUE,21,0.538191273900336,-0.749752821420182,0.00128915432800166,0.0102667958166922,0.408344069035737,0.196608724515507,0.200474947598073,0.194572258850684,2,-6093.63249831035
"linear_sparse_n300_t03_r0014",TRUE,7,0.683018673143354,-0.96714236064156,0,0.0192065295515373,0.886086759057148,0.0429132288172556,0.0500640734730816,0.0209359386525151,2,-4467.30852465051
"confounded_sparse_n300_t03_r0014",TRUE,17,0.71121938890881,-0.956488384440303,0.0050890575089243,0.0129737264277331,0.865914604886579,0.0470853841939066,0.0621935436971534,0.0248064672223614,3,-4613.8822501368
"binary_sparse_n300_t03_r0014",TRUE,28,0.652756510033622,-0.907359372034727,0.0192298445007311,0.0102701587800281,0.854655132725005,0.0582166271771854,0.0596040826506186,0.027524157447191,1,-5342.05478727735
"linear_dense_n300_t03_r0014",TRUE,9,0.671179688875664,-0.942189653803281,0,0.0154113634550649,0.397263041494242,0.19573695595628,0.200365416545511,0.206634586003966,1,-5617.67349567886
"confounded_dense_n300_t03_r0014",TRUE,16,0.637583540086336,-0.938942414879108,0.00514248424987943,0.0121923978096335,0.408364648729497,0.185635350852043,0.198893628250473,0.207106372167988,2,-5543.07480397194
"binary_dense_n300_t03_r0014",TRUE,17,0.665823814375114,-0.978803010616453,0.00581485268603303,0.0143978179792142,0.387549640529564,0.206767473193421,0.208175031129365,0.197507855147651,2,-6209.61767754304
"linear_sparse_n300_t01_r0015",TRUE,43,0.362394014916768,-0.554703183009634,0,0.00945253617833348,0.886850681988489,0.0540990943580707,0.0402520802138293,0.0187981434396108,3,-4492.1516868279
"confounded_sparse_n300_t01_r0015",TRUE,29,0.41765679625901,-0.536769318319076,0,0.0130237851202252,0.867521060362179,0.063110598803769,0.0431158550876242,0.0262524857464277,3,-4556.01564929251
"binary_sparse_n300_t01_r0015",TRUE,39,0.42479185518255,-0.48722213642171,0,0.0208901600556931,0.871272814957852,0.0429903143766802,0.0658572135708884,0.0198796570945793,3,-5282.54232914666
"linear_dense_n300_t01_r0015",TRUE,90,0.351143728119849,-0.542120897380169,0.0063036792931702,0.0140957970339993,0.40316483077709,0.19495446484304,0.148194326327063,0.253686378052807,1,-5404.73183173459
"confounded_dense_n300_t01_r0015",TRUE,51,0.363998191326582,-0.561498869812585,0.00670948843371802,0.011463840660955,0.394774346394435,0.220174364530039,0.190295243725487,0.194756045350039,2,-5259.61319424947
"binary_dense_n300_t01_r0015",TRUE,42,0.407851208190484,-0.565879244046815,0.000962068819447892,0.0139204092452091,0.419767503316196,0.161048372054812,0.249606204230359,0.169577920398633,1,-5960.06188734545
"linear_sparse_n300_t02_r0015",TRUE,16,0.486256069517048,-0.762285686346474,0.00522122751959302,0.0144492720496955,0.886939473505991,0.0480600289364062,0.0435219380072065,0.021478559550396,2,-4472.5660009418
"confounded_sparse_n300_t02_r0015",TRUE,9,0.481206592438908,-0.754538533596267,0.0118153728365154,0.0136431318049991,0.878319890644169,0.0476796201866072,0.0546845184261252,0.0193159707430981,2,-4441.92448323991
"binary_sparse_n300_t02_r0015",TRUE,21,0.512156133052638,-0.701534864825214,0,0.0126066857738101,0.86223832495646,0.0530632080277086,0.0694160771752389,0.0152823898405924,3,-5257.44446535653
"linear_dense_n300_t02_r0015",TRUE,15,0.537638590793799,-0.762627132114504,0,0.0135117890401423,0.397151141188931,0.194847250572636,0.236903436377492,0.171098171860941,2,-5555.97218516837
"confounded_dense_n300_t02_r0015",TRUE,27,0.494926220024158,-0.74709137901811,0.00762499540488754,0.0122885881271293,0.352691483340394,0.237306689272137,0.19188829235091,0.218113535036559,2,-5528.1933299045
"binary_dense_n300_t02_r0015",TRUE,24,0.516965479150218,-0.765156607424711,0.00985370975986893,0.00986221937100563,0.400402235185095,0.196319623083337,0.186732486659213,0.216545655072355,3,-6047.21229880618
"linear_sparse_n300_t03_r0015",TRUE,21,0.623455290799144,-0.960422259614953,0.0119957067475298,0.0118508706391017,0.886749811308707,0.0502501882884126,0.0389725548010199,0.0240274456018602,1,-4509.5091049918
"confounded_sparse_n300_t03_r0015",TRUE,23,0.623627061808412,-0.941918331172475,0.0124854206899435,0.014880318036492,0.867148657061708,0.0558513208869356,0.0532025478906007,0.0237974741607553,2,-4541.7726477918
"binary_sparse_n300_t03_r0015",TRUE,26,0.642350353275586,-0.92917540517007,0.0130277431448328,0.0150978871214641,0.884921966103368,0.0538202246381919,0.0435627703634979,0.0176950388949427,3,-5176.15104167981
"linear_dense_n300_t03_r0015",TRUE,19,0.661797163474546,-0.953018943777219,0.00695174910889197,0.0115604173744695,0.413238441973753,0.221761558017971,0.193901728531323,0.171098271476954,2,-5591.17588289488
"confounded_dense_n300_t03_r0015",TRUE,19,0.673089796260027,-0.950812059424835,0.0102164298225338,0.0143153085078344,0.398684938398075,0.197315060321058,0.210499126716441,0.193500874564426,1,-5648.55501492455
"binary_dense_n300_t03_r0015",TRUE,18,0.658339957423706,-0.949609387652424,0.00263784980611842,0.0149586453701676,0.412241057868636,0.213789128560072,0.191740811779824,0.182229001791468,2,-6238.42268259575
"linear_sparse_n300_t01_r0016",TRUE,222,0.1263852303178,-0.567272028164925,0.0547884713652584,0.0105941854352431,0.856219473943495,0.0697664946493745,0.0230970402557644,0.050916991151366,3,-4444.39313911504
"confounded_sparse_n300_t01_r0016",TRUE,123,0.331089483940342,-0.570915033871857,0.0182575138889203,0.0126486130156765,0.865470119098079,0.0573784844633661,0.0424240123579294,0.0347273840806255,1,-4602.13727506244
"binary_sparse_n300_t01_r0016",TRUE,23,0.405324292545066,-0.573588015130052,0,0.0164647251477883,0.872890691648891,0.0602333831147241,0.0543139335960493,0.0125619916403351,3,-5043.6978551803
"linear_dense_n300_t01_r0016",TRUE,20,0.402911177436958,-0.566269223020315,0,0.0130327396775036,0.442199564891462,0.181907352688978,0.180773541143117,0.195119541276443,2,-5288.44201485944
"confounded_dense_n300_t01_r0016",TRUE,56,0.390314723111806,-0.546738642211327,0.00430737974623211,0.0130295781333507,0.415211031783873,0.209257511409142,0.170274536375576,0.205256920431409,2,-5349.65239810265
"binary_dense_n300_t01_r0016",TRUE,34,0.390757675383569,-0.539415235495014,0.000748980899569168,0.0111129779477662,0.400485183997174,0.205656076139663,0.186479812123199,0.207378927739964,1,-5842.82580376621
"linear_sparse_n300_t02_r0016",TRUE,9,0.58263314595512,-0.741745587908941,0,0.0140117636660889,0.871330054213513,0.049667527810313,0.0622806309995554,0.0167217869766189,2,-4429.49754561606
"confounded_sparse_n300_t02_r0016",TRUE,48,0.491708982045302,-0.738696022005719,0.0220378583246217,0.0132418328630772,0.891512205522234,0.0424866137738003,0.0408257026192962,0.0251754780846691,3,-4492.83172242879
"binary_sparse_n300_t02_r0016",TRUE,12,0.503323926886277,-0.746023768171514,0,0.010366470193467,0.87110480627179,0.0649142348767442,0.0398803802912316,0.0241005785602344,2,-5179.1459094484
"linear_dense_n300_t02_r0016",TRUE,24,0.511081495491885,-0.737063343174114,0.00777262370172618,0.0104721692363182,0.378855361287835,0.224144194222324,0.199089282070006,0.197911162419835,1,-5405.25271220783
"confounded_dense_n300_t02_r0016",TRUE,20,0.524214669806458,-0.745308553215718,0.00223900067014978,0.0140904874420931,0.415176816697482,0.191816046053003,0.186212952339247,0.206794184910268,2,-5485.9277101551
"binary_dense_n300_t02_r0016",TRUE,31,0.498999075955276,-0.754189324915737,0.0149683611824345,0.011386072881871,0.379243649383782,0.218726564961547,0.17608354023574,0.225946245418931,2,-6039.58459182975
"linear_sparse_n300_t03_r0016",TRUE,17,0.629077049696727,-0.939335263945532,0.0123449588121343,0.0129036898336596,0.903218986975978,0.0437810128063023,0.0350311683639291,0.0179688318537907,2,-4570.1122389474
"confounded_sparse_n300_t03_r0016",TRUE,24,0.669881861424297,-0.955027782854009,0.0107821375218741,0.0156691158717971,0.873731324246431,0.0602686742181041,0.0433914363817811,0.0226085651536838,2,-4691.12339725555
"binary_sparse_n300_t03_r0016",TRUE,21,0.647364652405342,-0.912859106535275,0.0076015076163292,0.0138711507622564,0.867682715515271,0.0585967485291775,0.0582242999439092,0.0154962360116426,2,-5262.80743493299
"linear_dense_n300_t03_r0016",TRUE,14,0.682817667711918,-0.945916941712107,0.00279392774179546,0.0132351033913145,0.388346629451185,0.19565337026281,0.211654038102522,0.204345962183484,2,-5673.77991022164
"confounded_dense_n300_t03_r0016",TRUE,9,0.691068086069102,-0.960299887946054,0,0.0142830362901205,0.403062854015798,0.204937137178861,0.188121187711895,0.203878821093445,2,-5746.33709358669
"binary_dense_n300_t03_r0016",TRUE,10,0.68074377559532,-0.943353479099116,0.000970194930391892,0.0138366270287235,0.364819430250055,0.195057867869301,0.239610866372824,0.20051183550782,3,-6236.19755990467
"linear_sparse_n300_t01_r0017",TRUE,216,0.254483426027745,-0.56139428470037,0.0254463105566813,0.0120353553013423,0.856105454952483,0.0786183315539239,0.0268614508442903,0.0384147626493027,3,-4462.06789470549
"confounded_sparse_n300_t01_r0017",TRUE,12,0.456137634829703,-0.556153535612502,0,0.012547623820723,0.880672264087959,0.0442407290952871,0.0513314685490322,0.0237555382677216,1,-4488.28118632611
"binary_sparse_n300_t01_r0017",TRUE,273,0.184928949332722,-0.569569887469307,0.0302044100511821,0.00905120814942531,0.833803586488639,0.118417981561986,8.74147232732081e-05,0.0476910172261021,2,-5089.09663716318
"linear_dense_n300_t01_r0017",TRUE,55,0.36674819728228,-0.555497038903542,0.00975009558426912,0.0128249309923517,0.374818717987069,0.21453518836782,0.176830230581767,0.233815863063344,1,-5356.41502239439
"confounded_dense_n300_t01_r0017",TRUE,100,0.371513085422909,-0.553156742032624,0.0151200554541131,0.0141261139680139,0.414505293544182,0.193538732436115,0.191280771967199,0.200675202052504,2,-5450.60371420168
"binary_dense_n300_t01_r0017",TRUE,45,0.379018737319383,-0.560344084829402,0.00444553084843553,0.0108513473131544,0.392223822071903,0.21815901938909,0.182041695268809,0.207575463270198,1,-5819.1666178263
"linear_sparse_n300_t02_r0017",TRUE,148,0.264986890745251,-0.731771848442531,0.0475738868339856,0.0119149634358071,0.80451213671447,0.117486510927147,0.0504002644345513,0.0276010879238314,3,-4583.63588877707
"confounded_sparse_n300_t02_r0017",TRUE,86,0.425908747617197,-0.738017841854874,0.0360024188731493,0.0106822585218289,0.851343552319298,0.068656140648607,0.0494821454497098,0.030518161582385,3,-4516.27141821225
"binary_sparse_n300_t02_r0017",TRUE,15,0.559837097695982,-0.728556270200985,0,0.00406750814156077,0.880894463864643,0.0437050715855532,0.0537886732725857,0.0216117912772177,3,-5172.9503077903
"linear_dense_n300_t02_r0017",TRUE,13,0.536706566407581,-0.749993182627056,0,0.0121934844324733,0.392411843984255,0.208587209231443,0.214054055342226,0.184946891442077,3,-5491.67449808521
"confounded_dense_n300_t02_r0017",TRUE,17,0.53061009271192,-0.746033733235326,0.000300619134588455,0.0126355177146337,0.425911076533823,0.193087697528885,0.176816313023868,0.204184912913424,3,-5447.34141877652
"binary_dense_n300_t02_r0017",TRUE,34,0.506571815681103,-0.737897570885259,0.00550115650221958,0.0117418329136063,0.411020800638446,0.198606309027918,0.186577112427124,0.203795777906512,3,-6048.59973680721
"linear_sparse_n300_t03_r0017",TRUE,8,0.670655913806849,-0.946127792571919,0,0.0155585040199248,0.885472386479142,0.0445276123808432,0.0594667473268647,0.0105332538131497,3,-4505.62098683024
"confounded_sparse_n300_t03_r0017",TRUE,53,0.561517744621212,-0.940638684426953,0.0393189210981887,0.0112723618577029,0.876485193555859,0.0585148064253115,0.0441843655398296,0.0208156344790004,3,-4516.55503019026
"binary_sparse_n300_t03_r0017",TRUE,6,0.671951230910438,-0.904196282871182,0.00581940323359831,0.00931125186871657,0.881475035613706,0.0457511933272208,0.0508886478282344,0.0218851232308391,2,-5128.67947386872
"linear_dense_n300_t03_r0017",TRUE,21,0.660348277430649,-0.951679177031893,0.00936259796554961,0.0120796026371478,0.39060882442758,0.199391175303932,0.184869562277413,0.225130437991075,2,-5659.5842216228
"confounded_dense_n300_t03_r0017",TRUE,10,0.673007603577358,-0.956749902912153,0,0.0110047060257888,0.413099627215611,0.194900372766307,0.193395035247957,0.198604964770126,1,-5593.57062546364
"binary_dense_n300_t03_r0017",TRUE,18,0.633420229884294,-0.947015762262286,0.00981365088434719,0.00833822762791832,0.412870231032604,0.209200269195133,0.166386809583814,0.211542690188449,2,-6113.74352587819
"linear_sparse_n300_t01_r0018",TRUE,19,0.405512663000572,-0.562756937400682,0,0.011415165700059,0.883804781618371,0.0491510092267954,0.0518363933896811,0.0152078157651527,1,-4411.2538662444
"confounded_sparse_n300_t01_r0018",TRUE,21,0.399950074521811,-0.538003490378491,0,0.011573635735426,0.879983234470838,0.0498590163181373,0.0491540732946821,0.0210036759163431,1,-4559.79869615487
"binary_sparse_n300_t01_r0018",TRUE,17,0.383617410934158,-0.594011691525008,0,0.0071743983368725,0.915523420174605,0.0330182289927625,0.0294392800761652,0.0220190707564669,1,-5008.37118445618
"linear_dense_n300_t01_r0018",TRUE,72,0.34455575437832,-0.5464961149451,0.0101456682046805,0.0128558371000613,0.388625069990419,0.232781257517712,0.151593917071513,0.226999755420356,3,-5292.29722098488
"confounded_dense_n300_t01_r0018",TRUE,62,0.350634397415825,-0.559570424243741,0.00502633276565421,0.0133599264965421,0.391399205449852,0.201554397311616,0.204564033690197,0.202482363548335,2,-5353.19974769307
"binary_dense_n300_t01_r0018",TRUE,66,0.377486631757502,-0.550664624532704,0.00711298364842125,0.0123111204582496,0.375579744268443,0.227379899622204,0.192916595701746,0.204123760407607,2,-5936.44192063248
"linear_sparse_n300_t02_r0018",TRUE,20,0.571549652445529,-0.757571797808705,0.00180726841578474,0.0103684206033777,0.872127028015657,0.0478729392927701,0.0661785965763121,0.013821436115261,1,-4541.05124895641
"confounded_sparse_n300_t02_r0018",TRUE,14,0.529293455658998,-0.731171502358638,0,0.014583999919557,0.878804000384508,0.0351502898348999,0.0619755476136293,0.0240701621669629,3,-4562.66224172729
"binary_sparse_n300_t02_r0018",TRUE,42,0.501220919328043,-0.722599425157984,0.0111047297450869,0.00858753727942327,0.884627819962647,0.0480375271064244,0.0467176332279088,0.0206170197030193,1,-5170.4038985698
"linear_dense_n300_t02_r0018",TRUE,31,0.509780222730766,-0.745751809363343,0.00982051128103231,0.0139092853570987,0.404286790242519,0.212712262008168,0.185759449734073,0.19724149801524,1,-5492.10877657464
"confounded_dense_n300_t02_r0018",TRUE,22,0.540012940468969,-0.755120246420991,0.000736128147868809,0.013352314373529,0.380271708289774,0.208722680795607,0.208145702618533,0.202859908296086,1,-5619.40665260279
"binary_dense_n300_t02_r0018",TRUE,24,0.544837842966731,-0.748145274981004,0.0116854022961987,0.00998579593952824,0.402469351779948,0.194160583919295,0.195935145562327,0.20743491873843,1,-6065.44884206829
"linear_sparse_n300_t03_r0018",TRUE,23,0.666262224770275,-0.97006388684982,0.0205560411514813,0.0118974091385779,0.890404070408209,0.0515959295896237,0.0412312822041441,0.0167687177980228,3,-4488.1248710338
"confounded_sparse_n300_t03_r0018",TRUE,6,0.686482168499003,-0.948675968384282,0,0.0118594050727892,0.891201746926775,0.040798252762197,0.0488016618310774,0.0191983384799501,2,-4385.08067845085
"binary_sparse_n300_t03_r0018",TRUE,21,0.649081333523598,-0.911745160921071,0.0136551650118051,0.0104251291823466,0.888012544639021,0.0489752472862123,0.0403310276868587,0.0226811803879084,1,-5240.32353545679
"linear_dense_n300_t03_r0018",TRUE,22,0.675986540655313,-0.9448165307755,0.00758856948446685,0.0134125719456718,0.411870980003335,0.199129019172228,0.183295061542139,0.205704939282299,3,-5727.8032648389
"confounded_dense_n300_t03_r0018",TRUE,19,0.671610294441052,-0.956120876499623,0.00980269559692914,0.0125247980280289,0.399168206977639,0.214831792146592,0.192853117752773,0.193146883122996,2,-5667.95749795846
"binary_dense_n300_t03_r0018",TRUE,14,0.672729695790449,-0.936730497900885,0.00268281275210902,0.0142601488444735,0.378062399031731,0.188394969041368,0.21456093631213,0.21898169561477,2,-6279.26422138301
"linear_sparse_n300_t01_r0019",TRUE,19,0.463828414135439,-0.548558580384882,0,0.0118202630333822,0.885694277975088,0.030960071708007,0.0647184689045386,0.0186271814123663,3,-4429.34682003724
"confounded_sparse_n300_t01_r0019",TRUE,107,0.266347685783484,-0.540778479705128,0.0350119012890277,0.0126166694093263,0.88463314811142,0.0454564395795478,0.0291061155781991,0.0408042967308332,1,-4533.51561607126
"binary_sparse_n300_t01_r0019",TRUE,31,0.399303439223737,-0.509409511437444,0,0.0275354709133985,0.852043145478004,0.0692837102961623,0.0661516308102894,0.0125215134155442,1,-5218.98268083707
"linear_dense_n300_t01_r0019",TRUE,25,0.385661713887024,-0.54660581006098,0,0.0159589733687033,0.417511253013594,0.199006979818544,0.198754159300599,0.184727607867262,1,-5418.37622546991
"confounded_dense_n300_t01_r0019",TRUE,68,0.356225634665751,-0.540972393687731,0.00569695807795119,0.0140838192111646,0.382365036269471,0.220975606813874,0.168933238324046,0.227726118592609,2,-5381.20272996848
"binary_dense_n300_t01_r0019",TRUE,24,0.393772555673001,-0.53828913344761,0,0.0192045456116349,0.412297067039236,0.200215403663647,0.213647947864178,0.173839581432938,2,-5895.57126757481
"linear_sparse_n300_t02_r0019",TRUE,9,0.577896222683891,-0.772737127441399,0,0.00998964601894046,0.874895410310004,0.0511045344210113,0.0512682942442329,0.0227317610247513,2,-4492.05041500584
"confounded_sparse_n300_t02_r0019",TRUE,11,0.577071138287153,-0.777589411716,0,0.0202442216059719,0.886942953952663,0.0390492694199188,0.0515396236945302,0.0224681529328883,3,-4458.30865720595
"binary_sparse_n300_t02_r0019",TRUE,12,0.602082242734286,-0.721868952731956,0,0.00842106348214782,0.886941071571502,0.0463132834364558,0.0540928757887247,0.0126527692033174,3,-5171.79251967748
"linear_dense_n300_t02_r0019",TRUE,40,0.51024290682486,-0.735036571450123,0.00622825384117412,0.012879887027825,0.410863376569474,0.191127387284195,0.189352483421354,0.208656752724977,1,-5585.28906933565
"confounded_dense_n300_t02_r0019",TRUE,13,0.532245552228002,-0.756476211718933,0,0.0145084824934624,0.412539441254813,0.167454103017964,0.205194967786083,0.214811487941141,2,-5569.77562382939
"binary_dense_n300_t02_r0019",TRUE,27,0.518272405062788,-0.729764713874882,0.0155538009528712,0.0122404664759451,0.388916395599888,0.199225265872887,0.193680960599968,0.218177377927257,1,-6056.85657649927
"linear_sparse_n300_t03_r0019",TRUE,6,0.712282997119664,-0.931992900463273,0,0.017185051319199,0.889610367663485,0.0333894839846798,0.0571808467940093,0.019819301557826,1,-4550.10652737673
"confounded_sparse_n300_t03_r0019",TRUE,18,0.658249965719432,-0.97297852113109,0.00797303371734666,0.0117936703265238,0.872234969036569,0.058765030950274,0.043248548272763,0.0257514517403941,1,-4518.71575376792
"binary_sparse_n300_t03_r0019",TRUE,36,0.594476483840439,-0.966829554566661,0.0244594778569395,0.0185418947054584,0.878458875810313,0.0415071531911642,0.059544237362825,0.0204897336356976,1,-5253.42659045185
"linear_dense_n300_t03_r0019",TRUE,17,0.645479238580483,-0.937584725668468,0.0109319074006242,0.0120424768843642,0.414002535419862,0.186997436099926,0.191989623039182,0.20701040544103,3,-5584.2271638401
"confounded_dense_n300_t03_r0019",TRUE,8,0.682587943164558,-0.955575908950417,0,0.0149202945539639,0.410491348899434,0.200508646480325,0.194190754582251,0.194809250037989,1,-5552.54094782784
"binary_dense_n300_t03_r0019",TRUE,15,0.640251150613008,-0.946291160060812,0.00796591138461952,0.0145174225788872,0.359427979252196,0.226733237998461,0.192629140560507,0.221209642188836,2,-6236.78967930398
"linear_sparse_n300_t01_r0020",TRUE,11,0.364619564864329,-0.525243934980258,0,0.0132218841198006,0.860357461064792,0.0600080007018611,0.0494145762925786,0.0302199619407679,2,-4492.91798023031
"confounded_sparse_n300_t01_r0020",TRUE,14,0.365665225307684,-0.537756693119405,0.0155464638872419,0.0139783945250223,0.870452154361145,0.0536050158644155,0.0593556416435757,0.016587188130864,2,-4524.16254198619
"binary_sparse_n300_t01_r0020",TRUE,55,0.321780726508826,-0.591208471369637,0,0.0109017409651594,0.837066008258245,0.100868050986142,0.038885487423611,0.0231804533320021,3,-5252.47234124801
"linear_dense_n300_t01_r0020",TRUE,49,0.364174914919583,-0.550847365371664,0.00510567240218664,0.014096963599339,0.408251015803029,0.204435572848128,0.17944659028347,0.207866821065373,3,-5299.49045226582
"confounded_dense_n300_t01_r0020",TRUE,61,0.375888525469769,-0.538583690154935,0.00409024524856303,0.0143241788729498,0.394775277398197,0.197626173359323,0.177142824781375,0.230455724461105,3,-5429.29976533333
"binary_dense_n300_t01_r0020",TRUE,90,0.334276189916602,-0.570967852528758,0.0101123247526538,0.00700153482142497,0.34680116221146,0.252029168540728,0.159496932985193,0.241672736262619,3,-5811.09711830536
"linear_sparse_n300_t02_r0020",TRUE,55,0.460642539286106,-0.771795101711561,0.00864345427195208,0.0120089872296548,0.903590035653348,0.0284095816057008,0.0564130959496782,0.0115872867912733,3,-4468.73151534803
"confounded_sparse_n300_t02_r0020",TRUE,17,0.483620389000646,-0.769357567317715,0,0.0102844242259713,0.890104874601436,0.0368948735261177,0.0550921388410168,0.017908113031429,1,-4518.01143590772
"binary_sparse_n300_t02_r0020",TRUE,52,0.497193849729762,-0.716545663902061,0.016286960957028,0.0100223150728635,0.86619417922781,0.0675385263052243,0.0446814177258297,0.0215858767411357,3,-5166.35891696311
"linear_dense_n300_t02_r0020",TRUE,33,0.512147894481854,-0.749482706858865,0.00570018428366918,0.0137024601433415,0.423529425553906,0.213430103969183,0.179655052750855,0.183385417726056,1,-5513.37504188631
"confounded_dense_n300_t02_r0020",TRUE,17,0.517394073409661,-0.74444063055675,0.00365698745225841,0.0129023219745745,0.37889313040002,0.211105911568194,0.195454275476697,0.214546682555089,2,-5415.20659044577
"binary_dense_n300_t02_r0020",TRUE,21,0.525301937393288,-0.746110985770602,0.0021666014996603,0.0107476739818668,0.404708880748265,0.193161342375397,0.19770394079733,0.204425836079008,2,-6005.91490802871
"linear_sparse_n300_t03_r0020",TRUE,9,0.674706606195126,-0.943884406346575,0,0.0134620918201093,0.875058144441566,0.0519418553804666,0.0553949385696494,0.0176050616083177,1,-4582.02852095329
"confounded_sparse_n300_t03_r0020",TRUE,10,0.635902938363824,-0.975311195459362,0,0.0133272711431009,0.877456950764867,0.049543049218769,0.0467874390822736,0.02621256093409,2,-4633.13192387249
"binary_sparse_n300_t03_r0020",TRUE,14,0.676995807753093,-0.947789605699492,0,0.0201024203652511,0.871957546453825,0.0550516291512685,0.0525200451417818,0.0204707792531243,2,-5362.74470111256
"linear_dense_n300_t03_r0020",TRUE,15,0.682435302265303,-0.941406680260897,0.00527552203777488,0.0137497680524167,0.387351163070697,0.217648836061884,0.191188994142241,0.203811006725178,2,-5656.45921636793
"confounded_dense_n300_t03_r0020",TRUE,16,0.649132672435701,-0.955482813898636,0.0134583782069552,0.0137804357653993,0.403584706351773,0.1904152932967,0.185102070290896,0.220897930060631,2,-5631.4502183127
"binary_dense_n300_t03_r0020",TRUE,16,0.661906127293037,-0.947483053080793,0.00372770731572305,0.00938771471913092,0.40418928220479,0.202618627248191,0.218085234833834,0.175106855713185,2,-6173.177338717
"linear_sparse_n300_t01_r0021",TRUE,15,0.347705597975276,-0.526177421081487,0.00172108333556337,0.00894908290826959,0.879532265490523,0.0633847957073461,0.0304450775588939,0.0266378612432367,2,-4412.24030593451
"confounded_sparse_n300_t01_r0021",TRUE,275,0.189302880753698,-0.510550715921415,0.0533048408409487,0.013951487967841,0.8226300719256,0.10824932110373,0.0265221607363552,0.0425984462343155,1,-4416.13461977135
"binary_sparse_n300_t01_r0021",TRUE,16,0.417478104480354,-0.58369367739298,0,4.11325329301549e-05,0.889303310078972,0.0437466709174207,0.0512766926143482,0.0156733263892587,1,-5103.20579957336
"linear_dense_n300_t01_r0021",TRUE,29,0.396732267002105,-0.567677546264827,0.000126040053266372,0.0131716708699124,0.392587639519344,0.196059605288182,0.19733099096925,0.214021764223224,1,-5447.36530978763
"confounded_dense_n300_t01_r0021",TRUE,26,0.390114835615975,-0.558970137876253,0,0.0158934301417366,0.413602318333186,0.185107763570858,0.183953587677143,0.217336330418814,3,-5444.82833337142
"binary_dense_n300_t01_r0021",TRUE,77,0.339719657178871,-0.544317768167,0.00776245900433744,0.0133702040320573,0.376800166634403,0.214550182515826,0.176599942746456,0.232049708103316,3,-5857.15088007108
"linear_sparse_n300_t02_r0021",TRUE,16,0.509728741787842,-0.757432635593228,0,0.021544364783971,0.892065445584988,0.0439219332961545,0.0411341520388385,0.0228784690800187,2,-4450.56342578448
"confounded_sparse_n300_t02_r0021",TRUE,35,0.506914082825678,-0.737107491482798,0.00467746780264229,0.00735845126858387,0.904784491553909,0.0432154993767358,0.0329980774704794,0.0190019315988762,1,-4460.5158021896
"binary_sparse_n300_t02_r0021",TRUE,16,0.533418898218884,-0.788204110918105,0,0.00767528970487468,0.883097869118727,0.0575664433989178,0.0484102852613504,0.0109254022210052,1,-5186.91348361648
"linear_dense_n300_t02_r0021",TRUE,14,0.54995827529342,-0.744857786854318,0,0.0121781404974456,0.409976956634014,0.192020996429801,0.203424484819631,0.194577562116554,2,-5558.58912306575
"confounded_dense_n300_t02_r0021",TRUE,45,0.502406010495536,-0.751534385915132,0.00823294690884169,0.0153776461107395,0.410846913070718,0.187115674995114,0.19672298855755,0.205314423376619,3,-5584.73816956032
"binary_dense_n300_t02_r0021",TRUE,27,0.501317312839093,-0.744060968302031,0.00743054020452346,0.0168763304237176,0.405970505517315,0.199134145701964,0.185040870604885,0.209854478175836,2,-6025.76330958718
"linear_sparse_n300_t03_r0021",TRUE,41,0.615341966741433,-0.943988024001801,0.0350242282519552,0.0151799851340143,0.859943694975828,0.0660563044037496,0.0472908510549565,0.0267091495654661,2,-4557.5817985462
"confounded_sparse_n300_t03_r0021",TRUE,28,0.684172819059375,-0.94644978909004,0.0116260845077465,0.0164251364541547,0.871170504898442,0.0658294916400629,0.0467442496604622,0.0162557538010332,3,-4629.6365287827
"binary_sparse_n300_t03_r0021",TRUE,9,0.657875853185205,-0.917160990269321,0,0.00321308865432005,0.868100611637686,0.0568249215806099,0.0566847207341469,0.0183897460475574,3,-5203.69737601025
"linear_dense_n300_t03_r0021",TRUE,12,0.683801442980415,-0.949615473838302,0.0041268354764846,0.0129567688881658,0.409467957938025,0.191532002731446,0.192734997193467,0.206265042137063,1,-5580.2404418595
"confounded_dense_n300_t03_r0021",TRUE,14,0.65625186180308,-0.959670961847442,0.00745215677580984,0.0125912854912919,0.379985946717076,0.210014053199639,0.203246896250967,0.206753103832318,2,-5538.31532518232
"binary_dense_n300_t03_r0021",TRUE,19,0.670080735661409,-0.944580312653329,0.00360114328671681,0.0152995381030271,0.420518507665634,0.176658154259237,0.213096007247895,0.189727330827233,2,-6207.8185121349
"linear_sparse_n300_t01_r0022",TRUE,14,0.33732439034491,-0.565831425218984,0,0.0184205337263014,0.834682376565233,0.0876062644539573,0.0490133056212637,0.0286980533595455,2,-4673.159483431
"confounded_sparse_n300_t01_r0022",TRUE,26,0.400686171199941,-0.53735135438425,0,0.0163676196771975,0.874001886806622,0.0601051119253451,0.0457298906830599,0.0201631105849731,1,-4438.73083652595
"binary_sparse_n300_t01_r0022",TRUE,33,0.328151975040126,-0.560668870579264,0,0,0.849817257089466,0.0821582368145864,0.0508748177175337,0.0171496883784144,1,-5110.56172366685
"linear_dense_n300_t01_r0022",TRUE,71,0.344746717810676,-0.540402709729204,0.00668729432241729,0.0128142106468861,0.343481051654828,0.248060809599322,0.19424961988514,0.21420851886071,3,-5382.8726199351
"confounded_dense_n300_t01_r0022",TRUE,20,0.386643259376297,-0.548116260429304,0,0.0126662239720528,0.385122869074071,0.191488273851843,0.204966174848052,0.218422682226034,2,-5370.03753893137
"binary_dense_n300_t01_r0022",TRUE,69,0.369256455595145,-0.548889912802908,0.00789712437628896,0.0135502680501603,0.337761109877578,0.256280752293077,0.191555210227432,0.214402927601912,3,-5927.34690132688
"linear_sparse_n300_t02_r0022",TRUE,15,0.53773503543101,-0.764838903361323,0,0.010010884922934,0.889325696580758,0.0476742712903105,0.0445620755192998,0.0184379566096314,3,-4413.7340401972
"confounded_sparse_n300_t02_r0022",TRUE,17,0.531515132773859,-0.754787305431951,0,0.0200881804022114,0.881134945159641,0.0488561435008957,0.0459195319730215,0.0240893793664416,3,-4571.27242430198
"binary_sparse_n300_t02_r0022",TRUE,173,0.330254517069176,-0.746735893831375,0.0272389488983673,0.0127649530809839,0.833833904657584,0.0999443642541748,0.0379615089815734,0.0282602221066677,1,-5358.20741132603
"linear_dense_n300_t02_r0022",TRUE,28,0.517127321858321,-0.748747713277881,0.00234151866429528,0.0109067221200543,0.388965051623301,0.209034233240942,0.20958603405747,0.192414681078287,3,-5534.61852568081
"confounded_dense_n300_t02_r0022",TRUE,20,0.525579082126281,-0.750890252806305,0.0020999350312175,0.0126937101738842,0.380337961298192,0.207615927844264,0.215115162043423,0.196930948814121,2,-5465.76226492776
"binary_dense_n300_t02_r0022",TRUE,12,0.544158549379786,-0.739134625348296,0,0.0163619258860692,0.403008362117206,0.19682935530067,0.196946053749723,0.203216228832401,2,-6120.22877258568
"linear_sparse_n300_t03_r0022",TRUE,11,0.642951105454553,-0.959970887593793,0,0.0081682793514033,0.884695851875328,0.0623041481246159,0.0368268761053832,0.0161731238946732,1,-4617.2480788683
"confounded_sparse_n300_t03_r0022",TRUE,22,0.659049107653943,-0.951256279700062,0.00707794769332802,0.0141747407074913,0.870054427117285,0.0489455712925302,0.0601487916219211,0.0208512099682637,3,-4526.30334822021
"binary_sparse_n300_t03_r0022",TRUE,8,0.668871631985042,-0.958934572425137,0,0.0216916095434614,0.893579043553021,0.0513976523665558,0.0377512844467662,0.0172720196336573,2,-5125.28671424817
"linear_dense_n300_t03_r0022",TRUE,14,0.669098212205246,-0.943529600646679,0.00804005195113658,0.0129946840053922,0.38493497325637,0.226065025870294,0.18164941382593,0.207350587047406,1,-5592.12294428725
"confounded_dense_n300_t03_r0022",TRUE,8,0.658628317580371,-0.949893343222782,0,0.0134413975204017,0.429208386657901,0.181791612934662,0.190033320214717,0.19896668019272,3,-5575.89432201556
"binary_dense_n300_t03_r0022",TRUE,20,0.646597396221767,-0.954580712591454,0.00429588195033884,0.0195805069185207,0.40611524460824,0.206179786546007,0.203465480882277,0.184239487963476,3,-6253.74399017375
"linear_sparse_n300_t01_r0023",TRUE,23,0.413002904372048,-0.578562716424572,0,0.0110056161432064,0.861088367114277,0.0658655432888069,0.0415937543467672,0.0314523352501488,3,-4498.28406316661
"confounded_sparse_n300_t01_r0023",TRUE,225,0.121489301553527,-0.551109732379651,0.0515731216784453,0.0124766243461143,0.78620657171147,0.143543523687331,0.042612614082527,0.0276372905186719,3,-4557.96987700831
"binary_sparse_n300_t01_r0023",TRUE,29,0.406428774169172,-0.562027951258931,0,0.00900288998617224,0.87509767441778,0.0467035011019169,0.0507291010531119,0.027469723427191,3,-5129.40321721389
"linear_dense_n300_t01_r0023",TRUE,24,0.384298919656805,-0.539900136172315,0,0.0156654825205044,0.379385133198969,0.222763771103141,0.223197879462841,0.174653216235048,2,-5399.86145362071
"confounded_dense_n300_t01_r0023",TRUE,51,0.39496778531836,-0.547575899008724,0.00638129113348334,0.0129711427716276,0.408675717069336,0.216337341869036,0.19860539174198,0.176381549319648,2,-5336.13756403498
"binary_dense_n300_t01_r0023",TRUE,24,0.363089479965375,-0.562013688430047,0,0.009906567607948,0.386567812805106,0.215996657917587,0.188659849729069,0.208775679548239,1,-5796.44797898813
"linear_sparse_n300_t02_r0023",TRUE,31,0.570041455018875,-0.727204164304546,0.00138571002810387,0.0157592988726812,0.876493463583495,0.0565032314059392,0.0450259643077827,0.0219773407027834,3,-4648.6318925928
"confounded_sparse_n300_t02_r0023",TRUE,37,0.467347518350377,-0.722320595540342,0.00838087417212221,0.00894234228276096,0.866891286352767,0.0641085625257833,0.0511750791057202,0.0178250720157292,2,-4428.1923544089
"binary_sparse_n300_t02_r0023",TRUE,11,0.506478604354272,-0.747526734906086,0,0.0171627767945036,0.890008457565978,0.0462060984876049,0.0441522578782048,0.0196331860682121,1,-5066.48017834266
"linear_dense_n300_t02_r0023",TRUE,34,0.512603412031538,-0.758677164675496,0.00771697764468159,0.0128582018148683,0.396599464411167,0.234399666483128,0.192387575549781,0.176613293555924,3,-5455.34599377927
"confounded_dense_n300_t02_r0023",TRUE,29,0.531528528724229,-0.750051633305244,0.00809386904708106,0.0145491646621085,0.406614390379487,0.194437014603399,0.221722376130843,0.17722621888627,2,-5568.12873337604
"binary_dense_n300_t02_r0023",TRUE,28,0.50574674701622,-0.754651423673532,0.00678715964449104,0.0154361253553536,0.420904053806387,0.193204186903933,0.2035966767357,0.18229508255398,2,-6004.62818146179
"linear_sparse_n300_t03_r0023",TRUE,69,0.53441334594612,-0.95612424381944,0.0383101403591551,0.0106957549721532,0.868319152395975,0.0586808470382786,0.0413126143952479,0.031687386170498,1,-4577.48318139049
"confounded_sparse_n300_t03_r0023",TRUE,24,0.60933753980257,-0.964694891401105,0.0261712554425206,0.00960075704181189,0.874995909797904,0.057004090200144,0.0424019266161664,0.0255980733857856,1,-4499.67742497505
"binary_sparse_n300_t03_r0023",TRUE,9,0.633311215067214,-0.935010988294907,0,0.0297853768588132,0.881098265216668,0.0506779504303279,0.0497818831167833,0.0184419012362209,1,-5219.07008860708
"linear_dense_n300_t03_r0023",TRUE,13,0.657474338756709,-0.935749066855001,0.00622385689101825,0.0150573221258182,0.389853388731378,0.185146577054437,0.215478084817312,0.209521949396872,2,-5618.07291822304
"confounded_dense_n300_t03_r0023",TRUE,13,0.68950770713822,-0.943947073944718,0.00328775398094931,0.0134881114668183,0.398876505872344,0.186123488620952,0.219008004878217,0.195992000628487,2,-5570.53960470207
"binary_dense_n300_t03_r0023",TRUE,13,0.679939633319568,-0.949260454347376,0.00140655257405935,0.0118999590091168,0.403822789257011,0.211195702117275,0.198984867455668,0.185996641170046,2,-6151.86027497879
"linear_sparse_n300_t01_r0024",TRUE,156,0.467927889876135,-0.581064953308146,0,0.0166093125701276,0.906024689021675,0.016852591120733,0.0676033438433829,0.00951937601420939,1,-4403.8245990466
"confounded_sparse_n300_t01_r0024",TRUE,31,0.38657166222318,-0.528546092485844,0,0.0160408971872869,0.882738668456571,0.057449429110672,0.0496801213894899,0.0101317810432671,2,-4408.89876112834
"binary_sparse_n300_t01_r0024",TRUE,51,0.365466040861189,-0.568640648211196,0.00762176919187212,0.0183875236574971,0.888882243867729,0.0357403970713379,0.0404762431731443,0.0349011158877891,1,-5231.81503489707
"linear_dense_n300_t01_r0024",TRUE,43,0.378547000655213,-0.551677190203912,0.00556849812452794,0.0120479467504553,0.416294482600239,0.206347786446014,0.203568620561564,0.173789110392183,2,-5225.01022788304
"confounded_dense_n300_t01_r0024",TRUE,32,0.39951127142776,-0.552851522890325,0.00173060528547732,0.0135381733470978,0.437989671052017,0.170106926102491,0.197253181755913,0.194650221089578,2,-5323.05702583102
"binary_dense_n300_t01_r0024",TRUE,42,0.400997451954131,-0.55611370369538,0.00419570732074777,0.016355965614497,0.396165999338727,0.205233833101022,0.201381947228265,0.197218220331986,1,-5920.15514967299
"linear_sparse_n300_t02_r0024",TRUE,65,0.503338157497508,-0.720771539843584,0.0234295543649766,0.0153624768232658,0.883773820943978,0.0492240553378153,0.0470105215429445,0.0199916021752624,3,-4415.01867207027
"confounded_sparse_n300_t02_r0024",TRUE,14,0.489517366989025,-0.737664941982708,0.0076948707314335,0.0143096909016794,0.873982372370558,0.04700258249531,0.0472950067741583,0.031720038359974,2,-4528.20990615825
"binary_sparse_n300_t02_r0024",TRUE,91,0.447121181148908,-0.778954978352065,0.0384024696687001,0.0133389688916609,0.880446017829496,0.0517275895561796,0.0520492107453089,0.0157771818690156,1,-5199.362352773
"linear_dense_n300_t02_r0024",TRUE,15,0.526695125023633,-0.745735717320879,0.000273123127147783,0.013332669817019,0.384400279577873,0.20456529148792,0.212204307611248,0.198830121322959,3,-5468.39578143063
"confounded_dense_n300_t02_r0024",TRUE,24,0.518683361802032,-0.756790669037156,0.00276665999088327,0.0126813351778432,0.389746692229463,0.207252534200135,0.216626130791479,0.186374642778923,1,-5534.36820536393
"binary_dense_n300_t02_r0024",TRUE,20,0.508373165844883,-0.752240833835705,0.00215085638027131,0.0133032347523905,0.370147505648565,0.203175957977579,0.205818282803572,0.220858253570283,2,-6003.40266445286
"linear_sparse_n300_t03_r0024",TRUE,26,0.636517102137157,-0.942682935426176,0.0124589824484726,0.0106905686265688,0.856370195915607,0.0596298040481975,0.0585922337428723,0.0254077662933235,1,-4541.07353397527
"confounded_sparse_n300_t03_r0024",TRUE,35,0.647859288234905,-0.945691845525965,0.00619503141857628,0.0107926995875196,0.867237584989374,0.0657624149999321,0.0492812378364679,0.0177187621742256,3,-4637.29877461582
"binary_sparse_n300_t03_r0024",TRUE,17,0.652203525881799,-0.916886105292932,0.00387084252041848,0.00383389256630209,0.866866320993522,0.056133709604879,0.0612514416385385,0.0157485277630601,3,-5166.33621333753
"linear_dense_n300_t03_r0024",TRUE,14,0.657449642253745,-0.952404889511802,0.00526187664430246,0.0104596932481244,0.392834590133287,0.19416540985127,0.202739096977715,0.210260903037729,2,-5545.5842615764
"confounded_dense_n300_t03_r0024",TRUE,14,0.682688559073237,-0.952540784667636,0.00300346382889664,0.0127934258465064,0.40188585307162,0.209114146772081,0.188988056363203,0.200011943793096,2,-5599.94432561469
"binary_dense_n300_t03_r0024",TRUE,17,0.664357059305253,-0.961959135266056,0.00798318831335519,0.0101107702521295,0.400131488774957,0.216745764730596,0.194273884450473,0.188848862043974,1,-6190.16574682851
"linear_sparse_n300_t01_r0025",TRUE,30,0.25487863084045,-0.542113156576683,0,0.0155256153700366,0.862825928759243,0.070507091628826,0.0418151376094223,0.0248518420025084,2,-4524.91747531998
"confounded_sparse_n300_t01_r0025",TRUE,12,0.39417183852392,-0.568403553589808,0.00617834733333466,0.00836123171309958,0.865125824990117,0.0731162889006936,0.0482874575449777,0.0134704285642113,2,-4560.21176970966
"binary_sparse_n300_t01_r0025",TRUE,26,0.366087417969338,-0.530685278358,0,0.00489616073947963,0.879565353395145,0.0568684826918332,0.0380166086265907,0.0255495552864316,3,-5032.42229842761
"linear_dense_n300_t01_r0025",TRUE,49,0.364598401742203,-0.545330830675679,0.00766997800758886,0.0118080988157192,0.394530183504244,0.217562071370809,0.188911363991592,0.198996381133355,1,-5243.99772919909
"confounded_dense_n300_t01_r0025",TRUE,25,0.38358028156342,-0.550808494999622,0,0.0142440622309801,0.439374074232353,0.177954760154499,0.20024941487271,0.182421750740439,1,-5382.08455853151
"binary_dense_n300_t01_r0025",TRUE,26,0.376943723563507,-0.554463307445543,0,0.00970095839388967,0.397437464331318,0.203178486372397,0.191040899758266,0.208343149538018,2,-5855.47215365971
"linear_sparse_n300_t02_r0025",TRUE,46,0.496294957022848,-0.762037422741653,0.0151648220737996,0.011352140242775,0.855972877380935,0.0620270774858179,0.0579357803216728,0.0240642648115743,1,-4417.29799057082
"confounded_sparse_n300_t02_r0025",TRUE,45,0.500747258857303,-0.729989552855418,0.00666710678512888,0.015565100558525,0.878415206488807,0.0585747082399298,0.0334724892790428,0.0295375959922202,1,-4544.6260597647
"binary_sparse_n300_t02_r0025",TRUE,12,0.486432127856698,-0.723215090507265,0.00402112137116455,0.0149744623453352,0.867810484308444,0.057345364379028,0.0480318624493113,0.0268122888632163,2,-5328.95238895
"linear_dense_n300_t02_r0025",TRUE,15,0.521152622581588,-0.752360489422959,0.000867975950199159,0.0119512532829548,0.416760952105814,0.183231098984329,0.188971767687445,0.211036181222413,2,-5408.19293933084
"confounded_dense_n300_t02_r0025",TRUE,11,0.555413694484353,-0.748212090272945,0,0.0121643744643826,0.409771967845796,0.187216139947532,0.193661362942213,0.209350529264458,2,-5532.27305219975
"binary_dense_n300_t02_r0025",TRUE,52,0.489927918842765,-0.751390668149014,0.018525166983999,0.015441521019937,0.400059187451302,0.196551054383187,0.172368320307943,0.231021437857568,2,-6222.93357403162
"linear_sparse_n300_t03_r0025",TRUE,17,0.633717979030761,-0.962683871143842,0.0131498310525091,0.0090986046506437,0.89842877206277,0.0315712279351876,0.0466850780839683,0.0233149219180742,2,-4422.67598659209
"confounded_sparse_n300_t03_r0025",TRUE,9,0.656739614617603,-0.945745912617941,0,0.0121675817983303,0.86033326699925,0.0596667329750983,0.0588429471549183,0.0211570528707339,3,-4501.24189939273
"binary_sparse_n300_t03_r0025",TRUE,10,0.689058738150483,-0.897791013765582,0,0.0183315999559558,0.882934083867263,0.0440166596656072,0.0499291056303732,0.0231201508367565,3,-5219.84492269238
"linear_dense_n300_t03_r0025",TRUE,7,0.663066489650672,-0.943022049864423,0,0.0147011358607995,0.396564145878715,0.172435780656209,0.221261983658957,0.209738089806119,2,-5593.45491881053
"confounded_dense_n300_t03_r0025",TRUE,12,0.663105040783045,-0.946509147055808,0.00872912540379731,0.011286995342343,0.375551347337144,0.212448652596412,0.205036195871844,0.2069638041946,2,-5520.83948514673
"binary_dense_n300_t03_r0025",TRUE,18,0.667418078491396,-0.954524008344058,0.00817382353266541,0.0148247495717054,0.406903410922724,0.178279114377516,0.196566770884076,0.218250703815684,2,-6215.03573060663
"linear_sparse_n300_t01_r0026",TRUE,19,0.418224894779544,-0.556405465053535,0,0.00819425720365899,0.896996839299477,0.0339844828336947,0.0432093066221988,0.0258093712446295,2,-4321.05857193287
"confounded_sparse_n300_t01_r0026",TRUE,28,0.42178436729932,-0.565837456063463,0,0.00777700894684369,0.889357599424196,0.0413503976280699,0.0546464971207532,0.0146455058269806,2,-4469.87000541028
"binary_sparse_n300_t01_r0026",TRUE,41,0.433611655727767,-0.600497331562827,0.000948771091683354,0.000896022072845917,0.897618567853475,0.0487140580858789,0.0316255066320437,0.0220418674286022,3,-5126.32725243025
"linear_dense_n300_t01_r0026",TRUE,98,0.353384669226079,-0.550471127296887,0.0127424915585499,0.0131523243315391,0.364187605327992,0.235624779842159,0.166011120033271,0.234176494796578,1,-5463.44110509169
"confounded_dense_n300_t01_r0026",TRUE,42,0.383455544477418,-0.567914343259,0.00507380115057287,0.0125328625127393,0.396575806377149,0.227656364927622,0.196045921196186,0.179721907499043,1,-5240.14635877361
"binary_dense_n300_t01_r0026",TRUE,94,0.35510046568155,-0.527346582842637,0.01035224673646,0.012038959974043,0.385518036605823,0.219186839694827,0.183162882740564,0.212132240958786,1,-5895.59543088746
"linear_sparse_n300_t02_r0026",TRUE,11,0.524529266522112,-0.735954708565993,0,0.0128377891775822,0.867341233177871,0.0556584820360013,0.0564440097424821,0.0205562750436457,2,-4515.41088155981
"confounded_sparse_n300_t02_r0026",TRUE,55,0.407198268385507,-0.776274814018027,0.0192533385213302,0.0116741815851741,0.870273115649753,0.0637266301741348,0.0298923464736969,0.0361079077024152,2,-4457.2668869068
"binary_sparse_n300_t02_r0026",TRUE,13,0.524956416902483,-0.723895665661308,0,0.0126612105439758,0.876403271140971,0.0600545814308043,0.0401517822554062,0.023390365172818,3,-5173.23491856918
"linear_dense_n300_t02_r0026",TRUE,23,0.511890556079593,-0.750829415731058,0.00230046371542167,0.0141433614184019,0.42414796749023,0.16785065058536,0.195574890858958,0.212426491065452,3,-5444.20627316285
"confounded_dense_n300_t02_r0026",TRUE,20,0.510559458906721,-0.763594956724386,0.0011509288988975,0.0134117446769802,0.411063542478544,0.207934211996477,0.192273093024658,0.188729152500321,2,-5470.79251295443
"binary_dense_n300_t02_r0026",TRUE,25,0.511162337180728,-0.752302029284269,0.00300729170021425,0.0143932761766075,0.376872907604759,0.230604934838218,0.188344156116089,0.204178001440933,2,-6086.74404185949
"linear_sparse_n300_t03_r0026",TRUE,32,0.630451611671029,-0.951462797279578,0.015569297811409,0.0148194309452356,0.881534347242817,0.0514656504429149,0.0422753975846574,0.0247246047296104,2,-4600.34101274809
"confounded_sparse_n300_t03_r0026",TRUE,20,0.671810852043279,-0.995109222825235,0.0063710469004385,0.0153407110936782,0.862911970004199,0.0690880286626639,0.045326353204438,0.0226736481286994,3,-4609.52425193027
"binary_sparse_n300_t03_r0026",TRUE,6,0.623160915450688,-0.930064461455173,0,0.0119600211455726,0.84548257734106,0.0623561213567512,0.0676191888886229,0.0245421124135656,2,-5400.37193538905
"linear_dense_n300_t03_r0026",TRUE,11,0.670039513151268,-0.950031624484711,0.00158279414248524,0.0129978656444549,0.409001849625502,0.180998149893826,0.184684297093583,0.225315703387089,2,-5494.14114624706
"confounded_dense_n300_t03_r0026",TRUE,10,0.669655546435662,-0.952112348640791,0.000751417524222653,0.0133675309620709,0.39383899671637,0.178161002348127,0.21174356455318,0.216256436382323,2,-5578.35764695438
"binary_dense_n300_t03_r0026",TRUE,16,0.66119335738768,-0.928196154906414,0.00628565649423084,0.0106933339342899,0.413919614101858,0.19629547790622,0.205098538729434,0.184686369262489,2,-6184.71908962443
"linear_sparse_n300_t01_r0027",TRUE,63,0.285754932405471,-0.533204513191376,0,0.00946793762289019,0.870260384736649,0.059645106908082,0.0443574477627987,0.0257370605924704,3,-4377.49693911829
"confounded_sparse_n300_t01_r0027",TRUE,141,0.274332930504929,-0.572489756034215,0.0368854530535708,0.00997818435590119,0.820988923504694,0.105016535556723,0.059300019184417,0.014694521754166,2,-4579.20234747072
"binary_sparse_n300_t01_r0027",TRUE,42,0.304578287328292,-0.597909555658718,0,0.00587877297402028,0.87334028654057,0.0691581845675914,0.0330537671390274,0.0244477617528111,1,-5086.60279330546
"linear_dense_n300_t01_r0027",TRUE,74,0.352672610153932,-0.548747917417176,0.0106147012015775,0.0144011960293515,0.390924140869699,0.212942823715762,0.191743479128282,0.204389556286257,2,-5365.77575785578
"confounded_dense_n300_t01_r0027",TRUE,28,0.368794900238834,-0.549908715426771,0,0.0123487233979605,0.383284937719512,0.238676246362887,0.18537050468737,0.192668311230231,1,-5347.87917499689
"binary_dense_n300_t01_r0027",TRUE,95,0.329460227106021,-0.549200858757375,0.013717953828588,0.013312503342889,0.351662781458492,0.250374053734383,0.154567996046794,0.24339516876033,3,-5804.87181816546
"linear_sparse_n300_t02_r0027",TRUE,35,0.50417932355014,-0.714581875240844,0.00253123728452371,0.0130503595617912,0.85733577323788,0.0686605935008316,0.05295555689403,0.0210480763672581,3,-4523.27949134228
"confounded_sparse_n300_t02_r0027",TRUE,7,0.614233829936415,-0.803769001008583,0,0.0171465913326912,0.910146994449646,0.0338521438333111,0.0383631794644058,0.0176376822526372,1,-4507.15319568737
"binary_sparse_n300_t02_r0027",TRUE,7,0.439276342106566,-0.75416151276827,0,0.00922368476391573,0.860361711993466,0.064893468505844,0.0540914461384298,0.0206533733622603,2,-5150.1686281551
"linear_dense_n300_t02_r0027",TRUE,24,0.541241823907116,-0.744660546167929,0.00423616023079864,0.012366105880508,0.384312533853573,0.21168001187389,0.214978050288786,0.189029403983751,2,-5570.32398542367
"confounded_dense_n300_t02_r0027",TRUE,8,0.547057508639624,-0.748819838882226,0,0.0122548370900381,0.379212882571392,0.209786193988528,0.205706150237922,0.205294773202158,2,-5421.91585981216
"binary_dense_n300_t02_r0027",TRUE,19,0.52437099979844,-0.751527296084944,0.000881603198462437,0.010177246269782,0.426304974328241,0.210431291799433,0.18806504308728,0.175198690785045,1,-6004.2515559147
"linear_sparse_n300_t03_r0027",TRUE,26,0.655201466899266,-0.948643086823595,0.013214273255609,0.0117188460713026,0.881662073969289,0.056337915434248,0.0413271616663411,0.0206728489301219,2,-4667.96076916756
"confounded_sparse_n300_t03_r0027",TRUE,26,0.605986505524498,-0.964254023638175,0.0163243039536064,0.0111529246237536,0.873403295411111,0.0505967045881736,0.0450684910098605,0.0309315089908552,2,-4614.0546133232
"binary_sparse_n300_t03_r0027",TRUE,24,0.639621122134812,-0.917058748832155,0.0050466309140331,0.0177346856870928,0.865245497472136,0.0511367584061265,0.0551281027306567,0.0284896413910807,2,-5462.51004676276
"linear_dense_n300_t03_r0027",TRUE,13,0.677033172196046,-0.964981305108995,0.00336961288474715,0.0131857674337064,0.413073614440173,0.190926385349465,0.196538330711994,0.199461669498368,2,-5579.58638833486
"confounded_dense_n300_t03_r0027",TRUE,9,0.66827871465643,-0.950200041337229,0,0.0124015928174338,0.390340187048357,0.206659811590834,0.200059065922514,0.202940935438295,2,-5588.34010787999
"binary_dense_n300_t03_r0027",TRUE,16,0.647982030488203,-0.939205793375143,0.00279574758449683,0.015417706282363,0.386220849701587,0.195053169876658,0.215825941569523,0.202900038852232,2,-6222.20238137921
"linear_sparse_n300_t01_r0028",TRUE,82,0.279066420279589,-0.573032746049221,0.0327758363983269,0.0207301303926876,0.873619894717284,0.0576568861293293,0.0472835395098093,0.0214396796435771,2,-4481.80565756026
"confounded_sparse_n300_t01_r0028",TRUE,31,0.430081452137971,-0.538157388006567,0,0.0110741210700478,0.897879565852715,0.0359665653192611,0.0494753326945243,0.0166785361334997,2,-4382.50253592033
"binary_sparse_n300_t01_r0028",TRUE,29,0.395405126831103,-0.535543995724747,0,0.0186821937138411,0.868015853549118,0.0621807264538232,0.0494353591706601,0.0203680608263985,1,-5255.47683922379
"linear_dense_n300_t01_r0028",TRUE,25,0.414183447804253,-0.552561301677974,0,0.014001241565517,0.390254789919084,0.186893676155263,0.224859463310616,0.197992070615037,3,-5507.53690856512
"confounded_dense_n300_t01_r0028",TRUE,60,0.365288450463236,-0.557718538211789,0.0043450292741553,0.0131049508733783,0.389751371749816,0.223134150830819,0.206177148265597,0.180937329153769,3,-5335.13216950043
"binary_dense_n300_t01_r0028",TRUE,113,0.315493423190986,-0.548228012632219,0.0169582951701461,0.0168257955965869,0.33421963605945,0.260878249326767,0.172715791782957,0.232186322830827,3,-5801.33580322656
"linear_sparse_n300_t02_r0028",TRUE,73,0.498615539869258,-0.749491684311767,0.031719295436393,0.0118492593937024,0.863370775556457,0.0556291675440384,0.0572934846824759,0.0237065722170285,2,-4587.90194869784
"confounded_sparse_n300_t02_r0028",TRUE,19,0.537986218719852,-0.731963932707654,0.00205104239465704,0.00995944555623106,0.88270775913936,0.0542886256084725,0.045772375590014,0.0172312396621535,2,-4383.92279986205
"binary_sparse_n300_t02_r0028",TRUE,60,0.443371518779448,-0.755395481536804,0.0122255979680635,0.0180701782701611,0.856118015175743,0.0650312436725558,0.055240591554528,0.023610149597173,2,-5202.48549768718
"linear_dense_n300_t02_r0028",TRUE,25,0.506633064317484,-0.756404826184567,0.0102479262038722,0.0132268072186903,0.389057412229295,0.220875135956286,0.183946675909497,0.206120775904923,2,-5455.52003596034
"confounded_dense_n300_t02_r0028",TRUE,15,0.530227355756381,-0.756457266209998,0,0.0125487929227714,0.372504933333875,0.214485649050097,0.213034899273676,0.199974518342352,3,-5608.10845298164
"binary_dense_n300_t02_r0028",TRUE,32,0.525239748647365,-0.744981057656609,0.00387911074347866,0.0082745678682335,0.409032772591241,0.204184583870662,0.193096006465334,0.193686637072763,2,-6020.5240237446
"linear_sparse_n300_t03_r0028",TRUE,9,0.635679398698202,-0.955269651296345,0,0.0123725500965439,0.879526919069065,0.0524730808860274,0.0478473325145387,0.0201526675303693,2,-4620.79128957304
"confounded_sparse_n300_t03_r0028",TRUE,17,0.686429799971729,-0.931357506494574,0.00202570594723882,0.0119215506338757,0.895709951486341,0.0412900484470899,0.0490677724626293,0.0139322276039402,1,-4662.08299840372
"binary_sparse_n300_t03_r0028",TRUE,8,0.713886233271453,-0.965630001734503,0,0.012311545876527,0.881272391162426,0.0475478687036476,0.0542752646577381,0.0169044754761881,1,-5265.66963382908
"linear_dense_n300_t03_r0028",TRUE,15,0.665782209249262,-0.950486482038788,0.0102747227748112,0.013971458974375,0.418994304543486,0.190005691931049,0.200845866326174,0.190154137199291,2,-5581.45530436177
"confounded_dense_n300_t03_r0028",TRUE,14,0.659719616368147,-0.935494798368846,0.000725592047332991,0.0135548135066649,0.383750740353774,0.18524925685217,0.201235004345959,0.229764998448098,3,-5726.18229071969
"binary_dense_n300_t03_r0028",TRUE,16,0.652567567528934,-0.939159433684028,0.00593116659227758,0.00836592614137835,0.392684754885712,0.181297234678461,0.206607709257602,0.219410301178225,2,-6172.60576240044
"linear_sparse_n300_t01_r0029",TRUE,23,0.491235704993599,-0.54448589706166,0,0.0144837023647203,0.892984484623241,0.0468115471851567,0.0438157089465547,0.0163882592450475,2,-4475.06044984005
"confounded_sparse_n300_t01_r0029",TRUE,21,0.360585202223715,-0.569655259807955,0,0.0148736071349744,0.904034907034962,0.0454100488756695,0.0351427122929489,0.0154123317964191,1,-4316.48061754984
"binary_sparse_n300_t01_r0029",TRUE,22,0.385844473961055,-0.531857206477673,0.00476532450974234,0.014531329926721,0.873769602333623,0.0550120906288682,0.0515713441413103,0.019646962896198,2,-5114.48534524704
"linear_dense_n300_t01_r0029",TRUE,81,0.345641127011696,-0.54537323001119,0.0065908380209023,0.0148552471341824,0.377413106068525,0.230373510449567,0.189957735731242,0.202255647750665,3,-5404.0812532743
"confounded_dense_n300_t01_r0029",TRUE,70,0.359915534609498,-0.548219713648512,0.0108852805591002,0.011957956171438,0.350668577961845,0.232955656227216,0.194482030963042,0.221893734847898,1,-5431.91502133387
"binary_dense_n300_t01_r0029",TRUE,35,0.398013369831392,-0.537314932344946,0.0010543231262352,0.015473516683695,0.403920427609155,0.173535314821149,0.206829252684906,0.21571500488479,3,-5851.74266625417
"linear_sparse_n300_t02_r0029",TRUE,35,0.475976329943961,-0.75877030829198,0.00246188525310413,0.0158464583890392,0.874886845671579,0.0561113689951133,0.0473130924824844,0.0216886928508234,1,-4448.93156293085
"confounded_sparse_n300_t02_r0029",TRUE,17,0.490909942281621,-0.779734809646513,0,0.0125412319789039,0.87232530776451,0.0586745736874459,0.0511805866616951,0.0178195318863493,1,-4525.15958388172
"binary_sparse_n300_t02_r0029",TRUE,17,0.514554073277352,-0.768050886219246,0,0.0162715294152063,0.866280055457368,0.058687651819626,0.0539339309018783,0.0210983618211279,3,-5257.05815116635
"linear_dense_n300_t02_r0029",TRUE,23,0.515488787786483,-0.753981826873644,0.00336351901263411,0.0128193242647717,0.386717934435425,0.195279354043011,0.20824159422812,0.209761117293444,1,-5491.65675688287
"confounded_dense_n300_t02_r0029",TRUE,23,0.508647945212375,-0.749516628089015,0.00413273285281091,0.0143270662309362,0.356439204753591,0.213556980649129,0.210412863871791,0.21959095072549,1,-5528.66516395084
"binary_dense_n300_t02_r0029",TRUE,32,0.539469561928576,-0.735207491986213,0.0088190595546943,0.0131040048214062,0.41350289394935,0.187385737551696,0.201547639080193,0.197563729418761,2,-6092.86672776991
"linear_sparse_n300_t03_r0029",TRUE,31,0.59912593164502,-0.931111641902811,0.0137977260668138,0.00891619535688836,0.877186642792217,0.0538133572018504,0.039376925810525,0.0296230741954074,2,-4504.6969723151
"confounded_sparse_n300_t03_r0029",TRUE,18,0.627368611893239,-0.932735292369988,0.00174241312955971,0.0130912533930445,0.867668852291762,0.0573311388674355,0.0569954010904656,0.0180046077503367,3,-4629.95922767786
"binary_sparse_n300_t03_r0029",TRUE,24,0.600417726318379,-0.951457409750078,0.0109809658610373,0.0282096130742485,0.877357296576359,0.0437644959392286,0.061519442115098,0.017358765369314,3,-5241.9380044873
"linear_dense_n300_t03_r0029",TRUE,14,0.664880239182691,-0.957198786004622,0.00606248567605865,0.0159900036197633,0.385582170743717,0.202417798908413,0.201143240413534,0.210856789934336,2,-5645.56216833095
"confounded_dense_n300_t03_r0029",TRUE,19,0.642999408104991,-0.947158653748038,0.00348611803270451,0.0141136326716268,0.381620875132933,0.227379122685905,0.168217755451551,0.222782246729611,2,-5616.747696664
"binary_dense_n300_t03_r0029",TRUE,13,0.673228223226231,-0.961626329433976,0.00194217985387496,0.0138953201927167,0.394872298565787,0.188085404316778,0.239410158281451,0.177632138835983,2,-6187.93784213563
"linear_sparse_n300_t01_r0030",TRUE,81,0.452651086134207,-0.566090162667306,0,0.0177927156452219,0.91877104908909,0.027206806193046,0.046025488871025,0.00799665584683928,2,-4333.42151744523
"confounded_sparse_n300_t01_r0030",TRUE,16,0.530589784182632,-0.546173264102589,0,0.0119758549749563,0.887045763155391,0.0360653358028707,0.0550124821517952,0.0218764188899435,3,-4487.58651067423
"binary_sparse_n300_t01_r0030",TRUE,16,0.366425006450325,-0.588448675131169,0,0.00884287861107457,0.887982983849473,0.0416801748478773,0.0415955655902698,0.0287412757123793,1,-5052.11204371118
"linear_dense_n300_t01_r0030",TRUE,35,0.375349956928654,-0.553177228273572,0,0.0124677125592845,0.370187575539224,0.21242383028655,0.232440291745739,0.184948302428487,1,-5488.06550531013
"confounded_dense_n300_t01_r0030",TRUE,35,0.369146645467444,-0.557759664728099,0.00154000634198729,0.0146418237480136,0.412501772794518,0.207823228928226,0.179956799675064,0.199718198602192,3,-5273.98250731157
"binary_dense_n300_t01_r0030",TRUE,29,0.368932878348279,-0.5617058642311,0.000255113321285404,0.0115234914979653,0.380945958913414,0.225334968534453,0.179399496932535,0.214319575619599,2,-5826.95434396623
"linear_sparse_n300_t02_r0030",TRUE,22,0.516595645165463,-0.738406752744061,0,0.00988651136976276,0.873367821895869,0.0536321209273813,0.0541976033175566,0.0188024538591933,3,-4606.50973259177
"confounded_sparse_n300_t02_r0030",TRUE,27,0.568565223113053,-0.74280881232039,0,0.0119730733780147,0.874753986288986,0.0502458188800168,0.0493267369686756,0.0256734578623214,1,-4863.42632247696
"binary_sparse_n300_t02_r0030",TRUE,46,0.54272852810106,-0.732151073584989,0.0130452009022616,0.0125583282428193,0.86570175689239,0.0530630131164196,0.0514782687959433,0.0297569611952474,2,-5240.88421812352
"linear_dense_n300_t02_r0030",TRUE,13,0.497790909519772,-0.751018713025749,0,0.0106037052443055,0.40897206674607,0.182027619258064,0.198153647775813,0.210846666220053,1,-5447.8403769026
"confounded_dense_n300_t02_r0030",TRUE,28,0.518169615942974,-0.751080997877889,0.0122527550665441,0.0147125237829578,0.400943548811947,0.187025066123877,0.188592528867827,0.223438856196349,1,-5546.96334257855
"binary_dense_n300_t02_r0030",TRUE,22,0.5365313309931,-0.74192887850078,0.00361008523862023,0.0137020183360923,0.407340168654307,0.187604765311012,0.202014936732099,0.203040129302582,3,-6029.63850079444
"linear_sparse_n300_t03_r0030",TRUE,75,0.621481393207854,-0.938018134510048,0.0267610819149274,0.0126537878589741,0.864467421083048,0.0605325787899989,0.0544746389655276,0.0205253611614259,3,-4663.08393248897
"confounded_sparse_n300_t03_r0030",TRUE,9,0.684986646175055,-0.950152864026424,0,0.00855521058250249,0.888432136302735,0.0495678636969997,0.0448554799820734,0.017144520018192,2,-4560.84342856015
"binary_sparse_n300_t03_r0030",TRUE,12,0.64415447779428,-0.949003942169128,0,0.00634469317013765,0.873126794816502,0.0628660592850833,0.043271922965353,0.0207352229330613,3,-5295.89813873127
"linear_dense_n300_t03_r0030",TRUE,14,0.660458311196082,-0.956375969355159,0.00415374068542336,0.0118426582130106,0.415941246347289,0.216058753612541,0.19024039311205,0.177759606928119,3,-5526.23982591023
"confounded_dense_n300_t03_r0030",TRUE,18,0.641928253825719,-0.942403165840497,0.0124821375912279,0.0142990665262714,0.369951441514782,0.2360485581134,0.203566492221331,0.190433508150486,2,-5612.87370387636
"binary_dense_n300_t03_r0030",TRUE,18,0.668826846517484,-0.953224193681543,0.00768095631632087,0.0071100523544047,0.413212439563858,0.206825895908544,0.221634568249269,0.158327096278328,3,-6157.50146147907
"linear_sparse_n300_t01_r0031",TRUE,17,0.493715343132908,-0.558461894585942,0,0.014787306135515,0.91866623375089,0.0150268495994031,0.0533128096736684,0.0129941069760386,3,-4404.75681021654
"confounded_sparse_n300_t01_r0031",TRUE,10,0.442074005285133,-0.58064330734002,0.00496589138044281,0.0119832333538222,0.876411686549128,0.048443948382468,0.0499711592875536,0.0251732057808506,2,-4491.97986261077
"binary_sparse_n300_t01_r0031",TRUE,43,0.353721565885803,-0.571058688927208,0,0.000108588168542691,0.899674080809261,0.0370798327422909,0.0540269261569401,0.00921916029150802,3,-5011.07351218802
"linear_dense_n300_t01_r0031",TRUE,46,0.3831293219587,-0.541733715988575,0.00546546547788351,0.014751655354746,0.382925383720993,0.230761825853783,0.169011365210609,0.217301425214615,1,-5366.95935249565
"confounded_dense_n300_t01_r0031",TRUE,18,0.400450273424522,-0.538442690050746,0,0.0133283244646062,0.401876291080817,0.194963666099418,0.203481165025873,0.199678877793892,3,-5341.30274331255
"binary_dense_n300_t01_r0031",TRUE,38,0.442686357413036,-0.545940626902841,0.00276610142513428,0.0106255572718959,0.425465338359994,0.194054734601561,0.205499948027143,0.174979979011303,1,-5914.03790738826
"linear_sparse_n300_t02_r0031",TRUE,16,0.515901624614716,-0.745206538345929,0,0.00975872051310769,0.887653059398333,0.0463465364259671,0.0472573421335027,0.0187430620421967,2,-4445.46011370729
"confounded_sparse_n300_t02_r0031",TRUE,14,0.586208094582425,-0.737517001983071,0,0.0121182724462016,0.87170574650085,0.043294184922476,0.0615612293946419,0.0234388391820318,3,-4542.39914661929
"binary_sparse_n300_t02_r0031",TRUE,7,0.529419970728376,-0.764289868317699,0.000145282135597452,0.00406477491548188,0.885564257272717,0.0490732446258033,0.0458744911600516,0.019488006941428,2,-4999.29897728514
"linear_dense_n300_t02_r0031",TRUE,19,0.50461591628085,-0.754697737768509,0.00436722609191195,0.0134220223565092,0.414424715389091,0.181571077884292,0.197346342049141,0.206657864677477,2,-5463.92642203407
"confounded_dense_n300_t02_r0031",TRUE,22,0.536512180329431,-0.747061956022164,0.00134035931178317,0.0112003595475045,0.408335525241667,0.200663986700067,0.193920913795013,0.197079574263252,2,-5469.08950269796
"binary_dense_n300_t02_r0031",TRUE,32,0.519029933521094,-0.756163389322095,0.00693853199502751,0.0129768645045628,0.388674358363346,0.197219705215759,0.216286471058316,0.197819465362579,1,-6104.94200184686
"linear_sparse_n300_t03_r0031",TRUE,21,0.657513294541623,-0.973004855157625,0.0160784363585875,0.0157859227641876,0.879634736109469,0.0493652634848862,0.0452408913602808,0.0257591090453637,1,-4632.27563563027
"confounded_sparse_n300_t03_r0031",TRUE,5,0.682520301086357,-0.932980828101818,0,0.0121411108992059,0.866264756624999,0.0527352433190617,0.0531252575748207,0.0278747424811191,2,-4708.87111085313
"binary_sparse_n300_t03_r0031",TRUE,4,0.663178139969407,-0.998249921508359,0,0.014378697187876,0.896591742034323,0.0374114453382179,0.0460762639584899,0.0199205486689691,1,-5172.05218723402
"linear_dense_n300_t03_r0031",TRUE,11,0.655297556729467,-0.955047220467796,0.00121083556253489,0.0141787920865924,0.405097304125316,0.213902620581447,0.189249043027214,0.191751032266024,1,-5497.31031389305
"confounded_dense_n300_t03_r0031",TRUE,19,0.661097047503129,-0.945644825662704,0.00726707586832557,0.0146230089555753,0.386632942428967,0.233367037897537,0.192988656372289,0.187011363301208,2,-5642.57290607287
"binary_dense_n300_t03_r0031",TRUE,18,0.661907688131249,-0.93458207112806,0.0106774597813738,0.0115535727982831,0.383612785029529,0.208255780722988,0.205450274704625,0.202681159542857,2,-6254.79830395232
"linear_sparse_n300_t01_r0032",TRUE,141,0.319928365933048,-0.557618765302609,0.0138142152326424,0.0153128554526869,0.853439575608706,0.0691721957579702,0.0382452886793525,0.0391429399539712,3,-4461.75016910204
"confounded_sparse_n300_t01_r0032",TRUE,29,0.362051840753309,-0.54707724842495,0,0.0116657591714106,0.874119848770317,0.0570611440799669,0.0513076269501849,0.0175113801995314,1,-4456.91858790595
"binary_sparse_n300_t01_r0032",TRUE,130,0.155707866358709,-0.558247569449051,0.0788522477814945,0.005553810294688,0.838863441514704,0.0908492984933584,0.0440457644867578,0.0262414955051795,2,-5200.11389319229
"linear_dense_n300_t01_r0032",TRUE,65,0.380241863841271,-0.5529144330728,0.0150293720137799,0.0130018305364635,0.41182804111888,0.174774612573091,0.187641746750343,0.225755599557686,3,-5382.72891404989
"confounded_dense_n300_t01_r0032",TRUE,31,0.398725439089775,-0.549994592440202,0.000801480347974496,0.0126718804223363,0.417041382166901,0.196592688490388,0.191230695597174,0.195135233745537,1,-5298.5961039881
"binary_dense_n300_t01_r0032",TRUE,43,0.383439379926031,-0.553669049864529,0.0042521895992435,0.0141903676795335,0.379137382925355,0.242849873881382,0.177829276044151,0.200183467149112,3,-5823.19127013454
"linear_sparse_n300_t02_r0032",TRUE,23,0.518037341592262,-0.767769637589975,0.00130240091012869,0.0168388892037507,0.869325423490509,0.0496733338821511,0.0517224065160356,0.0292788361113046,2,-4663.43075519909
"confounded_sparse_n300_t02_r0032",TRUE,57,0.383559348056169,-0.757524659534193,0.00568800702067288,0.0133178900046744,0.842236305937298,0.089762198886153,0.0495152654334936,0.0184862297430551,2,-4605.18364475981
"binary_sparse_n300_t02_r0032",TRUE,7,0.48174366844458,-0.750252210119515,0,0.00747834787773806,0.848906491293168,0.0679848511729238,0.0558646988521314,0.0272439586817768,2,-5233.85974655791
"linear_dense_n300_t02_r0032",TRUE,29,0.531519587264532,-0.756320166285839,0.00772243036631323,0.0144665135504421,0.365238881645073,0.226760244226591,0.206790247175707,0.20121062695263,2,-5545.46431651044
"confounded_dense_n300_t02_r0032",TRUE,32,0.500898845874231,-0.749487615988124,0.00471324756117997,0.0120392554385585,0.372388633924419,0.21361001911141,0.182316101285357,0.231685245678814,2,-5556.17711606164
"binary_dense_n300_t02_r0032",TRUE,21,0.520959588169201,-0.751809498735959,0.00317373916834621,0.0124390216018332,0.374319180134242,0.240049359918777,0.170359528228848,0.215271931718133,3,-6025.66516432903
"linear_sparse_n300_t03_r0032",TRUE,6,0.721743202648248,-0.972470354941118,0,0.0143126110547678,0.898584623216792,0.0294153764839766,0.0559105762242479,0.0160894240749836,1,-4454.61828163386
"confounded_sparse_n300_t03_r0032",TRUE,28,0.627283738147692,-0.959647886564744,0.00942736505117908,0.013377221293267,0.849768914576631,0.0652310841715726,0.048216091037042,0.0367839102147543,3,-4647.70654110299
"binary_sparse_n300_t03_r0032",TRUE,38,0.580028609666901,-0.908125560139279,0.0255711390374918,0.0123832425725914,0.870060476444813,0.0575800317523745,0.0461166245865076,0.0262428672163053,3,-5158.58128192721
"linear_dense_n300_t03_r0032",TRUE,12,0.674442332518861,-0.954107534560189,0.00146744308490971,0.0138577170693555,0.392158140645276,0.197841858641891,0.195168976912729,0.214831023800104,2,-5610.49250917244
"confounded_dense_n300_t03_r0032",TRUE,14,0.681575866950948,-0.950720414078514,0.00214991364034759,0.0140973756933109,0.40521637192191,0.204783627633579,0.196203754798672,0.19379624564584,2,-5568.85044629216
"binary_dense_n300_t03_r0032",TRUE,13,0.647749773345303,-0.934928744916315,0.00162193883077529,0.00715560974313208,0.423999343766681,0.203791319787991,0.183547939939294,0.188661396506034,2,-6067.20562785846
"linear_sparse_n300_t01_r0033",TRUE,33,0.357182870712163,-0.531048308469349,0,0.0146568883504773,0.878034629839321,0.0577677173145605,0.0455474015840758,0.0186502512620428,2,-4436.18765789915
"confounded_sparse_n300_t01_r0033",TRUE,14,0.471244042333707,-0.558054707272678,0,0.00927709861965911,0.899471138022521,0.0245155464899492,0.0526562345448113,0.0233570809427184,3,-4468.85672972764
"binary_sparse_n300_t01_r0033",TRUE,21,0.463949598078236,-0.598120372818209,0,0.012025761307977,0.914527091988057,0.0342105572318899,0.0380423779365947,0.0132199728434586,3,-5105.95327070512
"linear_dense_n300_t01_r0033",TRUE,28,0.392709233503792,-0.545211879215682,0,0.0137382663147293,0.411975615394802,0.177905372980696,0.189331037460442,0.22078797416406,2,-5479.12510511984
"confounded_dense_n300_t01_r0033",TRUE,56,0.384089084993225,-0.55766410102363,0.00520252447393075,0.0128911353663424,0.407104430037921,0.164227521014903,0.214928789709193,0.213739259237982,3,-5411.22832473681
"binary_dense_n300_t01_r0033",TRUE,40,0.40888056826585,-0.560981261770885,0.00305375458110451,0.00767534873912699,0.366760897026692,0.233307666768185,0.191909051545362,0.208022384659761,2,-5889.21818285708
"linear_sparse_n300_t02_r0033",TRUE,18,0.585881724903889,-0.758525437094615,0.00139610506696017,0.0214310993999526,0.897060542705373,0.0359337792021955,0.0418391430565819,0.0251665350358498,3,-4432.9011847193
"confounded_sparse_n300_t02_r0033",TRUE,16,0.544685622336518,-0.739609879117895,1.44937923470402e-05,0.0151792968464373,0.880418769453908,0.054572136351553,0.0466021316628542,0.0184069625316847,1,-4562.31946478715
"binary_sparse_n300_t02_r0033",TRUE,19,0.511449664850809,-0.757752052441929,0,0.0115886442912169,0.879255558372926,0.0494439286763312,0.0460376068628607,0.0252629060878826,3,-5272.40652389389
"linear_dense_n300_t02_r0033",TRUE,29,0.517709347673891,-0.749488610337991,0.0102077180100384,0.0118929594371253,0.350073674191728,0.240919007045468,0.199977659849128,0.209029658913676,2,-5525.90699702659
"confounded_dense_n300_t02_r0033",TRUE,17,0.520403549847176,-0.755496481077845,0,0.0166239850527152,0.458232584170812,0.19573148141072,0.179255785109023,0.166780149309445,3,-5555.5078770028
"binary_dense_n300_t02_r0033",TRUE,30,0.534788499278797,-0.75042017516542,0.00644257190747189,0.0115119665898667,0.400381040091097,0.219336261247002,0.20335269250599,0.176930006155911,1,-6079.12979047436
"linear_sparse_n300_t03_r0033",TRUE,30,0.640336578165568,-0.955651387327936,0.0129365439774735,0.0141610674307503,0.884719376058144,0.0502806236048567,0.0441555329070247,0.0208444674299744,1,-4442.85826411019
"confounded_sparse_n300_t03_r0033",TRUE,28,0.643594973024752,-0.95470224656886,0.0256244007297368,0.0113559389904266,0.864479727653515,0.0475202723352121,0.0537009618812092,0.034299038130064,2,-4622.74225035393
"binary_sparse_n300_t03_r0033",TRUE,12,0.610691405144587,-0.893872444312973,0,0.0177854167042146,0.876509204424168,0.0491941455167109,0.0570729549223391,0.0172236951367823,3,-5283.73238393402
"linear_dense_n300_t03_r0033",TRUE,13,0.659458093431637,-0.936082074142084,0.00214854865116797,0.0129813018336936,0.382266368067545,0.195733630472196,0.208810178494659,0.2131898229656,2,-5574.5056623413
"confounded_dense_n300_t03_r0033",TRUE,13,0.669423969663579,-0.959090479421437,0.0040937662032199,0.0139600351943197,0.35018397530877,0.203816022905691,0.216386260224093,0.229613741561445,2,-5621.49960929759
"binary_dense_n300_t03_r0033",TRUE,22,0.630123856526778,-0.942599367514333,0.00920011911908271,0.0127875317365654,0.377702473245802,0.21556817255004,0.195781722455778,0.21094763174838,3,-6185.01702099968
"linear_sparse_n300_t01_r0034",TRUE,531,0.151017826327617,-0.539069406422893,0.028415846281755,0.0105960775062864,0.813991053529423,0.122929444262786,0.0342957257853292,0.0287837764224619,3,-4395.20790811865
"confounded_sparse_n300_t01_r0034",TRUE,18,0.444101620387629,-0.558307125347252,0,0.0158707567523828,0.882304780829256,0.0572687170012338,0.0499339678934235,0.0104925342760869,1,-4511.40087116432
"binary_sparse_n300_t01_r0034",TRUE,37,0.30819911625516,-0.543313308209963,0,0.0184856154768438,0.843960766054465,0.0722918051596552,0.0574783347783599,0.0262690940075202,2,-5187.98183318726
"linear_dense_n300_t01_r0034",TRUE,147,0.321516604306448,-0.54580937218824,0.0215282007448265,0.0138944700408743,0.370876023708696,0.220397500630819,0.154791380961518,0.253935094698968,2,-5393.90431323328
"confounded_dense_n300_t01_r0034",TRUE,21,0.397589867260263,-0.554844577889201,0,0.0142915657269676,0.409407402530902,0.188289528431965,0.233004226987853,0.16929884204928,1,-5358.08705656834
"binary_dense_n300_t01_r0034",TRUE,76,0.353546895574414,-0.558420118827971,0.0121627279297334,0.0106841812244045,0.401279463950767,0.202901516812907,0.174274258152665,0.221544761083661,2,-5846.52331624664
"linear_sparse_n300_t02_r0034",TRUE,22,0.495610639344942,-0.753732231845772,0,0.0144445898643362,0.87666850327522,0.0519842270579374,0.0429176222672493,0.0284296473995936,3,-4591.9928433772
"confounded_sparse_n300_t02_r0034",TRUE,31,0.564679920782535,-0.744686697712589,0.0041018649134672,0.0166835351180438,0.898785947828373,0.0412101821834286,0.0406821083634074,0.0193217616247906,1,-4452.68902715102
"binary_sparse_n300_t02_r0034",TRUE,60,0.438322061947369,-0.714624530247421,0.020201296762104,0.0229435891031032,0.857947212337458,0.0633373657008238,0.0493059106585893,0.029409511303129,2,-5216.59703727812
"linear_dense_n300_t02_r0034",TRUE,25,0.532531548678005,-0.749964950683098,0.00178683826963433,0.0132479344356517,0.385214263505718,0.204766427693961,0.208610781497345,0.201408527302976,1,-5625.67726472558
"confounded_dense_n300_t02_r0034",TRUE,38,0.51583068534567,-0.748406330321133,0.0119712446622369,0.014086373394948,0.409255224814772,0.187713414154749,0.207926982736328,0.195104378294151,2,-5507.0848147476
"binary_dense_n300_t02_r0034",TRUE,32,0.509969248482228,-0.730503497595244,0.0116565560487351,0.0154556819102658,0.385849042583851,0.202711813476672,0.192565041301423,0.218874102638054,2,-6147.07759999738
"linear_sparse_n300_t03_r0034",TRUE,9,0.651094141497743,-0.967241549054081,0,0.0130393180820697,0.872211967033074,0.0557880328979215,0.0519194247349432,0.0200805753340611,3,-4481.89038187871
"confounded_sparse_n300_t03_r0034",TRUE,7,0.608156563550082,-0.954927568363662,0.00504443004447684,0.00909643240894351,0.89732106912377,0.0436789308755519,0.0385062312970793,0.0204937687035984,2,-4531.08769359977
"binary_sparse_n300_t03_r0034",TRUE,16,0.608992035234474,-0.966517683274532,0,0.00812877969856536,0.876178865011461,0.0558179052524929,0.0444775118576032,0.0235257178784427,2,-5348.35618731245
"linear_dense_n300_t03_r0034",TRUE,13,0.668907900104578,-0.954149900710661,0.0039408799961384,0.0142915093250848,0.380181903051017,0.200818095972709,0.208959646049288,0.210040354926986,2,-5614.04930762121
"confounded_dense_n300_t03_r0034",TRUE,8,0.67097828665545,-0.946845985722867,0,0.0127108429197544,0.397853177865706,0.190146821855362,0.228971130848195,0.183028869430736,2,-5586.07006723696
"binary_dense_n300_t03_r0034",TRUE,16,0.643514237618875,-0.943804408591778,0.0055281279384426,0.0115126912942422,0.392899332349575,0.191702077624555,0.205375751757999,0.210022838267871,2,-6163.66258892575
"linear_sparse_n300_t01_r0035",TRUE,73,0.410456373689879,-0.548796141858947,0,0.00737607017124896,0.900026694944927,0.0428102479863586,0.0401136645278273,0.0170493925408871,2,-4520.10750852258
"confounded_sparse_n300_t01_r0035",TRUE,13,0.371347794473487,-0.55543253560666,0.00631162332523689,0.0102171259685174,0.867339187022692,0.0586284856241983,0.0550788362459834,0.0189534911071259,2,-4441.35664737466
"binary_sparse_n300_t01_r0035",TRUE,13,0.479249123871255,-0.577508678613701,0.00591618157083671,0.00508384715464478,0.88605675428719,0.0415239211086583,0.0530958156412888,0.0193235089628631,2,-5041.93389294303
"linear_dense_n300_t01_r0035",TRUE,56,0.377760362698895,-0.554559191059871,0.00828427333819941,0.0116178454421987,0.404775007978632,0.218390139646598,0.195333728778341,0.181501123596428,3,-5332.95569091216
"confounded_dense_n300_t01_r0035",TRUE,112,0.309533653624545,-0.547454321161405,0.0168170202241346,0.0135233217202484,0.327252041122499,0.281368849437387,0.166970969584634,0.22440813985548,2,-5280.28139911198
"binary_dense_n300_t01_r0035",TRUE,50,0.379382653205881,-0.560219663311447,0.00918536557479664,0.0137305854074206,0.394624846490508,0.19364276354009,0.195212980934342,0.21651940903506,1,-5880.92645082193
"linear_sparse_n300_t02_r0035",TRUE,18,0.536489372289926,-0.735901702746004,0,0.0113944964715844,0.86293348731114,0.050065494058549,0.0617641872649891,0.0252368313653219,3,-4621.35894135526
"confounded_sparse_n300_t02_r0035",TRUE,20,0.53453087476845,-0.759866918162159,0.00294327206186423,0.0149253235007761,0.884598657243645,0.051399740457333,0.046386393232816,0.0176152090662065,2,-4477.76950853678
"binary_sparse_n300_t02_r0035",TRUE,32,0.535490279959039,-0.738295046913091,0.0078030124941256,0.0189512009445771,0.870245382393498,0.0580396323928564,0.045645969542748,0.0260690156708977,1,-5195.65407620448
"linear_dense_n300_t02_r0035",TRUE,11,0.516220640552324,-0.754192701533541,0,0.0113699755180766,0.399266393045328,0.190733203871184,0.221041732080682,0.188958671002807,2,-5408.32189877786
"confounded_dense_n300_t02_r0035",TRUE,29,0.523186195770213,-0.756481228532851,0.00541855061098376,0.01181850906201,0.3961240714683,0.219875568298094,0.198388054741738,0.185612305491868,1,-5463.69450003711
"binary_dense_n300_t02_r0035",TRUE,26,0.505460395644256,-0.755793442559287,0.00964466128729816,0.0138332615255792,0.416157495457693,0.194537141134203,0.183279922066535,0.206025441341569,2,-6004.63175033028
"linear_sparse_n300_t03_r0035",TRUE,5,0.672932436745278,-0.964591938354997,0,0.0109185985072183,0.86315049198191,0.0588495080117827,0.0576600127250737,0.0203399872812338,2,-4509.69118958422
"confounded_sparse_n300_t03_r0035",TRUE,10,0.587693590420502,-0.962949277700934,0,0.0133338778882257,0.882090444680124,0.0469095529924068,0.0517815189455157,0.0192184833819533,1,-4454.02329401664
"binary_sparse_n300_t03_r0035",TRUE,26,0.664862782871522,-0.918158905381157,0.00535100635321425,0.0103131771846269,0.873328275397157,0.0466729701104441,0.0566823063311905,0.0233164481612081,3,-5269.89722458243
"linear_dense_n300_t03_r0035",TRUE,8,0.672839624618176,-0.954603446954556,0,0.0116224463259615,0.384773764120178,0.201226235871877,0.212617073667012,0.201382926340933,2,-5539.43467225476
"confounded_dense_n300_t03_r0035",TRUE,9,0.66517915437102,-0.951958872967751,0,0.0143721763538183,0.398212768840415,0.200787228131309,0.200784726128864,0.200215276899411,2,-5663.94127217887
"binary_dense_n300_t03_r0035",TRUE,14,0.659739831148118,-0.942462570208143,0.00114126952140548,0.0123926862867276,0.426204578288145,0.177281246130698,0.192736564715979,0.203777610865177,1,-6218.17291243972
"linear_sparse_n300_t01_r0036",TRUE,44,0.432858788989521,-0.553372963927807,0,0.014784534486263,0.895483662425476,0.0278394234407256,0.0545991383932051,0.0220777757405937,2,-4498.30851253086
"confounded_sparse_n300_t01_r0036",TRUE,38,0.444366752150799,-0.53094983526035,0,0.0129601013747751,0.890478923634398,0.0382025403997498,0.058253197903535,0.013065338062317,2,-4453.90707633413
"binary_sparse_n300_t01_r0036",TRUE,348,0.155459940218577,-0.571077899517158,0.0321182893897693,0.00795470970065909,0.817620090384513,0.102408217502332,0.000806656969754664,0.0791650351434006,3,-5078.53176418222
"linear_dense_n300_t01_r0036",TRUE,21,0.390058204187976,-0.545448720775448,0,0.0136416644926358,0.391434089319933,0.200281250330661,0.20165824532646,0.206626415022946,3,-5343.1003952372
"confounded_dense_n300_t01_r0036",TRUE,85,0.356224201001677,-0.541521907269039,0.00969490111263832,0.0126482510007742,0.378769062664962,0.223581889161775,0.167530942182247,0.230118105991016,1,-5386.68460200998
"binary_dense_n300_t01_r0036",TRUE,56,0.354355915259452,-0.540885124438128,0.00510019550354277,0.0150922221213409,0.391690589246874,0.225618548920974,0.189044794143794,0.193646067688358,1,-5822.39201590146
"linear_sparse_n300_t02_r0036",TRUE,38,0.498799800487895,-0.728759951763573,0.0101350291667246,0.0166558698177056,0.885018251811024,0.0438408072863663,0.0546003417149565,0.0165405991876534,1,-4516.10622349741
"confounded_sparse_n300_t02_r0036",TRUE,8,0.568602609313961,-0.769334570439372,0,0.0144516025368176,0.882150957756576,0.0508391350153812,0.0424952947852771,0.0245146124427653,2,-4486.34687536116
"binary_sparse_n300_t02_r0036",TRUE,8,0.548561640698934,-0.714948242596154,0.000952640294769419,0.0120954820631019,0.890096702177823,0.0330572318259395,0.046720131579075,0.0301259344171628,1,-5250.69797103975
"linear_dense_n300_t02_r0036",TRUE,27,0.525344982366262,-0.753283370895364,0.00370199337791219,0.0132742972284356,0.404475669616323,0.195524541272777,0.20691961747063,0.19308017164027,3,-5495.29042222336
"confounded_dense_n300_t02_r0036",TRUE,19,0.530106914001078,-0.741038212046685,0.00336282589237966,0.0130482907422438,0.395668799994474,0.199327117599498,0.193824920094355,0.211179162311673,2,-5439.72573290437
"binary_dense_n300_t02_r0036",TRUE,21,0.514694061107132,-0.732499546134782,0.00361546488010913,0.0128001572451705,0.387068462382219,0.205042743227325,0.205324451746852,0.202564342643604,2,-6014.81839842559
"linear_sparse_n300_t03_r0036",TRUE,10,0.707399398815779,-0.968476998616474,0,0.00986148330792822,0.880385028329209,0.0466149716695134,0.0547750619500576,0.0182249380512197,1,-4626.62158843875
"confounded_sparse_n300_t03_r0036",TRUE,19,0.65981900844028,-0.931201829949195,0.00480398527509751,0.0151416929014535,0.88159917341278,0.0504008149694191,0.0490714061861629,0.0189286054316383,3,-4664.28560261081
"binary_sparse_n300_t03_r0036",TRUE,20,0.626393041635915,-0.957420588009076,0.00533488831273339,0.0144178780791861,0.866106214414419,0.0457985456864091,0.0620412319810098,0.026054007918162,2,-5235.27402647389
"linear_dense_n300_t03_r0036",TRUE,25,0.625144380583074,-0.941619990167691,0.0106484957186853,0.0128534621787986,0.37499972447635,0.224000275209225,0.175256634812035,0.22574336550239,2,-5688.24094579481
"confounded_dense_n300_t03_r0036",TRUE,7,0.662941157263962,-0.963380779657631,0,0.0123113628597569,0.394361964016896,0.209638034695106,0.188647079687471,0.207352921600528,2,-5511.92630258101
"binary_dense_n300_t03_r0036",TRUE,10,0.659132206139972,-0.945812448129812,0,0.0136964440716477,0.385417238807019,0.18318319032366,0.21221087818407,0.21918869268525,2,-6234.94452226016
"linear_sparse_n300_t01_r0037",TRUE,13,0.392397552302454,-0.52323513328561,0.00209321570330872,0.0175896280760199,0.894313965322792,0.0416765863165591,0.0479513531038729,0.0160580952567764,1,-4394.83066887722
"confounded_sparse_n300_t01_r0037",TRUE,142,0.309364539224264,-0.569979370894119,0.0154422624118646,0.0111405086382828,0.8254943201645,0.0994774212655729,0.0444100436241502,0.0306182149457769,2,-4542.24049354014
"binary_sparse_n300_t01_r0037",TRUE,26,0.324211262430008,-0.523812051377441,0,0.0206194281256195,0.856652956986888,0.0792306339126375,0.0368532000335745,0.0272632090669003,2,-5123.61843270526
"linear_dense_n300_t01_r0037",TRUE,21,0.417755393607031,-0.550159734833532,0,0.0141421606252281,0.399628906065768,0.197001925961515,0.224090705161648,0.179278462811068,1,-5440.31187562201
"confounded_dense_n300_t01_r0037",TRUE,20,0.399297487798741,-0.5469514679957,0,0.0131335903196522,0.381463669052626,0.201159244168265,0.201368205204221,0.216008881574887,1,-5383.88904030542
"binary_dense_n300_t01_r0037",TRUE,19,0.400474277690664,-0.537347643540293,0,0.0146782695462295,0.392781304667951,0.196203972036425,0.201711739674681,0.209302983620943,2,-5842.07269669639
"linear_sparse_n300_t02_r0037",TRUE,15,0.562607036720874,-0.728101919361153,0,0.0179351138829865,0.885422963573301,0.0469806466782828,0.0482774528236967,0.0193189369247193,1,-4590.61758144735
"confounded_sparse_n300_t02_r0037",TRUE,30,0.511298879883932,-0.756030635617019,0.0136532127564648,0.0136495814131341,0.872196805131189,0.0538025461754735,0.0468005642036726,0.0272000844896651,2,-4469.94587020022
"binary_sparse_n300_t02_r0037",TRUE,33,0.477809359616142,-0.74616724737254,0.000948245866249247,0.0114954705790091,0.858639983831142,0.0753591107156707,0.0464846359180912,0.0195162695350965,1,-5244.40346293265
"linear_dense_n300_t02_r0037",TRUE,37,0.497553005702082,-0.741637759973154,0.0104574678549457,0.0121277947646071,0.400551161528313,0.19446915025983,0.182465231005806,0.222514457206051,1,-5498.3619785388
"confounded_dense_n300_t02_r0037",TRUE,22,0.520115508454535,-0.753200952838036,0.00444063453065091,0.0140525659148104,0.405576520732911,0.193419671135785,0.21905064243783,0.181953165693474,2,-5525.89821088399
"binary_dense_n300_t02_r0037",TRUE,13,0.523404839976695,-0.755223258810078,0,0.0113934811709699,0.382220413340496,0.227800128878447,0.199170345663967,0.19080911211709,3,-6029.0224302882
"linear_sparse_n300_t03_r0037",TRUE,13,0.620032740413485,-0.971044393289506,0,0.0113907030341673,0.844479710265679,0.0785202897269321,0.0499094702207394,0.0270905297866491,3,-4711.74224439645
"confounded_sparse_n300_t03_r0037",TRUE,57,0.546090098773005,-0.936942124181316,0.0244222955602218,0.0113671874617074,0.8750839923152,0.0559160076762095,0.0427326594401078,0.0262673405684829,3,-4587.78642564796
"binary_sparse_n300_t03_r0037",TRUE,54,0.565964464075717,-0.959906089961828,0.0321928207643733,0.00724089638169242,0.862681802804009,0.0669645367916644,0.0597200552225994,0.0106336051817273,2,-5345.7539721377
"linear_dense_n300_t03_r0037",TRUE,15,0.653764260098324,-0.952351458781495,0.00404305113910175,0.0132786289608717,0.408184173602161,0.207815825891582,0.177292097461708,0.206707903044549,2,-5554.99979989588
"confounded_dense_n300_t03_r0037",TRUE,25,0.679579024545298,-0.948395410956197,0.00739493180123425,0.0104036522571758,0.410458578923956,0.190541419175862,0.205877398300449,0.193122603599733,2,-5662.18926344319
"binary_dense_n300_t03_r0037",TRUE,11,0.667448052308956,-0.9420052210547,0.00223616636702094,0.0102328161357776,0.419895639546519,0.205763954497325,0.18520186939457,0.189138536561586,2,-6078.25496080328
"linear_sparse_n300_t01_r0038",TRUE,31,0.364356170323211,-0.541327290973583,0,0.0205842502046579,0.877731731765291,0.0578553826356091,0.0422424147822741,0.0221704708168256,3,-4384.2679939776
"confounded_sparse_n300_t01_r0038",TRUE,137,0.2438888812893,-0.547018140784061,0.0209377440687273,0.0101492107460531,0.878423795573256,0.0535226229979688,0.0364536794139488,0.0315999020148264,3,-4519.64984145772
"binary_sparse_n300_t01_r0038",TRUE,13,0.330030016906225,-0.558433630469851,0,0.00554368423315282,0.850827347898114,0.0638389869416669,0.0611782626181769,0.0241554025420426,2,-5069.97138666553
"linear_dense_n300_t01_r0038",TRUE,33,0.388807399359616,-0.552789459511551,0.00211364875501592,0.0114077563058786,0.40071840841658,0.183463820974437,0.223089195620642,0.19272857498834,1,-5320.94473890903
"confounded_dense_n300_t01_r0038",TRUE,54,0.382567336822667,-0.545271497802953,0.00127439965517075,0.0151198181941661,0.389539504275812,0.215581791915901,0.196687825697247,0.198190878111041,3,-5470.69421661942
"binary_dense_n300_t01_r0038",TRUE,79,0.357156848876257,-0.56611074242961,0.0130670323538619,0.0089471053137441,0.348223736597667,0.260369968489927,0.172762508239842,0.218643786672564,1,-5857.910170903
"linear_sparse_n300_t02_r0038",TRUE,20,0.583569313145418,-0.74295755341803,0,0.0157163472133456,0.885710448719659,0.0360699527973622,0.0601910024024804,0.018028596080498,2,-4571.37439030082
"confounded_sparse_n300_t02_r0038",TRUE,6,0.559401886551704,-0.771630793435824,0.000423497315726719,0.0107541746715327,0.883953140988885,0.0510467760384047,0.0467537399607461,0.0182463430119638,2,-4391.25837085834
"binary_sparse_n300_t02_r0038",TRUE,10,0.52313290645933,-0.735145218153629,0.00465790942623544,0.0220727520094924,0.868902692893387,0.0555863379798415,0.0563698423284218,0.0191411267983493,2,-5331.62232645439
"linear_dense_n300_t02_r0038",TRUE,36,0.532521192885918,-0.744437420000867,0.00672502926900131,0.0132795185882763,0.433196974287536,0.185999245622221,0.199586796042459,0.181216984047784,3,-5570.69488368983
"confounded_dense_n300_t02_r0038",TRUE,19,0.51720548196172,-0.755589232099762,0.000449081517531702,0.0128252845780753,0.415492910603927,0.17250473596803,0.198082114839403,0.213920238588641,2,-5498.78344147133
"binary_dense_n300_t02_r0038",TRUE,21,0.554482405131071,-0.734053469039207,0.00311112103127342,0.0101769165464534,0.399526078538278,0.186472274826415,0.189543585520621,0.224458061114686,1,-6081.6841083231
"linear_sparse_n300_t03_r0038",TRUE,19,0.652900518850376,-0.925623750170717,0.00710903745770502,0.0109466047627642,0.886422637502223,0.0595773623833448,0.0407243300248783,0.0132756700895537,3,-4430.05348253074
"confounded_sparse_n300_t03_r0038",TRUE,10,0.655788032956798,-0.929229662157164,0,0.0130990523518903,0.88858906847476,0.0444109296219208,0.0468603527719121,0.0201396491314067,3,-4490.81561798116
"binary_sparse_n300_t03_r0038",TRUE,83,0.531537060180555,-0.942651015331154,0.0311061785090389,0.00778318495939801,0.857385462674131,0.0736010190235894,0.0466499785521778,0.0223635397501017,1,-5258.31464151212
"linear_dense_n300_t03_r0038",TRUE,12,0.684622779029615,-0.953527899521142,0.00201254515279063,0.0150277977124624,0.406173672907033,0.193826323332285,0.208133116580071,0.191866887180612,2,-5591.51170624925
"confounded_dense_n300_t03_r0038",TRUE,13,0.660783730904288,-0.938560793019653,0.00799080350322918,0.0113502321328447,0.406057965431036,0.189942029967391,0.197560082832549,0.206439921769023,1,-5515.46556007311
"binary_dense_n300_t03_r0038",TRUE,14,0.672422173823047,-0.944679648181534,0.00285181310358751,0.0183892531456826,0.389299969452604,0.208070657946876,0.208108038132387,0.194521334468133,1,-6226.86013908291
"linear_sparse_n300_t01_r0039",TRUE,8,0.395831977137942,-0.550875736226113,0,0.0167696927321312,0.89611209314602,0.0388549342723272,0.0399529913096773,0.0250799812719758,1,-4350.35403748919
"confounded_sparse_n300_t01_r0039",TRUE,177,0.282185936822054,-0.560774950914575,0.0269509940501126,0.0182369363772168,0.835597844362181,0.0968466249532953,0.0513000558193928,0.016255474865131,2,-4593.52492214695
"binary_sparse_n300_t01_r0039",TRUE,88,0.372987999952254,-0.571265858845215,0,0,0.917939469556198,0.0259949244522405,0.0472485834291951,0.00881702256236657,2,-4940.9481003077
"linear_dense_n300_t01_r0039",TRUE,87,0.356395538615536,-0.547860825808645,0.00861580908087682,0.0119497463084188,0.371955222215868,0.229401387953198,0.184464512046225,0.21417887778471,2,-5329.05537029047
"confounded_dense_n300_t01_r0039",TRUE,24,0.39529509225539,-0.557667786139018,0,0.0137120542753147,0.429564503498246,0.189420039784383,0.222873722763763,0.158141733953608,2,-5308.66233345335
"binary_dense_n300_t01_r0039",TRUE,42,0.399818443895523,-0.569274732683782,0.00437125495736822,0.00920383649702415,0.407047886392461,0.203972298671811,0.200288633723841,0.188691181211887,1,-5813.308146041
"linear_sparse_n300_t02_r0039",TRUE,30,0.573407083775733,-0.737814150134796,0.00190562153428351,0.0161297538440209,0.882054189136697,0.047938994439903,0.0575134321283772,0.0124933842950225,3,-4611.58950450622
"confounded_sparse_n300_t02_r0039",TRUE,18,0.542130551565075,-0.758928697310226,0,0.0159029655351432,0.902785569486855,0.0382121600957052,0.0358647091762328,0.0231375612412074,3,-4460.99323924145
"binary_sparse_n300_t02_r0039",TRUE,17,0.519698581532833,-0.727528895444276,0,0.0119373105254487,0.864346171712539,0.0563414473423081,0.0569544957723379,0.0223578851728145,2,-5176.10535811404
"linear_dense_n300_t02_r0039",TRUE,26,0.496620726079097,-0.750373865779234,0.00445320885816661,0.015279157047199,0.379750375523278,0.213239240701475,0.193178337377514,0.213832046397733,2,-5542.86323561292
"confounded_dense_n300_t02_r0039",TRUE,27,0.482882279451958,-0.738525779726235,0.00494011325711786,0.0139208773017116,0.403605999940996,0.193387427042719,0.174899943050228,0.228106629966057,2,-5452.33065455128
"binary_dense_n300_t02_r0039",TRUE,18,0.520663260851182,-0.736725964297191,0.00173590351438262,0.00918201958245114,0.413171207507726,0.186946361832282,0.185344646090685,0.214537784569307,2,-5995.92213433033
"linear_sparse_n300_t03_r0039",TRUE,11,0.611170771895017,-0.942147786340815,0,0.0144764075435181,0.849387457446196,0.0636125410555868,0.0586798237166105,0.0283201777816066,3,-4625.1362800159
"confounded_sparse_n300_t03_r0039",TRUE,11,0.62931291890466,-0.929837551138534,0,0.01049814413112,0.87752896572582,0.0584710342717758,0.0452715682589511,0.0187284317434534,1,-4558.70343244569
"binary_sparse_n300_t03_r0039",TRUE,11,0.687144220119887,-0.968466762160764,0,0.0180621618025008,0.88754842799427,0.041696945970307,0.0510385108410795,0.0197161151943433,3,-5353.64861982109
"linear_dense_n300_t03_r0039",TRUE,8,0.662120294245659,-0.946136209505671,0,0.0125347535732114,0.416230245101727,0.200769754617145,0.186612146848718,0.196387853432409,2,-5547.46771494449
"confounded_dense_n300_t03_r0039",TRUE,15,0.658630923381571,-0.961056552618111,0.00232353615864079,0.0146324057578353,0.419727391972046,0.197272606162081,0.196325635938741,0.186674365927131,1,-5639.67580392352
"binary_dense_n300_t03_r0039",TRUE,10,0.663581994430484,-0.929088297367853,0,0.0118458605145877,0.397275321935598,0.188891766089842,0.202937061705096,0.210895850269465,2,-6222.7258258481
"linear_sparse_n300_t01_r0040",TRUE,125,0.292089340644839,-0.574841300020446,0.0235635065968062,0.0135135669563688,0.871823675929977,0.0634469019647081,0.0405126233071212,0.0242167987981938,3,-4230.62641324473
"confounded_sparse_n300_t01_r0040",TRUE,35,0.376245306933876,-0.560218752832912,0,0.00968016739380034,0.89912688736588,0.0354723115165174,0.0478832397111068,0.0175175614064954,2,-4397.56242665783
"binary_sparse_n300_t01_r0040",TRUE,203,0.295458881331678,-0.568621080994639,0.0175895553451581,0.0108087533421374,0.825244796711513,0.109752101184565,0.0524919676248771,0.0125111344790444,1,-5242.07912238398
"linear_dense_n300_t01_r0040",TRUE,68,0.366197945284779,-0.549442657086955,0.0108160541439582,0.012525013528592,0.353056730862765,0.236848965392464,0.195296062516823,0.214798241227948,1,-5389.26207829749
"confounded_dense_n300_t01_r0040",TRUE,31,0.408865660647898,-0.553900241877069,0,0.0108911698198065,0.440704662180698,0.172262416832777,0.193184088094525,0.193848832892001,2,-5419.13555214499
"binary_dense_n300_t01_r0040",TRUE,24,0.400730245480867,-0.55436015924088,0,0.0121063038491367,0.419254318749462,0.190302609276053,0.208238719257898,0.182204352716587,3,-5849.18644349097
"linear_sparse_n300_t02_r0040",TRUE,11,0.482462742093031,-0.739512071317089,0,0.0127506809100038,0.860772075802683,0.0592250510656029,0.0520757556972286,0.0279271174344854,2,-4581.37216569734
"confounded_sparse_n300_t02_r0040",TRUE,16,0.471436535155739,-0.733813982787502,0,0.0138842943736313,0.875664533172849,0.0583347850701244,0.0471054619966806,0.018895219760346,1,-4387.69534326562
"binary_sparse_n300_t02_r0040",TRUE,21,0.454599549345812,-0.74025590602985,0,0.00809592330577469,0.867083804579687,0.0624645195435891,0.046733715967186,0.0237179599095382,2,-5309.30613019612
"linear_dense_n300_t02_r0040",TRUE,15,0.549910034448442,-0.746695980263848,0,0.0139126023727227,0.393251966738816,0.200466474678866,0.199413289567292,0.206868269015027,2,-5617.79989208575
"confounded_dense_n300_t02_r0040",TRUE,10,0.535851877454682,-0.756239082509873,0,0.0125494730281065,0.408030461473158,0.193966576641653,0.218292864795897,0.179710097089293,2,-5389.6031044644
"binary_dense_n300_t02_r0040",TRUE,13,0.536342234443021,-0.760106028954699,0,0.00881610823500375,0.415790828343588,0.1941839990546,0.206289155870239,0.183736016731572,1,-6004.31000529301
"linear_sparse_n300_t03_r0040",TRUE,9,0.69461917269662,-0.961253231057801,0.000330559074429599,0.0153629581839024,0.860899315328833,0.0621006814802013,0.0547229970384125,0.0222770061525534,2,-4576.01381200784
"confounded_sparse_n300_t03_r0040",TRUE,80,0.459754204430342,-0.95344538927077,0.0328007447951519,0.0134419008155778,0.858064075748408,0.0659359238907322,0.0456985944577986,0.0303014059030612,2,-4648.91117883505
"binary_sparse_n300_t03_r0040",TRUE,15,0.669910977874319,-0.928629394963903,0.00213223505077158,0.0197715757779589,0.858451657355521,0.0598468733722159,0.0599151969509155,0.0217862723213474,2,-5315.95450095256
"linear_dense_n300_t03_r0040",TRUE,11,0.670815629937627,-0.953464649717553,0.0016485495789709,0.0135185217066004,0.390571023211031,0.2064289766825,0.20431373279367,0.1986862673128,2,-5576.51060684313
"confounded_dense_n300_t03_r0040",TRUE,7,0.665181360740057,-0.949762482334158,0,0.0141468025843745,0.386206255266052,0.23679349507524,0.193079142995306,0.183921106663403,2,-5558.40387517945
"binary_dense_n300_t03_r0040",TRUE,31,0.621688940528416,-0.959611734410827,0.00928286869797258,0.0100145539401432,0.40139744292029,0.21921691089846,0.15833876747925,0.221046878702001,1,-6220.75597947898
