"case_id","scenario","mixture","profile","n","m","tau","replicate","seed","method","q","status","cached","elapsed_seconds","warning","error","cache_key","discoveries","false_discoveries","true_discoveries","alternatives","FDP","power"
"linear_sparse_n300_t01_r0001","linear","sparse","paper_adjusted",300,1000,1.1,1,53862211,"HDMT",0.05,"ok",FALSE,0.0499999999999999,"ties should not be present for the one-sample Kolmogorov-Smirnov test","","9702a1ed5b9b768fbc6654b113f7c1ab",6,1,5,16,0.166666666666667,0.3125
"linear_sparse_n300_t01_r0001","linear","sparse","paper_adjusted",300,1000,1.1,1,53862211,"MDACT",0.05,"ok",FALSE,0.04,"ties should not be present for the one-sample Kolmogorov-Smirnov test","","4e670138c837a88dcb42a681c661c437",6,1,5,16,0.166666666666667,0.3125
"linear_sparse_n300_t01_r0001","linear","sparse","paper_adjusted",300,1000,1.1,1,53862211,"MLFDR",0.05,"ok",FALSE,0.3,"","","cf3ebd1f43b31277fc62b7956b6ff995",13,1,12,16,0.0769230769230769,0.75
"confounded_sparse_n300_t01_r0001","confounded","sparse","paper_adjusted",300,1000,1.1,1,156366376,"HDMT",0.05,"ok",FALSE,0.03,"ties should not be present for the one-sample Kolmogorov-Smirnov test","","93f8c79e81866712d3d28ed4e6ba2c57",4,0,4,22,0,0.181818181818182
"confounded_sparse_n300_t01_r0001","confounded","sparse","paper_adjusted",300,1000,1.1,1,156366376,"MDACT",0.05,"ok",FALSE,0.0600000000000001,"ties should not be present for the one-sample Kolmogorov-Smirnov test","","f3f7ed11addb01df9deee93c28e752d4",7,0,7,22,0,0.318181818181818
"confounded_sparse_n300_t01_r0001","confounded","sparse","paper_adjusted",300,1000,1.1,1,156366376,"MLFDR",0.05,"ok",FALSE,1.73,"","","101d24b1961a7149ba2927f689e7267d",11,0,11,22,0,0.5
"binary_sparse_n300_t01_r0001","binary","sparse","paper_adjusted",300,1000,1.1,1,134340448,"HDMT",0.05,"ok",FALSE,0.0500000000000003,"","","e52f02cae3de72337587627246064ef4",0,0,0,18,0,0
"binary_sparse_n300_t01_r0001","binary","sparse","paper_adjusted",300,1000,1.1,1,134340448,"MDACT",0.05,"ok",FALSE,0.0600000000000001,"","","07c0c0b007e0e25be3d1f66aa344542a",0,0,0,18,0,0
"binary_sparse_n300_t01_r0001","binary","sparse","paper_adjusted",300,1000,1.1,1,134340448,"MLFDR",0.05,"ok",FALSE,0.83,"","","e5613b79cb1be2f9f9ac1372ed35d7d6",0,0,0,18,0,0
"linear_dense_n300_t01_r0001","linear","dense","paper_adjusted",300,1000,1.1,1,156204632,"HDMT",0.05,"ok",FALSE,0.0499999999999999,"ties should not be present for the one-sample Kolmogorov-Smirnov test","","cb98e8ab0679fd158c823992cb04d1ed",52,1,51,206,0.0192307692307692,0.247572815533981
"linear_dense_n300_t01_r0001","linear","dense","paper_adjusted",300,1000,1.1,1,156204632,"MDACT",0.05,"ok",FALSE,0.04,"ties should not be present for the one-sample Kolmogorov-Smirnov test","","3d2f7b99ec44bbf034bbcf8fab4042dd",60,1,59,206,0.0166666666666667,0.286407766990291
"linear_dense_n300_t01_r0001","linear","dense","paper_adjusted",300,1000,1.1,1,156204632,"MLFDR",0.05,"ok",FALSE,0.36,"","","460254a7c3f097a2cbb662216e954ddb",110,8,102,206,0.0727272727272727,0.495145631067961
"confounded_dense_n300_t01_r0001","confounded","dense","paper_adjusted",300,1000,1.1,1,126490958,"HDMT",0.05,"ok",FALSE,0.03,"ties should not be present for the one-sample Kolmogorov-Smirnov test","","ec722b86d0455284981e02097d18ca03",67,2,65,201,0.0298507462686567,0.323383084577114
"confounded_dense_n300_t01_r0001","confounded","dense","paper_adjusted",300,1000,1.1,1,126490958,"MDACT",0.05,"ok",FALSE,0.0799999999999998,"ties should not be present for the one-sample Kolmogorov-Smirnov test","","af2d51fd9ef8a351d2fd31211c6a27e2",72,2,70,201,0.0277777777777778,0.348258706467662
"confounded_dense_n300_t01_r0001","confounded","dense","paper_adjusted",300,1000,1.1,1,126490958,"MLFDR",0.05,"ok",FALSE,0.48,"","","390309224bc3d3cf497ec304ec0cfb32",125,4,121,201,0.032,0.601990049751244
"binary_dense_n300_t01_r0001","binary","dense","paper_adjusted",300,1000,1.1,1,143781592,"HDMT",0.05,"ok",FALSE,0.11,"","","efe14ea9c62db77c75c969d3bb0978d1",44,1,43,177,0.0227272727272727,0.242937853107345
"binary_dense_n300_t01_r0001","binary","dense","paper_adjusted",300,1000,1.1,1,143781592,"MDACT",0.05,"ok",FALSE,0.11,"","","d85448ba93d2bc1d13f70d85613e9821",54,2,52,177,0.037037037037037,0.293785310734463
"binary_dense_n300_t01_r0001","binary","dense","paper_adjusted",300,1000,1.1,1,143781592,"MLFDR",0.05,"ok",FALSE,0.45,"","","67ce9809fbee730cc61a445abda7ddee",90,2,88,177,0.0222222222222222,0.497175141242938
"linear_sparse_n300_t02_r0001","linear","sparse","paper_adjusted",300,1000,1.5,1,185071062,"HDMT",0.05,"ok",FALSE,0.00999999999999979,"ties should not be present for the one-sample Kolmogorov-Smirnov test","","6c1f5f453d86c35932f47a8e9a75703c",10,0,10,22,0,0.454545454545455
"linear_sparse_n300_t02_r0001","linear","sparse","paper_adjusted",300,1000,1.5,1,185071062,"MDACT",0.05,"ok",FALSE,0,"ties should not be present for the one-sample Kolmogorov-Smirnov test","","3f34a32e626ce811b6d3ba4aeb5797fe",10,0,10,22,0,0.454545454545455
"linear_sparse_n300_t02_r0001","linear","sparse","paper_adjusted",300,1000,1.5,1,185071062,"MLFDR",0.05,"ok",FALSE,0.91,"","","b8d071cc819978df7e22c7742a50fdd0",14,0,14,22,0,0.636363636363636
"confounded_sparse_n300_t02_r0001","confounded","sparse","paper_adjusted",300,1000,1.5,1,12773480,"HDMT",0.05,"ok",FALSE,0.0299999999999998,"ties should not be present for the one-sample Kolmogorov-Smirnov test","","060052cf193c8f0ad5747d4ada0c28b7",7,0,7,22,0,0.318181818181818
"confounded_sparse_n300_t02_r0001","confounded","sparse","paper_adjusted",300,1000,1.5,1,12773480,"MDACT",0.05,"ok",FALSE,0.0800000000000001,"ties should not be present for the one-sample Kolmogorov-Smirnov test","","1966187ad2f3fd267c81fe87c48b45e8",14,1,13,22,0.0714285714285714,0.590909090909091
"confounded_sparse_n300_t02_r0001","confounded","sparse","paper_adjusted",300,1000,1.5,1,12773480,"MLFDR",0.05,"ok",FALSE,0.19,"","","3f4d6db571b4548da2262f5cb0965146",18,1,17,22,0.0555555555555556,0.772727272727273
"binary_sparse_n300_t02_r0001","binary","sparse","paper_adjusted",300,1000,1.5,1,12369303,"HDMT",0.05,"ok",FALSE,0.04,"","","fea1fa94d0887991a4056998604abb61",5,0,5,29,0,0.172413793103448
"binary_sparse_n300_t02_r0001","binary","sparse","paper_adjusted",300,1000,1.5,1,12369303,"MDACT",0.05,"ok",FALSE,0.0200000000000005,"","","287681ca02ba9561e92489d3d6dd99bd",7,0,7,29,0,0.241379310344828
"binary_sparse_n300_t02_r0001","binary","sparse","paper_adjusted",300,1000,1.5,1,12369303,"MLFDR",0.05,"ok",FALSE,0.27,"","","649b09f156066be450e51d21980a00de",15,1,14,29,0.0666666666666667,0.482758620689655
"linear_dense_n300_t02_r0001","linear","dense","paper_adjusted",300,1000,1.5,1,78504167,"HDMT",0.05,"ok",FALSE,0.0300000000000002,"ties should not be present for the one-sample Kolmogorov-Smirnov test","","ebf30224955cb47bc9111929bc6496bf",94,5,89,211,0.0531914893617021,0.421800947867299
"linear_dense_n300_t02_r0001","linear","dense","paper_adjusted",300,1000,1.5,1,78504167,"MDACT",0.05,"ok",FALSE,0.02,"ties should not be present for the one-sample Kolmogorov-Smirnov test","","b073ae3588b7980b94c173d6c466d6af",96,5,91,211,0.0520833333333333,0.431279620853081
"linear_dense_n300_t02_r0001","linear","dense","paper_adjusted",300,1000,1.5,1,78504167,"MLFDR",0.05,"ok",FALSE,0.49,"","","9ef69bb0414cd56ddc3770e27e390dc0",140,3,137,211,0.0214285714285714,0.649289099526066
"confounded_dense_n300_t02_r0001","confounded","dense","paper_adjusted",300,1000,1.5,1,202210108,"HDMT",0.05,"ok",FALSE,0.0500000000000003,"ties should not be present for the one-sample Kolmogorov-Smirnov test","","b14d2cad483694b454a8e5f3e548e1c1",112,4,108,210,0.0357142857142857,0.514285714285714
"confounded_dense_n300_t02_r0001","confounded","dense","paper_adjusted",300,1000,1.5,1,202210108,"MDACT",0.05,"ok",FALSE,0.0800000000000001,"ties should not be present for the one-sample Kolmogorov-Smirnov test","","270bfce3a1b35310e3978f8ce929ff0c",129,5,124,210,0.0387596899224806,0.59047619047619
"confounded_dense_n300_t02_r0001","confounded","dense","paper_adjusted",300,1000,1.5,1,202210108,"MLFDR",0.05,"ok",FALSE,0.32,"","","ad8cd7d5914d041ecc09713e2b92b64c",189,11,178,210,0.0582010582010582,0.847619047619048
"binary_dense_n300_t02_r0001","binary","dense","paper_adjusted",300,1000,1.5,1,93212628,"HDMT",0.05,"ok",FALSE,0.0200000000000005,"","","bc44a2403fcb496de2b4d02872f61122",116,4,112,202,0.0344827586206897,0.554455445544555
"binary_dense_n300_t02_r0001","binary","dense","paper_adjusted",300,1000,1.5,1,93212628,"MDACT",0.05,"ok",FALSE,0.00999999999999979,"","","202ab388f2d01f6a56a248acea0be3cb",124,4,120,202,0.032258064516129,0.594059405940594
"binary_dense_n300_t02_r0001","binary","dense","paper_adjusted",300,1000,1.5,1,93212628,"MLFDR",0.05,"ok",FALSE,0.2,"","","6ae89a3c072fa3fe10a5d761d297dbfa",172,10,162,202,0.0581395348837209,0.801980198019802
"linear_sparse_n300_t03_r0001","linear","sparse","paper_adjusted",300,1000,1.9,1,178269292,"HDMT",0.05,"ok",FALSE,0.0299999999999994,"ties should not be present for the one-sample Kolmogorov-Smirnov test","","78db0055bbd0ebb2efb97a51bd9d81b4",19,0,19,23,0,0.826086956521739
"linear_sparse_n300_t03_r0001","linear","sparse","paper_adjusted",300,1000,1.9,1,178269292,"MDACT",0.05,"ok",FALSE,0,"ties should not be present for the one-sample Kolmogorov-Smirnov test","","3babdfa81513413d5eaf63208c2522a4",19,0,19,23,0,0.826086956521739
"linear_sparse_n300_t03_r0001","linear","sparse","paper_adjusted",300,1000,1.9,1,178269292,"MLFDR",0.05,"ok",FALSE,0.0999999999999996,"","","1f045ddcc0116235bc8dcb47d2d9a837",21,1,20,23,0.0476190476190476,0.869565217391304
"confounded_sparse_n300_t03_r0001","confounded","sparse","paper_adjusted",300,1000,1.9,1,47419932,"HDMT",0.05,"ok",FALSE,0.0300000000000002,"ties should not be present for the one-sample Kolmogorov-Smirnov test","","5e5b95d339cad55325941dc47f0147f6",15,0,15,16,0,0.9375
"confounded_sparse_n300_t03_r0001","confounded","sparse","paper_adjusted",300,1000,1.9,1,47419932,"MDACT",0.05,"ok",FALSE,0.0200000000000005,"ties should not be present for the one-sample Kolmogorov-Smirnov test","","4b7b472948fd714af90e8c7a21db47de",17,1,16,16,0.0588235294117647,1
"confounded_sparse_n300_t03_r0001","confounded","sparse","paper_adjusted",300,1000,1.9,1,47419932,"MLFDR",0.05,"ok",FALSE,0.159999999999999,"","","0f0a04599ba2bdcb7a65546bb5ef4875",17,1,16,16,0.0588235294117647,1
"binary_sparse_n300_t03_r0001","binary","sparse","paper_adjusted",300,1000,1.9,1,62051420,"HDMT",0.05,"ok",FALSE,0.04,"","","c1c95da75852b3df46b8c32088e2d0c8",23,4,19,21,0.173913043478261,0.904761904761905
"binary_sparse_n300_t03_r0001","binary","sparse","paper_adjusted",300,1000,1.9,1,62051420,"MDACT",0.05,"ok",FALSE,0.00999999999999979,"","","e49efebb089e0dd0f7deb78643988942",19,3,16,21,0.157894736842105,0.761904761904762
"binary_sparse_n300_t03_r0001","binary","sparse","paper_adjusted",300,1000,1.9,1,62051420,"MLFDR",0.05,"ok",FALSE,0.11,"","","b323370997e25142ff057ab1998afab5",21,2,19,21,0.0952380952380952,0.904761904761905
"linear_dense_n300_t03_r0001","linear","dense","paper_adjusted",300,1000,1.9,1,192040330,"HDMT",0.05,"ok",FALSE,0.00999999999999979,"ties should not be present for the one-sample Kolmogorov-Smirnov test","","98180d2d533b7fb6274909b46e4832f9",173,4,169,193,0.023121387283237,0.875647668393782
"linear_dense_n300_t03_r0001","linear","dense","paper_adjusted",300,1000,1.9,1,192040330,"MDACT",0.05,"ok",FALSE,0.0200000000000005,"ties should not be present for the one-sample Kolmogorov-Smirnov test","","6132904685282b2ae8785daa93d9048a",179,4,175,193,0.0223463687150838,0.906735751295337
"linear_dense_n300_t03_r0001","linear","dense","paper_adjusted",300,1000,1.9,1,192040330,"MLFDR",0.05,"ok",FALSE,0.17,"","","b55540d9221cfe2b87b56fe32b9687d5",199,11,188,193,0.0552763819095477,0.974093264248705
"confounded_dense_n300_t03_r0001","confounded","dense","paper_adjusted",300,1000,1.9,1,11384120,"HDMT",0.05,"ok",FALSE,0.0300000000000002,"ties should not be present for the one-sample Kolmogorov-Smirnov test","","4e980996a6a0177ede50a9f899931d6c",191,5,186,208,0.0261780104712042,0.894230769230769
"confounded_dense_n300_t03_r0001","confounded","dense","paper_adjusted",300,1000,1.9,1,11384120,"MDACT",0.05,"ok",FALSE,0.0199999999999996,"ties should not be present for the one-sample Kolmogorov-Smirnov test","","30552ed996444a852fad7b27dc5afaf7",190,7,183,208,0.0368421052631579,0.879807692307692
"confounded_dense_n300_t03_r0001","confounded","dense","paper_adjusted",300,1000,1.9,1,11384120,"MLFDR",0.05,"ok",FALSE,0.16,"","","6aa568d96deca9d509a034c2d46e3f2e",214,11,203,208,0.0514018691588785,0.975961538461538
"binary_dense_n300_t03_r0001","binary","dense","paper_adjusted",300,1000,1.9,1,149953256,"HDMT",0.05,"ok",FALSE,0.00999999999999979,"","","b7f39a742d187c492c9212955aaba0aa",170,9,161,210,0.0529411764705882,0.766666666666667
"binary_dense_n300_t03_r0001","binary","dense","paper_adjusted",300,1000,1.9,1,149953256,"MDACT",0.05,"ok",FALSE,0,"","","9e413c12001bee940cca796a9ab1f238",176,10,166,210,0.0568181818181818,0.79047619047619
"binary_dense_n300_t03_r0001","binary","dense","paper_adjusted",300,1000,1.9,1,149953256,"MLFDR",0.05,"ok",FALSE,0.249999999999999,"","","bc95659bc3c492b241ed80d3d039dbc8",213,18,195,210,0.0845070422535211,0.928571428571429
"linear_sparse_n300_t01_r0002","linear","sparse","paper_adjusted",300,1000,1.1,2,50551556,"HDMT",0.05,"ok",FALSE,0.0299999999999994,"ties should not be present for the one-sample Kolmogorov-Smirnov test","","fb26a810eed79d3d11acd428dd382e81",7,0,7,31,0,0.225806451612903
"linear_sparse_n300_t01_r0002","linear","sparse","paper_adjusted",300,1000,1.1,2,50551556,"MDACT",0.05,"ok",FALSE,0,"ties should not be present for the one-sample Kolmogorov-Smirnov test","","83b92dbb7e8a06ea2fb3b4447497e2a6",8,1,7,31,0.125,0.225806451612903
"linear_sparse_n300_t01_r0002","linear","sparse","paper_adjusted",300,1000,1.1,2,50551556,"MLFDR",0.05,"ok",FALSE,0.4,"","","02ad5bf412190a0fb2b4819c32cb1254",21,1,20,31,0.0476190476190476,0.645161290322581
"confounded_sparse_n300_t01_r0002","confounded","sparse","paper_adjusted",300,1000,1.1,2,76088630,"HDMT",0.05,"ok",FALSE,0.0199999999999996,"ties should not be present for the one-sample Kolmogorov-Smirnov test","","77e353ce1970c6201a4827cb5fcf14b4",1,0,1,29,0,0.0344827586206897
"confounded_sparse_n300_t01_r0002","confounded","sparse","paper_adjusted",300,1000,1.1,2,76088630,"MDACT",0.05,"ok",FALSE,0,"ties should not be present for the one-sample Kolmogorov-Smirnov test","","cd75ec157ed1a40a8778c2e2896594fa",1,0,1,29,0,0.0344827586206897
"confounded_sparse_n300_t01_r0002","confounded","sparse","paper_adjusted",300,1000,1.1,2,76088630,"MLFDR",0.05,"ok",FALSE,0.73,"","","1f9894328d09cdb2ffb64d1ac54f6448",5,0,5,29,0,0.172413793103448
"binary_sparse_n300_t01_r0002","binary","sparse","paper_adjusted",300,1000,1.1,2,84829307,"HDMT",0.05,"ok",FALSE,0.0199999999999996,"","","7d535834e6e8b164efec5dca232742c4",1,0,1,16,0,0.0625
"binary_sparse_n300_t01_r0002","binary","sparse","paper_adjusted",300,1000,1.1,2,84829307,"MDACT",0.05,"ok",FALSE,0,"","","315b5811f6e242119f8d8ac243ffd386",1,0,1,16,0,0.0625
"binary_sparse_n300_t01_r0002","binary","sparse","paper_adjusted",300,1000,1.1,2,84829307,"MLFDR",0.05,"ok",FALSE,0.529999999999999,"","","107e75f3b2b675fb70d2cc6fc1fe063e",2,0,2,16,0,0.125
"linear_dense_n300_t01_r0002","linear","dense","paper_adjusted",300,1000,1.1,2,169195478,"HDMT",0.05,"ok",FALSE,0.0300000000000002,"ties should not be present for the one-sample Kolmogorov-Smirnov test","","8810b026fcc073b09695dac80a1a17b5",38,1,37,184,0.0263157894736842,0.201086956521739
"linear_dense_n300_t01_r0002","linear","dense","paper_adjusted",300,1000,1.1,2,169195478,"MDACT",0.05,"ok",FALSE,0,"ties should not be present for the one-sample Kolmogorov-Smirnov test","","91cc65f8355e31a072cf55d35dd0b3f5",48,1,47,184,0.0208333333333333,0.255434782608696
"linear_dense_n300_t01_r0002","linear","dense","paper_adjusted",300,1000,1.1,2,169195478,"MLFDR",0.05,"ok",FALSE,0.62,"","","7678cbf7513dc2b3c675de52f52d2368",103,6,97,184,0.058252427184466,0.527173913043478
"confounded_dense_n300_t01_r0002","confounded","dense","paper_adjusted",300,1000,1.1,2,179030828,"HDMT",0.05,"ok",FALSE,0.0299999999999994,"ties should not be present for the one-sample Kolmogorov-Smirnov test","","a917bb47b60b6bd34fc355492686c8c4",47,1,46,200,0.0212765957446809,0.23
"confounded_dense_n300_t01_r0002","confounded","dense","paper_adjusted",300,1000,1.1,2,179030828,"MDACT",0.05,"ok",FALSE,0.0199999999999996,"ties should not be present for the one-sample Kolmogorov-Smirnov test","","be0bbf8fe36ce66ca2ae075899b4b160",72,1,71,200,0.0138888888888889,0.355
"confounded_dense_n300_t01_r0002","confounded","dense","paper_adjusted",300,1000,1.1,2,179030828,"MLFDR",0.05,"ok",FALSE,0.66,"","","3695f1d69eee2b6259b72d24d0430129",126,6,120,200,0.0476190476190476,0.6
"binary_dense_n300_t01_r0002","binary","dense","paper_adjusted",300,1000,1.1,2,231689748,"HDMT",0.05,"ok",FALSE,0.0299999999999994,"","","467262883b66cadee245f9cf68ea77e7",30,0,30,206,0,0.145631067961165
"binary_dense_n300_t01_r0002","binary","dense","paper_adjusted",300,1000,1.1,2,231689748,"MDACT",0.05,"ok",FALSE,0,"","","06edc5a861ebbb9884f72702cf60c257",64,4,60,206,0.0625,0.29126213592233
"binary_dense_n300_t01_r0002","binary","dense","paper_adjusted",300,1000,1.1,2,231689748,"MLFDR",0.05,"ok",FALSE,0.629999999999999,"","","bd99ecdcdded00cd56187f298c5daa8c",113,5,108,206,0.0442477876106195,0.524271844660194
"linear_sparse_n300_t02_r0002","linear","sparse","paper_adjusted",300,1000,1.5,2,245926919,"HDMT",0.05,"ok",FALSE,0.0299999999999994,"ties should not be present for the one-sample Kolmogorov-Smirnov test","","513b802b20aa22714a3538a80c329cb7",15,0,15,24,0,0.625
"linear_sparse_n300_t02_r0002","linear","sparse","paper_adjusted",300,1000,1.5,2,245926919,"MDACT",0.05,"ok",FALSE,0.0199999999999996,"ties should not be present for the one-sample Kolmogorov-Smirnov test","","2348d3cb637d8aed69b710a00c3e8fc1",12,0,12,24,0,0.5
"linear_sparse_n300_t02_r0002","linear","sparse","paper_adjusted",300,1000,1.5,2,245926919,"MLFDR",0.05,"ok",FALSE,0.529999999999999,"","","d9143c874b4f53c8113402163feaf22b",20,0,20,24,0,0.833333333333333
"confounded_sparse_n300_t02_r0002","confounded","sparse","paper_adjusted",300,1000,1.5,2,116740863,"HDMT",0.05,"ok",FALSE,0.0400000000000009,"ties should not be present for the one-sample Kolmogorov-Smirnov test","","5cd18d2696fcf66762df40441cdc7fcd",6,0,6,16,0,0.375
"confounded_sparse_n300_t02_r0002","confounded","sparse","paper_adjusted",300,1000,1.5,2,116740863,"MDACT",0.05,"ok",FALSE,0,"ties should not be present for the one-sample Kolmogorov-Smirnov test","","417057b23dfa2e2432628e8cee0897d4",6,0,6,16,0,0.375
"confounded_sparse_n300_t02_r0002","confounded","sparse","paper_adjusted",300,1000,1.5,2,116740863,"MLFDR",0.05,"ok",FALSE,0.17,"","","29d79c9388580c4eeabe3de5a424408d",9,0,9,16,0,0.5625
"binary_sparse_n300_t02_r0002","binary","sparse","paper_adjusted",300,1000,1.5,2,139251878,"HDMT",0.05,"ok",FALSE,0.0400000000000009,"","","432d39fe715583a2f8da34280986687f",4,0,4,28,0,0.142857142857143
"binary_sparse_n300_t02_r0002","binary","sparse","paper_adjusted",300,1000,1.5,2,139251878,"MDACT",0.05,"ok",FALSE,0,"","","4674540fe33718a0ea59aed13f31358c",16,1,15,28,0.0625,0.535714285714286
"binary_sparse_n300_t02_r0002","binary","sparse","paper_adjusted",300,1000,1.5,2,139251878,"MLFDR",0.05,"ok",FALSE,0.190000000000001,"","","9743bd8f25522b1c39e843e8a1b12c29",23,1,22,28,0.0434782608695652,0.785714285714286
"linear_dense_n300_t02_r0002","linear","dense","paper_adjusted",300,1000,1.5,2,207563425,"HDMT",0.05,"ok",FALSE,0.0400000000000009,"ties should not be present for the one-sample Kolmogorov-Smirnov test","","5411a4b0e90e248db452265a294f0b94",102,7,95,188,0.0686274509803922,0.50531914893617
"linear_dense_n300_t02_r0002","linear","dense","paper_adjusted",300,1000,1.5,2,207563425,"MDACT",0.05,"ok",FALSE,0,"ties should not be present for the one-sample Kolmogorov-Smirnov test","","994cb6e1c75612e6fb468f32773faeff",113,10,103,188,0.0884955752212389,0.547872340425532
"linear_dense_n300_t02_r0002","linear","dense","paper_adjusted",300,1000,1.5,2,207563425,"MLFDR",0.05,"ok",FALSE,0.370000000000001,"","","48a5c8364f9f0453c2f4bf62013b6531",152,7,145,188,0.0460526315789474,0.771276595744681
"confounded_dense_n300_t02_r0002","confounded","dense","paper_adjusted",300,1000,1.5,2,28182758,"HDMT",0.05,"ok",FALSE,0.0199999999999996,"ties should not be present for the one-sample Kolmogorov-Smirnov test","","d60d53c3d4a8300ff9d784898ccd9db1",145,8,137,191,0.0551724137931034,0.717277486910995
"confounded_dense_n300_t02_r0002","confounded","dense","paper_adjusted",300,1000,1.5,2,28182758,"MDACT",0.05,"ok",FALSE,0,"ties should not be present for the one-sample Kolmogorov-Smirnov test","","ccd875e2f1d6a85efa4a03c6e59ee1af",152,10,142,191,0.0657894736842105,0.743455497382199
"confounded_dense_n300_t02_r0002","confounded","dense","paper_adjusted",300,1000,1.5,2,28182758,"MLFDR",0.05,"ok",FALSE,0.390000000000001,"","","ff17111a4278e52de1ce1b4271b295c8",183,11,172,191,0.0601092896174863,0.900523560209424
"binary_dense_n300_t02_r0002","binary","dense","paper_adjusted",300,1000,1.5,2,214842720,"HDMT",0.05,"ok",FALSE,0.0199999999999996,"","","598392ce5f4c30e2149b5e946c3ba479",116,2,114,211,0.0172413793103448,0.540284360189573
"binary_dense_n300_t02_r0002","binary","dense","paper_adjusted",300,1000,1.5,2,214842720,"MDACT",0.05,"ok",FALSE,0.0199999999999996,"","","e9947eba9e64186c0bb4a7f21474847c",123,2,121,211,0.016260162601626,0.57345971563981
"binary_dense_n300_t02_r0002","binary","dense","paper_adjusted",300,1000,1.5,2,214842720,"MLFDR",0.05,"ok",FALSE,0.41,"","","7948768b2d9460baebd40d6d43d62d22",165,5,160,211,0.0303030303030303,0.758293838862559
"linear_sparse_n300_t03_r0002","linear","sparse","paper_adjusted",300,1000,1.9,2,111275356,"HDMT",0.05,"ok",FALSE,0.0300000000000011,"ties should not be present for the one-sample Kolmogorov-Smirnov test","","f707d9db8e81209e8ea39716dd204331",15,0,15,20,0,0.75
"linear_sparse_n300_t03_r0002","linear","sparse","paper_adjusted",300,1000,1.9,2,111275356,"MDACT",0.05,"ok",FALSE,0.00999999999999979,"ties should not be present for the one-sample Kolmogorov-Smirnov test","","05b7f3191cb35ab99ec8c2eaf72ea83d",16,0,16,20,0,0.8
"linear_sparse_n300_t03_r0002","linear","sparse","paper_adjusted",300,1000,1.9,2,111275356,"MLFDR",0.05,"ok",FALSE,0.130000000000001,"","","2fedb4c6e38bdcdf8c29682a40d53050",18,2,16,20,0.111111111111111,0.8
"confounded_sparse_n300_t03_r0002","confounded","sparse","paper_adjusted",300,1000,1.9,2,42075332,"HDMT",0.05,"ok",FALSE,0.0199999999999996,"ties should not be present for the one-sample Kolmogorov-Smirnov test","","b3fc703306a99098e66ceb80e5e4467d",13,1,12,18,0.0769230769230769,0.666666666666667
"confounded_sparse_n300_t03_r0002","confounded","sparse","paper_adjusted",300,1000,1.9,2,42075332,"MDACT",0.05,"ok",FALSE,0,"ties should not be present for the one-sample Kolmogorov-Smirnov test","","63046212da5acdbf98348ae7fe7a947e",14,1,13,18,0.0714285714285714,0.722222222222222
"confounded_sparse_n300_t03_r0002","confounded","sparse","paper_adjusted",300,1000,1.9,2,42075332,"MLFDR",0.05,"ok",FALSE,0.199999999999999,"","","0b538796a9f5abcbb351828219c3f280",17,1,16,18,0.0588235294117647,0.888888888888889
"binary_sparse_n300_t03_r0002","binary","sparse","paper_adjusted",300,1000,1.9,2,168964503,"HDMT",0.05,"ok",FALSE,0.0500000000000007,"","","3caeca6df68205d0ab330c3e9fd50a7d",13,0,13,19,0,0.684210526315789
"binary_sparse_n300_t03_r0002","binary","sparse","paper_adjusted",300,1000,1.9,2,168964503,"MDACT",0.05,"ok",FALSE,0.0199999999999996,"","","6d34ab75aff62b73e25ee574de4c0187",13,0,13,19,0,0.684210526315789
"binary_sparse_n300_t03_r0002","binary","sparse","paper_adjusted",300,1000,1.9,2,168964503,"MLFDR",0.05,"ok",FALSE,0.19,"","","9471ea7fbd5b3ffa8a2759d2482d4b31",17,1,16,19,0.0588235294117647,0.842105263157895
"linear_dense_n300_t03_r0002","linear","dense","paper_adjusted",300,1000,1.9,2,242393650,"HDMT",0.05,"ok",FALSE,0.0299999999999994,"ties should not be present for the one-sample Kolmogorov-Smirnov test","","e5a8227060789660f5fb63761882aaf0",172,5,167,193,0.0290697674418605,0.865284974093264
"linear_dense_n300_t03_r0002","linear","dense","paper_adjusted",300,1000,1.9,2,242393650,"MDACT",0.05,"ok",FALSE,0.00999999999999979,"ties should not be present for the one-sample Kolmogorov-Smirnov test","","b5dd48c587b1e708ae79f8f9a36270c2",175,5,170,193,0.0285714285714286,0.880829015544041
"linear_dense_n300_t03_r0002","linear","dense","paper_adjusted",300,1000,1.9,2,242393650,"MLFDR",0.05,"ok",FALSE,0.17,"","","9a25b250667893c58435cff3287fc955",197,12,185,193,0.0609137055837563,0.958549222797927
"confounded_dense_n300_t03_r0002","confounded","dense","paper_adjusted",300,1000,1.9,2,196475182,"HDMT",0.05,"ok",FALSE,0.0299999999999994,"ties should not be present for the one-sample Kolmogorov-Smirnov test","","dc4b8d49f826cff58eda68843847512c",208,5,203,218,0.0240384615384615,0.931192660550459
"confounded_dense_n300_t03_r0002","confounded","dense","paper_adjusted",300,1000,1.9,2,196475182,"MDACT",0.05,"ok",FALSE,0.0199999999999996,"ties should not be present for the one-sample Kolmogorov-Smirnov test","","68af4037a65a9efa147e67c537d17654",208,5,203,218,0.0240384615384615,0.931192660550459
"confounded_dense_n300_t03_r0002","confounded","dense","paper_adjusted",300,1000,1.9,2,196475182,"MLFDR",0.05,"ok",FALSE,0.17,"","","a91e44b7023a0df01395bef22e203baf",229,18,211,218,0.0786026200873362,0.967889908256881
"binary_dense_n300_t03_r0002","binary","dense","paper_adjusted",300,1000,1.9,2,16183694,"HDMT",0.05,"ok",FALSE,0.0299999999999994,"","","d4d4d5ebbbb9438708cdf3cbd7b50019",168,7,161,213,0.0416666666666667,0.755868544600939
"binary_dense_n300_t03_r0002","binary","dense","paper_adjusted",300,1000,1.9,2,16183694,"MDACT",0.05,"ok",FALSE,0.00999999999999979,"","","0860cfbf4135f7372103837ff54945f3",180,10,170,213,0.0555555555555556,0.7981220657277
"binary_dense_n300_t03_r0002","binary","dense","paper_adjusted",300,1000,1.9,2,16183694,"MLFDR",0.05,"ok",FALSE,0.120000000000001,"","","b1513377814f8db2ae79708ec0ce7955",204,9,195,213,0.0441176470588235,0.915492957746479
"linear_sparse_n300_t01_r0003","linear","sparse","paper_adjusted",300,1000,1.1,3,116301651,"HDMT",0.05,"ok",FALSE,0.0299999999999994,"ties should not be present for the one-sample Kolmogorov-Smirnov test","","f3903e299b4a1ce560cff37387122d52",0,0,0,23,0,0
"linear_sparse_n300_t01_r0003","linear","sparse","paper_adjusted",300,1000,1.1,3,116301651,"MDACT",0.05,"ok",FALSE,0.0199999999999996,"ties should not be present for the one-sample Kolmogorov-Smirnov test","","110770da57c49d2002877bea2ba42078",0,0,0,23,0,0
"linear_sparse_n300_t01_r0003","linear","sparse","paper_adjusted",300,1000,1.1,3,116301651,"MLFDR",0.05,"ok",FALSE,0.75,"","","7e90752acd00cdb4f679b43fcfcac121",0,0,0,23,0,0
"confounded_sparse_n300_t01_r0003","confounded","sparse","paper_adjusted",300,1000,1.1,3,17943470,"HDMT",0.05,"ok",FALSE,0.0399999999999991,"ties should not be present for the one-sample Kolmogorov-Smirnov test","","ea031c4fe23901369353a6c141903695",2,0,2,24,0,0.0833333333333333
"confounded_sparse_n300_t01_r0003","confounded","sparse","paper_adjusted",300,1000,1.1,3,17943470,"MDACT",0.05,"ok",FALSE,0.00999999999999979,"ties should not be present for the one-sample Kolmogorov-Smirnov test","","0f7ba07897467de165070a584d6cba47",4,0,4,24,0,0.166666666666667
"confounded_sparse_n300_t01_r0003","confounded","sparse","paper_adjusted",300,1000,1.1,3,17943470,"MLFDR",0.05,"ok",FALSE,0.390000000000001,"","","4c7e1f7a3714c6f6005e76ad56ecaf18",14,0,14,24,0,0.583333333333333
"binary_sparse_n300_t01_r0003","binary","sparse","paper_adjusted",300,1000,1.1,3,251219166,"HDMT",0.05,"ok",FALSE,0.0199999999999996,"","","d5077aea7a538d5dcae1fc4e9c52bd7c",4,0,4,26,0,0.153846153846154
"binary_sparse_n300_t01_r0003","binary","sparse","paper_adjusted",300,1000,1.1,3,251219166,"MDACT",0.05,"ok",FALSE,0,"","","93ba0670984116dddaeeb970022e04f4",2,0,2,26,0,0.0769230769230769
"binary_sparse_n300_t01_r0003","binary","sparse","paper_adjusted",300,1000,1.1,3,251219166,"MLFDR",0.05,"ok",FALSE,0.27,"","","a29e4ce7a316ff33c31f382a8bbde540",12,1,11,26,0.0833333333333333,0.423076923076923
"linear_dense_n300_t01_r0003","linear","dense","paper_adjusted",300,1000,1.1,3,67082904,"HDMT",0.05,"ok",FALSE,0.0299999999999994,"ties should not be present for the one-sample Kolmogorov-Smirnov test","","7466fadd3100df6045d9127bc432e341",44,0,44,204,0,0.215686274509804
"linear_dense_n300_t01_r0003","linear","dense","paper_adjusted",300,1000,1.1,3,67082904,"MDACT",0.05,"ok",FALSE,0,"ties should not be present for the one-sample Kolmogorov-Smirnov test","","aa38238cc71c2cc4208ede1b01b5a1fd",51,0,51,204,0,0.25
"linear_dense_n300_t01_r0003","linear","dense","paper_adjusted",300,1000,1.1,3,67082904,"MLFDR",0.05,"ok",FALSE,0.720000000000001,"","","c1ab2584b193a9e4339976b8248033e5",95,2,93,204,0.0210526315789474,0.455882352941176
"confounded_dense_n300_t01_r0003","confounded","dense","paper_adjusted",300,1000,1.1,3,10645477,"HDMT",0.05,"ok",FALSE,0.0100000000000016,"ties should not be present for the one-sample Kolmogorov-Smirnov test","","72f79ffd358a19e1e8dba51ad84ea56c",29,0,29,181,0,0.160220994475138
"confounded_dense_n300_t01_r0003","confounded","dense","paper_adjusted",300,1000,1.1,3,10645477,"MDACT",0.05,"ok",FALSE,0,"ties should not be present for the one-sample Kolmogorov-Smirnov test","","1096da8f527c92e5daeeb8a9b95c248a",36,0,36,181,0,0.198895027624309
"confounded_dense_n300_t01_r0003","confounded","dense","paper_adjusted",300,1000,1.1,3,10645477,"MLFDR",0.05,"ok",FALSE,0.859999999999999,"","","b5653e155f5fe5f8df98093996c38247",79,7,72,181,0.0886075949367089,0.397790055248619
"binary_dense_n300_t01_r0003","binary","dense","paper_adjusted",300,1000,1.1,3,262818603,"HDMT",0.05,"ok",FALSE,0.0299999999999976,"","","5457ca6cf8e41c60277d9b2e4bdb6161",35,0,35,218,0,0.160550458715596
"binary_dense_n300_t01_r0003","binary","dense","paper_adjusted",300,1000,1.1,3,262818603,"MDACT",0.05,"ok",FALSE,0,"","","89f98ef7fc438ad33ede3b731a2ae738",46,0,46,218,0,0.211009174311927
"binary_dense_n300_t01_r0003","binary","dense","paper_adjusted",300,1000,1.1,3,262818603,"MLFDR",0.05,"ok",FALSE,0.52,"","","9a141f03192450c7eb012e0178adc8c7",109,5,104,218,0.0458715596330275,0.477064220183486
"linear_sparse_n300_t02_r0003","linear","sparse","paper_adjusted",300,1000,1.5,3,152518463,"HDMT",0.05,"ok",FALSE,0.0399999999999991,"ties should not be present for the one-sample Kolmogorov-Smirnov test","","7a4093e4c5554e812e5367fe5a4b8585",9,0,9,16,0,0.5625
"linear_sparse_n300_t02_r0003","linear","sparse","paper_adjusted",300,1000,1.5,3,152518463,"MDACT",0.05,"ok",FALSE,0,"ties should not be present for the one-sample Kolmogorov-Smirnov test","","a87c1d2a2dd3cb4abc4822ac4eb8c31a",11,0,11,16,0,0.6875
"linear_sparse_n300_t02_r0003","linear","sparse","paper_adjusted",300,1000,1.5,3,152518463,"MLFDR",0.05,"ok",FALSE,0.25,"","","28a87857e130bf87badc4b8788189e96",13,1,12,16,0.0769230769230769,0.75
"confounded_sparse_n300_t02_r0003","confounded","sparse","paper_adjusted",300,1000,1.5,3,165101503,"HDMT",0.05,"ok",FALSE,0.0300000000000011,"ties should not be present for the one-sample Kolmogorov-Smirnov test","","b2307b1a88ea98883210348077c06f8e",7,0,7,13,0,0.538461538461538
"confounded_sparse_n300_t02_r0003","confounded","sparse","paper_adjusted",300,1000,1.5,3,165101503,"MDACT",0.05,"ok",FALSE,0.0199999999999996,"ties should not be present for the one-sample Kolmogorov-Smirnov test","","a934291bb680fc9ab2af68cec10a5a1f",3,0,3,13,0,0.230769230769231
"confounded_sparse_n300_t02_r0003","confounded","sparse","paper_adjusted",300,1000,1.5,3,165101503,"MLFDR",0.05,"ok",FALSE,0.229999999999997,"","","9f87a3b5cbdaa588b3510823cf28dcff",12,0,12,13,0,0.923076923076923
"binary_sparse_n300_t02_r0003","binary","sparse","paper_adjusted",300,1000,1.5,3,161946469,"HDMT",0.05,"ok",FALSE,0.0299999999999976,"","","9b7828fc03d674cb29c5150061fc863a",5,0,5,20,0,0.25
"binary_sparse_n300_t02_r0003","binary","sparse","paper_adjusted",300,1000,1.5,3,161946469,"MDACT",0.05,"ok",FALSE,0.0100000000000016,"","","a18c16350e8f7a73660a787de34f172f",7,0,7,20,0,0.35
"binary_sparse_n300_t02_r0003","binary","sparse","paper_adjusted",300,1000,1.5,3,161946469,"MLFDR",0.05,"ok",FALSE,3.41,"","","f0e84cca4e8ea646d0de9d73055a706c",14,0,14,20,0,0.7
"linear_dense_n300_t02_r0003","linear","dense","paper_adjusted",300,1000,1.5,3,127408381,"HDMT",0.05,"ok",FALSE,0.0300000000000011,"ties should not be present for the one-sample Kolmogorov-Smirnov test","","b838214084efdbe8234ec1c4bb01e7e1",127,1,126,213,0.0078740157480315,0.591549295774648
"linear_dense_n300_t02_r0003","linear","dense","paper_adjusted",300,1000,1.5,3,127408381,"MDACT",0.05,"ok",FALSE,0.00999999999999801,"ties should not be present for the one-sample Kolmogorov-Smirnov test","","0cc5b57869d9a118e1abbb97f498e9f6",133,3,130,213,0.0225563909774436,0.610328638497653
"linear_dense_n300_t02_r0003","linear","dense","paper_adjusted",300,1000,1.5,3,127408381,"MLFDR",0.05,"ok",FALSE,0.560000000000002,"","","8bbe4f5e88d75c0604caedd1871e0cce",181,5,176,213,0.0276243093922652,0.826291079812207
"confounded_dense_n300_t02_r0003","confounded","dense","paper_adjusted",300,1000,1.5,3,265992223,"HDMT",0.05,"ok",FALSE,0.0299999999999976,"ties should not be present for the one-sample Kolmogorov-Smirnov test","","bf353c29ff9444023dc3d35b99376762",129,3,126,217,0.0232558139534884,0.580645161290323
"confounded_dense_n300_t02_r0003","confounded","dense","paper_adjusted",300,1000,1.5,3,265992223,"MDACT",0.05,"ok",FALSE,0,"ties should not be present for the one-sample Kolmogorov-Smirnov test","","e1490505f426cdb215f9099fc6371f77",141,3,138,217,0.0212765957446809,0.63594470046083
"confounded_dense_n300_t02_r0003","confounded","dense","paper_adjusted",300,1000,1.5,3,265992223,"MLFDR",0.05,"ok",FALSE,0.219999999999999,"","","591daa9983b9032f86d1dd2d62ccb0c8",201,14,187,217,0.0696517412935323,0.861751152073733
"binary_dense_n300_t02_r0003","binary","dense","paper_adjusted",300,1000,1.5,3,95147082,"HDMT",0.05,"ok",FALSE,0.0300000000000011,"","","0c3dc11dae53a0d090469146c6a687d0",113,2,111,204,0.0176991150442478,0.544117647058823
"binary_dense_n300_t02_r0003","binary","dense","paper_adjusted",300,1000,1.5,3,95147082,"MDACT",0.05,"ok",FALSE,0.0199999999999996,"","","b55d4fe5327b6b52211714b8538825cd",130,4,126,204,0.0307692307692308,0.617647058823529
"binary_dense_n300_t02_r0003","binary","dense","paper_adjusted",300,1000,1.5,3,95147082,"MLFDR",0.05,"ok",FALSE,0.219999999999999,"","","0a3f7e638488d33e7fb8fed88d9916c6",171,8,163,204,0.0467836257309941,0.799019607843137
"linear_sparse_n300_t03_r0003","linear","sparse","paper_adjusted",300,1000,1.9,3,78849572,"HDMT",0.05,"ok",FALSE,0.0299999999999976,"ties should not be present for the one-sample Kolmogorov-Smirnov test","","69137a2568c691a9aae1ab67d474e34a",14,1,13,21,0.0714285714285714,0.619047619047619
"linear_sparse_n300_t03_r0003","linear","sparse","paper_adjusted",300,1000,1.9,3,78849572,"MDACT",0.05,"ok",FALSE,0.00999999999999801,"ties should not be present for the one-sample Kolmogorov-Smirnov test","","1e28bab140292ab304606016e11adeac",16,1,15,21,0.0625,0.714285714285714
"linear_sparse_n300_t03_r0003","linear","sparse","paper_adjusted",300,1000,1.9,3,78849572,"MLFDR",0.05,"ok",FALSE,0.190000000000001,"","","8a538b83eb223ec0cfa02c697e7a0288",19,1,18,21,0.0526315789473684,0.857142857142857
"confounded_sparse_n300_t03_r0003","confounded","sparse","paper_adjusted",300,1000,1.9,3,60020263,"HDMT",0.05,"ok",FALSE,0.0500000000000007,"ties should not be present for the one-sample Kolmogorov-Smirnov test","","2c715ad262ec1fc527afb7136ba21fcc",21,3,18,20,0.142857142857143,0.9
"confounded_sparse_n300_t03_r0003","confounded","sparse","paper_adjusted",300,1000,1.9,3,60020263,"MDACT",0.05,"ok",FALSE,0.0199999999999996,"ties should not be present for the one-sample Kolmogorov-Smirnov test","","20fbd4ad6c53dc6336deec37513fd812",22,4,18,20,0.181818181818182,0.9
"confounded_sparse_n300_t03_r0003","confounded","sparse","paper_adjusted",300,1000,1.9,3,60020263,"MLFDR",0.05,"ok",FALSE,0.100000000000001,"","","eb1cc912cc67a365e9f508ec1f1fdf62",20,1,19,20,0.05,0.95
"binary_sparse_n300_t03_r0003","binary","sparse","paper_adjusted",300,1000,1.9,3,190044950,"HDMT",0.05,"ok",FALSE,0.0299999999999976,"","","14f364b241a4377a2eba0db2db98dc3a",9,1,8,14,0.111111111111111,0.571428571428571
"binary_sparse_n300_t03_r0003","binary","sparse","paper_adjusted",300,1000,1.9,3,190044950,"MDACT",0.05,"ok",FALSE,0.0199999999999996,"","","e69d82095857253321bddf2acecb4005",8,0,8,14,0,0.571428571428571
"binary_sparse_n300_t03_r0003","binary","sparse","paper_adjusted",300,1000,1.9,3,190044950,"MLFDR",0.05,"ok",FALSE,0.32,"","","3b6e34f0b122fd404a18aa534f87d17e",9,0,9,14,0,0.642857142857143
"linear_dense_n300_t03_r0003","linear","dense","paper_adjusted",300,1000,1.9,3,166607704,"HDMT",0.05,"ok",FALSE,0.0499999999999972,"ties should not be present for the one-sample Kolmogorov-Smirnov test","","8cdac168007e1a352548b02a4009a3a6",184,5,179,209,0.0271739130434783,0.856459330143541
"linear_dense_n300_t03_r0003","linear","dense","paper_adjusted",300,1000,1.9,3,166607704,"MDACT",0.05,"ok",FALSE,0.00999999999999801,"ties should not be present for the one-sample Kolmogorov-Smirnov test","","db5ea6e022a5ed4cd8120933c21d0611",192,7,185,209,0.0364583333333333,0.885167464114832
"linear_dense_n300_t03_r0003","linear","dense","paper_adjusted",300,1000,1.9,3,166607704,"MLFDR",0.05,"ok",FALSE,0.140000000000001,"","","4208023dd07a436379dda33dea7f6d22",211,9,202,209,0.042654028436019,0.966507177033493
"confounded_dense_n300_t03_r0003","confounded","dense","paper_adjusted",300,1000,1.9,3,131090218,"HDMT",0.05,"ok",FALSE,0.0500000000000007,"ties should not be present for the one-sample Kolmogorov-Smirnov test","","abb19c118d1c70fe317eeaab529bec83",171,5,166,181,0.0292397660818713,0.917127071823204
"confounded_dense_n300_t03_r0003","confounded","dense","paper_adjusted",300,1000,1.9,3,131090218,"MDACT",0.05,"ok",FALSE,0.0100000000000016,"ties should not be present for the one-sample Kolmogorov-Smirnov test","","d17e454714739066aad35d690fd48e15",173,5,168,181,0.0289017341040462,0.92817679558011
"confounded_dense_n300_t03_r0003","confounded","dense","paper_adjusted",300,1000,1.9,3,131090218,"MLFDR",0.05,"ok",FALSE,0.219999999999999,"","","eb85fbfcd6612dd317997e6a4943f424",187,10,177,181,0.053475935828877,0.977900552486188
"binary_dense_n300_t03_r0003","binary","dense","paper_adjusted",300,1000,1.9,3,131418667,"HDMT",0.05,"ok",FALSE,0.0300000000000011,"","","37671b38cd736313e783c7e70f93777c",183,8,175,208,0.0437158469945355,0.841346153846154
"binary_dense_n300_t03_r0003","binary","dense","paper_adjusted",300,1000,1.9,3,131418667,"MDACT",0.05,"ok",FALSE,0.0100000000000016,"","","e535579c1fd498d7ea3aca32fbc8a585",188,9,179,208,0.0478723404255319,0.860576923076923
"binary_dense_n300_t03_r0003","binary","dense","paper_adjusted",300,1000,1.9,3,131418667,"MLFDR",0.05,"ok",FALSE,0.149999999999999,"","","658b8c8253e6481acdf31653bae79da2",205,10,195,208,0.0487804878048781,0.9375
"linear_sparse_n300_t01_r0004","linear","sparse","paper_adjusted",300,1000,1.1,4,175081503,"HDMT",0.05,"ok",FALSE,0.0300000000000011,"ties should not be present for the one-sample Kolmogorov-Smirnov test","","811989c0c6064655a0430f445a29d779",8,1,7,21,0.125,0.333333333333333
"linear_sparse_n300_t01_r0004","linear","sparse","paper_adjusted",300,1000,1.1,4,175081503,"MDACT",0.05,"ok",FALSE,0.0100000000000016,"ties should not be present for the one-sample Kolmogorov-Smirnov test","","dd354a52207775f2749f481892d5559c",9,2,7,21,0.222222222222222,0.333333333333333
"linear_sparse_n300_t01_r0004","linear","sparse","paper_adjusted",300,1000,1.1,4,175081503,"MLFDR",0.05,"ok",FALSE,0.330000000000002,"","","d09bc2b233977b516a4c8bcd110be0de",14,1,13,21,0.0714285714285714,0.619047619047619
"confounded_sparse_n300_t01_r0004","confounded","sparse","paper_adjusted",300,1000,1.1,4,154208291,"HDMT",0.05,"ok",FALSE,0.0300000000000011,"ties should not be present for the one-sample Kolmogorov-Smirnov test","","98a5c4b9eb378206b0865e222bf1d7b8",0,0,0,14,0,0
"confounded_sparse_n300_t01_r0004","confounded","sparse","paper_adjusted",300,1000,1.1,4,154208291,"MDACT",0.05,"ok",FALSE,0.0100000000000016,"ties should not be present for the one-sample Kolmogorov-Smirnov test","","1e15107dda00b5580a24769ab3d619e5",1,0,1,14,0,0.0714285714285714
"confounded_sparse_n300_t01_r0004","confounded","sparse","paper_adjusted",300,1000,1.1,4,154208291,"MLFDR",0.05,"ok",FALSE,0.73,"","","2bb3542d8d0908ce96fdccb349324e38",1,0,1,14,0,0.0714285714285714
"binary_sparse_n300_t01_r0004","binary","sparse","paper_adjusted",300,1000,1.1,4,251581373,"HDMT",0.05,"ok",FALSE,0.0199999999999996,"","","6f98ac8cd6240c6a6c40e520b7c6d7e7",0,0,0,22,0,0
"binary_sparse_n300_t01_r0004","binary","sparse","paper_adjusted",300,1000,1.1,4,251581373,"MDACT",0.05,"ok",FALSE,0,"","","0487716307d333cc422921156c88fe86",5,0,5,22,0,0.227272727272727
"binary_sparse_n300_t01_r0004","binary","sparse","paper_adjusted",300,1000,1.1,4,251581373,"MLFDR",0.05,"ok",FALSE,0.990000000000002,"","","a3e6f4ad1c16bcf7ab6e4ca6aa606c7b",6,0,6,22,0,0.272727272727273
"linear_dense_n300_t01_r0004","linear","dense","paper_adjusted",300,1000,1.1,4,55480182,"HDMT",0.05,"ok",FALSE,0.0300000000000011,"ties should not be present for the one-sample Kolmogorov-Smirnov test","","c49af7513009f8bb3c728e28bd193f59",33,0,33,222,0,0.148648648648649
"linear_dense_n300_t01_r0004","linear","dense","paper_adjusted",300,1000,1.1,4,55480182,"MDACT",0.05,"ok",FALSE,0,"ties should not be present for the one-sample Kolmogorov-Smirnov test","","c965d4f18a3bbc59b78fc09fa8214d0c",33,0,33,222,0,0.148648648648649
"linear_dense_n300_t01_r0004","linear","dense","paper_adjusted",300,1000,1.1,4,55480182,"MLFDR",0.05,"ok",FALSE,0.710000000000001,"","","b721767b60f0164586f403a286acb17e",94,5,89,222,0.0531914893617021,0.400900900900901
"confounded_dense_n300_t01_r0004","confounded","dense","paper_adjusted",300,1000,1.1,4,244121787,"HDMT",0.05,"ok",FALSE,0.0299999999999976,"ties should not be present for the one-sample Kolmogorov-Smirnov test","","15998dbd7fd930800cc6c3881829d360",76,4,72,217,0.0526315789473684,0.331797235023041
"confounded_dense_n300_t01_r0004","confounded","dense","paper_adjusted",300,1000,1.1,4,244121787,"MDACT",0.05,"ok",FALSE,0.00999999999999801,"ties should not be present for the one-sample Kolmogorov-Smirnov test","","e8e3d0e7dc612bf25af3d44589a8ee80",88,5,83,217,0.0568181818181818,0.382488479262673
"confounded_dense_n300_t01_r0004","confounded","dense","paper_adjusted",300,1000,1.1,4,244121787,"MLFDR",0.05,"ok",FALSE,0.530000000000001,"","","8386f6879f3071126a6bf8263bae4cfb",148,4,144,217,0.027027027027027,0.663594470046083
"binary_dense_n300_t01_r0004","binary","dense","paper_adjusted",300,1000,1.1,4,80883193,"HDMT",0.05,"ok",FALSE,0.0300000000000011,"","","f9a8acb358c87f2bbe4214b4c70a34a3",29,0,29,209,0,0.138755980861244
"binary_dense_n300_t01_r0004","binary","dense","paper_adjusted",300,1000,1.1,4,80883193,"MDACT",0.05,"ok",FALSE,0.0199999999999996,"","","b2ef89ce4f6ec8521fbf1f7b87250564",44,0,44,209,0,0.210526315789474
"binary_dense_n300_t01_r0004","binary","dense","paper_adjusted",300,1000,1.1,4,80883193,"MLFDR",0.05,"ok",FALSE,0.700000000000003,"","","15c35a7fa684607d231888d8f39e0f3b",84,4,80,209,0.0476190476190476,0.382775119617225
"linear_sparse_n300_t02_r0004","linear","sparse","paper_adjusted",300,1000,1.5,4,185393478,"HDMT",0.05,"ok",FALSE,0.0700000000000003,"ties should not be present for the one-sample Kolmogorov-Smirnov test","","b02b230c415f7c8c53b98e24ff85908b",9,0,9,22,0,0.409090909090909
"linear_sparse_n300_t02_r0004","linear","sparse","paper_adjusted",300,1000,1.5,4,185393478,"MDACT",0.05,"ok",FALSE,0,"ties should not be present for the one-sample Kolmogorov-Smirnov test","","ca4816653e502e54e752ea9f9f7db8a7",12,0,12,22,0,0.545454545454545
"linear_sparse_n300_t02_r0004","linear","sparse","paper_adjusted",300,1000,1.5,4,185393478,"MLFDR",0.05,"ok",FALSE,0.219999999999999,"","","165f1efb15a40ce3542b36c9adbbd61a",16,0,16,22,0,0.727272727272727
"confounded_sparse_n300_t02_r0004","confounded","sparse","paper_adjusted",300,1000,1.5,4,145287486,"HDMT",0.05,"ok",FALSE,0.0299999999999976,"ties should not be present for the one-sample Kolmogorov-Smirnov test","","992810b797467097bdf87a7fdeaa4ddd",4,0,4,15,0,0.266666666666667
"confounded_sparse_n300_t02_r0004","confounded","sparse","paper_adjusted",300,1000,1.5,4,145287486,"MDACT",0.05,"ok",FALSE,0,"ties should not be present for the one-sample Kolmogorov-Smirnov test","","8cd5a48b68523168809db3d5523afb00",4,0,4,15,0,0.266666666666667
"confounded_sparse_n300_t02_r0004","confounded","sparse","paper_adjusted",300,1000,1.5,4,145287486,"MLFDR",0.05,"ok",FALSE,0.609999999999999,"","","3d75f8a7e9f806235d1b4e1d1e177819",6,0,6,15,0,0.4
"binary_sparse_n300_t02_r0004","binary","sparse","paper_adjusted",300,1000,1.5,4,151828156,"HDMT",0.05,"ok",FALSE,0.0299999999999976,"","","931c2801306bde9654706bf2d7231754",9,0,9,20,0,0.45
"binary_sparse_n300_t02_r0004","binary","sparse","paper_adjusted",300,1000,1.5,4,151828156,"MDACT",0.05,"ok",FALSE,0.0199999999999996,"","","5a575830c40ee498dc304b729a3fe01f",11,0,11,20,0,0.55
"binary_sparse_n300_t02_r0004","binary","sparse","paper_adjusted",300,1000,1.5,4,151828156,"MLFDR",0.05,"ok",FALSE,1.05,"","","83a429bce2635954b6c299b03289d035",14,0,14,20,0,0.7
"linear_dense_n300_t02_r0004","linear","dense","paper_adjusted",300,1000,1.5,4,189990280,"HDMT",0.05,"ok",FALSE,0.0299999999999976,"ties should not be present for the one-sample Kolmogorov-Smirnov test","","ee33bebf037401b38ef33b6fa4f3ad67",82,2,80,183,0.024390243902439,0.437158469945355
"linear_dense_n300_t02_r0004","linear","dense","paper_adjusted",300,1000,1.5,4,189990280,"MDACT",0.05,"ok",FALSE,0.0100000000000016,"ties should not be present for the one-sample Kolmogorov-Smirnov test","","f4ec1e5d791810bf6e7567dc5cb94ec3",92,3,89,183,0.0326086956521739,0.486338797814208
"linear_dense_n300_t02_r0004","linear","dense","paper_adjusted",300,1000,1.5,4,189990280,"MLFDR",0.05,"ok",FALSE,0.440000000000001,"","","52379f5eda201c36b738ae9d53233474",145,8,137,183,0.0551724137931034,0.748633879781421
"confounded_dense_n300_t02_r0004","confounded","dense","paper_adjusted",300,1000,1.5,4,35780825,"HDMT",0.05,"ok",FALSE,0.00999999999999801,"ties should not be present for the one-sample Kolmogorov-Smirnov test","","c802b72f8cc18c123e99b7e83b7f369c",81,3,78,198,0.037037037037037,0.393939393939394
"confounded_dense_n300_t02_r0004","confounded","dense","paper_adjusted",300,1000,1.5,4,35780825,"MDACT",0.05,"ok",FALSE,0,"ties should not be present for the one-sample Kolmogorov-Smirnov test","","e671e21ead59d46c96b570e74040e10e",101,3,98,198,0.0297029702970297,0.494949494949495
"confounded_dense_n300_t02_r0004","confounded","dense","paper_adjusted",300,1000,1.5,4,35780825,"MLFDR",0.05,"ok",FALSE,0.239999999999998,"","","7c23c7cf7185a44acd691045bce36365",152,5,147,198,0.0328947368421053,0.742424242424242
"binary_dense_n300_t02_r0004","binary","dense","paper_adjusted",300,1000,1.5,4,78007814,"HDMT",0.05,"ok",FALSE,0.0399999999999991,"","","ec6ec8fe0b72ff1917bda059d4e50878",137,4,133,198,0.0291970802919708,0.671717171717172
"binary_dense_n300_t02_r0004","binary","dense","paper_adjusted",300,1000,1.5,4,78007814,"MDACT",0.05,"ok",FALSE,0.0199999999999996,"","","cc75d8cc59adeb13bf6040e675388885",145,4,141,198,0.0275862068965517,0.712121212121212
"binary_dense_n300_t02_r0004","binary","dense","paper_adjusted",300,1000,1.5,4,78007814,"MLFDR",0.05,"ok",FALSE,0.170000000000002,"","","5baa14b5a3b93e003b49804f21ce2d7b",184,10,174,198,0.0543478260869565,0.878787878787879
"linear_sparse_n300_t03_r0004","linear","sparse","paper_adjusted",300,1000,1.9,4,4492428,"HDMT",0.05,"ok",FALSE,0.0300000000000011,"ties should not be present for the one-sample Kolmogorov-Smirnov test","","38938d66ea25d9ca2d2eab19c2d5476a",15,2,13,18,0.133333333333333,0.722222222222222
"linear_sparse_n300_t03_r0004","linear","sparse","paper_adjusted",300,1000,1.9,4,4492428,"MDACT",0.05,"ok",FALSE,0,"ties should not be present for the one-sample Kolmogorov-Smirnov test","","8b526c531abcb41079074b0a1dbe15d9",16,3,13,18,0.1875,0.722222222222222
"linear_sparse_n300_t03_r0004","linear","sparse","paper_adjusted",300,1000,1.9,4,4492428,"MLFDR",0.05,"ok",FALSE,0.609999999999999,"","","243e75ac5fc49db174b00ceae42bcfa6",18,3,15,18,0.166666666666667,0.833333333333333
"confounded_sparse_n300_t03_r0004","confounded","sparse","paper_adjusted",300,1000,1.9,4,172462337,"HDMT",0.05,"ok",FALSE,0.0200000000000031,"ties should not be present for the one-sample Kolmogorov-Smirnov test","","6b730a03bb31b24583c83cebc16405b5",14,3,11,16,0.214285714285714,0.6875
"confounded_sparse_n300_t03_r0004","confounded","sparse","paper_adjusted",300,1000,1.9,4,172462337,"MDACT",0.05,"ok",FALSE,0.0199999999999996,"ties should not be present for the one-sample Kolmogorov-Smirnov test","","41ceac0ffbdf8b44a620744e894c2e70",16,3,13,16,0.1875,0.8125
"confounded_sparse_n300_t03_r0004","confounded","sparse","paper_adjusted",300,1000,1.9,4,172462337,"MLFDR",0.05,"ok",FALSE,0.199999999999999,"","","28f7052ce44ef5225dd9539e6b050656",14,1,13,16,0.0714285714285714,0.8125
"binary_sparse_n300_t03_r0004","binary","sparse","paper_adjusted",300,1000,1.9,4,21420952,"HDMT",0.05,"ok",FALSE,0.0199999999999996,"","","df582a7230a576e09e052eea7b8d76bc",15,0,15,22,0,0.681818181818182
"binary_sparse_n300_t03_r0004","binary","sparse","paper_adjusted",300,1000,1.9,4,21420952,"MDACT",0.05,"ok",FALSE,0,"","","d9afeef2e5f52399848ff5e46ba852fd",15,0,15,22,0,0.681818181818182
"binary_sparse_n300_t03_r0004","binary","sparse","paper_adjusted",300,1000,1.9,4,21420952,"MLFDR",0.05,"ok",FALSE,0.32,"","","7a36ea7491fe1876914ef4bc8f358fc0",18,0,18,22,0,0.818181818181818
"linear_dense_n300_t03_r0004","linear","dense","paper_adjusted",300,1000,1.9,4,232575646,"HDMT",0.05,"ok",FALSE,0.0199999999999996,"ties should not be present for the one-sample Kolmogorov-Smirnov test","","53b761b0b91132840d6552383355ae50",199,10,189,216,0.050251256281407,0.875
"linear_dense_n300_t03_r0004","linear","dense","paper_adjusted",300,1000,1.9,4,232575646,"MDACT",0.05,"ok",FALSE,0,"ties should not be present for the one-sample Kolmogorov-Smirnov test","","6c5cc59e5a5e45524b3aff2348686a0f",201,9,192,216,0.0447761194029851,0.888888888888889
"linear_dense_n300_t03_r0004","linear","dense","paper_adjusted",300,1000,1.9,4,232575646,"MLFDR",0.05,"ok",FALSE,0.16,"","","4ee4a20b11906e75a22d5f8ae131ea6e",218,10,208,216,0.0458715596330275,0.962962962962963
"confounded_dense_n300_t03_r0004","confounded","dense","paper_adjusted",300,1000,1.9,4,168466881,"HDMT",0.05,"ok",FALSE,0.0299999999999976,"ties should not be present for the one-sample Kolmogorov-Smirnov test","","547491b50f81d5bdd2986b2678b8ef3d",163,9,154,199,0.0552147239263804,0.773869346733668
"confounded_dense_n300_t03_r0004","confounded","dense","paper_adjusted",300,1000,1.9,4,168466881,"MDACT",0.05,"ok",FALSE,0.00999999999999801,"ties should not be present for the one-sample Kolmogorov-Smirnov test","","07baf85d5fab3a28d4667e04b0db7829",165,8,157,199,0.0484848484848485,0.78894472361809
"confounded_dense_n300_t03_r0004","confounded","dense","paper_adjusted",300,1000,1.9,4,168466881,"MLFDR",0.05,"ok",FALSE,0.199999999999999,"","","b815e5a8d310bb739272309bea1b342a",199,13,186,199,0.0653266331658292,0.934673366834171
"binary_dense_n300_t03_r0004","binary","dense","paper_adjusted",300,1000,1.9,4,178849806,"HDMT",0.05,"ok",FALSE,0.00999999999999801,"","","906f7c6e7b43214c8e5d4eaebadff0fd",181,9,172,187,0.0497237569060773,0.919786096256685
"binary_dense_n300_t03_r0004","binary","dense","paper_adjusted",300,1000,1.9,4,178849806,"MDACT",0.05,"ok",FALSE,0,"","","7e4aa3dcad7f871e8a571b8608543822",183,10,173,187,0.0546448087431694,0.925133689839572
"binary_dense_n300_t03_r0004","binary","dense","paper_adjusted",300,1000,1.9,4,178849806,"MLFDR",0.05,"ok",FALSE,0.109999999999999,"","","ee685df3e42133fe24af379d9dbe7820",201,15,186,187,0.0746268656716418,0.994652406417112
"linear_sparse_n300_t01_r0005","linear","sparse","paper_adjusted",300,1000,1.1,5,77471191,"HDMT",0.05,"ok",FALSE,0.0300000000000011,"ties should not be present for the one-sample Kolmogorov-Smirnov test","","3747d7b979a23f95825915dd6eac0eaa",9,3,6,29,0.333333333333333,0.206896551724138
"linear_sparse_n300_t01_r0005","linear","sparse","paper_adjusted",300,1000,1.1,5,77471191,"MDACT",0.05,"ok",FALSE,0.0200000000000031,"ties should not be present for the one-sample Kolmogorov-Smirnov test","","d3562e0493eb4f3d412e1917b2cdfca1",8,2,6,29,0.25,0.206896551724138
"linear_sparse_n300_t01_r0005","linear","sparse","paper_adjusted",300,1000,1.1,5,77471191,"MLFDR",0.05,"ok",FALSE,2.28,"","","ed1164c8fcf89bbdc31a1b05048bf000",6,1,5,29,0.166666666666667,0.172413793103448
"confounded_sparse_n300_t01_r0005","confounded","sparse","paper_adjusted",300,1000,1.1,5,86511775,"HDMT",0.05,"ok",FALSE,0.0300000000000011,"ties should not be present for the one-sample Kolmogorov-Smirnov test","","cdd995945ca8a1e296ec8980410c3c2f",2,0,2,18,0,0.111111111111111
"confounded_sparse_n300_t01_r0005","confounded","sparse","paper_adjusted",300,1000,1.1,5,86511775,"MDACT",0.05,"ok",FALSE,0,"ties should not be present for the one-sample Kolmogorov-Smirnov test","","e529fdfcf73c2fdec57b1c7fff4521f4",9,0,9,18,0,0.5
"confounded_sparse_n300_t01_r0005","confounded","sparse","paper_adjusted",300,1000,1.1,5,86511775,"MLFDR",0.05,"ok",FALSE,0.969999999999999,"","","7133c009457b4d0a76a9f861fb752185",4,0,4,18,0,0.222222222222222
"binary_sparse_n300_t01_r0005","binary","sparse","paper_adjusted",300,1000,1.1,5,100985529,"HDMT",0.05,"ok",FALSE,0.0300000000000011,"","","349a26532e013f7b89570b54b822987e",2,0,2,13,0,0.153846153846154
"binary_sparse_n300_t01_r0005","binary","sparse","paper_adjusted",300,1000,1.1,5,100985529,"MDACT",0.05,"ok",FALSE,0,"","","c06231600269361c1cbd42671444b900",2,0,2,13,0,0.153846153846154
"binary_sparse_n300_t01_r0005","binary","sparse","paper_adjusted",300,1000,1.1,5,100985529,"MLFDR",0.05,"ok",FALSE,0.719999999999999,"","","d14448d8faeaf1b9b82a3f40e4d38cc9",2,0,2,13,0,0.153846153846154
"linear_dense_n300_t01_r0005","linear","dense","paper_adjusted",300,1000,1.1,5,834287,"HDMT",0.05,"ok",FALSE,0.0300000000000011,"ties should not be present for the one-sample Kolmogorov-Smirnov test","","c88fd8523f0a0dc466aa0878a11c1558",49,1,48,218,0.0204081632653061,0.220183486238532
"linear_dense_n300_t01_r0005","linear","dense","paper_adjusted",300,1000,1.1,5,834287,"MDACT",0.05,"ok",FALSE,0.0200000000000031,"ties should not be present for the one-sample Kolmogorov-Smirnov test","","be8a1e7f534b4ee22d848397f72bf30f",77,3,74,218,0.038961038961039,0.339449541284404
"linear_dense_n300_t01_r0005","linear","dense","paper_adjusted",300,1000,1.1,5,834287,"MLFDR",0.05,"ok",FALSE,0.380000000000003,"","","6e52fc4b0a7d14273782860ce80c3d77",144,3,141,218,0.0208333333333333,0.646788990825688
"confounded_dense_n300_t01_r0005","confounded","dense","paper_adjusted",300,1000,1.1,5,164450448,"HDMT",0.05,"ok",FALSE,0.0300000000000011,"ties should not be present for the one-sample Kolmogorov-Smirnov test","","ccfd46c05582ec3131a00887ec50996a",65,1,64,193,0.0153846153846154,0.33160621761658
"confounded_dense_n300_t01_r0005","confounded","dense","paper_adjusted",300,1000,1.1,5,164450448,"MDACT",0.05,"ok",FALSE,0.00999999999999801,"ties should not be present for the one-sample Kolmogorov-Smirnov test","","d3f7ca87d0f13266dc7e03f7707e9238",71,1,70,193,0.0140845070422535,0.362694300518135
"confounded_dense_n300_t01_r0005","confounded","dense","paper_adjusted",300,1000,1.1,5,164450448,"MLFDR",0.05,"ok",FALSE,0.5,"","","dd00050292cab19b7d75a9a78b258224",122,8,114,193,0.0655737704918033,0.590673575129534
"binary_dense_n300_t01_r0005","binary","dense","paper_adjusted",300,1000,1.1,5,189584547,"HDMT",0.05,"ok",FALSE,0.029999999999994,"","","eea6b27af42fca715b67a3dbd6f0aec0",32,2,30,197,0.0625,0.152284263959391
"binary_dense_n300_t01_r0005","binary","dense","paper_adjusted",300,1000,1.1,5,189584547,"MDACT",0.05,"ok",FALSE,0,"","","b03cf6a210e126d811230536c4df6551",47,5,42,197,0.106382978723404,0.213197969543147
"binary_dense_n300_t01_r0005","binary","dense","paper_adjusted",300,1000,1.1,5,189584547,"MLFDR",0.05,"ok",FALSE,0.520000000000003,"","","7c0523dae0d0c94fa80eb37795dd3d99",82,5,77,197,0.0609756097560976,0.390862944162437
"linear_sparse_n300_t02_r0005","linear","sparse","paper_adjusted",300,1000,1.5,5,120589314,"HDMT",0.05,"ok",FALSE,0.0300000000000011,"ties should not be present for the one-sample Kolmogorov-Smirnov test","","7c835274d95cb2c6970699330dd6cdc6",6,1,5,12,0.166666666666667,0.416666666666667
"linear_sparse_n300_t02_r0005","linear","sparse","paper_adjusted",300,1000,1.5,5,120589314,"MDACT",0.05,"ok",FALSE,0,"ties should not be present for the one-sample Kolmogorov-Smirnov test","","f1a352ad838c2dd4b69cfa0563a255bf",7,2,5,12,0.285714285714286,0.416666666666667
"linear_sparse_n300_t02_r0005","linear","sparse","paper_adjusted",300,1000,1.5,5,120589314,"MLFDR",0.05,"ok",FALSE,0.899999999999999,"","","20cef8b6329730eafe65e87ab9e525a8",13,3,10,12,0.230769230769231,0.833333333333333
"confounded_sparse_n300_t02_r0005","confounded","sparse","paper_adjusted",300,1000,1.5,5,215643859,"HDMT",0.05,"ok",FALSE,0.0300000000000011,"ties should not be present for the one-sample Kolmogorov-Smirnov test","","99683a401637bbfdb8c68e9bc215e6b9",4,0,4,21,0,0.19047619047619
"confounded_sparse_n300_t02_r0005","confounded","sparse","paper_adjusted",300,1000,1.5,5,215643859,"MDACT",0.05,"ok",FALSE,0.0200000000000031,"ties should not be present for the one-sample Kolmogorov-Smirnov test","","8c6f01349d9ec62c1134fbfb4f0419da",6,0,6,21,0,0.285714285714286
"confounded_sparse_n300_t02_r0005","confounded","sparse","paper_adjusted",300,1000,1.5,5,215643859,"MLFDR",0.05,"ok",FALSE,0.380000000000003,"","","1943d7f388a64d394164bfe143131ddc",14,0,14,21,0,0.666666666666667
"binary_sparse_n300_t02_r0005","binary","sparse","paper_adjusted",300,1000,1.5,5,192940237,"HDMT",0.05,"ok",FALSE,0.0399999999999991,"","","d9c3e236316809f2f3239f8668c45bd1",10,0,10,19,0,0.526315789473684
"binary_sparse_n300_t02_r0005","binary","sparse","paper_adjusted",300,1000,1.5,5,192940237,"MDACT",0.05,"ok",FALSE,0.0200000000000031,"","","dcb36446dcda601cfbdb666443c7a475",11,0,11,19,0,0.578947368421053
"binary_sparse_n300_t02_r0005","binary","sparse","paper_adjusted",300,1000,1.5,5,192940237,"MLFDR",0.05,"ok",FALSE,0.210000000000001,"","","efae447d3be513d32ab9ccfe68f21c8f",16,1,15,19,0.0625,0.789473684210526
"linear_dense_n300_t02_r0005","linear","dense","paper_adjusted",300,1000,1.5,5,2425656,"HDMT",0.05,"ok",FALSE,0.0200000000000031,"ties should not be present for the one-sample Kolmogorov-Smirnov test","","dab65ee55cb2c6914073a3ca7d7027e2",133,4,129,233,0.0300751879699248,0.553648068669528
"linear_dense_n300_t02_r0005","linear","dense","paper_adjusted",300,1000,1.5,5,2425656,"MDACT",0.05,"ok",FALSE,0.00999999999999801,"ties should not be present for the one-sample Kolmogorov-Smirnov test","","4e19cacce8cacb5cdd61b23867f8afb6",167,5,162,233,0.029940119760479,0.695278969957081
"linear_dense_n300_t02_r0005","linear","dense","paper_adjusted",300,1000,1.5,5,2425656,"MLFDR",0.05,"ok",FALSE,0.480000000000004,"","","45ce39e4800b4d5b2c42f35c03a04541",204,6,198,233,0.0294117647058824,0.849785407725322
"confounded_dense_n300_t02_r0005","confounded","dense","paper_adjusted",300,1000,1.5,5,152952651,"HDMT",0.05,"ok",FALSE,0.0300000000000011,"ties should not be present for the one-sample Kolmogorov-Smirnov test","","ea41adf9610a4c317d8816b04f6dfb8b",136,6,130,219,0.0441176470588235,0.593607305936073
"confounded_dense_n300_t02_r0005","confounded","dense","paper_adjusted",300,1000,1.5,5,152952651,"MDACT",0.05,"ok",FALSE,0.0200000000000031,"ties should not be present for the one-sample Kolmogorov-Smirnov test","","7069318a941ff509e03416f9110d40b8",137,7,130,219,0.0510948905109489,0.593607305936073
"confounded_dense_n300_t02_r0005","confounded","dense","paper_adjusted",300,1000,1.5,5,152952651,"MLFDR",0.05,"ok",FALSE,0.25,"","","3e1e4aa8c2edc625463db81cd031b4ed",185,8,177,219,0.0432432432432432,0.808219178082192
"binary_dense_n300_t02_r0005","binary","dense","paper_adjusted",300,1000,1.5,5,92563243,"HDMT",0.05,"ok",FALSE,0.0300000000000011,"","","8af70e94b758db05bd2eac23a0e68ea2",126,2,124,197,0.0158730158730159,0.629441624365482
"binary_dense_n300_t02_r0005","binary","dense","paper_adjusted",300,1000,1.5,5,92563243,"MDACT",0.05,"ok",FALSE,0,"","","cbab440a97b69fafb0f7357401ce21d4",142,5,137,197,0.0352112676056338,0.695431472081218
"binary_dense_n300_t02_r0005","binary","dense","paper_adjusted",300,1000,1.5,5,92563243,"MLFDR",0.05,"ok",FALSE,0.299999999999997,"","","f44db6758c329d534b347d0c8f522f94",182,8,174,197,0.043956043956044,0.883248730964467
"linear_sparse_n300_t03_r0005","linear","sparse","paper_adjusted",300,1000,1.9,5,106315113,"HDMT",0.05,"ok",FALSE,0.0399999999999991,"ties should not be present for the one-sample Kolmogorov-Smirnov test","","dc944b8e35cf165d33e05f4b4d914165",8,0,8,22,0,0.363636363636364
"linear_sparse_n300_t03_r0005","linear","sparse","paper_adjusted",300,1000,1.9,5,106315113,"MDACT",0.05,"ok",FALSE,0.0200000000000031,"ties should not be present for the one-sample Kolmogorov-Smirnov test","","0ae2b0c40fd0802a026382f04f63a48f",1,0,1,22,0,0.0454545454545455
"linear_sparse_n300_t03_r0005","linear","sparse","paper_adjusted",300,1000,1.9,5,106315113,"MLFDR",0.05,"ok",FALSE,0.100000000000001,"","","149074232125ef4895dc655ca19a69d3",18,0,18,22,0,0.818181818181818
"confounded_sparse_n300_t03_r0005","confounded","sparse","paper_adjusted",300,1000,1.9,5,202685510,"HDMT",0.05,"ok",FALSE,0.00999999999999801,"ties should not be present for the one-sample Kolmogorov-Smirnov test","","aa591deb14098e542336d82812bde643",19,0,19,21,0,0.904761904761905
"confounded_sparse_n300_t03_r0005","confounded","sparse","paper_adjusted",300,1000,1.9,5,202685510,"MDACT",0.05,"ok",FALSE,0.00999999999999801,"ties should not be present for the one-sample Kolmogorov-Smirnov test","","6761ba21e9e3168bea452c42eae95d1c",21,1,20,21,0.0476190476190476,0.952380952380952
"confounded_sparse_n300_t03_r0005","confounded","sparse","paper_adjusted",300,1000,1.9,5,202685510,"MLFDR",0.05,"ok",FALSE,0.109999999999999,"","","732259de7a4f369c085cf9a96b8544ec",20,0,20,21,0,0.952380952380952
"binary_sparse_n300_t03_r0005","binary","sparse","paper_adjusted",300,1000,1.9,5,233292095,"HDMT",0.05,"ok",FALSE,0.0300000000000011,"","","5da1c51d4581bab5554a76e3488590f3",11,0,11,16,0,0.6875
"binary_sparse_n300_t03_r0005","binary","sparse","paper_adjusted",300,1000,1.9,5,233292095,"MDACT",0.05,"ok",FALSE,0,"","","51853da079c46435219e7fb89061e660",11,0,11,16,0,0.6875
"binary_sparse_n300_t03_r0005","binary","sparse","paper_adjusted",300,1000,1.9,5,233292095,"MLFDR",0.05,"ok",FALSE,0.350000000000001,"","","88ded482e58db36f213c7a90d6a04fff",13,0,13,16,0,0.8125
"linear_dense_n300_t03_r0005","linear","dense","paper_adjusted",300,1000,1.9,5,193326931,"HDMT",0.05,"ok",FALSE,0.0300000000000011,"ties should not be present for the one-sample Kolmogorov-Smirnov test","","6f28bc86472944a9531f765c6c1dfd83",198,11,187,213,0.0555555555555556,0.877934272300469
"linear_dense_n300_t03_r0005","linear","dense","paper_adjusted",300,1000,1.9,5,193326931,"MDACT",0.05,"ok",FALSE,0.00999999999999801,"ties should not be present for the one-sample Kolmogorov-Smirnov test","","bc023354ebbdbd0e094afd61d83dac46",198,11,187,213,0.0555555555555556,0.877934272300469
"linear_dense_n300_t03_r0005","linear","dense","paper_adjusted",300,1000,1.9,5,193326931,"MLFDR",0.05,"ok",FALSE,0.149999999999999,"","","217f95d408f10edc439f1b0b371b80ee",221,14,207,213,0.0633484162895928,0.971830985915493
"confounded_dense_n300_t03_r0005","confounded","dense","paper_adjusted",300,1000,1.9,5,158805532,"HDMT",0.05,"ok",FALSE,0.0399999999999991,"ties should not be present for the one-sample Kolmogorov-Smirnov test","","a1dcc4898796b8ed1ff6b7fb069516ec",190,8,182,195,0.0421052631578947,0.933333333333333
"confounded_dense_n300_t03_r0005","confounded","dense","paper_adjusted",300,1000,1.9,5,158805532,"MDACT",0.05,"ok",FALSE,0.0200000000000031,"ties should not be present for the one-sample Kolmogorov-Smirnov test","","708d0d1e0e233730a4b476d2cefc2d11",187,8,179,195,0.0427807486631016,0.917948717948718
"confounded_dense_n300_t03_r0005","confounded","dense","paper_adjusted",300,1000,1.9,5,158805532,"MLFDR",0.05,"ok",FALSE,0.140000000000001,"","","d245de32bb2ae357a1fc79f27bff6ace",199,6,193,195,0.0301507537688442,0.98974358974359
"binary_dense_n300_t03_r0005","binary","dense","paper_adjusted",300,1000,1.9,5,9509208,"HDMT",0.05,"ok",FALSE,0.0300000000000011,"","","460c347fb93e42503f8ffe633f785e00",168,10,158,195,0.0595238095238095,0.81025641025641
"binary_dense_n300_t03_r0005","binary","dense","paper_adjusted",300,1000,1.9,5,9509208,"MDACT",0.05,"ok",FALSE,0.00999999999999801,"","","e56227057f15c266f661db3f70f3fd5a",174,11,163,195,0.0632183908045977,0.835897435897436
"binary_dense_n300_t03_r0005","binary","dense","paper_adjusted",300,1000,1.9,5,9509208,"MLFDR",0.05,"ok",FALSE,0.219999999999999,"","","0f3cfa737bdca19939c26f4971353765",197,9,188,195,0.0456852791878173,0.964102564102564
"linear_sparse_n300_t01_r0006","linear","sparse","paper_adjusted",300,1000,1.1,6,1184698,"HDMT",0.05,"ok",FALSE,0.0499999999999972,"ties should not be present for the one-sample Kolmogorov-Smirnov test","","f475ea55c3f1d4dff9b86f5315160ad7",3,0,3,21,0,0.142857142857143
"linear_sparse_n300_t01_r0006","linear","sparse","paper_adjusted",300,1000,1.1,6,1184698,"MDACT",0.05,"ok",FALSE,0.0200000000000031,"ties should not be present for the one-sample Kolmogorov-Smirnov test","","961746714d1d39ffe085f95835de64a8",1,0,1,21,0,0.0476190476190476
"linear_sparse_n300_t01_r0006","linear","sparse","paper_adjusted",300,1000,1.1,6,1184698,"MLFDR",0.05,"ok",FALSE,5.14,"","","948d8ee40ddc50900935143c68c0f364",23,5,18,21,0.217391304347826,0.857142857142857
"confounded_sparse_n300_t01_r0006","confounded","sparse","paper_adjusted",300,1000,1.1,6,87559840,"HDMT",0.05,"ok",FALSE,0.0500000000000043,"ties should not be present for the one-sample Kolmogorov-Smirnov test","","ddb4e9ecb5d4076513b2c4e35c196ce8",5,0,5,21,0,0.238095238095238
"confounded_sparse_n300_t01_r0006","confounded","sparse","paper_adjusted",300,1000,1.1,6,87559840,"MDACT",0.05,"ok",FALSE,0.019999999999996,"ties should not be present for the one-sample Kolmogorov-Smirnov test","","b0cd0627e0e1f882c90a00cf60145fc8",10,1,9,21,0.1,0.428571428571429
"confounded_sparse_n300_t01_r0006","confounded","sparse","paper_adjusted",300,1000,1.1,6,87559840,"MLFDR",0.05,"ok",FALSE,0.670000000000002,"","","4a0280d8d3ac86e9ebad3c9d7d2ba381",12,0,12,21,0,0.571428571428571
"binary_sparse_n300_t01_r0006","binary","sparse","paper_adjusted",300,1000,1.1,6,13125032,"HDMT",0.05,"ok",FALSE,0.0399999999999991,"","","663038d19532a78c2404c3968413ee35",2,1,1,26,0.5,0.0384615384615385
"binary_sparse_n300_t01_r0006","binary","sparse","paper_adjusted",300,1000,1.1,6,13125032,"MDACT",0.05,"ok",FALSE,0.0200000000000031,"","","1e7a8adfeabbd2be782e053654a39609",2,1,1,26,0.5,0.0384615384615385
"binary_sparse_n300_t01_r0006","binary","sparse","paper_adjusted",300,1000,1.1,6,13125032,"MLFDR",0.05,"ok",FALSE,0.579999999999998,"","","b73c54e06f2bf8082cf923b57f8666e0",6,1,5,26,0.166666666666667,0.192307692307692
"linear_dense_n300_t01_r0006","linear","dense","paper_adjusted",300,1000,1.1,6,110839621,"HDMT",0.05,"ok",FALSE,0.0300000000000011,"ties should not be present for the one-sample Kolmogorov-Smirnov test","","0a8310cadb9fe44d7816b2f0c4a458e5",23,0,23,206,0,0.111650485436893
"linear_dense_n300_t01_r0006","linear","dense","paper_adjusted",300,1000,1.1,6,110839621,"MDACT",0.05,"ok",FALSE,0.0200000000000031,"ties should not be present for the one-sample Kolmogorov-Smirnov test","","c412df565bb3551b0b3a3c706849489f",36,0,36,206,0,0.174757281553398
"linear_dense_n300_t01_r0006","linear","dense","paper_adjusted",300,1000,1.1,6,110839621,"MLFDR",0.05,"ok",FALSE,0.449999999999996,"","","4e591484e6e1a6ae15bc458a109c4778",82,1,81,206,0.0121951219512195,0.393203883495146
"confounded_dense_n300_t01_r0006","confounded","dense","paper_adjusted",300,1000,1.1,6,45612390,"HDMT",0.05,"ok",FALSE,0.00999999999999801,"ties should not be present for the one-sample Kolmogorov-Smirnov test","","27a0c53dc5d607ee9839e7b65ab8e12d",44,1,43,193,0.0227272727272727,0.22279792746114
"confounded_dense_n300_t01_r0006","confounded","dense","paper_adjusted",300,1000,1.1,6,45612390,"MDACT",0.05,"ok",FALSE,0,"ties should not be present for the one-sample Kolmogorov-Smirnov test","","b4c9e55b969ac35942c81a2109895671",50,2,48,193,0.04,0.248704663212435
"confounded_dense_n300_t01_r0006","confounded","dense","paper_adjusted",300,1000,1.1,6,45612390,"MLFDR",0.05,"ok",FALSE,0.339999999999996,"","","dcd18f44bc8119c15b0c65b4653e0508",95,1,94,193,0.0105263157894737,0.487046632124352
"binary_dense_n300_t01_r0006","binary","dense","paper_adjusted",300,1000,1.1,6,9703185,"HDMT",0.05,"ok",FALSE,0.0200000000000031,"","","703368e70012bef517e1221d311169ad",39,0,39,201,0,0.194029850746269
"binary_dense_n300_t01_r0006","binary","dense","paper_adjusted",300,1000,1.1,6,9703185,"MDACT",0.05,"ok",FALSE,0,"","","2a11bb852c97f1764cf4c2f22eeb4af5",71,4,67,201,0.0563380281690141,0.333333333333333
"binary_dense_n300_t01_r0006","binary","dense","paper_adjusted",300,1000,1.1,6,9703185,"MLFDR",0.05,"ok",FALSE,0.509999999999998,"","","1f0c8f4b26215a27825ef7739f52eee6",99,7,92,201,0.0707070707070707,0.45771144278607
"linear_sparse_n300_t02_r0006","linear","sparse","paper_adjusted",300,1000,1.5,6,138808699,"HDMT",0.05,"ok",FALSE,0.0300000000000011,"ties should not be present for the one-sample Kolmogorov-Smirnov test","","afa9be8ca7c921a2730572394554df53",4,0,4,25,0,0.16
"linear_sparse_n300_t02_r0006","linear","sparse","paper_adjusted",300,1000,1.5,6,138808699,"MDACT",0.05,"ok",FALSE,0.0200000000000031,"ties should not be present for the one-sample Kolmogorov-Smirnov test","","32aadc3cad60d3f6b2ce8d8ad649dc7c",14,1,13,25,0.0714285714285714,0.52
"linear_sparse_n300_t02_r0006","linear","sparse","paper_adjusted",300,1000,1.5,6,138808699,"MLFDR",0.05,"ok",FALSE,0.880000000000003,"","","c123587be8f7323082f9ba1e9fd461bd",19,0,19,25,0,0.76
"confounded_sparse_n300_t02_r0006","confounded","sparse","paper_adjusted",300,1000,1.5,6,102167766,"HDMT",0.05,"ok",FALSE,0.0300000000000011,"ties should not be present for the one-sample Kolmogorov-Smirnov test","","cf7dfa29817303ea7ef33b00312787b0",4,0,4,19,0,0.210526315789474
"confounded_sparse_n300_t02_r0006","confounded","sparse","paper_adjusted",300,1000,1.5,6,102167766,"MDACT",0.05,"ok",FALSE,0.019999999999996,"ties should not be present for the one-sample Kolmogorov-Smirnov test","","d6c57a10fd6de171a045b4bfc6872688",4,0,4,19,0,0.210526315789474
"confounded_sparse_n300_t02_r0006","confounded","sparse","paper_adjusted",300,1000,1.5,6,102167766,"MLFDR",0.05,"ok",FALSE,2.12,"","","7ff0b265d5ff1129011e743a715215da",12,1,11,19,0.0833333333333333,0.578947368421053
"binary_sparse_n300_t02_r0006","binary","sparse","paper_adjusted",300,1000,1.5,6,81162865,"HDMT",0.05,"ok",FALSE,0.0300000000000011,"","","19c063d64dbd418a488219faad7da167",11,0,11,21,0,0.523809523809524
"binary_sparse_n300_t02_r0006","binary","sparse","paper_adjusted",300,1000,1.5,6,81162865,"MDACT",0.05,"ok",FALSE,0.00999999999999801,"","","c195c825629e930ef8c338e4664ac40d",14,0,14,21,0,0.666666666666667
"binary_sparse_n300_t02_r0006","binary","sparse","paper_adjusted",300,1000,1.5,6,81162865,"MLFDR",0.05,"ok",FALSE,0.189999999999998,"","","daf71ef11a840c8e0310cd2fdd6fd77c",17,1,16,21,0.0588235294117647,0.761904761904762
"linear_dense_n300_t02_r0006","linear","dense","paper_adjusted",300,1000,1.5,6,79742918,"HDMT",0.05,"ok",FALSE,0.0200000000000031,"ties should not be present for the one-sample Kolmogorov-Smirnov test","","2b1f2dcb25c030ccdd1df1cddc1dd402",74,1,73,225,0.0135135135135135,0.324444444444444
"linear_dense_n300_t02_r0006","linear","dense","paper_adjusted",300,1000,1.5,6,79742918,"MDACT",0.05,"ok",FALSE,0.0200000000000031,"ties should not be present for the one-sample Kolmogorov-Smirnov test","","99e2cae7c6d002379571c7a4a1eeb958",83,2,81,225,0.0240963855421687,0.36
"linear_dense_n300_t02_r0006","linear","dense","paper_adjusted",300,1000,1.5,6,79742918,"MLFDR",0.05,"ok",FALSE,0.630000000000003,"","","d0efd0761ecb74a66097ef370de59bd5",163,5,158,225,0.0306748466257669,0.702222222222222
"confounded_dense_n300_t02_r0006","confounded","dense","paper_adjusted",300,1000,1.5,6,148881370,"HDMT",0.05,"ok",FALSE,0.0200000000000031,"ties should not be present for the one-sample Kolmogorov-Smirnov test","","d06fb84f1c6af976e718dbf84528a1d8",130,2,128,194,0.0153846153846154,0.65979381443299
"confounded_dense_n300_t02_r0006","confounded","dense","paper_adjusted",300,1000,1.5,6,148881370,"MDACT",0.05,"ok",FALSE,0.00999999999999801,"ties should not be present for the one-sample Kolmogorov-Smirnov test","","21d90a730819b007957f08d51da2fdd2",141,4,137,194,0.0283687943262411,0.706185567010309
"confounded_dense_n300_t02_r0006","confounded","dense","paper_adjusted",300,1000,1.5,6,148881370,"MLFDR",0.05,"ok",FALSE,0.189999999999998,"","","8decd2cee83b313d7f53f818d5da8fbe",180,10,170,194,0.0555555555555556,0.876288659793814
"binary_dense_n300_t02_r0006","binary","dense","paper_adjusted",300,1000,1.5,6,250552606,"HDMT",0.05,"ok",FALSE,0.0300000000000011,"","","6a311f27ff8fc2e11f292f30c17a9148",148,5,143,198,0.0337837837837838,0.722222222222222
"binary_dense_n300_t02_r0006","binary","dense","paper_adjusted",300,1000,1.5,6,250552606,"MDACT",0.05,"ok",FALSE,0.0200000000000031,"","","cbd7179ee717f52c268c15854da1a73e",156,7,149,198,0.0448717948717949,0.752525252525252
"binary_dense_n300_t02_r0006","binary","dense","paper_adjusted",300,1000,1.5,6,250552606,"MLFDR",0.05,"ok",FALSE,0.200000000000003,"","","a5809736845452bf00e37fafef4c1264",185,7,178,198,0.0378378378378378,0.898989898989899
"linear_sparse_n300_t03_r0006","linear","sparse","paper_adjusted",300,1000,1.9,6,100063102,"HDMT",0.05,"ok",FALSE,0.029999999999994,"ties should not be present for the one-sample Kolmogorov-Smirnov test","","c613fd122bd3c1adbd03de57cba0cb72",16,2,14,16,0.125,0.875
"linear_sparse_n300_t03_r0006","linear","sparse","paper_adjusted",300,1000,1.9,6,100063102,"MDACT",0.05,"ok",FALSE,0,"ties should not be present for the one-sample Kolmogorov-Smirnov test","","c2263b8914f4910e9983272781c23517",16,2,14,16,0.125,0.875
"linear_sparse_n300_t03_r0006","linear","sparse","paper_adjusted",300,1000,1.9,6,100063102,"MLFDR",0.05,"ok",FALSE,0.149999999999999,"","","bee4de6089ccae10e8577f772cd4882f",15,0,15,16,0,0.9375
"confounded_sparse_n300_t03_r0006","confounded","sparse","paper_adjusted",300,1000,1.9,6,107875856,"HDMT",0.05,"ok",FALSE,0.0300000000000011,"ties should not be present for the one-sample Kolmogorov-Smirnov test","","394660fd5108d101ff37855bc5097264",14,0,14,20,0,0.7
"confounded_sparse_n300_t03_r0006","confounded","sparse","paper_adjusted",300,1000,1.9,6,107875856,"MDACT",0.05,"ok",FALSE,0.0200000000000031,"ties should not be present for the one-sample Kolmogorov-Smirnov test","","4ab07d032924eda90da01248b0566570",14,0,14,20,0,0.7
"confounded_sparse_n300_t03_r0006","confounded","sparse","paper_adjusted",300,1000,1.9,6,107875856,"MLFDR",0.05,"ok",FALSE,0.140000000000001,"","","1b0e1788ba6bf237c73654dbbd5235ee",17,1,16,20,0.0588235294117647,0.8
"binary_sparse_n300_t03_r0006","binary","sparse","paper_adjusted",300,1000,1.9,6,142874616,"HDMT",0.05,"ok",FALSE,0.019999999999996,"","","9f7c59fe1dcf82cd2d239a79a23dcdc6",11,0,11,15,0,0.733333333333333
"binary_sparse_n300_t03_r0006","binary","sparse","paper_adjusted",300,1000,1.9,6,142874616,"MDACT",0.05,"ok",FALSE,0.00999999999999801,"","","863e4bde7283e603479405de20e80079",13,0,13,15,0,0.866666666666667
"binary_sparse_n300_t03_r0006","binary","sparse","paper_adjusted",300,1000,1.9,6,142874616,"MLFDR",0.05,"ok",FALSE,0.329999999999998,"","","4751eb629bde31ee2864b582b355cabc",14,1,13,15,0.0714285714285714,0.866666666666667
"linear_dense_n300_t03_r0006","linear","dense","paper_adjusted",300,1000,1.9,6,194574308,"HDMT",0.05,"ok",FALSE,0.029999999999994,"ties should not be present for the one-sample Kolmogorov-Smirnov test","","47285a5a973f9de76f6167a39eaa8135",153,3,150,182,0.0196078431372549,0.824175824175824
"linear_dense_n300_t03_r0006","linear","dense","paper_adjusted",300,1000,1.9,6,194574308,"MDACT",0.05,"ok",FALSE,0,"ties should not be present for the one-sample Kolmogorov-Smirnov test","","04f702c1c96b2191ae8ed3b1eb2a213f",157,5,152,182,0.0318471337579618,0.835164835164835
"linear_dense_n300_t03_r0006","linear","dense","paper_adjusted",300,1000,1.9,6,194574308,"MLFDR",0.05,"ok",FALSE,0.25,"","","7f7cbe6d45a1e4de53d67ad2097d7286",177,7,170,182,0.0395480225988701,0.934065934065934
"confounded_dense_n300_t03_r0006","confounded","dense","paper_adjusted",300,1000,1.9,6,23330235,"HDMT",0.05,"ok",FALSE,0.00999999999999801,"ties should not be present for the one-sample Kolmogorov-Smirnov test","","1bc3189782c5f1fea1724e0ca86744da",171,5,166,214,0.0292397660818713,0.775700934579439
"confounded_dense_n300_t03_r0006","confounded","dense","paper_adjusted",300,1000,1.9,6,23330235,"MDACT",0.05,"ok",FALSE,0.00999999999999801,"ties should not be present for the one-sample Kolmogorov-Smirnov test","","21e318cc45b7aa9d6daafc21bb1c519d",174,5,169,214,0.028735632183908,0.789719626168224
"confounded_dense_n300_t03_r0006","confounded","dense","paper_adjusted",300,1000,1.9,6,23330235,"MLFDR",0.05,"ok",FALSE,0.279999999999994,"","","d260e3f35cb65b9032063355cae6a41f",208,14,194,214,0.0673076923076923,0.906542056074766
"binary_dense_n300_t03_r0006","binary","dense","paper_adjusted",300,1000,1.9,6,239018366,"HDMT",0.05,"ok",FALSE,0.0200000000000031,"","","97aeb62b9b64e5337c84cd43118ddc18",155,7,148,189,0.0451612903225806,0.783068783068783
"binary_dense_n300_t03_r0006","binary","dense","paper_adjusted",300,1000,1.9,6,239018366,"MDACT",0.05,"ok",FALSE,0.0200000000000031,"","","d117d7fc38cf10b1947e1294d893f558",157,7,150,189,0.0445859872611465,0.793650793650794
"binary_dense_n300_t03_r0006","binary","dense","paper_adjusted",300,1000,1.9,6,239018366,"MLFDR",0.05,"ok",FALSE,0.170000000000002,"","","01b289c235003eaa9d98dc0506416379",188,9,179,189,0.0478723404255319,0.947089947089947
"linear_sparse_n300_t01_r0007","linear","sparse","paper_adjusted",300,1000,1.1,7,164638351,"HDMT",0.05,"ok",FALSE,0.0300000000000011,"ties should not be present for the one-sample Kolmogorov-Smirnov test","","364fff3c030038b4faa3fb8057c60ccc",2,0,2,14,0,0.142857142857143
"linear_sparse_n300_t01_r0007","linear","sparse","paper_adjusted",300,1000,1.1,7,164638351,"MDACT",0.05,"ok",FALSE,0.00999999999999801,"ties should not be present for the one-sample Kolmogorov-Smirnov test","","278d2cfb33b69258d132845750ed70d9",1,0,1,14,0,0.0714285714285714
"linear_sparse_n300_t01_r0007","linear","sparse","paper_adjusted",300,1000,1.1,7,164638351,"MLFDR",0.05,"ok",FALSE,1.89,"","","03ab5dc4544e1a29799b38a5c556b82c",2,0,2,14,0,0.142857142857143
"confounded_sparse_n300_t01_r0007","confounded","sparse","paper_adjusted",300,1000,1.1,7,226798985,"HDMT",0.05,"ok",FALSE,0.0300000000000011,"ties should not be present for the one-sample Kolmogorov-Smirnov test","","b9466ac1221fa3f5f308fb731e1c398c",1,0,1,16,0,0.0625
"confounded_sparse_n300_t01_r0007","confounded","sparse","paper_adjusted",300,1000,1.1,7,226798985,"MDACT",0.05,"ok",FALSE,0.0200000000000031,"ties should not be present for the one-sample Kolmogorov-Smirnov test","","0190d91919c9d7774fd7ecd1164e1d14",7,3,4,16,0.428571428571429,0.25
"confounded_sparse_n300_t01_r0007","confounded","sparse","paper_adjusted",300,1000,1.1,7,226798985,"MLFDR",0.05,"ok",FALSE,3.72,"","","34ff125066db9c17036d089d4b31ca47",3,0,3,16,0,0.1875
"binary_sparse_n300_t01_r0007","binary","sparse","paper_adjusted",300,1000,1.1,7,19652243,"HDMT",0.05,"ok",FALSE,0.00999999999999801,"","","5990b1feae2fd8afc6664cbb9ce84096",3,0,3,23,0,0.130434782608696
"binary_sparse_n300_t01_r0007","binary","sparse","paper_adjusted",300,1000,1.1,7,19652243,"MDACT",0.05,"ok",FALSE,0,"","","b6105ffa1a75483d626a02aeba0f287e",4,0,4,23,0,0.173913043478261
"binary_sparse_n300_t01_r0007","binary","sparse","paper_adjusted",300,1000,1.1,7,19652243,"MLFDR",0.05,"ok",FALSE,0.399999999999999,"","","78c2a3c4c952a5c4d8eaa9fe8162905c",8,1,7,23,0.125,0.304347826086957
"linear_dense_n300_t01_r0007","linear","dense","paper_adjusted",300,1000,1.1,7,151184663,"HDMT",0.05,"ok",FALSE,0.0300000000000011,"ties should not be present for the one-sample Kolmogorov-Smirnov test","","dacee84b527619f04cc14b13a2b3a018",53,1,52,226,0.0188679245283019,0.230088495575221
"linear_dense_n300_t01_r0007","linear","dense","paper_adjusted",300,1000,1.1,7,151184663,"MDACT",0.05,"ok",FALSE,0,"ties should not be present for the one-sample Kolmogorov-Smirnov test","","469863ee72717b822607ad5d20760fd6",71,1,70,226,0.0140845070422535,0.309734513274336
"linear_dense_n300_t01_r0007","linear","dense","paper_adjusted",300,1000,1.1,7,151184663,"MLFDR",0.05,"ok",FALSE,0.789999999999999,"","","4074d567990fc4f173c4e518947be2d4",147,6,141,226,0.0408163265306122,0.623893805309734
"confounded_dense_n300_t01_r0007","confounded","dense","paper_adjusted",300,1000,1.1,7,206427925,"HDMT",0.05,"ok",FALSE,0.0300000000000011,"ties should not be present for the one-sample Kolmogorov-Smirnov test","","3eca14a03d00d2902a89d84cee1411fb",21,0,21,165,0,0.127272727272727
"confounded_dense_n300_t01_r0007","confounded","dense","paper_adjusted",300,1000,1.1,7,206427925,"MDACT",0.05,"ok",FALSE,0.00999999999999801,"ties should not be present for the one-sample Kolmogorov-Smirnov test","","b49b4a679390c6325354bdb1f05842e0",36,1,35,165,0.0277777777777778,0.212121212121212
"confounded_dense_n300_t01_r0007","confounded","dense","paper_adjusted",300,1000,1.1,7,206427925,"MLFDR",0.05,"ok",FALSE,0.719999999999999,"","","7a7693368c04bf7cc0611c9d4f35e352",84,2,82,165,0.0238095238095238,0.496969696969697
"binary_dense_n300_t01_r0007","binary","dense","paper_adjusted",300,1000,1.1,7,229338230,"HDMT",0.05,"ok",FALSE,0.0399999999999991,"","","48c9ff68b6bb278b7688bdbda6ef88a8",45,0,45,233,0,0.1931330472103
"binary_dense_n300_t01_r0007","binary","dense","paper_adjusted",300,1000,1.1,7,229338230,"MDACT",0.05,"ok",FALSE,0.0200000000000031,"","","2d1fb7a080b13d4a664f30a20b4fff74",64,1,63,233,0.015625,0.270386266094421
"binary_dense_n300_t01_r0007","binary","dense","paper_adjusted",300,1000,1.1,7,229338230,"MLFDR",0.05,"ok",FALSE,0.600000000000001,"","","bc072d20fd0c0ad729f1f4aba4d15d3e",127,4,123,233,0.031496062992126,0.527896995708155
"linear_sparse_n300_t02_r0007","linear","sparse","paper_adjusted",300,1000,1.5,7,21962687,"HDMT",0.05,"ok",FALSE,0.0200000000000031,"ties should not be present for the one-sample Kolmogorov-Smirnov test","","eb485114f1e5e08bfb37569ecf258966",11,0,11,24,0,0.458333333333333
"linear_sparse_n300_t02_r0007","linear","sparse","paper_adjusted",300,1000,1.5,7,21962687,"MDACT",0.05,"ok",FALSE,0.00999999999999801,"ties should not be present for the one-sample Kolmogorov-Smirnov test","","4e2465a2494e0e7c184bd01482ae7692",17,1,16,24,0.0588235294117647,0.666666666666667
"linear_sparse_n300_t02_r0007","linear","sparse","paper_adjusted",300,1000,1.5,7,21962687,"MLFDR",0.05,"ok",FALSE,0.25,"","","a1b43c73dc759eb2ac1ea61e42243a72",21,1,20,24,0.0476190476190476,0.833333333333333
"confounded_sparse_n300_t02_r0007","confounded","sparse","paper_adjusted",300,1000,1.5,7,238167746,"HDMT",0.05,"ok",FALSE,0.0300000000000011,"ties should not be present for the one-sample Kolmogorov-Smirnov test","","29e963add8c296b2118e7ec6a8eb9607",14,1,13,19,0.0714285714285714,0.684210526315789
"confounded_sparse_n300_t02_r0007","confounded","sparse","paper_adjusted",300,1000,1.5,7,238167746,"MDACT",0.05,"ok",FALSE,0,"ties should not be present for the one-sample Kolmogorov-Smirnov test","","aa4d45994cb50fcc29f985173f8022d7",15,2,13,19,0.133333333333333,0.684210526315789
"confounded_sparse_n300_t02_r0007","confounded","sparse","paper_adjusted",300,1000,1.5,7,238167746,"MLFDR",0.05,"ok",FALSE,0.210000000000001,"","","4355eab6c08bfc75b92b2ac9ad5ea3a5",17,0,17,19,0,0.894736842105263
"binary_sparse_n300_t02_r0007","binary","sparse","paper_adjusted",300,1000,1.5,7,215964527,"HDMT",0.05,"ok",FALSE,0.00999999999999801,"","","7e166f0008220c00f39900ccc6d80254",7,1,6,19,0.142857142857143,0.315789473684211
"binary_sparse_n300_t02_r0007","binary","sparse","paper_adjusted",300,1000,1.5,7,215964527,"MDACT",0.05,"ok",FALSE,0,"","","3084a984538248fb09b18c15441aa2f6",16,2,14,19,0.125,0.736842105263158
"binary_sparse_n300_t02_r0007","binary","sparse","paper_adjusted",300,1000,1.5,7,215964527,"MLFDR",0.05,"ok",FALSE,0.420000000000002,"","","4b5495efaeb3dc09d559f08b23a9fd8d",17,2,15,19,0.117647058823529,0.789473684210526
"linear_dense_n300_t02_r0007","linear","dense","paper_adjusted",300,1000,1.5,7,221367425,"HDMT",0.05,"ok",FALSE,0.00999999999999801,"ties should not be present for the one-sample Kolmogorov-Smirnov test","","cc536ed29fb5903ff105c6def6251d71",120,6,114,192,0.05,0.59375
"linear_dense_n300_t02_r0007","linear","dense","paper_adjusted",300,1000,1.5,7,221367425,"MDACT",0.05,"ok",FALSE,0,"ties should not be present for the one-sample Kolmogorov-Smirnov test","","823503404bcb3f6f4e522f34f405a066",127,6,121,192,0.047244094488189,0.630208333333333
"linear_dense_n300_t02_r0007","linear","dense","paper_adjusted",300,1000,1.5,7,221367425,"MLFDR",0.05,"ok",FALSE,0.229999999999997,"","","d3b6a576fd80adf7d99b30909bc73dc7",171,3,168,192,0.0175438596491228,0.875
"confounded_dense_n300_t02_r0007","confounded","dense","paper_adjusted",300,1000,1.5,7,25076477,"HDMT",0.05,"ok",FALSE,0.00999999999999801,"ties should not be present for the one-sample Kolmogorov-Smirnov test","","1067e551087398a354751b2be2a3254b",105,1,104,218,0.00952380952380952,0.477064220183486
"confounded_dense_n300_t02_r0007","confounded","dense","paper_adjusted",300,1000,1.5,7,25076477,"MDACT",0.05,"ok",FALSE,0,"ties should not be present for the one-sample Kolmogorov-Smirnov test","","c51a609795587a3437e6c2ca7712f80b",114,1,113,218,0.0087719298245614,0.518348623853211
"confounded_dense_n300_t02_r0007","confounded","dense","paper_adjusted",300,1000,1.5,7,25076477,"MLFDR",0.05,"ok",FALSE,0.390000000000001,"","","a4fae0f74fad676b65f4fe8e5d660ca4",166,2,164,218,0.0120481927710843,0.752293577981651
"binary_dense_n300_t02_r0007","binary","dense","paper_adjusted",300,1000,1.5,7,92042911,"HDMT",0.05,"ok",FALSE,0.029999999999994,"","","65731ba2c01bf5977f71239c0fe99b04",137,5,132,229,0.0364963503649635,0.576419213973799
"binary_dense_n300_t02_r0007","binary","dense","paper_adjusted",300,1000,1.5,7,92042911,"MDACT",0.05,"ok",FALSE,0.00999999999999801,"","","fc14bb84cb35a6206843cb90ea0ef454",144,5,139,229,0.0347222222222222,0.606986899563319
"binary_dense_n300_t02_r0007","binary","dense","paper_adjusted",300,1000,1.5,7,92042911,"MLFDR",0.05,"ok",FALSE,0.469999999999999,"","","700ae7926cb40b9f11e6b9f6de0482c7",200,9,191,229,0.045,0.834061135371179
"linear_sparse_n300_t03_r0007","linear","sparse","paper_adjusted",300,1000,1.9,7,200443006,"HDMT",0.05,"ok",FALSE,0.0399999999999991,"ties should not be present for the one-sample Kolmogorov-Smirnov test","","005c080f44434624fd712e100bc8d325",13,0,13,22,0,0.590909090909091
"linear_sparse_n300_t03_r0007","linear","sparse","paper_adjusted",300,1000,1.9,7,200443006,"MDACT",0.05,"ok",FALSE,0.0200000000000031,"ties should not be present for the one-sample Kolmogorov-Smirnov test","","193032fb25c02001d27b2eb25e67f562",17,0,17,22,0,0.772727272727273
"linear_sparse_n300_t03_r0007","linear","sparse","paper_adjusted",300,1000,1.9,7,200443006,"MLFDR",0.05,"ok",FALSE,0.170000000000002,"","","27610cd8ebe66708f93d5130202df50b",22,2,20,22,0.0909090909090909,0.909090909090909
"confounded_sparse_n300_t03_r0007","confounded","sparse","paper_adjusted",300,1000,1.9,7,240128099,"HDMT",0.05,"ok",FALSE,0.0300000000000011,"ties should not be present for the one-sample Kolmogorov-Smirnov test","","c433b944f8b999696d29b56fab26f9c3",16,1,15,21,0.0625,0.714285714285714
"confounded_sparse_n300_t03_r0007","confounded","sparse","paper_adjusted",300,1000,1.9,7,240128099,"MDACT",0.05,"ok",FALSE,0,"ties should not be present for the one-sample Kolmogorov-Smirnov test","","c26fe2d3e15db86dceec5ee31e20e118",17,2,15,21,0.117647058823529,0.714285714285714
"confounded_sparse_n300_t03_r0007","confounded","sparse","paper_adjusted",300,1000,1.9,7,240128099,"MLFDR",0.05,"ok",FALSE,0.259999999999998,"","","6f14eeedda2d42d3e8753e9a87ee91c4",17,0,17,21,0,0.80952380952381
"binary_sparse_n300_t03_r0007","binary","sparse","paper_adjusted",300,1000,1.9,7,47443745,"HDMT",0.05,"ok",FALSE,0.029999999999994,"","","fc8cff21b616681a57c7ab16f7e8cbf5",17,0,17,23,0,0.739130434782609
"binary_sparse_n300_t03_r0007","binary","sparse","paper_adjusted",300,1000,1.9,7,47443745,"MDACT",0.05,"ok",FALSE,0.00999999999999801,"","","66156feadc0f622242b43b31bb4155b3",15,1,14,23,0.0666666666666667,0.608695652173913
"binary_sparse_n300_t03_r0007","binary","sparse","paper_adjusted",300,1000,1.9,7,47443745,"MLFDR",0.05,"ok",FALSE,0.140000000000001,"","","72896a9d0a320e4f6ed07b1b72afa0a7",21,0,21,23,0,0.91304347826087
"linear_dense_n300_t03_r0007","linear","dense","paper_adjusted",300,1000,1.9,7,250104433,"HDMT",0.05,"ok",FALSE,0.0300000000000011,"ties should not be present for the one-sample Kolmogorov-Smirnov test","","6fddf68a8b65ad78002a39a854b3495f",184,5,179,221,0.0271739130434783,0.809954751131222
"linear_dense_n300_t03_r0007","linear","dense","paper_adjusted",300,1000,1.9,7,250104433,"MDACT",0.05,"ok",FALSE,0.0200000000000031,"ties should not be present for the one-sample Kolmogorov-Smirnov test","","aa3333a182627fdcfe0ac7fc9d74939a",197,10,187,221,0.050761421319797,0.846153846153846
"linear_dense_n300_t03_r0007","linear","dense","paper_adjusted",300,1000,1.9,7,250104433,"MLFDR",0.05,"ok",FALSE,0.18,"","","3ee9eef79e4b1d63633c027730846ff4",226,13,213,221,0.0575221238938053,0.963800904977376
"confounded_dense_n300_t03_r0007","confounded","dense","paper_adjusted",300,1000,1.9,7,25057126,"HDMT",0.05,"ok",FALSE,0.0200000000000031,"ties should not be present for the one-sample Kolmogorov-Smirnov test","","f61862af62211d0092c4a1a9ac7e40a4",229,14,215,232,0.0611353711790393,0.926724137931034
"confounded_dense_n300_t03_r0007","confounded","dense","paper_adjusted",300,1000,1.9,7,25057126,"MDACT",0.05,"ok",FALSE,0,"ties should not be present for the one-sample Kolmogorov-Smirnov test","","e747ddbd5c97cc9673ed32edbcb525d1",229,14,215,232,0.0611353711790393,0.926724137931034
"confounded_dense_n300_t03_r0007","confounded","dense","paper_adjusted",300,1000,1.9,7,25057126,"MLFDR",0.05,"ok",FALSE,0.240000000000002,"","","fc68f8097f25a8b37f1a65ac730804e4",241,15,226,232,0.0622406639004149,0.974137931034483
"binary_dense_n300_t03_r0007","binary","dense","paper_adjusted",300,1000,1.9,7,76448918,"HDMT",0.05,"ok",FALSE,0.0300000000000011,"","","d5693a12f5923ac6ea14e551c927dbb0",174,7,167,215,0.0402298850574713,0.776744186046512
"binary_dense_n300_t03_r0007","binary","dense","paper_adjusted",300,1000,1.9,7,76448918,"MDACT",0.05,"ok",FALSE,0,"","","740347502d229c36cbf21fb7f3c87237",179,12,167,215,0.0670391061452514,0.776744186046512
"binary_dense_n300_t03_r0007","binary","dense","paper_adjusted",300,1000,1.9,7,76448918,"MLFDR",0.05,"ok",FALSE,0.280000000000001,"","","7c27ea2638bb0ab4506ad5b34cf65cf7",199,8,191,215,0.0402010050251256,0.888372093023256
"linear_sparse_n300_t01_r0008","linear","sparse","paper_adjusted",300,1000,1.1,8,96919195,"HDMT",0.05,"ok",FALSE,0.0200000000000031,"ties should not be present for the one-sample Kolmogorov-Smirnov test","","b4c2fb9a2035bef55a88b9d23f2aa67b",1,0,1,18,0,0.0555555555555556
"linear_sparse_n300_t01_r0008","linear","sparse","paper_adjusted",300,1000,1.1,8,96919195,"MDACT",0.05,"ok",FALSE,0,"ties should not be present for the one-sample Kolmogorov-Smirnov test","","d94023b7c74ccda6834e00b35a4111b0",1,0,1,18,0,0.0555555555555556
"linear_sparse_n300_t01_r0008","linear","sparse","paper_adjusted",300,1000,1.1,8,96919195,"MLFDR",0.05,"ok",FALSE,2.08,"","","64aab80144b4eee2f28a9bcefa5ae6ce",5,0,5,18,0,0.277777777777778
"confounded_sparse_n300_t01_r0008","confounded","sparse","paper_adjusted",300,1000,1.1,8,35085491,"HDMT",0.05,"ok",FALSE,0.0300000000000011,"ties should not be present for the one-sample Kolmogorov-Smirnov test","","37d641dff0aaba8836ed89be229cacae",0,0,0,19,0,0
"confounded_sparse_n300_t01_r0008","confounded","sparse","paper_adjusted",300,1000,1.1,8,35085491,"MDACT",0.05,"ok",FALSE,0.00999999999999801,"ties should not be present for the one-sample Kolmogorov-Smirnov test","","84388a15624ec73f452ecfa83d263ae0",1,0,1,19,0,0.0526315789473684
"confounded_sparse_n300_t01_r0008","confounded","sparse","paper_adjusted",300,1000,1.1,8,35085491,"MLFDR",0.05,"ok",FALSE,0.689999999999998,"","","b009777a242d4da84bc5a96995767fe5",5,0,5,19,0,0.263157894736842
"binary_sparse_n300_t01_r0008","binary","sparse","paper_adjusted",300,1000,1.1,8,203654711,"HDMT",0.05,"ok",FALSE,0.0499999999999972,"","","64f3215e84621ffc7205bf5f95a28df5",1,0,1,12,0,0.0833333333333333
"binary_sparse_n300_t01_r0008","binary","sparse","paper_adjusted",300,1000,1.1,8,203654711,"MDACT",0.05,"ok",FALSE,0.00999999999999801,"","","7152e8394beee003ee9e969f22f575f1",1,0,1,12,0,0.0833333333333333
"binary_sparse_n300_t01_r0008","binary","sparse","paper_adjusted",300,1000,1.1,8,203654711,"MLFDR",0.05,"ok",FALSE,0.399999999999999,"","","c8c077bd0f7c642a007a054a6397b36a",1,0,1,12,0,0.0833333333333333
"linear_dense_n300_t01_r0008","linear","dense","paper_adjusted",300,1000,1.1,8,245702061,"HDMT",0.05,"ok",FALSE,0.00999999999999801,"ties should not be present for the one-sample Kolmogorov-Smirnov test","","80d8fba95d2d20be63c18e9ac0caef02",76,2,74,219,0.0263157894736842,0.337899543378995
"linear_dense_n300_t01_r0008","linear","dense","paper_adjusted",300,1000,1.1,8,245702061,"MDACT",0.05,"ok",FALSE,0,"ties should not be present for the one-sample Kolmogorov-Smirnov test","","122c8606cb9653ee166c447c0f8b17bf",102,7,95,219,0.0686274509803922,0.4337899543379
"linear_dense_n300_t01_r0008","linear","dense","paper_adjusted",300,1000,1.1,8,245702061,"MLFDR",0.05,"ok",FALSE,0.259999999999998,"","","8b7670287b559b425fd5da639cd6965b",146,6,140,219,0.0410958904109589,0.639269406392694
"confounded_dense_n300_t01_r0008","confounded","dense","paper_adjusted",300,1000,1.1,8,452734,"HDMT",0.05,"ok",FALSE,0.00999999999999801,"ties should not be present for the one-sample Kolmogorov-Smirnov test","","d7e509e003c4623459d6774e86f1ef91",41,0,41,206,0,0.199029126213592
"confounded_dense_n300_t01_r0008","confounded","dense","paper_adjusted",300,1000,1.1,8,452734,"MDACT",0.05,"ok",FALSE,0.0200000000000031,"ties should not be present for the one-sample Kolmogorov-Smirnov test","","841a6bd9520886ab2d0e559bd2839cdc",43,0,43,206,0,0.20873786407767
"confounded_dense_n300_t01_r0008","confounded","dense","paper_adjusted",300,1000,1.1,8,452734,"MLFDR",0.05,"ok",FALSE,0.550000000000004,"","","e5d6f765777c963f590f556ea9df425f",116,5,111,206,0.0431034482758621,0.538834951456311
"binary_dense_n300_t01_r0008","binary","dense","paper_adjusted",300,1000,1.1,8,205640993,"HDMT",0.05,"ok",FALSE,0.0300000000000011,"","","0074f8650999b552869db2e78193eec8",30,0,30,202,0,0.148514851485149
"binary_dense_n300_t01_r0008","binary","dense","paper_adjusted",300,1000,1.1,8,205640993,"MDACT",0.05,"ok",FALSE,0.00999999999999801,"","","53c2c42045c6acd9b6582b124a08c633",49,2,47,202,0.0408163265306122,0.232673267326733
"binary_dense_n300_t01_r0008","binary","dense","paper_adjusted",300,1000,1.1,8,205640993,"MLFDR",0.05,"ok",FALSE,0.419999999999995,"","","e5eb0b5cc3590b73e5eb80929e5e62f0",102,7,95,202,0.0686274509803922,0.47029702970297
"linear_sparse_n300_t02_r0008","linear","sparse","paper_adjusted",300,1000,1.5,8,5995093,"HDMT",0.05,"ok",FALSE,0.0399999999999991,"ties should not be present for the one-sample Kolmogorov-Smirnov test","","8199a5c5fbbd4332d7748aaa0ca2725b",4,0,4,20,0,0.2
"linear_sparse_n300_t02_r0008","linear","sparse","paper_adjusted",300,1000,1.5,8,5995093,"MDACT",0.05,"ok",FALSE,0.00999999999999801,"ties should not be present for the one-sample Kolmogorov-Smirnov test","","505159557f72a5976ae0677a60ecf519",9,0,9,20,0,0.45
"linear_sparse_n300_t02_r0008","linear","sparse","paper_adjusted",300,1000,1.5,8,5995093,"MLFDR",0.05,"ok",FALSE,0.439999999999998,"","","739fe187f175e78cb2b1e4060b16c2ee",15,1,14,20,0.0666666666666667,0.7
"confounded_sparse_n300_t02_r0008","confounded","sparse","paper_adjusted",300,1000,1.5,8,48437270,"HDMT",0.05,"ok",FALSE,0.0399999999999991,"ties should not be present for the one-sample Kolmogorov-Smirnov test","","42f321254efb8d719f557b27b3898ec5",15,0,15,19,0,0.789473684210526
"confounded_sparse_n300_t02_r0008","confounded","sparse","paper_adjusted",300,1000,1.5,8,48437270,"MDACT",0.05,"ok",FALSE,0,"ties should not be present for the one-sample Kolmogorov-Smirnov test","","a22740fca89428d7d9e4ff87d4925c96",8,0,8,19,0,0.421052631578947
"confounded_sparse_n300_t02_r0008","confounded","sparse","paper_adjusted",300,1000,1.5,8,48437270,"MLFDR",0.05,"ok",FALSE,0.329999999999998,"","","ffa4ce67c195441e4acc6969c3288c96",17,0,17,19,0,0.894736842105263
"binary_sparse_n300_t02_r0008","binary","sparse","paper_adjusted",300,1000,1.5,8,33151734,"HDMT",0.05,"ok",FALSE,0.0300000000000011,"","","af9e9d3432f78d903dad946f71778aae",8,1,7,20,0.125,0.35
"binary_sparse_n300_t02_r0008","binary","sparse","paper_adjusted",300,1000,1.5,8,33151734,"MDACT",0.05,"ok",FALSE,0,"","","c3e02380360a08bdd692d0a0889fd17f",7,1,6,20,0.142857142857143,0.3
"binary_sparse_n300_t02_r0008","binary","sparse","paper_adjusted",300,1000,1.5,8,33151734,"MLFDR",0.05,"ok",FALSE,0.729999999999997,"","","12d0edf7443e902d773c099a2d03ba95",14,0,14,20,0,0.7
"linear_dense_n300_t02_r0008","linear","dense","paper_adjusted",300,1000,1.5,8,145606916,"HDMT",0.05,"ok",FALSE,0.00999999999999801,"ties should not be present for the one-sample Kolmogorov-Smirnov test","","5a1ba23e3092688070303ca8945ad808",100,0,100,217,0,0.460829493087558
"linear_dense_n300_t02_r0008","linear","dense","paper_adjusted",300,1000,1.5,8,145606916,"MDACT",0.05,"ok",FALSE,0,"ties should not be present for the one-sample Kolmogorov-Smirnov test","","b8fd8e6109777af9055fc5393d6b9b6b",118,2,116,217,0.0169491525423729,0.534562211981567
"linear_dense_n300_t02_r0008","linear","dense","paper_adjusted",300,1000,1.5,8,145606916,"MLFDR",0.05,"ok",FALSE,0.369999999999997,"","","78b5e51d8cd31ddba50bbe729177164e",192,6,186,217,0.03125,0.857142857142857
"confounded_dense_n300_t02_r0008","confounded","dense","paper_adjusted",300,1000,1.5,8,168719295,"HDMT",0.05,"ok",FALSE,0.0300000000000011,"ties should not be present for the one-sample Kolmogorov-Smirnov test","","abee6c299f445335d7b233cb839fc0c0",143,4,139,189,0.027972027972028,0.735449735449735
"confounded_dense_n300_t02_r0008","confounded","dense","paper_adjusted",300,1000,1.5,8,168719295,"MDACT",0.05,"ok",FALSE,0,"ties should not be present for the one-sample Kolmogorov-Smirnov test","","34c6ed89dba1faac08e266fe7d0d4d76",149,6,143,189,0.0402684563758389,0.756613756613757
"confounded_dense_n300_t02_r0008","confounded","dense","paper_adjusted",300,1000,1.5,8,168719295,"MLFDR",0.05,"ok",FALSE,0.359999999999999,"","","e3bee8da29d4ab95ee3431ca5580197c",182,11,171,189,0.0604395604395604,0.904761904761905
"binary_dense_n300_t02_r0008","binary","dense","paper_adjusted",300,1000,1.5,8,111536521,"HDMT",0.05,"ok",FALSE,0.0300000000000011,"","","317cad70b799288d04d65f0729ec01e6",133,4,129,184,0.0300751879699248,0.701086956521739
"binary_dense_n300_t02_r0008","binary","dense","paper_adjusted",300,1000,1.5,8,111536521,"MDACT",0.05,"ok",FALSE,0,"","","a6c4be1e6c0e83a1e0e0e0efb221365d",135,4,131,184,0.0296296296296296,0.71195652173913
"binary_dense_n300_t02_r0008","binary","dense","paper_adjusted",300,1000,1.5,8,111536521,"MLFDR",0.05,"ok",FALSE,0.300000000000004,"","","547323d38176fc4f9e9ebfa0c42983c5",158,9,149,184,0.0569620253164557,0.809782608695652
"linear_sparse_n300_t03_r0008","linear","sparse","paper_adjusted",300,1000,1.9,8,14517256,"HDMT",0.05,"ok",FALSE,0.0300000000000011,"ties should not be present for the one-sample Kolmogorov-Smirnov test","","abb779b8a19d79ae201b2306120018ee",14,1,13,23,0.0714285714285714,0.565217391304348
"linear_sparse_n300_t03_r0008","linear","sparse","paper_adjusted",300,1000,1.9,8,14517256,"MDACT",0.05,"ok",FALSE,0.00999999999999801,"ties should not be present for the one-sample Kolmogorov-Smirnov test","","5ede2814054a644a39ba29709df4e2d1",17,3,14,23,0.176470588235294,0.608695652173913
"linear_sparse_n300_t03_r0008","linear","sparse","paper_adjusted",300,1000,1.9,8,14517256,"MLFDR",0.05,"ok",FALSE,0.100000000000001,"","","54ed677c345d53007bf286c2ab166c45",22,2,20,23,0.0909090909090909,0.869565217391304
"confounded_sparse_n300_t03_r0008","confounded","sparse","paper_adjusted",300,1000,1.9,8,99570916,"HDMT",0.05,"ok",FALSE,0.0300000000000011,"ties should not be present for the one-sample Kolmogorov-Smirnov test","","2d16dcbc22e8f5e46f0c7861beaa9cd7",26,1,25,27,0.0384615384615385,0.925925925925926
"confounded_sparse_n300_t03_r0008","confounded","sparse","paper_adjusted",300,1000,1.9,8,99570916,"MDACT",0.05,"ok",FALSE,0.00999999999999801,"ties should not be present for the one-sample Kolmogorov-Smirnov test","","d136c9905cf6b0828be97927837acef9",27,1,26,27,0.037037037037037,0.962962962962963
"confounded_sparse_n300_t03_r0008","confounded","sparse","paper_adjusted",300,1000,1.9,8,99570916,"MLFDR",0.05,"ok",FALSE,0.119999999999997,"","","812a8c416780862d69ae769f6b2b5333",27,1,26,27,0.037037037037037,0.962962962962963
"binary_sparse_n300_t03_r0008","binary","sparse","paper_adjusted",300,1000,1.9,8,118117492,"HDMT",0.05,"ok",FALSE,0.0499999999999972,"","","61fc2b4926bc547e437a8b6539d437d0",14,0,14,20,0,0.7
"binary_sparse_n300_t03_r0008","binary","sparse","paper_adjusted",300,1000,1.9,8,118117492,"MDACT",0.05,"ok",FALSE,0,"","","3b6800fa5367844875ba047800ca90a4",14,0,14,20,0,0.7
"binary_sparse_n300_t03_r0008","binary","sparse","paper_adjusted",300,1000,1.9,8,118117492,"MLFDR",0.05,"ok",FALSE,0.240000000000002,"","","32109a04851a245703da5e71e3a69ff1",15,0,15,20,0,0.75
"linear_dense_n300_t03_r0008","linear","dense","paper_adjusted",300,1000,1.9,8,191867244,"HDMT",0.05,"ok",FALSE,0.0300000000000011,"ties should not be present for the one-sample Kolmogorov-Smirnov test","","d02c4ff4d6e0fd0e6f05ca22e8a5ed42",184,7,177,193,0.0380434782608696,0.917098445595855
"linear_dense_n300_t03_r0008","linear","dense","paper_adjusted",300,1000,1.9,8,191867244,"MDACT",0.05,"ok",FALSE,0.00999999999999801,"ties should not be present for the one-sample Kolmogorov-Smirnov test","","96fa36f46fdda2b25927aaac564c56ca",184,6,178,193,0.0326086956521739,0.922279792746114
"linear_dense_n300_t03_r0008","linear","dense","paper_adjusted",300,1000,1.9,8,191867244,"MLFDR",0.05,"ok",FALSE,0.169999999999995,"","","57e45866ace5050bfa0f14fa59c6f2c0",202,10,192,193,0.0495049504950495,0.994818652849741
"confounded_dense_n300_t03_r0008","confounded","dense","paper_adjusted",300,1000,1.9,8,639790,"HDMT",0.05,"ok",FALSE,0.0300000000000011,"ties should not be present for the one-sample Kolmogorov-Smirnov test","","5c234318dab4061a8a55fc14de521d9b",172,6,166,197,0.0348837209302326,0.842639593908629
"confounded_dense_n300_t03_r0008","confounded","dense","paper_adjusted",300,1000,1.9,8,639790,"MDACT",0.05,"ok",FALSE,0.0200000000000031,"ties should not be present for the one-sample Kolmogorov-Smirnov test","","7d6c751b2b2af2c4fb6dba3bb5c17637",173,5,168,197,0.0289017341040462,0.852791878172589
"confounded_dense_n300_t03_r0008","confounded","dense","paper_adjusted",300,1000,1.9,8,639790,"MLFDR",0.05,"ok",FALSE,0.200000000000003,"","","7a15140acebcd697441cbebf62f5680e",200,9,191,197,0.045,0.969543147208122
"binary_dense_n300_t03_r0008","binary","dense","paper_adjusted",300,1000,1.9,8,227835669,"HDMT",0.05,"ok",FALSE,0.00999999999999801,"","","d0f447acaaef64c21fb4651cf13b41b8",179,10,169,214,0.0558659217877095,0.789719626168224
"binary_dense_n300_t03_r0008","binary","dense","paper_adjusted",300,1000,1.9,8,227835669,"MDACT",0.05,"ok",FALSE,0.00999999999999801,"","","572961711019696a2dc98ad683a30a20",184,10,174,214,0.0543478260869565,0.813084112149533
"binary_dense_n300_t03_r0008","binary","dense","paper_adjusted",300,1000,1.9,8,227835669,"MLFDR",0.05,"ok",FALSE,0.140000000000001,"","","8cfae02ace1fdb457ddb68806c8cbf60",210,12,198,214,0.0571428571428571,0.925233644859813
"linear_sparse_n300_t01_r0009","linear","sparse","paper_adjusted",300,1000,1.1,9,248928754,"HDMT",0.05,"ok",FALSE,0.019999999999996,"ties should not be present for the one-sample Kolmogorov-Smirnov test","","b77609b4d03595807b2f020725f70d38",0,0,0,15,0,0
"linear_sparse_n300_t01_r0009","linear","sparse","paper_adjusted",300,1000,1.1,9,248928754,"MDACT",0.05,"ok",FALSE,0,"ties should not be present for the one-sample Kolmogorov-Smirnov test","","ff5bd7ee5f033d25e5ba1374fa912648",1,0,1,15,0,0.0666666666666667
"linear_sparse_n300_t01_r0009","linear","sparse","paper_adjusted",300,1000,1.1,9,248928754,"MLFDR",0.05,"ok",FALSE,0.719999999999999,"","","1764269e3e83a05fe5eff61f3da78902",3,0,3,15,0,0.2
"confounded_sparse_n300_t01_r0009","confounded","sparse","paper_adjusted",300,1000,1.1,9,156848526,"HDMT",0.05,"ok",FALSE,0.019999999999996,"ties should not be present for the one-sample Kolmogorov-Smirnov test","","4e7e3c3d1ca8da12254a427b689063a1",1,0,1,14,0,0.0714285714285714
"confounded_sparse_n300_t01_r0009","confounded","sparse","paper_adjusted",300,1000,1.1,9,156848526,"MDACT",0.05,"ok",FALSE,0.019999999999996,"ties should not be present for the one-sample Kolmogorov-Smirnov test","","3f7a36f8aefc9adff6cc771f40ccb6c9",1,0,1,14,0,0.0714285714285714
"confounded_sparse_n300_t01_r0009","confounded","sparse","paper_adjusted",300,1000,1.1,9,156848526,"MLFDR",0.05,"ok",FALSE,0.820000000000007,"","","d0e97cccf8fdea84626888606df53123",2,0,2,14,0,0.142857142857143
"binary_sparse_n300_t01_r0009","binary","sparse","paper_adjusted",300,1000,1.1,9,177973222,"HDMT",0.05,"ok",FALSE,0.0300000000000011,"","","d25d31934ec3f494989d8fee4a6c048c",2,0,2,25,0,0.08
"binary_sparse_n300_t01_r0009","binary","sparse","paper_adjusted",300,1000,1.1,9,177973222,"MDACT",0.05,"ok",FALSE,0,"","","bc59b5af376e73112b3df0f4c9f7000a",14,2,12,25,0.142857142857143,0.48
"binary_sparse_n300_t01_r0009","binary","sparse","paper_adjusted",300,1000,1.1,9,177973222,"MLFDR",0.05,"ok",FALSE,0.450000000000003,"","","1a40f15972841204811aca920c3f4a21",13,1,12,25,0.0769230769230769,0.48
"linear_dense_n300_t01_r0009","linear","dense","paper_adjusted",300,1000,1.1,9,267634487,"HDMT",0.05,"ok",FALSE,0.0100000000000051,"ties should not be present for the one-sample Kolmogorov-Smirnov test","","c470a156998419fb0b19f602670732b1",36,1,35,189,0.0277777777777778,0.185185185185185
"linear_dense_n300_t01_r0009","linear","dense","paper_adjusted",300,1000,1.1,9,267634487,"MDACT",0.05,"ok",FALSE,0.0100000000000051,"ties should not be present for the one-sample Kolmogorov-Smirnov test","","f488b081ae8e2c46c7e4c754d47c682f",55,2,53,189,0.0363636363636364,0.28042328042328
"linear_dense_n300_t01_r0009","linear","dense","paper_adjusted",300,1000,1.1,9,267634487,"MLFDR",0.05,"ok",FALSE,0.810000000000002,"","","8ea4e646ddfe7d5fe9b1b966d9ea163d",121,8,113,189,0.0661157024793388,0.597883597883598
"confounded_dense_n300_t01_r0009","confounded","dense","paper_adjusted",300,1000,1.1,9,98994616,"HDMT",0.05,"ok",FALSE,0.0200000000000102,"ties should not be present for the one-sample Kolmogorov-Smirnov test","","07a754be4e5866cb512eaa458769d827",43,1,42,201,0.0232558139534884,0.208955223880597
"confounded_dense_n300_t01_r0009","confounded","dense","paper_adjusted",300,1000,1.1,9,98994616,"MDACT",0.05,"ok",FALSE,0.0100000000000051,"ties should not be present for the one-sample Kolmogorov-Smirnov test","","463ad350c0f59e4f0c4c9b351cc3590b",53,2,51,201,0.0377358490566038,0.253731343283582
"confounded_dense_n300_t01_r0009","confounded","dense","paper_adjusted",300,1000,1.1,9,98994616,"MLFDR",0.05,"ok",FALSE,0.370000000000005,"","","bbf35ca8b7026f2a59a78b292e7d3954",116,6,110,201,0.0517241379310345,0.54726368159204
"binary_dense_n300_t01_r0009","binary","dense","paper_adjusted",300,1000,1.1,9,36222047,"HDMT",0.05,"ok",FALSE,0.0699999999999932,"","","2f5cfb7f5ce65a82f0654279cdf09746",28,2,26,200,0.0714285714285714,0.13
"binary_dense_n300_t01_r0009","binary","dense","paper_adjusted",300,1000,1.1,9,36222047,"MDACT",0.05,"ok",FALSE,0,"","","b2b0365bbe7d9f9fe4e3bd963492bebc",44,2,42,200,0.0454545454545455,0.21
"binary_dense_n300_t01_r0009","binary","dense","paper_adjusted",300,1000,1.1,9,36222047,"MLFDR",0.05,"ok",FALSE,0.640000000000001,"","","aa8a83b412b625eaa0b63a8de424b574",103,5,98,200,0.0485436893203883,0.49
"linear_sparse_n300_t02_r0009","linear","sparse","paper_adjusted",300,1000,1.5,9,185968527,"HDMT",0.05,"ok",FALSE,0.0100000000000051,"ties should not be present for the one-sample Kolmogorov-Smirnov test","","fb99a94b2d10cb215d7b0b5ee047ac34",7,0,7,22,0,0.318181818181818
"linear_sparse_n300_t02_r0009","linear","sparse","paper_adjusted",300,1000,1.5,9,185968527,"MDACT",0.05,"ok",FALSE,0,"ties should not be present for the one-sample Kolmogorov-Smirnov test","","0b171555850efb768d4ba0d9e6d24d65",10,0,10,22,0,0.454545454545455
"linear_sparse_n300_t02_r0009","linear","sparse","paper_adjusted",300,1000,1.5,9,185968527,"MLFDR",0.05,"ok",FALSE,0.220000000000013,"","","d02517c888068704a9a02895c9bf4f5f",14,0,14,22,0,0.636363636363636
"confounded_sparse_n300_t02_r0009","confounded","sparse","paper_adjusted",300,1000,1.5,9,162075757,"HDMT",0.05,"ok",FALSE,0.0300000000000011,"ties should not be present for the one-sample Kolmogorov-Smirnov test","","b3788341db9be93da2b636e65979b150",15,2,13,24,0.133333333333333,0.541666666666667
"confounded_sparse_n300_t02_r0009","confounded","sparse","paper_adjusted",300,1000,1.5,9,162075757,"MDACT",0.05,"ok",FALSE,0.0100000000000051,"ties should not be present for the one-sample Kolmogorov-Smirnov test","","f74e2bee6080cc89921fdbd501707bca",12,1,11,24,0.0833333333333333,0.458333333333333
"confounded_sparse_n300_t02_r0009","confounded","sparse","paper_adjusted",300,1000,1.5,9,162075757,"MLFDR",0.05,"ok",FALSE,0.200000000000003,"","","a6173026cf41f79d04e564250484f72f",20,1,19,24,0.05,0.791666666666667
"binary_sparse_n300_t02_r0009","binary","sparse","paper_adjusted",300,1000,1.5,9,156140748,"HDMT",0.05,"ok",FALSE,0.019999999999996,"","","760ba9b6b1387e43a49c0d38be3905d6",9,1,8,22,0.111111111111111,0.363636363636364
"binary_sparse_n300_t02_r0009","binary","sparse","paper_adjusted",300,1000,1.5,9,156140748,"MDACT",0.05,"ok",FALSE,0,"","","cc5fbe4249be338d2823bb400796c7fc",10,1,9,22,0.1,0.409090909090909
"binary_sparse_n300_t02_r0009","binary","sparse","paper_adjusted",300,1000,1.5,9,156140748,"MLFDR",0.05,"ok",FALSE,0.220000000000013,"","","726c5c8cc53c3ffceec7f0c524f60bbb",17,1,16,22,0.0588235294117647,0.727272727272727
"linear_dense_n300_t02_r0009","linear","dense","paper_adjusted",300,1000,1.5,9,73585193,"HDMT",0.05,"ok",FALSE,0.00999999999999091,"ties should not be present for the one-sample Kolmogorov-Smirnov test","","466fef2283c299b600007aa703fb4ca6",166,5,161,206,0.0301204819277108,0.781553398058252
"linear_dense_n300_t02_r0009","linear","dense","paper_adjusted",300,1000,1.5,9,73585193,"MDACT",0.05,"ok",FALSE,0.0200000000000102,"ties should not be present for the one-sample Kolmogorov-Smirnov test","","65691cd71e3474f2158b6d50a25cba3d",173,7,166,206,0.0404624277456647,0.805825242718447
"linear_dense_n300_t02_r0009","linear","dense","paper_adjusted",300,1000,1.5,9,73585193,"MLFDR",0.05,"ok",FALSE,0.290000000000006,"","","df7159faa7d9a5f07f2ee5739c75fa5d",203,14,189,206,0.0689655172413793,0.91747572815534
"confounded_dense_n300_t02_r0009","confounded","dense","paper_adjusted",300,1000,1.5,9,221298116,"HDMT",0.05,"ok",FALSE,0.0300000000000011,"ties should not be present for the one-sample Kolmogorov-Smirnov test","","7eebe081957d213c4aeca93d8d154feb",127,6,121,195,0.047244094488189,0.620512820512821
"confounded_dense_n300_t02_r0009","confounded","dense","paper_adjusted",300,1000,1.5,9,221298116,"MDACT",0.05,"ok",FALSE,0,"ties should not be present for the one-sample Kolmogorov-Smirnov test","","5e22ac7168d82ae2149d1b4c7201ee1b",137,7,130,195,0.0510948905109489,0.666666666666667
"confounded_dense_n300_t02_r0009","confounded","dense","paper_adjusted",300,1000,1.5,9,221298116,"MLFDR",0.05,"ok",FALSE,0.359999999999999,"","","5811c4cdd2c16fa9e9609a8aae316c85",178,10,168,195,0.0561797752808989,0.861538461538462
"binary_dense_n300_t02_r0009","binary","dense","paper_adjusted",300,1000,1.5,9,155306873,"HDMT",0.05,"ok",FALSE,0.0300000000000011,"","","1136b49c843edcd292ff96076f661d47",120,2,118,205,0.0166666666666667,0.575609756097561
"binary_dense_n300_t02_r0009","binary","dense","paper_adjusted",300,1000,1.5,9,155306873,"MDACT",0.05,"ok",FALSE,0.0100000000000051,"","","26b9074de7f217db96e7f9a9157c315b",131,3,128,205,0.0229007633587786,0.624390243902439
"binary_dense_n300_t02_r0009","binary","dense","paper_adjusted",300,1000,1.5,9,155306873,"MLFDR",0.05,"ok",FALSE,0.230000000000004,"","","3f456a2ea44b77f018555eec63fe5354",170,4,166,205,0.0235294117647059,0.809756097560976
"linear_sparse_n300_t03_r0009","linear","sparse","paper_adjusted",300,1000,1.9,9,208460494,"HDMT",0.05,"ok",FALSE,0.0300000000000011,"ties should not be present for the one-sample Kolmogorov-Smirnov test","","a5f55e8ffb12217e0c0908a5fd6add2f",15,0,15,21,0,0.714285714285714
"linear_sparse_n300_t03_r0009","linear","sparse","paper_adjusted",300,1000,1.9,9,208460494,"MDACT",0.05,"ok",FALSE,0.00999999999999091,"ties should not be present for the one-sample Kolmogorov-Smirnov test","","2347319abbe0af7e05baccb627c40236",10,1,9,21,0.1,0.428571428571429
"linear_sparse_n300_t03_r0009","linear","sparse","paper_adjusted",300,1000,1.9,9,208460494,"MLFDR",0.05,"ok",FALSE,0.150000000000006,"","","2f1f7bfe5bec08f073c140671d1cb646",19,1,18,21,0.0526315789473684,0.857142857142857
"confounded_sparse_n300_t03_r0009","confounded","sparse","paper_adjusted",300,1000,1.9,9,255442688,"HDMT",0.05,"ok",FALSE,0.0300000000000011,"ties should not be present for the one-sample Kolmogorov-Smirnov test","","1a99f55c90121cb8c6d35875fe704139",22,1,21,24,0.0454545454545455,0.875
"confounded_sparse_n300_t03_r0009","confounded","sparse","paper_adjusted",300,1000,1.9,9,255442688,"MDACT",0.05,"ok",FALSE,0,"ties should not be present for the one-sample Kolmogorov-Smirnov test","","b212a47dee7948e56c4eec50b644eb37",23,1,22,24,0.0434782608695652,0.916666666666667
"confounded_sparse_n300_t03_r0009","confounded","sparse","paper_adjusted",300,1000,1.9,9,255442688,"MLFDR",0.05,"ok",FALSE,0.109999999999999,"","","3c04f16858760301337b25803ae5cabb",24,0,24,24,0,1
"binary_sparse_n300_t03_r0009","binary","sparse","paper_adjusted",300,1000,1.9,9,163343624,"HDMT",0.05,"ok",FALSE,0.019999999999996,"","","7d70a3ec2956b6ec2dbbcff05b9d828c",14,1,13,15,0.0714285714285714,0.866666666666667
"binary_sparse_n300_t03_r0009","binary","sparse","paper_adjusted",300,1000,1.9,9,163343624,"MDACT",0.05,"ok",FALSE,0.00999999999999091,"","","070fa619d021f2ef6c4473314f9c40f2",14,1,13,15,0.0714285714285714,0.866666666666667
"binary_sparse_n300_t03_r0009","binary","sparse","paper_adjusted",300,1000,1.9,9,163343624,"MLFDR",0.05,"ok",FALSE,0.11999999999999,"","","4d7ba6c817eca43d9bd0c22d1c4ce8c5",13,0,13,15,0,0.866666666666667
"linear_dense_n300_t03_r0009","linear","dense","paper_adjusted",300,1000,1.9,9,34844331,"HDMT",0.05,"ok",FALSE,0.100000000000009,"ties should not be present for the one-sample Kolmogorov-Smirnov test","","3833f607de192227cff06dd158928d37",174,5,169,204,0.028735632183908,0.82843137254902
"linear_dense_n300_t03_r0009","linear","dense","paper_adjusted",300,1000,1.9,9,34844331,"MDACT",0.05,"ok",FALSE,0.019999999999996,"ties should not be present for the one-sample Kolmogorov-Smirnov test","","96d7f809f31c51cd9ec911d718903869",178,5,173,204,0.0280898876404494,0.848039215686274
"linear_dense_n300_t03_r0009","linear","dense","paper_adjusted",300,1000,1.9,9,34844331,"MLFDR",0.05,"ok",FALSE,0.219999999999999,"","","eba247de335c83aa62369ff2f01658e4",203,10,193,204,0.0492610837438424,0.946078431372549
"confounded_dense_n300_t03_r0009","confounded","dense","paper_adjusted",300,1000,1.9,9,183408369,"HDMT",0.05,"ok",FALSE,0.0300000000000011,"ties should not be present for the one-sample Kolmogorov-Smirnov test","","4d1dbd33378cf72e2efdda181795dc26",194,8,186,202,0.0412371134020619,0.920792079207921
"confounded_dense_n300_t03_r0009","confounded","dense","paper_adjusted",300,1000,1.9,9,183408369,"MDACT",0.05,"ok",FALSE,0.0200000000000102,"ties should not be present for the one-sample Kolmogorov-Smirnov test","","aa160838afedc4c8b4cd5fa5fb3142c8",196,9,187,202,0.0459183673469388,0.925742574257426
"confounded_dense_n300_t03_r0009","confounded","dense","paper_adjusted",300,1000,1.9,9,183408369,"MLFDR",0.05,"ok",FALSE,0.13000000000001,"","","3f8666166ee506ececeecf7055385b7a",209,13,196,202,0.062200956937799,0.97029702970297
"binary_dense_n300_t03_r0009","binary","dense","paper_adjusted",300,1000,1.9,9,109773671,"HDMT",0.05,"ok",FALSE,0.00999999999999091,"","","f7a6d9eb1ef127c7723f57398c77322d",181,9,172,194,0.0497237569060773,0.88659793814433
"binary_dense_n300_t03_r0009","binary","dense","paper_adjusted",300,1000,1.9,9,109773671,"MDACT",0.05,"ok",FALSE,0,"","","df41ee46b5424e4599d5ebe5bca7d466",187,10,177,194,0.053475935828877,0.912371134020619
"binary_dense_n300_t03_r0009","binary","dense","paper_adjusted",300,1000,1.9,9,109773671,"MLFDR",0.05,"ok",FALSE,0.219999999999999,"","","393683a6517a28d757f50769aea3f540",192,6,186,194,0.03125,0.958762886597938
"linear_sparse_n300_t01_r0010","linear","sparse","paper_adjusted",300,1000,1.1,10,186162722,"HDMT",0.05,"ok",FALSE,0.0100000000000051,"ties should not be present for the one-sample Kolmogorov-Smirnov test","","2ea0c4642d4ca0043eb7671d22731e2c",0,0,0,25,0,0
"linear_sparse_n300_t01_r0010","linear","sparse","paper_adjusted",300,1000,1.1,10,186162722,"MDACT",0.05,"ok",FALSE,0.00999999999999091,"ties should not be present for the one-sample Kolmogorov-Smirnov test","","ffa9cc5ab3701633d9f20f804915944b",8,1,7,25,0.125,0.28
"linear_sparse_n300_t01_r0010","linear","sparse","paper_adjusted",300,1000,1.1,10,186162722,"MLFDR",0.05,"ok",FALSE,0.269999999999996,"","","d41487256fa1b5c93f9126ac1a6118e8",10,0,10,25,0,0.4
"confounded_sparse_n300_t01_r0010","confounded","sparse","paper_adjusted",300,1000,1.1,10,191803225,"HDMT",0.05,"ok",FALSE,0.0300000000000011,"ties should not be present for the one-sample Kolmogorov-Smirnov test","","99337d5a1cc10f753343445d3fa92f2c",2,0,2,13,0,0.153846153846154
"confounded_sparse_n300_t01_r0010","confounded","sparse","paper_adjusted",300,1000,1.1,10,191803225,"MDACT",0.05,"ok",FALSE,0.0100000000000051,"ties should not be present for the one-sample Kolmogorov-Smirnov test","","5295fdcf47f5b3a1428204c741d7c402",5,0,5,13,0,0.384615384615385
"confounded_sparse_n300_t01_r0010","confounded","sparse","paper_adjusted",300,1000,1.1,10,191803225,"MLFDR",0.05,"ok",FALSE,0.390000000000001,"","","8ffc10761b01c86202b068f4a2014c91",5,0,5,13,0,0.384615384615385
"binary_sparse_n300_t01_r0010","binary","sparse","paper_adjusted",300,1000,1.1,10,173847926,"HDMT",0.05,"ok",FALSE,0.00999999999999091,"","","30cce523bdc369100b081a787e5b2a24",2,0,2,19,0,0.105263157894737
"binary_sparse_n300_t01_r0010","binary","sparse","paper_adjusted",300,1000,1.1,10,173847926,"MDACT",0.05,"ok",FALSE,0,"","","e8af569f15eb96897e5ee36cf5ff7ee3",2,0,2,19,0,0.105263157894737
"binary_sparse_n300_t01_r0010","binary","sparse","paper_adjusted",300,1000,1.1,10,173847926,"MLFDR",0.05,"ok",FALSE,0.390000000000001,"","","a267423cb218c8e09f1f8fde8b59a9b6",3,0,3,19,0,0.157894736842105
"linear_dense_n300_t01_r0010","linear","dense","paper_adjusted",300,1000,1.1,10,117793012,"HDMT",0.05,"ok",FALSE,0.00999999999999091,"ties should not be present for the one-sample Kolmogorov-Smirnov test","","9dac8a6f49732d2b6b32eecf1f52b62e",53,0,53,209,0,0.253588516746411
"linear_dense_n300_t01_r0010","linear","dense","paper_adjusted",300,1000,1.1,10,117793012,"MDACT",0.05,"ok",FALSE,0,"ties should not be present for the one-sample Kolmogorov-Smirnov test","","05dd34d2b31c0384d37aa07f17486aa8",74,2,72,209,0.027027027027027,0.344497607655502
"linear_dense_n300_t01_r0010","linear","dense","paper_adjusted",300,1000,1.1,10,117793012,"MLFDR",0.05,"ok",FALSE,0.469999999999999,"","","1cf58ff357e48ba4f9e079b33eb71ec8",147,6,141,209,0.0408163265306122,0.674641148325359
"confounded_dense_n300_t01_r0010","confounded","dense","paper_adjusted",300,1000,1.1,10,228644166,"HDMT",0.05,"ok",FALSE,0.0300000000000011,"ties should not be present for the one-sample Kolmogorov-Smirnov test","","3e29298dbfc15abdd5939597f8e0e6e5",58,2,56,201,0.0344827586206897,0.278606965174129
"confounded_dense_n300_t01_r0010","confounded","dense","paper_adjusted",300,1000,1.1,10,228644166,"MDACT",0.05,"ok",FALSE,0,"ties should not be present for the one-sample Kolmogorov-Smirnov test","","2fb52dfc3232dcdc1d9d0319b8c7d4fb",80,7,73,201,0.0875,0.36318407960199
"confounded_dense_n300_t01_r0010","confounded","dense","paper_adjusted",300,1000,1.1,10,228644166,"MLFDR",0.05,"ok",FALSE,0.330000000000013,"","","aa19cd438edf2f855893281d91f3f055",139,9,130,201,0.0647482014388489,0.646766169154229
"binary_dense_n300_t01_r0010","binary","dense","paper_adjusted",300,1000,1.1,10,24209597,"HDMT",0.05,"ok",FALSE,0.0400000000000063,"","","a73b33d677e6ff51b9aba0e69ac68960",36,0,36,212,0,0.169811320754717
"binary_dense_n300_t01_r0010","binary","dense","paper_adjusted",300,1000,1.1,10,24209597,"MDACT",0.05,"ok",FALSE,0,"","","0ce271d65a868ce82dfc314c05b87432",54,1,53,212,0.0185185185185185,0.25
"binary_dense_n300_t01_r0010","binary","dense","paper_adjusted",300,1000,1.1,10,24209597,"MLFDR",0.05,"ok",FALSE,0.659999999999997,"","","43db7672b6766c7b77efba2b614d494e",112,2,110,212,0.0178571428571429,0.518867924528302
"linear_sparse_n300_t02_r0010","linear","sparse","paper_adjusted",300,1000,1.5,10,95707128,"HDMT",0.05,"ok",FALSE,0.00999999999999091,"ties should not be present for the one-sample Kolmogorov-Smirnov test","","1a6d29b27f0358bb3d3df2cb72506777",11,0,11,20,0,0.55
"linear_sparse_n300_t02_r0010","linear","sparse","paper_adjusted",300,1000,1.5,10,95707128,"MDACT",0.05,"ok",FALSE,0,"ties should not be present for the one-sample Kolmogorov-Smirnov test","","68a4e3082f26a70193c32885a18ecda1",11,0,11,20,0,0.55
"linear_sparse_n300_t02_r0010","linear","sparse","paper_adjusted",300,1000,1.5,10,95707128,"MLFDR",0.05,"ok",FALSE,0.109999999999999,"","","c5411d3076341f3f33fd66a7e55d9181",17,0,17,20,0,0.85
"confounded_sparse_n300_t02_r0010","confounded","sparse","paper_adjusted",300,1000,1.5,10,53005399,"HDMT",0.05,"ok",FALSE,0.0300000000000011,"ties should not be present for the one-sample Kolmogorov-Smirnov test","","a3a267e777cc9d53b772b8aab1e5a6ab",26,4,22,30,0.153846153846154,0.733333333333333
"confounded_sparse_n300_t02_r0010","confounded","sparse","paper_adjusted",300,1000,1.5,10,53005399,"MDACT",0.05,"ok",FALSE,0,"ties should not be present for the one-sample Kolmogorov-Smirnov test","","9b27aba67d7edb0ef3a4cf62a65a1844",26,4,22,30,0.153846153846154,0.733333333333333
"confounded_sparse_n300_t02_r0010","confounded","sparse","paper_adjusted",300,1000,1.5,10,53005399,"MLFDR",0.05,"ok",FALSE,0.189999999999998,"","","f745c0a6feab624c019509ac482c57c5",25,0,25,30,0,0.833333333333333
"binary_sparse_n300_t02_r0010","binary","sparse","paper_adjusted",300,1000,1.5,10,199094551,"HDMT",0.05,"ok",FALSE,0.0300000000000011,"","","9e4e1912d182387867ad4e5290f281f5",10,0,10,21,0,0.476190476190476
"binary_sparse_n300_t02_r0010","binary","sparse","paper_adjusted",300,1000,1.5,10,199094551,"MDACT",0.05,"ok",FALSE,0.019999999999996,"","","add6de5bc3d74b30c26110572dc80b08",10,0,10,21,0,0.476190476190476
"binary_sparse_n300_t02_r0010","binary","sparse","paper_adjusted",300,1000,1.5,10,199094551,"MLFDR",0.05,"ok",FALSE,0.470000000000013,"","","ec9f8e0cb56edc4e3f8d051eccd0eded",16,0,16,21,0,0.761904761904762
"linear_dense_n300_t02_r0010","linear","dense","paper_adjusted",300,1000,1.5,10,72313813,"HDMT",0.05,"ok",FALSE,0.0300000000000011,"ties should not be present for the one-sample Kolmogorov-Smirnov test","","2b8a1c486fdd86770dde09223d3241b0",130,6,124,209,0.0461538461538462,0.593301435406699
"linear_dense_n300_t02_r0010","linear","dense","paper_adjusted",300,1000,1.5,10,72313813,"MDACT",0.05,"ok",FALSE,0.0200000000000102,"ties should not be present for the one-sample Kolmogorov-Smirnov test","","d214200b260390d31b2d76553227c1e6",140,7,133,209,0.05,0.636363636363636
"linear_dense_n300_t02_r0010","linear","dense","paper_adjusted",300,1000,1.5,10,72313813,"MLFDR",0.05,"ok",FALSE,0.340000000000003,"","","7f5ca6c7486f5991477d131d65c73f80",181,6,175,209,0.0331491712707182,0.837320574162679
"confounded_dense_n300_t02_r0010","confounded","dense","paper_adjusted",300,1000,1.5,10,177017355,"HDMT",0.05,"ok",FALSE,0.0300000000000011,"ties should not be present for the one-sample Kolmogorov-Smirnov test","","cc262e2b938817586c66ef7a9a081139",118,11,107,196,0.0932203389830508,0.545918367346939
"confounded_dense_n300_t02_r0010","confounded","dense","paper_adjusted",300,1000,1.5,10,177017355,"MDACT",0.05,"ok",FALSE,0.0200000000000102,"ties should not be present for the one-sample Kolmogorov-Smirnov test","","402b1a0086e09d5b2998344f6cbf7289",134,13,121,196,0.0970149253731343,0.61734693877551
"confounded_dense_n300_t02_r0010","confounded","dense","paper_adjusted",300,1000,1.5,10,177017355,"MLFDR",0.05,"ok",FALSE,0.309999999999988,"","","386412dbfd1a4794d4b966cc2f1b32e2",167,11,156,196,0.0658682634730539,0.795918367346939
"binary_dense_n300_t02_r0010","binary","dense","paper_adjusted",300,1000,1.5,10,185785198,"HDMT",0.05,"ok",FALSE,0.0299999999999869,"","","2a8b7c340f3f8996addd9823f948a89d",123,3,120,203,0.024390243902439,0.591133004926108
"binary_dense_n300_t02_r0010","binary","dense","paper_adjusted",300,1000,1.5,10,185785198,"MDACT",0.05,"ok",FALSE,0.019999999999996,"","","8cd5a9a03528aec359f3f5bbd284b9f2",149,4,145,203,0.0268456375838926,0.714285714285714
"binary_dense_n300_t02_r0010","binary","dense","paper_adjusted",300,1000,1.5,10,185785198,"MLFDR",0.05,"ok",FALSE,0.280000000000001,"","","cd23a8565c8da7810788d99c32dd7e01",185,7,178,203,0.0378378378378378,0.876847290640394
"linear_sparse_n300_t03_r0010","linear","sparse","paper_adjusted",300,1000,1.9,10,3773983,"HDMT",0.05,"ok",FALSE,0.0100000000000051,"ties should not be present for the one-sample Kolmogorov-Smirnov test","","1198e654049873cde9cbdb39d3ec5827",15,1,14,19,0.0666666666666667,0.736842105263158
"linear_sparse_n300_t03_r0010","linear","sparse","paper_adjusted",300,1000,1.9,10,3773983,"MDACT",0.05,"ok",FALSE,0,"ties should not be present for the one-sample Kolmogorov-Smirnov test","","3c23b0a17c45a443ea4db011bd69ea5c",16,1,15,19,0.0625,0.789473684210526
"linear_sparse_n300_t03_r0010","linear","sparse","paper_adjusted",300,1000,1.9,10,3773983,"MLFDR",0.05,"ok",FALSE,0.13000000000001,"","","49810d4cf2f20ff07daf196afc75bfcd",18,1,17,19,0.0555555555555556,0.894736842105263
"confounded_sparse_n300_t03_r0010","confounded","sparse","paper_adjusted",300,1000,1.9,10,180987313,"HDMT",0.05,"ok",FALSE,0.0200000000000102,"ties should not be present for the one-sample Kolmogorov-Smirnov test","","67436b947a574c3ad5514e702cedf4ee",18,0,18,22,0,0.818181818181818
"confounded_sparse_n300_t03_r0010","confounded","sparse","paper_adjusted",300,1000,1.9,10,180987313,"MDACT",0.05,"ok",FALSE,0,"ties should not be present for the one-sample Kolmogorov-Smirnov test","","598202f6a32afcb07b9e151f5723b6e7",22,1,21,22,0.0454545454545455,0.954545454545455
"confounded_sparse_n300_t03_r0010","confounded","sparse","paper_adjusted",300,1000,1.9,10,180987313,"MLFDR",0.05,"ok",FALSE,0.0999999999999943,"","","4b69d1ec766e75bb359bf53938d5235f",24,2,22,22,0.0833333333333333,1
"binary_sparse_n300_t03_r0010","binary","sparse","paper_adjusted",300,1000,1.9,10,167973885,"HDMT",0.05,"ok",FALSE,0.0300000000000011,"","","8bdda5de5bfb7445dd664ab2365337d7",22,0,22,23,0,0.956521739130435
"binary_sparse_n300_t03_r0010","binary","sparse","paper_adjusted",300,1000,1.9,10,167973885,"MDACT",0.05,"ok",FALSE,0.00999999999999091,"","","200e5730f6be7fa3d6d091e884779169",23,0,23,23,0,1
"binary_sparse_n300_t03_r0010","binary","sparse","paper_adjusted",300,1000,1.9,10,167973885,"MLFDR",0.05,"ok",FALSE,0.0699999999999932,"","","b2879006df32caaa2aea4157f2beef73",23,0,23,23,0,1
"linear_dense_n300_t03_r0010","linear","dense","paper_adjusted",300,1000,1.9,10,35810048,"HDMT",0.05,"ok",FALSE,0.0300000000000011,"ties should not be present for the one-sample Kolmogorov-Smirnov test","","484f1484969f2d0b3d40ad453b677076",165,1,164,189,0.00606060606060606,0.867724867724868
"linear_dense_n300_t03_r0010","linear","dense","paper_adjusted",300,1000,1.9,10,35810048,"MDACT",0.05,"ok",FALSE,0.00999999999999091,"ties should not be present for the one-sample Kolmogorov-Smirnov test","","b694b4591d28c5ea1f78de4d495cbe3e",167,1,166,189,0.00598802395209581,0.878306878306878
"linear_dense_n300_t03_r0010","linear","dense","paper_adjusted",300,1000,1.9,10,35810048,"MLFDR",0.05,"ok",FALSE,0.22999999999999,"","","47783ddc86c6503c16300bb027623fd5",187,5,182,189,0.0267379679144385,0.962962962962963
"confounded_dense_n300_t03_r0010","confounded","dense","paper_adjusted",300,1000,1.9,10,61870941,"HDMT",0.05,"ok",FALSE,0.0200000000000102,"ties should not be present for the one-sample Kolmogorov-Smirnov test","","65e597771084f2e74accd84e008bb5b9",181,6,175,198,0.0331491712707182,0.883838383838384
"confounded_dense_n300_t03_r0010","confounded","dense","paper_adjusted",300,1000,1.9,10,61870941,"MDACT",0.05,"ok",FALSE,0,"ties should not be present for the one-sample Kolmogorov-Smirnov test","","79936584a2b4c5627004701c3d9770a7",182,5,177,198,0.0274725274725275,0.893939393939394
"confounded_dense_n300_t03_r0010","confounded","dense","paper_adjusted",300,1000,1.9,10,61870941,"MLFDR",0.05,"ok",FALSE,0.139999999999986,"","","58f63dcd1fd5904dfa3d19f72a27be99",203,7,196,198,0.0344827586206897,0.98989898989899
"binary_dense_n300_t03_r0010","binary","dense","paper_adjusted",300,1000,1.9,10,76776334,"HDMT",0.05,"ok",FALSE,0.0400000000000063,"","","d363152b89ecdb778c51215b995ace26",184,9,175,216,0.0489130434782609,0.810185185185185
"binary_dense_n300_t03_r0010","binary","dense","paper_adjusted",300,1000,1.9,10,76776334,"MDACT",0.05,"ok",FALSE,0.019999999999996,"","","3c8d36b438cf702c946735e9e9b59e5c",183,7,176,216,0.0382513661202186,0.814814814814815
"binary_dense_n300_t03_r0010","binary","dense","paper_adjusted",300,1000,1.9,10,76776334,"MLFDR",0.05,"ok",FALSE,0.169999999999987,"","","d3959b67b2fa2e1c0f49e1407d0fb92e",211,7,204,216,0.033175355450237,0.944444444444444
"linear_sparse_n300_t01_r0011","linear","sparse","paper_adjusted",300,1000,1.1,11,133330202,"HDMT",0.05,"ok",FALSE,0.019999999999996,"ties should not be present for the one-sample Kolmogorov-Smirnov test","","2d5aab1f36d1fe2c679e7dd24d8a8123",1,0,1,17,0,0.0588235294117647
"linear_sparse_n300_t01_r0011","linear","sparse","paper_adjusted",300,1000,1.1,11,133330202,"MDACT",0.05,"ok",FALSE,0,"ties should not be present for the one-sample Kolmogorov-Smirnov test","","55b9315196a799d1223eadcd47fce2bf",1,0,1,17,0,0.0588235294117647
"linear_sparse_n300_t01_r0011","linear","sparse","paper_adjusted",300,1000,1.1,11,133330202,"MLFDR",0.05,"ok",FALSE,1.75,"","","2dbdc8d7a5a40bd085e743e6aded75ce",1,0,1,17,0,0.0588235294117647
"confounded_sparse_n300_t01_r0011","confounded","sparse","paper_adjusted",300,1000,1.1,11,258621593,"HDMT",0.05,"ok",FALSE,0.0300000000000011,"ties should not be present for the one-sample Kolmogorov-Smirnov test","","fc84c4ea7303284e13fe3a6f4cf84493",0,0,0,21,0,0
"confounded_sparse_n300_t01_r0011","confounded","sparse","paper_adjusted",300,1000,1.1,11,258621593,"MDACT",0.05,"ok",FALSE,0.019999999999996,"ties should not be present for the one-sample Kolmogorov-Smirnov test","","f9bd206b8d700a255ba32c69dbad2f82",0,0,0,21,0,0
"confounded_sparse_n300_t01_r0011","confounded","sparse","paper_adjusted",300,1000,1.1,11,258621593,"MLFDR",0.05,"ok",FALSE,2.39,"","","e5370ed92e2d0a282204b6d3c64f8746",0,0,0,21,0,0
"binary_sparse_n300_t01_r0011","binary","sparse","paper_adjusted",300,1000,1.1,11,27182619,"HDMT",0.05,"ok",FALSE,0.0300000000000011,"","","e811517cd794272f49166203ce87469d",0,0,0,21,0,0
"binary_sparse_n300_t01_r0011","binary","sparse","paper_adjusted",300,1000,1.1,11,27182619,"MDACT",0.05,"ok",FALSE,0.0200000000000102,"","","6870827a53f79ef3c85e4217ef2c51ae",0,0,0,21,0,0
"binary_sparse_n300_t01_r0011","binary","sparse","paper_adjusted",300,1000,1.1,11,27182619,"MLFDR",0.05,"ok",FALSE,2.04000000000001,"","","b932291de4cfd429134290760b4d1093",0,0,0,21,0,0
"linear_dense_n300_t01_r0011","linear","dense","paper_adjusted",300,1000,1.1,11,206006712,"HDMT",0.05,"ok",FALSE,0.0300000000000011,"ties should not be present for the one-sample Kolmogorov-Smirnov test","","ddcd7c414f99a5e04169ef2431b938cc",40,2,38,219,0.05,0.17351598173516
"linear_dense_n300_t01_r0011","linear","dense","paper_adjusted",300,1000,1.1,11,206006712,"MDACT",0.05,"ok",FALSE,0.0200000000000102,"ties should not be present for the one-sample Kolmogorov-Smirnov test","","9663be543774e48c920c130cda6b0dda",45,2,43,219,0.0444444444444444,0.19634703196347
"linear_dense_n300_t01_r0011","linear","dense","paper_adjusted",300,1000,1.1,11,206006712,"MLFDR",0.05,"ok",FALSE,0.690000000000012,"","","c1f3baab51d1eb76ae9c7ced21d15e18",104,6,98,219,0.0576923076923077,0.447488584474886
"confounded_dense_n300_t01_r0011","confounded","dense","paper_adjusted",300,1000,1.1,11,183002136,"HDMT",0.05,"ok",FALSE,0.0300000000000011,"ties should not be present for the one-sample Kolmogorov-Smirnov test","","66e109d0ba582fcc93b6662b5178255f",55,1,54,196,0.0181818181818182,0.275510204081633
"confounded_dense_n300_t01_r0011","confounded","dense","paper_adjusted",300,1000,1.1,11,183002136,"MDACT",0.05,"ok",FALSE,0,"ties should not be present for the one-sample Kolmogorov-Smirnov test","","d6755395c3c2389c3700c3256b840c4c",78,4,74,196,0.0512820512820513,0.377551020408163
"confounded_dense_n300_t01_r0011","confounded","dense","paper_adjusted",300,1000,1.1,11,183002136,"MLFDR",0.05,"ok",FALSE,0.609999999999999,"","","5411050cca1c4babb78b2f6176f3629a",123,6,117,196,0.0487804878048781,0.596938775510204
"binary_dense_n300_t01_r0011","binary","dense","paper_adjusted",300,1000,1.1,11,129083832,"HDMT",0.05,"ok",FALSE,0.0300000000000011,"","","de70e6aff20e67199394fbce2037f590",8,1,7,193,0.125,0.0362694300518135
"binary_dense_n300_t01_r0011","binary","dense","paper_adjusted",300,1000,1.1,11,129083832,"MDACT",0.05,"ok",FALSE,0.019999999999996,"","","8763c11247505f9099952bfc91b3eae2",16,1,15,193,0.0625,0.077720207253886
"binary_dense_n300_t01_r0011","binary","dense","paper_adjusted",300,1000,1.1,11,129083832,"MLFDR",0.05,"ok",FALSE,1.11,"","","c3816c0baff1b75dc1c72d419ccf4b96",73,4,69,193,0.0547945205479452,0.357512953367876
"linear_sparse_n300_t02_r0011","linear","sparse","paper_adjusted",300,1000,1.5,11,183995362,"HDMT",0.05,"ok",FALSE,0.0300000000000011,"ties should not be present for the one-sample Kolmogorov-Smirnov test","","6d91b47a855e6358cf15b58b0c5972f4",9,0,9,16,0,0.5625
"linear_sparse_n300_t02_r0011","linear","sparse","paper_adjusted",300,1000,1.5,11,183995362,"MDACT",0.05,"ok",FALSE,0.00999999999999091,"ties should not be present for the one-sample Kolmogorov-Smirnov test","","99f07bd67b0d15d630604b074676210c",9,0,9,16,0,0.5625
"linear_sparse_n300_t02_r0011","linear","sparse","paper_adjusted",300,1000,1.5,11,183995362,"MLFDR",0.05,"ok",FALSE,0.339999999999989,"","","51cff630b8d11c0a134a3ee14ba94a11",13,0,13,16,0,0.8125
"confounded_sparse_n300_t02_r0011","confounded","sparse","paper_adjusted",300,1000,1.5,11,63265925,"HDMT",0.05,"ok",FALSE,0.0300000000000011,"ties should not be present for the one-sample Kolmogorov-Smirnov test","","3a463a041f84ffcf2755e452fc6e05d4",4,1,3,19,0.25,0.157894736842105
"confounded_sparse_n300_t02_r0011","confounded","sparse","paper_adjusted",300,1000,1.5,11,63265925,"MDACT",0.05,"ok",FALSE,0.019999999999996,"ties should not be present for the one-sample Kolmogorov-Smirnov test","","4d3edb9d303b620eb8fdd7aa522d8b82",14,1,13,19,0.0714285714285714,0.684210526315789
"confounded_sparse_n300_t02_r0011","confounded","sparse","paper_adjusted",300,1000,1.5,11,63265925,"MLFDR",0.05,"ok",FALSE,0.339999999999989,"","","d0dcf6e5e51be76ad63195924f61259c",12,0,12,19,0,0.631578947368421
"binary_sparse_n300_t02_r0011","binary","sparse","paper_adjusted",300,1000,1.5,11,87413891,"HDMT",0.05,"ok",FALSE,0.0299999999999869,"","","32b6525b536d92f0b392f74184ff8818",6,0,6,9,0,0.666666666666667
"binary_sparse_n300_t02_r0011","binary","sparse","paper_adjusted",300,1000,1.5,11,87413891,"MDACT",0.05,"ok",FALSE,0,"","","5c609fe65ed79990d57c0edb3b4664ad",3,0,3,9,0,0.333333333333333
"binary_sparse_n300_t02_r0011","binary","sparse","paper_adjusted",300,1000,1.5,11,87413891,"MLFDR",0.05,"ok",FALSE,0.260000000000005,"","","16f6c06ebcd002d26c77d149f3d3b3ab",7,0,7,9,0,0.777777777777778
"linear_dense_n300_t02_r0011","linear","dense","paper_adjusted",300,1000,1.5,11,69498240,"HDMT",0.05,"ok",FALSE,0.0499999999999972,"ties should not be present for the one-sample Kolmogorov-Smirnov test","","cda7a115fcf7f20643045efc925ec339",166,8,158,210,0.0481927710843374,0.752380952380952
"linear_dense_n300_t02_r0011","linear","dense","paper_adjusted",300,1000,1.5,11,69498240,"MDACT",0.05,"ok",FALSE,0.0200000000000102,"ties should not be present for the one-sample Kolmogorov-Smirnov test","","7e4db0a6a63500ef2bf7679ab3346992",172,11,161,210,0.063953488372093,0.766666666666667
"linear_dense_n300_t02_r0011","linear","dense","paper_adjusted",300,1000,1.5,11,69498240,"MLFDR",0.05,"ok",FALSE,0.209999999999994,"","","42a17d74eedd86345b1889cee3389a00",201,6,195,210,0.0298507462686567,0.928571428571429
"confounded_dense_n300_t02_r0011","confounded","dense","paper_adjusted",300,1000,1.5,11,79583986,"HDMT",0.05,"ok",FALSE,0.0100000000000051,"ties should not be present for the one-sample Kolmogorov-Smirnov test","","51a7b862764e97f6e07c8b37848446c8",106,3,103,207,0.0283018867924528,0.497584541062802
"confounded_dense_n300_t02_r0011","confounded","dense","paper_adjusted",300,1000,1.5,11,79583986,"MDACT",0.05,"ok",FALSE,0,"ties should not be present for the one-sample Kolmogorov-Smirnov test","","2a186a739f198cc2b1ba3d2eb1839373",121,5,116,207,0.0413223140495868,0.560386473429952
"confounded_dense_n300_t02_r0011","confounded","dense","paper_adjusted",300,1000,1.5,11,79583986,"MLFDR",0.05,"ok",FALSE,0.350000000000009,"","","6a9ebf4216a0aaea5dceca398c34eefe",169,7,162,207,0.0414201183431953,0.782608695652174
"binary_dense_n300_t02_r0011","binary","dense","paper_adjusted",300,1000,1.5,11,148928957,"HDMT",0.05,"ok",FALSE,0.0200000000000102,"","","75e594065e512cd89057d91c011f55b2",100,5,95,187,0.05,0.508021390374332
"binary_dense_n300_t02_r0011","binary","dense","paper_adjusted",300,1000,1.5,11,148928957,"MDACT",0.05,"ok",FALSE,0.019999999999996,"","","2ecc4410067bd99f1d16aa332cc1eab1",107,8,99,187,0.0747663551401869,0.529411764705882
"binary_dense_n300_t02_r0011","binary","dense","paper_adjusted",300,1000,1.5,11,148928957,"MLFDR",0.05,"ok",FALSE,0.219999999999999,"","","a4afffc33b0b614a828f13877817f4d1",152,4,148,187,0.0263157894736842,0.79144385026738
"linear_sparse_n300_t03_r0011","linear","sparse","paper_adjusted",300,1000,1.9,11,139644010,"HDMT",0.05,"ok",FALSE,0.019999999999996,"ties should not be present for the one-sample Kolmogorov-Smirnov test","","dfee33bc4b41f274aea8e61146d1b8ee",14,0,14,21,0,0.666666666666667
"linear_sparse_n300_t03_r0011","linear","sparse","paper_adjusted",300,1000,1.9,11,139644010,"MDACT",0.05,"ok",FALSE,0.019999999999996,"ties should not be present for the one-sample Kolmogorov-Smirnov test","","aade0e4523fae479042139d71da67f86",14,0,14,21,0,0.666666666666667
"linear_sparse_n300_t03_r0011","linear","sparse","paper_adjusted",300,1000,1.9,11,139644010,"MLFDR",0.05,"ok",FALSE,0.220000000000013,"","","b537b3b812cd550baafaca92ef9e7823",19,0,19,21,0,0.904761904761905
"confounded_sparse_n300_t03_r0011","confounded","sparse","paper_adjusted",300,1000,1.9,11,251846199,"HDMT",0.05,"ok",FALSE,0.0300000000000011,"ties should not be present for the one-sample Kolmogorov-Smirnov test","","5a99416d6576212d3984f8f656cb92df",21,0,21,27,0,0.777777777777778
"confounded_sparse_n300_t03_r0011","confounded","sparse","paper_adjusted",300,1000,1.9,11,251846199,"MDACT",0.05,"ok",FALSE,0.019999999999996,"ties should not be present for the one-sample Kolmogorov-Smirnov test","","37ed108a24fa3aa7142301f3f7895725",21,0,21,27,0,0.777777777777778
"confounded_sparse_n300_t03_r0011","confounded","sparse","paper_adjusted",300,1000,1.9,11,251846199,"MLFDR",0.05,"ok",FALSE,0.320000000000007,"","","f4a7b460dfb5f178d31c46b8620f84b2",26,1,25,27,0.0384615384615385,0.925925925925926
"binary_sparse_n300_t03_r0011","binary","sparse","paper_adjusted",300,1000,1.9,11,218488873,"HDMT",0.05,"ok",FALSE,0.0400000000000063,"","","890455f4d922058291aa9d7e4c5df787",8,0,8,14,0,0.571428571428571
"binary_sparse_n300_t03_r0011","binary","sparse","paper_adjusted",300,1000,1.9,11,218488873,"MDACT",0.05,"ok",FALSE,0.019999999999996,"","","26eb2df04170a667af676dea7dca6bec",8,0,8,14,0,0.571428571428571
"binary_sparse_n300_t03_r0011","binary","sparse","paper_adjusted",300,1000,1.9,11,218488873,"MLFDR",0.05,"ok",FALSE,0.549999999999997,"","","fa7aebccd4cb8def3f4da1ce3cedb302",11,0,11,14,0,0.785714285714286
"linear_dense_n300_t03_r0011","linear","dense","paper_adjusted",300,1000,1.9,11,253502343,"HDMT",0.05,"ok",FALSE,0.0300000000000011,"ties should not be present for the one-sample Kolmogorov-Smirnov test","","39e40def04942cd79bdb1d13d5bcf5d9",144,4,140,172,0.0277777777777778,0.813953488372093
"linear_dense_n300_t03_r0011","linear","dense","paper_adjusted",300,1000,1.9,11,253502343,"MDACT",0.05,"ok",FALSE,0.019999999999996,"ties should not be present for the one-sample Kolmogorov-Smirnov test","","4cc424f646417f94aad8a7d0e6207cc6",147,4,143,172,0.0272108843537415,0.831395348837209
"linear_dense_n300_t03_r0011","linear","dense","paper_adjusted",300,1000,1.9,11,253502343,"MLFDR",0.05,"ok",FALSE,0.170000000000002,"","","cb5bad5acaabd596582e917e8e8e60bf",174,8,166,172,0.0459770114942529,0.965116279069767
"confounded_dense_n300_t03_r0011","confounded","dense","paper_adjusted",300,1000,1.9,11,169043342,"HDMT",0.05,"ok",FALSE,0.0100000000000051,"ties should not be present for the one-sample Kolmogorov-Smirnov test","","09a9a1f89066ef8d140c6f12ec7fd6e0",159,3,156,175,0.0188679245283019,0.891428571428571
"confounded_dense_n300_t03_r0011","confounded","dense","paper_adjusted",300,1000,1.9,11,169043342,"MDACT",0.05,"ok",FALSE,0.00999999999999091,"ties should not be present for the one-sample Kolmogorov-Smirnov test","","d06e6fb873923bdf5dd62d88eb40c83c",161,3,158,175,0.0186335403726708,0.902857142857143
"confounded_dense_n300_t03_r0011","confounded","dense","paper_adjusted",300,1000,1.9,11,169043342,"MLFDR",0.05,"ok",FALSE,0.140000000000001,"","","d4e2b04a567281dbc665662ee3bfbc58",176,6,170,175,0.0340909090909091,0.971428571428571
"binary_dense_n300_t03_r0011","binary","dense","paper_adjusted",300,1000,1.9,11,152733004,"HDMT",0.05,"ok",FALSE,0.0300000000000011,"","","e1fb3b64a44f6bee2c307637371ee4e4",168,10,158,198,0.0595238095238095,0.797979797979798
"binary_dense_n300_t03_r0011","binary","dense","paper_adjusted",300,1000,1.9,11,152733004,"MDACT",0.05,"ok",FALSE,0.0200000000000102,"","","440f5a3c4cf7c000ca7c4158bbc48664",170,11,159,198,0.0647058823529412,0.803030303030303
"binary_dense_n300_t03_r0011","binary","dense","paper_adjusted",300,1000,1.9,11,152733004,"MLFDR",0.05,"ok",FALSE,0.260000000000005,"","","2b450ea06de1c777a06002b7bec1862d",202,18,184,198,0.0891089108910891,0.929292929292929
"linear_sparse_n300_t01_r0012","linear","sparse","paper_adjusted",300,1000,1.1,12,83997901,"HDMT",0.05,"ok",FALSE,0.0300000000000011,"ties should not be present for the one-sample Kolmogorov-Smirnov test","","47d7e3f2c88498947b92196282a06646",2,0,2,21,0,0.0952380952380952
"linear_sparse_n300_t01_r0012","linear","sparse","paper_adjusted",300,1000,1.1,12,83997901,"MDACT",0.05,"ok",FALSE,0,"ties should not be present for the one-sample Kolmogorov-Smirnov test","","a1dc29671baedb5432bfc9e737631d56",5,0,5,21,0,0.238095238095238
"linear_sparse_n300_t01_r0012","linear","sparse","paper_adjusted",300,1000,1.1,12,83997901,"MLFDR",0.05,"ok",FALSE,2.03,"","","cebaf64fd735ae64bd86d9c34d09859e",8,1,7,21,0.125,0.333333333333333
"confounded_sparse_n300_t01_r0012","confounded","sparse","paper_adjusted",300,1000,1.1,12,65537635,"HDMT",0.05,"ok",FALSE,0.0400000000000063,"ties should not be present for the one-sample Kolmogorov-Smirnov test","","723875a68abb0846d07e5526cbd21f1e",4,0,4,22,0,0.181818181818182
"confounded_sparse_n300_t01_r0012","confounded","sparse","paper_adjusted",300,1000,1.1,12,65537635,"MDACT",0.05,"ok",FALSE,0.0100000000000051,"ties should not be present for the one-sample Kolmogorov-Smirnov test","","67d057fe373e9a3192739938f76d0ae2",4,0,4,22,0,0.181818181818182
"confounded_sparse_n300_t01_r0012","confounded","sparse","paper_adjusted",300,1000,1.1,12,65537635,"MLFDR",0.05,"ok",FALSE,1.22,"","","850d44b9369e5798ffb50351258066e0",10,1,9,22,0.1,0.409090909090909
"binary_sparse_n300_t01_r0012","binary","sparse","paper_adjusted",300,1000,1.1,12,33748837,"HDMT",0.05,"ok",FALSE,0.0100000000000051,"","","553b95d1f25da8bdd41268924544503b",2,0,2,21,0,0.0952380952380952
"binary_sparse_n300_t01_r0012","binary","sparse","paper_adjusted",300,1000,1.1,12,33748837,"MDACT",0.05,"ok",FALSE,0.019999999999996,"","","34c20f76d465817a2eb8452713e5d47c",4,0,4,21,0,0.19047619047619
"binary_sparse_n300_t01_r0012","binary","sparse","paper_adjusted",300,1000,1.1,12,33748837,"MLFDR",0.05,"ok",FALSE,0.680000000000007,"","","f7066816ec68da392d89074f3bbd5f11",3,0,3,21,0,0.142857142857143
"linear_dense_n300_t01_r0012","linear","dense","paper_adjusted",300,1000,1.1,12,68625860,"HDMT",0.05,"ok",FALSE,0.0400000000000063,"ties should not be present for the one-sample Kolmogorov-Smirnov test","","33c118c6a9c57d3b547bec0a8e2f6046",55,0,55,201,0,0.27363184079602
"linear_dense_n300_t01_r0012","linear","dense","paper_adjusted",300,1000,1.1,12,68625860,"MDACT",0.05,"ok",FALSE,0,"ties should not be present for the one-sample Kolmogorov-Smirnov test","","4c33ba67f50a3490d3c7529e1915c720",71,3,68,201,0.0422535211267606,0.338308457711443
"linear_dense_n300_t01_r0012","linear","dense","paper_adjusted",300,1000,1.1,12,68625860,"MLFDR",0.05,"ok",FALSE,0.560000000000002,"","","17e01dd2c01c66fee7f74d7ccc99c456",123,3,120,201,0.024390243902439,0.597014925373134
"confounded_dense_n300_t01_r0012","confounded","dense","paper_adjusted",300,1000,1.1,12,136342421,"HDMT",0.05,"ok",FALSE,0.00999999999999091,"ties should not be present for the one-sample Kolmogorov-Smirnov test","","fc3dad269159ec3d0c60221c73902b90",34,1,33,203,0.0294117647058824,0.16256157635468
"confounded_dense_n300_t01_r0012","confounded","dense","paper_adjusted",300,1000,1.1,12,136342421,"MDACT",0.05,"ok",FALSE,0.019999999999996,"ties should not be present for the one-sample Kolmogorov-Smirnov test","","14552d3d32c9a99d15ed95d3cbcd6d3b",49,2,47,203,0.0408163265306122,0.231527093596059
"confounded_dense_n300_t01_r0012","confounded","dense","paper_adjusted",300,1000,1.1,12,136342421,"MLFDR",0.05,"ok",FALSE,1.11,"","","41b96facff52d05c2983452f45964d4d",123,5,118,203,0.040650406504065,0.58128078817734
"binary_dense_n300_t01_r0012","binary","dense","paper_adjusted",300,1000,1.1,12,127289024,"HDMT",0.05,"ok",FALSE,0.0400000000000063,"","","58f31282c8e12439a178e54f6077e685",4,0,4,201,0,0.0199004975124378
"binary_dense_n300_t01_r0012","binary","dense","paper_adjusted",300,1000,1.1,12,127289024,"MDACT",0.05,"ok",FALSE,0.019999999999996,"","","937dfc2645df5f6d1655370db5af19b1",23,0,23,201,0,0.114427860696517
"binary_dense_n300_t01_r0012","binary","dense","paper_adjusted",300,1000,1.1,12,127289024,"MLFDR",0.05,"ok",FALSE,0.439999999999998,"","","0bfdfd3ab841cd0927bdb30834c2db56",71,1,70,201,0.0140845070422535,0.348258706467662
"linear_sparse_n300_t02_r0012","linear","sparse","paper_adjusted",300,1000,1.5,12,47709176,"HDMT",0.05,"ok",FALSE,0.0299999999999869,"ties should not be present for the one-sample Kolmogorov-Smirnov test","","e74d053bda9f0568be0eff766b507764",15,1,14,23,0.0666666666666667,0.608695652173913
"linear_sparse_n300_t02_r0012","linear","sparse","paper_adjusted",300,1000,1.5,12,47709176,"MDACT",0.05,"ok",FALSE,0.00999999999999091,"ties should not be present for the one-sample Kolmogorov-Smirnov test","","1cf3c2192fa14f654f8ad263139128bd",16,1,15,23,0.0625,0.652173913043478
"linear_sparse_n300_t02_r0012","linear","sparse","paper_adjusted",300,1000,1.5,12,47709176,"MLFDR",0.05,"ok",FALSE,0.140000000000001,"","","668cd9c3f2e7e761545771e2531c2cfe",18,1,17,23,0.0555555555555556,0.739130434782609
"confounded_sparse_n300_t02_r0012","confounded","sparse","paper_adjusted",300,1000,1.5,12,68762845,"HDMT",0.05,"ok",FALSE,0.0300000000000011,"ties should not be present for the one-sample Kolmogorov-Smirnov test","","70b5a870930458535db19ed1da829e4a",7,0,7,17,0,0.411764705882353
"confounded_sparse_n300_t02_r0012","confounded","sparse","paper_adjusted",300,1000,1.5,12,68762845,"MDACT",0.05,"ok",FALSE,0.0100000000000051,"ties should not be present for the one-sample Kolmogorov-Smirnov test","","9e8499209ac21ff497a153c972b7f403",7,0,7,17,0,0.411764705882353
"confounded_sparse_n300_t02_r0012","confounded","sparse","paper_adjusted",300,1000,1.5,12,68762845,"MLFDR",0.05,"ok",FALSE,0.189999999999998,"","","6921a5147ac57ed397d5a2ab9325885e",11,0,11,17,0,0.647058823529412
"binary_sparse_n300_t02_r0012","binary","sparse","paper_adjusted",300,1000,1.5,12,123812910,"HDMT",0.05,"ok",FALSE,0.0300000000000011,"","","a1622f20f04e35701286d054825b12a2",9,0,9,20,0,0.45
"binary_sparse_n300_t02_r0012","binary","sparse","paper_adjusted",300,1000,1.5,12,123812910,"MDACT",0.05,"ok",FALSE,0,"","","581e5bd89243de51e46768be00f6686a",10,0,10,20,0,0.5
"binary_sparse_n300_t02_r0012","binary","sparse","paper_adjusted",300,1000,1.5,12,123812910,"MLFDR",0.05,"ok",FALSE,0.269999999999996,"","","ba951b7b0c161b4595460e11137337b8",11,0,11,20,0,0.55
"linear_dense_n300_t02_r0012","linear","dense","paper_adjusted",300,1000,1.5,12,235823241,"HDMT",0.05,"ok",FALSE,0.0499999999999972,"ties should not be present for the one-sample Kolmogorov-Smirnov test","","07a7ac10897eb3423d528e3910fe57d3",119,4,115,220,0.0336134453781513,0.522727272727273
"linear_dense_n300_t02_r0012","linear","dense","paper_adjusted",300,1000,1.5,12,235823241,"MDACT",0.05,"ok",FALSE,0.0200000000000102,"ties should not be present for the one-sample Kolmogorov-Smirnov test","","2e28c0ef7eb0687756ea8af4ed6fc88f",128,6,122,220,0.046875,0.554545454545455
"linear_dense_n300_t02_r0012","linear","dense","paper_adjusted",300,1000,1.5,12,235823241,"MLFDR",0.05,"ok",FALSE,0.349999999999994,"","","d7a33bfee408896b214a297c0c19e0af",182,3,179,220,0.0164835164835165,0.813636363636364
"confounded_dense_n300_t02_r0012","confounded","dense","paper_adjusted",300,1000,1.5,12,261695963,"HDMT",0.05,"ok",FALSE,0.019999999999996,"ties should not be present for the one-sample Kolmogorov-Smirnov test","","9135b5208c50185ee3b31f055b083b34",114,3,111,186,0.0263157894736842,0.596774193548387
"confounded_dense_n300_t02_r0012","confounded","dense","paper_adjusted",300,1000,1.5,12,261695963,"MDACT",0.05,"ok",FALSE,0,"ties should not be present for the one-sample Kolmogorov-Smirnov test","","78aa6bfacfa9ae1f95ccd632b459c9bc",120,3,117,186,0.025,0.629032258064516
"confounded_dense_n300_t02_r0012","confounded","dense","paper_adjusted",300,1000,1.5,12,261695963,"MLFDR",0.05,"ok",FALSE,0.390000000000001,"","","33512c956ad871dfab49ac60487f9410",154,5,149,186,0.0324675324675325,0.801075268817204
"binary_dense_n300_t02_r0012","binary","dense","paper_adjusted",300,1000,1.5,12,204564709,"HDMT",0.05,"ok",FALSE,0.0300000000000011,"","","6b04eb8b3383a0b95c7f8161c1d0df2e",111,2,109,202,0.018018018018018,0.53960396039604
"binary_dense_n300_t02_r0012","binary","dense","paper_adjusted",300,1000,1.5,12,204564709,"MDACT",0.05,"ok",FALSE,0,"","","300e664c6cef6683c3ee04ab26e236e8",121,2,119,202,0.0165289256198347,0.589108910891089
"binary_dense_n300_t02_r0012","binary","dense","paper_adjusted",300,1000,1.5,12,204564709,"MLFDR",0.05,"ok",FALSE,0.350000000000009,"","","9002d540a97bacf74ad9f62f9bc39fe6",177,11,166,202,0.0621468926553672,0.821782178217822
"linear_sparse_n300_t03_r0012","linear","sparse","paper_adjusted",300,1000,1.9,12,25873426,"HDMT",0.05,"ok",FALSE,0.0299999999999869,"ties should not be present for the one-sample Kolmogorov-Smirnov test","","8b8f49719f1322c4b95dc5b533b59e67",9,1,8,14,0.111111111111111,0.571428571428571
"linear_sparse_n300_t03_r0012","linear","sparse","paper_adjusted",300,1000,1.9,12,25873426,"MDACT",0.05,"ok",FALSE,0,"ties should not be present for the one-sample Kolmogorov-Smirnov test","","f0d562dbd73bcada39dbc0b87f41b60d",11,1,10,14,0.0909090909090909,0.714285714285714
"linear_sparse_n300_t03_r0012","linear","sparse","paper_adjusted",300,1000,1.9,12,25873426,"MLFDR",0.05,"ok",FALSE,0.150000000000006,"","","a63cfb3a18c468489a651f0fb426f373",13,1,12,14,0.0769230769230769,0.857142857142857
"confounded_sparse_n300_t03_r0012","confounded","sparse","paper_adjusted",300,1000,1.9,12,163471428,"HDMT",0.05,"ok",FALSE,0.0300000000000011,"ties should not be present for the one-sample Kolmogorov-Smirnov test","","0222dd5232cfefa705dbadd09f9542ec",12,2,10,16,0.166666666666667,0.625
"confounded_sparse_n300_t03_r0012","confounded","sparse","paper_adjusted",300,1000,1.9,12,163471428,"MDACT",0.05,"ok",FALSE,0.0100000000000051,"ties should not be present for the one-sample Kolmogorov-Smirnov test","","51f71843b806697dae9585117f6e0252",12,2,10,16,0.166666666666667,0.625
"confounded_sparse_n300_t03_r0012","confounded","sparse","paper_adjusted",300,1000,1.9,12,163471428,"MLFDR",0.05,"ok",FALSE,0.200000000000003,"","","95b8ea4e8343660ef26591f65ee95950",14,1,13,16,0.0714285714285714,0.8125
"binary_sparse_n300_t03_r0012","binary","sparse","paper_adjusted",300,1000,1.9,12,119894970,"HDMT",0.05,"ok",FALSE,0.0300000000000011,"","","492b6313f74385796ce9f1dd22b24a90",22,1,21,27,0.0454545454545455,0.777777777777778
"binary_sparse_n300_t03_r0012","binary","sparse","paper_adjusted",300,1000,1.9,12,119894970,"MDACT",0.05,"ok",FALSE,0.0200000000000102,"","","32dc8a98eb9f3849c766d779ba5d6740",20,1,19,27,0.05,0.703703703703704
"binary_sparse_n300_t03_r0012","binary","sparse","paper_adjusted",300,1000,1.9,12,119894970,"MLFDR",0.05,"ok",FALSE,0.200000000000003,"","","8f8650281c6d7d4aa58bed34418ce5aa",25,1,24,27,0.04,0.888888888888889
"linear_dense_n300_t03_r0012","linear","dense","paper_adjusted",300,1000,1.9,12,85200756,"HDMT",0.05,"ok",FALSE,0.0300000000000011,"ties should not be present for the one-sample Kolmogorov-Smirnov test","","f94a721339ea2c7008e0af5e16e0abf3",170,1,169,202,0.00588235294117647,0.836633663366337
"linear_dense_n300_t03_r0012","linear","dense","paper_adjusted",300,1000,1.9,12,85200756,"MDACT",0.05,"ok",FALSE,0.00999999999999091,"ties should not be present for the one-sample Kolmogorov-Smirnov test","","62c4b79ab57d7a7ab184980e1d84b1dd",174,1,173,202,0.00574712643678161,0.856435643564356
"linear_dense_n300_t03_r0012","linear","dense","paper_adjusted",300,1000,1.9,12,85200756,"MLFDR",0.05,"ok",FALSE,0.200000000000003,"","","371249bf581c46f0d70eee56cf853684",206,11,195,202,0.0533980582524272,0.965346534653465
"confounded_dense_n300_t03_r0012","confounded","dense","paper_adjusted",300,1000,1.9,12,108672300,"HDMT",0.05,"ok",FALSE,0.0300000000000011,"ties should not be present for the one-sample Kolmogorov-Smirnov test","","eb5fbccf73af5f42182a17d9113fea50",141,6,135,181,0.0425531914893617,0.74585635359116
"confounded_dense_n300_t03_r0012","confounded","dense","paper_adjusted",300,1000,1.9,12,108672300,"MDACT",0.05,"ok",FALSE,0.0100000000000051,"ties should not be present for the one-sample Kolmogorov-Smirnov test","","b040c63010d04e02f5523b0358c0c023",136,2,134,181,0.0147058823529412,0.740331491712707
"confounded_dense_n300_t03_r0012","confounded","dense","paper_adjusted",300,1000,1.9,12,108672300,"MLFDR",0.05,"ok",FALSE,0.230000000000004,"","","272028bbd2dba216a36a5484ea0a6ea1",177,4,173,181,0.0225988700564972,0.955801104972376
"binary_dense_n300_t03_r0012","binary","dense","paper_adjusted",300,1000,1.9,12,73755727,"HDMT",0.05,"ok",FALSE,0.0300000000000011,"","","0f36e43423aacac0ad78d9d076e37948",118,3,115,182,0.0254237288135593,0.631868131868132
"binary_dense_n300_t03_r0012","binary","dense","paper_adjusted",300,1000,1.9,12,73755727,"MDACT",0.05,"ok",FALSE,0.0200000000000102,"","","0a2090fcf2e279dfb83e6303ee0f34a2",131,4,127,182,0.0305343511450382,0.697802197802198
"binary_dense_n300_t03_r0012","binary","dense","paper_adjusted",300,1000,1.9,12,73755727,"MLFDR",0.05,"ok",FALSE,0.209999999999994,"","","c56193433a100fd9885b4c88e22890c5",167,9,158,182,0.0538922155688623,0.868131868131868
"linear_sparse_n300_t01_r0013","linear","sparse","paper_adjusted",300,1000,1.1,13,38958729,"HDMT",0.05,"ok",FALSE,0.019999999999996,"ties should not be present for the one-sample Kolmogorov-Smirnov test","","157283786e0f716a243ff90800aff408",3,1,2,25,0.333333333333333,0.08
"linear_sparse_n300_t01_r0013","linear","sparse","paper_adjusted",300,1000,1.1,13,38958729,"MDACT",0.05,"ok",FALSE,0,"ties should not be present for the one-sample Kolmogorov-Smirnov test","","94aeb86f4ad2efa4b508d8ab0b8d082d",6,1,5,25,0.166666666666667,0.2
"linear_sparse_n300_t01_r0013","linear","sparse","paper_adjusted",300,1000,1.1,13,38958729,"MLFDR",0.05,"ok",FALSE,0.469999999999999,"","","0064cd2f5928747ff278abaacea4d168",11,0,11,25,0,0.44
"confounded_sparse_n300_t01_r0013","confounded","sparse","paper_adjusted",300,1000,1.1,13,188652314,"HDMT",0.05,"ok",FALSE,0.0100000000000051,"ties should not be present for the one-sample Kolmogorov-Smirnov test","","3aac565d89246147112a2670960e7484",4,0,4,18,0,0.222222222222222
"confounded_sparse_n300_t01_r0013","confounded","sparse","paper_adjusted",300,1000,1.1,13,188652314,"MDACT",0.05,"ok",FALSE,0.019999999999996,"ties should not be present for the one-sample Kolmogorov-Smirnov test","","fdd1d05bfcc5f5bead988e120c74e76b",5,0,5,18,0,0.277777777777778
"confounded_sparse_n300_t01_r0013","confounded","sparse","paper_adjusted",300,1000,1.1,13,188652314,"MLFDR",0.05,"ok",FALSE,0.570000000000007,"","","f2190267f4b01cf0f5a665c5d27d3ed9",9,0,9,18,0,0.5
"binary_sparse_n300_t01_r0013","binary","sparse","paper_adjusted",300,1000,1.1,13,258403955,"HDMT",0.05,"ok",FALSE,0.0300000000000011,"","","a38ae1c9568202d353bb724dfb033c92",1,1,0,17,1,0
"binary_sparse_n300_t01_r0013","binary","sparse","paper_adjusted",300,1000,1.1,13,258403955,"MDACT",0.05,"ok",FALSE,0,"","","ffc78740adef83c0224fc82b6d698d8b",1,1,0,17,1,0
"binary_sparse_n300_t01_r0013","binary","sparse","paper_adjusted",300,1000,1.1,13,258403955,"MLFDR",0.05,"ok",FALSE,0.669999999999987,"","","621497da0a82b273fdc1269dc2ed820d",4,1,3,17,0.25,0.176470588235294
"linear_dense_n300_t01_r0013","linear","dense","paper_adjusted",300,1000,1.1,13,131902403,"HDMT",0.05,"ok",FALSE,0.0300000000000011,"ties should not be present for the one-sample Kolmogorov-Smirnov test","","dcf3bbbc43d4c237ecdee0adfbc3ce85",21,1,20,223,0.0476190476190476,0.0896860986547085
"linear_dense_n300_t01_r0013","linear","dense","paper_adjusted",300,1000,1.1,13,131902403,"MDACT",0.05,"ok",FALSE,0,"ties should not be present for the one-sample Kolmogorov-Smirnov test","","8faaf1d583c8084049050e2f3859d530",48,3,45,223,0.0625,0.201793721973094
"linear_dense_n300_t01_r0013","linear","dense","paper_adjusted",300,1000,1.1,13,131902403,"MLFDR",0.05,"ok",FALSE,0.88000000000001,"","","30690e3338bdc3beeaa26a98dd42e2cb",121,8,113,223,0.0661157024793388,0.506726457399103
"confounded_dense_n300_t01_r0013","confounded","dense","paper_adjusted",300,1000,1.1,13,87106251,"HDMT",0.05,"ok",FALSE,0.0299999999999869,"ties should not be present for the one-sample Kolmogorov-Smirnov test","","101e19b32a3821c884cd655e77cf21cc",12,0,12,213,0,0.0563380281690141
"confounded_dense_n300_t01_r0013","confounded","dense","paper_adjusted",300,1000,1.1,13,87106251,"MDACT",0.05,"ok",FALSE,0.00999999999999091,"ties should not be present for the one-sample Kolmogorov-Smirnov test","","6d86864b320d4326a5b4c4f93f3d66d9",31,3,28,213,0.0967741935483871,0.131455399061033
"confounded_dense_n300_t01_r0013","confounded","dense","paper_adjusted",300,1000,1.1,13,87106251,"MLFDR",0.05,"ok",FALSE,0.409999999999997,"","","ab93f83554ef2cd0fef1418dc490edf4",98,6,92,213,0.0612244897959184,0.431924882629108
"binary_dense_n300_t01_r0013","binary","dense","paper_adjusted",300,1000,1.1,13,69854313,"HDMT",0.05,"ok",FALSE,0.0300000000000011,"","","792164f14b96f601ac884432553e16bf",48,0,48,176,0,0.272727272727273
"binary_dense_n300_t01_r0013","binary","dense","paper_adjusted",300,1000,1.1,13,69854313,"MDACT",0.05,"ok",FALSE,0.0100000000000051,"","","1323de7657699cb9230d0659d4d5f376",61,1,60,176,0.0163934426229508,0.340909090909091
"binary_dense_n300_t01_r0013","binary","dense","paper_adjusted",300,1000,1.1,13,69854313,"MLFDR",0.05,"ok",FALSE,0.609999999999999,"","","2942e7d404099e433176f67a5674e5dd",110,4,106,176,0.0363636363636364,0.602272727272727
"linear_sparse_n300_t02_r0013","linear","sparse","paper_adjusted",300,1000,1.5,13,140746800,"HDMT",0.05,"ok",FALSE,0.0300000000000011,"ties should not be present for the one-sample Kolmogorov-Smirnov test","","c9f223902f726dcfbb8d892fec31295f",5,0,5,20,0,0.25
"linear_sparse_n300_t02_r0013","linear","sparse","paper_adjusted",300,1000,1.5,13,140746800,"MDACT",0.05,"ok",FALSE,0.019999999999996,"ties should not be present for the one-sample Kolmogorov-Smirnov test","","a3c6e1b71e3000118e687c63c2b86dc3",5,0,5,20,0,0.25
"linear_sparse_n300_t02_r0013","linear","sparse","paper_adjusted",300,1000,1.5,13,140746800,"MLFDR",0.05,"ok",FALSE,0.540000000000006,"","","a6867b875e44b0758e86716747d41539",9,0,9,20,0,0.45
"confounded_sparse_n300_t02_r0013","confounded","sparse","paper_adjusted",300,1000,1.5,13,214807926,"HDMT",0.05,"ok",FALSE,0.0400000000000063,"ties should not be present for the one-sample Kolmogorov-Smirnov test","","a20d41a40148f73098871a239750edd0",3,0,3,20,0,0.15
"confounded_sparse_n300_t02_r0013","confounded","sparse","paper_adjusted",300,1000,1.5,13,214807926,"MDACT",0.05,"ok",FALSE,0,"ties should not be present for the one-sample Kolmogorov-Smirnov test","","0c0a6b744cdd27f8e152654bc85487f1",1,0,1,20,0,0.05
"confounded_sparse_n300_t02_r0013","confounded","sparse","paper_adjusted",300,1000,1.5,13,214807926,"MLFDR",0.05,"ok",FALSE,0.359999999999999,"","","c9101a46eb804cc63657ae9c5ca7489a",15,2,13,20,0.133333333333333,0.65
"binary_sparse_n300_t02_r0013","binary","sparse","paper_adjusted",300,1000,1.5,13,43050122,"HDMT",0.05,"ok",FALSE,0.0300000000000011,"","","25ba5c3a772cc7f030a41595b4db32ac",8,1,7,18,0.125,0.388888888888889
"binary_sparse_n300_t02_r0013","binary","sparse","paper_adjusted",300,1000,1.5,13,43050122,"MDACT",0.05,"ok",FALSE,0.00999999999999091,"","","6f3b6728ff11d66712fff14256f0a5a2",10,1,9,18,0.1,0.5
"binary_sparse_n300_t02_r0013","binary","sparse","paper_adjusted",300,1000,1.5,13,43050122,"MLFDR",0.05,"ok",FALSE,0.780000000000001,"","","a71a1d5a564b3a869973a24e4ac93046",13,0,13,18,0,0.722222222222222
"linear_dense_n300_t02_r0013","linear","dense","paper_adjusted",300,1000,1.5,13,63545738,"HDMT",0.05,"ok",FALSE,0.0300000000000011,"ties should not be present for the one-sample Kolmogorov-Smirnov test","","d27af8360f2ce9bbe4d46eca791500ee",156,4,152,224,0.0256410256410256,0.678571428571429
"linear_dense_n300_t02_r0013","linear","dense","paper_adjusted",300,1000,1.5,13,63545738,"MDACT",0.05,"ok",FALSE,0.019999999999996,"ties should not be present for the one-sample Kolmogorov-Smirnov test","","3ec4bbbf54c51129b4ff5321026a5a20",163,4,159,224,0.0245398773006135,0.709821428571429
"linear_dense_n300_t02_r0013","linear","dense","paper_adjusted",300,1000,1.5,13,63545738,"MLFDR",0.05,"ok",FALSE,0.180000000000007,"","","502b24053aec2e46097386e0eacb682e",202,10,192,224,0.0495049504950495,0.857142857142857
"confounded_dense_n300_t02_r0013","confounded","dense","paper_adjusted",300,1000,1.5,13,191156705,"HDMT",0.05,"ok",FALSE,0.0200000000000102,"ties should not be present for the one-sample Kolmogorov-Smirnov test","","aafa5b0f2ea0ac99732723e97cd88f84",93,7,86,204,0.0752688172043011,0.42156862745098
"confounded_dense_n300_t02_r0013","confounded","dense","paper_adjusted",300,1000,1.5,13,191156705,"MDACT",0.05,"ok",FALSE,0.019999999999996,"ties should not be present for the one-sample Kolmogorov-Smirnov test","","a19f4121d27b573eea52effaccf4a196",96,8,88,204,0.0833333333333333,0.431372549019608
"confounded_dense_n300_t02_r0013","confounded","dense","paper_adjusted",300,1000,1.5,13,191156705,"MLFDR",0.05,"ok",FALSE,0.299999999999997,"","","aa38baaba71c090d8fb6fbc95a34858e",132,6,126,204,0.0454545454545455,0.617647058823529
"binary_dense_n300_t02_r0013","binary","dense","paper_adjusted",300,1000,1.5,13,41409293,"HDMT",0.05,"ok",FALSE,0.0300000000000011,"","","82730276c50cca94f681bef5500f90d7",85,1,84,201,0.0117647058823529,0.417910447761194
"binary_dense_n300_t02_r0013","binary","dense","paper_adjusted",300,1000,1.5,13,41409293,"MDACT",0.05,"ok",FALSE,0.0200000000000102,"","","16363fc2406a06b82e02f869e553975c",108,3,105,201,0.0277777777777778,0.522388059701492
"binary_dense_n300_t02_r0013","binary","dense","paper_adjusted",300,1000,1.5,13,41409293,"MLFDR",0.05,"ok",FALSE,0.179999999999993,"","","5e6604f60e4897a20864a4d3298c5fb5",179,13,166,201,0.0726256983240224,0.825870646766169
"linear_sparse_n300_t03_r0013","linear","sparse","paper_adjusted",300,1000,1.9,13,193528475,"HDMT",0.05,"ok",FALSE,0.0300000000000011,"ties should not be present for the one-sample Kolmogorov-Smirnov test","","50475b37213df11e635d4a827a724cd9",15,0,15,28,0,0.535714285714286
"linear_sparse_n300_t03_r0013","linear","sparse","paper_adjusted",300,1000,1.9,13,193528475,"MDACT",0.05,"ok",FALSE,0.0100000000000051,"ties should not be present for the one-sample Kolmogorov-Smirnov test","","6ccef691e1a52d0de214d4800f08e437",18,0,18,28,0,0.642857142857143
"linear_sparse_n300_t03_r0013","linear","sparse","paper_adjusted",300,1000,1.9,13,193528475,"MLFDR",0.05,"ok",FALSE,0.560000000000002,"","","edeb44827befe1c804d74811534811ce",24,0,24,28,0,0.857142857142857
"confounded_sparse_n300_t03_r0013","confounded","sparse","paper_adjusted",300,1000,1.9,13,32152168,"HDMT",0.05,"ok",FALSE,0.0300000000000011,"ties should not be present for the one-sample Kolmogorov-Smirnov test","","b5867daa6a71224b94c948d70fac5f4f",20,1,19,20,0.05,0.95
"confounded_sparse_n300_t03_r0013","confounded","sparse","paper_adjusted",300,1000,1.9,13,32152168,"MDACT",0.05,"ok",FALSE,0.0200000000000102,"ties should not be present for the one-sample Kolmogorov-Smirnov test","","52aeacc67e73530ad901118f251c67fe",24,5,19,20,0.208333333333333,0.95
"confounded_sparse_n300_t03_r0013","confounded","sparse","paper_adjusted",300,1000,1.9,13,32152168,"MLFDR",0.05,"ok",FALSE,0.150000000000006,"","","84ea593a4d4438ab9e19927411ae334e",20,1,19,20,0.05,0.95
"binary_sparse_n300_t03_r0013","binary","sparse","paper_adjusted",300,1000,1.9,13,43987846,"HDMT",0.05,"ok",FALSE,0.019999999999996,"","","32f3b645f06e9a1744e22d3801524a12",27,1,26,30,0.037037037037037,0.866666666666667
"binary_sparse_n300_t03_r0013","binary","sparse","paper_adjusted",300,1000,1.9,13,43987846,"MDACT",0.05,"ok",FALSE,0.019999999999996,"","","7bf59e3f06a41c79792d331e042b0459",29,3,26,30,0.103448275862069,0.866666666666667
"binary_sparse_n300_t03_r0013","binary","sparse","paper_adjusted",300,1000,1.9,13,43987846,"MLFDR",0.05,"ok",FALSE,0.420000000000002,"","","abe2a71a6db84989b8f3b5a1efc3a7c4",31,2,29,30,0.0645161290322581,0.966666666666667
"linear_dense_n300_t03_r0013","linear","dense","paper_adjusted",300,1000,1.9,13,26958810,"HDMT",0.05,"ok",FALSE,0.0299999999999869,"ties should not be present for the one-sample Kolmogorov-Smirnov test","","2dfded4be4e63d47e666494a453b56c7",205,6,199,214,0.0292682926829268,0.929906542056075
"linear_dense_n300_t03_r0013","linear","dense","paper_adjusted",300,1000,1.9,13,26958810,"MDACT",0.05,"ok",FALSE,0.019999999999996,"ties should not be present for the one-sample Kolmogorov-Smirnov test","","88e27e9c7d3b30a08765eb8865dfa404",207,6,201,214,0.0289855072463768,0.939252336448598
"linear_dense_n300_t03_r0013","linear","dense","paper_adjusted",300,1000,1.9,13,26958810,"MLFDR",0.05,"ok",FALSE,0.109999999999999,"","","e20b1f058c8474a009ba4a249d19c5cd",223,12,211,214,0.0538116591928251,0.985981308411215
"confounded_dense_n300_t03_r0013","confounded","dense","paper_adjusted",300,1000,1.9,13,205133996,"HDMT",0.05,"ok",FALSE,0.0200000000000102,"ties should not be present for the one-sample Kolmogorov-Smirnov test","","b39fb80de1f4d11d03b8513723f7504d",216,8,208,220,0.037037037037037,0.945454545454545
"confounded_dense_n300_t03_r0013","confounded","dense","paper_adjusted",300,1000,1.9,13,205133996,"MDACT",0.05,"ok",FALSE,0,"ties should not be present for the one-sample Kolmogorov-Smirnov test","","3f2c158b141ee6bf84d747e52460e338",216,8,208,220,0.037037037037037,0.945454545454545
"confounded_dense_n300_t03_r0013","confounded","dense","paper_adjusted",300,1000,1.9,13,205133996,"MLFDR",0.05,"ok",FALSE,0.140000000000001,"","","39f1833ba99173e461a92dd3fb455112",228,14,214,220,0.0614035087719298,0.972727272727273
"binary_dense_n300_t03_r0013","binary","dense","paper_adjusted",300,1000,1.9,13,141697732,"HDMT",0.05,"ok",FALSE,0.0300000000000011,"","","c684670eec31b31df274f43948068405",171,6,165,184,0.0350877192982456,0.896739130434783
"binary_dense_n300_t03_r0013","binary","dense","paper_adjusted",300,1000,1.9,13,141697732,"MDACT",0.05,"ok",FALSE,0.0200000000000102,"","","6c45d21fa8a1f449a7ac7a302cf5ba7a",172,6,166,184,0.0348837209302326,0.902173913043478
"binary_dense_n300_t03_r0013","binary","dense","paper_adjusted",300,1000,1.9,13,141697732,"MLFDR",0.05,"ok",FALSE,0.190000000000012,"","","2198208e5a4ba25bdbed1b9a66404a90",182,8,174,184,0.043956043956044,0.945652173913043
"linear_sparse_n300_t01_r0014","linear","sparse","paper_adjusted",300,1000,1.1,14,70802012,"HDMT",0.05,"ok",FALSE,0.0100000000000051,"ties should not be present for the one-sample Kolmogorov-Smirnov test","","a3ff5cd1b0b141092b517f93456392f0",4,0,4,27,0,0.148148148148148
"linear_sparse_n300_t01_r0014","linear","sparse","paper_adjusted",300,1000,1.1,14,70802012,"MDACT",0.05,"ok",FALSE,0,"ties should not be present for the one-sample Kolmogorov-Smirnov test","","d4212ccb7b333c29f0f7cac5a009fac2",8,0,8,27,0,0.296296296296296
"linear_sparse_n300_t01_r0014","linear","sparse","paper_adjusted",300,1000,1.1,14,70802012,"MLFDR",0.05,"ok",FALSE,0.5,"","","f4327e2573166e3b9bf923686494ceb7",15,1,14,27,0.0666666666666667,0.518518518518518
"confounded_sparse_n300_t01_r0014","confounded","sparse","paper_adjusted",300,1000,1.1,14,215654206,"HDMT",0.05,"ok",FALSE,0.0300000000000011,"ties should not be present for the one-sample Kolmogorov-Smirnov test","","06046b3475ff9299d17c02f72d4e77b2",1,0,1,19,0,0.0526315789473684
"confounded_sparse_n300_t01_r0014","confounded","sparse","paper_adjusted",300,1000,1.1,14,215654206,"MDACT",0.05,"ok",FALSE,0.019999999999996,"ties should not be present for the one-sample Kolmogorov-Smirnov test","","77b484b1daf3aff6b0aa8a251cbb45a5",1,0,1,19,0,0.0526315789473684
"confounded_sparse_n300_t01_r0014","confounded","sparse","paper_adjusted",300,1000,1.1,14,215654206,"MLFDR",0.05,"ok",FALSE,3.57000000000001,"","","2565b3ca1961ce308ddb88fd4d534a8c",5,0,5,19,0,0.263157894736842
"binary_sparse_n300_t01_r0014","binary","sparse","paper_adjusted",300,1000,1.1,14,118415702,"HDMT",0.05,"ok",FALSE,0.0300000000000011,"","","11c1cb3601a0317bf1f49c6bc7bb82dd",0,0,0,22,0,0
"binary_sparse_n300_t01_r0014","binary","sparse","paper_adjusted",300,1000,1.1,14,118415702,"MDACT",0.05,"ok",FALSE,0,"","","701b8f83124030e02dca32c009585b3a",4,0,4,22,0,0.181818181818182
"binary_sparse_n300_t01_r0014","binary","sparse","paper_adjusted",300,1000,1.1,14,118415702,"MLFDR",0.05,"ok",FALSE,0.219999999999999,"","","00f209bd7694b6f3e6ba5c4a1b8dc0dc",5,0,5,22,0,0.227272727272727
"linear_dense_n300_t01_r0014","linear","dense","paper_adjusted",300,1000,1.1,14,247828591,"HDMT",0.05,"ok",FALSE,0.0299999999999869,"ties should not be present for the one-sample Kolmogorov-Smirnov test","","01c97507d0c56bac85a0f33696078b08",67,2,65,201,0.0298507462686567,0.323383084577114
"linear_dense_n300_t01_r0014","linear","dense","paper_adjusted",300,1000,1.1,14,247828591,"MDACT",0.05,"ok",FALSE,0.019999999999996,"ties should not be present for the one-sample Kolmogorov-Smirnov test","","fc21583b7403ce848c0ebe662df3d039",72,2,70,201,0.0277777777777778,0.348258706467662
"linear_dense_n300_t01_r0014","linear","dense","paper_adjusted",300,1000,1.1,14,247828591,"MLFDR",0.05,"ok",FALSE,0.670000000000002,"","","b846c88a29a95e34950f01f395bd539b",115,5,110,201,0.0434782608695652,0.54726368159204
"confounded_dense_n300_t01_r0014","confounded","dense","paper_adjusted",300,1000,1.1,14,242068583,"HDMT",0.05,"ok",FALSE,0.0300000000000011,"ties should not be present for the one-sample Kolmogorov-Smirnov test","","5f528cfef9d788237db76ec5ba221007",37,0,37,206,0,0.179611650485437
"confounded_dense_n300_t01_r0014","confounded","dense","paper_adjusted",300,1000,1.1,14,242068583,"MDACT",0.05,"ok",FALSE,0.0200000000000102,"ties should not be present for the one-sample Kolmogorov-Smirnov test","","53301f003aa21947fdf7638e1cb7f01b",43,0,43,206,0,0.20873786407767
"confounded_dense_n300_t01_r0014","confounded","dense","paper_adjusted",300,1000,1.1,14,242068583,"MLFDR",0.05,"ok",FALSE,0.930000000000007,"","","2291bd6f0d28cbe2bcb5e96b1ba038af",134,19,115,206,0.141791044776119,0.558252427184466
"binary_dense_n300_t01_r0014","binary","dense","paper_adjusted",300,1000,1.1,14,8629962,"HDMT",0.05,"ok",FALSE,0.0300000000000011,"","","eeb1e574713e55df68afa6eaee1883dd",26,0,26,187,0,0.13903743315508
"binary_dense_n300_t01_r0014","binary","dense","paper_adjusted",300,1000,1.1,14,8629962,"MDACT",0.05,"ok",FALSE,0.0100000000000051,"","","6516779ae98e3cd95485cf4e54220fce",39,0,39,187,0,0.20855614973262
"binary_dense_n300_t01_r0014","binary","dense","paper_adjusted",300,1000,1.1,14,8629962,"MLFDR",0.05,"ok",FALSE,0.469999999999999,"","","a22ac3afaf06c110728cd6cd3092f5e0",77,1,76,187,0.012987012987013,0.406417112299465
"linear_sparse_n300_t02_r0014","linear","sparse","paper_adjusted",300,1000,1.5,14,98792054,"HDMT",0.05,"ok",FALSE,0.00999999999999091,"ties should not be present for the one-sample Kolmogorov-Smirnov test","","8d00bd4731623ba88c4d81ab9ddaa971",20,4,16,24,0.2,0.666666666666667
"linear_sparse_n300_t02_r0014","linear","sparse","paper_adjusted",300,1000,1.5,14,98792054,"MDACT",0.05,"ok",FALSE,0.019999999999996,"ties should not be present for the one-sample Kolmogorov-Smirnov test","","c8d1c32a228cedcc5678f3e5040d3a9a",14,1,13,24,0.0714285714285714,0.541666666666667
"linear_sparse_n300_t02_r0014","linear","sparse","paper_adjusted",300,1000,1.5,14,98792054,"MLFDR",0.05,"ok",FALSE,0.219999999999999,"","","d566775667bae107a5a928f206d498aa",17,1,16,24,0.0588235294117647,0.666666666666667
"confounded_sparse_n300_t02_r0014","confounded","sparse","paper_adjusted",300,1000,1.5,14,147873533,"HDMT",0.05,"ok",FALSE,0.0300000000000011,"ties should not be present for the one-sample Kolmogorov-Smirnov test","","708933ea6946aa154e8017820b994d40",5,0,5,23,0,0.217391304347826
"confounded_sparse_n300_t02_r0014","confounded","sparse","paper_adjusted",300,1000,1.5,14,147873533,"MDACT",0.05,"ok",FALSE,0,"ties should not be present for the one-sample Kolmogorov-Smirnov test","","2bc8303398efa2c0ed096ebfc19913a3",7,0,7,23,0,0.304347826086957
"confounded_sparse_n300_t02_r0014","confounded","sparse","paper_adjusted",300,1000,1.5,14,147873533,"MLFDR",0.05,"ok",FALSE,0.409999999999997,"","","d5039650860c2875ae603c8ae89c6385",12,1,11,23,0.0833333333333333,0.478260869565217
"binary_sparse_n300_t02_r0014","binary","sparse","paper_adjusted",300,1000,1.5,14,231690136,"HDMT",0.05,"ok",FALSE,0.0300000000000011,"","","46f89405aaeb9d5b37095b62d6fc7b50",12,0,12,19,0,0.631578947368421
"binary_sparse_n300_t02_r0014","binary","sparse","paper_adjusted",300,1000,1.5,14,231690136,"MDACT",0.05,"ok",FALSE,0.0100000000000051,"","","682b7bd37489ace3421b1fe1a138ef04",11,0,11,19,0,0.578947368421053
"binary_sparse_n300_t02_r0014","binary","sparse","paper_adjusted",300,1000,1.5,14,231690136,"MLFDR",0.05,"ok",FALSE,0.780000000000001,"","","dbbd05e7d99b6d6f30d414e47cde5a00",16,0,16,19,0,0.842105263157895
"linear_dense_n300_t02_r0014","linear","dense","paper_adjusted",300,1000,1.5,14,227511901,"HDMT",0.05,"ok",FALSE,0.0300000000000011,"ties should not be present for the one-sample Kolmogorov-Smirnov test","","b5c7e518740ea0037d02623a1bdb3cfc",66,0,66,210,0,0.314285714285714
"linear_dense_n300_t02_r0014","linear","dense","paper_adjusted",300,1000,1.5,14,227511901,"MDACT",0.05,"ok",FALSE,0.019999999999996,"ties should not be present for the one-sample Kolmogorov-Smirnov test","","6bc42036eb0a0d68b117c0a6fdc1f859",95,3,92,210,0.0315789473684211,0.438095238095238
"linear_dense_n300_t02_r0014","linear","dense","paper_adjusted",300,1000,1.5,14,227511901,"MLFDR",0.05,"ok",FALSE,0.460000000000008,"","","f8809e805075a9d61870625fcc5ab13b",143,5,138,210,0.034965034965035,0.657142857142857
"confounded_dense_n300_t02_r0014","confounded","dense","paper_adjusted",300,1000,1.5,14,172318874,"HDMT",0.05,"ok",FALSE,0.0300000000000011,"ties should not be present for the one-sample Kolmogorov-Smirnov test","","52c13c251748975ec2766a97373a5e0b",131,3,128,177,0.0229007633587786,0.72316384180791
"confounded_dense_n300_t02_r0014","confounded","dense","paper_adjusted",300,1000,1.5,14,172318874,"MDACT",0.05,"ok",FALSE,0.0100000000000051,"ties should not be present for the one-sample Kolmogorov-Smirnov test","","6372104c91a849711d6cd98c346953da",139,4,135,177,0.0287769784172662,0.76271186440678
"confounded_dense_n300_t02_r0014","confounded","dense","paper_adjusted",300,1000,1.5,14,172318874,"MLFDR",0.05,"ok",FALSE,0.180000000000007,"","","d0334471d2dd0355a392aacafbccbcf1",170,8,162,177,0.0470588235294118,0.915254237288136
"binary_dense_n300_t02_r0014","binary","dense","paper_adjusted",300,1000,1.5,14,244193402,"HDMT",0.05,"ok",FALSE,0.0400000000000063,"","","1974fd7c27d7a1f7b295e04988f5cadb",116,4,112,204,0.0344827586206897,0.549019607843137
"binary_dense_n300_t02_r0014","binary","dense","paper_adjusted",300,1000,1.5,14,244193402,"MDACT",0.05,"ok",FALSE,0.019999999999996,"","","0efd826e25eb353baf7133cac72cbfa4",128,5,123,204,0.0390625,0.602941176470588
"binary_dense_n300_t02_r0014","binary","dense","paper_adjusted",300,1000,1.5,14,244193402,"MLFDR",0.05,"ok",FALSE,0.319999999999993,"","","f4361327c57c4104f554e4d74c6b29d3",167,4,163,204,0.0239520958083832,0.799019607843137
"linear_sparse_n300_t03_r0014","linear","sparse","paper_adjusted",300,1000,1.9,14,36696939,"HDMT",0.05,"ok",FALSE,0.0100000000000051,"ties should not be present for the one-sample Kolmogorov-Smirnov test","","d426726f2ccbea5030bf893041ed941e",19,0,19,23,0,0.826086956521739
"linear_sparse_n300_t03_r0014","linear","sparse","paper_adjusted",300,1000,1.9,14,36696939,"MDACT",0.05,"ok",FALSE,0.019999999999996,"ties should not be present for the one-sample Kolmogorov-Smirnov test","","fd9eeb8a7f5f9c5153216a73419e1b71",21,1,20,23,0.0476190476190476,0.869565217391304
"linear_sparse_n300_t03_r0014","linear","sparse","paper_adjusted",300,1000,1.9,14,36696939,"MLFDR",0.05,"ok",FALSE,0.140000000000001,"","","43e928c96b55e8c1b27eb12d3f18b05f",21,0,21,23,0,0.91304347826087
"confounded_sparse_n300_t03_r0014","confounded","sparse","paper_adjusted",300,1000,1.9,14,68561933,"HDMT",0.05,"ok",FALSE,0.0300000000000011,"ties should not be present for the one-sample Kolmogorov-Smirnov test","","20565f1f049ca0f0e8a319e811f91dff",22,1,21,23,0.0454545454545455,0.91304347826087
"confounded_sparse_n300_t03_r0014","confounded","sparse","paper_adjusted",300,1000,1.9,14,68561933,"MDACT",0.05,"ok",FALSE,0.0100000000000051,"ties should not be present for the one-sample Kolmogorov-Smirnov test","","cbad5d98b5812982344aa5eca9dedccc",23,1,22,23,0.0434782608695652,0.956521739130435
"confounded_sparse_n300_t03_r0014","confounded","sparse","paper_adjusted",300,1000,1.9,14,68561933,"MLFDR",0.05,"ok",FALSE,0.260000000000005,"","","e8176c65946d995e3fd7bb299c1692f2",24,1,23,23,0.0416666666666667,1
"binary_sparse_n300_t03_r0014","binary","sparse","paper_adjusted",300,1000,1.9,14,163373402,"HDMT",0.05,"ok",FALSE,0.0300000000000011,"","","a50a53f48313983fd494f8c46badaf49",20,0,20,23,0,0.869565217391304
"binary_sparse_n300_t03_r0014","binary","sparse","paper_adjusted",300,1000,1.9,14,163373402,"MDACT",0.05,"ok",FALSE,0,"","","00b3c1f42b34b5199d6c7e383f357b0e",22,0,22,23,0,0.956521739130435
"binary_sparse_n300_t03_r0014","binary","sparse","paper_adjusted",300,1000,1.9,14,163373402,"MLFDR",0.05,"ok",FALSE,0.359999999999999,"","","6ca25b216c4b1a50f16b3cf71c6b7cc7",26,3,23,23,0.115384615384615,1
"linear_dense_n300_t03_r0014","linear","dense","paper_adjusted",300,1000,1.9,14,234274771,"HDMT",0.05,"ok",FALSE,0.0300000000000011,"ties should not be present for the one-sample Kolmogorov-Smirnov test","","6a81fd2e5426f167c36ebcc7d815e936",182,3,179,207,0.0164835164835165,0.864734299516908
"linear_dense_n300_t03_r0014","linear","dense","paper_adjusted",300,1000,1.9,14,234274771,"MDACT",0.05,"ok",FALSE,0.0100000000000051,"ties should not be present for the one-sample Kolmogorov-Smirnov test","","8731178714ccbbd4028635314468484b",189,5,184,207,0.0264550264550265,0.888888888888889
"linear_dense_n300_t03_r0014","linear","dense","paper_adjusted",300,1000,1.9,14,234274771,"MLFDR",0.05,"ok",FALSE,0.140000000000001,"","","4ff6bb6d24eb7ea6a9c2f8241b6c516e",209,8,201,207,0.0382775119617225,0.971014492753623
"confounded_dense_n300_t03_r0014","confounded","dense","paper_adjusted",300,1000,1.9,14,10518503,"HDMT",0.05,"ok",FALSE,0.0200000000000102,"ties should not be present for the one-sample Kolmogorov-Smirnov test","","2d8c670bfcb654a29cfe33561268f992",177,4,173,200,0.0225988700564972,0.865
"confounded_dense_n300_t03_r0014","confounded","dense","paper_adjusted",300,1000,1.9,14,10518503,"MDACT",0.05,"ok",FALSE,0,"ties should not be present for the one-sample Kolmogorov-Smirnov test","","1c1106dc1408c4dd9d6636b4413fd0f3",183,4,179,200,0.0218579234972678,0.895
"confounded_dense_n300_t03_r0014","confounded","dense","paper_adjusted",300,1000,1.9,14,10518503,"MLFDR",0.05,"ok",FALSE,0.219999999999999,"","","231759db38982423e2b92500d697c74b",209,13,196,200,0.062200956937799,0.98
"binary_dense_n300_t03_r0014","binary","dense","paper_adjusted",300,1000,1.9,14,227051958,"HDMT",0.05,"ok",FALSE,0.00999999999999091,"","","a6182bfa66aa6ee8b22c5d8751e15260",177,9,168,201,0.0508474576271186,0.835820895522388
"binary_dense_n300_t03_r0014","binary","dense","paper_adjusted",300,1000,1.9,14,227051958,"MDACT",0.05,"ok",FALSE,0,"","","8c632599da8e6832583e98944cb8c209",179,10,169,201,0.0558659217877095,0.840796019900497
"binary_dense_n300_t03_r0014","binary","dense","paper_adjusted",300,1000,1.9,14,227051958,"MLFDR",0.05,"ok",FALSE,0.189999999999998,"","","7116dfc1e0fdd11e393ca4983fa683eb",196,7,189,201,0.0357142857142857,0.940298507462687
"linear_sparse_n300_t01_r0015","linear","sparse","paper_adjusted",300,1000,1.1,15,197266277,"HDMT",0.05,"ok",FALSE,0.0300000000000011,"ties should not be present for the one-sample Kolmogorov-Smirnov test","","8176e2672b3099fb980097adf280adc4",0,0,0,17,0,0
"linear_sparse_n300_t01_r0015","linear","sparse","paper_adjusted",300,1000,1.1,15,197266277,"MDACT",0.05,"ok",FALSE,0,"ties should not be present for the one-sample Kolmogorov-Smirnov test","","4e50806924688b3d605ea14b54c8370d",0,0,0,17,0,0
"linear_sparse_n300_t01_r0015","linear","sparse","paper_adjusted",300,1000,1.1,15,197266277,"MLFDR",0.05,"ok",FALSE,0.510000000000005,"","","30b8760d17aa38ca6e90f32414977eec",2,0,2,17,0,0.117647058823529
"confounded_sparse_n300_t01_r0015","confounded","sparse","paper_adjusted",300,1000,1.1,15,103475761,"HDMT",0.05,"ok",FALSE,0.0300000000000011,"ties should not be present for the one-sample Kolmogorov-Smirnov test","","d95b405aa7ac1dc8bbd097e0ac381c30",6,0,6,25,0,0.24
"confounded_sparse_n300_t01_r0015","confounded","sparse","paper_adjusted",300,1000,1.1,15,103475761,"MDACT",0.05,"ok",FALSE,0,"ties should not be present for the one-sample Kolmogorov-Smirnov test","","f996026dce364471594da74435e2ab57",6,0,6,25,0,0.24
"confounded_sparse_n300_t01_r0015","confounded","sparse","paper_adjusted",300,1000,1.1,15,103475761,"MLFDR",0.05,"ok",FALSE,0.409999999999997,"","","1cd3773d62c8d692f52fc2cde6a0056e",11,0,11,25,0,0.44
"binary_sparse_n300_t01_r0015","binary","sparse","paper_adjusted",300,1000,1.1,15,152005548,"HDMT",0.05,"ok",FALSE,0.0300000000000011,"","","8bef2c3ec790952aa685680c8a52448b",4,0,4,20,0,0.2
"binary_sparse_n300_t01_r0015","binary","sparse","paper_adjusted",300,1000,1.1,15,152005548,"MDACT",0.05,"ok",FALSE,0,"","","25a91d8c5b20aa3d568df6accee67516",7,1,6,20,0.142857142857143,0.3
"binary_sparse_n300_t01_r0015","binary","sparse","paper_adjusted",300,1000,1.1,15,152005548,"MLFDR",0.05,"ok",FALSE,0.650000000000006,"","","67bfafa8b8e8249f7195b2a482768d9e",6,0,6,20,0,0.3
"linear_dense_n300_t01_r0015","linear","dense","paper_adjusted",300,1000,1.1,15,104732582,"HDMT",0.05,"ok",FALSE,0.0300000000000011,"ties should not be present for the one-sample Kolmogorov-Smirnov test","","bf6494b7d9ef7fc1cb5ec695ab7e29a5",16,0,16,227,0,0.0704845814977974
"linear_dense_n300_t01_r0015","linear","dense","paper_adjusted",300,1000,1.1,15,104732582,"MDACT",0.05,"ok",FALSE,0.0100000000000051,"ties should not be present for the one-sample Kolmogorov-Smirnov test","","a8303303429813a73973d3f0f349fa95",21,0,21,227,0,0.092511013215859
"linear_dense_n300_t01_r0015","linear","dense","paper_adjusted",300,1000,1.1,15,104732582,"MLFDR",0.05,"ok",FALSE,1.14,"","","e9049bd5058584ad3d4bcf42b97db2d3",113,8,105,227,0.0707964601769911,0.462555066079295
"confounded_dense_n300_t01_r0015","confounded","dense","paper_adjusted",300,1000,1.1,15,253198271,"HDMT",0.05,"ok",FALSE,0.0300000000000011,"ties should not be present for the one-sample Kolmogorov-Smirnov test","","e70303c91e1727dca988c018fb8e13da",32,0,32,201,0,0.159203980099502
"confounded_dense_n300_t01_r0015","confounded","dense","paper_adjusted",300,1000,1.1,15,253198271,"MDACT",0.05,"ok",FALSE,0.0200000000000102,"ties should not be present for the one-sample Kolmogorov-Smirnov test","","33904459a68bb90a4e236a669089be7a",61,2,59,201,0.0327868852459016,0.293532338308458
"confounded_dense_n300_t01_r0015","confounded","dense","paper_adjusted",300,1000,1.1,15,253198271,"MLFDR",0.05,"ok",FALSE,0.640000000000001,"","","fafdd342fcae2dc5d9177c9ba3a394b0",113,4,109,201,0.0353982300884956,0.54228855721393
"binary_dense_n300_t01_r0015","binary","dense","paper_adjusted",300,1000,1.1,15,116833022,"HDMT",0.05,"ok",FALSE,0.0300000000000011,"","","3b04c817ef68f2e6e33b4609e1f2b8ae",14,0,14,190,0,0.0736842105263158
"binary_dense_n300_t01_r0015","binary","dense","paper_adjusted",300,1000,1.1,15,116833022,"MDACT",0.05,"ok",FALSE,0,"","","563f9988ae40572d6dff8e8453c3220b",37,1,36,190,0.027027027027027,0.189473684210526
"binary_dense_n300_t01_r0015","binary","dense","paper_adjusted",300,1000,1.1,15,116833022,"MLFDR",0.05,"ok",FALSE,0.600000000000009,"","","315ff6744e617a7b527b565c2c9f3866",64,1,63,190,0.015625,0.331578947368421
"linear_sparse_n300_t02_r0015","linear","sparse","paper_adjusted",300,1000,1.5,15,53851114,"HDMT",0.05,"ok",FALSE,0.019999999999996,"ties should not be present for the one-sample Kolmogorov-Smirnov test","","e2549eb8278ccb2f8d690afce7d3e3a3",10,0,10,21,0,0.476190476190476
"linear_sparse_n300_t02_r0015","linear","sparse","paper_adjusted",300,1000,1.5,15,53851114,"MDACT",0.05,"ok",FALSE,0.019999999999996,"ties should not be present for the one-sample Kolmogorov-Smirnov test","","7371ae29336cad36ee571e45f3da0598",8,0,8,21,0,0.380952380952381
"linear_sparse_n300_t02_r0015","linear","sparse","paper_adjusted",300,1000,1.5,15,53851114,"MLFDR",0.05,"ok",FALSE,0.269999999999996,"","","06c95a0f215bdd40f26f3d2901dce375",15,0,15,21,0,0.714285714285714
"confounded_sparse_n300_t02_r0015","confounded","sparse","paper_adjusted",300,1000,1.5,15,148059442,"HDMT",0.05,"ok",FALSE,0.0300000000000011,"ties should not be present for the one-sample Kolmogorov-Smirnov test","","36d61948d00337c8d0b893776d20cc07",9,1,8,21,0.111111111111111,0.380952380952381
"confounded_sparse_n300_t02_r0015","confounded","sparse","paper_adjusted",300,1000,1.5,15,148059442,"MDACT",0.05,"ok",FALSE,0,"ties should not be present for the one-sample Kolmogorov-Smirnov test","","4cdde3283ee10f9185ec8e4d7eed96aa",8,0,8,21,0,0.380952380952381
"confounded_sparse_n300_t02_r0015","confounded","sparse","paper_adjusted",300,1000,1.5,15,148059442,"MLFDR",0.05,"ok",FALSE,0.269999999999996,"","","0362986301efb195324fe6fd9de6f5e2",11,0,11,21,0,0.523809523809524
"binary_sparse_n300_t02_r0015","binary","sparse","paper_adjusted",300,1000,1.5,15,231506656,"HDMT",0.05,"ok",FALSE,0.0400000000000063,"","","c49595de2722011d8ac59346ef07d265",8,0,8,17,0,0.470588235294118
"binary_sparse_n300_t02_r0015","binary","sparse","paper_adjusted",300,1000,1.5,15,231506656,"MDACT",0.05,"ok",FALSE,0.019999999999996,"","","d4fa867f36866cc4b60b791fd95b5ea1",8,0,8,17,0,0.470588235294118
"binary_sparse_n300_t02_r0015","binary","sparse","paper_adjusted",300,1000,1.5,15,231506656,"MLFDR",0.05,"ok",FALSE,0.209999999999994,"","","f7ed530185a65c47b3f7a239c300e37b",9,0,9,17,0,0.529411764705882
"linear_dense_n300_t02_r0015","linear","dense","paper_adjusted",300,1000,1.5,15,126319688,"HDMT",0.05,"ok",FALSE,0.0300000000000011,"ties should not be present for the one-sample Kolmogorov-Smirnov test","","af46734daf5016ec277fa147650f2e08",64,0,64,192,0,0.333333333333333
"linear_dense_n300_t02_r0015","linear","dense","paper_adjusted",300,1000,1.5,15,126319688,"MDACT",0.05,"ok",FALSE,0.0100000000000051,"ties should not be present for the one-sample Kolmogorov-Smirnov test","","43e18b1a7b9597fc736d26a1c09b011f",78,2,76,192,0.0256410256410256,0.395833333333333
"linear_dense_n300_t02_r0015","linear","dense","paper_adjusted",300,1000,1.5,15,126319688,"MLFDR",0.05,"ok",FALSE,0.219999999999999,"","","dbcfb5685f0aa03e15cfb15cac67f115",130,6,124,192,0.0461538461538462,0.645833333333333
"confounded_dense_n300_t02_r0015","confounded","dense","paper_adjusted",300,1000,1.5,15,33056111,"HDMT",0.05,"ok",FALSE,0.0100000000000051,"ties should not be present for the one-sample Kolmogorov-Smirnov test","","99f971f6e7fb592ce9bb414f36cfe53b",101,1,100,208,0.0099009900990099,0.480769230769231
"confounded_dense_n300_t02_r0015","confounded","dense","paper_adjusted",300,1000,1.5,15,33056111,"MDACT",0.05,"ok",FALSE,0,"ties should not be present for the one-sample Kolmogorov-Smirnov test","","22682ce5850dedf723bdf90ab94563cf",114,5,109,208,0.043859649122807,0.524038461538462
"confounded_dense_n300_t02_r0015","confounded","dense","paper_adjusted",300,1000,1.5,15,33056111,"MLFDR",0.05,"ok",FALSE,0.390000000000001,"","","1b4b7c6990b071494ba805021ab7e2ee",178,8,170,208,0.0449438202247191,0.817307692307692
"binary_dense_n300_t02_r0015","binary","dense","paper_adjusted",300,1000,1.5,15,187917010,"HDMT",0.05,"ok",FALSE,0.0200000000000102,"","","e5add0620e053a027ea86776fbdb8c27",153,9,144,208,0.0588235294117647,0.692307692307692
"binary_dense_n300_t02_r0015","binary","dense","paper_adjusted",300,1000,1.5,15,187917010,"MDACT",0.05,"ok",FALSE,0.0100000000000051,"","","f9fc352143d511c4d7a0ff9ff43e4d2a",158,7,151,208,0.0443037974683544,0.725961538461538
"binary_dense_n300_t02_r0015","binary","dense","paper_adjusted",300,1000,1.5,15,187917010,"MLFDR",0.05,"ok",FALSE,0.200000000000003,"","","d2da0416282250b0dd056b0bb42ea800",195,16,179,208,0.0820512820512821,0.860576923076923
"linear_sparse_n300_t03_r0015","linear","sparse","paper_adjusted",300,1000,1.9,15,46166797,"HDMT",0.05,"ok",FALSE,0.019999999999996,"ties should not be present for the one-sample Kolmogorov-Smirnov test","","3519d44facae23e653590addf37a0deb",14,1,13,24,0.0714285714285714,0.541666666666667
"linear_sparse_n300_t03_r0015","linear","sparse","paper_adjusted",300,1000,1.9,15,46166797,"MDACT",0.05,"ok",FALSE,0,"ties should not be present for the one-sample Kolmogorov-Smirnov test","","090414984046b2d14fabe583a4f9ccee",15,1,14,24,0.0666666666666667,0.583333333333333
"linear_sparse_n300_t03_r0015","linear","sparse","paper_adjusted",300,1000,1.9,15,46166797,"MLFDR",0.05,"ok",FALSE,0.169999999999987,"","","3651453287f6410a9e49212b843aebad",22,1,21,24,0.0454545454545455,0.875
"confounded_sparse_n300_t03_r0015","confounded","sparse","paper_adjusted",300,1000,1.9,15,33040580,"HDMT",0.05,"ok",FALSE,0.0300000000000011,"ties should not be present for the one-sample Kolmogorov-Smirnov test","","3ed1df31bc1ae2c58b15cae70590bb43",16,2,14,23,0.125,0.608695652173913
"confounded_sparse_n300_t03_r0015","confounded","sparse","paper_adjusted",300,1000,1.9,15,33040580,"MDACT",0.05,"ok",FALSE,0.0200000000000102,"ties should not be present for the one-sample Kolmogorov-Smirnov test","","8fcb7ae3327621a8743e4707fcfe793a",19,2,17,23,0.105263157894737,0.739130434782609
"confounded_sparse_n300_t03_r0015","confounded","sparse","paper_adjusted",300,1000,1.9,15,33040580,"MLFDR",0.05,"ok",FALSE,0.230000000000004,"","","a13addc14d07204aa7911d8e75c3a657",20,1,19,23,0.05,0.826086956521739
"binary_sparse_n300_t03_r0015","binary","sparse","paper_adjusted",300,1000,1.9,15,132693012,"HDMT",0.05,"ok",FALSE,0.0300000000000011,"","","2a6a1244be1520da071053f1f4271c86",14,0,14,15,0,0.933333333333333
"binary_sparse_n300_t03_r0015","binary","sparse","paper_adjusted",300,1000,1.9,15,132693012,"MDACT",0.05,"ok",FALSE,0,"","","cec2e887ab0ff96288e2b3ea13fae390",10,0,10,15,0,0.666666666666667
"binary_sparse_n300_t03_r0015","binary","sparse","paper_adjusted",300,1000,1.9,15,132693012,"MLFDR",0.05,"ok",FALSE,0.269999999999996,"","","fce20ea6bd1a6f75473222daad5d4ed5",15,0,15,15,0,1
"linear_dense_n300_t03_r0015","linear","dense","paper_adjusted",300,1000,1.9,15,268079224,"HDMT",0.05,"ok",FALSE,0.0300000000000011,"ties should not be present for the one-sample Kolmogorov-Smirnov test","","ce8c14755f254c801bf8fcef79214809",134,5,129,175,0.0373134328358209,0.737142857142857
"linear_dense_n300_t03_r0015","linear","dense","paper_adjusted",300,1000,1.9,15,268079224,"MDACT",0.05,"ok",FALSE,0,"ties should not be present for the one-sample Kolmogorov-Smirnov test","","11a1b32b137b3f51af4914e0bba88beb",148,10,138,175,0.0675675675675676,0.788571428571429
"linear_dense_n300_t03_r0015","linear","dense","paper_adjusted",300,1000,1.9,15,268079224,"MLFDR",0.05,"ok",FALSE,0.25,"","","5e8918a2d845ecb5655c1b098cb026b4",163,5,158,175,0.0306748466257669,0.902857142857143
"confounded_dense_n300_t03_r0015","confounded","dense","paper_adjusted",300,1000,1.9,15,67198558,"HDMT",0.05,"ok",FALSE,0.019999999999996,"ties should not be present for the one-sample Kolmogorov-Smirnov test","","7f5a7bda4c592f9abbed2bcd3e7c297d",165,9,156,189,0.0545454545454545,0.825396825396825
"confounded_dense_n300_t03_r0015","confounded","dense","paper_adjusted",300,1000,1.9,15,67198558,"MDACT",0.05,"ok",FALSE,0.0100000000000051,"ties should not be present for the one-sample Kolmogorov-Smirnov test","","8d36534fe60771dc6313a7f591fa7698",171,11,160,189,0.064327485380117,0.846560846560847
"confounded_dense_n300_t03_r0015","confounded","dense","paper_adjusted",300,1000,1.9,15,67198558,"MLFDR",0.05,"ok",FALSE,0.219999999999999,"","","e3fdcd7a270a451a207615606b8aeda6",187,14,173,189,0.0748663101604278,0.915343915343915
"binary_dense_n300_t03_r0015","binary","dense","paper_adjusted",300,1000,1.9,15,49701441,"HDMT",0.05,"ok",FALSE,0.0300000000000011,"","","bd5b9854de5f56c43910dee37b302c8a",138,4,134,182,0.0289855072463768,0.736263736263736
"binary_dense_n300_t03_r0015","binary","dense","paper_adjusted",300,1000,1.9,15,49701441,"MDACT",0.05,"ok",FALSE,0.0100000000000051,"","","fb86cb2572a7e5148b19859673c6e7b3",145,4,141,182,0.0275862068965517,0.774725274725275
"binary_dense_n300_t03_r0015","binary","dense","paper_adjusted",300,1000,1.9,15,49701441,"MLFDR",0.05,"ok",FALSE,0.299999999999997,"","","208b3487afa103b26c11015db1470052",173,8,165,182,0.046242774566474,0.906593406593407
"linear_sparse_n300_t01_r0016","linear","sparse","paper_adjusted",300,1000,1.1,16,135541682,"HDMT",0.05,"ok",FALSE,0.00999999999999091,"ties should not be present for the one-sample Kolmogorov-Smirnov test","","63ad9b7dd6ed551f9ac86ede1e089bf4",1,0,1,22,0,0.0454545454545455
"linear_sparse_n300_t01_r0016","linear","sparse","paper_adjusted",300,1000,1.1,16,135541682,"MDACT",0.05,"ok",FALSE,0.0200000000000102,"ties should not be present for the one-sample Kolmogorov-Smirnov test","","9b0c554eaaf2c9505e1423e50e76d708",1,0,1,22,0,0.0454545454545455
"linear_sparse_n300_t01_r0016","linear","sparse","paper_adjusted",300,1000,1.1,16,135541682,"MLFDR",0.05,"ok",FALSE,2.26000000000001,"","","b7f2faeea63a0accffd1a43f38afdc50",7,1,6,22,0.142857142857143,0.272727272727273
"confounded_sparse_n300_t01_r0016","confounded","sparse","paper_adjusted",300,1000,1.1,16,168000486,"HDMT",0.05,"ok",FALSE,0.0300000000000011,"ties should not be present for the one-sample Kolmogorov-Smirnov test","","d3054c65d11f16eec6ef1180be991244",3,0,3,28,0,0.107142857142857
"confounded_sparse_n300_t01_r0016","confounded","sparse","paper_adjusted",300,1000,1.1,16,168000486,"MDACT",0.05,"ok",FALSE,0,"ties should not be present for the one-sample Kolmogorov-Smirnov test","","5a0da72e2fecd45bb5c68c4bd5f2e9e7",3,0,3,28,0,0.107142857142857
"confounded_sparse_n300_t01_r0016","confounded","sparse","paper_adjusted",300,1000,1.1,16,168000486,"MLFDR",0.05,"ok",FALSE,1.39,"","","8a9a9ee9e6bb61ead91ff0aa3e66d97d",10,0,10,28,0,0.357142857142857
"binary_sparse_n300_t01_r0016","binary","sparse","paper_adjusted",300,1000,1.1,16,231609351,"HDMT",0.05,"ok",FALSE,0.019999999999996,"","","a2fefd6f4bb983b6a1318af322a5d4b2",0,0,0,17,0,0
"binary_sparse_n300_t01_r0016","binary","sparse","paper_adjusted",300,1000,1.1,16,231609351,"MDACT",0.05,"ok",FALSE,0.0499999999999972,"","","64e4fee7a2daa28846461b576d102e73",0,0,0,17,0,0
"binary_sparse_n300_t01_r0016","binary","sparse","paper_adjusted",300,1000,1.1,16,231609351,"MLFDR",0.05,"ok",FALSE,0.289999999999992,"","","9c1d595504d8834105a014c949c2faa8",0,0,0,17,0,0
"linear_dense_n300_t01_r0016","linear","dense","paper_adjusted",300,1000,1.1,16,206818362,"HDMT",0.05,"ok",FALSE,0.0499999999999972,"ties should not be present for the one-sample Kolmogorov-Smirnov test","","8fae77e9ab75f471706e9d5946369523",74,3,71,199,0.0405405405405405,0.35678391959799
"linear_dense_n300_t01_r0016","linear","dense","paper_adjusted",300,1000,1.1,16,206818362,"MDACT",0.05,"ok",FALSE,0.0200000000000102,"ties should not be present for the one-sample Kolmogorov-Smirnov test","","ca30640073351ab0810bf364d8dab3a8",81,5,76,199,0.0617283950617284,0.381909547738693
"linear_dense_n300_t01_r0016","linear","dense","paper_adjusted",300,1000,1.1,16,206818362,"MLFDR",0.05,"ok",FALSE,0.340000000000003,"","","ecb78154c3342eaba4eacf111acc0f61",134,7,127,199,0.0522388059701493,0.638190954773869
"confounded_dense_n300_t01_r0016","confounded","dense","paper_adjusted",300,1000,1.1,16,17711600,"HDMT",0.05,"ok",FALSE,0.0300000000000011,"ties should not be present for the one-sample Kolmogorov-Smirnov test","","c9d6d8e54b6ec580aad09e991a572d29",56,2,54,202,0.0357142857142857,0.267326732673267
"confounded_dense_n300_t01_r0016","confounded","dense","paper_adjusted",300,1000,1.1,16,17711600,"MDACT",0.05,"ok",FALSE,0.019999999999996,"ties should not be present for the one-sample Kolmogorov-Smirnov test","","d986d152df97088e8e40545f2f924ed8",58,2,56,202,0.0344827586206897,0.277227722772277
"confounded_dense_n300_t01_r0016","confounded","dense","paper_adjusted",300,1000,1.1,16,17711600,"MLFDR",0.05,"ok",FALSE,0.699999999999989,"","","598f850c46271a095ec01abef5646965",114,2,112,202,0.0175438596491228,0.554455445544555
"binary_dense_n300_t01_r0016","binary","dense","paper_adjusted",300,1000,1.1,16,160076723,"HDMT",0.05,"ok",FALSE,0.0300000000000011,"","","2dfb0493fb54fb1f9ac77db3777c94da",33,0,33,203,0,0.16256157635468
"binary_dense_n300_t01_r0016","binary","dense","paper_adjusted",300,1000,1.1,16,160076723,"MDACT",0.05,"ok",FALSE,0,"","","03d447cfac48d0fdc71374197b2e8202",48,0,48,203,0,0.236453201970443
"binary_dense_n300_t01_r0016","binary","dense","paper_adjusted",300,1000,1.1,16,160076723,"MLFDR",0.05,"ok",FALSE,0.330000000000013,"","","6b099682e1b9bf3913862fc3d550c467",108,5,103,203,0.0462962962962963,0.507389162561576
"linear_sparse_n300_t02_r0016","linear","sparse","paper_adjusted",300,1000,1.5,16,74257358,"HDMT",0.05,"ok",FALSE,0.0300000000000011,"ties should not be present for the one-sample Kolmogorov-Smirnov test","","a1cd8ded18843a67e32e8cc728d17629",12,0,12,20,0,0.6
"linear_sparse_n300_t02_r0016","linear","sparse","paper_adjusted",300,1000,1.5,16,74257358,"MDACT",0.05,"ok",FALSE,0.0100000000000051,"ties should not be present for the one-sample Kolmogorov-Smirnov test","","d2bfd4b71ecd7beb39ccb5fc43cad1ba",10,0,10,20,0,0.5
"linear_sparse_n300_t02_r0016","linear","sparse","paper_adjusted",300,1000,1.5,16,74257358,"MLFDR",0.05,"ok",FALSE,0.120000000000005,"","","c5c8eeff39c13a791b9d9b1fc90b4ec4",13,0,13,20,0,0.65
"confounded_sparse_n300_t02_r0016","confounded","sparse","paper_adjusted",300,1000,1.5,16,165165419,"HDMT",0.05,"ok",FALSE,0.0300000000000011,"ties should not be present for the one-sample Kolmogorov-Smirnov test","","4c642917faeb172d10db65a5bafa70a3",9,0,9,23,0,0.391304347826087
"confounded_sparse_n300_t02_r0016","confounded","sparse","paper_adjusted",300,1000,1.5,16,165165419,"MDACT",0.05,"ok",FALSE,0.00999999999999091,"ties should not be present for the one-sample Kolmogorov-Smirnov test","","a6583bfe19d45ce59b604544f91b5949",11,0,11,23,0,0.478260869565217
"confounded_sparse_n300_t02_r0016","confounded","sparse","paper_adjusted",300,1000,1.5,16,165165419,"MLFDR",0.05,"ok",FALSE,0.530000000000001,"","","39238bdf06a0c23095ba2c1a31c28ccf",17,0,17,23,0,0.739130434782609
"binary_sparse_n300_t02_r0016","binary","sparse","paper_adjusted",300,1000,1.5,16,104925643,"HDMT",0.05,"ok",FALSE,0.0300000000000011,"","","b070b622bc1a6777d145f2b257c05b14",6,0,6,22,0,0.272727272727273
"binary_sparse_n300_t02_r0016","binary","sparse","paper_adjusted",300,1000,1.5,16,104925643,"MDACT",0.05,"ok",FALSE,0,"","","64d925b8dd5ae850df68db7c74e3fd5c",8,0,8,22,0,0.363636363636364
"binary_sparse_n300_t02_r0016","binary","sparse","paper_adjusted",300,1000,1.5,16,104925643,"MLFDR",0.05,"ok",FALSE,0.219999999999999,"","","260195bb961204cdb15f6dd5208f9d33",17,1,16,22,0.0588235294117647,0.727272727272727
"linear_dense_n300_t02_r0016","linear","dense","paper_adjusted",300,1000,1.5,16,183894339,"HDMT",0.05,"ok",FALSE,0.0300000000000011,"ties should not be present for the one-sample Kolmogorov-Smirnov test","","f8e1ab994bebb65c500bc98c75af2793",140,6,134,188,0.0428571428571429,0.712765957446808
"linear_dense_n300_t02_r0016","linear","dense","paper_adjusted",300,1000,1.5,16,183894339,"MDACT",0.05,"ok",FALSE,0.0200000000000102,"ties should not be present for the one-sample Kolmogorov-Smirnov test","","2fde97392bd358647ede5bebb101b087",144,6,138,188,0.0416666666666667,0.734042553191489
"linear_dense_n300_t02_r0016","linear","dense","paper_adjusted",300,1000,1.5,16,183894339,"MLFDR",0.05,"ok",FALSE,0.260000000000005,"","","644fa9f88cecf241a5e844a4a977c140",186,12,174,188,0.0645161290322581,0.925531914893617
"confounded_dense_n300_t02_r0016","confounded","dense","paper_adjusted",300,1000,1.5,16,34495070,"HDMT",0.05,"ok",FALSE,0.0300000000000011,"ties should not be present for the one-sample Kolmogorov-Smirnov test","","10c19204370c53fc1b36a5e4ca5cc9b0",133,4,129,203,0.0300751879699248,0.635467980295567
"confounded_dense_n300_t02_r0016","confounded","dense","paper_adjusted",300,1000,1.5,16,34495070,"MDACT",0.05,"ok",FALSE,0.0200000000000102,"ties should not be present for the one-sample Kolmogorov-Smirnov test","","cc653944e757ee3b352539c0f0301cf7",135,3,132,203,0.0222222222222222,0.650246305418719
"confounded_dense_n300_t02_r0016","confounded","dense","paper_adjusted",300,1000,1.5,16,34495070,"MLFDR",0.05,"ok",FALSE,0.290000000000006,"","","1483cdb229487e35cf71b8b6d009c832",186,8,178,203,0.043010752688172,0.876847290640394
"binary_dense_n300_t02_r0016","binary","dense","paper_adjusted",300,1000,1.5,16,168546644,"HDMT",0.05,"ok",FALSE,0.019999999999996,"","","5a34dd2d079a453dc1701d470ea20acc",123,6,117,215,0.0487804878048781,0.544186046511628
"binary_dense_n300_t02_r0016","binary","dense","paper_adjusted",300,1000,1.5,16,168546644,"MDACT",0.05,"ok",FALSE,0.00999999999999091,"","","4975d00fe6608f991ac8a9a7dc3e9912",126,6,120,215,0.0476190476190476,0.558139534883721
"binary_dense_n300_t02_r0016","binary","dense","paper_adjusted",300,1000,1.5,16,168546644,"MLFDR",0.05,"ok",FALSE,0.450000000000003,"","","dba7563b0964a3679e93aa64ed38a8fa",188,11,177,215,0.0585106382978723,0.823255813953488
"linear_sparse_n300_t03_r0016","linear","sparse","paper_adjusted",300,1000,1.9,16,252015647,"HDMT",0.05,"ok",FALSE,0.0300000000000011,"ties should not be present for the one-sample Kolmogorov-Smirnov test","","5a2369ad795a63b1b3df806c36fa2cf5",12,1,11,16,0.0833333333333333,0.6875
"linear_sparse_n300_t03_r0016","linear","sparse","paper_adjusted",300,1000,1.9,16,252015647,"MDACT",0.05,"ok",FALSE,0,"ties should not be present for the one-sample Kolmogorov-Smirnov test","","b92db1913ce0b5601e69bce2cf2fe67c",18,5,13,16,0.277777777777778,0.8125
"linear_sparse_n300_t03_r0016","linear","sparse","paper_adjusted",300,1000,1.9,16,252015647,"MLFDR",0.05,"ok",FALSE,0.430000000000007,"","","87bffec3c03da07232c9176bf3df7318",14,1,13,16,0.0714285714285714,0.8125
"confounded_sparse_n300_t03_r0016","confounded","sparse","paper_adjusted",300,1000,1.9,16,247826198,"HDMT",0.05,"ok",FALSE,0.0300000000000011,"ties should not be present for the one-sample Kolmogorov-Smirnov test","","00ef81dc464ef7b7e8a61f4d203042ca",12,0,12,24,0,0.5
"confounded_sparse_n300_t03_r0016","confounded","sparse","paper_adjusted",300,1000,1.9,16,247826198,"MDACT",0.05,"ok",FALSE,0,"ties should not be present for the one-sample Kolmogorov-Smirnov test","","89fccb683864af76acb9c76f73c289ae",16,1,15,24,0.0625,0.625
"confounded_sparse_n300_t03_r0016","confounded","sparse","paper_adjusted",300,1000,1.9,16,247826198,"MLFDR",0.05,"ok",FALSE,0.299999999999997,"","","0d18c38ec2585afe2136815dc835139d",17,0,17,24,0,0.708333333333333
"binary_sparse_n300_t03_r0016","binary","sparse","paper_adjusted",300,1000,1.9,16,216666065,"HDMT",0.05,"ok",FALSE,0.0300000000000011,"","","2f6c0f00b8e1004a2d5fb4a2970b3c1f",10,0,10,18,0,0.555555555555556
"binary_sparse_n300_t03_r0016","binary","sparse","paper_adjusted",300,1000,1.9,16,216666065,"MDACT",0.05,"ok",FALSE,0.0200000000000102,"","","033bc1d66d00c5ec2dd83f95b9e0b9ff",11,0,11,18,0,0.611111111111111
"binary_sparse_n300_t03_r0016","binary","sparse","paper_adjusted",300,1000,1.9,16,216666065,"MLFDR",0.05,"ok",FALSE,0.280000000000001,"","","28840b21769b04645911feb535cd8c26",12,0,12,18,0,0.666666666666667
"linear_dense_n300_t03_r0016","linear","dense","paper_adjusted",300,1000,1.9,16,161521436,"HDMT",0.05,"ok",FALSE,0.0100000000000051,"ties should not be present for the one-sample Kolmogorov-Smirnov test","","a859c0b2198b0d1d5105b4a643ec0862",175,12,163,209,0.0685714285714286,0.779904306220096
"linear_dense_n300_t03_r0016","linear","dense","paper_adjusted",300,1000,1.9,16,161521436,"MDACT",0.05,"ok",FALSE,0,"ties should not be present for the one-sample Kolmogorov-Smirnov test","","49b237d382ba82161049ac439b45a5be",182,14,168,209,0.0769230769230769,0.803827751196172
"linear_dense_n300_t03_r0016","linear","dense","paper_adjusted",300,1000,1.9,16,161521436,"MLFDR",0.05,"ok",FALSE,0.189999999999998,"","","5ad8eb08d353cba9f8c2aab5273b3d46",204,12,192,209,0.0588235294117647,0.91866028708134
"confounded_dense_n300_t03_r0016","confounded","dense","paper_adjusted",300,1000,1.9,16,105218602,"HDMT",0.05,"ok",FALSE,0.0300000000000011,"ties should not be present for the one-sample Kolmogorov-Smirnov test","","7ac2d8dc7ad4a00e99c7da9fe598000f",155,5,150,204,0.032258064516129,0.735294117647059
"confounded_dense_n300_t03_r0016","confounded","dense","paper_adjusted",300,1000,1.9,16,105218602,"MDACT",0.05,"ok",FALSE,0.0100000000000051,"ties should not be present for the one-sample Kolmogorov-Smirnov test","","c3da87ddde470c436bcf058be0aef951",162,6,156,204,0.037037037037037,0.764705882352941
"confounded_dense_n300_t03_r0016","confounded","dense","paper_adjusted",300,1000,1.9,16,105218602,"MLFDR",0.05,"ok",FALSE,0.109999999999999,"","","442a816b14bb37cfe8f3439f7c69b6f1",202,11,191,204,0.0544554455445545,0.936274509803922
"binary_dense_n300_t03_r0016","binary","dense","paper_adjusted",300,1000,1.9,16,6796256,"HDMT",0.05,"ok",FALSE,0.0299999999999869,"","","2b416871fc839e13b292f2217ab3e88a",194,9,185,203,0.0463917525773196,0.911330049261084
"binary_dense_n300_t03_r0016","binary","dense","paper_adjusted",300,1000,1.9,16,6796256,"MDACT",0.05,"ok",FALSE,0.019999999999996,"","","4ed7894d7bc144154f72ef2d8e31d7f6",199,14,185,203,0.0703517587939698,0.911330049261084
"binary_dense_n300_t03_r0016","binary","dense","paper_adjusted",300,1000,1.9,16,6796256,"MLFDR",0.05,"ok",FALSE,0.0899999999999892,"","","703a63aac1422fef3061a1ce5f19b40a",207,10,197,203,0.0483091787439614,0.970443349753695
"linear_sparse_n300_t01_r0017","linear","sparse","paper_adjusted",300,1000,1.1,17,212065597,"HDMT",0.05,"ok",FALSE,0.0300000000000011,"ties should not be present for the one-sample Kolmogorov-Smirnov test","","131a8ef987871d0445c8ced3186a589e",3,0,3,19,0,0.157894736842105
"linear_sparse_n300_t01_r0017","linear","sparse","paper_adjusted",300,1000,1.1,17,212065597,"MDACT",0.05,"ok",FALSE,0.0200000000000102,"ties should not be present for the one-sample Kolmogorov-Smirnov test","","3bac6f6594f87ba4bfea9376973e8b04",4,0,4,19,0,0.210526315789474
"linear_sparse_n300_t01_r0017","linear","sparse","paper_adjusted",300,1000,1.1,17,212065597,"MLFDR",0.05,"ok",FALSE,2.43000000000001,"","","bacb3475d9f786f8db4f8aacd71f9519",11,0,11,19,0,0.578947368421053
"confounded_sparse_n300_t01_r0017","confounded","sparse","paper_adjusted",300,1000,1.1,17,56318436,"HDMT",0.05,"ok",FALSE,0.039999999999992,"ties should not be present for the one-sample Kolmogorov-Smirnov test","","062f62fac9ee9f62ddca5cb51fb414a9",0,0,0,26,0,0
"confounded_sparse_n300_t01_r0017","confounded","sparse","paper_adjusted",300,1000,1.1,17,56318436,"MDACT",0.05,"ok",FALSE,0,"ties should not be present for the one-sample Kolmogorov-Smirnov test","","d80810398ac1fec1c0e57bd206ca7635",4,0,4,26,0,0.153846153846154
"confounded_sparse_n300_t01_r0017","confounded","sparse","paper_adjusted",300,1000,1.1,17,56318436,"MLFDR",0.05,"ok",FALSE,0.300000000000011,"","","3de2754afbe7815adf782ee9e2d2bc48",17,1,16,26,0.0588235294117647,0.615384615384615
"binary_sparse_n300_t01_r0017","binary","sparse","paper_adjusted",300,1000,1.1,17,35667149,"HDMT",0.05,"ok",FALSE,0.0300000000000011,"","","7edbe4441ae1dbc491bc505697e617c5",1,0,1,24,0,0.0416666666666667
"binary_sparse_n300_t01_r0017","binary","sparse","paper_adjusted",300,1000,1.1,17,35667149,"MDACT",0.05,"ok",FALSE,0,"","","e7d0b983ae94e733f130e04076b0b519",1,0,1,24,0,0.0416666666666667
"binary_sparse_n300_t01_r0017","binary","sparse","paper_adjusted",300,1000,1.1,17,35667149,"MLFDR",0.05,"ok",FALSE,3.19,"","","0d23d31542eaad0c16ca9d709a8a5008",46,24,22,24,0.521739130434783,0.916666666666667
"linear_dense_n300_t01_r0017","linear","dense","paper_adjusted",300,1000,1.1,17,260097388,"HDMT",0.05,"ok",FALSE,0.0300000000000011,"ties should not be present for the one-sample Kolmogorov-Smirnov test","","ab24b14b6c3e26ad0342528a46392ac4",55,1,54,219,0.0181818181818182,0.246575342465753
"linear_dense_n300_t01_r0017","linear","dense","paper_adjusted",300,1000,1.1,17,260097388,"MDACT",0.05,"ok",FALSE,0,"ties should not be present for the one-sample Kolmogorov-Smirnov test","","b09afc3577f79b790857c7cb8d8527d5",61,2,59,219,0.0327868852459016,0.269406392694064
"linear_dense_n300_t01_r0017","linear","dense","paper_adjusted",300,1000,1.1,17,260097388,"MLFDR",0.05,"ok",FALSE,0.669999999999987,"","","f0e2d5704b10d9a381396cdba9edfdfc",142,5,137,219,0.0352112676056338,0.625570776255708
"confounded_dense_n300_t01_r0017","confounded","dense","paper_adjusted",300,1000,1.1,17,105536026,"HDMT",0.05,"ok",FALSE,0.019999999999996,"ties should not be present for the one-sample Kolmogorov-Smirnov test","","8080c60ee9cc3fb10bbf42e35bf9c35d",40,0,40,195,0,0.205128205128205
"confounded_dense_n300_t01_r0017","confounded","dense","paper_adjusted",300,1000,1.1,17,105536026,"MDACT",0.05,"ok",FALSE,0,"ties should not be present for the one-sample Kolmogorov-Smirnov test","","961a57fb8453ab61c00e73ed7b2effca",44,0,44,195,0,0.225641025641026
"confounded_dense_n300_t01_r0017","confounded","dense","paper_adjusted",300,1000,1.1,17,105536026,"MLFDR",0.05,"ok",FALSE,1.14,"","","6d608af2ef4001becd6650d26be17fe7",86,3,83,195,0.0348837209302326,0.425641025641026
"binary_dense_n300_t01_r0017","binary","dense","paper_adjusted",300,1000,1.1,17,12023675,"HDMT",0.05,"ok",FALSE,0.0299999999999869,"","","e13830ba43e18b54326a0943805a0f1a",28,1,27,203,0.0357142857142857,0.133004926108374
"binary_dense_n300_t01_r0017","binary","dense","paper_adjusted",300,1000,1.1,17,12023675,"MDACT",0.05,"ok",FALSE,0.0200000000000102,"","","fee0bcd55cab76fd9e23d3846ab4ec97",34,1,33,203,0.0294117647058824,0.16256157635468
"binary_dense_n300_t01_r0017","binary","dense","paper_adjusted",300,1000,1.1,17,12023675,"MLFDR",0.05,"ok",FALSE,0.569999999999993,"","","747c65aec7ebe1409ffcd110dca6b28a",97,6,91,203,0.0618556701030928,0.448275862068966
"linear_sparse_n300_t02_r0017","linear","sparse","paper_adjusted",300,1000,1.5,17,168429841,"HDMT",0.05,"ok",FALSE,0.0300000000000011,"ties should not be present for the one-sample Kolmogorov-Smirnov test","","1e282e73d1fea90b9d74bd9d7bbef45d",2,0,2,15,0,0.133333333333333
"linear_sparse_n300_t02_r0017","linear","sparse","paper_adjusted",300,1000,1.5,17,168429841,"MDACT",0.05,"ok",FALSE,0,"ties should not be present for the one-sample Kolmogorov-Smirnov test","","cfacc5688f072aa7734a9b96f655ecdb",2,0,2,15,0,0.133333333333333
"linear_sparse_n300_t02_r0017","linear","sparse","paper_adjusted",300,1000,1.5,17,168429841,"MLFDR",0.05,"ok",FALSE,1.5,"","","df651e88dfa9fe0b961a4e27bc109cd0",4,0,4,15,0,0.266666666666667
"confounded_sparse_n300_t02_r0017","confounded","sparse","paper_adjusted",300,1000,1.5,17,233701581,"HDMT",0.05,"ok",FALSE,0.039999999999992,"ties should not be present for the one-sample Kolmogorov-Smirnov test","","6217d9056544e95ce68a91814d4ea4cf",8,0,8,19,0,0.421052631578947
"confounded_sparse_n300_t02_r0017","confounded","sparse","paper_adjusted",300,1000,1.5,17,233701581,"MDACT",0.05,"ok",FALSE,0.0200000000000102,"ties should not be present for the one-sample Kolmogorov-Smirnov test","","b413d23b9f81234c986af5e71c541251",8,0,8,19,0,0.421052631578947
"confounded_sparse_n300_t02_r0017","confounded","sparse","paper_adjusted",300,1000,1.5,17,233701581,"MLFDR",0.05,"ok",FALSE,1.02000000000001,"","","eec8987e9c81290879711d65b89fd9be",15,1,14,19,0.0666666666666667,0.736842105263158
"binary_sparse_n300_t02_r0017","binary","sparse","paper_adjusted",300,1000,1.5,17,95113819,"HDMT",0.05,"ok",FALSE,0.0300000000000011,"","","d0bfc787dd0cc043cf004b81992412b0",23,6,17,19,0.260869565217391,0.894736842105263
"binary_sparse_n300_t02_r0017","binary","sparse","paper_adjusted",300,1000,1.5,17,95113819,"MDACT",0.05,"ok",FALSE,0.0100000000000193,"","","337285d377d4d567a23bb17b1189d71f",27,9,18,19,0.333333333333333,0.947368421052632
"binary_sparse_n300_t02_r0017","binary","sparse","paper_adjusted",300,1000,1.5,17,95113819,"MLFDR",0.05,"ok",FALSE,0.219999999999999,"","","20d5b8708833e8cb04bd3ef3c09c64a1",18,1,17,19,0.0555555555555556,0.894736842105263
"linear_dense_n300_t02_r0017","linear","dense","paper_adjusted",300,1000,1.5,17,107413107,"HDMT",0.05,"ok",FALSE,0.039999999999992,"ties should not be present for the one-sample Kolmogorov-Smirnov test","","4de4757190d9da763ecec921bcce6f95",119,9,110,192,0.0756302521008403,0.572916666666667
"linear_dense_n300_t02_r0017","linear","dense","paper_adjusted",300,1000,1.5,17,107413107,"MDACT",0.05,"ok",FALSE,0.0199999999999818,"ties should not be present for the one-sample Kolmogorov-Smirnov test","","7e7c127775bf858578b3c915eaf0a24e",129,12,117,192,0.0930232558139535,0.609375
"linear_dense_n300_t02_r0017","linear","dense","paper_adjusted",300,1000,1.5,17,107413107,"MLFDR",0.05,"ok",FALSE,0.189999999999998,"","","494105bc1277e1d748fafdc4d907a16a",163,8,155,192,0.049079754601227,0.807291666666667
"confounded_dense_n300_t02_r0017","confounded","dense","paper_adjusted",300,1000,1.5,17,187709551,"HDMT",0.05,"ok",FALSE,0.0200000000000102,"ties should not be present for the one-sample Kolmogorov-Smirnov test","","a32f460c73e43cd99c1e5c0a8f9caf72",145,4,141,202,0.0275862068965517,0.698019801980198
"confounded_dense_n300_t02_r0017","confounded","dense","paper_adjusted",300,1000,1.5,17,187709551,"MDACT",0.05,"ok",FALSE,0,"ties should not be present for the one-sample Kolmogorov-Smirnov test","","ca967a2d9f1c15fdd0012c7e807623f6",152,5,147,202,0.0328947368421053,0.727722772277228
"confounded_dense_n300_t02_r0017","confounded","dense","paper_adjusted",300,1000,1.5,17,187709551,"MLFDR",0.05,"ok",FALSE,0.169999999999987,"","","bd491f67de0ee4f237c854f15bb5536e",191,12,179,202,0.06282722513089,0.886138613861386
"binary_dense_n300_t02_r0017","binary","dense","paper_adjusted",300,1000,1.5,17,78537256,"HDMT",0.05,"ok",FALSE,0.039999999999992,"","","e4271742374910c45e9b448d2143c0cc",80,0,80,200,0,0.4
"binary_dense_n300_t02_r0017","binary","dense","paper_adjusted",300,1000,1.5,17,78537256,"MDACT",0.05,"ok",FALSE,0,"","","001dc7702d176ea42e0b7093b8204d7c",90,0,90,200,0,0.45
"binary_dense_n300_t02_r0017","binary","dense","paper_adjusted",300,1000,1.5,17,78537256,"MLFDR",0.05,"ok",FALSE,0.340000000000003,"","","3c981237d92d2c45664e14469e3121e2",153,7,146,200,0.0457516339869281,0.73
"linear_sparse_n300_t03_r0017","linear","sparse","paper_adjusted",300,1000,1.9,17,105321079,"HDMT",0.05,"ok",FALSE,0.0300000000000011,"ties should not be present for the one-sample Kolmogorov-Smirnov test","","96514372d0b18cc3bbef0fa780e6df6e",11,1,10,10,0.0909090909090909,1
"linear_sparse_n300_t03_r0017","linear","sparse","paper_adjusted",300,1000,1.9,17,105321079,"MDACT",0.05,"ok",FALSE,0.0200000000000102,"ties should not be present for the one-sample Kolmogorov-Smirnov test","","0be3b525e8aa9caf9993d1f1ac7bcf63",11,1,10,10,0.0909090909090909,1
"linear_sparse_n300_t03_r0017","linear","sparse","paper_adjusted",300,1000,1.9,17,105321079,"MLFDR",0.05,"ok",FALSE,0.170000000000016,"","","b8a57f0585cd426e246e1b612e03415d",10,0,10,10,0,1
"confounded_sparse_n300_t03_r0017","confounded","sparse","paper_adjusted",300,1000,1.9,17,260881431,"HDMT",0.05,"ok",FALSE,0.0499999999999829,"ties should not be present for the one-sample Kolmogorov-Smirnov test","","5586ddf2ee4bd248e5154969c6402e5f",8,0,8,18,0,0.444444444444444
"confounded_sparse_n300_t03_r0017","confounded","sparse","paper_adjusted",300,1000,1.9,17,260881431,"MDACT",0.05,"ok",FALSE,0.0199999999999818,"ties should not be present for the one-sample Kolmogorov-Smirnov test","","6268a10dacb03aa51a51ccd58a17fd35",6,0,6,18,0,0.333333333333333
"confounded_sparse_n300_t03_r0017","confounded","sparse","paper_adjusted",300,1000,1.9,17,260881431,"MLFDR",0.05,"ok",FALSE,0.689999999999998,"","","9a5a98adc18a001c4b902857c0783563",12,0,12,18,0,0.666666666666667
"binary_sparse_n300_t03_r0017","binary","sparse","paper_adjusted",300,1000,1.9,17,245983727,"HDMT",0.05,"ok",FALSE,0.0300000000000011,"","","945afca42a4dd201466951f543ba50a4",23,3,20,22,0.130434782608696,0.909090909090909
"binary_sparse_n300_t03_r0017","binary","sparse","paper_adjusted",300,1000,1.9,17,245983727,"MDACT",0.05,"ok",FALSE,0.0199999999999818,"","","afc03cca5ace9a92c9e34b2fd1c7d219",22,2,20,22,0.0909090909090909,0.909090909090909
"binary_sparse_n300_t03_r0017","binary","sparse","paper_adjusted",300,1000,1.9,17,245983727,"MLFDR",0.05,"ok",FALSE,0.139999999999986,"","","393b383b55d92f453ff3cbf7d98042df",21,1,20,22,0.0476190476190476,0.909090909090909
"linear_dense_n300_t03_r0017","linear","dense","paper_adjusted",300,1000,1.9,17,7665790,"HDMT",0.05,"ok",FALSE,0.0300000000000011,"ties should not be present for the one-sample Kolmogorov-Smirnov test","","308737cee16563b534ada1f0ef5a850e",192,12,180,220,0.0625,0.818181818181818
"linear_dense_n300_t03_r0017","linear","dense","paper_adjusted",300,1000,1.9,17,7665790,"MDACT",0.05,"ok",FALSE,0,"ties should not be present for the one-sample Kolmogorov-Smirnov test","","f047a1cb1a5dc658b75de0c6ae8cc6bf",203,14,189,220,0.0689655172413793,0.859090909090909
"linear_dense_n300_t03_r0017","linear","dense","paper_adjusted",300,1000,1.9,17,7665790,"MLFDR",0.05,"ok",FALSE,0.280000000000001,"","","0d5cae91b5f28e13f15f80c2cadc533b",219,13,206,220,0.0593607305936073,0.936363636363636
"confounded_dense_n300_t03_r0017","confounded","dense","paper_adjusted",300,1000,1.9,17,186992237,"HDMT",0.05,"ok",FALSE,0.00999999999999091,"ties should not be present for the one-sample Kolmogorov-Smirnov test","","4f46c5fc362163888585f3f0a28f3107",180,7,173,203,0.0388888888888889,0.852216748768473
"confounded_dense_n300_t03_r0017","confounded","dense","paper_adjusted",300,1000,1.9,17,186992237,"MDACT",0.05,"ok",FALSE,0.0200000000000102,"ties should not be present for the one-sample Kolmogorov-Smirnov test","","54b2be4d07470d968a8765d5eac975ab",181,7,174,203,0.0386740331491713,0.857142857142857
"confounded_dense_n300_t03_r0017","confounded","dense","paper_adjusted",300,1000,1.9,17,186992237,"MLFDR",0.05,"ok",FALSE,0.199999999999989,"","","9d1acd6a79b0b05475ee821f550fde8c",198,11,187,203,0.0555555555555556,0.921182266009852
"binary_dense_n300_t03_r0017","binary","dense","paper_adjusted",300,1000,1.9,17,92316146,"HDMT",0.05,"ok",FALSE,0.0300000000000011,"","","3e5cee7078dfb7b02266f4af6e54e692",170,4,166,199,0.0235294117647059,0.834170854271357
"binary_dense_n300_t03_r0017","binary","dense","paper_adjusted",300,1000,1.9,17,92316146,"MDACT",0.05,"ok",FALSE,0,"","","cbb6fd8d8ba4104c446f9bab1a7ab116",181,6,175,199,0.0331491712707182,0.879396984924623
"binary_dense_n300_t03_r0017","binary","dense","paper_adjusted",300,1000,1.9,17,92316146,"MLFDR",0.05,"ok",FALSE,0.219999999999999,"","","c7e62a1047897a3b91ad532260f70236",207,15,192,199,0.072463768115942,0.964824120603015
"linear_sparse_n300_t01_r0018","linear","sparse","paper_adjusted",300,1000,1.1,18,29942044,"HDMT",0.05,"ok",FALSE,0.0300000000000011,"ties should not be present for the one-sample Kolmogorov-Smirnov test","","53f6161ffc8cef6fc5262c49b57d2c53",0,0,0,20,0,0
"linear_sparse_n300_t01_r0018","linear","sparse","paper_adjusted",300,1000,1.1,18,29942044,"MDACT",0.05,"ok",FALSE,0.0200000000000102,"ties should not be present for the one-sample Kolmogorov-Smirnov test","","32e9046f7aa3116a274a5f393690c2ad",3,0,3,20,0,0.15
"linear_sparse_n300_t01_r0018","linear","sparse","paper_adjusted",300,1000,1.1,18,29942044,"MLFDR",0.05,"ok",FALSE,0.360000000000014,"","","e39d762183a888c56ec858f5170effcb",6,0,6,20,0,0.3
"confounded_sparse_n300_t01_r0018","confounded","sparse","paper_adjusted",300,1000,1.1,18,203980553,"HDMT",0.05,"ok",FALSE,0.0300000000000011,"ties should not be present for the one-sample Kolmogorov-Smirnov test","","c4b08960aa7e21571bad3dd88b64a27c",0,0,0,22,0,0
"confounded_sparse_n300_t01_r0018","confounded","sparse","paper_adjusted",300,1000,1.1,18,203980553,"MDACT",0.05,"ok",FALSE,0.0200000000000102,"ties should not be present for the one-sample Kolmogorov-Smirnov test","","67d085d9a91556c547d7f7314fdc2a18",0,0,0,22,0,0
"confounded_sparse_n300_t01_r0018","confounded","sparse","paper_adjusted",300,1000,1.1,18,203980553,"MLFDR",0.05,"ok",FALSE,0.460000000000008,"","","9df6bd064936b776a8a713a6ec727660",3,0,3,22,0,0.136363636363636
"binary_sparse_n300_t01_r0018","binary","sparse","paper_adjusted",300,1000,1.1,18,242691382,"HDMT",0.05,"ok",FALSE,0.0200000000000102,"","","71ce5afd0b48c9fd9c139763fca3cff8",1,0,1,19,0,0.0526315789473684
"binary_sparse_n300_t01_r0018","binary","sparse","paper_adjusted",300,1000,1.1,18,242691382,"MDACT",0.05,"ok",FALSE,0,"","","e90d49ae0a7759b202cf263a00b98034",3,0,3,19,0,0.157894736842105
"binary_sparse_n300_t01_r0018","binary","sparse","paper_adjusted",300,1000,1.1,18,242691382,"MLFDR",0.05,"ok",FALSE,0.340000000000003,"","","8df7e94eea2f064704e472bb76638944",8,1,7,19,0.125,0.368421052631579
"linear_dense_n300_t01_r0018","linear","dense","paper_adjusted",300,1000,1.1,18,183326687,"HDMT",0.05,"ok",FALSE,0.0300000000000011,"ties should not be present for the one-sample Kolmogorov-Smirnov test","","aa002b0c9aa44aaf4927dca7aebdf9df",43,2,41,200,0.0465116279069767,0.205
"linear_dense_n300_t01_r0018","linear","dense","paper_adjusted",300,1000,1.1,18,183326687,"MDACT",0.05,"ok",FALSE,0.00999999999999091,"ties should not be present for the one-sample Kolmogorov-Smirnov test","","9190781f9433f5d5ddfdeba18275f103",51,3,48,200,0.0588235294117647,0.24
"linear_dense_n300_t01_r0018","linear","dense","paper_adjusted",300,1000,1.1,18,183326687,"MLFDR",0.05,"ok",FALSE,0.819999999999993,"","","3f55dfa03c4abf0992b9a6fa713a32e7",127,13,114,200,0.102362204724409,0.57
"confounded_dense_n300_t01_r0018","confounded","dense","paper_adjusted",300,1000,1.1,18,28788315,"HDMT",0.05,"ok",FALSE,0.0300000000000011,"ties should not be present for the one-sample Kolmogorov-Smirnov test","","97a22fc2084e0b6dd0f6d495c6205b62",10,0,10,196,0,0.0510204081632653
"confounded_dense_n300_t01_r0018","confounded","dense","paper_adjusted",300,1000,1.1,18,28788315,"MDACT",0.05,"ok",FALSE,0.0199999999999818,"ties should not be present for the one-sample Kolmogorov-Smirnov test","","38073a63e5ece59a1e0feb1900d40d69",14,0,14,196,0,0.0714285714285714
"confounded_dense_n300_t01_r0018","confounded","dense","paper_adjusted",300,1000,1.1,18,28788315,"MLFDR",0.05,"ok",FALSE,0.569999999999993,"","","0bdccd1cd63b56a42a1092169dac1163",82,3,79,196,0.0365853658536585,0.403061224489796
"binary_dense_n300_t01_r0018","binary","dense","paper_adjusted",300,1000,1.1,18,113630066,"HDMT",0.05,"ok",FALSE,0.0300000000000011,"","","bf65bc5bd569503ad6d324c29ef2f63c",30,0,30,205,0,0.146341463414634
"binary_dense_n300_t01_r0018","binary","dense","paper_adjusted",300,1000,1.1,18,113630066,"MDACT",0.05,"ok",FALSE,0.0199999999999818,"","","08c95a55c86e6e745d3d575cf6d63aa9",41,0,41,205,0,0.2
"binary_dense_n300_t01_r0018","binary","dense","paper_adjusted",300,1000,1.1,18,113630066,"MLFDR",0.05,"ok",FALSE,0.599999999999994,"","","35ab1e518a03a084662b674dbb52b660",79,4,75,205,0.0506329113924051,0.365853658536585
"linear_sparse_n300_t02_r0018","linear","sparse","paper_adjusted",300,1000,1.5,18,171789614,"HDMT",0.05,"ok",FALSE,0.0300000000000011,"ties should not be present for the one-sample Kolmogorov-Smirnov test","","5d3e6770c57ac387cdcdda9bfc6930c7",4,0,4,17,0,0.235294117647059
"linear_sparse_n300_t02_r0018","linear","sparse","paper_adjusted",300,1000,1.5,18,171789614,"MDACT",0.05,"ok",FALSE,0.00999999999999091,"ties should not be present for the one-sample Kolmogorov-Smirnov test","","01b378262abb0ffe8f1cc8d222e2d7a3",5,0,5,17,0,0.294117647058824
"linear_sparse_n300_t02_r0018","linear","sparse","paper_adjusted",300,1000,1.5,18,171789614,"MLFDR",0.05,"ok",FALSE,0.169999999999987,"","","4fd61e906bf554167d5a25e5d12fe5b6",7,0,7,17,0,0.411764705882353
"confounded_sparse_n300_t02_r0018","confounded","sparse","paper_adjusted",300,1000,1.5,18,97135370,"HDMT",0.05,"ok",FALSE,0.0200000000000102,"ties should not be present for the one-sample Kolmogorov-Smirnov test","","c90a66220c39ed48c2628164bcc06e17",15,0,15,25,0,0.6
"confounded_sparse_n300_t02_r0018","confounded","sparse","paper_adjusted",300,1000,1.5,18,97135370,"MDACT",0.05,"ok",FALSE,0.0200000000000102,"ties should not be present for the one-sample Kolmogorov-Smirnov test","","45e7e15cfb24d6b64c139d0f0de7abe7",16,1,15,25,0.0625,0.6
"confounded_sparse_n300_t02_r0018","confounded","sparse","paper_adjusted",300,1000,1.5,18,97135370,"MLFDR",0.05,"ok",FALSE,0.219999999999999,"","","370f6a093c052c5c245586377d3d8e09",20,2,18,25,0.1,0.72
"binary_sparse_n300_t02_r0018","binary","sparse","paper_adjusted",300,1000,1.5,18,154477666,"HDMT",0.05,"ok",FALSE,0.00999999999999091,"","","d541efe5cf60d301e831337c484fae8b",6,0,6,20,0,0.3
"binary_sparse_n300_t02_r0018","binary","sparse","paper_adjusted",300,1000,1.5,18,154477666,"MDACT",0.05,"ok",FALSE,0.0100000000000193,"","","cd03998d64c1fc95aaf935a51b377cf1",7,1,6,20,0.142857142857143,0.3
"binary_sparse_n300_t02_r0018","binary","sparse","paper_adjusted",300,1000,1.5,18,154477666,"MLFDR",0.05,"ok",FALSE,0.469999999999999,"","","e03b6c27b60dfcf48312c652a0c2a936",12,0,12,20,0,0.6
"linear_dense_n300_t02_r0018","linear","dense","paper_adjusted",300,1000,1.5,18,244616505,"HDMT",0.05,"ok",FALSE,0.0300000000000011,"ties should not be present for the one-sample Kolmogorov-Smirnov test","","d63c61c19b84219ae88901f95fb2a67c",92,0,92,189,0,0.486772486772487
"linear_dense_n300_t02_r0018","linear","dense","paper_adjusted",300,1000,1.5,18,244616505,"MDACT",0.05,"ok",FALSE,0,"ties should not be present for the one-sample Kolmogorov-Smirnov test","","5f90614eb93f6ec93e8fbc5ebfdeee76",98,1,97,189,0.0102040816326531,0.513227513227513
"linear_dense_n300_t02_r0018","linear","dense","paper_adjusted",300,1000,1.5,18,244616505,"MLFDR",0.05,"ok",FALSE,0.439999999999998,"","","1ed485f5a4085961bcfc7653638fac7e",168,10,158,189,0.0595238095238095,0.835978835978836
"confounded_dense_n300_t02_r0018","confounded","dense","paper_adjusted",300,1000,1.5,18,20460997,"HDMT",0.05,"ok",FALSE,0.0300000000000011,"ties should not be present for the one-sample Kolmogorov-Smirnov test","","22270b7d786a124b39acecadb9764077",102,3,99,197,0.0294117647058824,0.50253807106599
"confounded_dense_n300_t02_r0018","confounded","dense","paper_adjusted",300,1000,1.5,18,20460997,"MDACT",0.05,"ok",FALSE,0.0200000000000102,"ties should not be present for the one-sample Kolmogorov-Smirnov test","","ea1bf5ac683cadfe992287d09e9299b6",121,4,117,197,0.0330578512396694,0.593908629441624
"confounded_dense_n300_t02_r0018","confounded","dense","paper_adjusted",300,1000,1.5,18,20460997,"MLFDR",0.05,"ok",FALSE,0.330000000000013,"","","9edca993d1bd3fd7c8d1e0badd71eb87",170,18,152,197,0.105882352941176,0.771573604060914
"binary_dense_n300_t02_r0018","binary","dense","paper_adjusted",300,1000,1.5,18,5480731,"HDMT",0.05,"ok",FALSE,0.00999999999999091,"","","f9500fc542bdbb75936d1bae5932aa8b",145,5,140,206,0.0344827586206897,0.679611650485437
"binary_dense_n300_t02_r0018","binary","dense","paper_adjusted",300,1000,1.5,18,5480731,"MDACT",0.05,"ok",FALSE,0.0100000000000193,"","","ec97e0a2edb6a63d5ab79572e4e5319b",151,7,144,206,0.0463576158940397,0.699029126213592
"binary_dense_n300_t02_r0018","binary","dense","paper_adjusted",300,1000,1.5,18,5480731,"MLFDR",0.05,"ok",FALSE,0.29000000000002,"","","301ec238416164f963e5f96bee169355",188,13,175,206,0.0691489361702128,0.849514563106796
"linear_sparse_n300_t03_r0018","linear","sparse","paper_adjusted",300,1000,1.9,18,107428682,"HDMT",0.05,"ok",FALSE,0.0300000000000011,"ties should not be present for the one-sample Kolmogorov-Smirnov test","","0bfdc48c89901943fe3f89a51e3c0e1e",13,0,13,15,0,0.866666666666667
"linear_sparse_n300_t03_r0018","linear","sparse","paper_adjusted",300,1000,1.9,18,107428682,"MDACT",0.05,"ok",FALSE,0.0100000000000193,"ties should not be present for the one-sample Kolmogorov-Smirnov test","","121d4dd4021f754133496644a720af83",8,0,8,15,0,0.533333333333333
"linear_sparse_n300_t03_r0018","linear","sparse","paper_adjusted",300,1000,1.9,18,107428682,"MLFDR",0.05,"ok",FALSE,0.300000000000011,"","","6262fc7af3fab5b5be1f523da6179459",16,1,15,15,0.0625,1
"confounded_sparse_n300_t03_r0018","confounded","sparse","paper_adjusted",300,1000,1.9,18,29379959,"HDMT",0.05,"ok",FALSE,0.0300000000000011,"ties should not be present for the one-sample Kolmogorov-Smirnov test","","bc219efd5ace77b99304e2b8cffc3ef0",21,2,19,20,0.0952380952380952,0.95
"confounded_sparse_n300_t03_r0018","confounded","sparse","paper_adjusted",300,1000,1.9,18,29379959,"MDACT",0.05,"ok",FALSE,0.0100000000000193,"ties should not be present for the one-sample Kolmogorov-Smirnov test","","1ddf6a942dfff20f32fc3dc72078b6b7",19,0,19,20,0,0.95
"confounded_sparse_n300_t03_r0018","confounded","sparse","paper_adjusted",300,1000,1.9,18,29379959,"MLFDR",0.05,"ok",FALSE,0.0799999999999841,"","","c9304f3b90f0e6a24f2010d7cd8bd8ab",20,1,19,20,0.05,0.95
"binary_sparse_n300_t03_r0018","binary","sparse","paper_adjusted",300,1000,1.9,18,96952292,"HDMT",0.05,"ok",FALSE,0.0300000000000011,"","","0c7e810045fceb89dc9f12642b4e6ce3",16,0,16,22,0,0.727272727272727
"binary_sparse_n300_t03_r0018","binary","sparse","paper_adjusted",300,1000,1.9,18,96952292,"MDACT",0.05,"ok",FALSE,0.00999999999999091,"","","4c776d33f6804871c8cf36024a529d10",18,1,17,22,0.0555555555555556,0.772727272727273
"binary_sparse_n300_t03_r0018","binary","sparse","paper_adjusted",300,1000,1.9,18,96952292,"MLFDR",0.05,"ok",FALSE,0.159999999999997,"","","b1857595f1af047d3d8d1f9721178f1e",22,2,20,22,0.0909090909090909,0.909090909090909
"linear_dense_n300_t03_r0018","linear","dense","paper_adjusted",300,1000,1.9,18,106894782,"HDMT",0.05,"ok",FALSE,0.0300000000000011,"ties should not be present for the one-sample Kolmogorov-Smirnov test","","397fb214e9ccd956ca328edf18d2ec72",152,3,149,206,0.0197368421052632,0.723300970873786
"linear_dense_n300_t03_r0018","linear","dense","paper_adjusted",300,1000,1.9,18,106894782,"MDACT",0.05,"ok",FALSE,0.0200000000000102,"ties should not be present for the one-sample Kolmogorov-Smirnov test","","f5058ac9dc6b3aa83120ddf3ade8e31d",162,5,157,206,0.0308641975308642,0.762135922330097
"linear_dense_n300_t03_r0018","linear","dense","paper_adjusted",300,1000,1.9,18,106894782,"MLFDR",0.05,"ok",FALSE,0.27000000000001,"","","99772b7bb664589e3e29c431f8a3bf29",196,10,186,206,0.0510204081632653,0.902912621359223
"confounded_dense_n300_t03_r0018","confounded","dense","paper_adjusted",300,1000,1.9,18,96759113,"HDMT",0.05,"ok",FALSE,0.0300000000000011,"ties should not be present for the one-sample Kolmogorov-Smirnov test","","025bd45657ce9320ae4e812d2555cdbd",145,11,134,191,0.0758620689655172,0.701570680628272
"confounded_dense_n300_t03_r0018","confounded","dense","paper_adjusted",300,1000,1.9,18,96759113,"MDACT",0.05,"ok",FALSE,0.0200000000000102,"ties should not be present for the one-sample Kolmogorov-Smirnov test","","4c1f6ea478b46b9e9e5c80fc41cb0a72",144,9,135,191,0.0625,0.706806282722513
"confounded_dense_n300_t03_r0018","confounded","dense","paper_adjusted",300,1000,1.9,18,96759113,"MLFDR",0.05,"ok",FALSE,0.280000000000001,"","","b37ce6627da9db133604fe0cad0028d6",184,9,175,191,0.0489130434782609,0.916230366492147
"binary_dense_n300_t03_r0018","binary","dense","paper_adjusted",300,1000,1.9,18,55241225,"HDMT",0.05,"ok",FALSE,0.0300000000000011,"","","2a8f8446434df541ae325fd5f9775388",200,8,192,216,0.04,0.888888888888889
"binary_dense_n300_t03_r0018","binary","dense","paper_adjusted",300,1000,1.9,18,55241225,"MDACT",0.05,"ok",FALSE,0.0200000000000102,"","","6f489436506e2de28e1ebb4c00c2f493",207,10,197,216,0.0483091787439614,0.912037037037037
"binary_dense_n300_t03_r0018","binary","dense","paper_adjusted",300,1000,1.9,18,55241225,"MLFDR",0.05,"ok",FALSE,0.140000000000015,"","","0009a00b55b95cc826cc7fb63f258497",221,11,210,216,0.0497737556561086,0.972222222222222
"linear_sparse_n300_t01_r0019","linear","sparse","paper_adjusted",300,1000,1.1,19,42420382,"HDMT",0.05,"ok",FALSE,0.0400000000000205,"ties should not be present for the one-sample Kolmogorov-Smirnov test","","ce51ece5c2526be3166e666f9e9fa4c1",4,0,4,22,0,0.181818181818182
"linear_sparse_n300_t01_r0019","linear","sparse","paper_adjusted",300,1000,1.1,19,42420382,"MDACT",0.05,"ok",FALSE,0.0200000000000102,"ties should not be present for the one-sample Kolmogorov-Smirnov test","","b2b9c8badc458ed67b9948ff681f30ae",6,0,6,22,0,0.272727272727273
"linear_sparse_n300_t01_r0019","linear","sparse","paper_adjusted",300,1000,1.1,19,42420382,"MLFDR",0.05,"ok",FALSE,0.280000000000001,"","","2d06f00cc1ea3ed8fd32fdd582596657",12,0,12,22,0,0.545454545454545
"confounded_sparse_n300_t01_r0019","confounded","sparse","paper_adjusted",300,1000,1.1,19,164641465,"HDMT",0.05,"ok",FALSE,0.0300000000000011,"ties should not be present for the one-sample Kolmogorov-Smirnov test","","71dd84e99604b739e0a934db90d0666b",2,0,2,23,0,0.0869565217391304
"confounded_sparse_n300_t01_r0019","confounded","sparse","paper_adjusted",300,1000,1.1,19,164641465,"MDACT",0.05,"ok",FALSE,0.0199999999999818,"ties should not be present for the one-sample Kolmogorov-Smirnov test","","15cca137018b3f9472d64f9638322a65",1,0,1,23,0,0.0434782608695652
"confounded_sparse_n300_t01_r0019","confounded","sparse","paper_adjusted",300,1000,1.1,19,164641465,"MLFDR",0.05,"ok",FALSE,1.10999999999999,"","","7d26327433fc8c59b8c3e915de9497d9",9,1,8,23,0.111111111111111,0.347826086956522
"binary_sparse_n300_t01_r0019","binary","sparse","paper_adjusted",300,1000,1.1,19,171807066,"HDMT",0.05,"ok",FALSE,0.0300000000000011,"","","00ca7088fa47c587cd0ea173ada732ff",0,0,0,19,0,0
"binary_sparse_n300_t01_r0019","binary","sparse","paper_adjusted",300,1000,1.1,19,171807066,"MDACT",0.05,"ok",FALSE,0.0200000000000102,"","","0547cfbf06a108dea3f53c83e5ee8c44",0,0,0,19,0,0
"binary_sparse_n300_t01_r0019","binary","sparse","paper_adjusted",300,1000,1.1,19,171807066,"MLFDR",0.05,"ok",FALSE,0.5,"","","6a9e27bc05b03e8fcb790a3d31d2143b",0,0,0,19,0,0
"linear_dense_n300_t01_r0019","linear","dense","paper_adjusted",300,1000,1.1,19,41300373,"HDMT",0.05,"ok",FALSE,0.0300000000000011,"ties should not be present for the one-sample Kolmogorov-Smirnov test","","e6c47f2b8bda41ac69b45de01fbad5a1",36,1,35,193,0.0277777777777778,0.181347150259067
"linear_dense_n300_t01_r0019","linear","dense","paper_adjusted",300,1000,1.1,19,41300373,"MDACT",0.05,"ok",FALSE,0.0200000000000102,"ties should not be present for the one-sample Kolmogorov-Smirnov test","","891c28b71c1590fec287fa3e69ded1ed",47,3,44,193,0.0638297872340425,0.227979274611399
"linear_dense_n300_t01_r0019","linear","dense","paper_adjusted",300,1000,1.1,19,41300373,"MLFDR",0.05,"ok",FALSE,0.360000000000014,"","","4d737060acfb6fc56cce7243b92ba5b1",87,2,85,193,0.0229885057471264,0.440414507772021
"confounded_dense_n300_t01_r0019","confounded","dense","paper_adjusted",300,1000,1.1,19,251004111,"HDMT",0.05,"ok",FALSE,0.0200000000000102,"ties should not be present for the one-sample Kolmogorov-Smirnov test","","3afa2a3ff29949006aa9e3a1690ce63e",30,0,30,202,0,0.148514851485149
"confounded_dense_n300_t01_r0019","confounded","dense","paper_adjusted",300,1000,1.1,19,251004111,"MDACT",0.05,"ok",FALSE,0,"ties should not be present for the one-sample Kolmogorov-Smirnov test","","10a2f45d695ace42b3a54178e4ed82bc",43,2,41,202,0.0465116279069767,0.202970297029703
"confounded_dense_n300_t01_r0019","confounded","dense","paper_adjusted",300,1000,1.1,19,251004111,"MLFDR",0.05,"ok",FALSE,0.829999999999984,"","","3781acf687cffe0cff277aa67414201a",107,6,101,202,0.0560747663551402,0.5
"binary_dense_n300_t01_r0019","binary","dense","paper_adjusted",300,1000,1.1,19,123762916,"HDMT",0.05,"ok",FALSE,0.0500000000000114,"","","5cbdaaf01a5361628bba2221a542e20c",19,0,19,186,0,0.102150537634409
"binary_dense_n300_t01_r0019","binary","dense","paper_adjusted",300,1000,1.1,19,123762916,"MDACT",0.05,"ok",FALSE,0.0200000000000102,"","","35b3b803e07a16fb4f24b44110948d6b",28,0,28,186,0,0.150537634408602
"binary_dense_n300_t01_r0019","binary","dense","paper_adjusted",300,1000,1.1,19,123762916,"MLFDR",0.05,"ok",FALSE,0.439999999999998,"","","3702993c9545f3da1a39c7784eea77da",70,3,67,186,0.0428571428571429,0.360215053763441
"linear_sparse_n300_t02_r0019","linear","sparse","paper_adjusted",300,1000,1.5,19,54785897,"HDMT",0.05,"ok",FALSE,0.0300000000000011,"ties should not be present for the one-sample Kolmogorov-Smirnov test","","8cd3764b38bdc597d91518a022f90471",14,0,14,22,0,0.636363636363636
"linear_sparse_n300_t02_r0019","linear","sparse","paper_adjusted",300,1000,1.5,19,54785897,"MDACT",0.05,"ok",FALSE,0,"ties should not be present for the one-sample Kolmogorov-Smirnov test","","9be7b51fdeb163e378a8a2e7dd63fc0f",19,2,17,22,0.105263157894737,0.772727272727273
"linear_sparse_n300_t02_r0019","linear","sparse","paper_adjusted",300,1000,1.5,19,54785897,"MLFDR",0.05,"ok",FALSE,0.180000000000007,"","","7043a5bac327855c23f21d747a8dffd2",22,2,20,22,0.0909090909090909,0.909090909090909
"confounded_sparse_n300_t02_r0019","confounded","sparse","paper_adjusted",300,1000,1.5,19,185093691,"HDMT",0.05,"ok",FALSE,0.0499999999999829,"ties should not be present for the one-sample Kolmogorov-Smirnov test","","9fc31b7a1a4187a15b2e9959c54bcab0",15,0,15,26,0,0.576923076923077
"confounded_sparse_n300_t02_r0019","confounded","sparse","paper_adjusted",300,1000,1.5,19,185093691,"MDACT",0.05,"ok",FALSE,0,"ties should not be present for the one-sample Kolmogorov-Smirnov test","","2c30b2641c248afe2c0b6920a22843e0",15,0,15,26,0,0.576923076923077
"confounded_sparse_n300_t02_r0019","confounded","sparse","paper_adjusted",300,1000,1.5,19,185093691,"MLFDR",0.05,"ok",FALSE,0.139999999999986,"","","e247cd83bd08aab282c70a2a43fbf9e8",20,0,20,26,0,0.769230769230769
"binary_sparse_n300_t02_r0019","binary","sparse","paper_adjusted",300,1000,1.5,19,19236408,"HDMT",0.05,"ok",FALSE,0.0100000000000193,"","","8ec8fcc317f57faed5fe3c10e6b3c2fd",7,0,7,16,0,0.4375
"binary_sparse_n300_t02_r0019","binary","sparse","paper_adjusted",300,1000,1.5,19,19236408,"MDACT",0.05,"ok",FALSE,0,"","","0f4e2386f4d9977f67c42f578c73bde5",7,0,7,16,0,0.4375
"binary_sparse_n300_t02_r0019","binary","sparse","paper_adjusted",300,1000,1.5,19,19236408,"MLFDR",0.05,"ok",FALSE,0.139999999999986,"","","7b93efdd835390f00aee01b6f5457455",9,0,9,16,0,0.5625
"linear_dense_n300_t02_r0019","linear","dense","paper_adjusted",300,1000,1.5,19,43166767,"HDMT",0.05,"ok",FALSE,0.00999999999999091,"ties should not be present for the one-sample Kolmogorov-Smirnov test","","3bb95e848830608d847273fe5b94449b",61,1,60,203,0.0163934426229508,0.295566502463054
"linear_dense_n300_t02_r0019","linear","dense","paper_adjusted",300,1000,1.5,19,43166767,"MDACT",0.05,"ok",FALSE,0,"ties should not be present for the one-sample Kolmogorov-Smirnov test","","f4a95c1dbed035911b8a41fe50ca7b39",77,2,75,203,0.025974025974026,0.369458128078818
"linear_dense_n300_t02_r0019","linear","dense","paper_adjusted",300,1000,1.5,19,43166767,"MLFDR",0.05,"ok",FALSE,0.590000000000003,"","","977d6e864fea9a22c633ed63796d43af",149,10,139,203,0.0671140939597315,0.684729064039409
"confounded_dense_n300_t02_r0019","confounded","dense","paper_adjusted",300,1000,1.5,19,265206240,"HDMT",0.05,"ok",FALSE,0.0199999999999818,"ties should not be present for the one-sample Kolmogorov-Smirnov test","","4f894bcb57c8bb2ccc977301391feacf",117,2,115,221,0.0170940170940171,0.520361990950226
"confounded_dense_n300_t02_r0019","confounded","dense","paper_adjusted",300,1000,1.5,19,265206240,"MDACT",0.05,"ok",FALSE,0.0200000000000102,"ties should not be present for the one-sample Kolmogorov-Smirnov test","","cb29389f26dadf32e088bb9a28bbf175",126,1,125,221,0.00793650793650794,0.565610859728507
"confounded_dense_n300_t02_r0019","confounded","dense","paper_adjusted",300,1000,1.5,19,265206240,"MLFDR",0.05,"ok",FALSE,0.27000000000001,"","","a555bcd1ff3e9556562a85cbbedc28a8",192,9,183,221,0.046875,0.828054298642534
"binary_dense_n300_t02_r0019","binary","dense","paper_adjusted",300,1000,1.5,19,16740241,"HDMT",0.05,"ok",FALSE,0.0100000000000193,"","","1ddfc39279b43e09946e38389e05e678",149,5,144,204,0.0335570469798658,0.705882352941177
"binary_dense_n300_t02_r0019","binary","dense","paper_adjusted",300,1000,1.5,19,16740241,"MDACT",0.05,"ok",FALSE,0.00999999999999091,"","","4eea3bc47659b533c1a00ad783a4cae6",154,7,147,204,0.0454545454545455,0.720588235294118
"binary_dense_n300_t02_r0019","binary","dense","paper_adjusted",300,1000,1.5,19,16740241,"MLFDR",0.05,"ok",FALSE,0.25,"","","741aadfe1072d9462ed1e5241a1ff491",193,12,181,204,0.0621761658031088,0.887254901960784
"linear_sparse_n300_t03_r0019","linear","sparse","paper_adjusted",300,1000,1.9,19,160733991,"HDMT",0.05,"ok",FALSE,0.0300000000000011,"ties should not be present for the one-sample Kolmogorov-Smirnov test","","33219295124a2ee5888ee10ff8cc46e4",18,0,18,22,0,0.818181818181818
"linear_sparse_n300_t03_r0019","linear","sparse","paper_adjusted",300,1000,1.9,19,160733991,"MDACT",0.05,"ok",FALSE,0,"ties should not be present for the one-sample Kolmogorov-Smirnov test","","ee2a9faaae22054c84c14b6a114b0eb5",18,0,18,22,0,0.818181818181818
"linear_sparse_n300_t03_r0019","linear","sparse","paper_adjusted",300,1000,1.9,19,160733991,"MLFDR",0.05,"ok",FALSE,0.159999999999997,"","","ebae957d268c53496300247d00966709",19,0,19,22,0,0.863636363636364
"confounded_sparse_n300_t03_r0019","confounded","sparse","paper_adjusted",300,1000,1.9,19,150907778,"HDMT",0.05,"ok",FALSE,0.0300000000000011,"ties should not be present for the one-sample Kolmogorov-Smirnov test","","fda38188c785d89a03eda26da62f14ee",21,1,20,26,0.0476190476190476,0.769230769230769
"confounded_sparse_n300_t03_r0019","confounded","sparse","paper_adjusted",300,1000,1.9,19,150907778,"MDACT",0.05,"ok",FALSE,0.0100000000000193,"ties should not be present for the one-sample Kolmogorov-Smirnov test","","4fde671497ee7ad690a669d8799ffda8",22,1,21,26,0.0454545454545455,0.807692307692308
"confounded_sparse_n300_t03_r0019","confounded","sparse","paper_adjusted",300,1000,1.9,19,150907778,"MLFDR",0.05,"ok",FALSE,0.199999999999989,"","","f1a5461bfd7edcaaa6ae5417032c2d95",26,1,25,26,0.0384615384615385,0.961538461538462
"binary_sparse_n300_t03_r0019","binary","sparse","paper_adjusted",300,1000,1.9,19,174521965,"HDMT",0.05,"ok",FALSE,0.0300000000000011,"","","0748e146fb516ec88d56c3e2f3dad43b",14,2,12,17,0.142857142857143,0.705882352941177
"binary_sparse_n300_t03_r0019","binary","sparse","paper_adjusted",300,1000,1.9,19,174521965,"MDACT",0.05,"ok",FALSE,0,"","","bf2d7c87d58c2af52ee3ca5aff316896",5,0,5,17,0,0.294117647058824
"binary_sparse_n300_t03_r0019","binary","sparse","paper_adjusted",300,1000,1.9,19,174521965,"MLFDR",0.05,"ok",FALSE,0.439999999999998,"","","04fec4e12a51e89ffeedd10e1c4dfafe",14,1,13,17,0.0714285714285714,0.764705882352941
"linear_dense_n300_t03_r0019","linear","dense","paper_adjusted",300,1000,1.9,19,191077825,"HDMT",0.05,"ok",FALSE,0.0300000000000011,"ties should not be present for the one-sample Kolmogorov-Smirnov test","","e81c6f89a05295191cdc1f5cd09bda94",189,10,179,209,0.0529100529100529,0.856459330143541
"linear_dense_n300_t03_r0019","linear","dense","paper_adjusted",300,1000,1.9,19,191077825,"MDACT",0.05,"ok",FALSE,0.00999999999999091,"ties should not be present for the one-sample Kolmogorov-Smirnov test","","2148606d600546b3b0684403f559241b",196,11,185,209,0.0561224489795918,0.885167464114832
"linear_dense_n300_t03_r0019","linear","dense","paper_adjusted",300,1000,1.9,19,191077825,"MLFDR",0.05,"ok",FALSE,0.259999999999991,"","","07ce9c3870dd88c394e3a4f66b4a08f3",206,7,199,209,0.0339805825242718,0.952153110047847
"confounded_dense_n300_t03_r0019","confounded","dense","paper_adjusted",300,1000,1.9,19,140395247,"HDMT",0.05,"ok",FALSE,0.039999999999992,"ties should not be present for the one-sample Kolmogorov-Smirnov test","","bf85554bc18434e6307793372a42f911",189,6,183,198,0.0317460317460317,0.924242424242424
"confounded_dense_n300_t03_r0019","confounded","dense","paper_adjusted",300,1000,1.9,19,140395247,"MDACT",0.05,"ok",FALSE,0,"ties should not be present for the one-sample Kolmogorov-Smirnov test","","ee2d071a89cb04c44fc7ac400fc7d448",191,6,185,198,0.031413612565445,0.934343434343434
"confounded_dense_n300_t03_r0019","confounded","dense","paper_adjusted",300,1000,1.9,19,140395247,"MLFDR",0.05,"ok",FALSE,0.120000000000005,"","","e55258a491088b6993ab5ad7a25ce5a6",201,8,193,198,0.0398009950248756,0.974747474747475
"binary_dense_n300_t03_r0019","binary","dense","paper_adjusted",300,1000,1.9,19,136181644,"HDMT",0.05,"ok",FALSE,0.0300000000000011,"","","defbe51156872add45ffea8f07e8fafc",199,13,186,218,0.0653266331658292,0.853211009174312
"binary_dense_n300_t03_r0019","binary","dense","paper_adjusted",300,1000,1.9,19,136181644,"MDACT",0.05,"ok",FALSE,0,"","","fa37c0d49b6765fe5427d33f7f136a23",204,14,190,218,0.0686274509803922,0.871559633027523
"binary_dense_n300_t03_r0019","binary","dense","paper_adjusted",300,1000,1.9,19,136181644,"MLFDR",0.05,"ok",FALSE,0.239999999999981,"","","a0d183d82a4c9134e5c7810c1a98b4e9",221,15,206,218,0.0678733031674208,0.944954128440367
"linear_sparse_n300_t01_r0020","linear","sparse","paper_adjusted",300,1000,1.1,20,22350695,"HDMT",0.05,"ok",FALSE,0.0300000000000011,"ties should not be present for the one-sample Kolmogorov-Smirnov test","","f513ab1936a4a3929a8527766accf09e",2,0,2,21,0,0.0952380952380952
"linear_sparse_n300_t01_r0020","linear","sparse","paper_adjusted",300,1000,1.1,20,22350695,"MDACT",0.05,"ok",FALSE,0.00999999999999091,"ties should not be present for the one-sample Kolmogorov-Smirnov test","","430c8080647353938d39fa57bc47b62f",4,0,4,21,0,0.19047619047619
"linear_sparse_n300_t01_r0020","linear","sparse","paper_adjusted",300,1000,1.1,20,22350695,"MLFDR",0.05,"ok",FALSE,0.409999999999997,"","","437cc2f58eed6821a5c4a4bc720badbc",10,1,9,21,0.1,0.428571428571429
"confounded_sparse_n300_t01_r0020","confounded","sparse","paper_adjusted",300,1000,1.1,20,12819587,"HDMT",0.05,"ok",FALSE,0.0300000000000011,"ties should not be present for the one-sample Kolmogorov-Smirnov test","","537a9e67502280e1612d36a386ccd941",0,0,0,19,0,0
"confounded_sparse_n300_t01_r0020","confounded","sparse","paper_adjusted",300,1000,1.1,20,12819587,"MDACT",0.05,"ok",FALSE,0,"ties should not be present for the one-sample Kolmogorov-Smirnov test","","eb5088d65f70b7a9c59709e7a3ffbf27",1,0,1,19,0,0.0526315789473684
"confounded_sparse_n300_t01_r0020","confounded","sparse","paper_adjusted",300,1000,1.1,20,12819587,"MLFDR",0.05,"ok",FALSE,0.699999999999989,"","","47bc67890f75393c6415a041a5efafb3",3,0,3,19,0,0.157894736842105
"binary_sparse_n300_t01_r0020","binary","sparse","paper_adjusted",300,1000,1.1,20,112680764,"HDMT",0.05,"ok",FALSE,0.0199999999999818,"","","a10a2bf32a90748d7ee748249e454f75",1,0,1,17,0,0.0588235294117647
"binary_sparse_n300_t01_r0020","binary","sparse","paper_adjusted",300,1000,1.1,20,112680764,"MDACT",0.05,"ok",FALSE,0.0200000000000102,"","","40bdeae76f0a4fa1d18c7490bd1623e4",2,0,2,17,0,0.117647058823529
"binary_sparse_n300_t01_r0020","binary","sparse","paper_adjusted",300,1000,1.1,20,112680764,"MLFDR",0.05,"ok",FALSE,0.599999999999994,"","","5319c3838013e930dfe10f5a735888d0",3,0,3,17,0,0.176470588235294
"linear_dense_n300_t01_r0020","linear","dense","paper_adjusted",300,1000,1.1,20,51055226,"HDMT",0.05,"ok",FALSE,0.0199999999999818,"ties should not be present for the one-sample Kolmogorov-Smirnov test","","03971f4c25f22156b79f081c9dc28d50",72,6,66,198,0.0833333333333333,0.333333333333333
"linear_dense_n300_t01_r0020","linear","dense","paper_adjusted",300,1000,1.1,20,51055226,"MDACT",0.05,"ok",FALSE,0.0200000000000102,"ties should not be present for the one-sample Kolmogorov-Smirnov test","","946c563a2ad6f052d130e39c3ebbf1f8",85,7,78,198,0.0823529411764706,0.393939393939394
"linear_dense_n300_t01_r0020","linear","dense","paper_adjusted",300,1000,1.1,20,51055226,"MLFDR",0.05,"ok",FALSE,0.629999999999995,"","","87d4ddbf4ce4788a9deda72cf989cd5a",127,8,119,198,0.062992125984252,0.601010101010101
"confounded_dense_n300_t01_r0020","confounded","dense","paper_adjusted",300,1000,1.1,20,50814013,"HDMT",0.05,"ok",FALSE,0.0300000000000011,"ties should not be present for the one-sample Kolmogorov-Smirnov test","","465741e18cd871eb17848daeb2502d04",53,3,50,213,0.0566037735849057,0.234741784037559
"confounded_dense_n300_t01_r0020","confounded","dense","paper_adjusted",300,1000,1.1,20,50814013,"MDACT",0.05,"ok",FALSE,0,"ties should not be present for the one-sample Kolmogorov-Smirnov test","","fa01e2bfe8c8ebf37348d224a895932b",56,4,52,213,0.0714285714285714,0.244131455399061
"confounded_dense_n300_t01_r0020","confounded","dense","paper_adjusted",300,1000,1.1,20,50814013,"MLFDR",0.05,"ok",FALSE,0.769999999999982,"","","13dc176e1403c64c24d72e8ea8415750",124,12,112,213,0.0967741935483871,0.525821596244131
"binary_dense_n300_t01_r0020","binary","dense","paper_adjusted",300,1000,1.1,20,173943781,"HDMT",0.05,"ok",FALSE,0.0199999999999818,"","","76ed1b0a41cdae6657948deebc63fed4",24,0,24,226,0,0.106194690265487
"binary_dense_n300_t01_r0020","binary","dense","paper_adjusted",300,1000,1.1,20,173943781,"MDACT",0.05,"ok",FALSE,0.0199999999999818,"","","0edaa10953fb68c29e988b5c87920195",30,0,30,226,0,0.132743362831858
"binary_dense_n300_t01_r0020","binary","dense","paper_adjusted",300,1000,1.1,20,173943781,"MLFDR",0.05,"ok",FALSE,0.769999999999982,"","","f6682bcf5da805ee70bf3c124562776c",106,3,103,226,0.0283018867924528,0.455752212389381
"linear_sparse_n300_t02_r0020","linear","sparse","paper_adjusted",300,1000,1.5,20,251751779,"HDMT",0.05,"ok",FALSE,0.0199999999999818,"ties should not be present for the one-sample Kolmogorov-Smirnov test","","24aec724f47ba5c7d932e3643433a14a",6,0,6,15,0,0.4
"linear_sparse_n300_t02_r0020","linear","sparse","paper_adjusted",300,1000,1.5,20,251751779,"MDACT",0.05,"ok",FALSE,0.0199999999999818,"ties should not be present for the one-sample Kolmogorov-Smirnov test","","33592374053386bc2a58d7659b212a21",3,0,3,15,0,0.2
"linear_sparse_n300_t02_r0020","linear","sparse","paper_adjusted",300,1000,1.5,20,251751779,"MLFDR",0.05,"ok",FALSE,0.789999999999992,"","","be0546b8673bb6aebc394da09f642c30",4,0,4,15,0,0.266666666666667
"confounded_sparse_n300_t02_r0020","confounded","sparse","paper_adjusted",300,1000,1.5,20,196613538,"HDMT",0.05,"ok",FALSE,0.0300000000000011,"ties should not be present for the one-sample Kolmogorov-Smirnov test","","60f1b8606c7c33d5226ae9a5e5165735",6,0,6,18,0,0.333333333333333
"confounded_sparse_n300_t02_r0020","confounded","sparse","paper_adjusted",300,1000,1.5,20,196613538,"MDACT",0.05,"ok",FALSE,0.0100000000000193,"ties should not be present for the one-sample Kolmogorov-Smirnov test","","52f2ce4248b7e48e313d6494b6497d17",8,0,8,18,0,0.444444444444444
"confounded_sparse_n300_t02_r0020","confounded","sparse","paper_adjusted",300,1000,1.5,20,196613538,"MLFDR",0.05,"ok",FALSE,0.310000000000002,"","","3e754b18bf6131fdde215ec9e50e472f",12,2,10,18,0.166666666666667,0.555555555555556
"binary_sparse_n300_t02_r0020","binary","sparse","paper_adjusted",300,1000,1.5,20,15137387,"HDMT",0.05,"ok",FALSE,0.0300000000000011,"","","f31a98f6275013ce9a68064a35306704",11,1,10,16,0.0909090909090909,0.625
"binary_sparse_n300_t02_r0020","binary","sparse","paper_adjusted",300,1000,1.5,20,15137387,"MDACT",0.05,"ok",FALSE,0.00999999999999091,"","","6a3c8b7866cf3b3c0e51f6c6ef84ceac",13,1,12,16,0.0769230769230769,0.75
"binary_sparse_n300_t02_r0020","binary","sparse","paper_adjusted",300,1000,1.5,20,15137387,"MLFDR",0.05,"ok",FALSE,0.569999999999993,"","","a857fd6ccad6c1efdbf01de6102593a7",16,2,14,16,0.125,0.875
"linear_dense_n300_t02_r0020","linear","dense","paper_adjusted",300,1000,1.5,20,139248201,"HDMT",0.05,"ok",FALSE,0.0100000000000193,"ties should not be present for the one-sample Kolmogorov-Smirnov test","","85b3d48f72ca9875e422d404b1d43d3b",90,4,86,180,0.0444444444444444,0.477777777777778
"linear_dense_n300_t02_r0020","linear","dense","paper_adjusted",300,1000,1.5,20,139248201,"MDACT",0.05,"ok",FALSE,0,"ties should not be present for the one-sample Kolmogorov-Smirnov test","","7b95a9ee3e262ecea6f9a45f9c15d09a",93,6,87,180,0.0645161290322581,0.483333333333333
"linear_dense_n300_t02_r0020","linear","dense","paper_adjusted",300,1000,1.5,20,139248201,"MLFDR",0.05,"ok",FALSE,0.45999999999998,"","","1720d2d120adf7ec9cb150664ae650bf",137,4,133,180,0.0291970802919708,0.738888888888889
"confounded_dense_n300_t02_r0020","confounded","dense","paper_adjusted",300,1000,1.5,20,105141093,"HDMT",0.05,"ok",FALSE,0.0300000000000011,"ties should not be present for the one-sample Kolmogorov-Smirnov test","","c5e546abe8119a6ad0479b52cfead77b",156,5,151,211,0.032051282051282,0.71563981042654
"confounded_dense_n300_t02_r0020","confounded","dense","paper_adjusted",300,1000,1.5,20,105141093,"MDACT",0.05,"ok",FALSE,0.00999999999999091,"ties should not be present for the one-sample Kolmogorov-Smirnov test","","3d230bc4b8140c3f4d9ebc651d6f6025",166,6,160,211,0.036144578313253,0.758293838862559
"confounded_dense_n300_t02_r0020","confounded","dense","paper_adjusted",300,1000,1.5,20,105141093,"MLFDR",0.05,"ok",FALSE,0.169999999999987,"","","4c76ecbb448dbf9b9cb7dce147088a17",208,13,195,211,0.0625,0.924170616113744
"binary_dense_n300_t02_r0020","binary","dense","paper_adjusted",300,1000,1.5,20,120761699,"HDMT",0.05,"ok",FALSE,0.0300000000000011,"","","4847268f2df2237215e15576057b070a",110,1,109,199,0.00909090909090909,0.547738693467337
"binary_dense_n300_t02_r0020","binary","dense","paper_adjusted",300,1000,1.5,20,120761699,"MDACT",0.05,"ok",FALSE,0.0200000000000102,"","","16eb5fe537cf601de3f1e3f411205272",125,2,123,199,0.016,0.618090452261307
"binary_dense_n300_t02_r0020","binary","dense","paper_adjusted",300,1000,1.5,20,120761699,"MLFDR",0.05,"ok",FALSE,0.299999999999983,"","","9b99e85f5d42f1a3a5cda1bc2b9b0bdd",180,9,171,199,0.05,0.85929648241206
"linear_sparse_n300_t03_r0020","linear","sparse","paper_adjusted",300,1000,1.9,20,13602833,"HDMT",0.05,"ok",FALSE,0.0300000000000011,"ties should not be present for the one-sample Kolmogorov-Smirnov test","","e2de872e695e6736ad0da2240ac713b4",13,0,13,19,0,0.684210526315789
"linear_sparse_n300_t03_r0020","linear","sparse","paper_adjusted",300,1000,1.9,20,13602833,"MDACT",0.05,"ok",FALSE,0.0200000000000102,"ties should not be present for the one-sample Kolmogorov-Smirnov test","","def46b7267548d987d426d60c964fe3b",14,0,14,19,0,0.736842105263158
"linear_sparse_n300_t03_r0020","linear","sparse","paper_adjusted",300,1000,1.9,20,13602833,"MLFDR",0.05,"ok",FALSE,0.159999999999997,"","","1bc74f218a3cd09e1a5f59609eaed31b",16,0,16,19,0,0.842105263157895
"confounded_sparse_n300_t03_r0020","confounded","sparse","paper_adjusted",300,1000,1.9,20,207225751,"HDMT",0.05,"ok",FALSE,0.0300000000000011,"ties should not be present for the one-sample Kolmogorov-Smirnov test","","9665f2ebd4ccbc8a0ba0987f2d03f0ff",19,2,17,26,0.105263157894737,0.653846153846154
"confounded_sparse_n300_t03_r0020","confounded","sparse","paper_adjusted",300,1000,1.9,20,207225751,"MDACT",0.05,"ok",FALSE,0,"ties should not be present for the one-sample Kolmogorov-Smirnov test","","106cf334788cccdc40d391a2d488d60c",19,2,17,26,0.105263157894737,0.653846153846154
"confounded_sparse_n300_t03_r0020","confounded","sparse","paper_adjusted",300,1000,1.9,20,207225751,"MLFDR",0.05,"ok",FALSE,0.169999999999987,"","","db312678e805738a84e1b4e6a3721ba8",23,2,21,26,0.0869565217391304,0.807692307692308
"binary_sparse_n300_t03_r0020","binary","sparse","paper_adjusted",300,1000,1.9,20,260650353,"HDMT",0.05,"ok",FALSE,0.00999999999999091,"","","6d937af745d3ddd3dda8d8b1826cc551",11,0,11,20,0,0.55
"binary_sparse_n300_t03_r0020","binary","sparse","paper_adjusted",300,1000,1.9,20,260650353,"MDACT",0.05,"ok",FALSE,0,"","","7bab67a21186846e8eba2afab718f9d6",10,0,10,20,0,0.5
"binary_sparse_n300_t03_r0020","binary","sparse","paper_adjusted",300,1000,1.9,20,260650353,"MLFDR",0.05,"ok",FALSE,0.200000000000017,"","","761d13a313bb202312a2ce9972c6b357",18,0,18,20,0,0.9
"linear_dense_n300_t03_r0020","linear","dense","paper_adjusted",300,1000,1.9,20,240134014,"HDMT",0.05,"ok",FALSE,0.0300000000000011,"ties should not be present for the one-sample Kolmogorov-Smirnov test","","175b256b0ce75613c8d21fc69b2c048e",169,4,165,207,0.0236686390532544,0.797101449275362
"linear_dense_n300_t03_r0020","linear","dense","paper_adjusted",300,1000,1.9,20,240134014,"MDACT",0.05,"ok",FALSE,0,"ties should not be present for the one-sample Kolmogorov-Smirnov test","","c4cee8c90cf2612cfe9c63943aeebc4e",176,7,169,207,0.0397727272727273,0.816425120772947
"linear_dense_n300_t03_r0020","linear","dense","paper_adjusted",300,1000,1.9,20,240134014,"MLFDR",0.05,"ok",FALSE,0.200000000000017,"","","d3a8b1da0424e1772b62c9deaa820567",205,8,197,207,0.0390243902439024,0.951690821256039
"confounded_dense_n300_t03_r0020","confounded","dense","paper_adjusted",300,1000,1.9,20,257910674,"HDMT",0.05,"ok",FALSE,0.0300000000000011,"ties should not be present for the one-sample Kolmogorov-Smirnov test","","603083c48fb3b90d3010fbf7f22533d8",188,8,180,216,0.0425531914893617,0.833333333333333
"confounded_dense_n300_t03_r0020","confounded","dense","paper_adjusted",300,1000,1.9,20,257910674,"MDACT",0.05,"ok",FALSE,0,"ties should not be present for the one-sample Kolmogorov-Smirnov test","","c0bbf2c1bff31c42bac36a8bb75ab354",189,8,181,216,0.0423280423280423,0.837962962962963
"confounded_dense_n300_t03_r0020","confounded","dense","paper_adjusted",300,1000,1.9,20,257910674,"MLFDR",0.05,"ok",FALSE,0.219999999999999,"","","d6c39e82253ba8766fb22505764638f1",220,12,208,216,0.0545454545454545,0.962962962962963
"binary_dense_n300_t03_r0020","binary","dense","paper_adjusted",300,1000,1.9,20,207768537,"HDMT",0.05,"ok",FALSE,0.039999999999992,"","","efa8033b72ee102550074811924d17b2",147,6,141,179,0.0408163265306122,0.787709497206704
"binary_dense_n300_t03_r0020","binary","dense","paper_adjusted",300,1000,1.9,20,207768537,"MDACT",0.05,"ok",FALSE,0.0200000000000102,"","","7d2bb2ef526d6d63c6cdc43142fbf0b3",152,8,144,179,0.0526315789473684,0.804469273743017
"binary_dense_n300_t03_r0020","binary","dense","paper_adjusted",300,1000,1.9,20,207768537,"MLFDR",0.05,"ok",FALSE,0.140000000000015,"","","fbaf9123c93da6516ec8e056371028e2",171,4,167,179,0.0233918128654971,0.932960893854749
"linear_sparse_n300_t01_r0021","linear","sparse","paper_adjusted",300,1000,1.1,21,85734950,"HDMT",0.05,"ok",FALSE,0.0200000000000102,"ties should not be present for the one-sample Kolmogorov-Smirnov test","","15aa7c114b8128f11714559c00e12178",5,0,5,17,0,0.294117647058824
"linear_sparse_n300_t01_r0021","linear","sparse","paper_adjusted",300,1000,1.1,21,85734950,"MDACT",0.05,"ok",FALSE,0,"ties should not be present for the one-sample Kolmogorov-Smirnov test","","3791e6e231a1e21768680f3257813351",7,0,7,17,0,0.411764705882353
"linear_sparse_n300_t01_r0021","linear","sparse","paper_adjusted",300,1000,1.1,21,85734950,"MLFDR",0.05,"ok",FALSE,0.530000000000001,"","","fa35e897b5ddfe7c34b0e5aac6a2590a",12,2,10,17,0.166666666666667,0.588235294117647
"confounded_sparse_n300_t01_r0021","confounded","sparse","paper_adjusted",300,1000,1.1,21,227468334,"HDMT",0.05,"ok",FALSE,0.0300000000000011,"ties should not be present for the one-sample Kolmogorov-Smirnov test","","d66981ab4310b218a5ef6aa0cd4acf12",5,0,5,22,0,0.227272727272727
"confounded_sparse_n300_t01_r0021","confounded","sparse","paper_adjusted",300,1000,1.1,21,227468334,"MDACT",0.05,"ok",FALSE,0.0200000000000102,"ties should not be present for the one-sample Kolmogorov-Smirnov test","","b9deccf797501922b0d51db204c9ab90",5,0,5,22,0,0.227272727272727
"confounded_sparse_n300_t01_r0021","confounded","sparse","paper_adjusted",300,1000,1.1,21,227468334,"MLFDR",0.05,"ok",FALSE,2.88,"","","3084cdbfd730f03dc04a81fcb7d45e10",13,1,12,22,0.0769230769230769,0.545454545454545
"binary_sparse_n300_t01_r0021","binary","sparse","paper_adjusted",300,1000,1.1,21,126267880,"HDMT",0.05,"ok",FALSE,0.0300000000000011,"","","6cc8dd158ba0e18ac8b464937ef5c15f",4,0,4,27,0,0.148148148148148
"binary_sparse_n300_t01_r0021","binary","sparse","paper_adjusted",300,1000,1.1,21,126267880,"MDACT",0.05,"ok",FALSE,0.0199999999999818,"","","3a74ae98c2b1de393dbc040c652189de",5,0,5,27,0,0.185185185185185
"binary_sparse_n300_t01_r0021","binary","sparse","paper_adjusted",300,1000,1.1,21,126267880,"MLFDR",0.05,"ok",FALSE,0.419999999999987,"","","87f51d983b4717e4affadf5ac194bad9",6,0,6,27,0,0.222222222222222
"linear_dense_n300_t01_r0021","linear","dense","paper_adjusted",300,1000,1.1,21,131987630,"HDMT",0.05,"ok",FALSE,0.0300000000000011,"ties should not be present for the one-sample Kolmogorov-Smirnov test","","8314e148fbb8d777162e4495d690f616",46,1,45,214,0.0217391304347826,0.210280373831776
"linear_dense_n300_t01_r0021","linear","dense","paper_adjusted",300,1000,1.1,21,131987630,"MDACT",0.05,"ok",FALSE,0.0199999999999818,"ties should not be present for the one-sample Kolmogorov-Smirnov test","","e2c87b1b12f293d6f8535ccab73e79f1",50,1,49,214,0.02,0.228971962616822
"linear_dense_n300_t01_r0021","linear","dense","paper_adjusted",300,1000,1.1,21,131987630,"MLFDR",0.05,"ok",FALSE,0.430000000000007,"","","da35237309932cdad5e5dcd7474b76fa",109,5,104,214,0.0458715596330275,0.485981308411215
"confounded_dense_n300_t01_r0021","confounded","dense","paper_adjusted",300,1000,1.1,21,227346990,"HDMT",0.05,"ok",FALSE,0.0300000000000011,"ties should not be present for the one-sample Kolmogorov-Smirnov test","","ca7043c1bc727f1542d669968be747d1",29,1,28,210,0.0344827586206897,0.133333333333333
"confounded_dense_n300_t01_r0021","confounded","dense","paper_adjusted",300,1000,1.1,21,227346990,"MDACT",0.05,"ok",FALSE,0,"ties should not be present for the one-sample Kolmogorov-Smirnov test","","a17684e87da22dc8f5075b8b82fa1d82",43,2,41,210,0.0465116279069767,0.195238095238095
"confounded_dense_n300_t01_r0021","confounded","dense","paper_adjusted",300,1000,1.1,21,227346990,"MLFDR",0.05,"ok",FALSE,0.430000000000007,"","","ae364a514c49f2c612986f9743d55419",110,6,104,210,0.0545454545454545,0.495238095238095
"binary_dense_n300_t01_r0021","binary","dense","paper_adjusted",300,1000,1.1,21,76674393,"HDMT",0.05,"ok",FALSE,0.0300000000000011,"","","07658030384bf463120d19125c84a9eb",14,0,14,208,0,0.0673076923076923
"binary_dense_n300_t01_r0021","binary","dense","paper_adjusted",300,1000,1.1,21,76674393,"MDACT",0.05,"ok",FALSE,0,"","","7a72759e3b7c57b76a09eaa5b6186117",34,1,33,208,0.0294117647058824,0.158653846153846
"binary_dense_n300_t01_r0021","binary","dense","paper_adjusted",300,1000,1.1,21,76674393,"MLFDR",0.05,"ok",FALSE,0.949999999999989,"","","3ca3414b143645f607c1a769f27dde17",79,3,76,208,0.0379746835443038,0.365384615384615
"linear_sparse_n300_t02_r0021","linear","sparse","paper_adjusted",300,1000,1.5,21,256944919,"HDMT",0.05,"ok",FALSE,0.0300000000000011,"ties should not be present for the one-sample Kolmogorov-Smirnov test","","6c94b04ec29595a30f6d8b8e416dc3a5",7,0,7,21,0,0.333333333333333
"linear_sparse_n300_t02_r0021","linear","sparse","paper_adjusted",300,1000,1.5,21,256944919,"MDACT",0.05,"ok",FALSE,0.0199999999999818,"ties should not be present for the one-sample Kolmogorov-Smirnov test","","f0e6942b26bdeceb274d50b6e6ebcc6d",12,0,12,21,0,0.571428571428571
"linear_sparse_n300_t02_r0021","linear","sparse","paper_adjusted",300,1000,1.5,21,256944919,"MLFDR",0.05,"ok",FALSE,0.210000000000008,"","","94686413764bc5139df5997c3a8d6698",19,2,17,21,0.105263157894737,0.80952380952381
"confounded_sparse_n300_t02_r0021","confounded","sparse","paper_adjusted",300,1000,1.5,21,4463091,"HDMT",0.05,"ok",FALSE,0.00999999999999091,"ties should not be present for the one-sample Kolmogorov-Smirnov test","","a52e129bbd15eefc7b801dec983cd594",4,0,4,18,0,0.222222222222222
"confounded_sparse_n300_t02_r0021","confounded","sparse","paper_adjusted",300,1000,1.5,21,4463091,"MDACT",0.05,"ok",FALSE,0.0200000000000102,"ties should not be present for the one-sample Kolmogorov-Smirnov test","","264b3e113870ffe4d35ec843f0abd6b2",4,0,4,18,0,0.222222222222222
"confounded_sparse_n300_t02_r0021","confounded","sparse","paper_adjusted",300,1000,1.5,21,4463091,"MLFDR",0.05,"ok",FALSE,0.400000000000006,"","","17df7cfd44c4ec3a560a48086951173c",12,0,12,18,0,0.666666666666667
"binary_sparse_n300_t02_r0021","binary","sparse","paper_adjusted",300,1000,1.5,21,184272757,"HDMT",0.05,"ok",FALSE,0.0300000000000011,"","","229edcd439dee7fdd642ea46dc9a2e98",4,0,4,12,0,0.333333333333333
"binary_sparse_n300_t02_r0021","binary","sparse","paper_adjusted",300,1000,1.5,21,184272757,"MDACT",0.05,"ok",FALSE,0,"","","0230089751a483357649ba733a17a43b",12,5,7,12,0.416666666666667,0.583333333333333
"binary_sparse_n300_t02_r0021","binary","sparse","paper_adjusted",300,1000,1.5,21,184272757,"MLFDR",0.05,"ok",FALSE,0.219999999999999,"","","f2ef3293495b1032bdcb3706f2c08ead",6,1,5,12,0.166666666666667,0.416666666666667
"linear_dense_n300_t02_r0021","linear","dense","paper_adjusted",300,1000,1.5,21,209571766,"HDMT",0.05,"ok",FALSE,0.0300000000000011,"ties should not be present for the one-sample Kolmogorov-Smirnov test","","fea639c33f49a654fe1eba4bf3ff7be1",104,3,101,206,0.0288461538461538,0.490291262135922
"linear_dense_n300_t02_r0021","linear","dense","paper_adjusted",300,1000,1.5,21,209571766,"MDACT",0.05,"ok",FALSE,0.0200000000000102,"ties should not be present for the one-sample Kolmogorov-Smirnov test","","73882bdee061622857c0fdc75074eabe",110,3,107,206,0.0272727272727273,0.519417475728155
"linear_dense_n300_t02_r0021","linear","dense","paper_adjusted",300,1000,1.5,21,209571766,"MLFDR",0.05,"ok",FALSE,0.240000000000009,"","","35339f2eaf523ad50793db82583b415f",157,11,146,206,0.0700636942675159,0.70873786407767
"confounded_dense_n300_t02_r0021","confounded","dense","paper_adjusted",300,1000,1.5,21,72353860,"HDMT",0.05,"ok",FALSE,0.0300000000000011,"ties should not be present for the one-sample Kolmogorov-Smirnov test","","ca7b9b18d7e661d09d5800a35b2cd95e",70,4,66,191,0.0571428571428571,0.345549738219895
"confounded_dense_n300_t02_r0021","confounded","dense","paper_adjusted",300,1000,1.5,21,72353860,"MDACT",0.05,"ok",FALSE,0.0100000000000193,"ties should not be present for the one-sample Kolmogorov-Smirnov test","","35142a827903cf94b48d0888cce444ec",87,6,81,191,0.0689655172413793,0.424083769633508
"confounded_dense_n300_t02_r0021","confounded","dense","paper_adjusted",300,1000,1.5,21,72353860,"MLFDR",0.05,"ok",FALSE,0.580000000000013,"","","727131cee18d8d2a2c8b177599d8244a",137,10,127,191,0.072992700729927,0.664921465968586
"binary_dense_n300_t02_r0021","binary","dense","paper_adjusted",300,1000,1.5,21,90332084,"HDMT",0.05,"ok",FALSE,0.0100000000000193,"","","f1c01043d1b50ce1902e107d5f74d035",114,1,113,205,0.0087719298245614,0.551219512195122
"binary_dense_n300_t02_r0021","binary","dense","paper_adjusted",300,1000,1.5,21,90332084,"MDACT",0.05,"ok",FALSE,0.0100000000000193,"","","b8a581ef2d71b21b2be559b178987c27",129,1,128,205,0.00775193798449612,0.624390243902439
"binary_dense_n300_t02_r0021","binary","dense","paper_adjusted",300,1000,1.5,21,90332084,"MLFDR",0.05,"ok",FALSE,0.25,"","","2f250583b213d558991746591b7ea4e7",188,8,180,205,0.0425531914893617,0.878048780487805
"linear_sparse_n300_t03_r0021","linear","sparse","paper_adjusted",300,1000,1.9,21,46246251,"HDMT",0.05,"ok",FALSE,0.00999999999999091,"ties should not be present for the one-sample Kolmogorov-Smirnov test","","abf4bf5229ce732d37093e92d672b589",18,1,17,23,0.0555555555555556,0.739130434782609
"linear_sparse_n300_t03_r0021","linear","sparse","paper_adjusted",300,1000,1.9,21,46246251,"MDACT",0.05,"ok",FALSE,0,"ties should not be present for the one-sample Kolmogorov-Smirnov test","","ea6020579858b33dfa688e8c02c84b8b",19,1,18,23,0.0526315789473684,0.782608695652174
"linear_sparse_n300_t03_r0021","linear","sparse","paper_adjusted",300,1000,1.9,21,46246251,"MLFDR",0.05,"ok",FALSE,0.420000000000016,"","","abe7bb170c36c7fa6148b2729ab5ba92",23,2,21,23,0.0869565217391304,0.91304347826087
"confounded_sparse_n300_t03_r0021","confounded","sparse","paper_adjusted",300,1000,1.9,21,73424850,"HDMT",0.05,"ok",FALSE,0.039999999999992,"ties should not be present for the one-sample Kolmogorov-Smirnov test","","d9868ce4d57c662c822ec24643029538",16,2,14,16,0.125,0.875
"confounded_sparse_n300_t03_r0021","confounded","sparse","paper_adjusted",300,1000,1.9,21,73424850,"MDACT",0.05,"ok",FALSE,0.0200000000000102,"ties should not be present for the one-sample Kolmogorov-Smirnov test","","18ad37a9ccafde23839397aba7dcc25c",16,2,14,16,0.125,0.875
"confounded_sparse_n300_t03_r0021","confounded","sparse","paper_adjusted",300,1000,1.9,21,73424850,"MLFDR",0.05,"ok",FALSE,0.300000000000011,"","","e7deca74c3f6c19435d892935dba8e57",15,1,14,16,0.0666666666666667,0.875
"binary_sparse_n300_t03_r0021","binary","sparse","paper_adjusted",300,1000,1.9,21,197083018,"HDMT",0.05,"ok",FALSE,0.0300000000000011,"","","043aa543518ef044bae3a29e352880a5",13,0,13,19,0,0.684210526315789
"binary_sparse_n300_t03_r0021","binary","sparse","paper_adjusted",300,1000,1.9,21,197083018,"MDACT",0.05,"ok",FALSE,0,"","","693a9ce9de58b5967bf8648139985d57",15,1,14,19,0.0666666666666667,0.736842105263158
"binary_sparse_n300_t03_r0021","binary","sparse","paper_adjusted",300,1000,1.9,21,197083018,"MLFDR",0.05,"ok",FALSE,0.109999999999985,"","","0eb41b81ff6f9eb9e79ad1e70309f52c",18,0,18,19,0,0.947368421052632
"linear_dense_n300_t03_r0021","linear","dense","paper_adjusted",300,1000,1.9,21,28925341,"HDMT",0.05,"ok",FALSE,0.0199999999999818,"ties should not be present for the one-sample Kolmogorov-Smirnov test","","1c6d8a60d2e5955ea621ce44ab0914af",191,5,186,208,0.0261780104712042,0.894230769230769
"linear_dense_n300_t03_r0021","linear","dense","paper_adjusted",300,1000,1.9,21,28925341,"MDACT",0.05,"ok",FALSE,0.0100000000000193,"ties should not be present for the one-sample Kolmogorov-Smirnov test","","b0b33af94023dad0c7c30e3aa4dc9d0d",194,6,188,208,0.0309278350515464,0.903846153846154
"linear_dense_n300_t03_r0021","linear","dense","paper_adjusted",300,1000,1.9,21,28925341,"MLFDR",0.05,"ok",FALSE,0.140000000000015,"","","d95f7efc326bef7a4573c64c3bce68b2",214,9,205,208,0.0420560747663551,0.985576923076923
"confounded_dense_n300_t03_r0021","confounded","dense","paper_adjusted",300,1000,1.9,21,84887996,"HDMT",0.05,"ok",FALSE,0.0300000000000011,"ties should not be present for the one-sample Kolmogorov-Smirnov test","","b612347982e1fe8bb64b97cfa43672f7",181,2,179,206,0.0110497237569061,0.868932038834951
"confounded_dense_n300_t03_r0021","confounded","dense","paper_adjusted",300,1000,1.9,21,84887996,"MDACT",0.05,"ok",FALSE,0.0200000000000102,"ties should not be present for the one-sample Kolmogorov-Smirnov test","","a6c773bcf3fa3d235182d5f6b13620ea",186,2,184,206,0.010752688172043,0.893203883495146
"confounded_dense_n300_t03_r0021","confounded","dense","paper_adjusted",300,1000,1.9,21,84887996,"MLFDR",0.05,"ok",FALSE,0.189999999999998,"","","1128604f4f7f0fd5a71b592c4df2ffbc",210,10,200,206,0.0476190476190476,0.970873786407767
"binary_dense_n300_t03_r0021","binary","dense","paper_adjusted",300,1000,1.9,21,27377786,"HDMT",0.05,"ok",FALSE,0.0200000000000102,"","","ea46f9f0317af0354f27cd1c513d04b7",146,5,141,191,0.0342465753424658,0.738219895287958
"binary_dense_n300_t03_r0021","binary","dense","paper_adjusted",300,1000,1.9,21,27377786,"MDACT",0.05,"ok",FALSE,0.00999999999999091,"","","bbde437f1691f873d788e7936925792b",145,3,142,191,0.0206896551724138,0.743455497382199
"binary_dense_n300_t03_r0021","binary","dense","paper_adjusted",300,1000,1.9,21,27377786,"MLFDR",0.05,"ok",FALSE,0.25,"","","f7bb06149b870e2120a8d22219304593",179,9,170,191,0.0502793296089385,0.890052356020942
"linear_sparse_n300_t01_r0022","linear","sparse","paper_adjusted",300,1000,1.1,22,128444929,"HDMT",0.05,"ok",FALSE,0.0300000000000011,"ties should not be present for the one-sample Kolmogorov-Smirnov test","","5288cb0542bc3f358d50da0196e4433d",1,0,1,28,0,0.0357142857142857
"linear_sparse_n300_t01_r0022","linear","sparse","paper_adjusted",300,1000,1.1,22,128444929,"MDACT",0.05,"ok",FALSE,0.0100000000000193,"ties should not be present for the one-sample Kolmogorov-Smirnov test","","8e8e479699a8c9db25e6d60c24ee0380",12,1,11,28,0.0833333333333333,0.392857142857143
"linear_sparse_n300_t01_r0022","linear","sparse","paper_adjusted",300,1000,1.1,22,128444929,"MLFDR",0.05,"ok",FALSE,0.5,"","","dd58919a58282a5949568bf7736fbe3f",3,0,3,28,0,0.107142857142857
"confounded_sparse_n300_t01_r0022","confounded","sparse","paper_adjusted",300,1000,1.1,22,215640253,"HDMT",0.05,"ok",FALSE,0.0499999999999829,"ties should not be present for the one-sample Kolmogorov-Smirnov test","","a4c23c1bb31d25c4c150d1e2814e743d",7,0,7,19,0,0.368421052631579
"confounded_sparse_n300_t01_r0022","confounded","sparse","paper_adjusted",300,1000,1.1,22,215640253,"MDACT",0.05,"ok",FALSE,0,"ties should not be present for the one-sample Kolmogorov-Smirnov test","","4da4dad5ab6139b71a6ec16f83a7d312",7,0,7,19,0,0.368421052631579
"confounded_sparse_n300_t01_r0022","confounded","sparse","paper_adjusted",300,1000,1.1,22,215640253,"MLFDR",0.05,"ok",FALSE,0.379999999999995,"","","9d64764f913c868a5972369e3ad8e641",8,0,8,19,0,0.421052631578947
"binary_sparse_n300_t01_r0022","binary","sparse","paper_adjusted",300,1000,1.1,22,184362320,"HDMT",0.05,"ok",FALSE,0.039999999999992,"","","8a2b138590e4d2371fab0888bf1f98e9",0,0,0,18,0,0
"binary_sparse_n300_t01_r0022","binary","sparse","paper_adjusted",300,1000,1.1,22,184362320,"MDACT",0.05,"ok",FALSE,0.0200000000000102,"","","ae9d76698380451ce2aab90ce475ea58",1,1,0,18,1,0
"binary_sparse_n300_t01_r0022","binary","sparse","paper_adjusted",300,1000,1.1,22,184362320,"MLFDR",0.05,"ok",FALSE,0.5,"","","05c38fb325ee408b72e2baba20b7e517",1,1,0,18,1,0
"linear_dense_n300_t01_r0022","linear","dense","paper_adjusted",300,1000,1.1,22,131986236,"HDMT",0.05,"ok",FALSE,0.0200000000000102,"ties should not be present for the one-sample Kolmogorov-Smirnov test","","f92d9166f39674ae63ff262535791454",38,3,35,201,0.0789473684210526,0.174129353233831
"linear_dense_n300_t01_r0022","linear","dense","paper_adjusted",300,1000,1.1,22,131986236,"MDACT",0.05,"ok",FALSE,0.0200000000000102,"ties should not be present for the one-sample Kolmogorov-Smirnov test","","216770595e8c8113dbd61b0b20f3de9e",46,5,41,201,0.108695652173913,0.203980099502488
"linear_dense_n300_t01_r0022","linear","dense","paper_adjusted",300,1000,1.1,22,131986236,"MLFDR",0.05,"ok",FALSE,0.909999999999997,"","","c365ae25a1a8fae1f4c44df6b4d72c87",90,8,82,201,0.0888888888888889,0.407960199004975
"confounded_dense_n300_t01_r0022","confounded","dense","paper_adjusted",300,1000,1.1,22,256809625,"HDMT",0.05,"ok",FALSE,0.00999999999999091,"ties should not be present for the one-sample Kolmogorov-Smirnov test","","725c9c03006ce7473ed1af1caf20f296",37,0,37,229,0,0.161572052401747
"confounded_dense_n300_t01_r0022","confounded","dense","paper_adjusted",300,1000,1.1,22,256809625,"MDACT",0.05,"ok",FALSE,0.0199999999999818,"ties should not be present for the one-sample Kolmogorov-Smirnov test","","318b96c44e226f6bf277fdc7ced383b7",45,0,45,229,0,0.196506550218341
"confounded_dense_n300_t01_r0022","confounded","dense","paper_adjusted",300,1000,1.1,22,256809625,"MLFDR",0.05,"ok",FALSE,0.310000000000002,"","","c600740d1e45a72b3fb35e6cf386f497",131,7,124,229,0.0534351145038168,0.541484716157205
"binary_dense_n300_t01_r0022","binary","dense","paper_adjusted",300,1000,1.1,22,159465729,"HDMT",0.05,"ok",FALSE,0.0199999999999818,"","","7bbf12b8b034c136593d32c3294b24fa",38,1,37,204,0.0263157894736842,0.181372549019608
"binary_dense_n300_t01_r0022","binary","dense","paper_adjusted",300,1000,1.1,22,159465729,"MDACT",0.05,"ok",FALSE,0.00999999999999091,"","","5e711fb282a38fb0a0df568d8b0d9b7c",47,3,44,204,0.0638297872340425,0.215686274509804
"binary_dense_n300_t01_r0022","binary","dense","paper_adjusted",300,1000,1.1,22,159465729,"MLFDR",0.05,"ok",FALSE,0.680000000000007,"","","d1c8ff2bbdf1bd47e9499dce5d264cc4",92,4,88,204,0.0434782608695652,0.431372549019608
"linear_sparse_n300_t02_r0022","linear","sparse","paper_adjusted",300,1000,1.5,22,220042905,"HDMT",0.05,"ok",FALSE,0.0300000000000011,"ties should not be present for the one-sample Kolmogorov-Smirnov test","","cc8c7ed9085bcec019608cd0c93fda63",11,0,11,19,0,0.578947368421053
"linear_sparse_n300_t02_r0022","linear","sparse","paper_adjusted",300,1000,1.5,22,220042905,"MDACT",0.05,"ok",FALSE,0,"ties should not be present for the one-sample Kolmogorov-Smirnov test","","b819d2dd3d5c13678d59ad5488cac6f1",13,1,12,19,0.0769230769230769,0.631578947368421
"linear_sparse_n300_t02_r0022","linear","sparse","paper_adjusted",300,1000,1.5,22,220042905,"MLFDR",0.05,"ok",FALSE,0.150000000000006,"","","0a97f6d14048464ae05797b478f2c414",16,1,15,19,0.0625,0.789473684210526
"confounded_sparse_n300_t02_r0022","confounded","sparse","paper_adjusted",300,1000,1.5,22,132576554,"HDMT",0.05,"ok",FALSE,0.0100000000000193,"ties should not be present for the one-sample Kolmogorov-Smirnov test","","ab2f7a39179124ef0d7d6afd97eb3cd2",16,0,16,27,0,0.592592592592593
"confounded_sparse_n300_t02_r0022","confounded","sparse","paper_adjusted",300,1000,1.5,22,132576554,"MDACT",0.05,"ok",FALSE,0,"ties should not be present for the one-sample Kolmogorov-Smirnov test","","a45538fd70bfce62c03bce806db792a2",6,0,6,27,0,0.222222222222222
"confounded_sparse_n300_t02_r0022","confounded","sparse","paper_adjusted",300,1000,1.5,22,132576554,"MLFDR",0.05,"ok",FALSE,0.259999999999991,"","","84f41d4b4d95f796077fe55ba0514b51",17,0,17,27,0,0.62962962962963
"binary_sparse_n300_t02_r0022","binary","sparse","paper_adjusted",300,1000,1.5,22,59381172,"HDMT",0.05,"ok",FALSE,0.0300000000000011,"","","bd1dc23a0c9e3a21316cc1487e009d62",0,0,0,14,0,0
"binary_sparse_n300_t02_r0022","binary","sparse","paper_adjusted",300,1000,1.5,22,59381172,"MDACT",0.05,"ok",FALSE,0.0199999999999818,"","","0de7e4c8f3951a1da3f78e9836390205",1,0,1,14,0,0.0714285714285714
"binary_sparse_n300_t02_r0022","binary","sparse","paper_adjusted",300,1000,1.5,22,59381172,"MLFDR",0.05,"ok",FALSE,2,"","","8f4b0dd7a25ace9cad890df42955aca1",4,0,4,14,0,0.285714285714286
"linear_dense_n300_t02_r0022","linear","dense","paper_adjusted",300,1000,1.5,22,248017382,"HDMT",0.05,"ok",FALSE,0.039999999999992,"ties should not be present for the one-sample Kolmogorov-Smirnov test","","8e22b7525b24166ae6e8f8d582c06ce6",97,2,95,194,0.0206185567010309,0.489690721649485
"linear_dense_n300_t02_r0022","linear","dense","paper_adjusted",300,1000,1.5,22,248017382,"MDACT",0.05,"ok",FALSE,0,"ties should not be present for the one-sample Kolmogorov-Smirnov test","","6de142263d29fcd0b86b31984f294058",100,4,96,194,0.04,0.494845360824742
"linear_dense_n300_t02_r0022","linear","dense","paper_adjusted",300,1000,1.5,22,248017382,"MLFDR",0.05,"ok",FALSE,0.400000000000006,"","","c238bea9cde7b87faa28d7ee57e7775a",143,4,139,194,0.027972027972028,0.716494845360825
"confounded_dense_n300_t02_r0022","confounded","dense","paper_adjusted",300,1000,1.5,22,184099911,"HDMT",0.05,"ok",FALSE,0.0300000000000011,"ties should not be present for the one-sample Kolmogorov-Smirnov test","","bfcbcdde4a889dfb7f0f23426e866b5d",135,5,130,201,0.037037037037037,0.646766169154229
"confounded_dense_n300_t02_r0022","confounded","dense","paper_adjusted",300,1000,1.5,22,184099911,"MDACT",0.05,"ok",FALSE,0.0200000000000102,"ties should not be present for the one-sample Kolmogorov-Smirnov test","","a8891822d33b032323c6ebb08ac5c55c",150,8,142,201,0.0533333333333333,0.706467661691542
"confounded_dense_n300_t02_r0022","confounded","dense","paper_adjusted",300,1000,1.5,22,184099911,"MLFDR",0.05,"ok",FALSE,0.210000000000008,"","","13a559ebdf0558f0755ec33f04ae8df4",180,14,166,201,0.0777777777777778,0.825870646766169
"binary_dense_n300_t02_r0022","binary","dense","paper_adjusted",300,1000,1.5,22,116458712,"HDMT",0.05,"ok",FALSE,0.039999999999992,"","","fc760edd20a258bb66af22d46edd272a",109,4,105,210,0.036697247706422,0.5
"binary_dense_n300_t02_r0022","binary","dense","paper_adjusted",300,1000,1.5,22,116458712,"MDACT",0.05,"ok",FALSE,0.0100000000000193,"","","a157284de01343b48808a5805253969f",111,3,108,210,0.027027027027027,0.514285714285714
"binary_dense_n300_t02_r0022","binary","dense","paper_adjusted",300,1000,1.5,22,116458712,"MLFDR",0.05,"ok",FALSE,0.219999999999999,"","","5f86c467f3a010292ff47ce230810ec8",177,9,168,210,0.0508474576271186,0.8
"linear_sparse_n300_t03_r0022","linear","sparse","paper_adjusted",300,1000,1.9,22,147998321,"HDMT",0.05,"ok",FALSE,0.0100000000000193,"ties should not be present for the one-sample Kolmogorov-Smirnov test","","41e571ac781cc700d1c3ef089928c696",7,0,7,16,0,0.4375
"linear_sparse_n300_t03_r0022","linear","sparse","paper_adjusted",300,1000,1.9,22,147998321,"MDACT",0.05,"ok",FALSE,0,"ties should not be present for the one-sample Kolmogorov-Smirnov test","","fe68748ee46d25031b38840dba0203ec",7,0,7,16,0,0.4375
"linear_sparse_n300_t03_r0022","linear","sparse","paper_adjusted",300,1000,1.9,22,147998321,"MLFDR",0.05,"ok",FALSE,0.169999999999987,"","","1cd9a133ec9dff586b786ad801445844",14,0,14,16,0,0.875
"confounded_sparse_n300_t03_r0022","confounded","sparse","paper_adjusted",300,1000,1.9,22,216013578,"HDMT",0.05,"ok",FALSE,0.0300000000000011,"ties should not be present for the one-sample Kolmogorov-Smirnov test","","ed35c459ee5b8962b6456d2cfb85ceaa",18,0,18,23,0,0.782608695652174
"confounded_sparse_n300_t03_r0022","confounded","sparse","paper_adjusted",300,1000,1.9,22,216013578,"MDACT",0.05,"ok",FALSE,0.00999999999999091,"ties should not be present for the one-sample Kolmogorov-Smirnov test","","4e9402d05d99877fe63b0f119eab6bad",19,1,18,23,0.0526315789473684,0.782608695652174
"confounded_sparse_n300_t03_r0022","confounded","sparse","paper_adjusted",300,1000,1.9,22,216013578,"MLFDR",0.05,"ok",FALSE,0.219999999999999,"","","8c111fa51f5c458be6cabceffd050c3c",20,0,20,23,0,0.869565217391304
"binary_sparse_n300_t03_r0022","binary","sparse","paper_adjusted",300,1000,1.9,22,114533426,"HDMT",0.05,"ok",FALSE,0.0200000000000102,"","","210ebdb0b339166211b947b29821df52",16,1,15,19,0.0625,0.789473684210526
"binary_sparse_n300_t03_r0022","binary","sparse","paper_adjusted",300,1000,1.9,22,114533426,"MDACT",0.05,"ok",FALSE,0,"","","7bb973baaf5ec08bc19ce0819228435a",16,1,15,19,0.0625,0.789473684210526
"binary_sparse_n300_t03_r0022","binary","sparse","paper_adjusted",300,1000,1.9,22,114533426,"MLFDR",0.05,"ok",FALSE,0.129999999999995,"","","b7fb315c015b6fb6c65d14457cfd2361",17,0,17,19,0,0.894736842105263
"linear_dense_n300_t03_r0022","linear","dense","paper_adjusted",300,1000,1.9,22,129057710,"HDMT",0.05,"ok",FALSE,0.0300000000000011,"ties should not be present for the one-sample Kolmogorov-Smirnov test","","cde2d98257554d6f7bd578c9df872dc1",199,13,186,204,0.0653266331658292,0.911764705882353
"linear_dense_n300_t03_r0022","linear","dense","paper_adjusted",300,1000,1.9,22,129057710,"MDACT",0.05,"ok",FALSE,0.0200000000000102,"ties should not be present for the one-sample Kolmogorov-Smirnov test","","623ccfa35d943ca717271aa5902dc4c7",201,13,188,204,0.0646766169154229,0.92156862745098
"linear_dense_n300_t03_r0022","linear","dense","paper_adjusted",300,1000,1.9,22,129057710,"MLFDR",0.05,"ok",FALSE,0.189999999999998,"","","68e66b0954c171c9dd87766aa2c4a83c",213,14,199,204,0.0657276995305164,0.975490196078431
"confounded_dense_n300_t03_r0022","confounded","dense","paper_adjusted",300,1000,1.9,22,96545619,"HDMT",0.05,"ok",FALSE,0.039999999999992,"ties should not be present for the one-sample Kolmogorov-Smirnov test","","e100d1436cd99f34c65c95311d429d45",194,9,185,197,0.0463917525773196,0.939086294416244
"confounded_dense_n300_t03_r0022","confounded","dense","paper_adjusted",300,1000,1.9,22,96545619,"MDACT",0.05,"ok",FALSE,0.0199999999999818,"ties should not be present for the one-sample Kolmogorov-Smirnov test","","a2bb14dccb3657f953985c11e3db03f8",197,10,187,197,0.050761421319797,0.949238578680203
"confounded_dense_n300_t03_r0022","confounded","dense","paper_adjusted",300,1000,1.9,22,96545619,"MLFDR",0.05,"ok",FALSE,0.0999999999999943,"","","7a0c8bec2a59ce2e793a8f51e9315a6a",206,10,196,197,0.0485436893203883,0.99492385786802
"binary_dense_n300_t03_r0022","binary","dense","paper_adjusted",300,1000,1.9,22,9867069,"HDMT",0.05,"ok",FALSE,0.0100000000000193,"","","f4e9f96cd2af9bc4306c8d41a0f4fffa",133,4,129,181,0.0300751879699248,0.712707182320442
"binary_dense_n300_t03_r0022","binary","dense","paper_adjusted",300,1000,1.9,22,9867069,"MDACT",0.05,"ok",FALSE,0.0100000000000193,"","","7893858de56f14db16b2d3fdc1123ecc",138,5,133,181,0.036231884057971,0.734806629834254
"binary_dense_n300_t03_r0022","binary","dense","paper_adjusted",300,1000,1.9,22,9867069,"MLFDR",0.05,"ok",FALSE,0.189999999999998,"","","1afbf22b68e79700f3bd085a198d62fb",172,8,164,181,0.0465116279069767,0.906077348066298
"linear_sparse_n300_t01_r0023","linear","sparse","paper_adjusted",300,1000,1.1,23,213028681,"HDMT",0.05,"ok",FALSE,0.0300000000000011,"ties should not be present for the one-sample Kolmogorov-Smirnov test","","219e06ece091a2c1be4fd0c9697e819b",2,0,2,24,0,0.0833333333333333
"linear_sparse_n300_t01_r0023","linear","sparse","paper_adjusted",300,1000,1.1,23,213028681,"MDACT",0.05,"ok",FALSE,0.0200000000000102,"ties should not be present for the one-sample Kolmogorov-Smirnov test","","48204405a84b81c416920bab2357a704",2,0,2,24,0,0.0833333333333333
"linear_sparse_n300_t01_r0023","linear","sparse","paper_adjusted",300,1000,1.1,23,213028681,"MLFDR",0.05,"ok",FALSE,0.280000000000001,"","","fc4112e5a91589fce384a13da80f4e06",16,1,15,24,0.0625,0.625
"confounded_sparse_n300_t01_r0023","confounded","sparse","paper_adjusted",300,1000,1.1,23,195060128,"HDMT",0.05,"ok",FALSE,0.00999999999999091,"ties should not be present for the one-sample Kolmogorov-Smirnov test","","8f2f70a9d9f9c0c54ce7c7ce37f7d895",0,0,0,13,0,0
"confounded_sparse_n300_t01_r0023","confounded","sparse","paper_adjusted",300,1000,1.1,23,195060128,"MDACT",0.05,"ok",FALSE,0,"ties should not be present for the one-sample Kolmogorov-Smirnov test","","aaa90ad206b1abd062e95c99f2c648ec",0,0,0,13,0,0
"confounded_sparse_n300_t01_r0023","confounded","sparse","paper_adjusted",300,1000,1.1,23,195060128,"MLFDR",0.05,"ok",FALSE,2.44999999999999,"","","ded0ada55deb7cc5add180cfcfa81f7e",0,0,0,13,0,0
"binary_sparse_n300_t01_r0023","binary","sparse","paper_adjusted",300,1000,1.1,23,220529869,"HDMT",0.05,"ok",FALSE,0.0300000000000011,"","","b5266db8b8b87681d3078b3ee2eda658",6,0,6,32,0,0.1875
"binary_sparse_n300_t01_r0023","binary","sparse","paper_adjusted",300,1000,1.1,23,220529869,"MDACT",0.05,"ok",FALSE,0.0200000000000102,"","","f0423f489fd6391716b3bf98eafeeca7",10,1,9,32,0.1,0.28125
"binary_sparse_n300_t01_r0023","binary","sparse","paper_adjusted",300,1000,1.1,23,220529869,"MLFDR",0.05,"ok",FALSE,0.370000000000005,"","","77a2ddc7a3bb122aa0fad03a407cc6d7",16,1,15,32,0.0625,0.46875
"linear_dense_n300_t01_r0023","linear","dense","paper_adjusted",300,1000,1.1,23,175522884,"HDMT",0.05,"ok",FALSE,0.0300000000000011,"ties should not be present for the one-sample Kolmogorov-Smirnov test","","6b797bea0b6d4eb9e6f08e8393ea6fc3",20,0,20,186,0,0.10752688172043
"linear_dense_n300_t01_r0023","linear","dense","paper_adjusted",300,1000,1.1,23,175522884,"MDACT",0.05,"ok",FALSE,0.0200000000000102,"ties should not be present for the one-sample Kolmogorov-Smirnov test","","fdb720b599790cc486fbaed806491fc7",32,0,32,186,0,0.172043010752688
"linear_dense_n300_t01_r0023","linear","dense","paper_adjusted",300,1000,1.1,23,175522884,"MLFDR",0.05,"ok",FALSE,0.390000000000015,"","","80d03f7ff8542b2e401baa2ead532b28",78,5,73,186,0.0641025641025641,0.39247311827957
"confounded_dense_n300_t01_r0023","confounded","dense","paper_adjusted",300,1000,1.1,23,215367412,"HDMT",0.05,"ok",FALSE,0.039999999999992,"ties should not be present for the one-sample Kolmogorov-Smirnov test","","558f23c581907a6e9fa956611820e189",51,3,48,188,0.0588235294117647,0.25531914893617
"confounded_dense_n300_t01_r0023","confounded","dense","paper_adjusted",300,1000,1.1,23,215367412,"MDACT",0.05,"ok",FALSE,0.0199999999999818,"ties should not be present for the one-sample Kolmogorov-Smirnov test","","cb9aaa9f0cd1edd4677ee812cd8e7024",59,4,55,188,0.0677966101694915,0.292553191489362
"confounded_dense_n300_t01_r0023","confounded","dense","paper_adjusted",300,1000,1.1,23,215367412,"MLFDR",0.05,"ok",FALSE,0.599999999999994,"","","3e3d8a5c4fd5ef1c47b3e54e119b1db9",98,2,96,188,0.0204081632653061,0.51063829787234
"binary_dense_n300_t01_r0023","binary","dense","paper_adjusted",300,1000,1.1,23,256200164,"HDMT",0.05,"ok",FALSE,0.0300000000000011,"","","d164c1a7f74c3fbae8f76ea2595ef596",15,0,15,216,0,0.0694444444444444
"binary_dense_n300_t01_r0023","binary","dense","paper_adjusted",300,1000,1.1,23,256200164,"MDACT",0.05,"ok",FALSE,0,"","","24c74af8cd4dc54102068a8885074c89",48,0,48,216,0,0.222222222222222
"binary_dense_n300_t01_r0023","binary","dense","paper_adjusted",300,1000,1.1,23,256200164,"MLFDR",0.05,"ok",FALSE,0.370000000000005,"","","3c415106f63dace2d7544e3e2449342b",107,1,106,216,0.00934579439252336,0.490740740740741
"linear_sparse_n300_t02_r0023","linear","sparse","paper_adjusted",300,1000,1.5,23,117918929,"HDMT",0.05,"ok",FALSE,0.0199999999999818,"ties should not be present for the one-sample Kolmogorov-Smirnov test","","c5e32786ac5fe72d42d3810f907fc654",12,0,12,19,0,0.631578947368421
"linear_sparse_n300_t02_r0023","linear","sparse","paper_adjusted",300,1000,1.5,23,117918929,"MDACT",0.05,"ok",FALSE,0.0200000000000102,"ties should not be present for the one-sample Kolmogorov-Smirnov test","","03ccf849975f78ebab7a280bf8d7ee09",12,0,12,19,0,0.631578947368421
"linear_sparse_n300_t02_r0023","linear","sparse","paper_adjusted",300,1000,1.5,23,117918929,"MLFDR",0.05,"ok",FALSE,0.300000000000011,"","","d886f42e8d2109f4234471c90535fa5f",13,0,13,19,0,0.684210526315789
"confounded_sparse_n300_t02_r0023","confounded","sparse","paper_adjusted",300,1000,1.5,23,158787524,"HDMT",0.05,"ok",FALSE,0.0199999999999818,"ties should not be present for the one-sample Kolmogorov-Smirnov test","","496373345b1ac9577f773567520bee31",5,1,4,13,0.2,0.307692307692308
"confounded_sparse_n300_t02_r0023","confounded","sparse","paper_adjusted",300,1000,1.5,23,158787524,"MDACT",0.05,"ok",FALSE,0,"ties should not be present for the one-sample Kolmogorov-Smirnov test","","8a2ff366ad8aeaa50206fa4025c5ab78",3,0,3,13,0,0.230769230769231
"confounded_sparse_n300_t02_r0023","confounded","sparse","paper_adjusted",300,1000,1.5,23,158787524,"MLFDR",0.05,"ok",FALSE,0.429999999999978,"","","5aec307961f7b86b11b5d15533ee8ff5",9,0,9,13,0,0.692307692307692
"binary_sparse_n300_t02_r0023","binary","sparse","paper_adjusted",300,1000,1.5,23,152171911,"HDMT",0.05,"ok",FALSE,0.00999999999999091,"","","8c2a43b0a4fa02b0e54fc2be312d0372",14,0,14,23,0,0.608695652173913
"binary_sparse_n300_t02_r0023","binary","sparse","paper_adjusted",300,1000,1.5,23,152171911,"MDACT",0.05,"ok",FALSE,0.0199999999999818,"","","dd110df78b201a29abf9f97c2a305ec7",14,0,14,23,0,0.608695652173913
"binary_sparse_n300_t02_r0023","binary","sparse","paper_adjusted",300,1000,1.5,23,152171911,"MLFDR",0.05,"ok",FALSE,0.169999999999987,"","","3a2cc31f352d8b55d3d0362fbf2d531d",17,0,17,23,0,0.739130434782609
"linear_dense_n300_t02_r0023","linear","dense","paper_adjusted",300,1000,1.5,23,85100619,"HDMT",0.05,"ok",FALSE,0.0300000000000011,"ties should not be present for the one-sample Kolmogorov-Smirnov test","","c10db26e7e7d70f6269888b5be7f37fb",101,2,99,175,0.0198019801980198,0.565714285714286
"linear_dense_n300_t02_r0023","linear","dense","paper_adjusted",300,1000,1.5,23,85100619,"MDACT",0.05,"ok",FALSE,0,"ties should not be present for the one-sample Kolmogorov-Smirnov test","","a56badffdfeeb36363ac886e73d81bb7",109,3,106,175,0.0275229357798165,0.605714285714286
"linear_dense_n300_t02_r0023","linear","dense","paper_adjusted",300,1000,1.5,23,85100619,"MLFDR",0.05,"ok",FALSE,0.389999999999986,"","","589a9afe81af388986b6d46599aada14",142,5,137,175,0.0352112676056338,0.782857142857143
"confounded_dense_n300_t02_r0023","confounded","dense","paper_adjusted",300,1000,1.5,23,230475886,"HDMT",0.05,"ok",FALSE,0.0200000000000102,"ties should not be present for the one-sample Kolmogorov-Smirnov test","","ce77b04015796a09eb4c9f44058a9e2b",67,0,67,191,0,0.350785340314136
"confounded_dense_n300_t02_r0023","confounded","dense","paper_adjusted",300,1000,1.5,23,230475886,"MDACT",0.05,"ok",FALSE,0,"ties should not be present for the one-sample Kolmogorov-Smirnov test","","b45bae15f54917fe76dab44b8ef9fa4f",82,3,79,191,0.0365853658536585,0.413612565445026
"confounded_dense_n300_t02_r0023","confounded","dense","paper_adjusted",300,1000,1.5,23,230475886,"MLFDR",0.05,"ok",FALSE,0.280000000000001,"","","9b43d07f51884179d591b97ae380c7c0",128,5,123,191,0.0390625,0.643979057591623
"binary_dense_n300_t02_r0023","binary","dense","paper_adjusted",300,1000,1.5,23,31183241,"HDMT",0.05,"ok",FALSE,0.0300000000000011,"","","ef31be154c52857d42e33efe8582daf7",103,1,102,182,0.00970873786407767,0.56043956043956
"binary_dense_n300_t02_r0023","binary","dense","paper_adjusted",300,1000,1.5,23,31183241,"MDACT",0.05,"ok",FALSE,0.0199999999999818,"","","4b72bc823c280d96d06c87ecdb37b498",121,1,120,182,0.00826446280991736,0.659340659340659
"binary_dense_n300_t02_r0023","binary","dense","paper_adjusted",300,1000,1.5,23,31183241,"MLFDR",0.05,"ok",FALSE,0.25,"","","28d1436aa50d66ad202bbf54c1dc7bf4",151,4,147,182,0.0264900662251656,0.807692307692308
"linear_sparse_n300_t03_r0023","linear","sparse","paper_adjusted",300,1000,1.9,23,48911223,"HDMT",0.05,"ok",FALSE,0.0499999999999829,"ties should not be present for the one-sample Kolmogorov-Smirnov test","","513bd575f3330e8d452eb55c1a8c0476",17,0,17,26,0,0.653846153846154
"linear_sparse_n300_t03_r0023","linear","sparse","paper_adjusted",300,1000,1.9,23,48911223,"MDACT",0.05,"ok",FALSE,0,"ties should not be present for the one-sample Kolmogorov-Smirnov test","","4cbbbe2a673b15b699155122d1dbf01b",18,0,18,26,0,0.692307692307692
"linear_sparse_n300_t03_r0023","linear","sparse","paper_adjusted",300,1000,1.9,23,48911223,"MLFDR",0.05,"ok",FALSE,0.739999999999981,"","","ecbabd33e8d17a6c1983ff1dd0aabc96",24,1,23,26,0.0416666666666667,0.884615384615385
"confounded_sparse_n300_t03_r0023","confounded","sparse","paper_adjusted",300,1000,1.9,23,87004203,"HDMT",0.05,"ok",FALSE,0.00999999999999091,"ties should not be present for the one-sample Kolmogorov-Smirnov test","","d5f6ca556f9a70fcfd0a943e7c305f99",19,1,18,20,0.0526315789473684,0.9
"confounded_sparse_n300_t03_r0023","confounded","sparse","paper_adjusted",300,1000,1.9,23,87004203,"MDACT",0.05,"ok",FALSE,0,"ties should not be present for the one-sample Kolmogorov-Smirnov test","","0596ebe31a8ec04157e151f1fe1dc385",20,2,18,20,0.1,0.9
"confounded_sparse_n300_t03_r0023","confounded","sparse","paper_adjusted",300,1000,1.9,23,87004203,"MLFDR",0.05,"ok",FALSE,0.260000000000019,"","","118e675515accb9e52d13b707e7ad9b3",24,5,19,20,0.208333333333333,0.95
"binary_sparse_n300_t03_r0023","binary","sparse","paper_adjusted",300,1000,1.9,23,52099003,"HDMT",0.05,"ok",FALSE,0.0200000000000102,"","","311b2d74a6f97824d2c7a92b4fc93f7a",16,0,16,21,0,0.761904761904762
"binary_sparse_n300_t03_r0023","binary","sparse","paper_adjusted",300,1000,1.9,23,52099003,"MDACT",0.05,"ok",FALSE,0,"","","1fbaa54d0a8a8c55282e218389c7f72a",16,0,16,21,0,0.761904761904762
"binary_sparse_n300_t03_r0023","binary","sparse","paper_adjusted",300,1000,1.9,23,52099003,"MLFDR",0.05,"ok",FALSE,0.109999999999985,"","","da6349382513be035b0ec6aa6b99eeda",17,1,16,21,0.0588235294117647,0.761904761904762
"linear_dense_n300_t03_r0023","linear","dense","paper_adjusted",300,1000,1.9,23,183683325,"HDMT",0.05,"ok",FALSE,0.0300000000000011,"ties should not be present for the one-sample Kolmogorov-Smirnov test","","3ced5ce6d7411243200423f5a3429481",192,11,181,209,0.0572916666666667,0.866028708133971
"linear_dense_n300_t03_r0023","linear","dense","paper_adjusted",300,1000,1.9,23,183683325,"MDACT",0.05,"ok",FALSE,0,"ties should not be present for the one-sample Kolmogorov-Smirnov test","","69b44ea9be03094d310a790900181972",188,11,177,209,0.0585106382978723,0.84688995215311
"linear_dense_n300_t03_r0023","linear","dense","paper_adjusted",300,1000,1.9,23,183683325,"MLFDR",0.05,"ok",FALSE,0.189999999999998,"","","06988d769274ddc10c0a61c9fbfb3037",211,12,199,209,0.0568720379146919,0.952153110047847
"confounded_dense_n300_t03_r0023","confounded","dense","paper_adjusted",300,1000,1.9,23,100208925,"HDMT",0.05,"ok",FALSE,0.0300000000000011,"ties should not be present for the one-sample Kolmogorov-Smirnov test","","25f1d5e013acf0d8a7142a2fc24ccb23",186,7,179,197,0.0376344086021505,0.908629441624365
"confounded_dense_n300_t03_r0023","confounded","dense","paper_adjusted",300,1000,1.9,23,100208925,"MDACT",0.05,"ok",FALSE,0.0100000000000193,"ties should not be present for the one-sample Kolmogorov-Smirnov test","","e61d2d535c486ec8d453196287518d34",185,6,179,197,0.0324324324324324,0.908629441624365
"confounded_dense_n300_t03_r0023","confounded","dense","paper_adjusted",300,1000,1.9,23,100208925,"MLFDR",0.05,"ok",FALSE,0.170000000000016,"","","7a749718921733483a9b3638b1bfb875",200,11,189,197,0.055,0.959390862944162
"binary_dense_n300_t03_r0023","binary","dense","paper_adjusted",300,1000,1.9,23,183802138,"HDMT",0.05,"ok",FALSE,0.00999999999999091,"","","76fc68bc0d1e8ba807018124c962b62c",170,7,163,186,0.0411764705882353,0.876344086021505
"binary_dense_n300_t03_r0023","binary","dense","paper_adjusted",300,1000,1.9,23,183802138,"MDACT",0.05,"ok",FALSE,0,"","","666a1c4b235d01415705809896b4fecc",179,8,171,186,0.0446927374301676,0.919354838709677
"binary_dense_n300_t03_r0023","binary","dense","paper_adjusted",300,1000,1.9,23,183802138,"MLFDR",0.05,"ok",FALSE,0.180000000000007,"","","4ab0e41b54b9deef01549f555be6f29a",190,11,179,186,0.0578947368421053,0.962365591397849
"linear_sparse_n300_t01_r0024","linear","sparse","paper_adjusted",300,1000,1.1,24,92157029,"HDMT",0.05,"ok",FALSE,0.0300000000000011,"ties should not be present for the one-sample Kolmogorov-Smirnov test","","b781cc861fe8dcfa462aa8baa9a27d6a",2,0,2,16,0,0.125
"linear_sparse_n300_t01_r0024","linear","sparse","paper_adjusted",300,1000,1.1,24,92157029,"MDACT",0.05,"ok",FALSE,0.0200000000000102,"ties should not be present for the one-sample Kolmogorov-Smirnov test","","3e7e4201b2a8df39711e51399ef4fb6d",2,0,2,16,0,0.125
"linear_sparse_n300_t01_r0024","linear","sparse","paper_adjusted",300,1000,1.1,24,92157029,"MLFDR",0.05,"ok",FALSE,1.93000000000001,"","","2b68aead9364b6859de8ec0fcae5e71a",3,0,3,16,0,0.1875
"confounded_sparse_n300_t01_r0024","confounded","sparse","paper_adjusted",300,1000,1.1,24,112243266,"HDMT",0.05,"ok",FALSE,0.0300000000000011,"ties should not be present for the one-sample Kolmogorov-Smirnov test","","3dd685bf3f5cb679e83b9c54c593b56f",1,0,1,11,0,0.0909090909090909
"confounded_sparse_n300_t01_r0024","confounded","sparse","paper_adjusted",300,1000,1.1,24,112243266,"MDACT",0.05,"ok",FALSE,0,"ties should not be present for the one-sample Kolmogorov-Smirnov test","","feed7b52dcda87eef8942e3c2c38bc1c",1,0,1,11,0,0.0909090909090909
"confounded_sparse_n300_t01_r0024","confounded","sparse","paper_adjusted",300,1000,1.1,24,112243266,"MLFDR",0.05,"ok",FALSE,0.420000000000016,"","","abc78bdaff0d7f51a080ec84e6fb6f38",5,0,5,11,0,0.454545454545455
"binary_sparse_n300_t01_r0024","binary","sparse","paper_adjusted",300,1000,1.1,24,93442045,"HDMT",0.05,"ok",FALSE,0.0300000000000011,"","","19d428a02316ff3395bff4afe9766ad8",0,0,0,27,0,0
"binary_sparse_n300_t01_r0024","binary","sparse","paper_adjusted",300,1000,1.1,24,93442045,"MDACT",0.05,"ok",FALSE,0,"","","5ed0e85575ffec94d5be3667fe1d6f62",1,0,1,27,0,0.037037037037037
"binary_sparse_n300_t01_r0024","binary","sparse","paper_adjusted",300,1000,1.1,24,93442045,"MLFDR",0.05,"ok",FALSE,0.52000000000001,"","","4eadf24b84c5641aab698317fb62d1a6",6,1,5,27,0.166666666666667,0.185185185185185
"linear_dense_n300_t01_r0024","linear","dense","paper_adjusted",300,1000,1.1,24,189344127,"HDMT",0.05,"ok",FALSE,0.0300000000000011,"ties should not be present for the one-sample Kolmogorov-Smirnov test","","a58b5df7845983bcf9f8ce3e268d310b",64,1,63,183,0.015625,0.344262295081967
"linear_dense_n300_t01_r0024","linear","dense","paper_adjusted",300,1000,1.1,24,189344127,"MDACT",0.05,"ok",FALSE,0,"ties should not be present for the one-sample Kolmogorov-Smirnov test","","2bc9cde8a4088cf569699eb164e9523d",72,2,70,183,0.0277777777777778,0.382513661202186
"linear_dense_n300_t01_r0024","linear","dense","paper_adjusted",300,1000,1.1,24,189344127,"MLFDR",0.05,"ok",FALSE,0.560000000000002,"","","b4fb1b240e80137c5c3a881b07d8f95c",115,4,111,183,0.0347826086956522,0.60655737704918
"confounded_dense_n300_t01_r0024","confounded","dense","paper_adjusted",300,1000,1.1,24,10978499,"HDMT",0.05,"ok",FALSE,0.0200000000000102,"ties should not be present for the one-sample Kolmogorov-Smirnov test","","772b0d9ac43769bd163da53b1eeaa149",67,3,64,199,0.0447761194029851,0.321608040201005
"confounded_dense_n300_t01_r0024","confounded","dense","paper_adjusted",300,1000,1.1,24,10978499,"MDACT",0.05,"ok",FALSE,0,"ties should not be present for the one-sample Kolmogorov-Smirnov test","","a99bb1cabac156fcb71fafdf4abb7323",82,3,79,199,0.0365853658536585,0.396984924623116
"confounded_dense_n300_t01_r0024","confounded","dense","paper_adjusted",300,1000,1.1,24,10978499,"MLFDR",0.05,"ok",FALSE,0.389999999999986,"","","cd5e17c8d0c4d8b6b9b112a589e7b176",135,6,129,199,0.0444444444444444,0.648241206030151
"binary_dense_n300_t01_r0024","binary","dense","paper_adjusted",300,1000,1.1,24,152670336,"HDMT",0.05,"ok",FALSE,0.0300000000000011,"","","5bd7f8cef96aeadc22fb066e6a1b5769",63,2,61,203,0.0317460317460317,0.300492610837438
"binary_dense_n300_t01_r0024","binary","dense","paper_adjusted",300,1000,1.1,24,152670336,"MDACT",0.05,"ok",FALSE,0.0200000000000102,"","","b1154720a6f59e33d6da2f52230fc6ed",84,5,79,203,0.0595238095238095,0.389162561576355
"binary_dense_n300_t01_r0024","binary","dense","paper_adjusted",300,1000,1.1,24,152670336,"MLFDR",0.05,"ok",FALSE,0.400000000000006,"","","d691a77b75e5c6f9a97ee84e03fe289f",111,6,105,203,0.0540540540540541,0.517241379310345
"linear_sparse_n300_t02_r0024","linear","sparse","paper_adjusted",300,1000,1.5,24,203064462,"HDMT",0.05,"ok",FALSE,0.0300000000000011,"ties should not be present for the one-sample Kolmogorov-Smirnov test","","7387bd5f18ee92479a15a75e43e136c8",12,0,12,19,0,0.631578947368421
"linear_sparse_n300_t02_r0024","linear","sparse","paper_adjusted",300,1000,1.5,24,203064462,"MDACT",0.05,"ok",FALSE,0.0200000000000102,"ties should not be present for the one-sample Kolmogorov-Smirnov test","","e08a3f8cc38bb7d6799513bc67ae8ca9",12,0,12,19,0,0.631578947368421
"linear_sparse_n300_t02_r0024","linear","sparse","paper_adjusted",300,1000,1.5,24,203064462,"MLFDR",0.05,"ok",FALSE,0.610000000000014,"","","ac57f6a0d4abfcb0280c77eba8fed84c",14,0,14,19,0,0.736842105263158
"confounded_sparse_n300_t02_r0024","confounded","sparse","paper_adjusted",300,1000,1.5,24,55430310,"HDMT",0.05,"ok",FALSE,0.00999999999999091,"ties should not be present for the one-sample Kolmogorov-Smirnov test","","400cc40490dcfbd63e94c72acdfd4ccf",16,0,16,27,0,0.592592592592593
"confounded_sparse_n300_t02_r0024","confounded","sparse","paper_adjusted",300,1000,1.5,24,55430310,"MDACT",0.05,"ok",FALSE,0,"ties should not be present for the one-sample Kolmogorov-Smirnov test","","4d6b9ae7bc7208af8c0b15013c6c365b",20,0,20,27,0,0.740740740740741
"confounded_sparse_n300_t02_r0024","confounded","sparse","paper_adjusted",300,1000,1.5,24,55430310,"MLFDR",0.05,"ok",FALSE,0.210000000000008,"","","5ff233d0453c266ed217ac4a653e8d8a",26,1,25,27,0.0384615384615385,0.925925925925926
"binary_sparse_n300_t02_r0024","binary","sparse","paper_adjusted",300,1000,1.5,24,210901604,"HDMT",0.05,"ok",FALSE,0.0300000000000011,"","","327d377eff338779f24bba352a7dd683",7,0,7,17,0,0.411764705882353
"binary_sparse_n300_t02_r0024","binary","sparse","paper_adjusted",300,1000,1.5,24,210901604,"MDACT",0.05,"ok",FALSE,0.0100000000000193,"","","6aaebe6b5d1e7fa6c211c76efb9858c7",7,0,7,17,0,0.411764705882353
"binary_sparse_n300_t02_r0024","binary","sparse","paper_adjusted",300,1000,1.5,24,210901604,"MLFDR",0.05,"ok",FALSE,1.01000000000002,"","","e24c9957b07daf822b496ef8ce0cc485",8,0,8,17,0,0.470588235294118
"linear_dense_n300_t02_r0024","linear","dense","paper_adjusted",300,1000,1.5,24,226585404,"HDMT",0.05,"ok",FALSE,0.0100000000000193,"ties should not be present for the one-sample Kolmogorov-Smirnov test","","874ac47464b6d695da45264aeb865a65",150,5,145,212,0.0333333333333333,0.683962264150943
"linear_dense_n300_t02_r0024","linear","dense","paper_adjusted",300,1000,1.5,24,226585404,"MDACT",0.05,"ok",FALSE,0.00999999999999091,"ties should not be present for the one-sample Kolmogorov-Smirnov test","","1ee7bc9e74f23a5cc0a11b010963995c",156,4,152,212,0.0256410256410256,0.716981132075472
"linear_dense_n300_t02_r0024","linear","dense","paper_adjusted",300,1000,1.5,24,226585404,"MLFDR",0.05,"ok",FALSE,0.219999999999999,"","","a5651e23daa7f3e4cf90cadb61eaf4f5",189,3,186,212,0.0158730158730159,0.877358490566038
"confounded_dense_n300_t02_r0024","confounded","dense","paper_adjusted",300,1000,1.5,24,225791278,"HDMT",0.05,"ok",FALSE,0.00999999999999091,"ties should not be present for the one-sample Kolmogorov-Smirnov test","","5c6697ddb0945fab132163c03dc6df29",112,4,108,186,0.0357142857142857,0.580645161290323
"confounded_dense_n300_t02_r0024","confounded","dense","paper_adjusted",300,1000,1.5,24,225791278,"MDACT",0.05,"ok",FALSE,0,"ties should not be present for the one-sample Kolmogorov-Smirnov test","","efeb387b3acbc268af3b7f8556e6ff78",126,5,121,186,0.0396825396825397,0.650537634408602
"confounded_dense_n300_t02_r0024","confounded","dense","paper_adjusted",300,1000,1.5,24,225791278,"MLFDR",0.05,"ok",FALSE,0.29000000000002,"","","970e6aba61c823409550435e3d44ee23",160,6,154,186,0.0375,0.827956989247312
"binary_dense_n300_t02_r0024","binary","dense","paper_adjusted",300,1000,1.5,24,102278567,"HDMT",0.05,"ok",FALSE,0.0300000000000011,"","","d0c50df76f47c01b50aded8b625109d1",163,6,157,219,0.0368098159509202,0.71689497716895
"binary_dense_n300_t02_r0024","binary","dense","paper_adjusted",300,1000,1.5,24,102278567,"MDACT",0.05,"ok",FALSE,0.0199999999999818,"","","69a52ecd0c9e0b634a1f51baa7091285",167,6,161,219,0.0359281437125748,0.735159817351598
"binary_dense_n300_t02_r0024","binary","dense","paper_adjusted",300,1000,1.5,24,102278567,"MLFDR",0.05,"ok",FALSE,0.299999999999983,"","","3526be63caa5ff4f11ae1ed71053bcaf",201,10,191,219,0.0497512437810945,0.872146118721461
"linear_sparse_n300_t03_r0024","linear","sparse","paper_adjusted",300,1000,1.9,24,87409436,"HDMT",0.05,"ok",FALSE,0.039999999999992,"ties should not be present for the one-sample Kolmogorov-Smirnov test","","165d64fc744b0637ac222cbe743e2982",22,1,21,22,0.0454545454545455,0.954545454545455
"linear_sparse_n300_t03_r0024","linear","sparse","paper_adjusted",300,1000,1.9,24,87409436,"MDACT",0.05,"ok",FALSE,0.0199999999999818,"ties should not be present for the one-sample Kolmogorov-Smirnov test","","80091cf604b54ca67be1ed2af6a95cb8",22,1,21,22,0.0454545454545455,0.954545454545455
"linear_sparse_n300_t03_r0024","linear","sparse","paper_adjusted",300,1000,1.9,24,87409436,"MLFDR",0.05,"ok",FALSE,0.300000000000011,"","","5605b386a15ea5ec9bee65eb595fc3fc",25,3,22,22,0.12,1
"confounded_sparse_n300_t03_r0024","confounded","sparse","paper_adjusted",300,1000,1.9,24,134960989,"HDMT",0.05,"ok",FALSE,0.0499999999999829,"ties should not be present for the one-sample Kolmogorov-Smirnov test","","c00a9ef34989630173ff9b98e407eeeb",14,2,12,17,0.142857142857143,0.705882352941177
"confounded_sparse_n300_t03_r0024","confounded","sparse","paper_adjusted",300,1000,1.9,24,134960989,"MDACT",0.05,"ok",FALSE,0.0199999999999818,"ties should not be present for the one-sample Kolmogorov-Smirnov test","","0ca8c6e2e2fb0072ad0d6f9b1343bf34",15,2,13,17,0.133333333333333,0.764705882352941
"confounded_sparse_n300_t03_r0024","confounded","sparse","paper_adjusted",300,1000,1.9,24,134960989,"MLFDR",0.05,"ok",FALSE,0.429999999999978,"","","2ab4f269e9e0d558732408b925a5795b",15,1,14,17,0.0666666666666667,0.823529411764706
"binary_sparse_n300_t03_r0024","binary","sparse","paper_adjusted",300,1000,1.9,24,121706324,"HDMT",0.05,"ok",FALSE,0.0300000000000011,"","","c1f39eae3cb8d5e113e41b9ee1b9ed86",14,1,13,17,0.0714285714285714,0.764705882352941
"binary_sparse_n300_t03_r0024","binary","sparse","paper_adjusted",300,1000,1.9,24,121706324,"MDACT",0.05,"ok",FALSE,0.00999999999999091,"","","aadd40e113e8c9793bdf067687d4d616",14,1,13,17,0.0714285714285714,0.764705882352941
"binary_sparse_n300_t03_r0024","binary","sparse","paper_adjusted",300,1000,1.9,24,121706324,"MLFDR",0.05,"ok",FALSE,0.139999999999986,"","","8e8879aa4b8ff6d9f350ea7c1e3d95cb",15,0,15,17,0,0.882352941176471
"linear_dense_n300_t03_r0024","linear","dense","paper_adjusted",300,1000,1.9,24,57856978,"HDMT",0.05,"ok",FALSE,0.0200000000000102,"ties should not be present for the one-sample Kolmogorov-Smirnov test","","9469670013933f0e186d97fda8965051",188,6,182,207,0.0319148936170213,0.879227053140097
"linear_dense_n300_t03_r0024","linear","dense","paper_adjusted",300,1000,1.9,24,57856978,"MDACT",0.05,"ok",FALSE,0.0199999999999818,"ties should not be present for the one-sample Kolmogorov-Smirnov test","","73d3dd007362130cac5a3e6458c74910",192,10,182,207,0.0520833333333333,0.879227053140097
"linear_dense_n300_t03_r0024","linear","dense","paper_adjusted",300,1000,1.9,24,57856978,"MLFDR",0.05,"ok",FALSE,0.189999999999998,"","","2cf112d1b8bf97cea55477635d75b61c",212,12,200,207,0.0566037735849057,0.966183574879227
"confounded_dense_n300_t03_r0024","confounded","dense","paper_adjusted",300,1000,1.9,24,113237663,"HDMT",0.05,"ok",FALSE,0.0300000000000011,"ties should not be present for the one-sample Kolmogorov-Smirnov test","","66127813b28c0528e673f7fd9d7be559",174,4,170,202,0.0229885057471264,0.841584158415842
"confounded_dense_n300_t03_r0024","confounded","dense","paper_adjusted",300,1000,1.9,24,113237663,"MDACT",0.05,"ok",FALSE,0.0100000000000193,"ties should not be present for the one-sample Kolmogorov-Smirnov test","","41aae809394807c8698d29282711eedb",174,4,170,202,0.0229885057471264,0.841584158415842
"confounded_dense_n300_t03_r0024","confounded","dense","paper_adjusted",300,1000,1.9,24,113237663,"MLFDR",0.05,"ok",FALSE,0.230000000000018,"","","41134a638d561450d24a8fceaca729e3",200,6,194,202,0.03,0.96039603960396
"binary_dense_n300_t03_r0024","binary","dense","paper_adjusted",300,1000,1.9,24,85493709,"HDMT",0.05,"ok",FALSE,0.0100000000000193,"","","bfa9843266d3f6b3771bec539131db38",166,5,161,183,0.0301204819277108,0.879781420765027
"binary_dense_n300_t03_r0024","binary","dense","paper_adjusted",300,1000,1.9,24,85493709,"MDACT",0.05,"ok",FALSE,0,"","","387af226da9bc05539d272b61036fe94",174,9,165,183,0.0517241379310345,0.901639344262295
"binary_dense_n300_t03_r0024","binary","dense","paper_adjusted",300,1000,1.9,24,85493709,"MLFDR",0.05,"ok",FALSE,0.150000000000006,"","","2b9fddb94cc091a33cd43b53f5b7575e",188,9,179,183,0.0478723404255319,0.978142076502732
"linear_sparse_n300_t01_r0025","linear","sparse","paper_adjusted",300,1000,1.1,25,70174190,"HDMT",0.05,"ok",FALSE,0.0200000000000102,"ties should not be present for the one-sample Kolmogorov-Smirnov test","","86156eed7f4604f30982510432e93839",0,0,0,14,0,0
"linear_sparse_n300_t01_r0025","linear","sparse","paper_adjusted",300,1000,1.1,25,70174190,"MDACT",0.05,"ok",FALSE,0.0100000000000193,"ties should not be present for the one-sample Kolmogorov-Smirnov test","","07874163319e7fd6531efa54cf3a9387",0,0,0,14,0,0
"linear_sparse_n300_t01_r0025","linear","sparse","paper_adjusted",300,1000,1.1,25,70174190,"MLFDR",0.05,"ok",FALSE,0.689999999999998,"","","3a68afb060d0ab1dfa7d3b6f29cf9a45",0,0,0,14,0,0
"confounded_sparse_n300_t01_r0025","confounded","sparse","paper_adjusted",300,1000,1.1,25,213536935,"HDMT",0.05,"ok",FALSE,0.0300000000000011,"ties should not be present for the one-sample Kolmogorov-Smirnov test","","ae8963de632d0fc5b721112ad049eb4a",0,0,0,15,0,0
"confounded_sparse_n300_t01_r0025","confounded","sparse","paper_adjusted",300,1000,1.1,25,213536935,"MDACT",0.05,"ok",FALSE,0.00999999999999091,"ties should not be present for the one-sample Kolmogorov-Smirnov test","","6f95aa6f1b612f2437fecfa31a372795",0,0,0,15,0,0
"confounded_sparse_n300_t01_r0025","confounded","sparse","paper_adjusted",300,1000,1.1,25,213536935,"MLFDR",0.05,"ok",FALSE,0.680000000000007,"","","261fc6b84a5d822206603da58c1c776a",2,0,2,15,0,0.133333333333333
"binary_sparse_n300_t01_r0025","binary","sparse","paper_adjusted",300,1000,1.1,25,220223016,"HDMT",0.05,"ok",FALSE,0.0200000000000102,"","","4a88a82f36987668d37d94f2d8e83167",1,0,1,17,0,0.0588235294117647
"binary_sparse_n300_t01_r0025","binary","sparse","paper_adjusted",300,1000,1.1,25,220223016,"MDACT",0.05,"ok",FALSE,0.0200000000000102,"","","5a300f4ff9eaf158b6d451476e98d1ef",1,0,1,17,0,0.0588235294117647
"binary_sparse_n300_t01_r0025","binary","sparse","paper_adjusted",300,1000,1.1,25,220223016,"MLFDR",0.05,"ok",FALSE,0.330000000000013,"","","41d8684de648f9bfad5ed1240245b520",8,1,7,17,0.125,0.411764705882353
"linear_dense_n300_t01_r0025","linear","dense","paper_adjusted",300,1000,1.1,25,77093581,"HDMT",0.05,"ok",FALSE,0.0300000000000011,"ties should not be present for the one-sample Kolmogorov-Smirnov test","","43ac261b28006e1ed34624f9a934d560",59,2,57,187,0.0338983050847458,0.304812834224599
"linear_dense_n300_t01_r0025","linear","dense","paper_adjusted",300,1000,1.1,25,77093581,"MDACT",0.05,"ok",FALSE,0.00999999999999091,"ties should not be present for the one-sample Kolmogorov-Smirnov test","","4b41f78dec93bbc474a57f4f3d8a46d0",69,2,67,187,0.0289855072463768,0.358288770053476
"linear_dense_n300_t01_r0025","linear","dense","paper_adjusted",300,1000,1.1,25,77093581,"MLFDR",0.05,"ok",FALSE,0.579999999999984,"","","0434b96f466951bee6dcf13df070caaf",134,8,126,187,0.0597014925373134,0.67379679144385
"confounded_dense_n300_t01_r0025","confounded","dense","paper_adjusted",300,1000,1.1,25,211265561,"HDMT",0.05,"ok",FALSE,0.0300000000000011,"ties should not be present for the one-sample Kolmogorov-Smirnov test","","76ae79dd25a28abb1edf792922965918",27,0,27,181,0,0.149171270718232
"confounded_dense_n300_t01_r0025","confounded","dense","paper_adjusted",300,1000,1.1,25,211265561,"MDACT",0.05,"ok",FALSE,0.0200000000000102,"ties should not be present for the one-sample Kolmogorov-Smirnov test","","177262bd5acba00f4f1a2731dbad8783",38,3,35,181,0.0789473684210526,0.193370165745856
"confounded_dense_n300_t01_r0025","confounded","dense","paper_adjusted",300,1000,1.1,25,211265561,"MLFDR",0.05,"ok",FALSE,0.389999999999986,"","","d5d66e87b903469d2fa3d2b9debaa57d",81,5,76,181,0.0617283950617284,0.419889502762431
"binary_dense_n300_t01_r0025","binary","dense","paper_adjusted",300,1000,1.1,25,195801469,"HDMT",0.05,"ok",FALSE,0.0300000000000011,"","","8e46ff34d1f7cee61b13b857fca740ee",9,0,9,210,0,0.0428571428571429
"binary_dense_n300_t01_r0025","binary","dense","paper_adjusted",300,1000,1.1,25,195801469,"MDACT",0.05,"ok",FALSE,0.0200000000000102,"","","b23844128bb830aaedd96acbb3564037",37,0,37,210,0,0.176190476190476
"binary_dense_n300_t01_r0025","binary","dense","paper_adjusted",300,1000,1.1,25,195801469,"MLFDR",0.05,"ok",FALSE,0.349999999999994,"","","15ccf566289a3e853d0bf10b9d4e477c",95,5,90,210,0.0526315789473684,0.428571428571429
"linear_sparse_n300_t02_r0025","linear","sparse","paper_adjusted",300,1000,1.5,25,183106957,"HDMT",0.05,"ok",FALSE,0.0199999999999818,"ties should not be present for the one-sample Kolmogorov-Smirnov test","","3138b0d04258eb9d4f22b44bbb02d472",19,1,18,24,0.0526315789473684,0.75
"linear_sparse_n300_t02_r0025","linear","sparse","paper_adjusted",300,1000,1.5,25,183106957,"MDACT",0.05,"ok",FALSE,0.0199999999999818,"ties should not be present for the one-sample Kolmogorov-Smirnov test","","94b1f9990b7c0e51b5d05db5b6ff6585",19,1,18,24,0.0526315789473684,0.75
"linear_sparse_n300_t02_r0025","linear","sparse","paper_adjusted",300,1000,1.5,25,183106957,"MLFDR",0.05,"ok",FALSE,0.469999999999999,"","","89a97268bebbdc70496cc176fdf6a36e",21,0,21,24,0,0.875
"confounded_sparse_n300_t02_r0025","confounded","sparse","paper_adjusted",300,1000,1.5,25,21901670,"HDMT",0.05,"ok",FALSE,0.00999999999999091,"ties should not be present for the one-sample Kolmogorov-Smirnov test","","733b79ece51f0667881bf68ec0421954",12,1,11,27,0.0833333333333333,0.407407407407407
"confounded_sparse_n300_t02_r0025","confounded","sparse","paper_adjusted",300,1000,1.5,25,21901670,"MDACT",0.05,"ok",FALSE,0,"ties should not be present for the one-sample Kolmogorov-Smirnov test","","1bb7a6dd82b2ce9e6fae5e0bea488d99",17,1,16,27,0.0588235294117647,0.592592592592593
"confounded_sparse_n300_t02_r0025","confounded","sparse","paper_adjusted",300,1000,1.5,25,21901670,"MLFDR",0.05,"ok",FALSE,0.510000000000019,"","","c5a0f39f7e274f2ad3fcdc4bb386901e",23,3,20,27,0.130434782608696,0.740740740740741
"binary_sparse_n300_t02_r0025","binary","sparse","paper_adjusted",300,1000,1.5,25,118021692,"HDMT",0.05,"ok",FALSE,0.0100000000000193,"","","4830e064d3c1c3f88fd40190efa68fcb",4,0,4,21,0,0.19047619047619
"binary_sparse_n300_t02_r0025","binary","sparse","paper_adjusted",300,1000,1.5,25,118021692,"MDACT",0.05,"ok",FALSE,0.00999999999999091,"","","f0b254efb4b0d8c0d26a27d2b27e9a00",4,0,4,21,0,0.19047619047619
"binary_sparse_n300_t02_r0025","binary","sparse","paper_adjusted",300,1000,1.5,25,118021692,"MLFDR",0.05,"ok",FALSE,0.319999999999993,"","","b44db58675ae74e1a1bc463417137a45",16,3,13,21,0.1875,0.619047619047619
"linear_dense_n300_t02_r0025","linear","dense","paper_adjusted",300,1000,1.5,25,137029934,"HDMT",0.05,"ok",FALSE,0.0300000000000011,"ties should not be present for the one-sample Kolmogorov-Smirnov test","","f8405d1e50fd7ad45d0c43c3bb439f3d",178,7,171,215,0.0393258426966292,0.795348837209302
"linear_dense_n300_t02_r0025","linear","dense","paper_adjusted",300,1000,1.5,25,137029934,"MDACT",0.05,"ok",FALSE,0,"ties should not be present for the one-sample Kolmogorov-Smirnov test","","90f6802cb5fb34e97babbcf1bcd647f0",183,8,175,215,0.0437158469945355,0.813953488372093
"linear_dense_n300_t02_r0025","linear","dense","paper_adjusted",300,1000,1.5,25,137029934,"MLFDR",0.05,"ok",FALSE,0.22999999999999,"","","a47357ec4b42a1fb0034932591da6809",209,9,200,215,0.0430622009569378,0.930232558139535
"confounded_dense_n300_t02_r0025","confounded","dense","paper_adjusted",300,1000,1.5,25,167861091,"HDMT",0.05,"ok",FALSE,0.0300000000000011,"ties should not be present for the one-sample Kolmogorov-Smirnov test","","567c86a975b28f44523de193a304242e",170,10,160,215,0.0588235294117647,0.744186046511628
"confounded_dense_n300_t02_r0025","confounded","dense","paper_adjusted",300,1000,1.5,25,167861091,"MDACT",0.05,"ok",FALSE,0.0200000000000102,"ties should not be present for the one-sample Kolmogorov-Smirnov test","","626e1f7eec33558be56e4fde95e40820",175,12,163,215,0.0685714285714286,0.758139534883721
"confounded_dense_n300_t02_r0025","confounded","dense","paper_adjusted",300,1000,1.5,25,167861091,"MLFDR",0.05,"ok",FALSE,0.170000000000016,"","","f35dd22f6110207f9b9fc7a40b76a80d",202,12,190,215,0.0594059405940594,0.883720930232558
"binary_dense_n300_t02_r0025","binary","dense","paper_adjusted",300,1000,1.5,25,65734955,"HDMT",0.05,"ok",FALSE,0.0300000000000011,"","","4b614090ed6a7f668018378c1a32f810",59,5,54,197,0.0847457627118644,0.274111675126904
"binary_dense_n300_t02_r0025","binary","dense","paper_adjusted",300,1000,1.5,25,65734955,"MDACT",0.05,"ok",FALSE,0.0199999999999818,"","","857965095a8f9b39851210359cf12031",78,6,72,197,0.0769230769230769,0.365482233502538
"binary_dense_n300_t02_r0025","binary","dense","paper_adjusted",300,1000,1.5,25,65734955,"MLFDR",0.05,"ok",FALSE,0.539999999999992,"","","3fff9fae86b26775ddf342b7094408e1",136,14,122,197,0.102941176470588,0.619289340101523
"linear_sparse_n300_t03_r0025","linear","sparse","paper_adjusted",300,1000,1.9,25,171331397,"HDMT",0.05,"ok",FALSE,0.0300000000000011,"ties should not be present for the one-sample Kolmogorov-Smirnov test","","4494ed0045bf1c13dc745ecf4452a2db",16,0,16,24,0,0.666666666666667
"linear_sparse_n300_t03_r0025","linear","sparse","paper_adjusted",300,1000,1.9,25,171331397,"MDACT",0.05,"ok",FALSE,0.00999999999999091,"ties should not be present for the one-sample Kolmogorov-Smirnov test","","336ff7a67b8ebb3a49b3e6ac95bbd156",21,0,21,24,0,0.875
"linear_sparse_n300_t03_r0025","linear","sparse","paper_adjusted",300,1000,1.9,25,171331397,"MLFDR",0.05,"ok",FALSE,0.280000000000001,"","","06e1c29c1ac75190d5031bf18c5f9d1d",22,0,22,24,0,0.916666666666667
"confounded_sparse_n300_t03_r0025","confounded","sparse","paper_adjusted",300,1000,1.9,25,261887649,"HDMT",0.05,"ok",FALSE,0.0300000000000011,"ties should not be present for the one-sample Kolmogorov-Smirnov test","","e0ce159b3b3ad489dcc10e6a3ff38cfb",17,0,17,23,0,0.739130434782609
"confounded_sparse_n300_t03_r0025","confounded","sparse","paper_adjusted",300,1000,1.9,25,261887649,"MDACT",0.05,"ok",FALSE,0.0199999999999818,"ties should not be present for the one-sample Kolmogorov-Smirnov test","","42371467bc0b8c085b8416cb7608e2b3",17,0,17,23,0,0.739130434782609
"confounded_sparse_n300_t03_r0025","confounded","sparse","paper_adjusted",300,1000,1.9,25,261887649,"MLFDR",0.05,"ok",FALSE,0.0800000000000125,"","","64315a9caa671199e7bf2d75db728cae",21,0,21,23,0,0.91304347826087
"binary_sparse_n300_t03_r0025","binary","sparse","paper_adjusted",300,1000,1.9,25,109232449,"HDMT",0.05,"ok",FALSE,0.0300000000000011,"","","fe1b58f05c6b2e9054c3b7b5bf8c8344",25,3,22,22,0.12,1
"binary_sparse_n300_t03_r0025","binary","sparse","paper_adjusted",300,1000,1.9,25,109232449,"MDACT",0.05,"ok",FALSE,0.0199999999999818,"","","ed9111f064fd7abf8029c6a17de51b59",26,4,22,22,0.153846153846154,1
"binary_sparse_n300_t03_r0025","binary","sparse","paper_adjusted",300,1000,1.9,25,109232449,"MLFDR",0.05,"ok",FALSE,0.120000000000005,"","","cb848a60ecd207672040f1c2883c750a",23,1,22,22,0.0434782608695652,1
"linear_dense_n300_t03_r0025","linear","dense","paper_adjusted",300,1000,1.9,25,9942387,"HDMT",0.05,"ok",FALSE,0.0300000000000011,"ties should not be present for the one-sample Kolmogorov-Smirnov test","","ac1d4e0f650d4aafa3183421daf291f9",188,7,181,211,0.0372340425531915,0.85781990521327
"linear_dense_n300_t03_r0025","linear","dense","paper_adjusted",300,1000,1.9,25,9942387,"MDACT",0.05,"ok",FALSE,0.00999999999999091,"ties should not be present for the one-sample Kolmogorov-Smirnov test","","dcf38a1bc037b21b87b44e8f7badd2be",188,7,181,211,0.0372340425531915,0.85781990521327
"linear_dense_n300_t03_r0025","linear","dense","paper_adjusted",300,1000,1.9,25,9942387,"MLFDR",0.05,"ok",FALSE,0.139999999999986,"","","b1fd2dec0deb289a23046f551daabc1c",216,12,204,211,0.0555555555555556,0.966824644549763
"confounded_dense_n300_t03_r0025","confounded","dense","paper_adjusted",300,1000,1.9,25,27304487,"HDMT",0.05,"ok",FALSE,0.0300000000000011,"ties should not be present for the one-sample Kolmogorov-Smirnov test","","76dfb51ac85b8595ec6c1ff705b20cab",197,5,192,205,0.0253807106598985,0.936585365853659
"confounded_dense_n300_t03_r0025","confounded","dense","paper_adjusted",300,1000,1.9,25,27304487,"MDACT",0.05,"ok",FALSE,0.0200000000000102,"ties should not be present for the one-sample Kolmogorov-Smirnov test","","4ba4510b12cc4478c47cbaef310b369d",198,6,192,205,0.0303030303030303,0.936585365853659
"confounded_dense_n300_t03_r0025","confounded","dense","paper_adjusted",300,1000,1.9,25,27304487,"MLFDR",0.05,"ok",FALSE,0.139999999999986,"","","06250b678f97dcb6606fdf6c7d0d6e20",212,12,200,205,0.0566037735849057,0.975609756097561
"binary_dense_n300_t03_r0025","binary","dense","paper_adjusted",300,1000,1.9,25,180943812,"HDMT",0.05,"ok",FALSE,0.00999999999999091,"","","05ac95215dbbea4a0064dd20734cd670",182,5,177,210,0.0274725274725275,0.842857142857143
"binary_dense_n300_t03_r0025","binary","dense","paper_adjusted",300,1000,1.9,25,180943812,"MDACT",0.05,"ok",FALSE,0.0199999999999818,"","","80002c3ddaebc5b8edfcaa8ab9581ca6",182,5,177,210,0.0274725274725275,0.842857142857143
"binary_dense_n300_t03_r0025","binary","dense","paper_adjusted",300,1000,1.9,25,180943812,"MLFDR",0.05,"ok",FALSE,0.25,"","","5a8b22418b3bfed01c81e0e589ad2aa3",215,15,200,210,0.0697674418604651,0.952380952380952
"linear_sparse_n300_t01_r0026","linear","sparse","paper_adjusted",300,1000,1.1,26,62462743,"HDMT",0.05,"ok",FALSE,0.0200000000000102,"ties should not be present for the one-sample Kolmogorov-Smirnov test","","0d4a5e52b3a6b5d2a72da84b2c6fa424",6,0,6,26,0,0.230769230769231
"linear_sparse_n300_t01_r0026","linear","sparse","paper_adjusted",300,1000,1.1,26,62462743,"MDACT",0.05,"ok",FALSE,0,"ties should not be present for the one-sample Kolmogorov-Smirnov test","","4e7f861b56d35243a729b643bd760950",6,0,6,26,0,0.230769230769231
"linear_sparse_n300_t01_r0026","linear","sparse","paper_adjusted",300,1000,1.1,26,62462743,"MLFDR",0.05,"ok",FALSE,0.189999999999998,"","","a36e9bc2ad7dc633792ec6c850b88d33",15,2,13,26,0.133333333333333,0.5
"confounded_sparse_n300_t01_r0026","confounded","sparse","paper_adjusted",300,1000,1.1,26,176267535,"HDMT",0.05,"ok",FALSE,0.0300000000000011,"ties should not be present for the one-sample Kolmogorov-Smirnov test","","56c2f4e78101cb3dcc9b21455600110d",3,0,3,21,0,0.142857142857143
"confounded_sparse_n300_t01_r0026","confounded","sparse","paper_adjusted",300,1000,1.1,26,176267535,"MDACT",0.05,"ok",FALSE,0,"ties should not be present for the one-sample Kolmogorov-Smirnov test","","fe0ea9e71bac929e9d4de3c0d2d42819",5,0,5,21,0,0.238095238095238
"confounded_sparse_n300_t01_r0026","confounded","sparse","paper_adjusted",300,1000,1.1,26,176267535,"MLFDR",0.05,"ok",FALSE,0.330000000000013,"","","8d589294f540e646e43d038f9080f0f0",8,0,8,21,0,0.380952380952381
"binary_sparse_n300_t01_r0026","binary","sparse","paper_adjusted",300,1000,1.1,26,149713157,"HDMT",0.05,"ok",FALSE,0.00999999999999091,"","","06301894d1aa78760fe83b20f0a4ee31",6,1,5,23,0.166666666666667,0.217391304347826
"binary_sparse_n300_t01_r0026","binary","sparse","paper_adjusted",300,1000,1.1,26,149713157,"MDACT",0.05,"ok",FALSE,0.00999999999999091,"","","77088b9f7338e94a18c00ba924bd4574",1,0,1,23,0,0.0434782608695652
"binary_sparse_n300_t01_r0026","binary","sparse","paper_adjusted",300,1000,1.1,26,149713157,"MLFDR",0.05,"ok",FALSE,0.460000000000008,"","","8aad38a7d0f0733bb7c6971a91fc7f2e",8,1,7,23,0.125,0.304347826086957
"linear_dense_n300_t01_r0026","linear","dense","paper_adjusted",300,1000,1.1,26,16074722,"HDMT",0.05,"ok",FALSE,0.0300000000000011,"ties should not be present for the one-sample Kolmogorov-Smirnov test","","dece5b0d3831392eb534e10f3c94456d",32,1,31,197,0.03125,0.157360406091371
"linear_dense_n300_t01_r0026","linear","dense","paper_adjusted",300,1000,1.1,26,16074722,"MDACT",0.05,"ok",FALSE,0,"ties should not be present for the one-sample Kolmogorov-Smirnov test","","f2de6c54f4fd21608ffecf3d3a407eda",34,1,33,197,0.0294117647058824,0.16751269035533
"linear_dense_n300_t01_r0026","linear","dense","paper_adjusted",300,1000,1.1,26,16074722,"MLFDR",0.05,"ok",FALSE,1.22,"","","c93a1509fbccce28f172dce94a93b0eb",91,6,85,197,0.0659340659340659,0.431472081218274
"confounded_dense_n300_t01_r0026","confounded","dense","paper_adjusted",300,1000,1.1,26,180321779,"HDMT",0.05,"ok",FALSE,0.0300000000000011,"ties should not be present for the one-sample Kolmogorov-Smirnov test","","2178e5a7bc9b9f084e6dd70c08e30e88",67,0,67,188,0,0.356382978723404
"confounded_dense_n300_t01_r0026","confounded","dense","paper_adjusted",300,1000,1.1,26,180321779,"MDACT",0.05,"ok",FALSE,0.00999999999999091,"ties should not be present for the one-sample Kolmogorov-Smirnov test","","5dbed93c3791c282e230cbfff1a86269",85,3,82,188,0.0352941176470588,0.436170212765957
"confounded_dense_n300_t01_r0026","confounded","dense","paper_adjusted",300,1000,1.1,26,180321779,"MLFDR",0.05,"ok",FALSE,0.539999999999992,"","","e37720a27f938f776b4c4cd329e71e20",131,6,125,188,0.0458015267175573,0.664893617021277
"binary_dense_n300_t01_r0026","binary","dense","paper_adjusted",300,1000,1.1,26,255541822,"HDMT",0.05,"ok",FALSE,0.0100000000000193,"","","c4ae564b60f06f63dce12342c216a332",14,0,14,195,0,0.0717948717948718
"binary_dense_n300_t01_r0026","binary","dense","paper_adjusted",300,1000,1.1,26,255541822,"MDACT",0.05,"ok",FALSE,0.0199999999999818,"","","4388e892c46600f64605efc49948eca1",26,0,26,195,0,0.133333333333333
"binary_dense_n300_t01_r0026","binary","dense","paper_adjusted",300,1000,1.1,26,255541822,"MLFDR",0.05,"ok",FALSE,0.799999999999983,"","","7cb803114755f3f6c29c96ce5c81fa1f",64,1,63,195,0.015625,0.323076923076923
"linear_sparse_n300_t02_r0026","linear","sparse","paper_adjusted",300,1000,1.5,26,247612214,"HDMT",0.05,"ok",FALSE,0.0100000000000193,"ties should not be present for the one-sample Kolmogorov-Smirnov test","","f9bab40c839c0fbf021ed2780ae32a82",25,8,17,22,0.32,0.772727272727273
"linear_sparse_n300_t02_r0026","linear","sparse","paper_adjusted",300,1000,1.5,26,247612214,"MDACT",0.05,"ok",FALSE,0.0100000000000193,"ties should not be present for the one-sample Kolmogorov-Smirnov test","","54e9d732b3b1f256939485083501c6fa",21,5,16,22,0.238095238095238,0.727272727272727
"linear_sparse_n300_t02_r0026","linear","sparse","paper_adjusted",300,1000,1.5,26,247612214,"MLFDR",0.05,"ok",FALSE,0.189999999999998,"","","e2e9c0753cb2335072839fd00cda4930",17,0,17,22,0,0.772727272727273
"confounded_sparse_n300_t02_r0026","confounded","sparse","paper_adjusted",300,1000,1.5,26,59738962,"HDMT",0.05,"ok",FALSE,0.0300000000000011,"ties should not be present for the one-sample Kolmogorov-Smirnov test","","d11686669ec3a6a4947dea1dda7147dc",17,2,15,25,0.117647058823529,0.6
"confounded_sparse_n300_t02_r0026","confounded","sparse","paper_adjusted",300,1000,1.5,26,59738962,"MDACT",0.05,"ok",FALSE,0.0200000000000102,"ties should not be present for the one-sample Kolmogorov-Smirnov test","","fdad0a75c6dd138ee7c4a80730609d62",17,2,15,25,0.117647058823529,0.6
"confounded_sparse_n300_t02_r0026","confounded","sparse","paper_adjusted",300,1000,1.5,26,59738962,"MLFDR",0.05,"ok",FALSE,0.719999999999999,"","","51ab8b3d72541ee09afa612e9ca89436",23,3,20,25,0.130434782608696,0.8
"binary_sparse_n300_t02_r0026","binary","sparse","paper_adjusted",300,1000,1.5,26,63802030,"HDMT",0.05,"ok",FALSE,0.039999999999992,"","","04bed3273edcc89062aee9ba5cffd7c9",7,0,7,25,0,0.28
"binary_sparse_n300_t02_r0026","binary","sparse","paper_adjusted",300,1000,1.5,26,63802030,"MDACT",0.05,"ok",FALSE,0.0199999999999818,"","","1bc75db3ef9763b7f9a5ad301b216f55",17,0,17,25,0,0.68
"binary_sparse_n300_t02_r0026","binary","sparse","paper_adjusted",300,1000,1.5,26,63802030,"MLFDR",0.05,"ok",FALSE,0.169999999999987,"","","c52361ce5b8c484fd82a948718be52a6",20,0,20,25,0,0.8
"linear_dense_n300_t02_r0026","linear","dense","paper_adjusted",300,1000,1.5,26,3529314,"HDMT",0.05,"ok",FALSE,0.039999999999992,"ties should not be present for the one-sample Kolmogorov-Smirnov test","","6f35947ced928af00788950961c4732e",148,7,141,207,0.0472972972972973,0.681159420289855
"linear_dense_n300_t02_r0026","linear","dense","paper_adjusted",300,1000,1.5,26,3529314,"MDACT",0.05,"ok",FALSE,0.0200000000000102,"ties should not be present for the one-sample Kolmogorov-Smirnov test","","2ab74af63490781adcc4cbfcab6c99bb",159,10,149,207,0.0628930817610063,0.719806763285024
"linear_dense_n300_t02_r0026","linear","dense","paper_adjusted",300,1000,1.5,26,3529314,"MLFDR",0.05,"ok",FALSE,0.310000000000002,"","","98fa4bb868f4b1fbe24a60999436a2b7",192,11,181,207,0.0572916666666667,0.8743961352657
"confounded_dense_n300_t02_r0026","confounded","dense","paper_adjusted",300,1000,1.5,26,197944773,"HDMT",0.05,"ok",FALSE,0.0300000000000011,"ties should not be present for the one-sample Kolmogorov-Smirnov test","","70266952608e17bbbbd5a66cfbbd5a4f",93,2,91,200,0.021505376344086,0.455
"confounded_dense_n300_t02_r0026","confounded","dense","paper_adjusted",300,1000,1.5,26,197944773,"MDACT",0.05,"ok",FALSE,0.0200000000000102,"ties should not be present for the one-sample Kolmogorov-Smirnov test","","9c217a424318b57a07a02bbd2b633d29",112,3,109,200,0.0267857142857143,0.545
"confounded_dense_n300_t02_r0026","confounded","dense","paper_adjusted",300,1000,1.5,26,197944773,"MLFDR",0.05,"ok",FALSE,0.310000000000002,"","","5dd9172967be2d4108b711b880812b40",162,3,159,200,0.0185185185185185,0.795
"binary_dense_n300_t02_r0026","binary","dense","paper_adjusted",300,1000,1.5,26,84610058,"HDMT",0.05,"ok",FALSE,0.0300000000000011,"","","a58aadc27fae4179a948d0f50d150434",121,4,117,210,0.0330578512396694,0.557142857142857
"binary_dense_n300_t02_r0026","binary","dense","paper_adjusted",300,1000,1.5,26,84610058,"MDACT",0.05,"ok",FALSE,0.00999999999999091,"","","a9753c2bdecaed5afb651a620a20bfab",134,5,129,210,0.0373134328358209,0.614285714285714
"binary_dense_n300_t02_r0026","binary","dense","paper_adjusted",300,1000,1.5,26,84610058,"MLFDR",0.05,"ok",FALSE,0.340000000000003,"","","4869f5f560b17458b0365e5664fb1ecb",172,7,165,210,0.0406976744186047,0.785714285714286
"linear_sparse_n300_t03_r0026","linear","sparse","paper_adjusted",300,1000,1.9,26,200403063,"HDMT",0.05,"ok",FALSE,0.0300000000000011,"ties should not be present for the one-sample Kolmogorov-Smirnov test","","57894a049f0506bd83bed064e6d3f4e6",15,0,15,21,0,0.714285714285714
"linear_sparse_n300_t03_r0026","linear","sparse","paper_adjusted",300,1000,1.9,26,200403063,"MDACT",0.05,"ok",FALSE,0.0200000000000102,"ties should not be present for the one-sample Kolmogorov-Smirnov test","","7888c3bd7588b55a37a4cbbed5fc5897",15,0,15,21,0,0.714285714285714
"linear_sparse_n300_t03_r0026","linear","sparse","paper_adjusted",300,1000,1.9,26,200403063,"MLFDR",0.05,"ok",FALSE,0.390000000000015,"","","c49e65174dc49ea6d7dd7cec4e80c5fb",23,2,21,21,0.0869565217391304,1
"confounded_sparse_n300_t03_r0026","confounded","sparse","paper_adjusted",300,1000,1.9,26,122984550,"HDMT",0.05,"ok",FALSE,0.0300000000000011,"ties should not be present for the one-sample Kolmogorov-Smirnov test","","07bd214c32c55e104a067f4fddf0f7af",21,2,19,22,0.0952380952380952,0.863636363636364
"confounded_sparse_n300_t03_r0026","confounded","sparse","paper_adjusted",300,1000,1.9,26,122984550,"MDACT",0.05,"ok",FALSE,0,"ties should not be present for the one-sample Kolmogorov-Smirnov test","","ce37ae31f75cef3aa13cab0e1fbb40ee",22,2,20,22,0.0909090909090909,0.909090909090909
"confounded_sparse_n300_t03_r0026","confounded","sparse","paper_adjusted",300,1000,1.9,26,122984550,"MLFDR",0.05,"ok",FALSE,0.210000000000008,"","","bd3d5ddf321d52b862a4c4ed1751bd4a",21,0,21,22,0,0.954545454545455
"binary_sparse_n300_t03_r0026","binary","sparse","paper_adjusted",300,1000,1.9,26,213108694,"HDMT",0.05,"ok",FALSE,0.039999999999992,"","","2d9dd9a54bacda345591f858928b22ff",15,0,15,25,0,0.6
"binary_sparse_n300_t03_r0026","binary","sparse","paper_adjusted",300,1000,1.9,26,213108694,"MDACT",0.05,"ok",FALSE,0.0200000000000102,"","","90811a35f609d38ca8bd02e8f792b66e",15,0,15,25,0,0.6
"binary_sparse_n300_t03_r0026","binary","sparse","paper_adjusted",300,1000,1.9,26,213108694,"MLFDR",0.05,"ok",FALSE,0.140000000000015,"","","e8a86e03f710ee6ee3fbf217547b954f",21,0,21,25,0,0.84
"linear_dense_n300_t03_r0026","linear","dense","paper_adjusted",300,1000,1.9,26,124816795,"HDMT",0.05,"ok",FALSE,0.0300000000000011,"ties should not be present for the one-sample Kolmogorov-Smirnov test","","720ba507a0135b623a2cef9455e9d502",219,7,212,221,0.0319634703196347,0.959276018099548
"linear_dense_n300_t03_r0026","linear","dense","paper_adjusted",300,1000,1.9,26,124816795,"MDACT",0.05,"ok",FALSE,0.0200000000000102,"ties should not be present for the one-sample Kolmogorov-Smirnov test","","2951337ac33546e02a2ccad2ac2981eb",221,7,214,221,0.0316742081447964,0.968325791855204
"linear_dense_n300_t03_r0026","linear","dense","paper_adjusted",300,1000,1.9,26,124816795,"MLFDR",0.05,"ok",FALSE,0.170000000000016,"","","133720e483e1d5bb3d5cf6e819e3eb85",233,16,217,221,0.0686695278969957,0.981900452488688
"confounded_dense_n300_t03_r0026","confounded","dense","paper_adjusted",300,1000,1.9,26,194923593,"HDMT",0.05,"ok",FALSE,0.0300000000000011,"ties should not be present for the one-sample Kolmogorov-Smirnov test","","dd23a57fb5b7855bcba4e42267f7b2b3",212,9,203,220,0.0424528301886792,0.922727272727273
"confounded_dense_n300_t03_r0026","confounded","dense","paper_adjusted",300,1000,1.9,26,194923593,"MDACT",0.05,"ok",FALSE,0.00999999999999091,"ties should not be present for the one-sample Kolmogorov-Smirnov test","","8acbd7e66bf36e60fdb927766a7ab51e",212,9,203,220,0.0424528301886792,0.922727272727273
"confounded_dense_n300_t03_r0026","confounded","dense","paper_adjusted",300,1000,1.9,26,194923593,"MLFDR",0.05,"ok",FALSE,0.139999999999986,"","","316c090a3b4a7ccb704d23a474cc127b",224,10,214,220,0.0446428571428571,0.972727272727273
"binary_dense_n300_t03_r0026","binary","dense","paper_adjusted",300,1000,1.9,26,89491698,"HDMT",0.05,"ok",FALSE,0.0300000000000011,"","","594a599732892574f8df35e60595e369",156,8,148,182,0.0512820512820513,0.813186813186813
"binary_dense_n300_t03_r0026","binary","dense","paper_adjusted",300,1000,1.9,26,89491698,"MDACT",0.05,"ok",FALSE,0,"","","a9e35712a0602f1cdfb24d93032906b1",159,9,150,182,0.0566037735849057,0.824175824175824
"binary_dense_n300_t03_r0026","binary","dense","paper_adjusted",300,1000,1.9,26,89491698,"MLFDR",0.05,"ok",FALSE,0.159999999999997,"","","894addd4bbc27a465719b0a5e0b5dfd0",180,11,169,182,0.0611111111111111,0.928571428571429
"linear_sparse_n300_t01_r0027","linear","sparse","paper_adjusted",300,1000,1.1,27,157772500,"HDMT",0.05,"ok",FALSE,0.039999999999992,"ties should not be present for the one-sample Kolmogorov-Smirnov test","","4f50904fd7b7526db31bf96680d31fe6",1,0,1,23,0,0.0434782608695652
"linear_sparse_n300_t01_r0027","linear","sparse","paper_adjusted",300,1000,1.1,27,157772500,"MDACT",0.05,"ok",FALSE,0.0200000000000102,"ties should not be present for the one-sample Kolmogorov-Smirnov test","","3fd667803e40bad246036b0ddb87d739",1,0,1,23,0,0.0434782608695652
"linear_sparse_n300_t01_r0027","linear","sparse","paper_adjusted",300,1000,1.1,27,157772500,"MLFDR",0.05,"ok",FALSE,0.909999999999997,"","","ec22ee415e281f2adda6cb82d3186c4e",3,0,3,23,0,0.130434782608696
"confounded_sparse_n300_t01_r0027","confounded","sparse","paper_adjusted",300,1000,1.1,27,43480808,"HDMT",0.05,"ok",FALSE,0.0999999999999943,"ties should not be present for the one-sample Kolmogorov-Smirnov test","","c9ac1010564ac6ac13dcef019d2ed9ce",3,0,3,16,0,0.1875
"confounded_sparse_n300_t01_r0027","confounded","sparse","paper_adjusted",300,1000,1.1,27,43480808,"MDACT",0.05,"ok",FALSE,0.0199999999999818,"ties should not be present for the one-sample Kolmogorov-Smirnov test","","ee3015f1d1e1b80d13e6de36a11b966c",3,0,3,16,0,0.1875
"confounded_sparse_n300_t01_r0027","confounded","sparse","paper_adjusted",300,1000,1.1,27,43480808,"MLFDR",0.05,"ok",FALSE,1.94,"","","f00c4ad65d825eb5770b0aeba2e7333f",3,0,3,16,0,0.1875
"binary_sparse_n300_t01_r0027","binary","sparse","paper_adjusted",300,1000,1.1,27,74922187,"HDMT",0.05,"ok",FALSE,0.0300000000000011,"","","ed921013e17a691b3fa0fcb418eef386",3,1,2,21,0.333333333333333,0.0952380952380952
"binary_sparse_n300_t01_r0027","binary","sparse","paper_adjusted",300,1000,1.1,27,74922187,"MDACT",0.05,"ok",FALSE,0.0199999999999818,"","","474c8964e178e308bf44aef6b819129a",3,1,2,21,0.333333333333333,0.0952380952380952
"binary_sparse_n300_t01_r0027","binary","sparse","paper_adjusted",300,1000,1.1,27,74922187,"MLFDR",0.05,"ok",FALSE,0.620000000000005,"","","0ee143259d70b5fd7957f5a745e057c2",5,0,5,21,0,0.238095238095238
"linear_dense_n300_t01_r0027","linear","dense","paper_adjusted",300,1000,1.1,27,64481281,"HDMT",0.05,"ok",FALSE,0.0300000000000011,"ties should not be present for the one-sample Kolmogorov-Smirnov test","","8f5c36912db89f2930c23380482f4816",27,0,27,189,0,0.142857142857143
"linear_dense_n300_t01_r0027","linear","dense","paper_adjusted",300,1000,1.1,27,64481281,"MDACT",0.05,"ok",FALSE,0.00999999999999091,"ties should not be present for the one-sample Kolmogorov-Smirnov test","","8c3b3afd2c46b3a12c72faaf60cafa81",49,1,48,189,0.0204081632653061,0.253968253968254
"linear_dense_n300_t01_r0027","linear","dense","paper_adjusted",300,1000,1.1,27,64481281,"MLFDR",0.05,"ok",FALSE,1.06,"","","74d904fbdc8d8fe5d89d12b700ac6916",89,3,86,189,0.0337078651685393,0.455026455026455
"confounded_dense_n300_t01_r0027","confounded","dense","paper_adjusted",300,1000,1.1,27,110810727,"HDMT",0.05,"ok",FALSE,0.0300000000000011,"ties should not be present for the one-sample Kolmogorov-Smirnov test","","6f50b287d51485c6f70923bb56b6ac3f",5,0,5,201,0,0.0248756218905473
"confounded_dense_n300_t01_r0027","confounded","dense","paper_adjusted",300,1000,1.1,27,110810727,"MDACT",0.05,"ok",FALSE,0,"ties should not be present for the one-sample Kolmogorov-Smirnov test","","c0a8675eaee03cfb101f68c7e6327039",16,0,16,201,0,0.0796019900497512
"confounded_dense_n300_t01_r0027","confounded","dense","paper_adjusted",300,1000,1.1,27,110810727,"MLFDR",0.05,"ok",FALSE,0.450000000000017,"","","8e4d6e5616e48f64c71d9852f8c40146",70,1,69,201,0.0142857142857143,0.343283582089552
"binary_dense_n300_t01_r0027","binary","dense","paper_adjusted",300,1000,1.1,27,180383534,"HDMT",0.05,"ok",FALSE,0.0199999999999818,"","","54c252291083d4f4e99ee1322dbf9d29",16,0,16,206,0,0.0776699029126214
"binary_dense_n300_t01_r0027","binary","dense","paper_adjusted",300,1000,1.1,27,180383534,"MDACT",0.05,"ok",FALSE,0.0199999999999818,"","","e7554c6351f6abdee6c9a3478993e3f2",33,0,33,206,0,0.160194174757282
"binary_dense_n300_t01_r0027","binary","dense","paper_adjusted",300,1000,1.1,27,180383534,"MLFDR",0.05,"ok",FALSE,1.13999999999999,"","","b9a11e4f1d6a8d660379810bb09b2bc1",108,5,103,206,0.0462962962962963,0.5
"linear_sparse_n300_t02_r0027","linear","sparse","paper_adjusted",300,1000,1.5,27,169035508,"HDMT",0.05,"ok",FALSE,0.0300000000000011,"ties should not be present for the one-sample Kolmogorov-Smirnov test","","d86e9f14e0852506cb8309d4e8d78855",7,0,7,22,0,0.318181818181818
"linear_sparse_n300_t02_r0027","linear","sparse","paper_adjusted",300,1000,1.5,27,169035508,"MDACT",0.05,"ok",FALSE,0.00999999999999091,"ties should not be present for the one-sample Kolmogorov-Smirnov test","","e794d34214f35a772cac2138a157f85a",9,0,9,22,0,0.409090909090909
"linear_sparse_n300_t02_r0027","linear","sparse","paper_adjusted",300,1000,1.5,27,169035508,"MLFDR",0.05,"ok",FALSE,0.419999999999987,"","","bdfc95ef3fc4ac4c9b30e76c070a749f",15,0,15,22,0,0.681818181818182
"confounded_sparse_n300_t02_r0027","confounded","sparse","paper_adjusted",300,1000,1.5,27,219018785,"HDMT",0.05,"ok",FALSE,0.0300000000000011,"ties should not be present for the one-sample Kolmogorov-Smirnov test","","a7f2062a800a3c559a5a4b2c9bba7cd1",9,0,9,19,0,0.473684210526316
"confounded_sparse_n300_t02_r0027","confounded","sparse","paper_adjusted",300,1000,1.5,27,219018785,"MDACT",0.05,"ok",FALSE,0,"ties should not be present for the one-sample Kolmogorov-Smirnov test","","21ed3ed41208a96ab4626e62716a4063",10,0,10,19,0,0.526315789473684
"confounded_sparse_n300_t02_r0027","confounded","sparse","paper_adjusted",300,1000,1.5,27,219018785,"MLFDR",0.05,"ok",FALSE,0.219999999999999,"","","c83c98fc81a43dfd7c4bb43fcd11329d",15,1,14,19,0.0666666666666667,0.736842105263158
"binary_sparse_n300_t02_r0027","binary","sparse","paper_adjusted",300,1000,1.5,27,87853073,"HDMT",0.05,"ok",FALSE,0.0199999999999818,"","","551ec71198080d8ef57173a4b7a93fff",5,0,5,18,0,0.277777777777778
"binary_sparse_n300_t02_r0027","binary","sparse","paper_adjusted",300,1000,1.5,27,87853073,"MDACT",0.05,"ok",FALSE,0,"","","f098b907d2e2fcc0befa7a7975f9ef5b",5,0,5,18,0,0.277777777777778
"binary_sparse_n300_t02_r0027","binary","sparse","paper_adjusted",300,1000,1.5,27,87853073,"MLFDR",0.05,"ok",FALSE,0.27000000000001,"","","6fae6ae98d43350373a2cd62420c7592",10,1,9,18,0.1,0.5
"linear_dense_n300_t02_r0027","linear","dense","paper_adjusted",300,1000,1.5,27,60465725,"HDMT",0.05,"ok",FALSE,0.0300000000000011,"ties should not be present for the one-sample Kolmogorov-Smirnov test","","0ac27744d6c042685689bcfe2b723902",95,8,87,189,0.0842105263157895,0.46031746031746
"linear_dense_n300_t02_r0027","linear","dense","paper_adjusted",300,1000,1.5,27,60465725,"MDACT",0.05,"ok",FALSE,0.00999999999999091,"ties should not be present for the one-sample Kolmogorov-Smirnov test","","9be43126cc2667c4928f0db6128f02b8",109,9,100,189,0.0825688073394495,0.529100529100529
"linear_dense_n300_t02_r0027","linear","dense","paper_adjusted",300,1000,1.5,27,60465725,"MLFDR",0.05,"ok",FALSE,0.329999999999984,"","","e691f94b5277eb2f904a00ed6ad77278",144,7,137,189,0.0486111111111111,0.724867724867725
"confounded_dense_n300_t02_r0027","confounded","dense","paper_adjusted",300,1000,1.5,27,122223740,"HDMT",0.05,"ok",FALSE,0.00999999999999091,"ties should not be present for the one-sample Kolmogorov-Smirnov test","","2eb780103a888935c62f77f1e546874b",187,13,174,201,0.0695187165775401,0.865671641791045
"confounded_dense_n300_t02_r0027","confounded","dense","paper_adjusted",300,1000,1.5,27,122223740,"MDACT",0.05,"ok",FALSE,0.00999999999999091,"ties should not be present for the one-sample Kolmogorov-Smirnov test","","0f75d0762f1e1ada09330d1d00459192",192,17,175,201,0.0885416666666667,0.870646766169154
"confounded_dense_n300_t02_r0027","confounded","dense","paper_adjusted",300,1000,1.5,27,122223740,"MLFDR",0.05,"ok",FALSE,0.139999999999986,"","","65e541a75395797322b360b6f2b319ee",208,15,193,201,0.0721153846153846,0.960199004975124
"binary_dense_n300_t02_r0027","binary","dense","paper_adjusted",300,1000,1.5,27,208036508,"HDMT",0.05,"ok",FALSE,0.0300000000000011,"","","b0a4d79d051663f80ba326c8fdd47cdc",106,3,103,184,0.0283018867924528,0.559782608695652
"binary_dense_n300_t02_r0027","binary","dense","paper_adjusted",300,1000,1.5,27,208036508,"MDACT",0.05,"ok",FALSE,0,"","","2b54dcf3d13db522e67708e0bc36cd5c",115,4,111,184,0.0347826086956522,0.603260869565217
"binary_dense_n300_t02_r0027","binary","dense","paper_adjusted",300,1000,1.5,27,208036508,"MLFDR",0.05,"ok",FALSE,0.189999999999998,"","","2f773c0cc06d71035a6fe3b92082ba48",153,7,146,184,0.0457516339869281,0.793478260869565
"linear_sparse_n300_t03_r0027","linear","sparse","paper_adjusted",300,1000,1.9,27,73494397,"HDMT",0.05,"ok",FALSE,0.0300000000000011,"ties should not be present for the one-sample Kolmogorov-Smirnov test","","14610933a64f5eb8bad91c74e276c4a2",11,1,10,19,0.0909090909090909,0.526315789473684
"linear_sparse_n300_t03_r0027","linear","sparse","paper_adjusted",300,1000,1.9,27,73494397,"MDACT",0.05,"ok",FALSE,0,"ties should not be present for the one-sample Kolmogorov-Smirnov test","","6f784a22822579b14755bd340910aed3",5,0,5,19,0,0.263157894736842
"linear_sparse_n300_t03_r0027","linear","sparse","paper_adjusted",300,1000,1.9,27,73494397,"MLFDR",0.05,"ok",FALSE,0.329999999999984,"","","0cdbd143dcd1292fbc1940b8bdc36963",14,3,11,19,0.214285714285714,0.578947368421053
"confounded_sparse_n300_t03_r0027","confounded","sparse","paper_adjusted",300,1000,1.9,27,18643868,"HDMT",0.05,"ok",FALSE,0.0300000000000011,"ties should not be present for the one-sample Kolmogorov-Smirnov test","","1b243f1a59143693f1699c91fe647124",15,0,15,29,0,0.517241379310345
"confounded_sparse_n300_t03_r0027","confounded","sparse","paper_adjusted",300,1000,1.9,27,18643868,"MDACT",0.05,"ok",FALSE,0.0199999999999818,"ties should not be present for the one-sample Kolmogorov-Smirnov test","","ff53429f7f0dd56ea5a3c39774a9c65e",7,0,7,29,0,0.241379310344828
"confounded_sparse_n300_t03_r0027","confounded","sparse","paper_adjusted",300,1000,1.9,27,18643868,"MLFDR",0.05,"ok",FALSE,0.379999999999995,"","","c1d7c41e3b9ea09fc76903bdaa9cb3d9",27,0,27,29,0,0.931034482758621
"binary_sparse_n300_t03_r0027","binary","sparse","paper_adjusted",300,1000,1.9,27,43794012,"HDMT",0.05,"ok",FALSE,0.0300000000000011,"","","34c84b2903a450620920774076e5427b",7,0,7,30,0,0.233333333333333
"binary_sparse_n300_t03_r0027","binary","sparse","paper_adjusted",300,1000,1.9,27,43794012,"MDACT",0.05,"ok",FALSE,0,"","","a85264fdb034936c7c2106cb24fd90d8",10,1,9,30,0.1,0.3
"binary_sparse_n300_t03_r0027","binary","sparse","paper_adjusted",300,1000,1.9,27,43794012,"MLFDR",0.05,"ok",FALSE,0.439999999999998,"","","4be1e349431af4935fe05ae4cc827703",17,0,17,30,0,0.566666666666667
"linear_dense_n300_t03_r0027","linear","dense","paper_adjusted",300,1000,1.9,27,151682428,"HDMT",0.05,"ok",FALSE,0.0100000000000193,"ties should not be present for the one-sample Kolmogorov-Smirnov test","","951233b9409c5ee6cd66fb9bacacbcec",176,4,172,205,0.0227272727272727,0.839024390243902
"linear_dense_n300_t03_r0027","linear","dense","paper_adjusted",300,1000,1.9,27,151682428,"MDACT",0.05,"ok",FALSE,0,"ties should not be present for the one-sample Kolmogorov-Smirnov test","","21e6371dd2b3e99787e1ee2c1be34cf5",181,4,177,205,0.0220994475138122,0.863414634146341
"linear_dense_n300_t03_r0027","linear","dense","paper_adjusted",300,1000,1.9,27,151682428,"MLFDR",0.05,"ok",FALSE,0.199999999999989,"","","4dfb6ce5f313dfc62476c304ba1cbaf5",202,6,196,205,0.0297029702970297,0.95609756097561
"confounded_dense_n300_t03_r0027","confounded","dense","paper_adjusted",300,1000,1.9,27,7173267,"HDMT",0.05,"ok",FALSE,0.039999999999992,"ties should not be present for the one-sample Kolmogorov-Smirnov test","","8a41649411f8ec398cb6b3184c1e791b",169,8,161,213,0.0473372781065089,0.755868544600939
"confounded_dense_n300_t03_r0027","confounded","dense","paper_adjusted",300,1000,1.9,27,7173267,"MDACT",0.05,"ok",FALSE,0,"ties should not be present for the one-sample Kolmogorov-Smirnov test","","d033957e0d0275be6708ee7a4ce25ab3",177,9,168,213,0.0508474576271186,0.788732394366197
"confounded_dense_n300_t03_r0027","confounded","dense","paper_adjusted",300,1000,1.9,27,7173267,"MLFDR",0.05,"ok",FALSE,0.159999999999997,"","","490b3f9b95d26bc8ead22165b26bca4f",201,7,194,213,0.0348258706467662,0.910798122065728
"binary_dense_n300_t03_r0027","binary","dense","paper_adjusted",300,1000,1.9,27,35196063,"HDMT",0.05,"ok",FALSE,0.0300000000000011,"","","38e6c9245bee6117af84941328f7168d",185,10,175,201,0.0540540540540541,0.870646766169154
"binary_dense_n300_t03_r0027","binary","dense","paper_adjusted",300,1000,1.9,27,35196063,"MDACT",0.05,"ok",FALSE,0.0199999999999818,"","","7af95bf217d4fd3326b00cbaac17e956",187,11,176,201,0.0588235294117647,0.875621890547264
"binary_dense_n300_t03_r0027","binary","dense","paper_adjusted",300,1000,1.9,27,35196063,"MLFDR",0.05,"ok",FALSE,0.269999999999982,"","","39ef13dd7956592ec57b1c5a90b5c5c1",200,14,186,201,0.07,0.925373134328358
"linear_sparse_n300_t01_r0028","linear","sparse","paper_adjusted",300,1000,1.1,28,34926966,"HDMT",0.05,"ok",FALSE,0.039999999999992,"ties should not be present for the one-sample Kolmogorov-Smirnov test","","4204db96d74a1b085d774a90908fc366",2,0,2,18,0,0.111111111111111
"linear_sparse_n300_t01_r0028","linear","sparse","paper_adjusted",300,1000,1.1,28,34926966,"MDACT",0.05,"ok",FALSE,0,"ties should not be present for the one-sample Kolmogorov-Smirnov test","","a392655b06499b66679ffb7c53a8feae",2,0,2,18,0,0.111111111111111
"linear_sparse_n300_t01_r0028","linear","sparse","paper_adjusted",300,1000,1.1,28,34926966,"MLFDR",0.05,"ok",FALSE,1.28,"","","1e19476b5200f1a2e0d19f342a38e546",2,0,2,18,0,0.111111111111111
"confounded_sparse_n300_t01_r0028","confounded","sparse","paper_adjusted",300,1000,1.1,28,119283052,"HDMT",0.05,"ok",FALSE,0.0300000000000011,"ties should not be present for the one-sample Kolmogorov-Smirnov test","","47e3ad17789f4a9df5dabc34ce43f289",3,0,3,21,0,0.142857142857143
"confounded_sparse_n300_t01_r0028","confounded","sparse","paper_adjusted",300,1000,1.1,28,119283052,"MDACT",0.05,"ok",FALSE,0.0200000000000102,"ties should not be present for the one-sample Kolmogorov-Smirnov test","","48d7db310ab9eec2518ff45c8488db8d",3,0,3,21,0,0.142857142857143
"confounded_sparse_n300_t01_r0028","confounded","sparse","paper_adjusted",300,1000,1.1,28,119283052,"MLFDR",0.05,"ok",FALSE,0.390000000000015,"","","2b87f616ceb3041c21a65524a9acc775",8,0,8,21,0,0.380952380952381
"binary_sparse_n300_t01_r0028","binary","sparse","paper_adjusted",300,1000,1.1,28,214326579,"HDMT",0.05,"ok",FALSE,0.0199999999999818,"","","15c48f6c00aa36f03748b070e225ba9e",0,0,0,14,0,0
"binary_sparse_n300_t01_r0028","binary","sparse","paper_adjusted",300,1000,1.1,28,214326579,"MDACT",0.05,"ok",FALSE,0.0199999999999818,"","","3d219fd09fd90450f1341c07b42e8111",1,0,1,14,0,0.0714285714285714
"binary_sparse_n300_t01_r0028","binary","sparse","paper_adjusted",300,1000,1.1,28,214326579,"MLFDR",0.05,"ok",FALSE,0.429999999999978,"","","54c374dcfb37f84eed0d2f14ef9ea55c",2,0,2,14,0,0.142857142857143
"linear_dense_n300_t01_r0028","linear","dense","paper_adjusted",300,1000,1.1,28,69203303,"HDMT",0.05,"ok",FALSE,0.0300000000000011,"ties should not be present for the one-sample Kolmogorov-Smirnov test","","2339a0aa4f92d237f2e48ddf2a7efc1b",29,0,29,212,0,0.136792452830189
"linear_dense_n300_t01_r0028","linear","dense","paper_adjusted",300,1000,1.1,28,69203303,"MDACT",0.05,"ok",FALSE,0.0100000000000193,"ties should not be present for the one-sample Kolmogorov-Smirnov test","","1134183e234c1c0ccd9b50606f099819",43,1,42,212,0.0232558139534884,0.19811320754717
"linear_dense_n300_t01_r0028","linear","dense","paper_adjusted",300,1000,1.1,28,69203303,"MLFDR",0.05,"ok",FALSE,0.360000000000014,"","","a1027db90142ff5880b59975c2a1f545",96,8,88,212,0.0833333333333333,0.415094339622642
"confounded_dense_n300_t01_r0028","confounded","dense","paper_adjusted",300,1000,1.1,28,203955537,"HDMT",0.05,"ok",FALSE,0.0300000000000011,"ties should not be present for the one-sample Kolmogorov-Smirnov test","","592a878da6f2bdf645fafc56b711b0e4",28,2,26,190,0.0714285714285714,0.136842105263158
"confounded_dense_n300_t01_r0028","confounded","dense","paper_adjusted",300,1000,1.1,28,203955537,"MDACT",0.05,"ok",FALSE,0,"ties should not be present for the one-sample Kolmogorov-Smirnov test","","91adec487bbbd6446b4d94f39aa7f76d",35,4,31,190,0.114285714285714,0.163157894736842
"confounded_dense_n300_t01_r0028","confounded","dense","paper_adjusted",300,1000,1.1,28,203955537,"MLFDR",0.05,"ok",FALSE,0.75,"","","dacee8f5e352d9e4aa30f63b04f2ae61",74,6,68,190,0.0810810810810811,0.357894736842105
"binary_dense_n300_t01_r0028","binary","dense","paper_adjusted",300,1000,1.1,28,79888542,"HDMT",0.05,"ok",FALSE,0.039999999999992,"","","de022042dd493966f070c00515f21377",21,0,21,198,0,0.106060606060606
"binary_dense_n300_t01_r0028","binary","dense","paper_adjusted",300,1000,1.1,28,79888542,"MDACT",0.05,"ok",FALSE,0.0199999999999818,"","","dd5381c6a6c42a6fb3a1d1665dc38ce6",27,0,27,198,0,0.136363636363636
"binary_dense_n300_t01_r0028","binary","dense","paper_adjusted",300,1000,1.1,28,79888542,"MLFDR",0.05,"ok",FALSE,0.909999999999997,"","","41b1385501f4fac7e21fd5f3b29dd308",91,4,87,198,0.043956043956044,0.439393939393939
"linear_sparse_n300_t02_r0028","linear","sparse","paper_adjusted",300,1000,1.5,28,159384207,"HDMT",0.05,"ok",FALSE,0.0300000000000011,"ties should not be present for the one-sample Kolmogorov-Smirnov test","","b5adf1eb022d705f75bb153dceddd674",9,0,9,27,0,0.333333333333333
"linear_sparse_n300_t02_r0028","linear","sparse","paper_adjusted",300,1000,1.5,28,159384207,"MDACT",0.05,"ok",FALSE,0.0199999999999818,"ties should not be present for the one-sample Kolmogorov-Smirnov test","","710f1f0584443e16d8ae447b630795be",12,1,11,27,0.0833333333333333,0.407407407407407
"linear_sparse_n300_t02_r0028","linear","sparse","paper_adjusted",300,1000,1.5,28,159384207,"MLFDR",0.05,"ok",FALSE,0.950000000000017,"","","a4cf9151ffd9b5022a690e5fe8ddbff4",15,0,15,27,0,0.555555555555556
"confounded_sparse_n300_t02_r0028","confounded","sparse","paper_adjusted",300,1000,1.5,28,197622494,"HDMT",0.05,"ok",FALSE,0.00999999999999091,"ties should not be present for the one-sample Kolmogorov-Smirnov test","","4ca68da5f7624016df3eb8434b78a105",15,2,13,19,0.133333333333333,0.684210526315789
"confounded_sparse_n300_t02_r0028","confounded","sparse","paper_adjusted",300,1000,1.5,28,197622494,"MDACT",0.05,"ok",FALSE,0.0100000000000193,"ties should not be present for the one-sample Kolmogorov-Smirnov test","","4c21954fbf32e952fcd6841288bd3dc3",15,2,13,19,0.133333333333333,0.684210526315789
"confounded_sparse_n300_t02_r0028","confounded","sparse","paper_adjusted",300,1000,1.5,28,197622494,"MLFDR",0.05,"ok",FALSE,0.310000000000002,"","","9ed712bda4bc2394f0a836cdab72c6f1",15,1,14,19,0.0666666666666667,0.736842105263158
"binary_sparse_n300_t02_r0028","binary","sparse","paper_adjusted",300,1000,1.5,28,258066847,"HDMT",0.05,"ok",FALSE,0.039999999999992,"","","3e0c996a6094f0b833bcfad5c14b4b0e",9,0,9,18,0,0.5
"binary_sparse_n300_t02_r0028","binary","sparse","paper_adjusted",300,1000,1.5,28,258066847,"MDACT",0.05,"ok",FALSE,0.0200000000000102,"","","c3f4126909edee07cc86795d1611bb1d",9,0,9,18,0,0.5
"binary_sparse_n300_t02_r0028","binary","sparse","paper_adjusted",300,1000,1.5,28,258066847,"MLFDR",0.05,"ok",FALSE,0.810000000000002,"","","cf6cca0f12d33656c3b9e024972d4f96",12,2,10,18,0.166666666666667,0.555555555555556
"linear_dense_n300_t02_r0028","linear","dense","paper_adjusted",300,1000,1.5,28,93360269,"HDMT",0.05,"ok",FALSE,0.0300000000000011,"ties should not be present for the one-sample Kolmogorov-Smirnov test","","8c1c665d7b934ec89d2a04cb008cb29e",139,4,135,204,0.0287769784172662,0.661764705882353
"linear_dense_n300_t02_r0028","linear","dense","paper_adjusted",300,1000,1.5,28,93360269,"MDACT",0.05,"ok",FALSE,0.0199999999999818,"ties should not be present for the one-sample Kolmogorov-Smirnov test","","c197e343c0e1b87ce21200079ef23715",149,7,142,204,0.0469798657718121,0.696078431372549
"linear_dense_n300_t02_r0028","linear","dense","paper_adjusted",300,1000,1.5,28,93360269,"MLFDR",0.05,"ok",FALSE,0.269999999999982,"","","7a5627a69258451ed8ddfc7c3a566a35",184,7,177,204,0.0380434782608696,0.867647058823529
"confounded_dense_n300_t02_r0028","confounded","dense","paper_adjusted",300,1000,1.5,28,207354009,"HDMT",0.05,"ok",FALSE,0.0200000000000102,"ties should not be present for the one-sample Kolmogorov-Smirnov test","","758269befac77746aadce9b3c7211e45",98,2,96,210,0.0204081632653061,0.457142857142857
"confounded_dense_n300_t02_r0028","confounded","dense","paper_adjusted",300,1000,1.5,28,207354009,"MDACT",0.05,"ok",FALSE,0,"ties should not be present for the one-sample Kolmogorov-Smirnov test","","5e8ef53c6a65a1d682591c6938cdfa1a",113,3,110,210,0.0265486725663717,0.523809523809524
"confounded_dense_n300_t02_r0028","confounded","dense","paper_adjusted",300,1000,1.5,28,207354009,"MLFDR",0.05,"ok",FALSE,0.280000000000001,"","","9b66a1099d2b4d65fac0367b1a0be5ef",165,5,160,210,0.0303030303030303,0.761904761904762
"binary_dense_n300_t02_r0028","binary","dense","paper_adjusted",300,1000,1.5,28,23604753,"HDMT",0.05,"ok",FALSE,0.00999999999999091,"","","e1ae6178e941faa4903b9898fcf5a366",106,2,104,194,0.0188679245283019,0.536082474226804
"binary_dense_n300_t02_r0028","binary","dense","paper_adjusted",300,1000,1.5,28,23604753,"MDACT",0.05,"ok",FALSE,0,"","","78b702c204c5db6656a3360019e997a9",118,3,115,194,0.0254237288135593,0.592783505154639
"binary_dense_n300_t02_r0028","binary","dense","paper_adjusted",300,1000,1.5,28,23604753,"MLFDR",0.05,"ok",FALSE,0.450000000000017,"","","ce35e8ab8b102408156082dc8b689c8c",159,5,154,194,0.0314465408805031,0.793814432989691
"linear_sparse_n300_t03_r0028","linear","sparse","paper_adjusted",300,1000,1.9,28,125252966,"HDMT",0.05,"ok",FALSE,0.039999999999992,"ties should not be present for the one-sample Kolmogorov-Smirnov test","","bd7ad139a38508388b14a1084503cd92",13,1,12,20,0.0769230769230769,0.6
"linear_sparse_n300_t03_r0028","linear","sparse","paper_adjusted",300,1000,1.9,28,125252966,"MDACT",0.05,"ok",FALSE,0.0200000000000102,"ties should not be present for the one-sample Kolmogorov-Smirnov test","","54ac5bd7f3738f32f7eab3722d9b1750",14,1,13,20,0.0714285714285714,0.65
"linear_sparse_n300_t03_r0028","linear","sparse","paper_adjusted",300,1000,1.9,28,125252966,"MLFDR",0.05,"ok",FALSE,0.240000000000009,"","","79d089acb117af1db089910138e31c12",17,1,16,20,0.0588235294117647,0.8
"confounded_sparse_n300_t03_r0028","confounded","sparse","paper_adjusted",300,1000,1.9,28,135788620,"HDMT",0.05,"ok",FALSE,0.0300000000000011,"ties should not be present for the one-sample Kolmogorov-Smirnov test","","4036a8394619d1d5e303115e58d32e09",8,0,8,16,0,0.5
"confounded_sparse_n300_t03_r0028","confounded","sparse","paper_adjusted",300,1000,1.9,28,135788620,"MDACT",0.05,"ok",FALSE,0.00999999999999091,"ties should not be present for the one-sample Kolmogorov-Smirnov test","","02102bd7ea7930cdb36ab4956ee14fe2",9,0,9,16,0,0.5625
"confounded_sparse_n300_t03_r0028","confounded","sparse","paper_adjusted",300,1000,1.9,28,135788620,"MLFDR",0.05,"ok",FALSE,0.280000000000001,"","","9c48ea9396dfdf06261c616f7b576555",13,0,13,16,0,0.8125
"binary_sparse_n300_t03_r0028","binary","sparse","paper_adjusted",300,1000,1.9,28,165029163,"HDMT",0.05,"ok",FALSE,0.0300000000000011,"","","95e0021dd99bdcaad53d3738f0524467",15,0,15,17,0,0.882352941176471
"binary_sparse_n300_t03_r0028","binary","sparse","paper_adjusted",300,1000,1.9,28,165029163,"MDACT",0.05,"ok",FALSE,0.00999999999999091,"","","ba51ff93c156ce4699fa4cbae4d38bf6",17,1,16,17,0.0588235294117647,0.941176470588235
"binary_sparse_n300_t03_r0028","binary","sparse","paper_adjusted",300,1000,1.9,28,165029163,"MLFDR",0.05,"ok",FALSE,0.139999999999986,"","","b45c557831b9133913032838cb7cc90c",16,0,16,17,0,0.941176470588235
"linear_dense_n300_t03_r0028","linear","dense","paper_adjusted",300,1000,1.9,28,44779820,"HDMT",0.05,"ok",FALSE,0.0300000000000011,"ties should not be present for the one-sample Kolmogorov-Smirnov test","","848c36e02ede8cea83ee28d82afe2fd2",173,8,165,195,0.046242774566474,0.846153846153846
"linear_dense_n300_t03_r0028","linear","dense","paper_adjusted",300,1000,1.9,28,44779820,"MDACT",0.05,"ok",FALSE,0.0200000000000102,"ties should not be present for the one-sample Kolmogorov-Smirnov test","","94d88a23f3b2941e7cccfdeb718941bc",174,8,166,195,0.0459770114942529,0.851282051282051
"linear_dense_n300_t03_r0028","linear","dense","paper_adjusted",300,1000,1.9,28,44779820,"MLFDR",0.05,"ok",FALSE,0.210000000000008,"","","e77077b4c56686e4747e64b5b3e652ca",190,9,181,195,0.0473684210526316,0.928205128205128
"confounded_dense_n300_t03_r0028","confounded","dense","paper_adjusted",300,1000,1.9,28,126794140,"HDMT",0.05,"ok",FALSE,0.0300000000000011,"ties should not be present for the one-sample Kolmogorov-Smirnov test","","3e8522c42e1bda1e68bd6b2fe8bb2279",193,10,183,234,0.0518134715025907,0.782051282051282
"confounded_dense_n300_t03_r0028","confounded","dense","paper_adjusted",300,1000,1.9,28,126794140,"MDACT",0.05,"ok",FALSE,0.00999999999999091,"ties should not be present for the one-sample Kolmogorov-Smirnov test","","14d8fc9b243c9e54aff9860c50ad5311",197,13,184,234,0.065989847715736,0.786324786324786
"confounded_dense_n300_t03_r0028","confounded","dense","paper_adjusted",300,1000,1.9,28,126794140,"MLFDR",0.05,"ok",FALSE,0.199999999999989,"","","f44500b04fe9f2ee84b3dc48e7d145cc",229,9,220,234,0.0393013100436681,0.94017094017094
"binary_dense_n300_t03_r0028","binary","dense","paper_adjusted",300,1000,1.9,28,106160979,"HDMT",0.05,"ok",FALSE,0.0300000000000011,"","","66d69b0acd87b0d9367d9bfbcbea89e8",199,12,187,213,0.0603015075376884,0.877934272300469
"binary_dense_n300_t03_r0028","binary","dense","paper_adjusted",300,1000,1.9,28,106160979,"MDACT",0.05,"ok",FALSE,0,"","","30661c2966df0e7c084f8b73a1affee7",195,10,185,213,0.0512820512820513,0.868544600938967
"binary_dense_n300_t03_r0028","binary","dense","paper_adjusted",300,1000,1.9,28,106160979,"MLFDR",0.05,"ok",FALSE,0.159999999999997,"","","32403dce218ad94e41f146a90167c8ee",217,14,203,213,0.0645161290322581,0.953051643192488
"linear_sparse_n300_t01_r0029","linear","sparse","paper_adjusted",300,1000,1.1,29,138480095,"HDMT",0.05,"ok",FALSE,0.0300000000000011,"ties should not be present for the one-sample Kolmogorov-Smirnov test","","f5ac218eba76893869c69e207f486b4a",6,0,6,17,0,0.352941176470588
"linear_sparse_n300_t01_r0029","linear","sparse","paper_adjusted",300,1000,1.1,29,138480095,"MDACT",0.05,"ok",FALSE,0.0199999999999818,"ties should not be present for the one-sample Kolmogorov-Smirnov test","","762f9070e08b32ac74db4642113cc3a2",6,0,6,17,0,0.352941176470588
"linear_sparse_n300_t01_r0029","linear","sparse","paper_adjusted",300,1000,1.1,29,138480095,"MLFDR",0.05,"ok",FALSE,0.349999999999994,"","","917ebefcb710deefe1e26081cae736b2",9,0,9,17,0,0.529411764705882
"confounded_sparse_n300_t01_r0029","confounded","sparse","paper_adjusted",300,1000,1.1,29,174744876,"HDMT",0.05,"ok",FALSE,0.0499999999999829,"ties should not be present for the one-sample Kolmogorov-Smirnov test","","f1a1cc508cacea07a21f856d294fec66",4,0,4,13,0,0.307692307692308
"confounded_sparse_n300_t01_r0029","confounded","sparse","paper_adjusted",300,1000,1.1,29,174744876,"MDACT",0.05,"ok",FALSE,0.00999999999999091,"ties should not be present for the one-sample Kolmogorov-Smirnov test","","0802b3914a73207faca2b24335c8a2e5",4,0,4,13,0,0.307692307692308
"confounded_sparse_n300_t01_r0029","confounded","sparse","paper_adjusted",300,1000,1.1,29,174744876,"MLFDR",0.05,"ok",FALSE,0.469999999999999,"","","f97032e307fb63682a725f709bbb01e2",4,0,4,13,0,0.307692307692308
"binary_sparse_n300_t01_r0029","binary","sparse","paper_adjusted",300,1000,1.1,29,94624939,"HDMT",0.05,"ok",FALSE,0.0300000000000011,"","","fcc1fb87bc6199adb28bc2641933dae6",1,0,1,18,0,0.0555555555555556
"binary_sparse_n300_t01_r0029","binary","sparse","paper_adjusted",300,1000,1.1,29,94624939,"MDACT",0.05,"ok",FALSE,0.0199999999999818,"","","18d8cecbf27d8e72b74da4b80997e081",4,0,4,18,0,0.222222222222222
"binary_sparse_n300_t01_r0029","binary","sparse","paper_adjusted",300,1000,1.1,29,94624939,"MLFDR",0.05,"ok",FALSE,0.689999999999998,"","","05d07b55bcd04cdbead0f0ef2cfb3623",7,0,7,18,0,0.388888888888889
"linear_dense_n300_t01_r0029","linear","dense","paper_adjusted",300,1000,1.1,29,81482729,"HDMT",0.05,"ok",FALSE,0.0300000000000011,"ties should not be present for the one-sample Kolmogorov-Smirnov test","","2114c8162285c18bdc902ee3531125a1",21,0,21,198,0,0.106060606060606
"linear_dense_n300_t01_r0029","linear","dense","paper_adjusted",300,1000,1.1,29,81482729,"MDACT",0.05,"ok",FALSE,0.0199999999999818,"ties should not be present for the one-sample Kolmogorov-Smirnov test","","bb34a4a7246abfb5e3031bebd3e93291",21,0,21,198,0,0.106060606060606
"linear_dense_n300_t01_r0029","linear","dense","paper_adjusted",300,1000,1.1,29,81482729,"MLFDR",0.05,"ok",FALSE,1.16,"","","43b6345a485db7ff1699144da64f1b9e",70,3,67,198,0.0428571428571429,0.338383838383838
"confounded_dense_n300_t01_r0029","confounded","dense","paper_adjusted",300,1000,1.1,29,210623568,"HDMT",0.05,"ok",FALSE,0.0300000000000011,"ties should not be present for the one-sample Kolmogorov-Smirnov test","","a14213c789fe18ecfabc49fac26646e5",33,0,33,198,0,0.166666666666667
"confounded_dense_n300_t01_r0029","confounded","dense","paper_adjusted",300,1000,1.1,29,210623568,"MDACT",0.05,"ok",FALSE,0,"ties should not be present for the one-sample Kolmogorov-Smirnov test","","a4f6e6f482fcc7ce5f997e068d68a11d",40,1,39,198,0.025,0.196969696969697
"confounded_dense_n300_t01_r0029","confounded","dense","paper_adjusted",300,1000,1.1,29,210623568,"MLFDR",0.05,"ok",FALSE,0.859999999999985,"","","3fdbfbc9a054e33294fb5027dfbe49b9",102,7,95,198,0.0686274509803922,0.47979797979798
"binary_dense_n300_t01_r0029","binary","dense","paper_adjusted",300,1000,1.1,29,193313400,"HDMT",0.05,"ok",FALSE,0.0100000000000193,"","","f6a6dbc05cb085fe22ce63426eec16ec",57,5,52,207,0.087719298245614,0.251207729468599
"binary_dense_n300_t01_r0029","binary","dense","paper_adjusted",300,1000,1.1,29,193313400,"MDACT",0.05,"ok",FALSE,0.0199999999999818,"","","5474f47174253d62add3a75657a70cad",65,5,60,207,0.0769230769230769,0.289855072463768
"binary_dense_n300_t01_r0029","binary","dense","paper_adjusted",300,1000,1.1,29,193313400,"MLFDR",0.05,"ok",FALSE,0.449999999999989,"","","fa3e784a0c412990c94ebbfff87e039a",117,8,109,207,0.0683760683760684,0.526570048309179
"linear_sparse_n300_t02_r0029","linear","sparse","paper_adjusted",300,1000,1.5,29,107741948,"HDMT",0.05,"ok",FALSE,0.0300000000000011,"ties should not be present for the one-sample Kolmogorov-Smirnov test","","8c3c871cf40d690eb9cd7a99d2daebee",11,1,10,18,0.0909090909090909,0.555555555555556
"linear_sparse_n300_t02_r0029","linear","sparse","paper_adjusted",300,1000,1.5,29,107741948,"MDACT",0.05,"ok",FALSE,0.00999999999999091,"ties should not be present for the one-sample Kolmogorov-Smirnov test","","6ea232c2fb41fbf3f202149e86e9a428",8,1,7,18,0.125,0.388888888888889
"linear_sparse_n300_t02_r0029","linear","sparse","paper_adjusted",300,1000,1.5,29,107741948,"MLFDR",0.05,"ok",FALSE,0.389999999999986,"","","2a1b8ede5418e7b50c99673d0675b79a",14,1,13,18,0.0714285714285714,0.722222222222222
"confounded_sparse_n300_t02_r0029","confounded","sparse","paper_adjusted",300,1000,1.5,29,54341261,"HDMT",0.05,"ok",FALSE,0.0300000000000011,"ties should not be present for the one-sample Kolmogorov-Smirnov test","","9380a33da422bea9bb6657026dc3b001",5,0,5,20,0,0.25
"confounded_sparse_n300_t02_r0029","confounded","sparse","paper_adjusted",300,1000,1.5,29,54341261,"MDACT",0.05,"ok",FALSE,0,"ties should not be present for the one-sample Kolmogorov-Smirnov test","","cf2bd1e3a4080a4777f9e365c8ea105d",5,0,5,20,0,0.25
"confounded_sparse_n300_t02_r0029","confounded","sparse","paper_adjusted",300,1000,1.5,29,54341261,"MLFDR",0.05,"ok",FALSE,0.289999999999992,"","","3c707fa40cc0786907c324a91da331b9",10,0,10,20,0,0.5
"binary_sparse_n300_t02_r0029","binary","sparse","paper_adjusted",300,1000,1.5,29,37286747,"HDMT",0.05,"ok",FALSE,0.039999999999992,"","","0f8b2fbfe5a5b70015dec00c999500bb",9,1,8,22,0.111111111111111,0.363636363636364
"binary_sparse_n300_t02_r0029","binary","sparse","paper_adjusted",300,1000,1.5,29,37286747,"MDACT",0.05,"ok",FALSE,0.0200000000000102,"","","7770ab8cd1863980a1ec270afc6f7376",15,1,14,22,0.0666666666666667,0.636363636363636
"binary_sparse_n300_t02_r0029","binary","sparse","paper_adjusted",300,1000,1.5,29,37286747,"MLFDR",0.05,"ok",FALSE,0.189999999999998,"","","8ed51d1dc992ce4875bcb1a135dc7757",14,1,13,22,0.0714285714285714,0.590909090909091
"linear_dense_n300_t02_r0029","linear","dense","paper_adjusted",300,1000,1.5,29,115591810,"HDMT",0.05,"ok",FALSE,0.0300000000000011,"ties should not be present for the one-sample Kolmogorov-Smirnov test","","c8084777a47b58aec555288414c691a3",126,4,122,209,0.0317460317460317,0.583732057416268
"linear_dense_n300_t02_r0029","linear","dense","paper_adjusted",300,1000,1.5,29,115591810,"MDACT",0.05,"ok",FALSE,0.0200000000000102,"ties should not be present for the one-sample Kolmogorov-Smirnov test","","351abfbeb0bd722307337ff22b3dca2c",140,5,135,209,0.0357142857142857,0.645933014354067
"linear_dense_n300_t02_r0029","linear","dense","paper_adjusted",300,1000,1.5,29,115591810,"MLFDR",0.05,"ok",FALSE,0.329999999999984,"","","d401baf64c38e7c2956584e4b60bd230",189,8,181,209,0.0423280423280423,0.866028708133971
"confounded_dense_n300_t02_r0029","confounded","dense","paper_adjusted",300,1000,1.5,29,129837068,"HDMT",0.05,"ok",FALSE,0.0300000000000011,"ties should not be present for the one-sample Kolmogorov-Smirnov test","","50745f9153bd7a3a76db8174ee7008eb",148,6,142,210,0.0405405405405405,0.676190476190476
"confounded_dense_n300_t02_r0029","confounded","dense","paper_adjusted",300,1000,1.5,29,129837068,"MDACT",0.05,"ok",FALSE,0,"ties should not be present for the one-sample Kolmogorov-Smirnov test","","4ac01f5b54486c642a7485050a83e931",159,8,151,210,0.050314465408805,0.719047619047619
"confounded_dense_n300_t02_r0029","confounded","dense","paper_adjusted",300,1000,1.5,29,129837068,"MLFDR",0.05,"ok",FALSE,0.280000000000001,"","","90735ef1d1e8f989804beacb35187709",198,12,186,210,0.0606060606060606,0.885714285714286
"binary_dense_n300_t02_r0029","binary","dense","paper_adjusted",300,1000,1.5,29,96249572,"HDMT",0.05,"ok",FALSE,0.0300000000000011,"","","43fcf1241e84a86c9efdab551f752001",97,4,93,190,0.0412371134020619,0.489473684210526
"binary_dense_n300_t02_r0029","binary","dense","paper_adjusted",300,1000,1.5,29,96249572,"MDACT",0.05,"ok",FALSE,0.00999999999999091,"","","1deca50378f28eb24673a785c21f5192",114,6,108,190,0.0526315789473684,0.568421052631579
"binary_dense_n300_t02_r0029","binary","dense","paper_adjusted",300,1000,1.5,29,96249572,"MLFDR",0.05,"ok",FALSE,0.280000000000001,"","","9fc69e91b490edd0894b5d730f766fd4",157,10,147,190,0.0636942675159236,0.773684210526316
"linear_sparse_n300_t03_r0029","linear","sparse","paper_adjusted",300,1000,1.9,29,106674060,"HDMT",0.05,"ok",FALSE,0.0300000000000011,"ties should not be present for the one-sample Kolmogorov-Smirnov test","","6571738ba807128fd4c70402b17e78ab",20,1,19,26,0.05,0.730769230769231
"linear_sparse_n300_t03_r0029","linear","sparse","paper_adjusted",300,1000,1.9,29,106674060,"MDACT",0.05,"ok",FALSE,0.0100000000000193,"ties should not be present for the one-sample Kolmogorov-Smirnov test","","d4e34b4ba97a6e044a9571333e1d9005",23,1,22,26,0.0434782608695652,0.846153846153846
"linear_sparse_n300_t03_r0029","linear","sparse","paper_adjusted",300,1000,1.9,29,106674060,"MLFDR",0.05,"ok",FALSE,0.400000000000006,"","","6a243519e26ad3fa2c68172f46038555",26,3,23,26,0.115384615384615,0.884615384615385
"confounded_sparse_n300_t03_r0029","confounded","sparse","paper_adjusted",300,1000,1.9,29,160300524,"HDMT",0.05,"ok",FALSE,0.0300000000000011,"ties should not be present for the one-sample Kolmogorov-Smirnov test","","e94885a45053c88931dd88a17672a406",13,0,13,17,0,0.764705882352941
"confounded_sparse_n300_t03_r0029","confounded","sparse","paper_adjusted",300,1000,1.9,29,160300524,"MDACT",0.05,"ok",FALSE,0.0200000000000102,"ties should not be present for the one-sample Kolmogorov-Smirnov test","","2819699b43d7753731f916840f206f97",16,1,15,17,0.0625,0.882352941176471
"confounded_sparse_n300_t03_r0029","confounded","sparse","paper_adjusted",300,1000,1.9,29,160300524,"MLFDR",0.05,"ok",FALSE,0.189999999999998,"","","fc8cc75786feca6c835fa17e5b0c84e1",17,1,16,17,0.0588235294117647,0.941176470588235
"binary_sparse_n300_t03_r0029","binary","sparse","paper_adjusted",300,1000,1.9,29,2733096,"HDMT",0.05,"ok",FALSE,0.0400000000000205,"","","f12b2c716b315ccd90dcec930ff2758b",7,0,7,18,0,0.388888888888889
"binary_sparse_n300_t03_r0029","binary","sparse","paper_adjusted",300,1000,1.9,29,2733096,"MDACT",0.05,"ok",FALSE,0.0200000000000102,"","","49e9d1c0930c08850743e5e802876ddd",3,0,3,18,0,0.166666666666667
"binary_sparse_n300_t03_r0029","binary","sparse","paper_adjusted",300,1000,1.9,29,2733096,"MLFDR",0.05,"ok",FALSE,0.300000000000011,"","","25260876e7880a74ce8a12825bfbdca5",13,0,13,18,0,0.722222222222222
"linear_dense_n300_t03_r0029","linear","dense","paper_adjusted",300,1000,1.9,29,10662097,"HDMT",0.05,"ok",FALSE,0.039999999999992,"ties should not be present for the one-sample Kolmogorov-Smirnov test","","9c272d5de3ae8887bca6dbb34b256a0c",205,20,185,206,0.0975609756097561,0.898058252427185
"linear_dense_n300_t03_r0029","linear","dense","paper_adjusted",300,1000,1.9,29,10662097,"MDACT",0.05,"ok",FALSE,0.0199999999999818,"ties should not be present for the one-sample Kolmogorov-Smirnov test","","6c05387fd4797066c6be111be6117dd3",209,19,190,206,0.0909090909090909,0.922330097087379
"linear_dense_n300_t03_r0029","linear","dense","paper_adjusted",300,1000,1.9,29,10662097,"MLFDR",0.05,"ok",FALSE,0.169999999999987,"","","1deb665611b60c55e958adbf92c21642",212,11,201,206,0.0518867924528302,0.975728155339806
"confounded_dense_n300_t03_r0029","confounded","dense","paper_adjusted",300,1000,1.9,29,247569682,"HDMT",0.05,"ok",FALSE,0.0300000000000011,"ties should not be present for the one-sample Kolmogorov-Smirnov test","","da32a9b04715ee083f0d742ba3554d58",182,6,176,212,0.032967032967033,0.830188679245283
"confounded_dense_n300_t03_r0029","confounded","dense","paper_adjusted",300,1000,1.9,29,247569682,"MDACT",0.05,"ok",FALSE,0.0200000000000102,"ties should not be present for the one-sample Kolmogorov-Smirnov test","","3f0fc2bbc1b599d3162e475f532c3e69",186,5,181,212,0.0268817204301075,0.85377358490566
"confounded_dense_n300_t03_r0029","confounded","dense","paper_adjusted",300,1000,1.9,29,247569682,"MLFDR",0.05,"ok",FALSE,0.25,"","","3308ebc24b931bccb0f133c2b7691f11",217,13,204,212,0.0599078341013825,0.962264150943396
"binary_dense_n300_t03_r0029","binary","dense","paper_adjusted",300,1000,1.9,29,124375432,"HDMT",0.05,"ok",FALSE,0.00999999999999091,"","","c144518cc46880241f3aa5b9a87a0e1f",172,7,165,189,0.0406976744186047,0.873015873015873
"binary_dense_n300_t03_r0029","binary","dense","paper_adjusted",300,1000,1.9,29,124375432,"MDACT",0.05,"ok",FALSE,0.0199999999999818,"","","4863747337ea323f3e224bb83318a312",172,7,165,189,0.0406976744186047,0.873015873015873
"binary_dense_n300_t03_r0029","binary","dense","paper_adjusted",300,1000,1.9,29,124375432,"MLFDR",0.05,"ok",FALSE,0.25,"","","8f85cdfb6172c9923a59d2442be9bcca",181,2,179,189,0.0110497237569061,0.947089947089947
"linear_sparse_n300_t01_r0030","linear","sparse","paper_adjusted",300,1000,1.1,30,30682037,"HDMT",0.05,"ok",FALSE,0.0300000000000011,"ties should not be present for the one-sample Kolmogorov-Smirnov test","","b408394e7e9d574b9cd44864398e1b4e",6,0,6,11,0,0.545454545454545
"linear_sparse_n300_t01_r0030","linear","sparse","paper_adjusted",300,1000,1.1,30,30682037,"MDACT",0.05,"ok",FALSE,0.0199999999999818,"ties should not be present for the one-sample Kolmogorov-Smirnov test","","8f7c0f3c043ba0401ee97a2b1da8ce3c",3,0,3,11,0,0.272727272727273
"linear_sparse_n300_t01_r0030","linear","sparse","paper_adjusted",300,1000,1.1,30,30682037,"MLFDR",0.05,"ok",FALSE,0.580000000000013,"","","c39b00d9e0393afab7fcd9c0bb5cb26c",5,0,5,11,0,0.454545454545455
"confounded_sparse_n300_t01_r0030","confounded","sparse","paper_adjusted",300,1000,1.1,30,91094204,"HDMT",0.05,"ok",FALSE,0.0200000000000102,"ties should not be present for the one-sample Kolmogorov-Smirnov test","","d51b135227d15b5dd37afb2dbe1bcae4",12,0,12,26,0,0.461538461538462
"confounded_sparse_n300_t01_r0030","confounded","sparse","paper_adjusted",300,1000,1.1,30,91094204,"MDACT",0.05,"ok",FALSE,0.0100000000000193,"ties should not be present for the one-sample Kolmogorov-Smirnov test","","34fb81c9db78f6be61b000bb494bd2ce",13,0,13,26,0,0.5
"confounded_sparse_n300_t01_r0030","confounded","sparse","paper_adjusted",300,1000,1.1,30,91094204,"MLFDR",0.05,"ok",FALSE,0.189999999999998,"","","10f0c09cf42e6743851ae6362c31f480",18,0,18,26,0,0.692307692307692
"binary_sparse_n300_t01_r0030","binary","sparse","paper_adjusted",300,1000,1.1,30,200243127,"HDMT",0.05,"ok",FALSE,0.0300000000000011,"","","ad9619eac7d00ac5fa287707c45d854f",4,0,4,24,0,0.166666666666667
"binary_sparse_n300_t01_r0030","binary","sparse","paper_adjusted",300,1000,1.1,30,200243127,"MDACT",0.05,"ok",FALSE,0.0100000000000193,"","","73570806b4fd12d6d7eea219db4a1a18",5,0,5,24,0,0.208333333333333
"binary_sparse_n300_t01_r0030","binary","sparse","paper_adjusted",300,1000,1.1,30,200243127,"MLFDR",0.05,"ok",FALSE,0.429999999999978,"","","db25a83b83577cd898744f56b380ef57",13,1,12,24,0.0769230769230769,0.5
"linear_dense_n300_t01_r0030","linear","dense","paper_adjusted",300,1000,1.1,30,203181048,"HDMT",0.05,"ok",FALSE,0.0300000000000011,"ties should not be present for the one-sample Kolmogorov-Smirnov test","","949ed69ba0a5bb83c4b285c40348a9df",1,0,1,199,0,0.0050251256281407
"linear_dense_n300_t01_r0030","linear","dense","paper_adjusted",300,1000,1.1,30,203181048,"MDACT",0.05,"ok",FALSE,0.00999999999999091,"ties should not be present for the one-sample Kolmogorov-Smirnov test","","7802ad0a7ea18e1c32faf4040376d0e0",1,0,1,199,0,0.0050251256281407
"linear_dense_n300_t01_r0030","linear","dense","paper_adjusted",300,1000,1.1,30,203181048,"MLFDR",0.05,"ok",FALSE,0.620000000000005,"","","b311be40a3738a8a45b37c94b0b3189d",35,0,35,199,0,0.175879396984925
"confounded_dense_n300_t01_r0030","confounded","dense","paper_adjusted",300,1000,1.1,30,98908221,"HDMT",0.05,"ok",FALSE,0.00999999999999091,"ties should not be present for the one-sample Kolmogorov-Smirnov test","","889e42ba1935bb4b4bac8394deedb147",74,5,69,190,0.0675675675675676,0.363157894736842
"confounded_dense_n300_t01_r0030","confounded","dense","paper_adjusted",300,1000,1.1,30,98908221,"MDACT",0.05,"ok",FALSE,0.0500000000000114,"ties should not be present for the one-sample Kolmogorov-Smirnov test","","cbb9730a7801cd7e0489c0fc0497c710",88,7,81,190,0.0795454545454545,0.426315789473684
"confounded_dense_n300_t01_r0030","confounded","dense","paper_adjusted",300,1000,1.1,30,98908221,"MLFDR",0.05,"ok",FALSE,0.430000000000007,"","","31513f9b6eb0036db400cb1745116397",133,7,126,190,0.0526315789473684,0.663157894736842
"binary_dense_n300_t01_r0030","binary","dense","paper_adjusted",300,1000,1.1,30,215963533,"HDMT",0.05,"ok",FALSE,0.00999999999999091,"","","20ef401cd94929fbc3a05c97d96dbb4c",19,0,19,204,0,0.0931372549019608
"binary_dense_n300_t01_r0030","binary","dense","paper_adjusted",300,1000,1.1,30,215963533,"MDACT",0.05,"ok",FALSE,0,"","","4b18031c05a1684adc68573874fbda1e",43,1,42,204,0.0232558139534884,0.205882352941176
"binary_dense_n300_t01_r0030","binary","dense","paper_adjusted",300,1000,1.1,30,215963533,"MLFDR",0.05,"ok",FALSE,0.29000000000002,"","","c06b63370e3cb18bbf34f7ef8db4c06d",104,9,95,204,0.0865384615384615,0.465686274509804
"linear_sparse_n300_t02_r0030","linear","sparse","paper_adjusted",300,1000,1.5,30,100291791,"HDMT",0.05,"ok",FALSE,0.0300000000000011,"ties should not be present for the one-sample Kolmogorov-Smirnov test","","11f54670bda564c91d664a704780db9b",8,1,7,19,0.125,0.368421052631579
"linear_sparse_n300_t02_r0030","linear","sparse","paper_adjusted",300,1000,1.5,30,100291791,"MDACT",0.05,"ok",FALSE,0,"ties should not be present for the one-sample Kolmogorov-Smirnov test","","55c67bb158b3782457faa4cb903e8c2a",2,0,2,19,0,0.105263157894737
"linear_sparse_n300_t02_r0030","linear","sparse","paper_adjusted",300,1000,1.5,30,100291791,"MLFDR",0.05,"ok",FALSE,0.280000000000001,"","","a37b36f2f30ff289e8633f05388185a9",11,2,9,19,0.181818181818182,0.473684210526316
"confounded_sparse_n300_t02_r0030","confounded","sparse","paper_adjusted",300,1000,1.5,30,111457040,"HDMT",0.05,"ok",FALSE,0.0300000000000011,"ties should not be present for the one-sample Kolmogorov-Smirnov test","","50b336e48f8f06fffa01810d2f7943ad",4,0,4,33,0,0.121212121212121
"confounded_sparse_n300_t02_r0030","confounded","sparse","paper_adjusted",300,1000,1.5,30,111457040,"MDACT",0.05,"ok",FALSE,0,"ties should not be present for the one-sample Kolmogorov-Smirnov test","","38b1106fdc6abd93995860e9582149a8",0,0,0,33,0,0
"confounded_sparse_n300_t02_r0030","confounded","sparse","paper_adjusted",300,1000,1.5,30,111457040,"MLFDR",0.05,"ok",FALSE,0.469999999999999,"","","f421f27a3d7168b45e5407e6e2be01f2",6,0,6,33,0,0.181818181818182
"binary_sparse_n300_t02_r0030","binary","sparse","paper_adjusted",300,1000,1.5,30,120524730,"HDMT",0.05,"ok",FALSE,0.0600000000000023,"","","f7073bbe125b2e4de40347e7279daa55",17,0,17,26,0,0.653846153846154
"binary_sparse_n300_t02_r0030","binary","sparse","paper_adjusted",300,1000,1.5,30,120524730,"MDACT",0.05,"ok",FALSE,0.0200000000000102,"","","32379e86d27ca56c9ba830e430d213d0",18,0,18,26,0,0.692307692307692
"binary_sparse_n300_t02_r0030","binary","sparse","paper_adjusted",300,1000,1.5,30,120524730,"MLFDR",0.05,"ok",FALSE,0.610000000000014,"","","9830efc5885542084eac3ce30cb53f06",23,2,21,26,0.0869565217391304,0.807692307692308
"linear_dense_n300_t02_r0030","linear","dense","paper_adjusted",300,1000,1.5,30,121684176,"HDMT",0.05,"ok",FALSE,0.0300000000000011,"ties should not be present for the one-sample Kolmogorov-Smirnov test","","ec7159a60217af280d32b3e715fbea0c",124,5,119,206,0.0403225806451613,0.577669902912621
"linear_dense_n300_t02_r0030","linear","dense","paper_adjusted",300,1000,1.5,30,121684176,"MDACT",0.05,"ok",FALSE,0,"ties should not be present for the one-sample Kolmogorov-Smirnov test","","23ae21cf070fc1a586b897b78b31a405",126,7,119,206,0.0555555555555556,0.577669902912621
"linear_dense_n300_t02_r0030","linear","dense","paper_adjusted",300,1000,1.5,30,121684176,"MLFDR",0.05,"ok",FALSE,0.239999999999981,"","","3dbf3b82f4c7bc05a7a2d55f3a158a1e",181,11,170,206,0.0607734806629834,0.825242718446602
"confounded_dense_n300_t02_r0030","confounded","dense","paper_adjusted",300,1000,1.5,30,172347984,"HDMT",0.05,"ok",FALSE,0.00999999999999091,"ties should not be present for the one-sample Kolmogorov-Smirnov test","","004fd2701568e630dedd838e3f9e78cb",134,1,133,227,0.00746268656716418,0.585903083700441
"confounded_dense_n300_t02_r0030","confounded","dense","paper_adjusted",300,1000,1.5,30,172347984,"MDACT",0.05,"ok",FALSE,0,"ties should not be present for the one-sample Kolmogorov-Smirnov test","","d2182b0603ab9fd82a8f05d4df5c98f0",142,1,141,227,0.00704225352112676,0.621145374449339
"confounded_dense_n300_t02_r0030","confounded","dense","paper_adjusted",300,1000,1.5,30,172347984,"MLFDR",0.05,"ok",FALSE,0.310000000000002,"","","b2ff62ff8b9ce56dc195e63793e68088",195,10,185,227,0.0512820512820513,0.814977973568282
"binary_dense_n300_t02_r0030","binary","dense","paper_adjusted",300,1000,1.5,30,119517574,"HDMT",0.05,"ok",FALSE,0.0300000000000011,"","","0b0382ea59951ced735e543a490bbce1",118,0,118,210,0,0.561904761904762
"binary_dense_n300_t02_r0030","binary","dense","paper_adjusted",300,1000,1.5,30,119517574,"MDACT",0.05,"ok",FALSE,0.0300000000000011,"","","9ef101cddbb31e2215ec12f75e6a128e",120,0,120,210,0,0.571428571428571
"binary_dense_n300_t02_r0030","binary","dense","paper_adjusted",300,1000,1.5,30,119517574,"MLFDR",0.05,"ok",FALSE,0.330000000000013,"","","81969ca6ced0a6c2ea341797a613e64d",178,6,172,210,0.0337078651685393,0.819047619047619
"linear_sparse_n300_t03_r0030","linear","sparse","paper_adjusted",300,1000,1.9,30,251915556,"HDMT",0.05,"ok",FALSE,0.0300000000000011,"ties should not be present for the one-sample Kolmogorov-Smirnov test","","4ecaa9eab0c1aad7a9c720577194a6c0",7,0,7,18,0,0.388888888888889
"linear_sparse_n300_t03_r0030","linear","sparse","paper_adjusted",300,1000,1.9,30,251915556,"MDACT",0.05,"ok",FALSE,0.00999999999999091,"ties should not be present for the one-sample Kolmogorov-Smirnov test","","6070693d996d5e53c68b7eac7f974004",8,0,8,18,0,0.444444444444444
"linear_sparse_n300_t03_r0030","linear","sparse","paper_adjusted",300,1000,1.9,30,251915556,"MLFDR",0.05,"ok",FALSE,0.889999999999986,"","","3595e91ecd0a1d4f4f7d981e3cca85ff",13,1,12,18,0.0769230769230769,0.666666666666667
"confounded_sparse_n300_t03_r0030","confounded","sparse","paper_adjusted",300,1000,1.9,30,156939730,"HDMT",0.05,"ok",FALSE,0.0100000000000193,"ties should not be present for the one-sample Kolmogorov-Smirnov test","","42c4a64885d24c65543808b5e2f4f224",25,9,16,17,0.36,0.941176470588235
"confounded_sparse_n300_t03_r0030","confounded","sparse","paper_adjusted",300,1000,1.9,30,156939730,"MDACT",0.05,"ok",FALSE,0,"ties should not be present for the one-sample Kolmogorov-Smirnov test","","696b02ec40bdb00a372ade3259565883",22,7,15,17,0.318181818181818,0.882352941176471
"confounded_sparse_n300_t03_r0030","confounded","sparse","paper_adjusted",300,1000,1.9,30,156939730,"MLFDR",0.05,"ok",FALSE,0.169999999999987,"","","2ecd875fd80709cca0c83a38709be589",16,0,16,17,0,0.941176470588235
"binary_sparse_n300_t03_r0030","binary","sparse","paper_adjusted",300,1000,1.9,30,99388125,"HDMT",0.05,"ok",FALSE,0.0300000000000011,"","","e35108accc2b1d19cb220d6b2a35ff6e",13,0,13,19,0,0.684210526315789
"binary_sparse_n300_t03_r0030","binary","sparse","paper_adjusted",300,1000,1.9,30,99388125,"MDACT",0.05,"ok",FALSE,0,"","","f3b1e63288f17e8556c852d48126dc7e",14,0,14,19,0,0.736842105263158
"binary_sparse_n300_t03_r0030","binary","sparse","paper_adjusted",300,1000,1.9,30,99388125,"MLFDR",0.05,"ok",FALSE,0.170000000000016,"","","4d11d6244dbc01643a369d2ae4f55b6b",18,2,16,19,0.111111111111111,0.842105263157895
"linear_dense_n300_t03_r0030","linear","dense","paper_adjusted",300,1000,1.9,30,13667509,"HDMT",0.05,"ok",FALSE,0.0300000000000011,"ties should not be present for the one-sample Kolmogorov-Smirnov test","","75f99c476a5e4ced2e7a287715c5f74c",162,7,155,176,0.0432098765432099,0.880681818181818
"linear_dense_n300_t03_r0030","linear","dense","paper_adjusted",300,1000,1.9,30,13667509,"MDACT",0.05,"ok",FALSE,0.0100000000000193,"ties should not be present for the one-sample Kolmogorov-Smirnov test","","58b1788f2d230dd2b9086ddadfaa46f3",165,8,157,176,0.0484848484848485,0.892045454545455
"linear_dense_n300_t03_r0030","linear","dense","paper_adjusted",300,1000,1.9,30,13667509,"MLFDR",0.05,"ok",FALSE,0.170000000000016,"","","7cdb5b1522ae830e70bdd9af487b0708",179,10,169,176,0.0558659217877095,0.960227272727273
"confounded_dense_n300_t03_r0030","confounded","dense","paper_adjusted",300,1000,1.9,30,217490545,"HDMT",0.05,"ok",FALSE,0.0300000000000011,"ties should not be present for the one-sample Kolmogorov-Smirnov test","","63e1c89e2f7d20932d4767c7076214d4",156,9,147,188,0.0576923076923077,0.781914893617021
"confounded_dense_n300_t03_r0030","confounded","dense","paper_adjusted",300,1000,1.9,30,217490545,"MDACT",0.05,"ok",FALSE,0.0200000000000102,"ties should not be present for the one-sample Kolmogorov-Smirnov test","","eb1190628a31afc7f4be087bc6a727f4",163,9,154,188,0.0552147239263804,0.819148936170213
"confounded_dense_n300_t03_r0030","confounded","dense","paper_adjusted",300,1000,1.9,30,217490545,"MLFDR",0.05,"ok",FALSE,0.240000000000009,"","","143475aca27cbcde61a537a53924e1f9",186,11,175,188,0.0591397849462366,0.930851063829787
"binary_dense_n300_t03_r0030","binary","dense","paper_adjusted",300,1000,1.9,30,72733295,"HDMT",0.05,"ok",FALSE,0.0100000000000193,"","","73ef04a644210cc9f595d2ccbde39207",130,4,126,161,0.0307692307692308,0.782608695652174
"binary_dense_n300_t03_r0030","binary","dense","paper_adjusted",300,1000,1.9,30,72733295,"MDACT",0.05,"ok",FALSE,0.0100000000000193,"","","181ec4c3fb73ec52ce6ecebb4ef2dfd6",132,4,128,161,0.0303030303030303,0.795031055900621
"binary_dense_n300_t03_r0030","binary","dense","paper_adjusted",300,1000,1.9,30,72733295,"MLFDR",0.05,"ok",FALSE,0.170000000000016,"","","d5e213a28aa6eb8563cf176c8d47c3f6",152,9,143,161,0.0592105263157895,0.888198757763975
"linear_sparse_n300_t01_r0031","linear","sparse","paper_adjusted",300,1000,1.1,31,2187012,"HDMT",0.05,"ok",FALSE,0.0300000000000011,"ties should not be present for the one-sample Kolmogorov-Smirnov test","","b0fbbad19d47c4d0197c64ac1cdb5b9f",9,1,8,19,0.111111111111111,0.421052631578947
"linear_sparse_n300_t01_r0031","linear","sparse","paper_adjusted",300,1000,1.1,31,2187012,"MDACT",0.05,"ok",FALSE,0.0199999999999818,"ties should not be present for the one-sample Kolmogorov-Smirnov test","","d7e275a1077885e9d23dc9d3cb20a7e6",10,2,8,19,0.2,0.421052631578947
"linear_sparse_n300_t01_r0031","linear","sparse","paper_adjusted",300,1000,1.1,31,2187012,"MLFDR",0.05,"ok",FALSE,0.400000000000006,"","","b977f84e29d19b806aee73e9a9ad0a03",9,0,9,19,0,0.473684210526316
"confounded_sparse_n300_t01_r0031","confounded","sparse","paper_adjusted",300,1000,1.1,31,10977484,"HDMT",0.05,"ok",FALSE,0.0200000000000102,"ties should not be present for the one-sample Kolmogorov-Smirnov test","","f019c53990d9147fe1e0a5aed039a6f4",9,0,9,23,0,0.391304347826087
"confounded_sparse_n300_t01_r0031","confounded","sparse","paper_adjusted",300,1000,1.1,31,10977484,"MDACT",0.05,"ok",FALSE,0.0200000000000102,"ties should not be present for the one-sample Kolmogorov-Smirnov test","","39e6b2748f95307fc2cd4c889d1d4fc0",11,0,11,23,0,0.478260869565217
"confounded_sparse_n300_t01_r0031","confounded","sparse","paper_adjusted",300,1000,1.1,31,10977484,"MLFDR",0.05,"ok",FALSE,0.449999999999989,"","","3df57f8f0cededb23f487c14d88ba58d",16,0,16,23,0,0.695652173913043
"binary_sparse_n300_t01_r0031","binary","sparse","paper_adjusted",300,1000,1.1,31,205359019,"HDMT",0.05,"ok",FALSE,0.0500000000000114,"","","08294c633185604f111add095e119635",3,0,3,13,0,0.230769230769231
"binary_sparse_n300_t01_r0031","binary","sparse","paper_adjusted",300,1000,1.1,31,205359019,"MDACT",0.05,"ok",FALSE,0.00999999999999091,"","","5eddda578b02745d54e1cc18475d3181",1,0,1,13,0,0.0769230769230769
"binary_sparse_n300_t01_r0031","binary","sparse","paper_adjusted",300,1000,1.1,31,205359019,"MLFDR",0.05,"ok",FALSE,1.10999999999999,"","","1b8a43f60eece1414eb87a246af2e4bf",1,0,1,13,0,0.0769230769230769
"linear_dense_n300_t01_r0031","linear","dense","paper_adjusted",300,1000,1.1,31,251853642,"HDMT",0.05,"ok",FALSE,0.0300000000000011,"ties should not be present for the one-sample Kolmogorov-Smirnov test","","c6095a482e8ae365ce7264bda4ddfd2c",45,1,44,207,0.0222222222222222,0.21256038647343
"linear_dense_n300_t01_r0031","linear","dense","paper_adjusted",300,1000,1.1,31,251853642,"MDACT",0.05,"ok",FALSE,0.0100000000000193,"ties should not be present for the one-sample Kolmogorov-Smirnov test","","025ab8cfc4dfaa70068710d39332956a",60,2,58,207,0.0333333333333333,0.280193236714976
"linear_dense_n300_t01_r0031","linear","dense","paper_adjusted",300,1000,1.1,31,251853642,"MLFDR",0.05,"ok",FALSE,0.620000000000005,"","","94d4a40503c8c1449ce16f0ebdd6406c",130,4,126,207,0.0307692307692308,0.608695652173913
"confounded_dense_n300_t01_r0031","confounded","dense","paper_adjusted",300,1000,1.1,31,55591636,"HDMT",0.05,"ok",FALSE,0.0300000000000011,"ties should not be present for the one-sample Kolmogorov-Smirnov test","","06528fb3c9f61ef05cc93cffa437ab44",57,2,55,200,0.0350877192982456,0.275
"confounded_dense_n300_t01_r0031","confounded","dense","paper_adjusted",300,1000,1.1,31,55591636,"MDACT",0.05,"ok",FALSE,0,"ties should not be present for the one-sample Kolmogorov-Smirnov test","","bf76521a5c64e126fca8f368a37ae7a4",82,5,77,200,0.0609756097560976,0.385
"confounded_dense_n300_t01_r0031","confounded","dense","paper_adjusted",300,1000,1.1,31,55591636,"MLFDR",0.05,"ok",FALSE,0.22999999999999,"","","34209258bbaa6f3ffad93398be7bbaa4",139,10,129,200,0.0719424460431655,0.645
"binary_dense_n300_t01_r0031","binary","dense","paper_adjusted",300,1000,1.1,31,3674881,"HDMT",0.05,"ok",FALSE,0.039999999999992,"","","6974bff0b69e0066c9f9605834feeee6",27,1,26,208,0.037037037037037,0.125
"binary_dense_n300_t01_r0031","binary","dense","paper_adjusted",300,1000,1.1,31,3674881,"MDACT",0.05,"ok",FALSE,0,"","","2e637e8df98804f8d9d61997030afc6b",49,3,46,208,0.0612244897959184,0.221153846153846
"binary_dense_n300_t01_r0031","binary","dense","paper_adjusted",300,1000,1.1,31,3674881,"MLFDR",0.05,"ok",FALSE,0.439999999999998,"","","b03bd896676d7eebd96d6ece547303df",77,3,74,208,0.038961038961039,0.355769230769231
"linear_sparse_n300_t02_r0031","linear","sparse","paper_adjusted",300,1000,1.5,31,199192645,"HDMT",0.05,"ok",FALSE,0.0300000000000011,"ties should not be present for the one-sample Kolmogorov-Smirnov test","","b3ac535b39ee511d5cc4d68bb3d0bd10",7,0,7,18,0,0.388888888888889
"linear_sparse_n300_t02_r0031","linear","sparse","paper_adjusted",300,1000,1.5,31,199192645,"MDACT",0.05,"ok",FALSE,0.0199999999999818,"ties should not be present for the one-sample Kolmogorov-Smirnov test","","8b128b13f35b18d9204c1bea529515c6",8,0,8,18,0,0.444444444444444
"linear_sparse_n300_t02_r0031","linear","sparse","paper_adjusted",300,1000,1.5,31,199192645,"MLFDR",0.05,"ok",FALSE,0.259999999999991,"","","1cc437c53f5c67d22aca2468a35806ba",15,0,15,18,0,0.833333333333333
"confounded_sparse_n300_t02_r0031","confounded","sparse","paper_adjusted",300,1000,1.5,31,101252997,"HDMT",0.05,"ok",FALSE,0.0199999999999818,"ties should not be present for the one-sample Kolmogorov-Smirnov test","","24187f1335322f75b57f8c9c7dd041e5",12,0,12,24,0,0.5
"confounded_sparse_n300_t02_r0031","confounded","sparse","paper_adjusted",300,1000,1.5,31,101252997,"MDACT",0.05,"ok",FALSE,0.0100000000000193,"ties should not be present for the one-sample Kolmogorov-Smirnov test","","04a8ade51467c394d5ee8cf5265a68e6",16,1,15,24,0.0625,0.625
"confounded_sparse_n300_t02_r0031","confounded","sparse","paper_adjusted",300,1000,1.5,31,101252997,"MLFDR",0.05,"ok",FALSE,0.25,"","","dd57b359aecd2087b888dda30fbc8a12",19,2,17,24,0.105263157894737,0.708333333333333
"binary_sparse_n300_t02_r0031","binary","sparse","paper_adjusted",300,1000,1.5,31,237841432,"HDMT",0.05,"ok",FALSE,0.0300000000000011,"","","a6cec7829672d5d363101ca11fa306e3",12,0,12,18,0,0.666666666666667
"binary_sparse_n300_t02_r0031","binary","sparse","paper_adjusted",300,1000,1.5,31,237841432,"MDACT",0.05,"ok",FALSE,0.0200000000000102,"","","c88cb56edd5a9e5ba576db005043d52b",13,0,13,18,0,0.722222222222222
"binary_sparse_n300_t02_r0031","binary","sparse","paper_adjusted",300,1000,1.5,31,237841432,"MLFDR",0.05,"ok",FALSE,0.170000000000016,"","","d3dbb4bf1b2f9c768f7953883c162ebe",16,1,15,18,0.0625,0.833333333333333
"linear_dense_n300_t02_r0031","linear","dense","paper_adjusted",300,1000,1.5,31,211566272,"HDMT",0.05,"ok",FALSE,0.039999999999992,"ties should not be present for the one-sample Kolmogorov-Smirnov test","","1fb3c6eab980e9aa4ba47677710897f8",137,4,133,205,0.0291970802919708,0.648780487804878
"linear_dense_n300_t02_r0031","linear","dense","paper_adjusted",300,1000,1.5,31,211566272,"MDACT",0.05,"ok",FALSE,0,"ties should not be present for the one-sample Kolmogorov-Smirnov test","","367ab12e8c9f4f0ec5cfa63f90d44986",147,6,141,205,0.0408163265306122,0.68780487804878
"linear_dense_n300_t02_r0031","linear","dense","paper_adjusted",300,1000,1.5,31,211566272,"MLFDR",0.05,"ok",FALSE,0.25,"","","174c28092ee2754895330de98cb55da8",197,5,192,205,0.0253807106598985,0.936585365853659
"confounded_dense_n300_t02_r0031","confounded","dense","paper_adjusted",300,1000,1.5,31,226882520,"HDMT",0.05,"ok",FALSE,0.00999999999999091,"ties should not be present for the one-sample Kolmogorov-Smirnov test","","11ae465929f187e35372585a846bf5da",119,5,114,192,0.0420168067226891,0.59375
"confounded_dense_n300_t02_r0031","confounded","dense","paper_adjusted",300,1000,1.5,31,226882520,"MDACT",0.05,"ok",FALSE,0,"ties should not be present for the one-sample Kolmogorov-Smirnov test","","dbdbea28d59334b1dd669fe4e4c5b7ec",121,6,115,192,0.0495867768595041,0.598958333333333
"confounded_dense_n300_t02_r0031","confounded","dense","paper_adjusted",300,1000,1.5,31,226882520,"MLFDR",0.05,"ok",FALSE,0.280000000000001,"","","eea18170180baf030dbc3bf5131b4ab1",164,6,158,192,0.0365853658536585,0.822916666666667
"binary_dense_n300_t02_r0031","binary","dense","paper_adjusted",300,1000,1.5,31,5521716,"HDMT",0.05,"ok",FALSE,0.0300000000000011,"","","a84388b4c9f786e593bcac19b1ee8a21",103,1,102,201,0.00970873786407767,0.507462686567164
"binary_dense_n300_t02_r0031","binary","dense","paper_adjusted",300,1000,1.5,31,5521716,"MDACT",0.05,"ok",FALSE,0.00999999999999091,"","","f8639828f2bded47361752c16668aa50",111,3,108,201,0.027027027027027,0.537313432835821
"binary_dense_n300_t02_r0031","binary","dense","paper_adjusted",300,1000,1.5,31,5521716,"MLFDR",0.05,"ok",FALSE,0.289999999999992,"","","7ca22bfa0dcfc3322e4c3a15139c2e38",151,5,146,201,0.033112582781457,0.72636815920398
"linear_sparse_n300_t03_r0031","linear","sparse","paper_adjusted",300,1000,1.9,31,257547480,"HDMT",0.05,"ok",FALSE,0.0300000000000011,"ties should not be present for the one-sample Kolmogorov-Smirnov test","","b6d0a0c4d9c496b73058ffc4b0779beb",17,0,17,25,0,0.68
"linear_sparse_n300_t03_r0031","linear","sparse","paper_adjusted",300,1000,1.9,31,257547480,"MDACT",0.05,"ok",FALSE,0,"ties should not be present for the one-sample Kolmogorov-Smirnov test","","75fcfe96c3b060a986a67fa902b72c3d",12,0,12,25,0,0.48
"linear_sparse_n300_t03_r0031","linear","sparse","paper_adjusted",300,1000,1.9,31,257547480,"MLFDR",0.05,"ok",FALSE,0.159999999999997,"","","4dd7194d25cd09480420477cde7a4f59",23,0,23,25,0,0.92
"confounded_sparse_n300_t03_r0031","confounded","sparse","paper_adjusted",300,1000,1.9,31,7419588,"HDMT",0.05,"ok",FALSE,0.0300000000000011,"ties should not be present for the one-sample Kolmogorov-Smirnov test","","7cca82a3f38bd24dacad7b7c8eb95383",20,0,20,30,0,0.666666666666667
"confounded_sparse_n300_t03_r0031","confounded","sparse","paper_adjusted",300,1000,1.9,31,7419588,"MDACT",0.05,"ok",FALSE,0,"ties should not be present for the one-sample Kolmogorov-Smirnov test","","e8ac5bb6412bb1e04dfc1a4cbc05572f",12,0,12,30,0,0.4
"confounded_sparse_n300_t03_r0031","confounded","sparse","paper_adjusted",300,1000,1.9,31,7419588,"MLFDR",0.05,"ok",FALSE,0.0900000000000034,"","","b1807dff88af2d0f81ab19f4aaf3cbd8",25,0,25,30,0,0.833333333333333
"binary_sparse_n300_t03_r0031","binary","sparse","paper_adjusted",300,1000,1.9,31,81336098,"HDMT",0.05,"ok",FALSE,0.0100000000000193,"","","d02c2b51e6d7695c320ea747af579c98",19,1,18,20,0.0526315789473684,0.9
"binary_sparse_n300_t03_r0031","binary","sparse","paper_adjusted",300,1000,1.9,31,81336098,"MDACT",0.05,"ok",FALSE,0.00999999999999091,"","","0d4dad421d1f2df0890ab36437032172",20,1,19,20,0.05,0.95
"binary_sparse_n300_t03_r0031","binary","sparse","paper_adjusted",300,1000,1.9,31,81336098,"MLFDR",0.05,"ok",FALSE,0.150000000000006,"","","8ceea2fa75a925930c892201ee7be14a",20,0,20,20,0,1
"linear_dense_n300_t03_r0031","linear","dense","paper_adjusted",300,1000,1.9,31,138968751,"HDMT",0.05,"ok",FALSE,0.0300000000000011,"ties should not be present for the one-sample Kolmogorov-Smirnov test","","3e3ee068ef7672ef99bfe165113a4533",186,5,181,190,0.0268817204301075,0.952631578947368
"linear_dense_n300_t03_r0031","linear","dense","paper_adjusted",300,1000,1.9,31,138968751,"MDACT",0.05,"ok",FALSE,0.0200000000000102,"ties should not be present for the one-sample Kolmogorov-Smirnov test","","760e3527993481ef9e47b1ebad6f7913",185,3,182,190,0.0162162162162162,0.957894736842105
"linear_dense_n300_t03_r0031","linear","dense","paper_adjusted",300,1000,1.9,31,138968751,"MLFDR",0.05,"ok",FALSE,0.150000000000006,"","","d16025507f72134d302b84394da132e0",199,9,190,190,0.0452261306532663,1
"confounded_dense_n300_t03_r0031","confounded","dense","paper_adjusted",300,1000,1.9,31,195817560,"HDMT",0.05,"ok",FALSE,0.0300000000000011,"ties should not be present for the one-sample Kolmogorov-Smirnov test","","e52e45167f20e5197f73634d517285c4",157,6,151,190,0.0382165605095541,0.794736842105263
"confounded_dense_n300_t03_r0031","confounded","dense","paper_adjusted",300,1000,1.9,31,195817560,"MDACT",0.05,"ok",FALSE,0.0100000000000193,"ties should not be present for the one-sample Kolmogorov-Smirnov test","","c7974a61fe2ce04f64ff0faf43a306c6",162,7,155,190,0.0432098765432099,0.815789473684211
"confounded_dense_n300_t03_r0031","confounded","dense","paper_adjusted",300,1000,1.9,31,195817560,"MLFDR",0.05,"ok",FALSE,0.27000000000001,"","","5c30e50694c101939226f7d5b079f164",181,10,171,190,0.0552486187845304,0.9
"binary_dense_n300_t03_r0031","binary","dense","paper_adjusted",300,1000,1.9,31,184425051,"HDMT",0.05,"ok",FALSE,0.0300000000000011,"","","5213c766ff9437482f23bf6b240e915b",168,13,155,201,0.0773809523809524,0.771144278606965
"binary_dense_n300_t03_r0031","binary","dense","paper_adjusted",300,1000,1.9,31,184425051,"MDACT",0.05,"ok",FALSE,0,"","","c6c5402c7a4f29858135f4e9422a1750",173,13,160,201,0.0751445086705202,0.796019900497512
"binary_dense_n300_t03_r0031","binary","dense","paper_adjusted",300,1000,1.9,31,184425051,"MLFDR",0.05,"ok",FALSE,0.269999999999982,"","","40f7ce9073f31384889df7ee8714c830",190,7,183,201,0.0368421052631579,0.91044776119403
"linear_sparse_n300_t01_r0032","linear","sparse","paper_adjusted",300,1000,1.1,32,44410925,"HDMT",0.05,"ok",FALSE,0.0300000000000011,"ties should not be present for the one-sample Kolmogorov-Smirnov test","","4c057afa693c9bb5ea830e6c5ee3f823",2,0,2,32,0,0.0625
"linear_sparse_n300_t01_r0032","linear","sparse","paper_adjusted",300,1000,1.1,32,44410925,"MDACT",0.05,"ok",FALSE,0,"ties should not be present for the one-sample Kolmogorov-Smirnov test","","e2280c6b130b115fe71b9f5643a6219c",3,0,3,32,0,0.09375
"linear_sparse_n300_t01_r0032","linear","sparse","paper_adjusted",300,1000,1.1,32,44410925,"MLFDR",0.05,"ok",FALSE,1.70000000000002,"","","c9d31b694919e7d3066a68dbc43d7eb7",19,1,18,32,0.0526315789473684,0.5625
"confounded_sparse_n300_t01_r0032","confounded","sparse","paper_adjusted",300,1000,1.1,32,181563018,"HDMT",0.05,"ok",FALSE,0.0300000000000011,"ties should not be present for the one-sample Kolmogorov-Smirnov test","","24d4929d62c9844087b4ae90afba290b",2,0,2,16,0,0.125
"confounded_sparse_n300_t01_r0032","confounded","sparse","paper_adjusted",300,1000,1.1,32,181563018,"MDACT",0.05,"ok",FALSE,0.0100000000000193,"ties should not be present for the one-sample Kolmogorov-Smirnov test","","137f577ce820ee45df83521e4193a545",2,0,2,16,0,0.125
"confounded_sparse_n300_t01_r0032","confounded","sparse","paper_adjusted",300,1000,1.1,32,181563018,"MLFDR",0.05,"ok",FALSE,0.530000000000001,"","","5445d76b750b34d9f16b3353b9577c4e",4,0,4,16,0,0.25
"binary_sparse_n300_t01_r0032","binary","sparse","paper_adjusted",300,1000,1.1,32,263402346,"HDMT",0.05,"ok",FALSE,0.0300000000000011,"","","a795191461848c6a1fe635ae66d80c7d",1,0,1,18,0,0.0555555555555556
"binary_sparse_n300_t01_r0032","binary","sparse","paper_adjusted",300,1000,1.1,32,263402346,"MDACT",0.05,"ok",FALSE,0,"","","77f986b4fe66f32700a332860399a121",1,0,1,18,0,0.0555555555555556
"binary_sparse_n300_t01_r0032","binary","sparse","paper_adjusted",300,1000,1.1,32,263402346,"MLFDR",0.05,"ok",FALSE,0.909999999999997,"","","3decd7bc3823c8b4e6cd52a4eb0f03f2",2,0,2,18,0,0.111111111111111
"linear_dense_n300_t01_r0032","linear","dense","paper_adjusted",300,1000,1.1,32,196478589,"HDMT",0.05,"ok",FALSE,0.0300000000000011,"ties should not be present for the one-sample Kolmogorov-Smirnov test","","d6bcf3fced40777468ee8f352f2a03b2",61,1,60,221,0.0163934426229508,0.271493212669683
"linear_dense_n300_t01_r0032","linear","dense","paper_adjusted",300,1000,1.1,32,196478589,"MDACT",0.05,"ok",FALSE,0,"ties should not be present for the one-sample Kolmogorov-Smirnov test","","45e3936ab059aa70bf18d7e127361ad7",69,1,68,221,0.0144927536231884,0.307692307692308
"linear_dense_n300_t01_r0032","linear","dense","paper_adjusted",300,1000,1.1,32,196478589,"MLFDR",0.05,"ok",FALSE,0.860000000000014,"","","2c3b91b5fe1c084e26bc25966b2ee5b9",125,5,120,221,0.04,0.542986425339366
"confounded_dense_n300_t01_r0032","confounded","dense","paper_adjusted",300,1000,1.1,32,11190973,"HDMT",0.05,"ok",FALSE,0.039999999999992,"ties should not be present for the one-sample Kolmogorov-Smirnov test","","a3b64a499cce3bf30260e3c32f4331eb",60,3,57,192,0.05,0.296875
"confounded_dense_n300_t01_r0032","confounded","dense","paper_adjusted",300,1000,1.1,32,11190973,"MDACT",0.05,"ok",FALSE,0,"ties should not be present for the one-sample Kolmogorov-Smirnov test","","da762a581adc00c5d3ceda4e34baa2f7",79,5,74,192,0.0632911392405063,0.385416666666667
"confounded_dense_n300_t01_r0032","confounded","dense","paper_adjusted",300,1000,1.1,32,11190973,"MLFDR",0.05,"ok",FALSE,0.449999999999989,"","","220e151e7ed5e0cc2fa3322518c1f361",133,7,126,192,0.0526315789473684,0.65625
"binary_dense_n300_t01_r0032","binary","dense","paper_adjusted",300,1000,1.1,32,257808862,"HDMT",0.05,"ok",FALSE,0.0300000000000011,"","","04e725cc742b68026708d80168eb7c6e",32,0,32,192,0,0.166666666666667
"binary_dense_n300_t01_r0032","binary","dense","paper_adjusted",300,1000,1.1,32,257808862,"MDACT",0.05,"ok",FALSE,0.00999999999999091,"","","3531fa18d9c5be8bf35630a1e39d9346",55,1,54,192,0.0181818181818182,0.28125
"binary_dense_n300_t01_r0032","binary","dense","paper_adjusted",300,1000,1.1,32,257808862,"MLFDR",0.05,"ok",FALSE,0.419999999999987,"","","f0b31042f2af4b533ab02f09cb0d6d1b",118,4,114,192,0.0338983050847458,0.59375
"linear_sparse_n300_t02_r0032","linear","sparse","paper_adjusted",300,1000,1.5,32,113007717,"HDMT",0.05,"ok",FALSE,0.00999999999999091,"ties should not be present for the one-sample Kolmogorov-Smirnov test","","eee8b66f0faf1adf9194591d1a6d41bd",9,0,9,27,0,0.333333333333333
"linear_sparse_n300_t02_r0032","linear","sparse","paper_adjusted",300,1000,1.5,32,113007717,"MDACT",0.05,"ok",FALSE,0.00999999999999091,"ties should not be present for the one-sample Kolmogorov-Smirnov test","","2b0cd2f43725d9ec94b6cc86b176e9ec",14,0,14,27,0,0.518518518518518
"linear_sparse_n300_t02_r0032","linear","sparse","paper_adjusted",300,1000,1.5,32,113007717,"MLFDR",0.05,"ok",FALSE,0.280000000000001,"","","56b8403d88debcd5e028adee8affa8db",20,1,19,27,0.05,0.703703703703704
"confounded_sparse_n300_t02_r0032","confounded","sparse","paper_adjusted",300,1000,1.5,32,66543434,"HDMT",0.05,"ok",FALSE,0.0199999999999818,"ties should not be present for the one-sample Kolmogorov-Smirnov test","","1396b87ceea38f1dd6f0722ee2371117",0,0,0,15,0,0
"confounded_sparse_n300_t02_r0032","confounded","sparse","paper_adjusted",300,1000,1.5,32,66543434,"MDACT",0.05,"ok",FALSE,0,"ties should not be present for the one-sample Kolmogorov-Smirnov test","","385434a9489f4ac9199190e795d131da",0,0,0,15,0,0
"confounded_sparse_n300_t02_r0032","confounded","sparse","paper_adjusted",300,1000,1.5,32,66543434,"MLFDR",0.05,"ok",FALSE,0.909999999999997,"","","4ed1cd2e47bc7d227a8b0d4db4c37281",1,0,1,15,0,0.0666666666666667
"binary_sparse_n300_t02_r0032","binary","sparse","paper_adjusted",300,1000,1.5,32,117032592,"HDMT",0.05,"ok",FALSE,0.039999999999992,"","","a91ad3a9e036a4244ce2ec42ce771c23",11,0,11,27,0,0.407407407407407
"binary_sparse_n300_t02_r0032","binary","sparse","paper_adjusted",300,1000,1.5,32,117032592,"MDACT",0.05,"ok",FALSE,0.0300000000000011,"","","4ab3d0ea21d8dbf38daaf020c8c46578",13,0,13,27,0,0.481481481481481
"binary_sparse_n300_t02_r0032","binary","sparse","paper_adjusted",300,1000,1.5,32,117032592,"MLFDR",0.05,"ok",FALSE,0.310000000000002,"","","71f4c0a3641efefeefb4a9f09d460e4c",19,1,18,27,0.0526315789473684,0.666666666666667
"linear_dense_n300_t02_r0032","linear","dense","paper_adjusted",300,1000,1.5,32,135911544,"HDMT",0.05,"ok",FALSE,0.0300000000000011,"ties should not be present for the one-sample Kolmogorov-Smirnov test","","2cbec6150e3103eb108ac5821af87926",123,2,121,199,0.016260162601626,0.608040201005025
"linear_dense_n300_t02_r0032","linear","dense","paper_adjusted",300,1000,1.5,32,135911544,"MDACT",0.05,"ok",FALSE,0.0199999999999818,"ties should not be present for the one-sample Kolmogorov-Smirnov test","","41697b5c5d4c69a88b9e57ceb0d88b20",127,3,124,199,0.0236220472440945,0.623115577889447
"linear_dense_n300_t02_r0032","linear","dense","paper_adjusted",300,1000,1.5,32,135911544,"MLFDR",0.05,"ok",FALSE,0.439999999999998,"","","3bde8a892f09c92776801d3c1f0ecb81",172,8,164,199,0.0465116279069767,0.824120603015075
"confounded_dense_n300_t02_r0032","confounded","dense","paper_adjusted",300,1000,1.5,32,35570104,"HDMT",0.05,"ok",FALSE,0.0300000000000011,"ties should not be present for the one-sample Kolmogorov-Smirnov test","","c92854b12a62fc29a8bc4a50da74ae3a",71,1,70,208,0.0140845070422535,0.336538461538462
"confounded_dense_n300_t02_r0032","confounded","dense","paper_adjusted",300,1000,1.5,32,35570104,"MDACT",0.05,"ok",FALSE,0.00999999999999091,"ties should not be present for the one-sample Kolmogorov-Smirnov test","","08cbedcceec29e933fb95a85ad193b24",87,2,85,208,0.0229885057471264,0.408653846153846
"confounded_dense_n300_t02_r0032","confounded","dense","paper_adjusted",300,1000,1.5,32,35570104,"MLFDR",0.05,"ok",FALSE,0.5,"","","618863f5c8ec78add00498dabcc490f9",172,13,159,208,0.0755813953488372,0.764423076923077
"binary_dense_n300_t02_r0032","binary","dense","paper_adjusted",300,1000,1.5,32,180993133,"HDMT",0.05,"ok",FALSE,0.0300000000000011,"","","5af6a7bc385b487ca3e8786a3c5a8c59",149,6,143,214,0.0402684563758389,0.668224299065421
"binary_dense_n300_t02_r0032","binary","dense","paper_adjusted",300,1000,1.5,32,180993133,"MDACT",0.05,"ok",FALSE,0,"","","0ee3ac71c08b0d22eca4dc1452fb2519",160,8,152,214,0.05,0.710280373831776
"binary_dense_n300_t02_r0032","binary","dense","paper_adjusted",300,1000,1.5,32,180993133,"MLFDR",0.05,"ok",FALSE,0.310000000000002,"","","d423603fb917a0262bcd554fb7814205",199,10,189,214,0.050251256281407,0.883177570093458
"linear_sparse_n300_t03_r0032","linear","sparse","paper_adjusted",300,1000,1.9,32,166846803,"HDMT",0.05,"ok",FALSE,0.0300000000000011,"ties should not be present for the one-sample Kolmogorov-Smirnov test","","0ea4070bfa317eafe4bf7a24343556e5",16,1,15,18,0.0625,0.833333333333333
"linear_sparse_n300_t03_r0032","linear","sparse","paper_adjusted",300,1000,1.9,32,166846803,"MDACT",0.05,"ok",FALSE,0.0199999999999818,"ties should not be present for the one-sample Kolmogorov-Smirnov test","","673b711a09ab9d8cc1774864be7e6e49",16,1,15,18,0.0625,0.833333333333333
"linear_sparse_n300_t03_r0032","linear","sparse","paper_adjusted",300,1000,1.9,32,166846803,"MLFDR",0.05,"ok",FALSE,0.0799999999999841,"","","eeea900bbb246b17515c6b6ea4f501f1",16,0,16,18,0,0.888888888888889
"confounded_sparse_n300_t03_r0032","confounded","sparse","paper_adjusted",300,1000,1.9,32,7670400,"HDMT",0.05,"ok",FALSE,0.0499999999999829,"ties should not be present for the one-sample Kolmogorov-Smirnov test","","4b0eef4d9340b10551a2f31bf53a8efb",24,0,24,32,0,0.75
"confounded_sparse_n300_t03_r0032","confounded","sparse","paper_adjusted",300,1000,1.9,32,7670400,"MDACT",0.05,"ok",FALSE,0.0199999999999818,"ties should not be present for the one-sample Kolmogorov-Smirnov test","","20f9495e987ad97b59a188ffccfb641f",32,3,29,32,0.09375,0.90625
"confounded_sparse_n300_t03_r0032","confounded","sparse","paper_adjusted",300,1000,1.9,32,7670400,"MLFDR",0.05,"ok",FALSE,0.370000000000005,"","","3bc010dd4ce152e3021f8085109192d5",34,5,29,32,0.147058823529412,0.90625
"binary_sparse_n300_t03_r0032","binary","sparse","paper_adjusted",300,1000,1.9,32,223650839,"HDMT",0.05,"ok",FALSE,0.039999999999992,"","","7bc0d4d225ad7226d06f97c97b0d907e",16,1,15,23,0.0625,0.652173913043478
"binary_sparse_n300_t03_r0032","binary","sparse","paper_adjusted",300,1000,1.9,32,223650839,"MDACT",0.05,"ok",FALSE,0.0199999999999818,"","","bf71f30bae1301f6e3d8dc03d9167323",24,3,21,23,0.125,0.91304347826087
"binary_sparse_n300_t03_r0032","binary","sparse","paper_adjusted",300,1000,1.9,32,223650839,"MLFDR",0.05,"ok",FALSE,0.370000000000005,"","","5b45c5f051a3ba61bc0bd55e7e4220aa",23,2,21,23,0.0869565217391304,0.91304347826087
"linear_dense_n300_t03_r0032","linear","dense","paper_adjusted",300,1000,1.9,32,88919910,"HDMT",0.05,"ok",FALSE,0.0300000000000011,"ties should not be present for the one-sample Kolmogorov-Smirnov test","","0422f4bd3e594ba860d131e872a2d519",197,5,192,216,0.0253807106598985,0.888888888888889
"linear_dense_n300_t03_r0032","linear","dense","paper_adjusted",300,1000,1.9,32,88919910,"MDACT",0.05,"ok",FALSE,0.0199999999999818,"ties should not be present for the one-sample Kolmogorov-Smirnov test","","d165e534b3482708e09290d534ea01f5",199,7,192,216,0.0351758793969849,0.888888888888889
"linear_dense_n300_t03_r0032","linear","dense","paper_adjusted",300,1000,1.9,32,88919910,"MLFDR",0.05,"ok",FALSE,0.140000000000015,"","","6a0b7cd17fba035657f727a8ae8f17ef",220,13,207,216,0.0590909090909091,0.958333333333333
"confounded_dense_n300_t03_r0032","confounded","dense","paper_adjusted",300,1000,1.9,32,132561181,"HDMT",0.05,"ok",FALSE,0.0300000000000011,"ties should not be present for the one-sample Kolmogorov-Smirnov test","","31e83f682906cb78e6cfba6a2c973bac",177,2,175,195,0.0112994350282486,0.897435897435897
"confounded_dense_n300_t03_r0032","confounded","dense","paper_adjusted",300,1000,1.9,32,132561181,"MDACT",0.05,"ok",FALSE,0.0200000000000102,"ties should not be present for the one-sample Kolmogorov-Smirnov test","","ca767c5d58e604a8a4366b55d72caa99",177,2,175,195,0.0112994350282486,0.897435897435897
"confounded_dense_n300_t03_r0032","confounded","dense","paper_adjusted",300,1000,1.9,32,132561181,"MLFDR",0.05,"ok",FALSE,0.199999999999989,"","","8bfb9c4628d84b7102a0857dc37cc6cd",195,11,184,195,0.0564102564102564,0.943589743589744
"binary_dense_n300_t03_r0032","binary","dense","paper_adjusted",300,1000,1.9,32,65392239,"HDMT",0.05,"ok",FALSE,0.0300000000000011,"","","f3eb5c8ff0ccae13ba40238c887c91f7",176,11,165,183,0.0625,0.901639344262295
"binary_dense_n300_t03_r0032","binary","dense","paper_adjusted",300,1000,1.9,32,65392239,"MDACT",0.05,"ok",FALSE,0.00999999999999091,"","","50788b38b7cfcfdc9aba4f2fc9c527d3",176,11,165,183,0.0625,0.901639344262295
"binary_dense_n300_t03_r0032","binary","dense","paper_adjusted",300,1000,1.9,32,65392239,"MLFDR",0.05,"ok",FALSE,0.129999999999995,"","","c08b9362e29eba489f0fd9035a20b85e",191,11,180,183,0.0575916230366492,0.983606557377049
"linear_sparse_n300_t01_r0033","linear","sparse","paper_adjusted",300,1000,1.1,33,54045422,"HDMT",0.05,"ok",FALSE,0.0199999999999818,"ties should not be present for the one-sample Kolmogorov-Smirnov test","","184380408dd1ce155cc664e3aaa84388",2,0,2,21,0,0.0952380952380952
"linear_sparse_n300_t01_r0033","linear","sparse","paper_adjusted",300,1000,1.1,33,54045422,"MDACT",0.05,"ok",FALSE,0,"ties should not be present for the one-sample Kolmogorov-Smirnov test","","5092ac04c3b72be3de4d6820f6a661e5",4,0,4,21,0,0.19047619047619
"linear_sparse_n300_t01_r0033","linear","sparse","paper_adjusted",300,1000,1.1,33,54045422,"MLFDR",0.05,"ok",FALSE,0.469999999999999,"","","32f721b2b90354cdb2531eb68a19bdf9",6,0,6,21,0,0.285714285714286
"confounded_sparse_n300_t01_r0033","confounded","sparse","paper_adjusted",300,1000,1.1,33,103360613,"HDMT",0.05,"ok",FALSE,0.0300000000000011,"ties should not be present for the one-sample Kolmogorov-Smirnov test","","188af306dcd0b9fdbbe4414498550746",2,0,2,26,0,0.0769230769230769
"confounded_sparse_n300_t01_r0033","confounded","sparse","paper_adjusted",300,1000,1.1,33,103360613,"MDACT",0.05,"ok",FALSE,0.0200000000000102,"ties should not be present for the one-sample Kolmogorov-Smirnov test","","7c8a2b99e9bb755ba1f6fa6fcac6a031",2,0,2,26,0,0.0769230769230769
"confounded_sparse_n300_t01_r0033","confounded","sparse","paper_adjusted",300,1000,1.1,33,103360613,"MLFDR",0.05,"ok",FALSE,0.25,"","","8e9e7f32752c4535d0318dfd30d013df",13,1,12,26,0.0769230769230769,0.461538461538462
"binary_sparse_n300_t01_r0033","binary","sparse","paper_adjusted",300,1000,1.1,33,85407142,"HDMT",0.05,"ok",FALSE,0.0300000000000011,"","","2c13604ca49e8ac6a0386662ba2dbe04",1,0,1,15,0,0.0666666666666667
"binary_sparse_n300_t01_r0033","binary","sparse","paper_adjusted",300,1000,1.1,33,85407142,"MDACT",0.05,"ok",FALSE,0.0200000000000102,"","","59408d0accb0b05dd565ffc4742b4a11",1,0,1,15,0,0.0666666666666667
"binary_sparse_n300_t01_r0033","binary","sparse","paper_adjusted",300,1000,1.1,33,85407142,"MLFDR",0.05,"ok",FALSE,0.400000000000006,"","","fad0e7b3f39ad403a46240d73040c78e",3,1,2,15,0.333333333333333,0.133333333333333
"linear_dense_n300_t01_r0033","linear","dense","paper_adjusted",300,1000,1.1,33,237683426,"HDMT",0.05,"ok",FALSE,0.0300000000000011,"ties should not be present for the one-sample Kolmogorov-Smirnov test","","9cf72f341b73b7fbe44b94fa63900126",19,0,19,214,0,0.088785046728972
"linear_dense_n300_t01_r0033","linear","dense","paper_adjusted",300,1000,1.1,33,237683426,"MDACT",0.05,"ok",FALSE,0.0199999999999818,"ties should not be present for the one-sample Kolmogorov-Smirnov test","","a00f043823142ef2b7051edda7f75514",24,0,24,214,0,0.11214953271028
"linear_dense_n300_t01_r0033","linear","dense","paper_adjusted",300,1000,1.1,33,237683426,"MLFDR",0.05,"ok",FALSE,0.430000000000007,"","","7a81e4e2ce7b09411fbb3509cb34c444",92,9,83,214,0.0978260869565217,0.38785046728972
"confounded_dense_n300_t01_r0033","confounded","dense","paper_adjusted",300,1000,1.1,33,243585021,"HDMT",0.05,"ok",FALSE,0.0300000000000011,"ties should not be present for the one-sample Kolmogorov-Smirnov test","","589a4c8fe6534964bc1bd1133271ec63",52,0,52,212,0,0.245283018867925
"confounded_dense_n300_t01_r0033","confounded","dense","paper_adjusted",300,1000,1.1,33,243585021,"MDACT",0.05,"ok",FALSE,0,"ties should not be present for the one-sample Kolmogorov-Smirnov test","","7655ff753b52d903782c97be38812c99",56,1,55,212,0.0178571428571429,0.259433962264151
"confounded_dense_n300_t01_r0033","confounded","dense","paper_adjusted",300,1000,1.1,33,243585021,"MLFDR",0.05,"ok",FALSE,0.789999999999992,"","","9898e0f6320573ca0bcdd4a655758b11",109,4,105,212,0.036697247706422,0.495283018867925
"binary_dense_n300_t01_r0033","binary","dense","paper_adjusted",300,1000,1.1,33,258747516,"HDMT",0.05,"ok",FALSE,0.0200000000000102,"","","ac1dd61b2f00a29157882c346b938b76",48,2,46,221,0.0416666666666667,0.208144796380091
"binary_dense_n300_t01_r0033","binary","dense","paper_adjusted",300,1000,1.1,33,258747516,"MDACT",0.05,"ok",FALSE,0,"","","d355c01f0018143d97e89815f6c00f5a",67,3,64,221,0.0447761194029851,0.289592760180996
"binary_dense_n300_t01_r0033","binary","dense","paper_adjusted",300,1000,1.1,33,258747516,"MLFDR",0.05,"ok",FALSE,0.560000000000002,"","","ad7b953cf65afc43503d07441d20e761",120,6,114,221,0.05,0.515837104072398
"linear_sparse_n300_t02_r0033","linear","sparse","paper_adjusted",300,1000,1.5,33,162510124,"HDMT",0.05,"ok",FALSE,0.0200000000000102,"ties should not be present for the one-sample Kolmogorov-Smirnov test","","e7e16095eca0100e9bd0dca9336e166e",20,1,19,27,0.05,0.703703703703704
"linear_sparse_n300_t02_r0033","linear","sparse","paper_adjusted",300,1000,1.5,33,162510124,"MDACT",0.05,"ok",FALSE,0.0200000000000102,"ties should not be present for the one-sample Kolmogorov-Smirnov test","","38240ee76885e70a1037fa647d662b2c",24,1,23,27,0.0416666666666667,0.851851851851852
"linear_sparse_n300_t02_r0033","linear","sparse","paper_adjusted",300,1000,1.5,33,162510124,"MLFDR",0.05,"ok",FALSE,0.180000000000007,"","","54fd0b274f8afe77c781f25ae8daf105",25,1,24,27,0.04,0.888888888888889
"confounded_sparse_n300_t02_r0033","confounded","sparse","paper_adjusted",300,1000,1.5,33,97422188,"HDMT",0.05,"ok",FALSE,0.0300000000000011,"ties should not be present for the one-sample Kolmogorov-Smirnov test","","222d73254b7010129ffd56fbed12bce9",4,0,4,23,0,0.173913043478261
"confounded_sparse_n300_t02_r0033","confounded","sparse","paper_adjusted",300,1000,1.5,33,97422188,"MDACT",0.05,"ok",FALSE,0.0100000000000193,"ties should not be present for the one-sample Kolmogorov-Smirnov test","","93dc7193f5dcb4b17d6dfcf5ef78a251",9,0,9,23,0,0.391304347826087
"confounded_sparse_n300_t02_r0033","confounded","sparse","paper_adjusted",300,1000,1.5,33,97422188,"MLFDR",0.05,"ok",FALSE,0.200000000000017,"","","ebdb6fcec14e09218692aa7b1984bedd",11,0,11,23,0,0.478260869565217
"binary_sparse_n300_t02_r0033","binary","sparse","paper_adjusted",300,1000,1.5,33,259880605,"HDMT",0.05,"ok",FALSE,0.0300000000000011,"","","b20b5f3ca5c49fd7a9d4b646fc37d476",3,0,3,21,0,0.142857142857143
"binary_sparse_n300_t02_r0033","binary","sparse","paper_adjusted",300,1000,1.5,33,259880605,"MDACT",0.05,"ok",FALSE,0.0199999999999818,"","","fa957affc61a4098668eed0ac8ed9d83",5,0,5,21,0,0.238095238095238
"binary_sparse_n300_t02_r0033","binary","sparse","paper_adjusted",300,1000,1.5,33,259880605,"MLFDR",0.05,"ok",FALSE,0.239999999999981,"","","991d7c23a8b1ab0c32099181773b8978",18,2,16,21,0.111111111111111,0.761904761904762
"linear_dense_n300_t02_r0033","linear","dense","paper_adjusted",300,1000,1.5,33,240642650,"HDMT",0.05,"ok",FALSE,0.039999999999992,"ties should not be present for the one-sample Kolmogorov-Smirnov test","","6276d43d315a1ff0a335ac41fa7f6a8f",124,7,117,194,0.0564516129032258,0.603092783505155
"linear_dense_n300_t02_r0033","linear","dense","paper_adjusted",300,1000,1.5,33,240642650,"MDACT",0.05,"ok",FALSE,0.0199999999999818,"ties should not be present for the one-sample Kolmogorov-Smirnov test","","a7812cb8d79e68e310b38968cc263b84",136,12,124,194,0.0882352941176471,0.639175257731959
"linear_dense_n300_t02_r0033","linear","dense","paper_adjusted",300,1000,1.5,33,240642650,"MLFDR",0.05,"ok",FALSE,0.389999999999986,"","","d87bffd0eb9a0ba5f52be1097084a2a3",177,17,160,194,0.096045197740113,0.824742268041237
"confounded_dense_n300_t02_r0033","confounded","dense","paper_adjusted",300,1000,1.5,33,106410047,"HDMT",0.05,"ok",FALSE,0.0300000000000011,"ties should not be present for the one-sample Kolmogorov-Smirnov test","","30b706ea62d4d8f669da00ed9b65c27a",69,4,65,172,0.0579710144927536,0.377906976744186
"confounded_dense_n300_t02_r0033","confounded","dense","paper_adjusted",300,1000,1.5,33,106410047,"MDACT",0.05,"ok",FALSE,0,"ties should not be present for the one-sample Kolmogorov-Smirnov test","","6ac2fc48f2c263514bdb8f2724d0382f",89,7,82,172,0.0786516853932584,0.476744186046512
"confounded_dense_n300_t02_r0033","confounded","dense","paper_adjusted",300,1000,1.5,33,106410047,"MLFDR",0.05,"ok",FALSE,0.25,"","","6c403f731c52655eca15cd3111275dd3",129,5,124,172,0.0387596899224806,0.720930232558139
"binary_dense_n300_t02_r0033","binary","dense","paper_adjusted",300,1000,1.5,33,139255944,"HDMT",0.05,"ok",FALSE,0.0300000000000011,"","","8bbf185310600cd1c659839d0b35038d",97,3,94,177,0.0309278350515464,0.531073446327684
"binary_dense_n300_t02_r0033","binary","dense","paper_adjusted",300,1000,1.5,33,139255944,"MDACT",0.05,"ok",FALSE,0.00999999999999091,"","","3be84799e84c7fd9a29ad346622229a4",107,5,102,177,0.0467289719626168,0.576271186440678
"binary_dense_n300_t02_r0033","binary","dense","paper_adjusted",300,1000,1.5,33,139255944,"MLFDR",0.05,"ok",FALSE,0.269999999999982,"","","22ab82148baf076cdb912f144b46fe6b",140,4,136,177,0.0285714285714286,0.768361581920904
"linear_sparse_n300_t03_r0033","linear","sparse","paper_adjusted",300,1000,1.9,33,239160462,"HDMT",0.05,"ok",FALSE,0.0300000000000011,"ties should not be present for the one-sample Kolmogorov-Smirnov test","","8d3bb2b232ee1ee5b8fe8519b088be57",19,1,18,21,0.0526315789473684,0.857142857142857
"linear_sparse_n300_t03_r0033","linear","sparse","paper_adjusted",300,1000,1.9,33,239160462,"MDACT",0.05,"ok",FALSE,0,"ties should not be present for the one-sample Kolmogorov-Smirnov test","","b43283ad68d43876706f29e6a9a4a14a",18,1,17,21,0.0555555555555556,0.80952380952381
"linear_sparse_n300_t03_r0033","linear","sparse","paper_adjusted",300,1000,1.9,33,239160462,"MLFDR",0.05,"ok",FALSE,0.390000000000015,"","","a9049b47a938254441e52b581a2c6ceb",19,0,19,21,0,0.904761904761905
"confounded_sparse_n300_t03_r0033","confounded","sparse","paper_adjusted",300,1000,1.9,33,203496052,"HDMT",0.05,"ok",FALSE,0.039999999999992,"ties should not be present for the one-sample Kolmogorov-Smirnov test","","ea9fa6bd554f5de6fabb464a957880bb",19,0,19,33,0,0.575757575757576
"confounded_sparse_n300_t03_r0033","confounded","sparse","paper_adjusted",300,1000,1.9,33,203496052,"MDACT",0.05,"ok",FALSE,0.0199999999999818,"ties should not be present for the one-sample Kolmogorov-Smirnov test","","bdb7a262c1a254c7b70866992e285385",18,0,18,33,0,0.545454545454545
"confounded_sparse_n300_t03_r0033","confounded","sparse","paper_adjusted",300,1000,1.9,33,203496052,"MLFDR",0.05,"ok",FALSE,0.299999999999983,"","","dbc993a0db62cbf145aa35a339b382bf",28,1,27,33,0.0357142857142857,0.818181818181818
"binary_sparse_n300_t03_r0033","binary","sparse","paper_adjusted",300,1000,1.9,33,95160032,"HDMT",0.05,"ok",FALSE,0.0300000000000011,"","","757529f4c8b2722e4c11015e385bde5e",8,0,8,19,0,0.421052631578947
"binary_sparse_n300_t03_r0033","binary","sparse","paper_adjusted",300,1000,1.9,33,95160032,"MDACT",0.05,"ok",FALSE,0,"","","2f17551a3d1e0e822a28780a7bf4a4ca",9,0,9,19,0,0.473684210526316
"binary_sparse_n300_t03_r0033","binary","sparse","paper_adjusted",300,1000,1.9,33,95160032,"MLFDR",0.05,"ok",FALSE,0.200000000000017,"","","ed5243fcb43bdfea484e09c1d98c8133",14,0,14,19,0,0.736842105263158
"linear_dense_n300_t03_r0033","linear","dense","paper_adjusted",300,1000,1.9,33,264380836,"HDMT",0.05,"ok",FALSE,0.0300000000000011,"ties should not be present for the one-sample Kolmogorov-Smirnov test","","878e9331869e25613629a8ca5774d935",205,10,195,218,0.0487804878048781,0.894495412844037
"linear_dense_n300_t03_r0033","linear","dense","paper_adjusted",300,1000,1.9,33,264380836,"MDACT",0.05,"ok",FALSE,0.0200000000000102,"ties should not be present for the one-sample Kolmogorov-Smirnov test","","b69e4665a13be6d5f60f2f4840674b7d",209,11,198,218,0.0526315789473684,0.908256880733945
"linear_dense_n300_t03_r0033","linear","dense","paper_adjusted",300,1000,1.9,33,264380836,"MLFDR",0.05,"ok",FALSE,0.159999999999997,"","","9254024d630ca293fa96c598ddf102b7",218,6,212,218,0.0275229357798165,0.972477064220184
"confounded_dense_n300_t03_r0033","confounded","dense","paper_adjusted",300,1000,1.9,33,9932591,"HDMT",0.05,"ok",FALSE,0.0199999999999818,"ties should not be present for the one-sample Kolmogorov-Smirnov test","","75e3da753c4e291ba207a60282c34e03",215,9,206,227,0.0418604651162791,0.907488986784141
"confounded_dense_n300_t03_r0033","confounded","dense","paper_adjusted",300,1000,1.9,33,9932591,"MDACT",0.05,"ok",FALSE,0,"ties should not be present for the one-sample Kolmogorov-Smirnov test","","e41174e28ac2dbc8c7549b91ee70a035",218,9,209,227,0.0412844036697248,0.920704845814978
"confounded_dense_n300_t03_r0033","confounded","dense","paper_adjusted",300,1000,1.9,33,9932591,"MLFDR",0.05,"ok",FALSE,0.140000000000015,"","","7144725be1a2e39bf89350ed52e4bcf1",235,13,222,227,0.0553191489361702,0.977973568281938
"binary_dense_n300_t03_r0033","binary","dense","paper_adjusted",300,1000,1.9,33,172128100,"HDMT",0.05,"ok",FALSE,0.0300000000000296,"","","42b0e68a55a3f491e5b55bccfabbb7fb",177,5,172,202,0.0282485875706215,0.851485148514851
"binary_dense_n300_t03_r0033","binary","dense","paper_adjusted",300,1000,1.9,33,172128100,"MDACT",0.05,"ok",FALSE,0.0199999999999818,"","","a032f1c7c24068944640a643f7af4fee",184,9,175,202,0.0489130434782609,0.866336633663366
"binary_dense_n300_t03_r0033","binary","dense","paper_adjusted",300,1000,1.9,33,172128100,"MLFDR",0.05,"ok",FALSE,0.310000000000002,"","","f04317ee03cdc6c2c1c308047ee04d77",206,10,196,202,0.0485436893203883,0.97029702970297
"linear_sparse_n300_t01_r0034","linear","sparse","paper_adjusted",300,1000,1.1,34,76526725,"HDMT",0.05,"ok",FALSE,0.0300000000000011,"ties should not be present for the one-sample Kolmogorov-Smirnov test","","74e63b9930cb3dfc85647eedfe4d748e",0,0,0,16,0,0
"linear_sparse_n300_t01_r0034","linear","sparse","paper_adjusted",300,1000,1.1,34,76526725,"MDACT",0.05,"ok",FALSE,0.0100000000000193,"ties should not be present for the one-sample Kolmogorov-Smirnov test","","5f8ca7380fa8b22f54b995b63284a753",0,0,0,16,0,0
"linear_sparse_n300_t01_r0034","linear","sparse","paper_adjusted",300,1000,1.1,34,76526725,"MLFDR",0.05,"ok",FALSE,5.82999999999998,"","","c007224eeb7fcd054d7d543d6b525678",2,0,2,16,0,0.125
"confounded_sparse_n300_t01_r0034","confounded","sparse","paper_adjusted",300,1000,1.1,34,140865903,"HDMT",0.05,"ok",FALSE,0.0299999999999727,"ties should not be present for the one-sample Kolmogorov-Smirnov test","","604e09f7fd2e1fcad57dc884afcc485c",0,0,0,18,0,0
"confounded_sparse_n300_t01_r0034","confounded","sparse","paper_adjusted",300,1000,1.1,34,140865903,"MDACT",0.05,"ok",FALSE,0.0100000000000477,"ties should not be present for the one-sample Kolmogorov-Smirnov test","","25e04a4166f71512bbaabb84400f655a",0,0,0,18,0,0
"confounded_sparse_n300_t01_r0034","confounded","sparse","paper_adjusted",300,1000,1.1,34,140865903,"MLFDR",0.05,"ok",FALSE,0.300000000000011,"","","080b128878a571ec07c7d197d69b5743",0,0,0,18,0,0
"binary_sparse_n300_t01_r0034","binary","sparse","paper_adjusted",300,1000,1.1,34,205997206,"HDMT",0.05,"ok",FALSE,0.0100000000000477,"","","031977f6ddf9a9340e76efc2e761b058",1,0,1,26,0,0.0384615384615385
"binary_sparse_n300_t01_r0034","binary","sparse","paper_adjusted",300,1000,1.1,34,205997206,"MDACT",0.05,"ok",FALSE,0,"","","cdbaf444cab61e6fb1ca94ae47eae2bb",1,0,1,26,0,0.0384615384615385
"binary_sparse_n300_t01_r0034","binary","sparse","paper_adjusted",300,1000,1.1,34,205997206,"MLFDR",0.05,"ok",FALSE,0.75,"","","3df74183999533a28b012f4e69138c91",3,0,3,26,0,0.115384615384615
"linear_dense_n300_t01_r0034","linear","dense","paper_adjusted",300,1000,1.1,34,197870458,"HDMT",0.05,"ok",FALSE,0.0300000000000296,"ties should not be present for the one-sample Kolmogorov-Smirnov test","","2cbd122305ef88474aee14363ad2864e",46,2,44,216,0.0434782608695652,0.203703703703704
"linear_dense_n300_t01_r0034","linear","dense","paper_adjusted",300,1000,1.1,34,197870458,"MDACT",0.05,"ok",FALSE,0.0199999999999818,"ties should not be present for the one-sample Kolmogorov-Smirnov test","","47f9289ff08e76895240ec7d739315aa",56,3,53,216,0.0535714285714286,0.24537037037037
"linear_dense_n300_t01_r0034","linear","dense","paper_adjusted",300,1000,1.1,34,197870458,"MLFDR",0.05,"ok",FALSE,1.58000000000004,"","","b94a32b24ba323e19a81e21c99b05dde",130,5,125,216,0.0384615384615385,0.578703703703704
"confounded_dense_n300_t01_r0034","confounded","dense","paper_adjusted",300,1000,1.1,34,251795584,"HDMT",0.05,"ok",FALSE,0.0300000000000296,"ties should not be present for the one-sample Kolmogorov-Smirnov test","","5237b80cdab6842492a0b93ee89db13b",21,0,21,188,0,0.111702127659574
"confounded_dense_n300_t01_r0034","confounded","dense","paper_adjusted",300,1000,1.1,34,251795584,"MDACT",0.05,"ok",FALSE,0.0199999999999818,"ties should not be present for the one-sample Kolmogorov-Smirnov test","","218a5fd14bf100dfc99d3bc0bce712bc",27,0,27,188,0,0.143617021276596
"confounded_dense_n300_t01_r0034","confounded","dense","paper_adjusted",300,1000,1.1,34,251795584,"MLFDR",0.05,"ok",FALSE,0.349999999999966,"","","7dddfeafd6375b6c1bb0d33b3f4dfdb4",82,3,79,188,0.0365853658536585,0.420212765957447
"binary_dense_n300_t01_r0034","binary","dense","paper_adjusted",300,1000,1.1,34,15725359,"HDMT",0.05,"ok",FALSE,0.0299999999999727,"","","f0a0d0de6cf46dc2b87f6da800ca3c51",52,3,49,196,0.0576923076923077,0.25
"binary_dense_n300_t01_r0034","binary","dense","paper_adjusted",300,1000,1.1,34,15725359,"MDACT",0.05,"ok",FALSE,0.0199999999999818,"","","bbb68fff5440bf3cb664ce31ae45cec9",67,4,63,196,0.0597014925373134,0.321428571428571
"binary_dense_n300_t01_r0034","binary","dense","paper_adjusted",300,1000,1.1,34,15725359,"MLFDR",0.05,"ok",FALSE,0.95999999999998,"","","47e42f86c2f749b60bfd6f415a73a325",109,11,98,196,0.100917431192661,0.5
"linear_sparse_n300_t02_r0034","linear","sparse","paper_adjusted",300,1000,1.5,34,231191316,"HDMT",0.05,"ok",FALSE,0.0300000000000296,"ties should not be present for the one-sample Kolmogorov-Smirnov test","","616a93c763155d5e45e48b2221a31a19",9,0,9,25,0,0.36
"linear_sparse_n300_t02_r0034","linear","sparse","paper_adjusted",300,1000,1.5,34,231191316,"MDACT",0.05,"ok",FALSE,0,"ties should not be present for the one-sample Kolmogorov-Smirnov test","","a065e012c5604b633e3cdcf26759e878",12,0,12,25,0,0.48
"linear_sparse_n300_t02_r0034","linear","sparse","paper_adjusted",300,1000,1.5,34,231191316,"MLFDR",0.05,"ok",FALSE,0.319999999999993,"","","317292d4014859789b770626d4260a3a",20,0,20,25,0,0.8
"confounded_sparse_n300_t02_r0034","confounded","sparse","paper_adjusted",300,1000,1.5,34,211818621,"HDMT",0.05,"ok",FALSE,0.0199999999999818,"ties should not be present for the one-sample Kolmogorov-Smirnov test","","ab5f537e9f529fe45684265e401a7f67",10,0,10,22,0,0.454545454545455
"confounded_sparse_n300_t02_r0034","confounded","sparse","paper_adjusted",300,1000,1.5,34,211818621,"MDACT",0.05,"ok",FALSE,0,"ties should not be present for the one-sample Kolmogorov-Smirnov test","","e0a586d689f6853f1ca0017fbc3b3772",12,0,12,22,0,0.545454545454545
"confounded_sparse_n300_t02_r0034","confounded","sparse","paper_adjusted",300,1000,1.5,34,211818621,"MLFDR",0.05,"ok",FALSE,0.330000000000041,"","","b840bb1bbd28286f7ac2b618d7fcf516",16,0,16,22,0,0.727272727272727
"binary_sparse_n300_t02_r0034","binary","sparse","paper_adjusted",300,1000,1.5,34,238831311,"HDMT",0.05,"ok",FALSE,0.0299999999999727,"","","f1db816a938838c977200e9797398441",7,0,7,25,0,0.28
"binary_sparse_n300_t02_r0034","binary","sparse","paper_adjusted",300,1000,1.5,34,238831311,"MDACT",0.05,"ok",FALSE,0.0100000000000477,"","","3eac5d576717d9350034174fef647e43",7,0,7,25,0,0.28
"binary_sparse_n300_t02_r0034","binary","sparse","paper_adjusted",300,1000,1.5,34,238831311,"MLFDR",0.05,"ok",FALSE,0.689999999999998,"","","0e94de118c397a320d2fdadd1bb9b88b",13,2,11,25,0.153846153846154,0.44
"linear_dense_n300_t02_r0034","linear","dense","paper_adjusted",300,1000,1.5,34,92000002,"HDMT",0.05,"ok",FALSE,0.0300000000000296,"ties should not be present for the one-sample Kolmogorov-Smirnov test","","fdef21ac62cbbad65f07c8af81157e01",104,3,101,209,0.0288461538461538,0.483253588516746
"linear_dense_n300_t02_r0034","linear","dense","paper_adjusted",300,1000,1.5,34,92000002,"MDACT",0.05,"ok",FALSE,0.00999999999999091,"ties should not be present for the one-sample Kolmogorov-Smirnov test","","cb4b512b9185650d2e8f5b82beb60bd5",114,5,109,209,0.043859649122807,0.521531100478469
"linear_dense_n300_t02_r0034","linear","dense","paper_adjusted",300,1000,1.5,34,92000002,"MLFDR",0.05,"ok",FALSE,0.299999999999955,"","","c8caccd4cfdf7112bf4138f7c3574af5",167,7,160,209,0.0419161676646707,0.76555023923445
"confounded_dense_n300_t02_r0034","confounded","dense","paper_adjusted",300,1000,1.5,34,194413788,"HDMT",0.05,"ok",FALSE,0.0299999999999727,"ties should not be present for the one-sample Kolmogorov-Smirnov test","","bb1b9186a8905acbdc9302597405c436",90,1,89,189,0.0111111111111111,0.470899470899471
"confounded_dense_n300_t02_r0034","confounded","dense","paper_adjusted",300,1000,1.5,34,194413788,"MDACT",0.05,"ok",FALSE,0.0199999999999818,"ties should not be present for the one-sample Kolmogorov-Smirnov test","","b85912d192edc428c093845691792052",108,3,105,189,0.0277777777777778,0.555555555555556
"confounded_dense_n300_t02_r0034","confounded","dense","paper_adjusted",300,1000,1.5,34,194413788,"MLFDR",0.05,"ok",FALSE,0.519999999999982,"","","4579737f9828023168c696951265e99a",149,6,143,189,0.0402684563758389,0.756613756613757
"binary_dense_n300_t02_r0034","binary","dense","paper_adjusted",300,1000,1.5,34,145834252,"HDMT",0.05,"ok",FALSE,0.0299999999999727,"","","b8960328acfbf122fa7e760aaa12fccd",109,6,103,204,0.055045871559633,0.504901960784314
"binary_dense_n300_t02_r0034","binary","dense","paper_adjusted",300,1000,1.5,34,145834252,"MDACT",0.05,"ok",FALSE,0.0600000000000023,"","","db69781108d9b44f6e835e25be6ef9c9",123,8,115,204,0.0650406504065041,0.563725490196078
"binary_dense_n300_t02_r0034","binary","dense","paper_adjusted",300,1000,1.5,34,145834252,"MLFDR",0.05,"ok",FALSE,0.449999999999989,"","","7f76ead8729a082cfe877bebbfba0d16",162,5,157,204,0.0308641975308642,0.769607843137255
"linear_sparse_n300_t03_r0034","linear","sparse","paper_adjusted",300,1000,1.9,34,65277632,"HDMT",0.05,"ok",FALSE,0.0300000000000296,"ties should not be present for the one-sample Kolmogorov-Smirnov test","","9038d7f49dcc374ffe798906936ae3ce",15,1,14,20,0.0666666666666667,0.7
"linear_sparse_n300_t03_r0034","linear","sparse","paper_adjusted",300,1000,1.9,34,65277632,"MDACT",0.05,"ok",FALSE,0,"ties should not be present for the one-sample Kolmogorov-Smirnov test","","33eac4a2cf77b8615bc6e1b8f04a3811",18,2,16,20,0.111111111111111,0.8
"linear_sparse_n300_t03_r0034","linear","sparse","paper_adjusted",300,1000,1.9,34,65277632,"MLFDR",0.05,"ok",FALSE,0.120000000000005,"","","82d3662307a65f7e095dcc09c619fd42",19,2,17,20,0.105263157894737,0.85
"confounded_sparse_n300_t03_r0034","confounded","sparse","paper_adjusted",300,1000,1.9,34,162194091,"HDMT",0.05,"ok",FALSE,0.0300000000000296,"ties should not be present for the one-sample Kolmogorov-Smirnov test","","381a2996ee588e62b50114bcd3eb25a2",12,0,12,20,0,0.6
"confounded_sparse_n300_t03_r0034","confounded","sparse","paper_adjusted",300,1000,1.9,34,162194091,"MDACT",0.05,"ok",FALSE,0.0199999999999818,"ties should not be present for the one-sample Kolmogorov-Smirnov test","","77bdefd3995955ce60d2c4a17db3e22f",10,1,9,20,0.1,0.45
"confounded_sparse_n300_t03_r0034","confounded","sparse","paper_adjusted",300,1000,1.9,34,162194091,"MLFDR",0.05,"ok",FALSE,0.200000000000045,"","","9f2ac8733b93d846a6cd2054ccce9bb0",19,2,17,20,0.105263157894737,0.85
"binary_sparse_n300_t03_r0034","binary","sparse","paper_adjusted",300,1000,1.9,34,160265530,"HDMT",0.05,"ok",FALSE,0.0199999999999818,"","","76b4241ee52bd79a4484559b7dd1699e",13,1,12,20,0.0769230769230769,0.6
"binary_sparse_n300_t03_r0034","binary","sparse","paper_adjusted",300,1000,1.9,34,160265530,"MDACT",0.05,"ok",FALSE,0.0199999999999818,"","","b1a8abe6e4e9fe75d5bea8c7519ae6ee",12,1,11,20,0.0833333333333333,0.55
"binary_sparse_n300_t03_r0034","binary","sparse","paper_adjusted",300,1000,1.9,34,160265530,"MLFDR",0.05,"ok",FALSE,0.270000000000039,"","","ece379a2b11ec21c9eb5c872d22c2c17",18,2,16,20,0.111111111111111,0.8
"linear_dense_n300_t03_r0034","linear","dense","paper_adjusted",300,1000,1.9,34,16277760,"HDMT",0.05,"ok",FALSE,0.0299999999999727,"ties should not be present for the one-sample Kolmogorov-Smirnov test","","35be47b57d888c9528969314beb4b93d",193,6,187,208,0.0310880829015544,0.899038461538462
"linear_dense_n300_t03_r0034","linear","dense","paper_adjusted",300,1000,1.9,34,16277760,"MDACT",0.05,"ok",FALSE,0.0199999999999818,"ties should not be present for the one-sample Kolmogorov-Smirnov test","","ae624fc1f991b0fb17e1f34812daf448",193,6,187,208,0.0310880829015544,0.899038461538462
"linear_dense_n300_t03_r0034","linear","dense","paper_adjusted",300,1000,1.9,34,16277760,"MLFDR",0.05,"ok",FALSE,0.199999999999989,"","","b2793d2908515f1b7ceea0788f4c0fe1",216,8,208,208,0.037037037037037,1
"confounded_dense_n300_t03_r0034","confounded","dense","paper_adjusted",300,1000,1.9,34,266965835,"HDMT",0.05,"ok",FALSE,0.0299999999999727,"ties should not be present for the one-sample Kolmogorov-Smirnov test","","92d7d4c00f3d83093ad1a8d1c697c785",163,6,157,183,0.0368098159509202,0.85792349726776
"confounded_dense_n300_t03_r0034","confounded","dense","paper_adjusted",300,1000,1.9,34,266965835,"MDACT",0.05,"ok",FALSE,0.0199999999999818,"ties should not be present for the one-sample Kolmogorov-Smirnov test","","e5956d355844774216c2d7224285f653",166,6,160,183,0.036144578313253,0.87431693989071
"confounded_dense_n300_t03_r0034","confounded","dense","paper_adjusted",300,1000,1.9,34,266965835,"MLFDR",0.05,"ok",FALSE,0.100000000000023,"","","2b4c3b2ecc7aea1fef0a42a9d1d11a82",185,10,175,183,0.0540540540540541,0.956284153005464
"binary_dense_n300_t03_r0034","binary","dense","paper_adjusted",300,1000,1.9,34,110261316,"HDMT",0.05,"ok",FALSE,0.0300000000000296,"","","7faf003cd1746fff085ed547059601b3",186,9,177,210,0.0483870967741935,0.842857142857143
"binary_dense_n300_t03_r0034","binary","dense","paper_adjusted",300,1000,1.9,34,110261316,"MDACT",0.05,"ok",FALSE,0.0199999999999818,"","","2019463ea3f1b1d157743c65c3f7c178",191,11,180,210,0.0575916230366492,0.857142857142857
"binary_dense_n300_t03_r0034","binary","dense","paper_adjusted",300,1000,1.9,34,110261316,"MLFDR",0.05,"ok",FALSE,0.149999999999977,"","","63f3e512a8c08b8d276a6254ec17a1f7",209,11,198,210,0.0526315789473684,0.942857142857143
"linear_sparse_n300_t01_r0035","linear","sparse","paper_adjusted",300,1000,1.1,35,250322939,"HDMT",0.05,"ok",FALSE,0.00999999999999091,"ties should not be present for the one-sample Kolmogorov-Smirnov test","","de89fdc09c4c83b4a2831840cb235cc1",7,0,7,22,0,0.318181818181818
"linear_sparse_n300_t01_r0035","linear","sparse","paper_adjusted",300,1000,1.1,35,250322939,"MDACT",0.05,"ok",FALSE,0.00999999999999091,"ties should not be present for the one-sample Kolmogorov-Smirnov test","","99ebf5c64e7e7901c8a7673596128b8a",7,0,7,22,0,0.318181818181818
"linear_sparse_n300_t01_r0035","linear","sparse","paper_adjusted",300,1000,1.1,35,250322939,"MLFDR",0.05,"ok",FALSE,0.560000000000002,"","","cc26867de465fc99e6a740769a6bbd79",5,0,5,22,0,0.227272727272727
"confounded_sparse_n300_t01_r0035","confounded","sparse","paper_adjusted",300,1000,1.1,35,89925074,"HDMT",0.05,"ok",FALSE,0.0299999999999727,"ties should not be present for the one-sample Kolmogorov-Smirnov test","","5a1e603df48e5a0e84f78b85ca259c9c",0,0,0,25,0,0
"confounded_sparse_n300_t01_r0035","confounded","sparse","paper_adjusted",300,1000,1.1,35,89925074,"MDACT",0.05,"ok",FALSE,0.00999999999999091,"ties should not be present for the one-sample Kolmogorov-Smirnov test","","1fb28d8216a5af28bd5e410d04f0c702",0,0,0,25,0,0
"confounded_sparse_n300_t01_r0035","confounded","sparse","paper_adjusted",300,1000,1.1,35,89925074,"MLFDR",0.05,"ok",FALSE,0.759999999999991,"","","79405f5f8d852649f64b450687f0a076",1,0,1,25,0,0.04
"binary_sparse_n300_t01_r0035","binary","sparse","paper_adjusted",300,1000,1.1,35,28186795,"HDMT",0.05,"ok",FALSE,0.0300000000000296,"","","07cd53cdab2c1dd88a7a502b9774e9fd",6,0,6,21,0,0.285714285714286
"binary_sparse_n300_t01_r0035","binary","sparse","paper_adjusted",300,1000,1.1,35,28186795,"MDACT",0.05,"ok",FALSE,0,"","","4ab0f8f3c388f079fefff059bc57ac1a",6,0,6,21,0,0.285714285714286
"binary_sparse_n300_t01_r0035","binary","sparse","paper_adjusted",300,1000,1.1,35,28186795,"MLFDR",0.05,"ok",FALSE,0.46999999999997,"","","c82e5ef61c236e5d5f59bb18cc8d6ccd",12,0,12,21,0,0.571428571428571
"linear_dense_n300_t01_r0035","linear","dense","paper_adjusted",300,1000,1.1,35,256156674,"HDMT",0.05,"ok",FALSE,0.0299999999999727,"ties should not be present for the one-sample Kolmogorov-Smirnov test","","1ddc4f9f00d4406bd8bcbba3eb208d34",20,1,19,182,0.05,0.104395604395604
"linear_dense_n300_t01_r0035","linear","dense","paper_adjusted",300,1000,1.1,35,256156674,"MDACT",0.05,"ok",FALSE,0.0199999999999818,"ties should not be present for the one-sample Kolmogorov-Smirnov test","","74891ef7f2d74c29ea5f13d4fb5ae379",48,3,45,182,0.0625,0.247252747252747
"linear_dense_n300_t01_r0035","linear","dense","paper_adjusted",300,1000,1.1,35,256156674,"MLFDR",0.05,"ok",FALSE,0.75,"","","c4f306444aae910b9c30656db48445e2",88,3,85,182,0.0340909090909091,0.467032967032967
"confounded_dense_n300_t01_r0035","confounded","dense","paper_adjusted",300,1000,1.1,35,243872388,"HDMT",0.05,"ok",FALSE,0.0400000000000205,"ties should not be present for the one-sample Kolmogorov-Smirnov test","","478890f087134e4b3f1f41108df0f2c6",49,0,49,178,0,0.275280898876405
"confounded_dense_n300_t01_r0035","confounded","dense","paper_adjusted",300,1000,1.1,35,243872388,"MDACT",0.05,"ok",FALSE,0.0199999999999818,"ties should not be present for the one-sample Kolmogorov-Smirnov test","","7676765092072d5630b63d4ec4648a8a",59,1,58,178,0.0169491525423729,0.325842696629214
"confounded_dense_n300_t01_r0035","confounded","dense","paper_adjusted",300,1000,1.1,35,243872388,"MLFDR",0.05,"ok",FALSE,1.41999999999996,"","","1d2793e634be7529ecb3db578c60c052",108,12,96,178,0.111111111111111,0.539325842696629
"binary_dense_n300_t01_r0035","binary","dense","paper_adjusted",300,1000,1.1,35,76276947,"HDMT",0.05,"ok",FALSE,0.0299999999999727,"","","74205fd93cbd5bb65b42ee4948b52176",33,0,33,214,0,0.154205607476636
"binary_dense_n300_t01_r0035","binary","dense","paper_adjusted",300,1000,1.1,35,76276947,"MDACT",0.05,"ok",FALSE,0.0200000000000387,"","","c0918a882b853c94ddd8cf0bd363433b",50,1,49,214,0.02,0.228971962616822
"binary_dense_n300_t01_r0035","binary","dense","paper_adjusted",300,1000,1.1,35,76276947,"MLFDR",0.05,"ok",FALSE,0.45999999999998,"","","033b9a319164832fc503abbb47958a81",112,4,108,214,0.0357142857142857,0.504672897196262
"linear_sparse_n300_t02_r0035","linear","sparse","paper_adjusted",300,1000,1.5,35,190256725,"HDMT",0.05,"ok",FALSE,0.0299999999999727,"ties should not be present for the one-sample Kolmogorov-Smirnov test","","8bd213f96eb5702be7a1139686ad3cd1",10,0,10,27,0,0.37037037037037
"linear_sparse_n300_t02_r0035","linear","sparse","paper_adjusted",300,1000,1.5,35,190256725,"MDACT",0.05,"ok",FALSE,0,"ties should not be present for the one-sample Kolmogorov-Smirnov test","","8bda718c054948bb838353624239b63b",12,0,12,27,0,0.444444444444444
"linear_sparse_n300_t02_r0035","linear","sparse","paper_adjusted",300,1000,1.5,35,190256725,"MLFDR",0.05,"ok",FALSE,0.25,"","","fd5960260c8adb043ce4ad9453173534",18,1,17,27,0.0555555555555556,0.62962962962963
"confounded_sparse_n300_t02_r0035","confounded","sparse","paper_adjusted",300,1000,1.5,35,52509080,"HDMT",0.05,"ok",FALSE,0.0300000000000296,"ties should not be present for the one-sample Kolmogorov-Smirnov test","","b064a64ff22726b8b912d05ced6a7308",7,0,7,20,0,0.35
"confounded_sparse_n300_t02_r0035","confounded","sparse","paper_adjusted",300,1000,1.5,35,52509080,"MDACT",0.05,"ok",FALSE,0.00999999999999091,"ties should not be present for the one-sample Kolmogorov-Smirnov test","","73a9a4e5abb8c17c738f7c3b6a973c73",10,0,10,20,0,0.5
"confounded_sparse_n300_t02_r0035","confounded","sparse","paper_adjusted",300,1000,1.5,35,52509080,"MLFDR",0.05,"ok",FALSE,0.300000000000011,"","","ca23b8e9b201f39b918dafe005540261",15,0,15,20,0,0.75
"binary_sparse_n300_t02_r0035","binary","sparse","paper_adjusted",300,1000,1.5,35,137424562,"HDMT",0.05,"ok",FALSE,0.0300000000000296,"","","08e962c92a7981a45bb970b31d7d1122",13,0,13,25,0,0.52
"binary_sparse_n300_t02_r0035","binary","sparse","paper_adjusted",300,1000,1.5,35,137424562,"MDACT",0.05,"ok",FALSE,0.00999999999999091,"","","e0b23a3c227d31a02796dcfe7bfb751e",18,2,16,25,0.111111111111111,0.64
"binary_sparse_n300_t02_r0035","binary","sparse","paper_adjusted",300,1000,1.5,35,137424562,"MLFDR",0.05,"ok",FALSE,0.390000000000043,"","","5fce400601748ff69ea6f72a43d68d72",22,2,20,25,0.0909090909090909,0.8
"linear_dense_n300_t02_r0035","linear","dense","paper_adjusted",300,1000,1.5,35,24194766,"HDMT",0.05,"ok",FALSE,0.0199999999999818,"ties should not be present for the one-sample Kolmogorov-Smirnov test","","d6e2bc02c13fd48634ec31dd5b6fc74d",128,1,127,191,0.0078125,0.664921465968586
"linear_dense_n300_t02_r0035","linear","dense","paper_adjusted",300,1000,1.5,35,24194766,"MDACT",0.05,"ok",FALSE,0,"ties should not be present for the one-sample Kolmogorov-Smirnov test","","65e0c4a5afd38edbfefabb9bce8bdc1e",135,3,132,191,0.0222222222222222,0.691099476439791
"linear_dense_n300_t02_r0035","linear","dense","paper_adjusted",300,1000,1.5,35,24194766,"MLFDR",0.05,"ok",FALSE,0.160000000000025,"","","7152fdc4c53851197d5d170d9b1d36fb",177,11,166,191,0.0621468926553672,0.869109947643979
"confounded_dense_n300_t02_r0035","confounded","dense","paper_adjusted",300,1000,1.5,35,112715539,"HDMT",0.05,"ok",FALSE,0.0299999999999727,"ties should not be present for the one-sample Kolmogorov-Smirnov test","","d96861747a511770359679d860882a4c",128,7,121,187,0.0546875,0.647058823529412
"confounded_dense_n300_t02_r0035","confounded","dense","paper_adjusted",300,1000,1.5,35,112715539,"MDACT",0.05,"ok",FALSE,0.00999999999999091,"ties should not be present for the one-sample Kolmogorov-Smirnov test","","a2be64a0196a4740e6d511e9ddfa737b",131,6,125,187,0.0458015267175573,0.668449197860963
"confounded_dense_n300_t02_r0035","confounded","dense","paper_adjusted",300,1000,1.5,35,112715539,"MLFDR",0.05,"ok",FALSE,0.389999999999986,"","","102b45e435fcf3ac3749298306ce800c",162,5,157,187,0.0308641975308642,0.839572192513369
"binary_dense_n300_t02_r0035","binary","dense","paper_adjusted",300,1000,1.5,35,88321517,"HDMT",0.05,"ok",FALSE,0.00999999999999091,"","","c7fd68ca3071f8953c0580790ed48f6c",139,5,134,194,0.0359712230215827,0.690721649484536
"binary_dense_n300_t02_r0035","binary","dense","paper_adjusted",300,1000,1.5,35,88321517,"MDACT",0.05,"ok",FALSE,0,"","","687e043c21270071c6ce1240215f587e",145,8,137,194,0.0551724137931034,0.706185567010309
"binary_dense_n300_t02_r0035","binary","dense","paper_adjusted",300,1000,1.5,35,88321517,"MLFDR",0.05,"ok",FALSE,0.20999999999998,"","","6bd484d9f16b4966612e678b4b3301cc",183,9,174,194,0.0491803278688525,0.896907216494845
"linear_sparse_n300_t03_r0035","linear","sparse","paper_adjusted",300,1000,1.9,35,37516242,"HDMT",0.05,"ok",FALSE,0.00999999999999091,"ties should not be present for the one-sample Kolmogorov-Smirnov test","","da2237b7018b378c36e266e39c7c3901",18,0,18,20,0,0.9
"linear_sparse_n300_t03_r0035","linear","sparse","paper_adjusted",300,1000,1.9,35,37516242,"MDACT",0.05,"ok",FALSE,0,"ties should not be present for the one-sample Kolmogorov-Smirnov test","","5ec26b9b716cef6621abde4f89fab386",18,1,17,20,0.0555555555555556,0.85
"linear_sparse_n300_t03_r0035","linear","sparse","paper_adjusted",300,1000,1.9,35,37516242,"MLFDR",0.05,"ok",FALSE,0.07000000000005,"","","3fdc0af3c0b0c29cb19642ad38e188bd",21,1,20,20,0.0476190476190476,1
"confounded_sparse_n300_t03_r0035","confounded","sparse","paper_adjusted",300,1000,1.9,35,113280214,"HDMT",0.05,"ok",FALSE,0.0299999999999727,"ties should not be present for the one-sample Kolmogorov-Smirnov test","","b41e0d34998c0f380783a98419842115",14,0,14,19,0,0.736842105263158
"confounded_sparse_n300_t03_r0035","confounded","sparse","paper_adjusted",300,1000,1.9,35,113280214,"MDACT",0.05,"ok",FALSE,0.0199999999999818,"ties should not be present for the one-sample Kolmogorov-Smirnov test","","1684918256d3147cdf2934fd480602dc",14,0,14,19,0,0.736842105263158
"confounded_sparse_n300_t03_r0035","confounded","sparse","paper_adjusted",300,1000,1.9,35,113280214,"MLFDR",0.05,"ok",FALSE,0.199999999999989,"","","4c55112f03bafa9230764eeac180734c",17,1,16,19,0.0588235294117647,0.842105263157895
"binary_sparse_n300_t03_r0035","binary","sparse","paper_adjusted",300,1000,1.9,35,125154488,"HDMT",0.05,"ok",FALSE,0.0299999999999727,"","","fbc8bf584b134ce415d2e99b1e038eef",15,0,15,22,0,0.681818181818182
"binary_sparse_n300_t03_r0035","binary","sparse","paper_adjusted",300,1000,1.9,35,125154488,"MDACT",0.05,"ok",FALSE,0.0199999999999818,"","","595b15ba78865c3e21563ec07415ee15",19,1,18,22,0.0526315789473684,0.818181818181818
"binary_sparse_n300_t03_r0035","binary","sparse","paper_adjusted",300,1000,1.9,35,125154488,"MLFDR",0.05,"ok",FALSE,0.350000000000023,"","","389ac23b29209e011843496fa6339612",21,2,19,22,0.0952380952380952,0.863636363636364
"linear_dense_n300_t03_r0035","linear","dense","paper_adjusted",300,1000,1.9,35,203794171,"HDMT",0.05,"ok",FALSE,0.0300000000000296,"ties should not be present for the one-sample Kolmogorov-Smirnov test","","b6c3a8299df7e990c312a9b34eb72ff2",179,8,171,201,0.0446927374301676,0.850746268656716
"linear_dense_n300_t03_r0035","linear","dense","paper_adjusted",300,1000,1.9,35,203794171,"MDACT",0.05,"ok",FALSE,0,"ties should not be present for the one-sample Kolmogorov-Smirnov test","","d6e4b78463e82dcb69b0cc079ed5291c",178,8,170,201,0.0449438202247191,0.845771144278607
"linear_dense_n300_t03_r0035","linear","dense","paper_adjusted",300,1000,1.9,35,203794171,"MLFDR",0.05,"ok",FALSE,0.159999999999968,"","","fc7c192df55b820677b4a33b4177ebf1",205,11,194,201,0.0536585365853659,0.965174129353234
"confounded_dense_n300_t03_r0035","confounded","dense","paper_adjusted",300,1000,1.9,35,143695689,"HDMT",0.05,"ok",FALSE,0.0400000000000205,"ties should not be present for the one-sample Kolmogorov-Smirnov test","","034732b7409352bd712f9aae6f6044b8",163,7,156,201,0.0429447852760736,0.776119402985075
"confounded_dense_n300_t03_r0035","confounded","dense","paper_adjusted",300,1000,1.9,35,143695689,"MDACT",0.05,"ok",FALSE,0.0199999999999818,"ties should not be present for the one-sample Kolmogorov-Smirnov test","","569ff75433d370bbab0394273929a912",170,7,163,201,0.0411764705882353,0.810945273631841
"confounded_dense_n300_t03_r0035","confounded","dense","paper_adjusted",300,1000,1.9,35,143695689,"MLFDR",0.05,"ok",FALSE,0.139999999999986,"","","a239a829fcc4a1409f0f1280744dd43d",202,9,193,201,0.0445544554455446,0.960199004975124
"binary_dense_n300_t03_r0035","binary","dense","paper_adjusted",300,1000,1.9,35,165574877,"HDMT",0.05,"ok",FALSE,0.0300000000000296,"","","112626c40fda27285dc8b9710692c663",182,11,171,201,0.0604395604395604,0.850746268656716
"binary_dense_n300_t03_r0035","binary","dense","paper_adjusted",300,1000,1.9,35,165574877,"MDACT",0.05,"ok",FALSE,0,"","","e5de15dfc611526edc9017f0f32b67de",184,10,174,201,0.0543478260869565,0.865671641791045
"binary_dense_n300_t03_r0035","binary","dense","paper_adjusted",300,1000,1.9,35,165574877,"MLFDR",0.05,"ok",FALSE,0.149999999999977,"","","d88575e415bf426493ac8a619001e8f3",204,16,188,201,0.0784313725490196,0.935323383084577
"linear_sparse_n300_t01_r0036","linear","sparse","paper_adjusted",300,1000,1.1,36,169040729,"HDMT",0.05,"ok",FALSE,0.0300000000000296,"ties should not be present for the one-sample Kolmogorov-Smirnov test","","17e12e91dc9aab2119fc20e2c487de6f",6,0,6,24,0,0.25
"linear_sparse_n300_t01_r0036","linear","sparse","paper_adjusted",300,1000,1.1,36,169040729,"MDACT",0.05,"ok",FALSE,0.00999999999999091,"ties should not be present for the one-sample Kolmogorov-Smirnov test","","422bdfc5e9a0a3969f81541db7ce7739",6,0,6,24,0,0.25
"linear_sparse_n300_t01_r0036","linear","sparse","paper_adjusted",300,1000,1.1,36,169040729,"MLFDR",0.05,"ok",FALSE,0.479999999999961,"","","840e8240157a22cad84667f31efb52c1",10,0,10,24,0,0.416666666666667
"confounded_sparse_n300_t01_r0036","confounded","sparse","paper_adjusted",300,1000,1.1,36,19220308,"HDMT",0.05,"ok",FALSE,0.0399999999999636,"ties should not be present for the one-sample Kolmogorov-Smirnov test","","abdd3e5087bac0bc2bfc825302d03638",1,0,1,18,0,0.0555555555555556
"confounded_sparse_n300_t01_r0036","confounded","sparse","paper_adjusted",300,1000,1.1,36,19220308,"MDACT",0.05,"ok",FALSE,0.0200000000000387,"ties should not be present for the one-sample Kolmogorov-Smirnov test","","e3e6ebab67f17afc360d8c6b0e5be38f",1,0,1,18,0,0.0555555555555556
"confounded_sparse_n300_t01_r0036","confounded","sparse","paper_adjusted",300,1000,1.1,36,19220308,"MLFDR",0.05,"ok",FALSE,0.370000000000005,"","","53f3c4c3c1e88b14b393088ded2cc7d9",1,0,1,18,0,0.0555555555555556
"binary_sparse_n300_t01_r0036","binary","sparse","paper_adjusted",300,1000,1.1,36,100711393,"HDMT",0.05,"ok",FALSE,0.0199999999999818,"","","da568be78aa6fd1a70590b3522793d83",3,0,3,31,0,0.0967741935483871
"binary_sparse_n300_t01_r0036","binary","sparse","paper_adjusted",300,1000,1.1,36,100711393,"MDACT",0.05,"ok",FALSE,0,"","","4b7ed1a5263c8a5d3eb512fee5846325",4,0,4,31,0,0.129032258064516
"binary_sparse_n300_t01_r0036","binary","sparse","paper_adjusted",300,1000,1.1,36,100711393,"MLFDR",0.05,"ok",FALSE,3.61000000000001,"","","c572ec5e9f131f24ecdefddec1b455be",78,49,29,31,0.628205128205128,0.935483870967742
"linear_dense_n300_t01_r0036","linear","dense","paper_adjusted",300,1000,1.1,36,47360685,"HDMT",0.05,"ok",FALSE,0.00999999999999091,"ties should not be present for the one-sample Kolmogorov-Smirnov test","","b0b62da4a7c7aa8700d519b8a5a877ec",84,3,81,207,0.0357142857142857,0.391304347826087
"linear_dense_n300_t01_r0036","linear","dense","paper_adjusted",300,1000,1.1,36,47360685,"MDACT",0.05,"ok",FALSE,0.0199999999999818,"ties should not be present for the one-sample Kolmogorov-Smirnov test","","26f038b5a575356a7b767358fafb3d50",90,2,88,207,0.0222222222222222,0.42512077294686
"linear_dense_n300_t01_r0036","linear","dense","paper_adjusted",300,1000,1.1,36,47360685,"MLFDR",0.05,"ok",FALSE,0.350000000000023,"","","deba238298cc460df9fca7908f6cf918",126,4,122,207,0.0317460317460317,0.589371980676328
"confounded_dense_n300_t01_r0036","confounded","dense","paper_adjusted",300,1000,1.1,36,180326075,"HDMT",0.05,"ok",FALSE,0.0299999999999727,"ties should not be present for the one-sample Kolmogorov-Smirnov test","","e70664da63cdc09c6a2dc66104f31203",17,0,17,200,0,0.085
"confounded_dense_n300_t01_r0036","confounded","dense","paper_adjusted",300,1000,1.1,36,180326075,"MDACT",0.05,"ok",FALSE,0,"ties should not be present for the one-sample Kolmogorov-Smirnov test","","a232c8e7544cadee182f27df9979b63d",32,1,31,200,0.03125,0.155
"confounded_dense_n300_t01_r0036","confounded","dense","paper_adjusted",300,1000,1.1,36,180326075,"MLFDR",0.05,"ok",FALSE,1.03000000000003,"","","9f3ca56c7298bc98f4c5b772031f1da4",112,11,101,200,0.0982142857142857,0.505
"binary_dense_n300_t01_r0036","binary","dense","paper_adjusted",300,1000,1.1,36,92609538,"HDMT",0.05,"ok",FALSE,0.0299999999999727,"","","ba3cdb3fd61473a12d727eb5bd906f20",5,0,5,180,0,0.0277777777777778
"binary_dense_n300_t01_r0036","binary","dense","paper_adjusted",300,1000,1.1,36,92609538,"MDACT",0.05,"ok",FALSE,0.0100000000000477,"","","988ac990fc2272d04effa61ae4b22496",14,0,14,180,0,0.0777777777777778
"binary_dense_n300_t01_r0036","binary","dense","paper_adjusted",300,1000,1.1,36,92609538,"MLFDR",0.05,"ok",FALSE,0.689999999999998,"","","4ed8ddfe6e58c457f4185cfa8be88d41",77,6,71,180,0.0779220779220779,0.394444444444444
"linear_sparse_n300_t02_r0036","linear","sparse","paper_adjusted",300,1000,1.5,36,58737844,"HDMT",0.05,"ok",FALSE,0.0299999999999727,"ties should not be present for the one-sample Kolmogorov-Smirnov test","","fb5ef1d16a113cec1bccb5971605f236",2,0,2,21,0,0.0952380952380952
"linear_sparse_n300_t02_r0036","linear","sparse","paper_adjusted",300,1000,1.5,36,58737844,"MDACT",0.05,"ok",FALSE,0.0100000000000477,"ties should not be present for the one-sample Kolmogorov-Smirnov test","","389b50a73cc66fc2eb9890ef97f4dc30",2,0,2,21,0,0.0952380952380952
"linear_sparse_n300_t02_r0036","linear","sparse","paper_adjusted",300,1000,1.5,36,58737844,"MLFDR",0.05,"ok",FALSE,0.329999999999984,"","","926b3bb7a6e908705025c9a581c9edc8",7,1,6,21,0.142857142857143,0.285714285714286
"confounded_sparse_n300_t02_r0036","confounded","sparse","paper_adjusted",300,1000,1.5,36,93372984,"HDMT",0.05,"ok",FALSE,0.0199999999999818,"ties should not be present for the one-sample Kolmogorov-Smirnov test","","6667ae9e8dc6ffc3c3fe0d399747790b",16,0,16,26,0,0.615384615384615
"confounded_sparse_n300_t02_r0036","confounded","sparse","paper_adjusted",300,1000,1.5,36,93372984,"MDACT",0.05,"ok",FALSE,0,"ties should not be present for the one-sample Kolmogorov-Smirnov test","","7ec8c94cac0651b7fa60987167e0adcc",18,0,18,26,0,0.692307692307692
"confounded_sparse_n300_t02_r0036","confounded","sparse","paper_adjusted",300,1000,1.5,36,93372984,"MLFDR",0.05,"ok",FALSE,0.110000000000014,"","","f4080a61a25aa5215d966aa92f3dd769",22,0,22,26,0,0.846153846153846
"binary_sparse_n300_t02_r0036","binary","sparse","paper_adjusted",300,1000,1.5,36,89182205,"HDMT",0.05,"ok",FALSE,0.0200000000000387,"","","10be837b9b67a23537ce0438f65aa3e9",12,0,12,31,0,0.387096774193548
"binary_sparse_n300_t02_r0036","binary","sparse","paper_adjusted",300,1000,1.5,36,89182205,"MDACT",0.05,"ok",FALSE,0,"","","995e596f672776037edd7804def85c6f",16,0,16,31,0,0.516129032258065
"binary_sparse_n300_t02_r0036","binary","sparse","paper_adjusted",300,1000,1.5,36,89182205,"MLFDR",0.05,"ok",FALSE,0.340000000000032,"","","e5e80a2fa6adc7486a2fecf77b0bd98f",24,0,24,31,0,0.774193548387097
"linear_dense_n300_t02_r0036","linear","dense","paper_adjusted",300,1000,1.5,36,209448277,"HDMT",0.05,"ok",FALSE,0.0299999999999727,"ties should not be present for the one-sample Kolmogorov-Smirnov test","","dc3329bd830a7bc92e74571d866230ca",116,6,110,193,0.0517241379310345,0.569948186528497
"linear_dense_n300_t02_r0036","linear","dense","paper_adjusted",300,1000,1.5,36,209448277,"MDACT",0.05,"ok",FALSE,0.0100000000000477,"ties should not be present for the one-sample Kolmogorov-Smirnov test","","c134d07bda14bd9d9c86109733e02a7d",126,6,120,193,0.0476190476190476,0.621761658031088
"linear_dense_n300_t02_r0036","linear","dense","paper_adjusted",300,1000,1.5,36,209448277,"MLFDR",0.05,"ok",FALSE,0.310000000000002,"","","400f0f4ea0b59ddae8a2cf645f6c80b4",160,9,151,193,0.05625,0.782383419689119
"confounded_dense_n300_t02_r0036","confounded","dense","paper_adjusted",300,1000,1.5,36,187003412,"HDMT",0.05,"ok",FALSE,0.0100000000000477,"ties should not be present for the one-sample Kolmogorov-Smirnov test","","8a8a021c385c9b7ee1e46995a2419c99",164,11,153,207,0.0670731707317073,0.739130434782609
"confounded_dense_n300_t02_r0036","confounded","dense","paper_adjusted",300,1000,1.5,36,187003412,"MDACT",0.05,"ok",FALSE,0.00999999999999091,"ties should not be present for the one-sample Kolmogorov-Smirnov test","","ea00d9ec529ba878d7c7146568b691df",166,10,156,207,0.0602409638554217,0.753623188405797
"confounded_dense_n300_t02_r0036","confounded","dense","paper_adjusted",300,1000,1.5,36,187003412,"MLFDR",0.05,"ok",FALSE,0.289999999999964,"","","4285e3e3b7ea50e0c383ddf3da586590",205,16,189,207,0.0780487804878049,0.91304347826087
"binary_dense_n300_t02_r0036","binary","dense","paper_adjusted",300,1000,1.5,36,78142135,"HDMT",0.05,"ok",FALSE,0.0300000000000296,"","","27fea8b26df19029696a7ea622b32f02",134,2,132,209,0.0149253731343284,0.631578947368421
"binary_dense_n300_t02_r0036","binary","dense","paper_adjusted",300,1000,1.5,36,78142135,"MDACT",0.05,"ok",FALSE,0.0199999999999818,"","","f24e503dd897d9d12dcd26494787f1cb",134,2,132,209,0.0149253731343284,0.631578947368421
"binary_dense_n300_t02_r0036","binary","dense","paper_adjusted",300,1000,1.5,36,78142135,"MLFDR",0.05,"ok",FALSE,0.300000000000011,"","","2f5258cbe5ead40afe97fcef732b1925",183,5,178,209,0.0273224043715847,0.851674641148325
"linear_sparse_n300_t03_r0036","linear","sparse","paper_adjusted",300,1000,1.9,36,46138078,"HDMT",0.05,"ok",FALSE,0.0199999999999818,"ties should not be present for the one-sample Kolmogorov-Smirnov test","","494d364e67b386bce1a89028ab89ae9d",24,11,13,19,0.458333333333333,0.684210526315789
"linear_sparse_n300_t03_r0036","linear","sparse","paper_adjusted",300,1000,1.9,36,46138078,"MDACT",0.05,"ok",FALSE,0,"ties should not be present for the one-sample Kolmogorov-Smirnov test","","530b549e5f92dc024d2103f0a57941e6",11,2,9,19,0.181818181818182,0.473684210526316
"linear_sparse_n300_t03_r0036","linear","sparse","paper_adjusted",300,1000,1.9,36,46138078,"MLFDR",0.05,"ok",FALSE,0.129999999999995,"","","966c46ecb2dc02a4b65cbcd2f4e5dd2e",16,3,13,19,0.1875,0.684210526315789
"confounded_sparse_n300_t03_r0036","confounded","sparse","paper_adjusted",300,1000,1.9,36,129563184,"HDMT",0.05,"ok",FALSE,0.0199999999999818,"ties should not be present for the one-sample Kolmogorov-Smirnov test","","843ff4a2c7e011f8f845f59914042d02",8,0,8,17,0,0.470588235294118
"confounded_sparse_n300_t03_r0036","confounded","sparse","paper_adjusted",300,1000,1.9,36,129563184,"MDACT",0.05,"ok",FALSE,0,"ties should not be present for the one-sample Kolmogorov-Smirnov test","","7540edfcb32f99d97b6989e71efb82b5",10,0,10,17,0,0.588235294117647
"confounded_sparse_n300_t03_r0036","confounded","sparse","paper_adjusted",300,1000,1.9,36,129563184,"MLFDR",0.05,"ok",FALSE,0.230000000000018,"","","7a76680729c9a1e8110806689d8f666c",15,1,14,17,0.0666666666666667,0.823529411764706
"binary_sparse_n300_t03_r0036","binary","sparse","paper_adjusted",300,1000,1.9,36,184718400,"HDMT",0.05,"ok",FALSE,0.0300000000000296,"","","6b079bbcfcf82f8c0d024b640adf2a83",15,0,15,30,0,0.5
"binary_sparse_n300_t03_r0036","binary","sparse","paper_adjusted",300,1000,1.9,36,184718400,"MDACT",0.05,"ok",FALSE,0,"","","a34ee4a8ce2d140305048143a8c82820",16,1,15,30,0.0625,0.5
"binary_sparse_n300_t03_r0036","binary","sparse","paper_adjusted",300,1000,1.9,36,184718400,"MLFDR",0.05,"ok",FALSE,0.300000000000011,"","","0502ccd92c9fcc854e6ac21fddb80d0b",22,0,22,30,0,0.733333333333333
"linear_dense_n300_t03_r0036","linear","dense","paper_adjusted",300,1000,1.9,36,121058961,"HDMT",0.05,"ok",FALSE,0.0299999999999727,"ties should not be present for the one-sample Kolmogorov-Smirnov test","","7fc19d6968ce281155eeb338e0afdb62",157,7,150,205,0.0445859872611465,0.731707317073171
"linear_dense_n300_t03_r0036","linear","dense","paper_adjusted",300,1000,1.9,36,121058961,"MDACT",0.05,"ok",FALSE,0.0100000000000477,"ties should not be present for the one-sample Kolmogorov-Smirnov test","","bcd6b0f624ccdda79716afe4baf4a3dc",163,10,153,205,0.0613496932515337,0.746341463414634
"linear_dense_n300_t03_r0036","linear","dense","paper_adjusted",300,1000,1.9,36,121058961,"MLFDR",0.05,"ok",FALSE,0.379999999999995,"","","116acd76d279c39ef9ada0e46011dfc8",209,18,191,205,0.0861244019138756,0.931707317073171
"confounded_dense_n300_t03_r0036","confounded","dense","paper_adjusted",300,1000,1.9,36,261482013,"HDMT",0.05,"ok",FALSE,0.0300000000000296,"ties should not be present for the one-sample Kolmogorov-Smirnov test","","6f37427f6e0cda59a0585f8b8bba87d1",193,4,189,208,0.0207253886010363,0.908653846153846
"confounded_dense_n300_t03_r0036","confounded","dense","paper_adjusted",300,1000,1.9,36,261482013,"MDACT",0.05,"ok",FALSE,0.00999999999999091,"ties should not be present for the one-sample Kolmogorov-Smirnov test","","b9ee9f3a1726491216e50badab1f96c1",194,4,190,208,0.0206185567010309,0.913461538461538
"confounded_dense_n300_t03_r0036","confounded","dense","paper_adjusted",300,1000,1.9,36,261482013,"MLFDR",0.05,"ok",FALSE,0.120000000000005,"","","d23bb5cea58e8cda98ff5cf3788022f1",214,7,207,208,0.0327102803738318,0.995192307692308
"binary_dense_n300_t03_r0036","binary","dense","paper_adjusted",300,1000,1.9,36,20045684,"HDMT",0.05,"ok",FALSE,0.0300000000000296,"","","a64ca7dac0aee6e01a57eb54af3d24f6",182,7,175,222,0.0384615384615385,0.788288288288288
"binary_dense_n300_t03_r0036","binary","dense","paper_adjusted",300,1000,1.9,36,20045684,"MDACT",0.05,"ok",FALSE,0,"","","28bb6446e0f0a1d6f1c724cb828f57c5",174,5,169,222,0.028735632183908,0.761261261261261
"binary_dense_n300_t03_r0036","binary","dense","paper_adjusted",300,1000,1.9,36,20045684,"MLFDR",0.05,"ok",FALSE,0.120000000000005,"","","954313512f6836a3f46f65f238facefc",217,8,209,222,0.0368663594470046,0.941441441441441
"linear_sparse_n300_t01_r0037","linear","sparse","paper_adjusted",300,1000,1.1,37,11095050,"HDMT",0.05,"ok",FALSE,0.0300000000000296,"ties should not be present for the one-sample Kolmogorov-Smirnov test","","87d92fdaf527d84b38e2ffe8f3190fcf",6,0,6,20,0,0.3
"linear_sparse_n300_t01_r0037","linear","sparse","paper_adjusted",300,1000,1.1,37,11095050,"MDACT",0.05,"ok",FALSE,0,"ties should not be present for the one-sample Kolmogorov-Smirnov test","","f9663a31f186bd57ec62f4cad733586c",6,0,6,20,0,0.3
"linear_sparse_n300_t01_r0037","linear","sparse","paper_adjusted",300,1000,1.1,37,11095050,"MLFDR",0.05,"ok",FALSE,0.75,"","","79fa34a67052eedbabd30a2d1ac87c69",8,0,8,20,0,0.4
"confounded_sparse_n300_t01_r0037","confounded","sparse","paper_adjusted",300,1000,1.1,37,91059430,"HDMT",0.05,"ok",FALSE,0.0199999999999818,"ties should not be present for the one-sample Kolmogorov-Smirnov test","","5e2ec26ce6729cb7abe98e0ff86ea716",0,0,0,25,0,0
"confounded_sparse_n300_t01_r0037","confounded","sparse","paper_adjusted",300,1000,1.1,37,91059430,"MDACT",0.05,"ok",FALSE,0,"ties should not be present for the one-sample Kolmogorov-Smirnov test","","9f2bcb6c4675ca112839a267c0c3e800",2,0,2,25,0,0.08
"confounded_sparse_n300_t01_r0037","confounded","sparse","paper_adjusted",300,1000,1.1,37,91059430,"MLFDR",0.05,"ok",FALSE,1.70000000000005,"","","f6d8e7c3a29d12fe259192dd530f0123",7,0,7,25,0,0.28
"binary_sparse_n300_t01_r0037","binary","sparse","paper_adjusted",300,1000,1.1,37,185463537,"HDMT",0.05,"ok",FALSE,0.0299999999999727,"","","342ebfbea3d1045fe72623754c3921b9",0,0,0,24,0,0
"binary_sparse_n300_t01_r0037","binary","sparse","paper_adjusted",300,1000,1.1,37,185463537,"MDACT",0.05,"ok",FALSE,0.00999999999999091,"","","92794ff6877671c5d0aaad6e892b3f2b",0,0,0,24,0,0
"binary_sparse_n300_t01_r0037","binary","sparse","paper_adjusted",300,1000,1.1,37,185463537,"MLFDR",0.05,"ok",FALSE,0.590000000000032,"","","2a13f54c497734f0bf05b0f7aca553f6",4,0,4,24,0,0.166666666666667
"linear_dense_n300_t01_r0037","linear","dense","paper_adjusted",300,1000,1.1,37,245878453,"HDMT",0.05,"ok",FALSE,0.0199999999999818,"ties should not be present for the one-sample Kolmogorov-Smirnov test","","d1c00c2bfe971f22ca305ee9e43ec4b2",41,0,41,205,0,0.2
"linear_dense_n300_t01_r0037","linear","dense","paper_adjusted",300,1000,1.1,37,245878453,"MDACT",0.05,"ok",FALSE,0,"ties should not be present for the one-sample Kolmogorov-Smirnov test","","21e239e857b46207d6657a5fae00cde2",54,2,52,205,0.037037037037037,0.253658536585366
"linear_dense_n300_t01_r0037","linear","dense","paper_adjusted",300,1000,1.1,37,245878453,"MLFDR",0.05,"ok",FALSE,0.360000000000014,"","","566013d7ce376cb91432aea1232ab1a7",103,4,99,205,0.0388349514563107,0.482926829268293
"confounded_dense_n300_t01_r0037","confounded","dense","paper_adjusted",300,1000,1.1,37,51408044,"HDMT",0.05,"ok",FALSE,0.0300000000000296,"ties should not be present for the one-sample Kolmogorov-Smirnov test","","d93f744c7262930ef7b08236e4a33f08",51,0,51,218,0,0.23394495412844
"confounded_dense_n300_t01_r0037","confounded","dense","paper_adjusted",300,1000,1.1,37,51408044,"MDACT",0.05,"ok",FALSE,0.00999999999999091,"ties should not be present for the one-sample Kolmogorov-Smirnov test","","dbf476d4693477581c935e4fa01ff734",74,2,72,218,0.027027027027027,0.330275229357798
"confounded_dense_n300_t01_r0037","confounded","dense","paper_adjusted",300,1000,1.1,37,51408044,"MLFDR",0.05,"ok",FALSE,0.310000000000002,"","","b10d77c266e5cffbb05abfe47cbb4108",140,6,134,218,0.0428571428571429,0.614678899082569
"binary_dense_n300_t01_r0037","binary","dense","paper_adjusted",300,1000,1.1,37,247335433,"HDMT",0.05,"ok",FALSE,0.0199999999999818,"","","d8e8095f9917d1301ebb8cedae90660f",56,2,54,207,0.0357142857142857,0.260869565217391
"binary_dense_n300_t01_r0037","binary","dense","paper_adjusted",300,1000,1.1,37,247335433,"MDACT",0.05,"ok",FALSE,0.0200000000000387,"","","9321be46e2db8570b219e2d9504e6f83",77,5,72,207,0.0649350649350649,0.347826086956522
"binary_dense_n300_t01_r0037","binary","dense","paper_adjusted",300,1000,1.1,37,247335433,"MLFDR",0.05,"ok",FALSE,0.279999999999973,"","","19a6af0b1b133aaa3d3b47508ad99ea9",127,7,120,207,0.0551181102362205,0.579710144927536
"linear_sparse_n300_t02_r0037","linear","sparse","paper_adjusted",300,1000,1.5,37,98353584,"HDMT",0.05,"ok",FALSE,0.0300000000000296,"ties should not be present for the one-sample Kolmogorov-Smirnov test","","52429e8519dbd19ab6bcff126d9cd9c6",9,0,9,21,0,0.428571428571429
"linear_sparse_n300_t02_r0037","linear","sparse","paper_adjusted",300,1000,1.5,37,98353584,"MDACT",0.05,"ok",FALSE,0,"ties should not be present for the one-sample Kolmogorov-Smirnov test","","fcca8ccf77b8d0820b923dada567f85a",11,0,11,21,0,0.523809523809524
"linear_sparse_n300_t02_r0037","linear","sparse","paper_adjusted",300,1000,1.5,37,98353584,"MLFDR",0.05,"ok",FALSE,0.25,"","","9260a1825caf9f821ecefe7a37c2d96f",15,0,15,21,0,0.714285714285714
"confounded_sparse_n300_t02_r0037","confounded","sparse","paper_adjusted",300,1000,1.5,37,201710841,"HDMT",0.05,"ok",FALSE,0.0399999999999636,"ties should not be present for the one-sample Kolmogorov-Smirnov test","","87f57115b3298ee72d452643e5f95fb5",14,0,14,26,0,0.538461538461538
"confounded_sparse_n300_t02_r0037","confounded","sparse","paper_adjusted",300,1000,1.5,37,201710841,"MDACT",0.05,"ok",FALSE,0.0200000000000387,"ties should not be present for the one-sample Kolmogorov-Smirnov test","","3c7c9e78d0c258b4949bce5e01cc362a",16,0,16,26,0,0.615384615384615
"confounded_sparse_n300_t02_r0037","confounded","sparse","paper_adjusted",300,1000,1.5,37,201710841,"MLFDR",0.05,"ok",FALSE,0.329999999999984,"","","0f11ebb53683b36f30dce77ab028f4f2",21,2,19,26,0.0952380952380952,0.730769230769231
"binary_sparse_n300_t02_r0037","binary","sparse","paper_adjusted",300,1000,1.5,37,12405928,"HDMT",0.05,"ok",FALSE,0.00999999999999091,"","","5ad2a7d6d82affd33cbc198a70b83d8b",3,0,3,18,0,0.166666666666667
"binary_sparse_n300_t02_r0037","binary","sparse","paper_adjusted",300,1000,1.5,37,12405928,"MDACT",0.05,"ok",FALSE,0,"","","9f3d5f0d569400319266e79ce0e0aaf8",4,0,4,18,0,0.222222222222222
"binary_sparse_n300_t02_r0037","binary","sparse","paper_adjusted",300,1000,1.5,37,12405928,"MLFDR",0.05,"ok",FALSE,0.460000000000036,"","","b3d63d04252fb423f288c34baf9228f1",10,0,10,18,0,0.555555555555556
"linear_dense_n300_t02_r0037","linear","dense","paper_adjusted",300,1000,1.5,37,161090063,"HDMT",0.05,"ok",FALSE,0.0199999999999818,"ties should not be present for the one-sample Kolmogorov-Smirnov test","","9e170587c718fa499043c1d216e808ef",123,4,119,223,0.032520325203252,0.533632286995516
"linear_dense_n300_t02_r0037","linear","dense","paper_adjusted",300,1000,1.5,37,161090063,"MDACT",0.05,"ok",FALSE,0,"ties should not be present for the one-sample Kolmogorov-Smirnov test","","3a0e45cf96003362708616e750bc7c2b",162,11,151,223,0.0679012345679012,0.677130044843049
"linear_dense_n300_t02_r0037","linear","dense","paper_adjusted",300,1000,1.5,37,161090063,"MLFDR",0.05,"ok",FALSE,0.45999999999998,"","","48167b8cabda1ec029647b5df65899b7",174,6,168,223,0.0344827586206897,0.753363228699552
"confounded_dense_n300_t02_r0037","confounded","dense","paper_adjusted",300,1000,1.5,37,52299929,"HDMT",0.05,"ok",FALSE,0.0299999999999727,"ties should not be present for the one-sample Kolmogorov-Smirnov test","","ec240fcd99923b5a75790df91d5e3204",106,5,101,185,0.0471698113207547,0.545945945945946
"confounded_dense_n300_t02_r0037","confounded","dense","paper_adjusted",300,1000,1.5,37,52299929,"MDACT",0.05,"ok",FALSE,0.0199999999999818,"ties should not be present for the one-sample Kolmogorov-Smirnov test","","93c39bea01146079832ec735c2ad878e",117,8,109,185,0.0683760683760684,0.589189189189189
"confounded_dense_n300_t02_r0037","confounded","dense","paper_adjusted",300,1000,1.5,37,52299929,"MLFDR",0.05,"ok",FALSE,0.310000000000002,"","","506d10c881396ee4848b7dae98ca850b",153,5,148,185,0.0326797385620915,0.8
"binary_dense_n300_t02_r0037","binary","dense","paper_adjusted",300,1000,1.5,37,31609977,"HDMT",0.05,"ok",FALSE,0.0199999999999818,"","","99ef36624c1e81d24be02dc2d8d418f0",101,0,101,197,0,0.512690355329949
"binary_dense_n300_t02_r0037","binary","dense","paper_adjusted",300,1000,1.5,37,31609977,"MDACT",0.05,"ok",FALSE,0,"","","d2587a84368d2763dee7c2ec8c6f7e01",111,0,111,197,0,0.563451776649746
"binary_dense_n300_t02_r0037","binary","dense","paper_adjusted",300,1000,1.5,37,31609977,"MLFDR",0.05,"ok",FALSE,0.139999999999986,"","","7b2cc41627b2a428c26f50cf9154c64c",174,11,163,197,0.0632183908045977,0.82741116751269
"linear_sparse_n300_t03_r0037","linear","sparse","paper_adjusted",300,1000,1.9,37,142738019,"HDMT",0.05,"ok",FALSE,0.00999999999999091,"ties should not be present for the one-sample Kolmogorov-Smirnov test","","35e7c7473a9529738c8697c428eb8f64",19,0,19,28,0,0.678571428571429
"linear_sparse_n300_t03_r0037","linear","sparse","paper_adjusted",300,1000,1.9,37,142738019,"MDACT",0.05,"ok",FALSE,0.0199999999999818,"ties should not be present for the one-sample Kolmogorov-Smirnov test","","61fad2328d5a36454e687fa4d763d7e2",22,0,22,28,0,0.785714285714286
"linear_sparse_n300_t03_r0037","linear","sparse","paper_adjusted",300,1000,1.9,37,142738019,"MLFDR",0.05,"ok",FALSE,0.139999999999986,"","","3cbbe239de159fbe98ddf212df258b82",25,0,25,28,0,0.892857142857143
"confounded_sparse_n300_t03_r0037","confounded","sparse","paper_adjusted",300,1000,1.9,37,61418208,"HDMT",0.05,"ok",FALSE,0.0299999999999727,"ties should not be present for the one-sample Kolmogorov-Smirnov test","","61d5c40e4ab6638da7607302ed2005d4",9,0,9,25,0,0.36
"confounded_sparse_n300_t03_r0037","confounded","sparse","paper_adjusted",300,1000,1.9,37,61418208,"MDACT",0.05,"ok",FALSE,0,"ties should not be present for the one-sample Kolmogorov-Smirnov test","","85589244cf78b1ea1c76ca220362731e",13,0,13,25,0,0.52
"confounded_sparse_n300_t03_r0037","confounded","sparse","paper_adjusted",300,1000,1.9,37,61418208,"MLFDR",0.05,"ok",FALSE,0.590000000000032,"","","bdad2ae199ca573931dba0b2546803a7",17,1,16,25,0.0588235294117647,0.64
"binary_sparse_n300_t03_r0037","binary","sparse","paper_adjusted",300,1000,1.9,37,137058079,"HDMT",0.05,"ok",FALSE,0.0500000000000114,"","","b6d4e9437a90f73b50bca2d08958b23a",6,0,6,12,0,0.5
"binary_sparse_n300_t03_r0037","binary","sparse","paper_adjusted",300,1000,1.9,37,137058079,"MDACT",0.05,"ok",FALSE,0,"","","48e649ebc1f1fd0e85ecf54d1331808f",8,0,8,12,0,0.666666666666667
"binary_sparse_n300_t03_r0037","binary","sparse","paper_adjusted",300,1000,1.9,37,137058079,"MLFDR",0.05,"ok",FALSE,0.680000000000007,"","","b29046247f309c0edf9cc709149e2e4d",7,0,7,12,0,0.583333333333333
"linear_dense_n300_t03_r0037","linear","dense","paper_adjusted",300,1000,1.9,37,34237788,"HDMT",0.05,"ok",FALSE,0.0299999999999727,"ties should not be present for the one-sample Kolmogorov-Smirnov test","","8914ec532ffefa6487881d038c1f7cb4",189,10,179,203,0.0529100529100529,0.881773399014778
"linear_dense_n300_t03_r0037","linear","dense","paper_adjusted",300,1000,1.9,37,34237788,"MDACT",0.05,"ok",FALSE,0.0100000000000477,"ties should not be present for the one-sample Kolmogorov-Smirnov test","","a6ed8a952e58de29e309e9f292a743fa",190,9,181,203,0.0473684210526316,0.891625615763547
"linear_dense_n300_t03_r0037","linear","dense","paper_adjusted",300,1000,1.9,37,34237788,"MLFDR",0.05,"ok",FALSE,0.199999999999989,"","","0a8b087df0fefce5b0527cf377baa741",209,12,197,203,0.0574162679425837,0.970443349753695
"confounded_dense_n300_t03_r0037","confounded","dense","paper_adjusted",300,1000,1.9,37,91275817,"HDMT",0.05,"ok",FALSE,0.0299999999999727,"ties should not be present for the one-sample Kolmogorov-Smirnov test","","ace7efe1222ff08480a2f1963d2fce43",114,3,111,195,0.0263157894736842,0.569230769230769
"confounded_dense_n300_t03_r0037","confounded","dense","paper_adjusted",300,1000,1.9,37,91275817,"MDACT",0.05,"ok",FALSE,0.0200000000000387,"ties should not be present for the one-sample Kolmogorov-Smirnov test","","ceffc0e14c63500e40511cf07c0ea7f5",114,3,111,195,0.0263157894736842,0.569230769230769
"confounded_dense_n300_t03_r0037","confounded","dense","paper_adjusted",300,1000,1.9,37,91275817,"MLFDR",0.05,"ok",FALSE,0.310000000000002,"","","f7fe6cf1d87ce7e279a596277cfeef31",169,8,161,195,0.0473372781065089,0.825641025641026
"binary_dense_n300_t03_r0037","binary","dense","paper_adjusted",300,1000,1.9,37,174204992,"HDMT",0.05,"ok",FALSE,0.0299999999999727,"","","9f8cc5961e30c99f2a4dbcfe21e733b7",180,6,174,187,0.0333333333333333,0.93048128342246
"binary_dense_n300_t03_r0037","binary","dense","paper_adjusted",300,1000,1.9,37,174204992,"MDACT",0.05,"ok",FALSE,0.0199999999999818,"","","b4cdccf2b6e3f31c667bae9701812e84",180,6,174,187,0.0333333333333333,0.93048128342246
"binary_dense_n300_t03_r0037","binary","dense","paper_adjusted",300,1000,1.9,37,174204992,"MLFDR",0.05,"ok",FALSE,0.139999999999986,"","","a564ce28063fffb66adff9e1e246f5d9",194,8,186,187,0.0412371134020619,0.994652406417112
"linear_sparse_n300_t01_r0038","linear","sparse","paper_adjusted",300,1000,1.1,38,165391227,"HDMT",0.05,"ok",FALSE,0.0300000000000296,"ties should not be present for the one-sample Kolmogorov-Smirnov test","","487a46611a1f5cbffa62e06d97ca0337",4,0,4,22,0,0.181818181818182
"linear_sparse_n300_t01_r0038","linear","sparse","paper_adjusted",300,1000,1.1,38,165391227,"MDACT",0.05,"ok",FALSE,0.00999999999999091,"ties should not be present for the one-sample Kolmogorov-Smirnov test","","82f9b9ee560abc97baad050b56ebb8bc",8,0,8,22,0,0.363636363636364
"linear_sparse_n300_t01_r0038","linear","sparse","paper_adjusted",300,1000,1.1,38,165391227,"MLFDR",0.05,"ok",FALSE,0.419999999999959,"","","0043705c341ecebd7c2d856deea63528",12,0,12,22,0,0.545454545454545
"confounded_sparse_n300_t01_r0038","confounded","sparse","paper_adjusted",300,1000,1.1,38,237568949,"HDMT",0.05,"ok",FALSE,0.0299999999999727,"ties should not be present for the one-sample Kolmogorov-Smirnov test","","e82235e32ca92104b8af08b730637500",0,0,0,14,0,0
"confounded_sparse_n300_t01_r0038","confounded","sparse","paper_adjusted",300,1000,1.1,38,237568949,"MDACT",0.05,"ok",FALSE,0.0200000000000387,"ties should not be present for the one-sample Kolmogorov-Smirnov test","","b36996df9c1614868f4f9af7b5920098",0,0,0,14,0,0
"confounded_sparse_n300_t01_r0038","confounded","sparse","paper_adjusted",300,1000,1.1,38,237568949,"MLFDR",0.05,"ok",FALSE,1.23000000000002,"","","76439820e50947dc4604356ac0e9515b",0,0,0,14,0,0
"binary_sparse_n300_t01_r0038","binary","sparse","paper_adjusted",300,1000,1.1,38,250863384,"HDMT",0.05,"ok",FALSE,0.0199999999999818,"","","329cda3aa8e3fde5db7cc168de43ecc0",0,0,0,24,0,0
"binary_sparse_n300_t01_r0038","binary","sparse","paper_adjusted",300,1000,1.1,38,250863384,"MDACT",0.05,"ok",FALSE,0,"","","0313237eb3868e8a8958aaf57a8427d5",1,0,1,24,0,0.0416666666666667
"binary_sparse_n300_t01_r0038","binary","sparse","paper_adjusted",300,1000,1.1,38,250863384,"MLFDR",0.05,"ok",FALSE,0.45999999999998,"","","6d65df10af9d1d2ca03a17464fb824dd",7,1,6,24,0.142857142857143,0.25
"linear_dense_n300_t01_r0038","linear","dense","paper_adjusted",300,1000,1.1,38,64028648,"HDMT",0.05,"ok",FALSE,0.0199999999999818,"ties should not be present for the one-sample Kolmogorov-Smirnov test","","45331e032e022a77d2bc01b1003cf860",52,1,51,206,0.0192307692307692,0.247572815533981
"linear_dense_n300_t01_r0038","linear","dense","paper_adjusted",300,1000,1.1,38,64028648,"MDACT",0.05,"ok",FALSE,0,"ties should not be present for the one-sample Kolmogorov-Smirnov test","","a99d910a40ea7896a3e0b4db7089380c",64,4,60,206,0.0625,0.29126213592233
"linear_dense_n300_t01_r0038","linear","dense","paper_adjusted",300,1000,1.1,38,64028648,"MLFDR",0.05,"ok",FALSE,0.410000000000025,"","","57727ecddb563469d965dd6fa5869f1d",112,6,106,206,0.0535714285714286,0.514563106796116
"confounded_dense_n300_t01_r0038","confounded","dense","paper_adjusted",300,1000,1.1,38,105802144,"HDMT",0.05,"ok",FALSE,0.0299999999999727,"ties should not be present for the one-sample Kolmogorov-Smirnov test","","7c4723812c6c6290a81b2329959d398a",7,0,7,203,0,0.0344827586206897
"confounded_dense_n300_t01_r0038","confounded","dense","paper_adjusted",300,1000,1.1,38,105802144,"MDACT",0.05,"ok",FALSE,0,"ties should not be present for the one-sample Kolmogorov-Smirnov test","","56364f6f3c5198b7c674108b6d4e1449",7,0,7,203,0,0.0344827586206897
"confounded_dense_n300_t01_r0038","confounded","dense","paper_adjusted",300,1000,1.1,38,105802144,"MLFDR",0.05,"ok",FALSE,0.689999999999998,"","","40e31754f9cacba58647830119c5679f",72,4,68,203,0.0555555555555556,0.334975369458128
"binary_dense_n300_t01_r0038","binary","dense","paper_adjusted",300,1000,1.1,38,31840298,"HDMT",0.05,"ok",FALSE,0.0299999999999727,"","","201e7e3c0d0b68fbb4c0214748239e22",31,0,31,212,0,0.14622641509434
"binary_dense_n300_t01_r0038","binary","dense","paper_adjusted",300,1000,1.1,38,31840298,"MDACT",0.05,"ok",FALSE,0,"","","e42da92a479a93ae53eaaf708fdd9ad6",48,1,47,212,0.0208333333333333,0.221698113207547
"binary_dense_n300_t01_r0038","binary","dense","paper_adjusted",300,1000,1.1,38,31840298,"MLFDR",0.05,"ok",FALSE,0.639999999999986,"","","13401c4ca3855c1bdee456de4fa4f65d",103,4,99,212,0.0388349514563107,0.466981132075472
"linear_sparse_n300_t02_r0038","linear","sparse","paper_adjusted",300,1000,1.5,38,66029535,"HDMT",0.05,"ok",FALSE,0.0300000000000296,"ties should not be present for the one-sample Kolmogorov-Smirnov test","","573302f25ecf80473b852870c39380ea",8,0,8,25,0,0.32
"linear_sparse_n300_t02_r0038","linear","sparse","paper_adjusted",300,1000,1.5,38,66029535,"MDACT",0.05,"ok",FALSE,0,"ties should not be present for the one-sample Kolmogorov-Smirnov test","","2827c33fa6e92ce477bb25061522051a",9,0,9,25,0,0.36
"linear_sparse_n300_t02_r0038","linear","sparse","paper_adjusted",300,1000,1.5,38,66029535,"MLFDR",0.05,"ok",FALSE,0.180000000000007,"","","8f59596d312f85b123c5ff1cf7991896",13,0,13,25,0,0.52
"confounded_sparse_n300_t02_r0038","confounded","sparse","paper_adjusted",300,1000,1.5,38,35050944,"HDMT",0.05,"ok",FALSE,0.0299999999999727,"ties should not be present for the one-sample Kolmogorov-Smirnov test","","f79247c8b851032db4313487b7bada5b",13,0,13,17,0,0.764705882352941
"confounded_sparse_n300_t02_r0038","confounded","sparse","paper_adjusted",300,1000,1.5,38,35050944,"MDACT",0.05,"ok",FALSE,0.0199999999999818,"ties should not be present for the one-sample Kolmogorov-Smirnov test","","7cb8d1c768fe306db05f1fef4596866e",16,0,16,17,0,0.941176470588235
"confounded_sparse_n300_t02_r0038","confounded","sparse","paper_adjusted",300,1000,1.5,38,35050944,"MLFDR",0.05,"ok",FALSE,0.150000000000034,"","","15900a48c330256b3da3487128395f8f",17,1,16,17,0.0588235294117647,0.941176470588235
"binary_sparse_n300_t02_r0038","binary","sparse","paper_adjusted",300,1000,1.5,38,138164372,"HDMT",0.05,"ok",FALSE,0.0299999999999727,"","","8f1f4f2b74c2eec2e697feadd601d6d6",5,0,5,19,0,0.263157894736842
"binary_sparse_n300_t02_r0038","binary","sparse","paper_adjusted",300,1000,1.5,38,138164372,"MDACT",0.05,"ok",FALSE,0.0200000000000387,"","","6675c1bf7422030657cd57695718e380",5,0,5,19,0,0.263157894736842
"binary_sparse_n300_t02_r0038","binary","sparse","paper_adjusted",300,1000,1.5,38,138164372,"MLFDR",0.05,"ok",FALSE,0.509999999999991,"","","d44bc7e34b10bf9353bd61975799f8e2",8,0,8,19,0,0.421052631578947
"linear_dense_n300_t02_r0038","linear","dense","paper_adjusted",300,1000,1.5,38,7298148,"HDMT",0.05,"ok",FALSE,0.0300000000000296,"ties should not be present for the one-sample Kolmogorov-Smirnov test","","eff65a2f41703de2827fc2a1a962f199",63,2,61,184,0.0317460317460317,0.331521739130435
"linear_dense_n300_t02_r0038","linear","dense","paper_adjusted",300,1000,1.5,38,7298148,"MDACT",0.05,"ok",FALSE,0,"ties should not be present for the one-sample Kolmogorov-Smirnov test","","7404429efe8dc6bba48877e98fdc5276",75,4,71,184,0.0533333333333333,0.385869565217391
"linear_dense_n300_t02_r0038","linear","dense","paper_adjusted",300,1000,1.5,38,7298148,"MLFDR",0.05,"ok",FALSE,0.479999999999961,"","","e0c51bebbe3daa09fd66efde8760c9f6",124,6,118,184,0.0483870967741935,0.641304347826087
"confounded_dense_n300_t02_r0038","confounded","dense","paper_adjusted",300,1000,1.5,38,261400220,"HDMT",0.05,"ok",FALSE,0.0299999999999727,"ties should not be present for the one-sample Kolmogorov-Smirnov test","","847b976dd1c0b66fc4b97ac65a411e91",114,3,111,222,0.0263157894736842,0.5
"confounded_dense_n300_t02_r0038","confounded","dense","paper_adjusted",300,1000,1.5,38,261400220,"MDACT",0.05,"ok",FALSE,0.0199999999999818,"ties should not be present for the one-sample Kolmogorov-Smirnov test","","c75380572d64ff9eb892622f2d22f86c",124,3,121,222,0.0241935483870968,0.545045045045045
"confounded_dense_n300_t02_r0038","confounded","dense","paper_adjusted",300,1000,1.5,38,261400220,"MLFDR",0.05,"ok",FALSE,0.28000000000003,"","","d34de3a46aede1109f39af856302ff84",185,10,175,222,0.0540540540540541,0.788288288288288
"binary_dense_n300_t02_r0038","binary","dense","paper_adjusted",300,1000,1.5,38,122896807,"HDMT",0.05,"ok",FALSE,0.0299999999999727,"","","9dcaa623a3f0862ac569b4cb1f178e1b",148,7,141,224,0.0472972972972973,0.629464285714286
"binary_dense_n300_t02_r0038","binary","dense","paper_adjusted",300,1000,1.5,38,122896807,"MDACT",0.05,"ok",FALSE,0.0100000000000477,"","","0b081131c8585092c2dedb05147b46dd",161,8,153,224,0.0496894409937888,0.683035714285714
"binary_dense_n300_t02_r0038","binary","dense","paper_adjusted",300,1000,1.5,38,122896807,"MLFDR",0.05,"ok",FALSE,0.279999999999973,"","","1b39a1ddf24e48428cda9c7b09fed5fe",208,16,192,224,0.0769230769230769,0.857142857142857
"linear_sparse_n300_t03_r0038","linear","sparse","paper_adjusted",300,1000,1.9,38,199990984,"HDMT",0.05,"ok",FALSE,0.0300000000000296,"ties should not be present for the one-sample Kolmogorov-Smirnov test","","e50007aba5cbdd1a190d87b149cb1ad2",11,1,10,14,0.0909090909090909,0.714285714285714
"linear_sparse_n300_t03_r0038","linear","sparse","paper_adjusted",300,1000,1.9,38,199990984,"MDACT",0.05,"ok",FALSE,0,"ties should not be present for the one-sample Kolmogorov-Smirnov test","","b27bd9ef216ce5e548e75fcfdbbc07b4",12,1,11,14,0.0833333333333333,0.785714285714286
"linear_sparse_n300_t03_r0038","linear","sparse","paper_adjusted",300,1000,1.9,38,199990984,"MLFDR",0.05,"ok",FALSE,0.17999999999995,"","","2719d686fc9393cac8f2479dbac575a9",12,0,12,14,0,0.857142857142857
"confounded_sparse_n300_t03_r0038","confounded","sparse","paper_adjusted",300,1000,1.9,38,134673564,"HDMT",0.05,"ok",FALSE,0.0300000000000296,"ties should not be present for the one-sample Kolmogorov-Smirnov test","","b523c1e72a8f77e613e8b829e78852f8",18,0,18,21,0,0.857142857142857
"confounded_sparse_n300_t03_r0038","confounded","sparse","paper_adjusted",300,1000,1.9,38,134673564,"MDACT",0.05,"ok",FALSE,0,"ties should not be present for the one-sample Kolmogorov-Smirnov test","","4dbd59153d6bb1e46d79d17296f00ff8",18,0,18,21,0,0.857142857142857
"confounded_sparse_n300_t03_r0038","confounded","sparse","paper_adjusted",300,1000,1.9,38,134673564,"MLFDR",0.05,"ok",FALSE,0.159999999999968,"","","51e3ca76b25bcf67ca9604a44c16c82e",20,0,20,21,0,0.952380952380952
"binary_sparse_n300_t03_r0038","binary","sparse","paper_adjusted",300,1000,1.9,38,91256064,"HDMT",0.05,"ok",FALSE,0.0299999999999727,"","","d549091ed38d4fc5c234eebff919f156",9,0,9,18,0,0.5
"binary_sparse_n300_t03_r0038","binary","sparse","paper_adjusted",300,1000,1.9,38,91256064,"MDACT",0.05,"ok",FALSE,0.0100000000000477,"","","3e7992c2574d8621e6c848d2c02e1798",10,0,10,18,0,0.555555555555556
"binary_sparse_n300_t03_r0038","binary","sparse","paper_adjusted",300,1000,1.9,38,91256064,"MLFDR",0.05,"ok",FALSE,0.78000000000003,"","","3e08cd401e1bdb3b1530934ccab72b35",14,0,14,18,0,0.777777777777778
"linear_dense_n300_t03_r0038","linear","dense","paper_adjusted",300,1000,1.9,38,153314423,"HDMT",0.05,"ok",FALSE,0.0299999999999727,"ties should not be present for the one-sample Kolmogorov-Smirnov test","","287ccd491fe52400886abcc8bf3310f2",173,7,166,197,0.0404624277456647,0.842639593908629
"linear_dense_n300_t03_r0038","linear","dense","paper_adjusted",300,1000,1.9,38,153314423,"MDACT",0.05,"ok",FALSE,0.0199999999999818,"ties should not be present for the one-sample Kolmogorov-Smirnov test","","67323ded47ed59e4b7ef4ddaeada9b2a",174,7,167,197,0.0402298850574713,0.847715736040609
"linear_dense_n300_t03_r0038","linear","dense","paper_adjusted",300,1000,1.9,38,153314423,"MLFDR",0.05,"ok",FALSE,0.150000000000034,"","","70c53b664f1d3a15192d7b1b4977f7d2",198,6,192,197,0.0303030303030303,0.974619289340102
"confounded_dense_n300_t03_r0038","confounded","dense","paper_adjusted",300,1000,1.9,38,152285011,"HDMT",0.05,"ok",FALSE,0.0199999999999818,"ties should not be present for the one-sample Kolmogorov-Smirnov test","","32b673a598f4d3f1aa118d0777e3586a",199,10,189,201,0.050251256281407,0.940298507462687
"confounded_dense_n300_t03_r0038","confounded","dense","paper_adjusted",300,1000,1.9,38,152285011,"MDACT",0.05,"ok",FALSE,0.0199999999999818,"ties should not be present for the one-sample Kolmogorov-Smirnov test","","3daa7daf0ae5c7a3f3c9b5175b29236f",202,12,190,201,0.0594059405940594,0.945273631840796
"confounded_dense_n300_t03_r0038","confounded","dense","paper_adjusted",300,1000,1.9,38,152285011,"MLFDR",0.05,"ok",FALSE,0.170000000000016,"","","4406d203a853b49e484fb11ab40452c6",213,15,198,201,0.0704225352112676,0.985074626865672
"binary_dense_n300_t03_r0038","binary","dense","paper_adjusted",300,1000,1.9,38,162956494,"HDMT",0.05,"ok",FALSE,0.0299999999999727,"","","c95301a759877db22d29a87f7e3a3693",185,11,174,202,0.0594594594594595,0.861386138613861
"binary_dense_n300_t03_r0038","binary","dense","paper_adjusted",300,1000,1.9,38,162956494,"MDACT",0.05,"ok",FALSE,0.0100000000000477,"","","0786a344d3eb76380fb058de57e5d855",188,10,178,202,0.0531914893617021,0.881188118811881
"binary_dense_n300_t03_r0038","binary","dense","paper_adjusted",300,1000,1.9,38,162956494,"MLFDR",0.05,"ok",FALSE,0.160000000000025,"","","bb56d727158a2da46fcc84da759fa13b",198,6,192,202,0.0303030303030303,0.95049504950495
"linear_sparse_n300_t01_r0039","linear","sparse","paper_adjusted",300,1000,1.1,39,247174681,"HDMT",0.05,"ok",FALSE,0.0399999999999636,"ties should not be present for the one-sample Kolmogorov-Smirnov test","","8430ed1c110fa586eb8d8f3b8f5e7fc8",2,0,2,27,0,0.0740740740740741
"linear_sparse_n300_t01_r0039","linear","sparse","paper_adjusted",300,1000,1.1,39,247174681,"MDACT",0.05,"ok",FALSE,0.0199999999999818,"ties should not be present for the one-sample Kolmogorov-Smirnov test","","79fd7e0cd2d28926eed8459effe43589",2,0,2,27,0,0.0740740740740741
"linear_sparse_n300_t01_r0039","linear","sparse","paper_adjusted",300,1000,1.1,39,247174681,"MLFDR",0.05,"ok",FALSE,0.310000000000002,"","","38184f4e4129cf043a1b6fcb9533df10",12,0,12,27,0,0.444444444444444
"confounded_sparse_n300_t01_r0039","confounded","sparse","paper_adjusted",300,1000,1.1,39,52911566,"HDMT",0.05,"ok",FALSE,0.00999999999999091,"ties should not be present for the one-sample Kolmogorov-Smirnov test","","6f3d601558d809c52910881f01ce2c05",1,0,1,16,0,0.0625
"confounded_sparse_n300_t01_r0039","confounded","sparse","paper_adjusted",300,1000,1.1,39,52911566,"MDACT",0.05,"ok",FALSE,0,"ties should not be present for the one-sample Kolmogorov-Smirnov test","","9c5639d5141b94075e28f9c7dfcff985",1,0,1,16,0,0.0625
"confounded_sparse_n300_t01_r0039","confounded","sparse","paper_adjusted",300,1000,1.1,39,52911566,"MLFDR",0.05,"ok",FALSE,2.35000000000002,"","","4ada4c2700e6ad6c2411f78c62ad9e5e",1,0,1,16,0,0.0625
"binary_sparse_n300_t01_r0039","binary","sparse","paper_adjusted",300,1000,1.1,39,1498088,"HDMT",0.05,"ok",FALSE,0.0199999999999818,"","","5a724d65525dd62d8801098b13634123",0,0,0,14,0,0
"binary_sparse_n300_t01_r0039","binary","sparse","paper_adjusted",300,1000,1.1,39,1498088,"MDACT",0.05,"ok",FALSE,0.0200000000000387,"","","166a125babc3c085c91ce95a5cb85f59",0,0,0,14,0,0
"binary_sparse_n300_t01_r0039","binary","sparse","paper_adjusted",300,1000,1.1,39,1498088,"MLFDR",0.05,"ok",FALSE,0.819999999999993,"","","e4eea1e5a75e5a9b8c80a5074358b76f",0,0,0,14,0,0
"linear_dense_n300_t01_r0039","linear","dense","paper_adjusted",300,1000,1.1,39,211134616,"HDMT",0.05,"ok",FALSE,0.00999999999999091,"ties should not be present for the one-sample Kolmogorov-Smirnov test","","3a6f40df87148b8865fb9506dd4bb0ba",34,1,33,193,0.0294117647058824,0.170984455958549
"linear_dense_n300_t01_r0039","linear","dense","paper_adjusted",300,1000,1.1,39,211134616,"MDACT",0.05,"ok",FALSE,0,"ties should not be present for the one-sample Kolmogorov-Smirnov test","","ea817edc0514b7e29186d242ecd4647f",43,1,42,193,0.0232558139534884,0.217616580310881
"linear_dense_n300_t01_r0039","linear","dense","paper_adjusted",300,1000,1.1,39,211134616,"MLFDR",0.05,"ok",FALSE,1.06,"","","5b17f1279a922291f755b76b30380616",96,6,90,193,0.0625,0.466321243523316
"confounded_dense_n300_t01_r0039","confounded","dense","paper_adjusted",300,1000,1.1,39,190286706,"HDMT",0.05,"ok",FALSE,0.0300000000000296,"ties should not be present for the one-sample Kolmogorov-Smirnov test","","47f2ce6174396dbfb6a8d7ac69dd9ff6",32,1,31,186,0.03125,0.166666666666667
"confounded_dense_n300_t01_r0039","confounded","dense","paper_adjusted",300,1000,1.1,39,190286706,"MDACT",0.05,"ok",FALSE,0.00999999999999091,"ties should not be present for the one-sample Kolmogorov-Smirnov test","","cbca7997e648bcb53c2485d85ec40ae9",35,1,34,186,0.0285714285714286,0.182795698924731
"confounded_dense_n300_t01_r0039","confounded","dense","paper_adjusted",300,1000,1.1,39,190286706,"MLFDR",0.05,"ok",FALSE,0.390000000000043,"","","42c41e528a724c4762aba2ca2677ca96",76,3,73,186,0.0394736842105263,0.39247311827957
"binary_dense_n300_t01_r0039","binary","dense","paper_adjusted",300,1000,1.1,39,200136757,"HDMT",0.05,"ok",FALSE,0.0300000000000296,"","","abc68831d479768ddabb8354b5904f65",38,0,38,187,0,0.203208556149733
"binary_dense_n300_t01_r0039","binary","dense","paper_adjusted",300,1000,1.1,39,200136757,"MDACT",0.05,"ok",FALSE,0.00999999999999091,"","","9b2ac5566ea4bccfa32b1b4e7e7a8aff",57,0,57,187,0,0.304812834224599
"binary_dense_n300_t01_r0039","binary","dense","paper_adjusted",300,1000,1.1,39,200136757,"MLFDR",0.05,"ok",FALSE,0.5,"","","43b6468bfa0866158b593fce2e5d4d08",111,7,104,187,0.0630630630630631,0.556149732620321
"linear_sparse_n300_t02_r0039","linear","sparse","paper_adjusted",300,1000,1.5,39,67534450,"HDMT",0.05,"ok",FALSE,0.0300000000000296,"ties should not be present for the one-sample Kolmogorov-Smirnov test","","0999194c16962fef913c69203862e30f",5,0,5,13,0,0.384615384615385
"linear_sparse_n300_t02_r0039","linear","sparse","paper_adjusted",300,1000,1.5,39,67534450,"MDACT",0.05,"ok",FALSE,0.00999999999999091,"ties should not be present for the one-sample Kolmogorov-Smirnov test","","988b1daae946d55ae7668ee136402535",7,1,6,13,0.142857142857143,0.461538461538462
"linear_sparse_n300_t02_r0039","linear","sparse","paper_adjusted",300,1000,1.5,39,67534450,"MLFDR",0.05,"ok",FALSE,0.360000000000014,"","","abacc648e6f54f25a6c07bc99cfe981e",9,0,9,13,0,0.692307692307692
"confounded_sparse_n300_t02_r0039","confounded","sparse","paper_adjusted",300,1000,1.5,39,34393226,"HDMT",0.05,"ok",FALSE,0.0299999999999727,"ties should not be present for the one-sample Kolmogorov-Smirnov test","","8aaf4cba3eb603ab700061a550e96684",12,0,12,24,0,0.5
"confounded_sparse_n300_t02_r0039","confounded","sparse","paper_adjusted",300,1000,1.5,39,34393226,"MDACT",0.05,"ok",FALSE,0.0199999999999818,"ties should not be present for the one-sample Kolmogorov-Smirnov test","","ce70c38ea4822564a5470db155da08f5",16,0,16,24,0,0.666666666666667
"confounded_sparse_n300_t02_r0039","confounded","sparse","paper_adjusted",300,1000,1.5,39,34393226,"MLFDR",0.05,"ok",FALSE,0.28000000000003,"","","f96e50b019721de56d3be3399538efe5",19,0,19,24,0,0.791666666666667
"binary_sparse_n300_t02_r0039","binary","sparse","paper_adjusted",300,1000,1.5,39,216578911,"HDMT",0.05,"ok",FALSE,0.0100000000000477,"","","885a03a39f919fb1fda7dea0010d7867",12,1,11,25,0.0833333333333333,0.44
"binary_sparse_n300_t02_r0039","binary","sparse","paper_adjusted",300,1000,1.5,39,216578911,"MDACT",0.05,"ok",FALSE,0,"","","406df62ae4a18655001a6cc0d0130f02",12,1,11,25,0.0833333333333333,0.44
"binary_sparse_n300_t02_r0039","binary","sparse","paper_adjusted",300,1000,1.5,39,216578911,"MLFDR",0.05,"ok",FALSE,0.149999999999977,"","","791cabb52e6c78aa696869ae4004a0d6",16,0,16,25,0,0.64
"linear_dense_n300_t02_r0039","linear","dense","paper_adjusted",300,1000,1.5,39,53778974,"HDMT",0.05,"ok",FALSE,0.0299999999999727,"ties should not be present for the one-sample Kolmogorov-Smirnov test","","09b25d73b748c9092685d2fd28fd3255",136,8,128,207,0.0588235294117647,0.618357487922705
"linear_dense_n300_t02_r0039","linear","dense","paper_adjusted",300,1000,1.5,39,53778974,"MDACT",0.05,"ok",FALSE,0.0100000000000477,"ties should not be present for the one-sample Kolmogorov-Smirnov test","","baba2e04dd373d7a5a5f87072b4dba91",146,10,136,207,0.0684931506849315,0.657004830917874
"linear_dense_n300_t02_r0039","linear","dense","paper_adjusted",300,1000,1.5,39,53778974,"MLFDR",0.05,"ok",FALSE,0.360000000000014,"","","69a800890330f32414e5b92d68b4dd08",179,13,166,207,0.0726256983240224,0.801932367149758
"confounded_dense_n300_t02_r0039","confounded","dense","paper_adjusted",300,1000,1.5,39,251304714,"HDMT",0.05,"ok",FALSE,0.0299999999999727,"ties should not be present for the one-sample Kolmogorov-Smirnov test","","349e8d562166acd8a57fae072fe82f0a",146,9,137,209,0.0616438356164384,0.655502392344498
"confounded_dense_n300_t02_r0039","confounded","dense","paper_adjusted",300,1000,1.5,39,251304714,"MDACT",0.05,"ok",FALSE,0.0200000000000387,"ties should not be present for the one-sample Kolmogorov-Smirnov test","","c6968dc6759e052702916c7762938dab",158,11,147,209,0.069620253164557,0.703349282296651
"confounded_dense_n300_t02_r0039","confounded","dense","paper_adjusted",300,1000,1.5,39,251304714,"MLFDR",0.05,"ok",FALSE,0.350000000000023,"","","5d105c2d78132436c8f5aa82374e0183",201,15,186,209,0.0746268656716418,0.889952153110048
"binary_dense_n300_t02_r0039","binary","dense","paper_adjusted",300,1000,1.5,39,128038799,"HDMT",0.05,"ok",FALSE,0.0300000000000296,"","","d912a63da94340470db6c523b316c4da",155,6,149,212,0.0387096774193548,0.702830188679245
"binary_dense_n300_t02_r0039","binary","dense","paper_adjusted",300,1000,1.5,39,128038799,"MDACT",0.05,"ok",FALSE,0,"","","bb9a55c8d9588cc9d2366424c66a3f25",162,7,155,212,0.0432098765432099,0.731132075471698
"binary_dense_n300_t02_r0039","binary","dense","paper_adjusted",300,1000,1.5,39,128038799,"MLFDR",0.05,"ok",FALSE,0.189999999999998,"","","845ff7532e122406cb9cc021df3aa247",202,9,193,212,0.0445544554455446,0.910377358490566
"linear_sparse_n300_t03_r0039","linear","sparse","paper_adjusted",300,1000,1.9,39,98586983,"HDMT",0.05,"ok",FALSE,0.0400000000000205,"ties should not be present for the one-sample Kolmogorov-Smirnov test","","1e58698b1ccdcd69129a759474a14eee",25,1,24,27,0.04,0.888888888888889
"linear_sparse_n300_t03_r0039","linear","sparse","paper_adjusted",300,1000,1.9,39,98586983,"MDACT",0.05,"ok",FALSE,0,"ties should not be present for the one-sample Kolmogorov-Smirnov test","","18ab3f478f10051b5216bba9daeea85b",25,1,24,27,0.04,0.888888888888889
"linear_sparse_n300_t03_r0039","linear","sparse","paper_adjusted",300,1000,1.9,39,98586983,"MLFDR",0.05,"ok",FALSE,0.109999999999957,"","","ff604f8bb29eea30e2b1002b2d5e0da0",28,3,25,27,0.107142857142857,0.925925925925926
"confounded_sparse_n300_t03_r0039","confounded","sparse","paper_adjusted",300,1000,1.9,39,249068662,"HDMT",0.05,"ok",FALSE,0.0299999999999727,"ties should not be present for the one-sample Kolmogorov-Smirnov test","","b08b5f1c9fc64f36ad6657043f65fd2b",13,0,13,17,0,0.764705882352941
"confounded_sparse_n300_t03_r0039","confounded","sparse","paper_adjusted",300,1000,1.9,39,249068662,"MDACT",0.05,"ok",FALSE,0,"ties should not be present for the one-sample Kolmogorov-Smirnov test","","9f0088b95f1051fefad3155f57a0c112",12,0,12,17,0,0.705882352941177
"confounded_sparse_n300_t03_r0039","confounded","sparse","paper_adjusted",300,1000,1.9,39,249068662,"MLFDR",0.05,"ok",FALSE,0.120000000000005,"","","739ea50862a8d07a0d3eaca3dde467e1",17,1,16,17,0.0588235294117647,0.941176470588235
"binary_sparse_n300_t03_r0039","binary","sparse","paper_adjusted",300,1000,1.9,39,262644680,"HDMT",0.05,"ok",FALSE,0.0100000000000477,"","","16ec8e80821207d8c2f32d069a47dcf6",10,0,10,18,0,0.555555555555556
"binary_sparse_n300_t03_r0039","binary","sparse","paper_adjusted",300,1000,1.9,39,262644680,"MDACT",0.05,"ok",FALSE,0.00999999999999091,"","","70b7e28089d2af8cd2290219229bc96b",14,0,14,18,0,0.777777777777778
"binary_sparse_n300_t03_r0039","binary","sparse","paper_adjusted",300,1000,1.9,39,262644680,"MLFDR",0.05,"ok",FALSE,0.180000000000007,"","","725ac53dd99113a6dfea8916d816c198",18,2,16,18,0.111111111111111,0.888888888888889
"linear_dense_n300_t03_r0039","linear","dense","paper_adjusted",300,1000,1.9,39,159457991,"HDMT",0.05,"ok",FALSE,0.0300000000000296,"ties should not be present for the one-sample Kolmogorov-Smirnov test","","893cb151d26bf91ce82f8722603c6664",184,9,175,198,0.0489130434782609,0.883838383838384
"linear_dense_n300_t03_r0039","linear","dense","paper_adjusted",300,1000,1.9,39,159457991,"MDACT",0.05,"ok",FALSE,0,"ties should not be present for the one-sample Kolmogorov-Smirnov test","","ccbfd56227832136a0a05e5cf554cbf1",183,8,175,198,0.0437158469945355,0.883838383838384
"linear_dense_n300_t03_r0039","linear","dense","paper_adjusted",300,1000,1.9,39,159457991,"MLFDR",0.05,"ok",FALSE,0.139999999999986,"","","5528f34cb52dfa69f21a12186703d504",201,10,191,198,0.0497512437810945,0.964646464646465
"confounded_dense_n300_t03_r0039","confounded","dense","paper_adjusted",300,1000,1.9,39,238316630,"HDMT",0.05,"ok",FALSE,0.0300000000000296,"ties should not be present for the one-sample Kolmogorov-Smirnov test","","8c1d283698a81e46f6d13d0ffd7ef25e",162,8,154,185,0.0493827160493827,0.832432432432432
"confounded_dense_n300_t03_r0039","confounded","dense","paper_adjusted",300,1000,1.9,39,238316630,"MDACT",0.05,"ok",FALSE,0.00999999999999091,"ties should not be present for the one-sample Kolmogorov-Smirnov test","","7ad293523a4a93df1b74df85a788d227",165,8,157,185,0.0484848484848485,0.848648648648649
"confounded_dense_n300_t03_r0039","confounded","dense","paper_adjusted",300,1000,1.9,39,238316630,"MLFDR",0.05,"ok",FALSE,0.159999999999968,"","","1181cab39341a68fd7b841b26de421a3",185,9,176,185,0.0486486486486487,0.951351351351351
"binary_dense_n300_t03_r0039","binary","dense","paper_adjusted",300,1000,1.9,39,213069394,"HDMT",0.05,"ok",FALSE,0.00999999999999091,"","","f13f27a717fb4615adcd7fc6bffdbe07",172,6,166,207,0.0348837209302326,0.801932367149758
"binary_dense_n300_t03_r0039","binary","dense","paper_adjusted",300,1000,1.9,39,213069394,"MDACT",0.05,"ok",FALSE,0,"","","40fb1358381238d138dd7a2bc6ff0e0f",178,6,172,207,0.0337078651685393,0.830917874396135
"binary_dense_n300_t03_r0039","binary","dense","paper_adjusted",300,1000,1.9,39,213069394,"MLFDR",0.05,"ok",FALSE,0.129999999999995,"","","ed02568a493383b8a00b71d55d7c5f06",210,13,197,207,0.0619047619047619,0.951690821256039
"linear_sparse_n300_t01_r0040","linear","sparse","paper_adjusted",300,1000,1.1,40,216004404,"HDMT",0.05,"ok",FALSE,0.0299999999999727,"ties should not be present for the one-sample Kolmogorov-Smirnov test","","c0b79e3348b85e62f4100a3868e01871",6,0,6,18,0,0.333333333333333
"linear_sparse_n300_t01_r0040","linear","sparse","paper_adjusted",300,1000,1.1,40,216004404,"MDACT",0.05,"ok",FALSE,0.00999999999999091,"ties should not be present for the one-sample Kolmogorov-Smirnov test","","91fc4517bd0dd5b8cac0d6ad4c34ee0d",4,0,4,18,0,0.222222222222222
"linear_sparse_n300_t01_r0040","linear","sparse","paper_adjusted",300,1000,1.1,40,216004404,"MLFDR",0.05,"ok",FALSE,1.23000000000002,"","","b251bc1dcb179757ad710150c40e20d7",9,0,9,18,0,0.5
"confounded_sparse_n300_t01_r0040","confounded","sparse","paper_adjusted",300,1000,1.1,40,141638126,"HDMT",0.05,"ok",FALSE,0.0199999999999818,"ties should not be present for the one-sample Kolmogorov-Smirnov test","","09fec1c028fcc6af5626cb4dfbc58498",5,1,4,15,0.2,0.266666666666667
"confounded_sparse_n300_t01_r0040","confounded","sparse","paper_adjusted",300,1000,1.1,40,141638126,"MDACT",0.05,"ok",FALSE,0,"ties should not be present for the one-sample Kolmogorov-Smirnov test","","bd34271e001172d04020b166bfe71ce1",15,6,9,15,0.4,0.6
"confounded_sparse_n300_t01_r0040","confounded","sparse","paper_adjusted",300,1000,1.1,40,141638126,"MLFDR",0.05,"ok",FALSE,0.389999999999986,"","","86c11d7812d55fcaf08714715734f3ef",7,1,6,15,0.142857142857143,0.4
"binary_sparse_n300_t01_r0040","binary","sparse","paper_adjusted",300,1000,1.1,40,218939921,"HDMT",0.05,"ok",FALSE,0.0400000000000205,"","","840bd0cf386d6593acff367d1aa7ee10",0,0,0,20,0,0
"binary_sparse_n300_t01_r0040","binary","sparse","paper_adjusted",300,1000,1.1,40,218939921,"MDACT",0.05,"ok",FALSE,0,"","","4ec87194e230878ab874629e50b1ff11",0,0,0,20,0,0
"binary_sparse_n300_t01_r0040","binary","sparse","paper_adjusted",300,1000,1.1,40,218939921,"MLFDR",0.05,"ok",FALSE,1.72999999999996,"","","cad8691658d1410995a5d45c926f5953",0,0,0,20,0,0
"linear_dense_n300_t01_r0040","linear","dense","paper_adjusted",300,1000,1.1,40,101175528,"HDMT",0.05,"ok",FALSE,0.0299999999999727,"ties should not be present for the one-sample Kolmogorov-Smirnov test","","bbddeb1169f3ac91bcfcde3c984d5145",52,2,50,218,0.0384615384615385,0.229357798165138
"linear_dense_n300_t01_r0040","linear","dense","paper_adjusted",300,1000,1.1,40,101175528,"MDACT",0.05,"ok",FALSE,0.0199999999999818,"ties should not be present for the one-sample Kolmogorov-Smirnov test","","2a5a582e648ed4a81eb6b875591cc141",62,4,58,218,0.0645161290322581,0.26605504587156
"linear_dense_n300_t01_r0040","linear","dense","paper_adjusted",300,1000,1.1,40,101175528,"MLFDR",0.05,"ok",FALSE,0.699999999999989,"","","94770ae5b49eb62ac72f26efbb7b2716",109,1,108,218,0.00917431192660551,0.495412844036697
"confounded_dense_n300_t01_r0040","confounded","dense","paper_adjusted",300,1000,1.1,40,239837014,"HDMT",0.05,"ok",FALSE,0.0300000000000296,"ties should not be present for the one-sample Kolmogorov-Smirnov test","","8de161a976687956bda994110a4be649",20,0,20,200,0,0.1
"confounded_dense_n300_t01_r0040","confounded","dense","paper_adjusted",300,1000,1.1,40,239837014,"MDACT",0.05,"ok",FALSE,0,"ties should not be present for the one-sample Kolmogorov-Smirnov test","","3ea24a4b6d3e969c4b7d3cebee8cf271",23,0,23,200,0,0.115
"confounded_dense_n300_t01_r0040","confounded","dense","paper_adjusted",300,1000,1.1,40,239837014,"MLFDR",0.05,"ok",FALSE,0.480000000000018,"","","4c862b9bb4c83f1e9e2773ecdb3bb157",77,4,73,200,0.051948051948052,0.365
"binary_dense_n300_t01_r0040","binary","dense","paper_adjusted",300,1000,1.1,40,222782796,"HDMT",0.05,"ok",FALSE,0.0199999999999818,"","","30bf4723d7c7159d46d497ac931c544f",19,0,19,189,0,0.100529100529101
"binary_dense_n300_t01_r0040","binary","dense","paper_adjusted",300,1000,1.1,40,222782796,"MDACT",0.05,"ok",FALSE,0,"","","45bdf8b0f4dacc92428351861455161b",42,0,42,189,0,0.222222222222222
"binary_dense_n300_t01_r0040","binary","dense","paper_adjusted",300,1000,1.1,40,222782796,"MLFDR",0.05,"ok",FALSE,0.25,"","","8e1a86d8bf42aa899eabdac205ebf51d",83,1,82,189,0.0120481927710843,0.433862433862434
"linear_sparse_n300_t02_r0040","linear","sparse","paper_adjusted",300,1000,1.5,40,211130464,"HDMT",0.05,"ok",FALSE,0.0400000000000205,"ties should not be present for the one-sample Kolmogorov-Smirnov test","","48519a4f332a13c6fc77a8b7df43cf09",13,0,13,23,0,0.565217391304348
"linear_sparse_n300_t02_r0040","linear","sparse","paper_adjusted",300,1000,1.5,40,211130464,"MDACT",0.05,"ok",FALSE,0.0199999999999818,"ties should not be present for the one-sample Kolmogorov-Smirnov test","","0e33725ef6774c4f3c269a01a56522d4",11,0,11,23,0,0.478260869565217
"linear_sparse_n300_t02_r0040","linear","sparse","paper_adjusted",300,1000,1.5,40,211130464,"MLFDR",0.05,"ok",FALSE,0.349999999999966,"","","70aab52c9f5320aeb77606f443738bd4",20,2,18,23,0.1,0.782608695652174
"confounded_sparse_n300_t02_r0040","confounded","sparse","paper_adjusted",300,1000,1.5,40,167478522,"HDMT",0.05,"ok",FALSE,0.0199999999999818,"ties should not be present for the one-sample Kolmogorov-Smirnov test","","5523a1a7b940e37f854e586f8aa90ab5",8,0,8,19,0,0.421052631578947
"confounded_sparse_n300_t02_r0040","confounded","sparse","paper_adjusted",300,1000,1.5,40,167478522,"MDACT",0.05,"ok",FALSE,0,"ties should not be present for the one-sample Kolmogorov-Smirnov test","","157164032802d4e6c9d23135f2b05a7a",9,0,9,19,0,0.473684210526316
"confounded_sparse_n300_t02_r0040","confounded","sparse","paper_adjusted",300,1000,1.5,40,167478522,"MLFDR",0.05,"ok",FALSE,0.29000000000002,"","","2995807d4556794035d5c3abcfde910f",14,0,14,19,0,0.736842105263158
"binary_sparse_n300_t02_r0040","binary","sparse","paper_adjusted",300,1000,1.5,40,221020452,"HDMT",0.05,"ok",FALSE,0.0300000000000296,"","","5be8985797ea8c84fb52c016eb32fe6f",5,0,5,20,0,0.25
"binary_sparse_n300_t02_r0040","binary","sparse","paper_adjusted",300,1000,1.5,40,221020452,"MDACT",0.05,"ok",FALSE,0,"","","18793e6e0a43d925e8f32f8ca92e0e6c",7,0,7,20,0,0.35
"binary_sparse_n300_t02_r0040","binary","sparse","paper_adjusted",300,1000,1.5,40,221020452,"MLFDR",0.05,"ok",FALSE,0.420000000000016,"","","3b5f012ae20c68e514a66adcebaa1a1f",12,2,10,20,0.166666666666667,0.5
"linear_dense_n300_t02_r0040","linear","dense","paper_adjusted",300,1000,1.5,40,136686749,"HDMT",0.05,"ok",FALSE,0.0300000000000296,"ties should not be present for the one-sample Kolmogorov-Smirnov test","","f96f0c3462ff683a3ce86a8afcd1a505",93,3,90,211,0.032258064516129,0.42654028436019
"linear_dense_n300_t02_r0040","linear","dense","paper_adjusted",300,1000,1.5,40,136686749,"MDACT",0.05,"ok",FALSE,0.00999999999999091,"ties should not be present for the one-sample Kolmogorov-Smirnov test","","a98cb7b3857b3178a7d584ef5178b067",109,5,104,211,0.0458715596330275,0.492890995260663
"linear_dense_n300_t02_r0040","linear","dense","paper_adjusted",300,1000,1.5,40,136686749,"MLFDR",0.05,"ok",FALSE,0.25,"","","3c9377251ec7bc98749591917722efa6",171,11,160,211,0.064327485380117,0.758293838862559
"confounded_dense_n300_t02_r0040","confounded","dense","paper_adjusted",300,1000,1.5,40,65397866,"HDMT",0.05,"ok",FALSE,0.0299999999999727,"ties should not be present for the one-sample Kolmogorov-Smirnov test","","c0a24f34754973f7f5ba93b41f93c71b",146,6,140,186,0.0410958904109589,0.752688172043011
"confounded_dense_n300_t02_r0040","confounded","dense","paper_adjusted",300,1000,1.5,40,65397866,"MDACT",0.05,"ok",FALSE,0.00999999999999091,"ties should not be present for the one-sample Kolmogorov-Smirnov test","","9c911a80884ee0cf4e261873a9d19328",149,6,143,186,0.0402684563758389,0.768817204301075
"confounded_dense_n300_t02_r0040","confounded","dense","paper_adjusted",300,1000,1.5,40,65397866,"MLFDR",0.05,"ok",FALSE,0.170000000000016,"","","c31544fb15933ed69d5f9b6fe4340aef",175,6,169,186,0.0342857142857143,0.908602150537634
"binary_dense_n300_t02_r0040","binary","dense","paper_adjusted",300,1000,1.5,40,52153144,"HDMT",0.05,"ok",FALSE,0.0300000000000296,"","","be9ede06e8455cd9841a10d03b310c7e",107,0,107,194,0,0.551546391752577
"binary_dense_n300_t02_r0040","binary","dense","paper_adjusted",300,1000,1.5,40,52153144,"MDACT",0.05,"ok",FALSE,0,"","","e22ec50113000e499d63261015afe29c",117,1,116,194,0.00854700854700855,0.597938144329897
"binary_dense_n300_t02_r0040","binary","dense","paper_adjusted",300,1000,1.5,40,52153144,"MLFDR",0.05,"ok",FALSE,0.25,"","","1ffcc16c6190bab45f0ae29ef47333a7",163,4,159,194,0.0245398773006135,0.819587628865979
"linear_sparse_n300_t03_r0040","linear","sparse","paper_adjusted",300,1000,1.9,40,58512531,"HDMT",0.05,"ok",FALSE,0.0400000000000205,"ties should not be present for the one-sample Kolmogorov-Smirnov test","","8ce3da62954d107cfcae418b6f3771b9",20,1,19,22,0.05,0.863636363636364
"linear_sparse_n300_t03_r0040","linear","sparse","paper_adjusted",300,1000,1.9,40,58512531,"MDACT",0.05,"ok",FALSE,0.0199999999999818,"ties should not be present for the one-sample Kolmogorov-Smirnov test","","585c584b56be7533b97ffe2920d9357b",21,1,20,22,0.0476190476190476,0.909090909090909
"linear_sparse_n300_t03_r0040","linear","sparse","paper_adjusted",300,1000,1.9,40,58512531,"MLFDR",0.05,"ok",FALSE,0.169999999999959,"","","f5c842ca50615121a59a1cb283b4aea9",20,1,19,22,0.05,0.863636363636364
"confounded_sparse_n300_t03_r0040","confounded","sparse","paper_adjusted",300,1000,1.9,40,164026048,"HDMT",0.05,"ok",FALSE,0.00999999999999091,"ties should not be present for the one-sample Kolmogorov-Smirnov test","","87c4065ae5e7161c4f3c98e7fa327334",10,0,10,20,0,0.5
"confounded_sparse_n300_t03_r0040","confounded","sparse","paper_adjusted",300,1000,1.9,40,164026048,"MDACT",0.05,"ok",FALSE,0,"ties should not be present for the one-sample Kolmogorov-Smirnov test","","4c739e58f18e47cac6dae1d8c97f46f2",14,0,14,20,0,0.7
"confounded_sparse_n300_t03_r0040","confounded","sparse","paper_adjusted",300,1000,1.9,40,164026048,"MLFDR",0.05,"ok",FALSE,1.14000000000004,"","","b4b8a592d2b8bb8cfeda6f058706442c",18,2,16,20,0.111111111111111,0.8
"binary_sparse_n300_t03_r0040","binary","sparse","paper_adjusted",300,1000,1.9,40,248537917,"HDMT",0.05,"ok",FALSE,0.00999999999999091,"","","c70b2ddc815cee6c9d7bb88b264f8ace",19,1,18,24,0.0526315789473684,0.75
"binary_sparse_n300_t03_r0040","binary","sparse","paper_adjusted",300,1000,1.9,40,248537917,"MDACT",0.05,"ok",FALSE,0,"","","6bc94dac76613e4303a9212c4c2b00a3",20,1,19,24,0.05,0.791666666666667
"binary_sparse_n300_t03_r0040","binary","sparse","paper_adjusted",300,1000,1.9,40,248537917,"MLFDR",0.05,"ok",FALSE,0.180000000000007,"","","d4ae282b29c8f9ae77d811697ed6162f",21,0,21,24,0,0.875
"linear_dense_n300_t03_r0040","linear","dense","paper_adjusted",300,1000,1.9,40,29159454,"HDMT",0.05,"ok",FALSE,0.0299999999999727,"ties should not be present for the one-sample Kolmogorov-Smirnov test","","c026d45eb182c9f6cbc9419f918fc0fb",190,6,184,203,0.0315789473684211,0.9064039408867
"linear_dense_n300_t03_r0040","linear","dense","paper_adjusted",300,1000,1.9,40,29159454,"MDACT",0.05,"ok",FALSE,0.00999999999999091,"ties should not be present for the one-sample Kolmogorov-Smirnov test","","c397e8f1f09e6903716eea0cc92bbed9",191,6,185,203,0.031413612565445,0.911330049261084
"linear_dense_n300_t03_r0040","linear","dense","paper_adjusted",300,1000,1.9,40,29159454,"MLFDR",0.05,"ok",FALSE,0.150000000000034,"","","a47ba71551431621df013f79748d1890",204,7,197,203,0.0343137254901961,0.970443349753695
"confounded_dense_n300_t03_r0040","confounded","dense","paper_adjusted",300,1000,1.9,40,7922912,"HDMT",0.05,"ok",FALSE,0.0499999999999545,"ties should not be present for the one-sample Kolmogorov-Smirnov test","","8ef9004a81b446f4d224c1e718d3fd2b",176,6,170,191,0.0340909090909091,0.890052356020942
"confounded_dense_n300_t03_r0040","confounded","dense","paper_adjusted",300,1000,1.9,40,7922912,"MDACT",0.05,"ok",FALSE,0,"ties should not be present for the one-sample Kolmogorov-Smirnov test","","1416dfbc33cdec345f37d28cea09ad04",181,9,172,191,0.0497237569060773,0.900523560209424
"confounded_dense_n300_t03_r0040","confounded","dense","paper_adjusted",300,1000,1.9,40,7922912,"MLFDR",0.05,"ok",FALSE,0.110000000000014,"","","ead5cbc58598c911730137ca912821cc",190,9,181,191,0.0473684210526316,0.947643979057592
"binary_dense_n300_t03_r0040","binary","dense","paper_adjusted",300,1000,1.9,40,146606023,"HDMT",0.05,"ok",FALSE,0.0400000000000205,"","","328a951a7df979f768ff23ceeae09d0b",132,6,126,201,0.0454545454545455,0.626865671641791
"binary_dense_n300_t03_r0040","binary","dense","paper_adjusted",300,1000,1.9,40,146606023,"MDACT",0.05,"ok",FALSE,0.0199999999999818,"","","6c95e190236ac73e863bb85d6e55e7ca",138,5,133,201,0.036231884057971,0.661691542288557
"binary_dense_n300_t03_r0040","binary","dense","paper_adjusted",300,1000,1.9,40,146606023,"MLFDR",0.05,"ok",FALSE,0.329999999999984,"","","a5bbf483177fc795e26a18419137b7f0",191,14,177,201,0.0732984293193717,0.880597014925373
