"case_id","method","status","warning","error","elapsed_seconds","cached"
"linear_sparse_n300_t01_r0001","HDMT","ok","ties should not be present for the one-sample Kolmogorov-Smirnov test","",0.0299999999999999,FALSE
"linear_sparse_n300_t01_r0001","MDACT","ok","ties should not be present for the one-sample Kolmogorov-Smirnov test","",0.0700000000000001,FALSE
"linear_sparse_n300_t01_r0001","MLFDR","ok","","",1.7,FALSE
"confounded_sparse_n300_t01_r0001","HDMT","ok","ties should not be present for the one-sample Kolmogorov-Smirnov test","",0.0299999999999998,FALSE
"confounded_sparse_n300_t01_r0001","MDACT","ok","ties should not be present for the one-sample Kolmogorov-Smirnov test","",0.0799999999999996,FALSE
"confounded_sparse_n300_t01_r0001","MLFDR","ok","","",0.79,FALSE
"binary_sparse_n300_t01_r0001","HDMT","ok","","",0.0999999999999996,FALSE
"binary_sparse_n300_t01_r0001","MDACT","ok","","",0.11,FALSE
"binary_sparse_n300_t01_r0001","MLFDR","ok","","",0.5,FALSE
"linear_dense_n300_t01_r0001","HDMT","ok","ties should not be present for the one-sample Kolmogorov-Smirnov test","",0.0299999999999999,FALSE
"linear_dense_n300_t01_r0001","MDACT","ok","ties should not be present for the one-sample Kolmogorov-Smirnov test","",0.0600000000000001,FALSE
"linear_dense_n300_t01_r0001","MLFDR","ok","","",0.47,FALSE
"confounded_dense_n300_t01_r0001","HDMT","ok","ties should not be present for the one-sample Kolmogorov-Smirnov test","",0.02,FALSE
"confounded_dense_n300_t01_r0001","MDACT","ok","ties should not be present for the one-sample Kolmogorov-Smirnov test","",0.0800000000000001,FALSE
"confounded_dense_n300_t01_r0001","MLFDR","ok","","",0.71,FALSE
"binary_dense_n300_t01_r0001","HDMT","ok","","",0.0899999999999999,FALSE
"binary_dense_n300_t01_r0001","MDACT","ok","","",0.12,FALSE
"binary_dense_n300_t01_r0001","MLFDR","ok","","",0.62,FALSE
"linear_sparse_n300_t02_r0001","HDMT","ok","ties should not be present for the one-sample Kolmogorov-Smirnov test","",0.0300000000000002,FALSE
"linear_sparse_n300_t02_r0001","MDACT","ok","ties should not be present for the one-sample Kolmogorov-Smirnov test","",0,FALSE
"linear_sparse_n300_t02_r0001","MLFDR","ok","","",0.44,FALSE
"confounded_sparse_n300_t02_r0001","HDMT","ok","ties should not be present for the one-sample Kolmogorov-Smirnov test","",0.0299999999999998,FALSE
"confounded_sparse_n300_t02_r0001","MDACT","ok","ties should not be present for the one-sample Kolmogorov-Smirnov test","",0.0800000000000001,FALSE
"confounded_sparse_n300_t02_r0001","MLFDR","ok","","",0.22,FALSE
"binary_sparse_n300_t02_r0001","HDMT","ok","","",0.0199999999999996,FALSE
"binary_sparse_n300_t02_r0001","MDACT","ok","","",0,FALSE
"binary_sparse_n300_t02_r0001","MLFDR","ok","","",0.31,FALSE
"linear_dense_n300_t02_r0001","HDMT","ok","ties should not be present for the one-sample Kolmogorov-Smirnov test","",0.02,FALSE
"linear_dense_n300_t02_r0001","MDACT","ok","ties should not be present for the one-sample Kolmogorov-Smirnov test","",0.0600000000000001,FALSE
"linear_dense_n300_t02_r0001","MLFDR","ok","","",0.2,FALSE
"confounded_dense_n300_t02_r0001","HDMT","ok","ties should not be present for the one-sample Kolmogorov-Smirnov test","",0.00999999999999979,FALSE
"confounded_dense_n300_t02_r0001","MDACT","ok","ties should not be present for the one-sample Kolmogorov-Smirnov test","",0.00999999999999979,FALSE
"confounded_dense_n300_t02_r0001","MLFDR","ok","","",0.21,FALSE
"binary_dense_n300_t02_r0001","HDMT","ok","","",0.0100000000000007,FALSE
"binary_dense_n300_t02_r0001","MDACT","ok","","",0.0200000000000005,FALSE
"binary_dense_n300_t02_r0001","MLFDR","ok","","",0.22,FALSE
"linear_sparse_n300_t03_r0001","HDMT","ok","ties should not be present for the one-sample Kolmogorov-Smirnov test","",0.0300000000000002,FALSE
"linear_sparse_n300_t03_r0001","MDACT","ok","ties should not be present for the one-sample Kolmogorov-Smirnov test","",0,FALSE
"linear_sparse_n300_t03_r0001","MLFDR","ok","","",0.27,FALSE
"confounded_sparse_n300_t03_r0001","HDMT","ok","ties should not be present for the one-sample Kolmogorov-Smirnov test","",0.0199999999999996,FALSE
"confounded_sparse_n300_t03_r0001","MDACT","ok","ties should not be present for the one-sample Kolmogorov-Smirnov test","",0,FALSE
"confounded_sparse_n300_t03_r0001","MLFDR","ok","","",0.37,FALSE
"binary_sparse_n300_t03_r0001","HDMT","ok","","",0.0300000000000002,FALSE
"binary_sparse_n300_t03_r0001","MDACT","ok","","",0.0200000000000005,FALSE
"binary_sparse_n300_t03_r0001","MLFDR","ok","","",0.0899999999999999,FALSE
"linear_dense_n300_t03_r0001","HDMT","ok","ties should not be present for the one-sample Kolmogorov-Smirnov test","",0.0199999999999996,FALSE
"linear_dense_n300_t03_r0001","MDACT","ok","ties should not be present for the one-sample Kolmogorov-Smirnov test","",0.0200000000000005,FALSE
"linear_dense_n300_t03_r0001","MLFDR","ok","","",0.16,FALSE
"confounded_dense_n300_t03_r0001","HDMT","ok","ties should not be present for the one-sample Kolmogorov-Smirnov test","",0.0199999999999996,FALSE
"confounded_dense_n300_t03_r0001","MDACT","ok","ties should not be present for the one-sample Kolmogorov-Smirnov test","",0.0200000000000005,FALSE
"confounded_dense_n300_t03_r0001","MLFDR","ok","","",0.13,FALSE
"binary_dense_n300_t03_r0001","HDMT","ok","","",0.00999999999999979,FALSE
"binary_dense_n300_t03_r0001","MDACT","ok","","",0,FALSE
"binary_dense_n300_t03_r0001","MLFDR","ok","","",0.12,FALSE
"linear_sparse_n300_t01_r0002","HDMT","ok","ties should not be present for the one-sample Kolmogorov-Smirnov test","",0.0300000000000002,FALSE
"linear_sparse_n300_t01_r0002","MDACT","ok","ties should not be present for the one-sample Kolmogorov-Smirnov test","",0.0100000000000007,FALSE
"linear_sparse_n300_t01_r0002","MLFDR","ok","","",0.45,FALSE
"confounded_sparse_n300_t01_r0002","HDMT","ok","ties should not be present for the one-sample Kolmogorov-Smirnov test","",0.0299999999999994,FALSE
"confounded_sparse_n300_t01_r0002","MDACT","ok","ties should not be present for the one-sample Kolmogorov-Smirnov test","",0.00999999999999979,FALSE
"confounded_sparse_n300_t01_r0002","MLFDR","ok","","",0.42,FALSE
"binary_sparse_n300_t01_r0002","HDMT","ok","","",0.0199999999999996,FALSE
"binary_sparse_n300_t01_r0002","MDACT","ok","","",0.00999999999999979,FALSE
"binary_sparse_n300_t01_r0002","MLFDR","ok","","",0.309999999999999,FALSE
"linear_dense_n300_t01_r0002","HDMT","ok","ties should not be present for the one-sample Kolmogorov-Smirnov test","",0.0300000000000002,FALSE
"linear_dense_n300_t01_r0002","MDACT","ok","ties should not be present for the one-sample Kolmogorov-Smirnov test","",0,FALSE
"linear_dense_n300_t01_r0002","MLFDR","ok","","",0.26,FALSE
"confounded_dense_n300_t01_r0002","HDMT","ok","ties should not be present for the one-sample Kolmogorov-Smirnov test","",0.0300000000000002,FALSE
"confounded_dense_n300_t01_r0002","MDACT","ok","ties should not be present for the one-sample Kolmogorov-Smirnov test","",0.0200000000000005,FALSE
"confounded_dense_n300_t01_r0002","MLFDR","ok","","",0.68,FALSE
"binary_dense_n300_t01_r0002","HDMT","ok","","",0.0299999999999994,FALSE
"binary_dense_n300_t01_r0002","MDACT","ok","","",0.0199999999999996,FALSE
"binary_dense_n300_t01_r0002","MLFDR","ok","","",0.32,FALSE
"linear_sparse_n300_t02_r0002","HDMT","ok","ties should not be present for the one-sample Kolmogorov-Smirnov test","",0.0199999999999996,FALSE
"linear_sparse_n300_t02_r0002","MDACT","ok","ties should not be present for the one-sample Kolmogorov-Smirnov test","",0.0199999999999996,FALSE
"linear_sparse_n300_t02_r0002","MLFDR","ok","","",0.23,FALSE
"confounded_sparse_n300_t02_r0002","HDMT","ok","ties should not be present for the one-sample Kolmogorov-Smirnov test","",0.0199999999999996,FALSE
"confounded_sparse_n300_t02_r0002","MDACT","ok","ties should not be present for the one-sample Kolmogorov-Smirnov test","",0,FALSE
"confounded_sparse_n300_t02_r0002","MLFDR","ok","","",0.119999999999999,FALSE
"binary_sparse_n300_t02_r0002","HDMT","ok","","",0.0299999999999994,FALSE
"binary_sparse_n300_t02_r0002","MDACT","ok","","",0.0199999999999996,FALSE
"binary_sparse_n300_t02_r0002","MLFDR","ok","","",0.210000000000001,FALSE
"linear_dense_n300_t02_r0002","HDMT","ok","ties should not be present for the one-sample Kolmogorov-Smirnov test","",0.0299999999999994,FALSE
"linear_dense_n300_t02_r0002","MDACT","ok","ties should not be present for the one-sample Kolmogorov-Smirnov test","",0.00999999999999979,FALSE
"linear_dense_n300_t02_r0002","MLFDR","ok","","",0.229999999999999,FALSE
"confounded_dense_n300_t02_r0002","HDMT","ok","ties should not be present for the one-sample Kolmogorov-Smirnov test","",0.0300000000000011,FALSE
"confounded_dense_n300_t02_r0002","MDACT","ok","ties should not be present for the one-sample Kolmogorov-Smirnov test","",0.00999999999999979,FALSE
"confounded_dense_n300_t02_r0002","MLFDR","ok","","",0.25,FALSE
"binary_dense_n300_t02_r0002","HDMT","ok","","",0.0199999999999996,FALSE
"binary_dense_n300_t02_r0002","MDACT","ok","","",0,FALSE
"binary_dense_n300_t02_r0002","MLFDR","ok","","",0.139999999999999,FALSE
"linear_sparse_n300_t03_r0002","HDMT","ok","ties should not be present for the one-sample Kolmogorov-Smirnov test","",0.0300000000000011,FALSE
"linear_sparse_n300_t03_r0002","MDACT","ok","ties should not be present for the one-sample Kolmogorov-Smirnov test","",0.00999999999999979,FALSE
"linear_sparse_n300_t03_r0002","MLFDR","ok","","",0.470000000000001,FALSE
"confounded_sparse_n300_t03_r0002","HDMT","ok","ties should not be present for the one-sample Kolmogorov-Smirnov test","",0.0300000000000011,FALSE
"confounded_sparse_n300_t03_r0002","MDACT","ok","ties should not be present for the one-sample Kolmogorov-Smirnov test","",0.0199999999999996,FALSE
"confounded_sparse_n300_t03_r0002","MLFDR","ok","","",0.0700000000000003,FALSE
"binary_sparse_n300_t03_r0002","HDMT","ok","","",0.0299999999999994,FALSE
"binary_sparse_n300_t03_r0002","MDACT","ok","","",0,FALSE
"binary_sparse_n300_t03_r0002","MLFDR","ok","","",0.289999999999999,FALSE
"linear_dense_n300_t03_r0002","HDMT","ok","ties should not be present for the one-sample Kolmogorov-Smirnov test","",0.0299999999999994,FALSE
"linear_dense_n300_t03_r0002","MDACT","ok","ties should not be present for the one-sample Kolmogorov-Smirnov test","",0.00999999999999979,FALSE
"linear_dense_n300_t03_r0002","MLFDR","ok","","",0.0999999999999996,FALSE
"confounded_dense_n300_t03_r0002","HDMT","ok","ties should not be present for the one-sample Kolmogorov-Smirnov test","",0.0299999999999994,FALSE
"confounded_dense_n300_t03_r0002","MDACT","ok","ties should not be present for the one-sample Kolmogorov-Smirnov test","",0.0200000000000014,FALSE
"confounded_dense_n300_t03_r0002","MLFDR","ok","","",0.109999999999999,FALSE
"binary_dense_n300_t03_r0002","HDMT","ok","","",0.0199999999999996,FALSE
"binary_dense_n300_t03_r0002","MDACT","ok","","",0,FALSE
"binary_dense_n300_t03_r0002","MLFDR","ok","","",0.109999999999999,FALSE
"linear_sparse_n300_t01_r0003","HDMT","ok","ties should not be present for the one-sample Kolmogorov-Smirnov test","",0.0300000000000011,FALSE
"linear_sparse_n300_t01_r0003","MDACT","ok","ties should not be present for the one-sample Kolmogorov-Smirnov test","",0,FALSE
"linear_sparse_n300_t01_r0003","MLFDR","ok","","",0.290000000000001,FALSE
"confounded_sparse_n300_t01_r0003","HDMT","ok","ties should not be present for the one-sample Kolmogorov-Smirnov test","",0.0199999999999996,FALSE
"confounded_sparse_n300_t01_r0003","MDACT","ok","ties should not be present for the one-sample Kolmogorov-Smirnov test","",0.00999999999999979,FALSE
"confounded_sparse_n300_t01_r0003","MLFDR","ok","","",0.59,FALSE
"binary_sparse_n300_t01_r0003","HDMT","ok","","",0.0299999999999994,FALSE
"binary_sparse_n300_t01_r0003","MDACT","ok","","",0,FALSE
"binary_sparse_n300_t01_r0003","MLFDR","ok","","",0.4,FALSE
"linear_dense_n300_t01_r0003","HDMT","ok","ties should not be present for the one-sample Kolmogorov-Smirnov test","",0.0299999999999994,FALSE
"linear_dense_n300_t01_r0003","MDACT","ok","ties should not be present for the one-sample Kolmogorov-Smirnov test","",0.00999999999999979,FALSE
"linear_dense_n300_t01_r0003","MLFDR","ok","","",0.279999999999999,FALSE
"confounded_dense_n300_t01_r0003","HDMT","ok","ties should not be present for the one-sample Kolmogorov-Smirnov test","",0.00999999999999979,FALSE
"confounded_dense_n300_t01_r0003","MDACT","ok","ties should not be present for the one-sample Kolmogorov-Smirnov test","",0.00999999999999979,FALSE
"confounded_dense_n300_t01_r0003","MLFDR","ok","","",0.279999999999999,FALSE
"binary_dense_n300_t01_r0003","HDMT","ok","","",0.00999999999999979,FALSE
"binary_dense_n300_t01_r0003","MDACT","ok","","",0.0199999999999996,FALSE
"binary_dense_n300_t01_r0003","MLFDR","ok","","",0.600000000000001,FALSE
"linear_sparse_n300_t02_r0003","HDMT","ok","ties should not be present for the one-sample Kolmogorov-Smirnov test","",0.0199999999999996,FALSE
"linear_sparse_n300_t02_r0003","MDACT","ok","ties should not be present for the one-sample Kolmogorov-Smirnov test","",0.0199999999999996,FALSE
"linear_sparse_n300_t02_r0003","MLFDR","ok","","",0.57,FALSE
"confounded_sparse_n300_t02_r0003","HDMT","ok","ties should not be present for the one-sample Kolmogorov-Smirnov test","",0.0300000000000011,FALSE
"confounded_sparse_n300_t02_r0003","MDACT","ok","ties should not be present for the one-sample Kolmogorov-Smirnov test","",0.00999999999999979,FALSE
"confounded_sparse_n300_t02_r0003","MLFDR","ok","","",0.180000000000001,FALSE
"binary_sparse_n300_t02_r0003","HDMT","ok","","",0.00999999999999979,FALSE
"binary_sparse_n300_t02_r0003","MDACT","ok","","",0,FALSE
"binary_sparse_n300_t02_r0003","MLFDR","ok","","",0.18,FALSE
"linear_dense_n300_t02_r0003","HDMT","ok","ties should not be present for the one-sample Kolmogorov-Smirnov test","",0.0100000000000016,FALSE
"linear_dense_n300_t02_r0003","MDACT","ok","ties should not be present for the one-sample Kolmogorov-Smirnov test","",0,FALSE
"linear_dense_n300_t02_r0003","MLFDR","ok","","",0.19,FALSE
"confounded_dense_n300_t02_r0003","HDMT","ok","ties should not be present for the one-sample Kolmogorov-Smirnov test","",0.00999999999999979,FALSE
"confounded_dense_n300_t02_r0003","MDACT","ok","ties should not be present for the one-sample Kolmogorov-Smirnov test","",0,FALSE
"confounded_dense_n300_t02_r0003","MLFDR","ok","","",0.16,FALSE
"binary_dense_n300_t02_r0003","HDMT","ok","","",0.0299999999999994,FALSE
"binary_dense_n300_t02_r0003","MDACT","ok","","",0.00999999999999979,FALSE
"binary_dense_n300_t02_r0003","MLFDR","ok","","",0.200000000000001,FALSE
"linear_sparse_n300_t03_r0003","HDMT","ok","ties should not be present for the one-sample Kolmogorov-Smirnov test","",0.0399999999999991,FALSE
"linear_sparse_n300_t03_r0003","MDACT","ok","ties should not be present for the one-sample Kolmogorov-Smirnov test","",0.0199999999999996,FALSE
"linear_sparse_n300_t03_r0003","MLFDR","ok","","",0.190000000000001,FALSE
"confounded_sparse_n300_t03_r0003","HDMT","ok","ties should not be present for the one-sample Kolmogorov-Smirnov test","",0.0399999999999991,FALSE
"confounded_sparse_n300_t03_r0003","MDACT","ok","ties should not be present for the one-sample Kolmogorov-Smirnov test","",0,FALSE
"confounded_sparse_n300_t03_r0003","MLFDR","ok","","",0.0899999999999999,FALSE
"binary_sparse_n300_t03_r0003","HDMT","ok","","",0.0300000000000011,FALSE
"binary_sparse_n300_t03_r0003","MDACT","ok","","",0.0100000000000016,FALSE
"binary_sparse_n300_t03_r0003","MLFDR","ok","","",0.23,FALSE
"linear_dense_n300_t03_r0003","HDMT","ok","ties should not be present for the one-sample Kolmogorov-Smirnov test","",0.0300000000000011,FALSE
"linear_dense_n300_t03_r0003","MDACT","ok","ties should not be present for the one-sample Kolmogorov-Smirnov test","",0,FALSE
"linear_dense_n300_t03_r0003","MLFDR","ok","","",0.259999999999998,FALSE
"confounded_dense_n300_t03_r0003","HDMT","ok","ties should not be present for the one-sample Kolmogorov-Smirnov test","",0.0299999999999976,FALSE
"confounded_dense_n300_t03_r0003","MDACT","ok","ties should not be present for the one-sample Kolmogorov-Smirnov test","",0.0100000000000016,FALSE
"confounded_dense_n300_t03_r0003","MLFDR","ok","","",0.16,FALSE
"binary_dense_n300_t03_r0003","HDMT","ok","","",0.0399999999999991,FALSE
"binary_dense_n300_t03_r0003","MDACT","ok","","",0.0199999999999996,FALSE
"binary_dense_n300_t03_r0003","MLFDR","ok","","",0.140000000000001,FALSE
"linear_sparse_n300_t01_r0004","HDMT","ok","ties should not be present for the one-sample Kolmogorov-Smirnov test","",0.0299999999999976,FALSE
"linear_sparse_n300_t01_r0004","MDACT","ok","ties should not be present for the one-sample Kolmogorov-Smirnov test","",0.00999999999999801,FALSE
"linear_sparse_n300_t01_r0004","MLFDR","ok","","",0.23,FALSE
"confounded_sparse_n300_t01_r0004","HDMT","ok","ties should not be present for the one-sample Kolmogorov-Smirnov test","",0.0299999999999976,FALSE
"confounded_sparse_n300_t01_r0004","MDACT","ok","ties should not be present for the one-sample Kolmogorov-Smirnov test","",0,FALSE
"confounded_sparse_n300_t01_r0004","MLFDR","ok","","",0.299999999999997,FALSE
"binary_sparse_n300_t01_r0004","HDMT","ok","","",0.0199999999999996,FALSE
"binary_sparse_n300_t01_r0004","MDACT","ok","","",0,FALSE
"binary_sparse_n300_t01_r0004","MLFDR","ok","","",0.669999999999998,FALSE
"linear_dense_n300_t01_r0004","HDMT","ok","ties should not be present for the one-sample Kolmogorov-Smirnov test","",0.0399999999999991,FALSE
"linear_dense_n300_t01_r0004","MDACT","ok","ties should not be present for the one-sample Kolmogorov-Smirnov test","",0.0199999999999996,FALSE
"linear_dense_n300_t01_r0004","MLFDR","ok","","",0.359999999999999,FALSE
"confounded_dense_n300_t01_r0004","HDMT","ok","ties should not be present for the one-sample Kolmogorov-Smirnov test","",0.0100000000000016,FALSE
"confounded_dense_n300_t01_r0004","MDACT","ok","ties should not be present for the one-sample Kolmogorov-Smirnov test","",0,FALSE
"confounded_dense_n300_t01_r0004","MLFDR","ok","","",0.280000000000001,FALSE
"binary_dense_n300_t01_r0004","HDMT","ok","","",0.0300000000000011,FALSE
"binary_dense_n300_t01_r0004","MDACT","ok","","",0,FALSE
"binary_dense_n300_t01_r0004","MLFDR","ok","","",0.390000000000001,FALSE
"linear_sparse_n300_t02_r0004","HDMT","ok","ties should not be present for the one-sample Kolmogorov-Smirnov test","",0.0300000000000011,FALSE
"linear_sparse_n300_t02_r0004","MDACT","ok","ties should not be present for the one-sample Kolmogorov-Smirnov test","",0,FALSE
"linear_sparse_n300_t02_r0004","MLFDR","ok","","",0.16,FALSE
"confounded_sparse_n300_t02_r0004","HDMT","ok","ties should not be present for the one-sample Kolmogorov-Smirnov test","",0.0200000000000031,FALSE
"confounded_sparse_n300_t02_r0004","MDACT","ok","ties should not be present for the one-sample Kolmogorov-Smirnov test","",0,FALSE
"confounded_sparse_n300_t02_r0004","MLFDR","ok","","",0.129999999999999,FALSE
"binary_sparse_n300_t02_r0004","HDMT","ok","","",0.0300000000000011,FALSE
"binary_sparse_n300_t02_r0004","MDACT","ok","","",0.0199999999999996,FALSE
"binary_sparse_n300_t02_r0004","MLFDR","ok","","",0.199999999999999,FALSE
"linear_dense_n300_t02_r0004","HDMT","ok","ties should not be present for the one-sample Kolmogorov-Smirnov test","",0.0300000000000011,FALSE
"linear_dense_n300_t02_r0004","MDACT","ok","ties should not be present for the one-sample Kolmogorov-Smirnov test","",0,FALSE
"linear_dense_n300_t02_r0004","MLFDR","ok","","",0.18,FALSE
"confounded_dense_n300_t02_r0004","HDMT","ok","ties should not be present for the one-sample Kolmogorov-Smirnov test","",0.0300000000000011,FALSE
"confounded_dense_n300_t02_r0004","MDACT","ok","ties should not be present for the one-sample Kolmogorov-Smirnov test","",0.0100000000000016,FALSE
"confounded_dense_n300_t02_r0004","MLFDR","ok","","",0.300000000000001,FALSE
"binary_dense_n300_t02_r0004","HDMT","ok","","",0.0300000000000011,FALSE
"binary_dense_n300_t02_r0004","MDACT","ok","","",0.0100000000000016,FALSE
"binary_dense_n300_t02_r0004","MLFDR","ok","","",0.23,FALSE
"linear_sparse_n300_t03_r0004","HDMT","ok","ties should not be present for the one-sample Kolmogorov-Smirnov test","",0.0300000000000011,FALSE
"linear_sparse_n300_t03_r0004","MDACT","ok","ties should not be present for the one-sample Kolmogorov-Smirnov test","",0,FALSE
"linear_sparse_n300_t03_r0004","MLFDR","ok","","",0.119999999999997,FALSE
"confounded_sparse_n300_t03_r0004","HDMT","ok","ties should not be present for the one-sample Kolmogorov-Smirnov test","",0.0300000000000011,FALSE
"confounded_sparse_n300_t03_r0004","MDACT","ok","ties should not be present for the one-sample Kolmogorov-Smirnov test","",0,FALSE
"confounded_sparse_n300_t03_r0004","MLFDR","ok","","",0.18,FALSE
"binary_sparse_n300_t03_r0004","HDMT","ok","","",0.0299999999999976,FALSE
"binary_sparse_n300_t03_r0004","MDACT","ok","","",0,FALSE
"binary_sparse_n300_t03_r0004","MLFDR","ok","","",0.199999999999999,FALSE
"linear_dense_n300_t03_r0004","HDMT","ok","ties should not be present for the one-sample Kolmogorov-Smirnov test","",0.0199999999999996,FALSE
"linear_dense_n300_t03_r0004","MDACT","ok","ties should not be present for the one-sample Kolmogorov-Smirnov test","",0,FALSE
"linear_dense_n300_t03_r0004","MLFDR","ok","","",0.129999999999999,FALSE
"confounded_dense_n300_t03_r0004","HDMT","ok","ties should not be present for the one-sample Kolmogorov-Smirnov test","",0.0300000000000011,FALSE
"confounded_dense_n300_t03_r0004","MDACT","ok","ties should not be present for the one-sample Kolmogorov-Smirnov test","",0.0199999999999996,FALSE
"confounded_dense_n300_t03_r0004","MLFDR","ok","","",0.140000000000001,FALSE
"binary_dense_n300_t03_r0004","HDMT","ok","","",0.0399999999999991,FALSE
"binary_dense_n300_t03_r0004","MDACT","ok","","",0.0200000000000031,FALSE
"binary_dense_n300_t03_r0004","MLFDR","ok","","",0.190000000000001,FALSE
"linear_sparse_n300_t01_r0005","HDMT","ok","ties should not be present for the one-sample Kolmogorov-Smirnov test","",0.0300000000000011,FALSE
"linear_sparse_n300_t01_r0005","MDACT","ok","ties should not be present for the one-sample Kolmogorov-Smirnov test","",0.0199999999999996,FALSE
"linear_sparse_n300_t01_r0005","MLFDR","ok","","",0.41,FALSE
"confounded_sparse_n300_t01_r0005","HDMT","ok","ties should not be present for the one-sample Kolmogorov-Smirnov test","",0.0300000000000011,FALSE
"confounded_sparse_n300_t01_r0005","MDACT","ok","ties should not be present for the one-sample Kolmogorov-Smirnov test","",0,FALSE
"confounded_sparse_n300_t01_r0005","MLFDR","ok","","",1.05,FALSE
"binary_sparse_n300_t01_r0005","HDMT","ok","","",0.0299999999999976,FALSE
"binary_sparse_n300_t01_r0005","MDACT","ok","","",0.0199999999999996,FALSE
"binary_sparse_n300_t01_r0005","MLFDR","ok","","",0.5,FALSE
"linear_dense_n300_t01_r0005","HDMT","ok","ties should not be present for the one-sample Kolmogorov-Smirnov test","",0.0299999999999976,FALSE
"linear_dense_n300_t01_r0005","MDACT","ok","ties should not be present for the one-sample Kolmogorov-Smirnov test","",0.0100000000000016,FALSE
"linear_dense_n300_t01_r0005","MLFDR","ok","","",0.300000000000001,FALSE
"confounded_dense_n300_t01_r0005","HDMT","ok","ties should not be present for the one-sample Kolmogorov-Smirnov test","",0.0199999999999996,FALSE
"confounded_dense_n300_t01_r0005","MDACT","ok","ties should not be present for the one-sample Kolmogorov-Smirnov test","",0,FALSE
"confounded_dense_n300_t01_r0005","MLFDR","ok","","",0.59,FALSE
"binary_dense_n300_t01_r0005","HDMT","ok","","",0.0300000000000011,FALSE
"binary_dense_n300_t01_r0005","MDACT","ok","","",0.0100000000000016,FALSE
"binary_dense_n300_t01_r0005","MLFDR","ok","","",0.359999999999999,FALSE
"linear_sparse_n300_t02_r0005","HDMT","ok","ties should not be present for the one-sample Kolmogorov-Smirnov test","",0.0299999999999976,FALSE
"linear_sparse_n300_t02_r0005","MDACT","ok","ties should not be present for the one-sample Kolmogorov-Smirnov test","",0.0199999999999996,FALSE
"linear_sparse_n300_t02_r0005","MLFDR","ok","","",0.600000000000001,FALSE
"confounded_sparse_n300_t02_r0005","HDMT","ok","ties should not be present for the one-sample Kolmogorov-Smirnov test","",0.0199999999999996,FALSE
"confounded_sparse_n300_t02_r0005","MDACT","ok","ties should not be present for the one-sample Kolmogorov-Smirnov test","",0,FALSE
"confounded_sparse_n300_t02_r0005","MLFDR","ok","","",0.16,FALSE
"binary_sparse_n300_t02_r0005","HDMT","ok","","",0.0300000000000011,FALSE
"binary_sparse_n300_t02_r0005","MDACT","ok","","",0.0199999999999996,FALSE
"binary_sparse_n300_t02_r0005","MLFDR","ok","","",0.360000000000003,FALSE
"linear_dense_n300_t02_r0005","HDMT","ok","ties should not be present for the one-sample Kolmogorov-Smirnov test","",0.0300000000000011,FALSE
"linear_dense_n300_t02_r0005","MDACT","ok","ties should not be present for the one-sample Kolmogorov-Smirnov test","",0.00999999999999801,FALSE
"linear_dense_n300_t02_r0005","MLFDR","ok","","",0.189999999999998,FALSE
"confounded_dense_n300_t02_r0005","HDMT","ok","ties should not be present for the one-sample Kolmogorov-Smirnov test","",0.0300000000000011,FALSE
"confounded_dense_n300_t02_r0005","MDACT","ok","ties should not be present for the one-sample Kolmogorov-Smirnov test","",0.0199999999999996,FALSE
"confounded_dense_n300_t02_r0005","MLFDR","ok","","",0.309999999999999,FALSE
"binary_dense_n300_t02_r0005","HDMT","ok","","",0.0300000000000011,FALSE
"binary_dense_n300_t02_r0005","MDACT","ok","","",0.00999999999999801,FALSE
"binary_dense_n300_t02_r0005","MLFDR","ok","","",0.329999999999998,FALSE
"linear_sparse_n300_t03_r0005","HDMT","ok","ties should not be present for the one-sample Kolmogorov-Smirnov test","",0.0300000000000011,FALSE
"linear_sparse_n300_t03_r0005","MDACT","ok","ties should not be present for the one-sample Kolmogorov-Smirnov test","",0.00999999999999801,FALSE
"linear_sparse_n300_t03_r0005","MLFDR","ok","","",0.0799999999999983,FALSE
"confounded_sparse_n300_t03_r0005","HDMT","ok","ties should not be present for the one-sample Kolmogorov-Smirnov test","",0.0800000000000018,FALSE
"confounded_sparse_n300_t03_r0005","MDACT","ok","ties should not be present for the one-sample Kolmogorov-Smirnov test","",0.0200000000000031,FALSE
"confounded_sparse_n300_t03_r0005","MLFDR","ok","","",0.300000000000001,FALSE
"binary_sparse_n300_t03_r0005","HDMT","ok","","",0.0100000000000016,FALSE
"binary_sparse_n300_t03_r0005","MDACT","ok","","",0.00999999999999801,FALSE
"binary_sparse_n300_t03_r0005","MLFDR","ok","","",0.189999999999998,FALSE
"linear_dense_n300_t03_r0005","HDMT","ok","ties should not be present for the one-sample Kolmogorov-Smirnov test","",0.0300000000000011,FALSE
"linear_dense_n300_t03_r0005","MDACT","ok","ties should not be present for the one-sample Kolmogorov-Smirnov test","",0,FALSE
"linear_dense_n300_t03_r0005","MLFDR","ok","","",0.0899999999999999,FALSE
"confounded_dense_n300_t03_r0005","HDMT","ok","ties should not be present for the one-sample Kolmogorov-Smirnov test","",0.00999999999999801,FALSE
"confounded_dense_n300_t03_r0005","MDACT","ok","ties should not be present for the one-sample Kolmogorov-Smirnov test","",0.0199999999999996,FALSE
"confounded_dense_n300_t03_r0005","MLFDR","ok","","",0.210000000000001,FALSE
"binary_dense_n300_t03_r0005","HDMT","ok","","",0.0199999999999996,FALSE
"binary_dense_n300_t03_r0005","MDACT","ok","","",0,FALSE
"binary_dense_n300_t03_r0005","MLFDR","ok","","",0.139999999999997,FALSE
"linear_sparse_n300_t01_r0006","HDMT","ok","ties should not be present for the one-sample Kolmogorov-Smirnov test","",0.0300000000000011,FALSE
"linear_sparse_n300_t01_r0006","MDACT","ok","ties should not be present for the one-sample Kolmogorov-Smirnov test","",0,FALSE
"linear_sparse_n300_t01_r0006","MLFDR","ok","","",0.330000000000002,FALSE
"confounded_sparse_n300_t01_r0006","HDMT","ok","ties should not be present for the one-sample Kolmogorov-Smirnov test","",0.0300000000000011,FALSE
"confounded_sparse_n300_t01_r0006","MDACT","ok","ties should not be present for the one-sample Kolmogorov-Smirnov test","",0.0199999999999996,FALSE
"confounded_sparse_n300_t01_r0006","MLFDR","ok","","",0.34,FALSE
"binary_sparse_n300_t01_r0006","HDMT","ok","","",0.0300000000000011,FALSE
"binary_sparse_n300_t01_r0006","MDACT","ok","","",0.0100000000000016,FALSE
"binary_sparse_n300_t01_r0006","MLFDR","ok","","",0.5,FALSE
"linear_dense_n300_t01_r0006","HDMT","ok","ties should not be present for the one-sample Kolmogorov-Smirnov test","",0.0399999999999991,FALSE
"linear_dense_n300_t01_r0006","MDACT","ok","ties should not be present for the one-sample Kolmogorov-Smirnov test","",0,FALSE
"linear_dense_n300_t01_r0006","MLFDR","ok","","",0.43,FALSE
"confounded_dense_n300_t01_r0006","HDMT","ok","ties should not be present for the one-sample Kolmogorov-Smirnov test","",0.0300000000000011,FALSE
"confounded_dense_n300_t01_r0006","MDACT","ok","ties should not be present for the one-sample Kolmogorov-Smirnov test","",0,FALSE
"confounded_dense_n300_t01_r0006","MLFDR","ok","","",0.199999999999999,FALSE
"binary_dense_n300_t01_r0006","HDMT","ok","","",0.0100000000000016,FALSE
"binary_dense_n300_t01_r0006","MDACT","ok","","",0,FALSE
"binary_dense_n300_t01_r0006","MLFDR","ok","","",0.23,FALSE
"linear_sparse_n300_t02_r0006","HDMT","ok","ties should not be present for the one-sample Kolmogorov-Smirnov test","",0.0799999999999983,FALSE
"linear_sparse_n300_t02_r0006","MDACT","ok","ties should not be present for the one-sample Kolmogorov-Smirnov test","",0,FALSE
"linear_sparse_n300_t02_r0006","MLFDR","ok","","",0.43,FALSE
"confounded_sparse_n300_t02_r0006","HDMT","ok","ties should not be present for the one-sample Kolmogorov-Smirnov test","",0.0300000000000011,FALSE
"confounded_sparse_n300_t02_r0006","MDACT","ok","ties should not be present for the one-sample Kolmogorov-Smirnov test","",0.019999999999996,FALSE
"confounded_sparse_n300_t02_r0006","MLFDR","ok","","",0.229999999999997,FALSE
"binary_sparse_n300_t02_r0006","HDMT","ok","","",0.00999999999999801,FALSE
"binary_sparse_n300_t02_r0006","MDACT","ok","","",0,FALSE
"binary_sparse_n300_t02_r0006","MLFDR","ok","","",0.219999999999999,FALSE
"linear_dense_n300_t02_r0006","HDMT","ok","ties should not be present for the one-sample Kolmogorov-Smirnov test","",0.0199999999999996,FALSE
"linear_dense_n300_t02_r0006","MDACT","ok","ties should not be present for the one-sample Kolmogorov-Smirnov test","",0.00999999999999801,FALSE
"linear_dense_n300_t02_r0006","MLFDR","ok","","",0.220000000000002,FALSE
"confounded_dense_n300_t02_r0006","HDMT","ok","ties should not be present for the one-sample Kolmogorov-Smirnov test","",0.0199999999999996,FALSE
"confounded_dense_n300_t02_r0006","MDACT","ok","ties should not be present for the one-sample Kolmogorov-Smirnov test","",0.0100000000000016,FALSE
"confounded_dense_n300_t02_r0006","MLFDR","ok","","",0.250000000000004,FALSE
"binary_dense_n300_t02_r0006","HDMT","ok","","",0.0300000000000011,FALSE
"binary_dense_n300_t02_r0006","MDACT","ok","","",0,FALSE
"binary_dense_n300_t02_r0006","MLFDR","ok","","",0.359999999999999,FALSE
"linear_sparse_n300_t03_r0006","HDMT","ok","ties should not be present for the one-sample Kolmogorov-Smirnov test","",0.0300000000000011,FALSE
"linear_sparse_n300_t03_r0006","MDACT","ok","ties should not be present for the one-sample Kolmogorov-Smirnov test","",0.019999999999996,FALSE
"linear_sparse_n300_t03_r0006","MLFDR","ok","","",0.149999999999999,FALSE
"confounded_sparse_n300_t03_r0006","HDMT","ok","ties should not be present for the one-sample Kolmogorov-Smirnov test","",0.0300000000000011,FALSE
"confounded_sparse_n300_t03_r0006","MDACT","ok","ties should not be present for the one-sample Kolmogorov-Smirnov test","",0.0200000000000031,FALSE
"confounded_sparse_n300_t03_r0006","MLFDR","ok","","",0.18,FALSE
"binary_sparse_n300_t03_r0006","HDMT","ok","","",0.0399999999999991,FALSE
"binary_sparse_n300_t03_r0006","MDACT","ok","","",0.0200000000000031,FALSE
"binary_sparse_n300_t03_r0006","MLFDR","ok","","",0.189999999999998,FALSE
"linear_dense_n300_t03_r0006","HDMT","ok","ties should not be present for the one-sample Kolmogorov-Smirnov test","",0.0300000000000011,FALSE
"linear_dense_n300_t03_r0006","MDACT","ok","ties should not be present for the one-sample Kolmogorov-Smirnov test","",0.0200000000000031,FALSE
"linear_dense_n300_t03_r0006","MLFDR","ok","","",0.170000000000002,FALSE
"confounded_dense_n300_t03_r0006","HDMT","ok","ties should not be present for the one-sample Kolmogorov-Smirnov test","",0.029999999999994,FALSE
"confounded_dense_n300_t03_r0006","MDACT","ok","ties should not be present for the one-sample Kolmogorov-Smirnov test","",0.00999999999999801,FALSE
"confounded_dense_n300_t03_r0006","MLFDR","ok","","",0.140000000000001,FALSE
"binary_dense_n300_t03_r0006","HDMT","ok","","",0.0300000000000011,FALSE
"binary_dense_n300_t03_r0006","MDACT","ok","","",0.0200000000000031,FALSE
"binary_dense_n300_t03_r0006","MLFDR","ok","","",0.210000000000001,FALSE
"linear_sparse_n300_t01_r0007","HDMT","ok","ties should not be present for the one-sample Kolmogorov-Smirnov test","",0.019999999999996,FALSE
"linear_sparse_n300_t01_r0007","MDACT","ok","ties should not be present for the one-sample Kolmogorov-Smirnov test","",0.00999999999999801,FALSE
"linear_sparse_n300_t01_r0007","MLFDR","ok","","",0.399999999999999,FALSE
"confounded_sparse_n300_t01_r0007","HDMT","ok","ties should not be present for the one-sample Kolmogorov-Smirnov test","",0.0200000000000031,FALSE
"confounded_sparse_n300_t01_r0007","MDACT","ok","ties should not be present for the one-sample Kolmogorov-Smirnov test","",0.00999999999999801,FALSE
"confounded_sparse_n300_t01_r0007","MLFDR","ok","","",0.439999999999998,FALSE
"binary_sparse_n300_t01_r0007","HDMT","ok","","",0.0399999999999991,FALSE
"binary_sparse_n300_t01_r0007","MDACT","ok","","",0,FALSE
"binary_sparse_n300_t01_r0007","MLFDR","ok","","",0.359999999999999,FALSE
"linear_dense_n300_t01_r0007","HDMT","ok","ties should not be present for the one-sample Kolmogorov-Smirnov test","",0.0200000000000031,FALSE
"linear_dense_n300_t01_r0007","MDACT","ok","ties should not be present for the one-sample Kolmogorov-Smirnov test","",0.00999999999999801,FALSE
"linear_dense_n300_t01_r0007","MLFDR","ok","","",0.389999999999993,FALSE
"confounded_dense_n300_t01_r0007","HDMT","ok","ties should not be present for the one-sample Kolmogorov-Smirnov test","",0.0200000000000031,FALSE
"confounded_dense_n300_t01_r0007","MDACT","ok","ties should not be present for the one-sample Kolmogorov-Smirnov test","",0,FALSE
"confounded_dense_n300_t01_r0007","MLFDR","ok","","",0.280000000000001,FALSE
"binary_dense_n300_t01_r0007","HDMT","ok","","",0.0399999999999991,FALSE
"binary_dense_n300_t01_r0007","MDACT","ok","","",0,FALSE
"binary_dense_n300_t01_r0007","MLFDR","ok","","",0.25,FALSE
"linear_sparse_n300_t02_r0007","HDMT","ok","ties should not be present for the one-sample Kolmogorov-Smirnov test","",0.0200000000000031,FALSE
"linear_sparse_n300_t02_r0007","MDACT","ok","ties should not be present for the one-sample Kolmogorov-Smirnov test","",0.0200000000000031,FALSE
"linear_sparse_n300_t02_r0007","MLFDR","ok","","",0.82,FALSE
"confounded_sparse_n300_t02_r0007","HDMT","ok","ties should not be present for the one-sample Kolmogorov-Smirnov test","",0.0200000000000031,FALSE
"confounded_sparse_n300_t02_r0007","MDACT","ok","ties should not be present for the one-sample Kolmogorov-Smirnov test","",0,FALSE
"confounded_sparse_n300_t02_r0007","MLFDR","ok","","",0.190000000000005,FALSE
"binary_sparse_n300_t02_r0007","HDMT","ok","","",0.029999999999994,FALSE
"binary_sparse_n300_t02_r0007","MDACT","ok","","",0.00999999999999801,FALSE
"binary_sparse_n300_t02_r0007","MLFDR","ok","","",0.170000000000002,FALSE
"linear_dense_n300_t02_r0007","HDMT","ok","ties should not be present for the one-sample Kolmogorov-Smirnov test","",0.0300000000000011,FALSE
"linear_dense_n300_t02_r0007","MDACT","ok","ties should not be present for the one-sample Kolmogorov-Smirnov test","",0.00999999999999801,FALSE
"linear_dense_n300_t02_r0007","MLFDR","ok","","",0.139999999999993,FALSE
"confounded_dense_n300_t02_r0007","HDMT","ok","ties should not be present for the one-sample Kolmogorov-Smirnov test","",0.0200000000000031,FALSE
"confounded_dense_n300_t02_r0007","MDACT","ok","ties should not be present for the one-sample Kolmogorov-Smirnov test","",0,FALSE
"confounded_dense_n300_t02_r0007","MLFDR","ok","","",0.359999999999999,FALSE
"binary_dense_n300_t02_r0007","HDMT","ok","","",0.0200000000000031,FALSE
"binary_dense_n300_t02_r0007","MDACT","ok","","",0,FALSE
"binary_dense_n300_t02_r0007","MLFDR","ok","","",0.219999999999999,FALSE
"linear_sparse_n300_t03_r0007","HDMT","ok","ties should not be present for the one-sample Kolmogorov-Smirnov test","",0.00999999999999801,FALSE
"linear_sparse_n300_t03_r0007","MDACT","ok","ties should not be present for the one-sample Kolmogorov-Smirnov test","",0.00999999999999801,FALSE
"linear_sparse_n300_t03_r0007","MLFDR","ok","","",0.219999999999999,FALSE
"confounded_sparse_n300_t03_r0007","HDMT","ok","ties should not be present for the one-sample Kolmogorov-Smirnov test","",0.0700000000000003,FALSE
"confounded_sparse_n300_t03_r0007","MDACT","ok","ties should not be present for the one-sample Kolmogorov-Smirnov test","",0,FALSE
"confounded_sparse_n300_t03_r0007","MLFDR","ok","","",0.160000000000004,FALSE
"binary_sparse_n300_t03_r0007","HDMT","ok","","",0.029999999999994,FALSE
"binary_sparse_n300_t03_r0007","MDACT","ok","","",0,FALSE
"binary_sparse_n300_t03_r0007","MLFDR","ok","","",0.0799999999999983,FALSE
"linear_dense_n300_t03_r0007","HDMT","ok","ties should not be present for the one-sample Kolmogorov-Smirnov test","",0.0300000000000011,FALSE
"linear_dense_n300_t03_r0007","MDACT","ok","ties should not be present for the one-sample Kolmogorov-Smirnov test","",0.0200000000000031,FALSE
"linear_dense_n300_t03_r0007","MLFDR","ok","","",0.219999999999999,FALSE
"confounded_dense_n300_t03_r0007","HDMT","ok","ties should not be present for the one-sample Kolmogorov-Smirnov test","",0.00999999999999801,FALSE
"confounded_dense_n300_t03_r0007","MDACT","ok","ties should not be present for the one-sample Kolmogorov-Smirnov test","",0,FALSE
"confounded_dense_n300_t03_r0007","MLFDR","ok","","",0.159999999999997,FALSE
"binary_dense_n300_t03_r0007","HDMT","ok","","",0.019999999999996,FALSE
"binary_dense_n300_t03_r0007","MDACT","ok","","",0.00999999999999801,FALSE
"binary_dense_n300_t03_r0007","MLFDR","ok","","",0.119999999999997,FALSE
"linear_sparse_n300_t01_r0008","HDMT","ok","ties should not be present for the one-sample Kolmogorov-Smirnov test","",0.019999999999996,FALSE
"linear_sparse_n300_t01_r0008","MDACT","ok","ties should not be present for the one-sample Kolmogorov-Smirnov test","",0,FALSE
"linear_sparse_n300_t01_r0008","MLFDR","ok","","",0.380000000000003,FALSE
"confounded_sparse_n300_t01_r0008","HDMT","ok","ties should not be present for the one-sample Kolmogorov-Smirnov test","",0.029999999999994,FALSE
"confounded_sparse_n300_t01_r0008","MDACT","ok","ties should not be present for the one-sample Kolmogorov-Smirnov test","",0.00999999999999801,FALSE
"confounded_sparse_n300_t01_r0008","MLFDR","ok","","",3.11,FALSE
"binary_sparse_n300_t01_r0008","HDMT","ok","","",0.0200000000000031,FALSE
"binary_sparse_n300_t01_r0008","MDACT","ok","","",0,FALSE
"binary_sparse_n300_t01_r0008","MLFDR","ok","","",0.299999999999997,FALSE
"linear_dense_n300_t01_r0008","HDMT","ok","ties should not be present for the one-sample Kolmogorov-Smirnov test","",0.0300000000000011,FALSE
"linear_dense_n300_t01_r0008","MDACT","ok","ties should not be present for the one-sample Kolmogorov-Smirnov test","",0.0200000000000031,FALSE
"linear_dense_n300_t01_r0008","MLFDR","ok","","",0.240000000000002,FALSE
"confounded_dense_n300_t01_r0008","HDMT","ok","ties should not be present for the one-sample Kolmogorov-Smirnov test","",0.0300000000000011,FALSE
"confounded_dense_n300_t01_r0008","MDACT","ok","ties should not be present for the one-sample Kolmogorov-Smirnov test","",0.0200000000000031,FALSE
"confounded_dense_n300_t01_r0008","MLFDR","ok","","",0.75,FALSE
"binary_dense_n300_t01_r0008","HDMT","ok","","",0.0300000000000011,FALSE
"binary_dense_n300_t01_r0008","MDACT","ok","","",0,FALSE
"binary_dense_n300_t01_r0008","MLFDR","ok","","",0.460000000000001,FALSE
"linear_sparse_n300_t02_r0008","HDMT","ok","ties should not be present for the one-sample Kolmogorov-Smirnov test","",0.0399999999999991,FALSE
"linear_sparse_n300_t02_r0008","MDACT","ok","ties should not be present for the one-sample Kolmogorov-Smirnov test","",0.0200000000000031,FALSE
"linear_sparse_n300_t02_r0008","MLFDR","ok","","",0.189999999999998,FALSE
"confounded_sparse_n300_t02_r0008","HDMT","ok","ties should not be present for the one-sample Kolmogorov-Smirnov test","",0.029999999999994,FALSE
"confounded_sparse_n300_t02_r0008","MDACT","ok","ties should not be present for the one-sample Kolmogorov-Smirnov test","",0,FALSE
"confounded_sparse_n300_t02_r0008","MLFDR","ok","","",0.199999999999996,FALSE
"binary_sparse_n300_t02_r0008","HDMT","ok","","",0.029999999999994,FALSE
"binary_sparse_n300_t02_r0008","MDACT","ok","","",0.00999999999999801,FALSE
"binary_sparse_n300_t02_r0008","MLFDR","ok","","",0.469999999999999,FALSE
"linear_dense_n300_t02_r0008","HDMT","ok","ties should not be present for the one-sample Kolmogorov-Smirnov test","",0.029999999999994,FALSE
"linear_dense_n300_t02_r0008","MDACT","ok","ties should not be present for the one-sample Kolmogorov-Smirnov test","",0.00999999999999801,FALSE
"linear_dense_n300_t02_r0008","MLFDR","ok","","",0.149999999999999,FALSE
"confounded_dense_n300_t02_r0008","HDMT","ok","ties should not be present for the one-sample Kolmogorov-Smirnov test","",0.0399999999999991,FALSE
"confounded_dense_n300_t02_r0008","MDACT","ok","ties should not be present for the one-sample Kolmogorov-Smirnov test","",0.0200000000000031,FALSE
"confounded_dense_n300_t02_r0008","MLFDR","ok","","",0.299999999999997,FALSE
"binary_dense_n300_t02_r0008","HDMT","ok","","",0.00999999999999801,FALSE
"binary_dense_n300_t02_r0008","MDACT","ok","","",0.00999999999999801,FALSE
"binary_dense_n300_t02_r0008","MLFDR","ok","","",0.359999999999999,FALSE
"linear_sparse_n300_t03_r0008","HDMT","ok","ties should not be present for the one-sample Kolmogorov-Smirnov test","",0.0200000000000031,FALSE
"linear_sparse_n300_t03_r0008","MDACT","ok","ties should not be present for the one-sample Kolmogorov-Smirnov test","",0.019999999999996,FALSE
"linear_sparse_n300_t03_r0008","MLFDR","ok","","",0.640000000000001,FALSE
"confounded_sparse_n300_t03_r0008","HDMT","ok","ties should not be present for the one-sample Kolmogorov-Smirnov test","",0.0300000000000011,FALSE
"confounded_sparse_n300_t03_r0008","MDACT","ok","ties should not be present for the one-sample Kolmogorov-Smirnov test","",0,FALSE
"confounded_sparse_n300_t03_r0008","MLFDR","ok","","",0.190000000000005,FALSE
"binary_sparse_n300_t03_r0008","HDMT","ok","","",0.0300000000000011,FALSE
"binary_sparse_n300_t03_r0008","MDACT","ok","","",0.0200000000000031,FALSE
"binary_sparse_n300_t03_r0008","MLFDR","ok","","",0.5,FALSE
"linear_dense_n300_t03_r0008","HDMT","ok","ties should not be present for the one-sample Kolmogorov-Smirnov test","",0.019999999999996,FALSE
"linear_dense_n300_t03_r0008","MDACT","ok","ties should not be present for the one-sample Kolmogorov-Smirnov test","",0,FALSE
"linear_dense_n300_t03_r0008","MLFDR","ok","","",0.170000000000002,FALSE
"confounded_dense_n300_t03_r0008","HDMT","ok","ties should not be present for the one-sample Kolmogorov-Smirnov test","",0.0300000000000011,FALSE
"confounded_dense_n300_t03_r0008","MDACT","ok","ties should not be present for the one-sample Kolmogorov-Smirnov test","",0,FALSE
"confounded_dense_n300_t03_r0008","MLFDR","ok","","",0.160000000000004,FALSE
"binary_dense_n300_t03_r0008","HDMT","ok","","",0.0200000000000031,FALSE
"binary_dense_n300_t03_r0008","MDACT","ok","","",0,FALSE
"binary_dense_n300_t03_r0008","MLFDR","ok","","",0.170000000000002,FALSE
"linear_sparse_n300_t01_r0009","HDMT","ok","ties should not be present for the one-sample Kolmogorov-Smirnov test","",0.00999999999999801,FALSE
"linear_sparse_n300_t01_r0009","MDACT","ok","ties should not be present for the one-sample Kolmogorov-Smirnov test","",0,FALSE
"linear_sparse_n300_t01_r0009","MLFDR","ok","","",0.300000000000004,FALSE
"confounded_sparse_n300_t01_r0009","HDMT","ok","ties should not be present for the one-sample Kolmogorov-Smirnov test","",0.0200000000000031,FALSE
"confounded_sparse_n300_t01_r0009","MDACT","ok","ties should not be present for the one-sample Kolmogorov-Smirnov test","",0,FALSE
"confounded_sparse_n300_t01_r0009","MLFDR","ok","","",0.279999999999994,FALSE
"binary_sparse_n300_t01_r0009","HDMT","ok","","",0.00999999999999801,FALSE
"binary_sparse_n300_t01_r0009","MDACT","ok","","",0,FALSE
"binary_sparse_n300_t01_r0009","MLFDR","ok","","",0.25,FALSE
"linear_dense_n300_t01_r0009","HDMT","ok","ties should not be present for the one-sample Kolmogorov-Smirnov test","",0.0399999999999991,FALSE
"linear_dense_n300_t01_r0009","MDACT","ok","ties should not be present for the one-sample Kolmogorov-Smirnov test","",0.0200000000000031,FALSE
"linear_dense_n300_t01_r0009","MLFDR","ok","","",0.350000000000001,FALSE
"confounded_dense_n300_t01_r0009","HDMT","ok","ties should not be present for the one-sample Kolmogorov-Smirnov test","",0.029999999999994,FALSE
"confounded_dense_n300_t01_r0009","MDACT","ok","ties should not be present for the one-sample Kolmogorov-Smirnov test","",0,FALSE
"confounded_dense_n300_t01_r0009","MLFDR","ok","","",0.219999999999999,FALSE
"binary_dense_n300_t01_r0009","HDMT","ok","","",0.019999999999996,FALSE
"binary_dense_n300_t01_r0009","MDACT","ok","","",0.0200000000000031,FALSE
"binary_dense_n300_t01_r0009","MLFDR","ok","","",0.670000000000002,FALSE
"linear_sparse_n300_t02_r0009","HDMT","ok","ties should not be present for the one-sample Kolmogorov-Smirnov test","",0.00999999999999801,FALSE
"linear_sparse_n300_t02_r0009","MDACT","ok","ties should not be present for the one-sample Kolmogorov-Smirnov test","",0,FALSE
"linear_sparse_n300_t02_r0009","MLFDR","ok","","",0.200000000000003,FALSE
"confounded_sparse_n300_t02_r0009","HDMT","ok","ties should not be present for the one-sample Kolmogorov-Smirnov test","",0.0200000000000031,FALSE
"confounded_sparse_n300_t02_r0009","MDACT","ok","ties should not be present for the one-sample Kolmogorov-Smirnov test","",0.0200000000000031,FALSE
"confounded_sparse_n300_t02_r0009","MLFDR","ok","","",0.240000000000002,FALSE
"binary_sparse_n300_t02_r0009","HDMT","ok","","",0.019999999999996,FALSE
"binary_sparse_n300_t02_r0009","MDACT","ok","","",0,FALSE
"binary_sparse_n300_t02_r0009","MLFDR","ok","","",0.170000000000002,FALSE
"linear_dense_n300_t02_r0009","HDMT","ok","ties should not be present for the one-sample Kolmogorov-Smirnov test","",0.0300000000000011,FALSE
"linear_dense_n300_t02_r0009","MDACT","ok","ties should not be present for the one-sample Kolmogorov-Smirnov test","",0.00999999999999801,FALSE
"linear_dense_n300_t02_r0009","MLFDR","ok","","",0.200000000000003,FALSE
"confounded_dense_n300_t02_r0009","HDMT","ok","ties should not be present for the one-sample Kolmogorov-Smirnov test","",0.0300000000000011,FALSE
"confounded_dense_n300_t02_r0009","MDACT","ok","ties should not be present for the one-sample Kolmogorov-Smirnov test","",0.00999999999999801,FALSE
"confounded_dense_n300_t02_r0009","MLFDR","ok","","",0.200000000000003,FALSE
"binary_dense_n300_t02_r0009","HDMT","ok","","",0.00999999999999801,FALSE
"binary_dense_n300_t02_r0009","MDACT","ok","","",0.019999999999996,FALSE
"binary_dense_n300_t02_r0009","MLFDR","ok","","",0.149999999999999,FALSE
"linear_sparse_n300_t03_r0009","HDMT","ok","ties should not be present for the one-sample Kolmogorov-Smirnov test","",0.00999999999999801,FALSE
"linear_sparse_n300_t03_r0009","MDACT","ok","ties should not be present for the one-sample Kolmogorov-Smirnov test","",0,FALSE
"linear_sparse_n300_t03_r0009","MLFDR","ok","","",0.140000000000001,FALSE
"confounded_sparse_n300_t03_r0009","HDMT","ok","ties should not be present for the one-sample Kolmogorov-Smirnov test","",0.0300000000000011,FALSE
"confounded_sparse_n300_t03_r0009","MDACT","ok","ties should not be present for the one-sample Kolmogorov-Smirnov test","",0.00999999999999801,FALSE
"confounded_sparse_n300_t03_r0009","MLFDR","ok","","",0.289999999999999,FALSE
"binary_sparse_n300_t03_r0009","HDMT","ok","","",0.00999999999999801,FALSE
"binary_sparse_n300_t03_r0009","MDACT","ok","","",0.00999999999999801,FALSE
"binary_sparse_n300_t03_r0009","MLFDR","ok","","",0.149999999999999,FALSE
"linear_dense_n300_t03_r0009","HDMT","ok","ties should not be present for the one-sample Kolmogorov-Smirnov test","",0.0200000000000031,FALSE
"linear_dense_n300_t03_r0009","MDACT","ok","ties should not be present for the one-sample Kolmogorov-Smirnov test","",0,FALSE
"linear_dense_n300_t03_r0009","MLFDR","ok","","",0.109999999999999,FALSE
"confounded_dense_n300_t03_r0009","HDMT","ok","ties should not be present for the one-sample Kolmogorov-Smirnov test","",0.0300000000000011,FALSE
"confounded_dense_n300_t03_r0009","MDACT","ok","ties should not be present for the one-sample Kolmogorov-Smirnov test","",0,FALSE
"confounded_dense_n300_t03_r0009","MLFDR","ok","","",0.140000000000001,FALSE
"binary_dense_n300_t03_r0009","HDMT","ok","","",0.0300000000000011,FALSE
"binary_dense_n300_t03_r0009","MDACT","ok","","",0.0200000000000031,FALSE
"binary_dense_n300_t03_r0009","MLFDR","ok","","",0.109999999999999,FALSE
"linear_sparse_n300_t01_r0010","HDMT","ok","ties should not be present for the one-sample Kolmogorov-Smirnov test","",0.00999999999999801,FALSE
"linear_sparse_n300_t01_r0010","MDACT","ok","ties should not be present for the one-sample Kolmogorov-Smirnov test","",0.0200000000000031,FALSE
"linear_sparse_n300_t01_r0010","MLFDR","ok","","",0.729999999999997,FALSE
"confounded_sparse_n300_t01_r0010","HDMT","ok","ties should not be present for the one-sample Kolmogorov-Smirnov test","",0.0300000000000011,FALSE
"confounded_sparse_n300_t01_r0010","MDACT","ok","ties should not be present for the one-sample Kolmogorov-Smirnov test","",0,FALSE
"confounded_sparse_n300_t01_r0010","MLFDR","ok","","",0.390000000000001,FALSE
"binary_sparse_n300_t01_r0010","HDMT","ok","","",0.00999999999999801,FALSE
"binary_sparse_n300_t01_r0010","MDACT","ok","","",0,FALSE
"binary_sparse_n300_t01_r0010","MLFDR","ok","","",0.199999999999996,FALSE
"linear_dense_n300_t01_r0010","HDMT","ok","ties should not be present for the one-sample Kolmogorov-Smirnov test","",0.00999999999999801,FALSE
"linear_dense_n300_t01_r0010","MDACT","ok","ties should not be present for the one-sample Kolmogorov-Smirnov test","",0.00999999999999801,FALSE
"linear_dense_n300_t01_r0010","MLFDR","ok","","",0.490000000000002,FALSE
"confounded_dense_n300_t01_r0010","HDMT","ok","ties should not be present for the one-sample Kolmogorov-Smirnov test","",0.029999999999994,FALSE
"confounded_dense_n300_t01_r0010","MDACT","ok","ties should not be present for the one-sample Kolmogorov-Smirnov test","",0,FALSE
"confounded_dense_n300_t01_r0010","MLFDR","ok","","",0.420000000000002,FALSE
"binary_dense_n300_t01_r0010","HDMT","ok","","",0.0300000000000011,FALSE
"binary_dense_n300_t01_r0010","MDACT","ok","","",0.00999999999999801,FALSE
"binary_dense_n300_t01_r0010","MLFDR","ok","","",0.200000000000003,FALSE
"linear_sparse_n300_t02_r0010","HDMT","ok","ties should not be present for the one-sample Kolmogorov-Smirnov test","",0.0399999999999991,FALSE
"linear_sparse_n300_t02_r0010","MDACT","ok","ties should not be present for the one-sample Kolmogorov-Smirnov test","",0.0200000000000031,FALSE
"linear_sparse_n300_t02_r0010","MLFDR","ok","","",1.13,FALSE
"confounded_sparse_n300_t02_r0010","HDMT","ok","ties should not be present for the one-sample Kolmogorov-Smirnov test","",0.0300000000000011,FALSE
"confounded_sparse_n300_t02_r0010","MDACT","ok","ties should not be present for the one-sample Kolmogorov-Smirnov test","",0.0200000000000031,FALSE
"confounded_sparse_n300_t02_r0010","MLFDR","ok","","",0.18,FALSE
"binary_sparse_n300_t02_r0010","HDMT","ok","","",0.019999999999996,FALSE
"binary_sparse_n300_t02_r0010","MDACT","ok","","",0.00999999999999801,FALSE
"binary_sparse_n300_t02_r0010","MLFDR","ok","","",0.219999999999999,FALSE
"linear_dense_n300_t02_r0010","HDMT","ok","ties should not be present for the one-sample Kolmogorov-Smirnov test","",0.029999999999994,FALSE
"linear_dense_n300_t02_r0010","MDACT","ok","ties should not be present for the one-sample Kolmogorov-Smirnov test","",0.00999999999999801,FALSE
"linear_dense_n300_t02_r0010","MLFDR","ok","","",0.170000000000002,FALSE
"confounded_dense_n300_t02_r0010","HDMT","ok","ties should not be present for the one-sample Kolmogorov-Smirnov test","",0.0300000000000011,FALSE
"confounded_dense_n300_t02_r0010","MDACT","ok","ties should not be present for the one-sample Kolmogorov-Smirnov test","",0.0200000000000031,FALSE
"confounded_dense_n300_t02_r0010","MLFDR","ok","","",0.399999999999999,FALSE
"binary_dense_n300_t02_r0010","HDMT","ok","","",0.0300000000000011,FALSE
"binary_dense_n300_t02_r0010","MDACT","ok","","",0,FALSE
"binary_dense_n300_t02_r0010","MLFDR","ok","","",0.200000000000003,FALSE
"linear_sparse_n300_t03_r0010","HDMT","ok","ties should not be present for the one-sample Kolmogorov-Smirnov test","",0.0300000000000011,FALSE
"linear_sparse_n300_t03_r0010","MDACT","ok","ties should not be present for the one-sample Kolmogorov-Smirnov test","",0.00999999999999801,FALSE
"linear_sparse_n300_t03_r0010","MLFDR","ok","","",0.170000000000002,FALSE
"confounded_sparse_n300_t03_r0010","HDMT","ok","ties should not be present for the one-sample Kolmogorov-Smirnov test","",0.0300000000000011,FALSE
"confounded_sparse_n300_t03_r0010","MDACT","ok","ties should not be present for the one-sample Kolmogorov-Smirnov test","",0.0200000000000031,FALSE
"confounded_sparse_n300_t03_r0010","MLFDR","ok","","",0.100000000000001,FALSE
"binary_sparse_n300_t03_r0010","HDMT","ok","","",0.0399999999999991,FALSE
"binary_sparse_n300_t03_r0010","MDACT","ok","","",0,FALSE
"binary_sparse_n300_t03_r0010","MLFDR","ok","","",0.210000000000001,FALSE
"linear_dense_n300_t03_r0010","HDMT","ok","ties should not be present for the one-sample Kolmogorov-Smirnov test","",0.0300000000000011,FALSE
"linear_dense_n300_t03_r0010","MDACT","ok","ties should not be present for the one-sample Kolmogorov-Smirnov test","",0.0200000000000031,FALSE
"linear_dense_n300_t03_r0010","MLFDR","ok","","",0.100000000000001,FALSE
"confounded_dense_n300_t03_r0010","HDMT","ok","ties should not be present for the one-sample Kolmogorov-Smirnov test","",0.00999999999999801,FALSE
"confounded_dense_n300_t03_r0010","MDACT","ok","ties should not be present for the one-sample Kolmogorov-Smirnov test","",0.00999999999999801,FALSE
"confounded_dense_n300_t03_r0010","MLFDR","ok","","",0.109999999999999,FALSE
"binary_dense_n300_t03_r0010","HDMT","ok","","",0.0300000000000011,FALSE
"binary_dense_n300_t03_r0010","MDACT","ok","","",0.00999999999999801,FALSE
"binary_dense_n300_t03_r0010","MLFDR","ok","","",0.139999999999993,FALSE
"linear_sparse_n300_t01_r0011","HDMT","ok","ties should not be present for the one-sample Kolmogorov-Smirnov test","",0.029999999999994,FALSE
"linear_sparse_n300_t01_r0011","MDACT","ok","ties should not be present for the one-sample Kolmogorov-Smirnov test","",0.00999999999999801,FALSE
"linear_sparse_n300_t01_r0011","MLFDR","ok","","",0.589999999999996,FALSE
"confounded_sparse_n300_t01_r0011","HDMT","ok","ties should not be present for the one-sample Kolmogorov-Smirnov test","",0.029999999999994,FALSE
"confounded_sparse_n300_t01_r0011","MDACT","ok","ties should not be present for the one-sample Kolmogorov-Smirnov test","",0,FALSE
"confounded_sparse_n300_t01_r0011","MLFDR","ok","","",2.14,FALSE
"binary_sparse_n300_t01_r0011","HDMT","ok","","",0.0300000000000011,FALSE
"binary_sparse_n300_t01_r0011","MDACT","ok","","",0.00999999999999801,FALSE
"binary_sparse_n300_t01_r0011","MLFDR","ok","","",0.359999999999999,FALSE
"linear_dense_n300_t01_r0011","HDMT","ok","ties should not be present for the one-sample Kolmogorov-Smirnov test","",0.0300000000000011,FALSE
"linear_dense_n300_t01_r0011","MDACT","ok","ties should not be present for the one-sample Kolmogorov-Smirnov test","",0,FALSE
"linear_dense_n300_t01_r0011","MLFDR","ok","","",0.280000000000001,FALSE
"confounded_dense_n300_t01_r0011","HDMT","ok","ties should not be present for the one-sample Kolmogorov-Smirnov test","",0.019999999999996,FALSE
"confounded_dense_n300_t01_r0011","MDACT","ok","ties should not be present for the one-sample Kolmogorov-Smirnov test","",0.0200000000000031,FALSE
"confounded_dense_n300_t01_r0011","MLFDR","ok","","",0.359999999999999,FALSE
"binary_dense_n300_t01_r0011","HDMT","ok","","",0.00999999999999801,FALSE
"binary_dense_n300_t01_r0011","MDACT","ok","","",0,FALSE
"binary_dense_n300_t01_r0011","MLFDR","ok","","",0.210000000000001,FALSE
"linear_sparse_n300_t02_r0011","HDMT","ok","ties should not be present for the one-sample Kolmogorov-Smirnov test","",0.029999999999994,FALSE
"linear_sparse_n300_t02_r0011","MDACT","ok","ties should not be present for the one-sample Kolmogorov-Smirnov test","",0,FALSE
"linear_sparse_n300_t02_r0011","MLFDR","ok","","",0.119999999999997,FALSE
"confounded_sparse_n300_t02_r0011","HDMT","ok","ties should not be present for the one-sample Kolmogorov-Smirnov test","",0.0300000000000011,FALSE
"confounded_sparse_n300_t02_r0011","MDACT","ok","ties should not be present for the one-sample Kolmogorov-Smirnov test","",0.019999999999996,FALSE
"confounded_sparse_n300_t02_r0011","MLFDR","ok","","",0.780000000000001,FALSE
"binary_sparse_n300_t02_r0011","HDMT","ok","","",0.0300000000000011,FALSE
"binary_sparse_n300_t02_r0011","MDACT","ok","","",0.00999999999999801,FALSE
"binary_sparse_n300_t02_r0011","MLFDR","ok","","",0.269999999999996,FALSE
"linear_dense_n300_t02_r0011","HDMT","ok","ties should not be present for the one-sample Kolmogorov-Smirnov test","",0.0300000000000011,FALSE
"linear_dense_n300_t02_r0011","MDACT","ok","ties should not be present for the one-sample Kolmogorov-Smirnov test","",0.019999999999996,FALSE
"linear_dense_n300_t02_r0011","MLFDR","ok","","",0.240000000000002,FALSE
"confounded_dense_n300_t02_r0011","HDMT","ok","ties should not be present for the one-sample Kolmogorov-Smirnov test","",0.0200000000000031,FALSE
"confounded_dense_n300_t02_r0011","MDACT","ok","ties should not be present for the one-sample Kolmogorov-Smirnov test","",0,FALSE
"confounded_dense_n300_t02_r0011","MLFDR","ok","","",0.280000000000001,FALSE
"binary_dense_n300_t02_r0011","HDMT","ok","","",0.0200000000000031,FALSE
"binary_dense_n300_t02_r0011","MDACT","ok","","",0.0200000000000031,FALSE
"binary_dense_n300_t02_r0011","MLFDR","ok","","",0.149999999999999,FALSE
"linear_sparse_n300_t03_r0011","HDMT","ok","ties should not be present for the one-sample Kolmogorov-Smirnov test","",0.0200000000000031,FALSE
"linear_sparse_n300_t03_r0011","MDACT","ok","ties should not be present for the one-sample Kolmogorov-Smirnov test","",0,FALSE
"linear_sparse_n300_t03_r0011","MLFDR","ok","","",0.25,FALSE
"confounded_sparse_n300_t03_r0011","HDMT","ok","ties should not be present for the one-sample Kolmogorov-Smirnov test","",0.0300000000000011,FALSE
"confounded_sparse_n300_t03_r0011","MDACT","ok","ties should not be present for the one-sample Kolmogorov-Smirnov test","",0.0100000000000051,FALSE
"confounded_sparse_n300_t03_r0011","MLFDR","ok","","",0.140000000000001,FALSE
"binary_sparse_n300_t03_r0011","HDMT","ok","","",0.0400000000000063,FALSE
"binary_sparse_n300_t03_r0011","MDACT","ok","","",0.019999999999996,FALSE
"binary_sparse_n300_t03_r0011","MLFDR","ok","","",0.329999999999998,FALSE
"linear_dense_n300_t03_r0011","HDMT","ok","ties should not be present for the one-sample Kolmogorov-Smirnov test","",0.029999999999994,FALSE
"linear_dense_n300_t03_r0011","MDACT","ok","ties should not be present for the one-sample Kolmogorov-Smirnov test","",0.0100000000000051,FALSE
"linear_dense_n300_t03_r0011","MLFDR","ok","","",0.0999999999999943,FALSE
"confounded_dense_n300_t03_r0011","HDMT","ok","ties should not be present for the one-sample Kolmogorov-Smirnov test","",0.0400000000000063,FALSE
"confounded_dense_n300_t03_r0011","MDACT","ok","ties should not be present for the one-sample Kolmogorov-Smirnov test","",0.019999999999996,FALSE
"confounded_dense_n300_t03_r0011","MLFDR","ok","","",0.169999999999987,FALSE
"binary_dense_n300_t03_r0011","HDMT","ok","","",0.019999999999996,FALSE
"binary_dense_n300_t03_r0011","MDACT","ok","","",0.019999999999996,FALSE
"binary_dense_n300_t03_r0011","MLFDR","ok","","",0.159999999999997,FALSE
"linear_sparse_n300_t01_r0012","HDMT","ok","ties should not be present for the one-sample Kolmogorov-Smirnov test","",0.0400000000000063,FALSE
"linear_sparse_n300_t01_r0012","MDACT","ok","ties should not be present for the one-sample Kolmogorov-Smirnov test","",0.019999999999996,FALSE
"linear_sparse_n300_t01_r0012","MLFDR","ok","","",0.280000000000001,FALSE
"confounded_sparse_n300_t01_r0012","HDMT","ok","ties should not be present for the one-sample Kolmogorov-Smirnov test","",0.019999999999996,FALSE
"confounded_sparse_n300_t01_r0012","MDACT","ok","ties should not be present for the one-sample Kolmogorov-Smirnov test","",0,FALSE
"confounded_sparse_n300_t01_r0012","MLFDR","ok","","",0.390000000000001,FALSE
"binary_sparse_n300_t01_r0012","HDMT","ok","","",0.0300000000000011,FALSE
"binary_sparse_n300_t01_r0012","MDACT","ok","","",0,FALSE
"binary_sparse_n300_t01_r0012","MLFDR","ok","","",0.299999999999997,FALSE
"linear_dense_n300_t01_r0012","HDMT","ok","ties should not be present for the one-sample Kolmogorov-Smirnov test","",0.0100000000000051,FALSE
"linear_dense_n300_t01_r0012","MDACT","ok","ties should not be present for the one-sample Kolmogorov-Smirnov test","",0,FALSE
"linear_dense_n300_t01_r0012","MLFDR","ok","","",0.310000000000002,FALSE
"confounded_dense_n300_t01_r0012","HDMT","ok","ties should not be present for the one-sample Kolmogorov-Smirnov test","",0.0300000000000011,FALSE
"confounded_dense_n300_t01_r0012","MDACT","ok","ties should not be present for the one-sample Kolmogorov-Smirnov test","",0.0100000000000051,FALSE
"confounded_dense_n300_t01_r0012","MLFDR","ok","","",0.429999999999993,FALSE
"binary_dense_n300_t01_r0012","HDMT","ok","","",0.0300000000000011,FALSE
"binary_dense_n300_t01_r0012","MDACT","ok","","",0,FALSE
"binary_dense_n300_t01_r0012","MLFDR","ok","","",0.260000000000005,FALSE
"linear_sparse_n300_t02_r0012","HDMT","ok","ties should not be present for the one-sample Kolmogorov-Smirnov test","",0.0200000000000102,FALSE
"linear_sparse_n300_t02_r0012","MDACT","ok","ties should not be present for the one-sample Kolmogorov-Smirnov test","",0,FALSE
"linear_sparse_n300_t02_r0012","MLFDR","ok","","",0.279999999999987,FALSE
"confounded_sparse_n300_t02_r0012","HDMT","ok","ties should not be present for the one-sample Kolmogorov-Smirnov test","",0.0299999999999869,FALSE
"confounded_sparse_n300_t02_r0012","MDACT","ok","ties should not be present for the one-sample Kolmogorov-Smirnov test","",0,FALSE
"confounded_sparse_n300_t02_r0012","MLFDR","ok","","",1.48,FALSE
"binary_sparse_n300_t02_r0012","HDMT","ok","","",0.0300000000000011,FALSE
"binary_sparse_n300_t02_r0012","MDACT","ok","","",0.0100000000000051,FALSE
"binary_sparse_n300_t02_r0012","MLFDR","ok","","",0.469999999999999,FALSE
"linear_dense_n300_t02_r0012","HDMT","ok","ties should not be present for the one-sample Kolmogorov-Smirnov test","",0.0300000000000011,FALSE
"linear_dense_n300_t02_r0012","MDACT","ok","ties should not be present for the one-sample Kolmogorov-Smirnov test","",0.00999999999999091,FALSE
"linear_dense_n300_t02_r0012","MLFDR","ok","","",0.219999999999999,FALSE
"confounded_dense_n300_t02_r0012","HDMT","ok","ties should not be present for the one-sample Kolmogorov-Smirnov test","",0.0300000000000011,FALSE
"confounded_dense_n300_t02_r0012","MDACT","ok","ties should not be present for the one-sample Kolmogorov-Smirnov test","",0.00999999999999091,FALSE
"confounded_dense_n300_t02_r0012","MLFDR","ok","","",0.189999999999998,FALSE
"binary_dense_n300_t02_r0012","HDMT","ok","","",0.0300000000000011,FALSE
"binary_dense_n300_t02_r0012","MDACT","ok","","",0,FALSE
"binary_dense_n300_t02_r0012","MLFDR","ok","","",0.25,FALSE
"linear_sparse_n300_t03_r0012","HDMT","ok","ties should not be present for the one-sample Kolmogorov-Smirnov test","",0.019999999999996,FALSE
"linear_sparse_n300_t03_r0012","MDACT","ok","ties should not be present for the one-sample Kolmogorov-Smirnov test","",0,FALSE
"linear_sparse_n300_t03_r0012","MLFDR","ok","","",0.159999999999997,FALSE
"confounded_sparse_n300_t03_r0012","HDMT","ok","ties should not be present for the one-sample Kolmogorov-Smirnov test","",0.0400000000000063,FALSE
"confounded_sparse_n300_t03_r0012","MDACT","ok","ties should not be present for the one-sample Kolmogorov-Smirnov test","",0.019999999999996,FALSE
"confounded_sparse_n300_t03_r0012","MLFDR","ok","","",0.280000000000001,FALSE
"binary_sparse_n300_t03_r0012","HDMT","ok","","",0.0300000000000011,FALSE
"binary_sparse_n300_t03_r0012","MDACT","ok","","",0,FALSE
"binary_sparse_n300_t03_r0012","MLFDR","ok","","",0.0700000000000074,FALSE
"linear_dense_n300_t03_r0012","HDMT","ok","ties should not be present for the one-sample Kolmogorov-Smirnov test","",0.019999999999996,FALSE
"linear_dense_n300_t03_r0012","MDACT","ok","ties should not be present for the one-sample Kolmogorov-Smirnov test","",0,FALSE
"linear_dense_n300_t03_r0012","MLFDR","ok","","",0.170000000000002,FALSE
"confounded_dense_n300_t03_r0012","HDMT","ok","ties should not be present for the one-sample Kolmogorov-Smirnov test","",0.0200000000000102,FALSE
"confounded_dense_n300_t03_r0012","MDACT","ok","ties should not be present for the one-sample Kolmogorov-Smirnov test","",0.0200000000000102,FALSE
"confounded_dense_n300_t03_r0012","MLFDR","ok","","",0.140000000000001,FALSE
"binary_dense_n300_t03_r0012","HDMT","ok","","",0.0300000000000011,FALSE
"binary_dense_n300_t03_r0012","MDACT","ok","","",0.0100000000000051,FALSE
"binary_dense_n300_t03_r0012","MLFDR","ok","","",0.110000000000014,FALSE
"linear_sparse_n300_t01_r0013","HDMT","ok","ties should not be present for the one-sample Kolmogorov-Smirnov test","",0.00999999999999091,FALSE
"linear_sparse_n300_t01_r0013","MDACT","ok","ties should not be present for the one-sample Kolmogorov-Smirnov test","",0,FALSE
"linear_sparse_n300_t01_r0013","MLFDR","ok","","",0.75,FALSE
"confounded_sparse_n300_t01_r0013","HDMT","ok","ties should not be present for the one-sample Kolmogorov-Smirnov test","",0.0300000000000011,FALSE
"confounded_sparse_n300_t01_r0013","MDACT","ok","ties should not be present for the one-sample Kolmogorov-Smirnov test","",0,FALSE
"confounded_sparse_n300_t01_r0013","MLFDR","ok","","",0.629999999999995,FALSE
"binary_sparse_n300_t01_r0013","HDMT","ok","","",0.0300000000000011,FALSE
"binary_sparse_n300_t01_r0013","MDACT","ok","","",0,FALSE
"binary_sparse_n300_t01_r0013","MLFDR","ok","","",0.320000000000007,FALSE
"linear_dense_n300_t01_r0013","HDMT","ok","ties should not be present for the one-sample Kolmogorov-Smirnov test","",0.0299999999999869,FALSE
"linear_dense_n300_t01_r0013","MDACT","ok","ties should not be present for the one-sample Kolmogorov-Smirnov test","",0,FALSE
"linear_dense_n300_t01_r0013","MLFDR","ok","","",0.199999999999989,FALSE
"confounded_dense_n300_t01_r0013","HDMT","ok","ties should not be present for the one-sample Kolmogorov-Smirnov test","",0.0200000000000102,FALSE
"confounded_dense_n300_t01_r0013","MDACT","ok","ties should not be present for the one-sample Kolmogorov-Smirnov test","",0,FALSE
"confounded_dense_n300_t01_r0013","MLFDR","ok","","",0.549999999999997,FALSE
"binary_dense_n300_t01_r0013","HDMT","ok","","",0.0300000000000011,FALSE
"binary_dense_n300_t01_r0013","MDACT","ok","","",0,FALSE
"binary_dense_n300_t01_r0013","MLFDR","ok","","",0.390000000000001,FALSE
"linear_sparse_n300_t02_r0013","HDMT","ok","ties should not be present for the one-sample Kolmogorov-Smirnov test","",0.0400000000000063,FALSE
"linear_sparse_n300_t02_r0013","MDACT","ok","ties should not be present for the one-sample Kolmogorov-Smirnov test","",0.019999999999996,FALSE
"linear_sparse_n300_t02_r0013","MLFDR","ok","","",0.469999999999999,FALSE
"confounded_sparse_n300_t02_r0013","HDMT","ok","ties should not be present for the one-sample Kolmogorov-Smirnov test","",0.0400000000000063,FALSE
"confounded_sparse_n300_t02_r0013","MDACT","ok","ties should not be present for the one-sample Kolmogorov-Smirnov test","",0,FALSE
"confounded_sparse_n300_t02_r0013","MLFDR","ok","","",0.140000000000001,FALSE
"binary_sparse_n300_t02_r0013","HDMT","ok","","",0.0400000000000063,FALSE
"binary_sparse_n300_t02_r0013","MDACT","ok","","",0.019999999999996,FALSE
"binary_sparse_n300_t02_r0013","MLFDR","ok","","",0.719999999999999,FALSE
"linear_dense_n300_t02_r0013","HDMT","ok","ties should not be present for the one-sample Kolmogorov-Smirnov test","",0.0300000000000011,FALSE
"linear_dense_n300_t02_r0013","MDACT","ok","ties should not be present for the one-sample Kolmogorov-Smirnov test","",0,FALSE
"linear_dense_n300_t02_r0013","MLFDR","ok","","",0.219999999999999,FALSE
"confounded_dense_n300_t02_r0013","HDMT","ok","ties should not be present for the one-sample Kolmogorov-Smirnov test","",0.0300000000000011,FALSE
"confounded_dense_n300_t02_r0013","MDACT","ok","ties should not be present for the one-sample Kolmogorov-Smirnov test","",0.0100000000000051,FALSE
"confounded_dense_n300_t02_r0013","MLFDR","ok","","",0.230000000000004,FALSE
"binary_dense_n300_t02_r0013","HDMT","ok","","",0.019999999999996,FALSE
"binary_dense_n300_t02_r0013","MDACT","ok","","",0.019999999999996,FALSE
"binary_dense_n300_t02_r0013","MLFDR","ok","","",0.329999999999998,FALSE
"linear_sparse_n300_t03_r0013","HDMT","ok","ties should not be present for the one-sample Kolmogorov-Smirnov test","",0.0300000000000011,FALSE
"linear_sparse_n300_t03_r0013","MDACT","ok","ties should not be present for the one-sample Kolmogorov-Smirnov test","",0.0200000000000102,FALSE
"linear_sparse_n300_t03_r0013","MLFDR","ok","","",0.0999999999999943,FALSE
"confounded_sparse_n300_t03_r0013","HDMT","ok","ties should not be present for the one-sample Kolmogorov-Smirnov test","",0.0299999999999869,FALSE
"confounded_sparse_n300_t03_r0013","MDACT","ok","ties should not be present for the one-sample Kolmogorov-Smirnov test","",0,FALSE
"confounded_sparse_n300_t03_r0013","MLFDR","ok","","",0.0499999999999972,FALSE
"binary_sparse_n300_t03_r0013","HDMT","ok","","",0.0100000000000051,FALSE
"binary_sparse_n300_t03_r0013","MDACT","ok","","",0,FALSE
"binary_sparse_n300_t03_r0013","MLFDR","ok","","",0.280000000000001,FALSE
"linear_dense_n300_t03_r0013","HDMT","ok","ties should not be present for the one-sample Kolmogorov-Smirnov test","",0.0100000000000051,FALSE
"linear_dense_n300_t03_r0013","MDACT","ok","ties should not be present for the one-sample Kolmogorov-Smirnov test","",0,FALSE
"linear_dense_n300_t03_r0013","MLFDR","ok","","",0.120000000000005,FALSE
"confounded_dense_n300_t03_r0013","HDMT","ok","ties should not be present for the one-sample Kolmogorov-Smirnov test","",0.00999999999999091,FALSE
"confounded_dense_n300_t03_r0013","MDACT","ok","ties should not be present for the one-sample Kolmogorov-Smirnov test","",0,FALSE
"confounded_dense_n300_t03_r0013","MLFDR","ok","","",0.109999999999999,FALSE
"binary_dense_n300_t03_r0013","HDMT","ok","","",0.0300000000000011,FALSE
"binary_dense_n300_t03_r0013","MDACT","ok","","",0.0100000000000051,FALSE
"binary_dense_n300_t03_r0013","MLFDR","ok","","",0.140000000000001,FALSE
"linear_sparse_n300_t01_r0014","HDMT","ok","ties should not be present for the one-sample Kolmogorov-Smirnov test","",0.0300000000000011,FALSE
"linear_sparse_n300_t01_r0014","MDACT","ok","ties should not be present for the one-sample Kolmogorov-Smirnov test","",0.00999999999999091,FALSE
"linear_sparse_n300_t01_r0014","MLFDR","ok","","",0.519999999999996,FALSE
"confounded_sparse_n300_t01_r0014","HDMT","ok","ties should not be present for the one-sample Kolmogorov-Smirnov test","",0.0400000000000063,FALSE
"confounded_sparse_n300_t01_r0014","MDACT","ok","ties should not be present for the one-sample Kolmogorov-Smirnov test","",0.019999999999996,FALSE
"confounded_sparse_n300_t01_r0014","MLFDR","ok","","",0.890000000000001,FALSE
"binary_sparse_n300_t01_r0014","HDMT","ok","","",0.00999999999999091,FALSE
"binary_sparse_n300_t01_r0014","MDACT","ok","","",0.019999999999996,FALSE
"binary_sparse_n300_t01_r0014","MLFDR","ok","","",0.390000000000001,FALSE
"linear_dense_n300_t01_r0014","HDMT","ok","ties should not be present for the one-sample Kolmogorov-Smirnov test","",0.0300000000000011,FALSE
"linear_dense_n300_t01_r0014","MDACT","ok","ties should not be present for the one-sample Kolmogorov-Smirnov test","",0.0100000000000051,FALSE
"linear_dense_n300_t01_r0014","MLFDR","ok","","",0.759999999999991,FALSE
"confounded_dense_n300_t01_r0014","HDMT","ok","ties should not be present for the one-sample Kolmogorov-Smirnov test","",0.019999999999996,FALSE
"confounded_dense_n300_t01_r0014","MDACT","ok","ties should not be present for the one-sample Kolmogorov-Smirnov test","",0.00999999999999091,FALSE
"confounded_dense_n300_t01_r0014","MLFDR","ok","","",0.280000000000001,FALSE
"binary_dense_n300_t01_r0014","HDMT","ok","","",0.0300000000000011,FALSE
"binary_dense_n300_t01_r0014","MDACT","ok","","",0,FALSE
"binary_dense_n300_t01_r0014","MLFDR","ok","","",0.299999999999997,FALSE
"linear_sparse_n300_t02_r0014","HDMT","ok","ties should not be present for the one-sample Kolmogorov-Smirnov test","",0.0300000000000011,FALSE
"linear_sparse_n300_t02_r0014","MDACT","ok","ties should not be present for the one-sample Kolmogorov-Smirnov test","",0.0100000000000051,FALSE
"linear_sparse_n300_t02_r0014","MLFDR","ok","","",0.149999999999991,FALSE
"confounded_sparse_n300_t02_r0014","HDMT","ok","ties should not be present for the one-sample Kolmogorov-Smirnov test","",0.0299999999999869,FALSE
"confounded_sparse_n300_t02_r0014","MDACT","ok","ties should not be present for the one-sample Kolmogorov-Smirnov test","",0.00999999999999091,FALSE
"confounded_sparse_n300_t02_r0014","MLFDR","ok","","",0.140000000000001,FALSE
"binary_sparse_n300_t02_r0014","HDMT","ok","","",0.00999999999999091,FALSE
"binary_sparse_n300_t02_r0014","MDACT","ok","","",0.019999999999996,FALSE
"binary_sparse_n300_t02_r0014","MLFDR","ok","","",0.780000000000001,FALSE
"linear_dense_n300_t02_r0014","HDMT","ok","ties should not be present for the one-sample Kolmogorov-Smirnov test","",0.0400000000000063,FALSE
"linear_dense_n300_t02_r0014","MDACT","ok","ties should not be present for the one-sample Kolmogorov-Smirnov test","",0.019999999999996,FALSE
"linear_dense_n300_t02_r0014","MLFDR","ok","","",0.189999999999998,FALSE
"confounded_dense_n300_t02_r0014","HDMT","ok","ties should not be present for the one-sample Kolmogorov-Smirnov test","",0.0300000000000011,FALSE
"confounded_dense_n300_t02_r0014","MDACT","ok","ties should not be present for the one-sample Kolmogorov-Smirnov test","",0,FALSE
"confounded_dense_n300_t02_r0014","MLFDR","ok","","",0.22999999999999,FALSE
"binary_dense_n300_t02_r0014","HDMT","ok","","",0.0300000000000011,FALSE
"binary_dense_n300_t02_r0014","MDACT","ok","","",0.0100000000000051,FALSE
"binary_dense_n300_t02_r0014","MLFDR","ok","","",0.259999999999991,FALSE
"linear_sparse_n300_t03_r0014","HDMT","ok","ties should not be present for the one-sample Kolmogorov-Smirnov test","",0.019999999999996,FALSE
"linear_sparse_n300_t03_r0014","MDACT","ok","ties should not be present for the one-sample Kolmogorov-Smirnov test","",0,FALSE
"linear_sparse_n300_t03_r0014","MLFDR","ok","","",0.189999999999998,FALSE
"confounded_sparse_n300_t03_r0014","HDMT","ok","ties should not be present for the one-sample Kolmogorov-Smirnov test","",0.019999999999996,FALSE
"confounded_sparse_n300_t03_r0014","MDACT","ok","ties should not be present for the one-sample Kolmogorov-Smirnov test","",0,FALSE
"confounded_sparse_n300_t03_r0014","MLFDR","ok","","",0.299999999999997,FALSE
"binary_sparse_n300_t03_r0014","HDMT","ok","","",0.0299999999999869,FALSE
"binary_sparse_n300_t03_r0014","MDACT","ok","","",0,FALSE
"binary_sparse_n300_t03_r0014","MLFDR","ok","","",0.319999999999993,FALSE
"linear_dense_n300_t03_r0014","HDMT","ok","ties should not be present for the one-sample Kolmogorov-Smirnov test","",0.019999999999996,FALSE
"linear_dense_n300_t03_r0014","MDACT","ok","ties should not be present for the one-sample Kolmogorov-Smirnov test","",0,FALSE
"linear_dense_n300_t03_r0014","MLFDR","ok","","",0.200000000000003,FALSE
"confounded_dense_n300_t03_r0014","HDMT","ok","ties should not be present for the one-sample Kolmogorov-Smirnov test","",0.0300000000000011,FALSE
"confounded_dense_n300_t03_r0014","MDACT","ok","ties should not be present for the one-sample Kolmogorov-Smirnov test","",0.019999999999996,FALSE
"confounded_dense_n300_t03_r0014","MLFDR","ok","","",0.140000000000001,FALSE
"binary_dense_n300_t03_r0014","HDMT","ok","","",0.019999999999996,FALSE
"binary_dense_n300_t03_r0014","MDACT","ok","","",0,FALSE
"binary_dense_n300_t03_r0014","MLFDR","ok","","",0.0900000000000034,FALSE
"linear_sparse_n300_t01_r0015","HDMT","ok","ties should not be present for the one-sample Kolmogorov-Smirnov test","",0.0100000000000051,FALSE
"linear_sparse_n300_t01_r0015","MDACT","ok","ties should not be present for the one-sample Kolmogorov-Smirnov test","",0.00999999999999091,FALSE
"linear_sparse_n300_t01_r0015","MLFDR","ok","","",0.219999999999999,FALSE
"confounded_sparse_n300_t01_r0015","HDMT","ok","ties should not be present for the one-sample Kolmogorov-Smirnov test","",0.0300000000000011,FALSE
"confounded_sparse_n300_t01_r0015","MDACT","ok","ties should not be present for the one-sample Kolmogorov-Smirnov test","",0.019999999999996,FALSE
"confounded_sparse_n300_t01_r0015","MLFDR","ok","","",0.390000000000001,FALSE
"binary_sparse_n300_t01_r0015","HDMT","ok","","",0.0300000000000011,FALSE
"binary_sparse_n300_t01_r0015","MDACT","ok","","",0.0100000000000051,FALSE
"binary_sparse_n300_t01_r0015","MLFDR","ok","","",0.390000000000001,FALSE
"linear_dense_n300_t01_r0015","HDMT","ok","ties should not be present for the one-sample Kolmogorov-Smirnov test","",0.0300000000000011,FALSE
"linear_dense_n300_t01_r0015","MDACT","ok","ties should not be present for the one-sample Kolmogorov-Smirnov test","",0.0100000000000051,FALSE
"linear_dense_n300_t01_r0015","MLFDR","ok","","",0.359999999999999,FALSE
"confounded_dense_n300_t01_r0015","HDMT","ok","ties should not be present for the one-sample Kolmogorov-Smirnov test","",0.0300000000000011,FALSE
"confounded_dense_n300_t01_r0015","MDACT","ok","ties should not be present for the one-sample Kolmogorov-Smirnov test","",0.00999999999999091,FALSE
"confounded_dense_n300_t01_r0015","MLFDR","ok","","",0.47999999999999,FALSE
"binary_dense_n300_t01_r0015","HDMT","ok","","",0.019999999999996,FALSE
"binary_dense_n300_t01_r0015","MDACT","ok","","",0,FALSE
"binary_dense_n300_t01_r0015","MLFDR","ok","","",0.219999999999999,FALSE
"linear_sparse_n300_t02_r0015","HDMT","ok","ties should not be present for the one-sample Kolmogorov-Smirnov test","",0.0299999999999869,FALSE
"linear_sparse_n300_t02_r0015","MDACT","ok","ties should not be present for the one-sample Kolmogorov-Smirnov test","",0,FALSE
"linear_sparse_n300_t02_r0015","MLFDR","ok","","",0.199999999999989,FALSE
"confounded_sparse_n300_t02_r0015","HDMT","ok","ties should not be present for the one-sample Kolmogorov-Smirnov test","",0.0299999999999869,FALSE
"confounded_sparse_n300_t02_r0015","MDACT","ok","ties should not be present for the one-sample Kolmogorov-Smirnov test","",0,FALSE
"confounded_sparse_n300_t02_r0015","MLFDR","ok","","",0.320000000000007,FALSE
"binary_sparse_n300_t02_r0015","HDMT","ok","","",0.0100000000000051,FALSE
"binary_sparse_n300_t02_r0015","MDACT","ok","","",0,FALSE
"binary_sparse_n300_t02_r0015","MLFDR","ok","","",0.170000000000002,FALSE
"linear_dense_n300_t02_r0015","HDMT","ok","ties should not be present for the one-sample Kolmogorov-Smirnov test","",0.0300000000000011,FALSE
"linear_dense_n300_t02_r0015","MDACT","ok","ties should not be present for the one-sample Kolmogorov-Smirnov test","",0.0700000000000074,FALSE
"linear_dense_n300_t02_r0015","MLFDR","ok","","",0.239999999999995,FALSE
"confounded_dense_n300_t02_r0015","HDMT","ok","ties should not be present for the one-sample Kolmogorov-Smirnov test","",0.00999999999999091,FALSE
"confounded_dense_n300_t02_r0015","MDACT","ok","ties should not be present for the one-sample Kolmogorov-Smirnov test","",0.019999999999996,FALSE
"confounded_dense_n300_t02_r0015","MLFDR","ok","","",0.170000000000002,FALSE
"binary_dense_n300_t02_r0015","HDMT","ok","","",0.019999999999996,FALSE
"binary_dense_n300_t02_r0015","MDACT","ok","","",0,FALSE
"binary_dense_n300_t02_r0015","MLFDR","ok","","",0.11999999999999,FALSE
"linear_sparse_n300_t03_r0015","HDMT","ok","ties should not be present for the one-sample Kolmogorov-Smirnov test","",0.0200000000000102,FALSE
"linear_sparse_n300_t03_r0015","MDACT","ok","ties should not be present for the one-sample Kolmogorov-Smirnov test","",0.0100000000000051,FALSE
"linear_sparse_n300_t03_r0015","MLFDR","ok","","",0.390000000000001,FALSE
"confounded_sparse_n300_t03_r0015","HDMT","ok","ties should not be present for the one-sample Kolmogorov-Smirnov test","",0.0300000000000011,FALSE
"confounded_sparse_n300_t03_r0015","MDACT","ok","ties should not be present for the one-sample Kolmogorov-Smirnov test","",0.019999999999996,FALSE
"confounded_sparse_n300_t03_r0015","MLFDR","ok","","",0.110000000000014,FALSE
"binary_sparse_n300_t03_r0015","HDMT","ok","","",0.0100000000000051,FALSE
"binary_sparse_n300_t03_r0015","MDACT","ok","","",0.0200000000000102,FALSE
"binary_sparse_n300_t03_r0015","MLFDR","ok","","",0.200000000000003,FALSE
"linear_dense_n300_t03_r0015","HDMT","ok","ties should not be present for the one-sample Kolmogorov-Smirnov test","",0.00999999999999091,FALSE
"linear_dense_n300_t03_r0015","MDACT","ok","ties should not be present for the one-sample Kolmogorov-Smirnov test","",0.019999999999996,FALSE
"linear_dense_n300_t03_r0015","MLFDR","ok","","",0.140000000000001,FALSE
"confounded_dense_n300_t03_r0015","HDMT","ok","ties should not be present for the one-sample Kolmogorov-Smirnov test","",0.0100000000000051,FALSE
"confounded_dense_n300_t03_r0015","MDACT","ok","ties should not be present for the one-sample Kolmogorov-Smirnov test","",0.019999999999996,FALSE
"confounded_dense_n300_t03_r0015","MLFDR","ok","","",0.210000000000008,FALSE
"binary_dense_n300_t03_r0015","HDMT","ok","","",0.0300000000000011,FALSE
"binary_dense_n300_t03_r0015","MDACT","ok","","",0.0100000000000051,FALSE
"binary_dense_n300_t03_r0015","MLFDR","ok","","",0.220000000000013,FALSE
"linear_sparse_n300_t01_r0016","HDMT","ok","ties should not be present for the one-sample Kolmogorov-Smirnov test","",0.0100000000000051,FALSE
"linear_sparse_n300_t01_r0016","MDACT","ok","ties should not be present for the one-sample Kolmogorov-Smirnov test","",0,FALSE
"linear_sparse_n300_t01_r0016","MLFDR","ok","","",2.64,FALSE
"confounded_sparse_n300_t01_r0016","HDMT","ok","ties should not be present for the one-sample Kolmogorov-Smirnov test","",0.0300000000000011,FALSE
"confounded_sparse_n300_t01_r0016","MDACT","ok","ties should not be present for the one-sample Kolmogorov-Smirnov test","",0.0200000000000102,FALSE
"confounded_sparse_n300_t01_r0016","MLFDR","ok","","",0.310000000000002,FALSE
"binary_sparse_n300_t01_r0016","HDMT","ok","","",0.0200000000000102,FALSE
"binary_sparse_n300_t01_r0016","MDACT","ok","","",0,FALSE
"binary_sparse_n300_t01_r0016","MLFDR","ok","","",0.569999999999993,FALSE
"linear_dense_n300_t01_r0016","HDMT","ok","ties should not be present for the one-sample Kolmogorov-Smirnov test","",0.0300000000000011,FALSE
"linear_dense_n300_t01_r0016","MDACT","ok","ties should not be present for the one-sample Kolmogorov-Smirnov test","",0,FALSE
"linear_dense_n300_t01_r0016","MLFDR","ok","","",0.780000000000001,FALSE
"confounded_dense_n300_t01_r0016","HDMT","ok","ties should not be present for the one-sample Kolmogorov-Smirnov test","",0.0100000000000051,FALSE
"confounded_dense_n300_t01_r0016","MDACT","ok","ties should not be present for the one-sample Kolmogorov-Smirnov test","",0,FALSE
"confounded_dense_n300_t01_r0016","MLFDR","ok","","",0.280000000000001,FALSE
"binary_dense_n300_t01_r0016","HDMT","ok","","",0.0300000000000011,FALSE
"binary_dense_n300_t01_r0016","MDACT","ok","","",0.0100000000000051,FALSE
"binary_dense_n300_t01_r0016","MLFDR","ok","","",0.560000000000002,FALSE
"linear_sparse_n300_t02_r0016","HDMT","ok","ties should not be present for the one-sample Kolmogorov-Smirnov test","",0.0300000000000011,FALSE
"linear_sparse_n300_t02_r0016","MDACT","ok","ties should not be present for the one-sample Kolmogorov-Smirnov test","",0.0200000000000102,FALSE
"linear_sparse_n300_t02_r0016","MLFDR","ok","","",0.150000000000006,FALSE
"confounded_sparse_n300_t02_r0016","HDMT","ok","ties should not be present for the one-sample Kolmogorov-Smirnov test","",0.0100000000000051,FALSE
"confounded_sparse_n300_t02_r0016","MDACT","ok","ties should not be present for the one-sample Kolmogorov-Smirnov test","",0,FALSE
"confounded_sparse_n300_t02_r0016","MLFDR","ok","","",0.180000000000007,FALSE
"binary_sparse_n300_t02_r0016","HDMT","ok","","",0.0200000000000102,FALSE
"binary_sparse_n300_t02_r0016","MDACT","ok","","",0.019999999999996,FALSE
"binary_sparse_n300_t02_r0016","MLFDR","ok","","",0.140000000000001,FALSE
"linear_dense_n300_t02_r0016","HDMT","ok","ties should not be present for the one-sample Kolmogorov-Smirnov test","",0.019999999999996,FALSE
"linear_dense_n300_t02_r0016","MDACT","ok","ties should not be present for the one-sample Kolmogorov-Smirnov test","",0,FALSE
"linear_dense_n300_t02_r0016","MLFDR","ok","","",0.319999999999993,FALSE
"confounded_dense_n300_t02_r0016","HDMT","ok","ties should not be present for the one-sample Kolmogorov-Smirnov test","",0.0300000000000011,FALSE
"confounded_dense_n300_t02_r0016","MDACT","ok","ties should not be present for the one-sample Kolmogorov-Smirnov test","",0,FALSE
"confounded_dense_n300_t02_r0016","MLFDR","ok","","",0.239999999999995,FALSE
"binary_dense_n300_t02_r0016","HDMT","ok","","",0.0300000000000011,FALSE
"binary_dense_n300_t02_r0016","MDACT","ok","","",0.019999999999996,FALSE
"binary_dense_n300_t02_r0016","MLFDR","ok","","",0.290000000000006,FALSE
"linear_sparse_n300_t03_r0016","HDMT","ok","ties should not be present for the one-sample Kolmogorov-Smirnov test","",0.0400000000000063,FALSE
"linear_sparse_n300_t03_r0016","MDACT","ok","ties should not be present for the one-sample Kolmogorov-Smirnov test","",0.019999999999996,FALSE
"linear_sparse_n300_t03_r0016","MLFDR","ok","","",0.159999999999997,FALSE
"confounded_sparse_n300_t03_r0016","HDMT","ok","ties should not be present for the one-sample Kolmogorov-Smirnov test","",0.019999999999996,FALSE
"confounded_sparse_n300_t03_r0016","MDACT","ok","ties should not be present for the one-sample Kolmogorov-Smirnov test","",0.00999999999999091,FALSE
"confounded_sparse_n300_t03_r0016","MLFDR","ok","","",0.420000000000002,FALSE
"binary_sparse_n300_t03_r0016","HDMT","ok","","",0.0300000000000011,FALSE
"binary_sparse_n300_t03_r0016","MDACT","ok","","",0.0200000000000102,FALSE
"binary_sparse_n300_t03_r0016","MLFDR","ok","","",0.140000000000001,FALSE
"linear_dense_n300_t03_r0016","HDMT","ok","ties should not be present for the one-sample Kolmogorov-Smirnov test","",0.019999999999996,FALSE
"linear_dense_n300_t03_r0016","MDACT","ok","ties should not be present for the one-sample Kolmogorov-Smirnov test","",0,FALSE
"linear_dense_n300_t03_r0016","MLFDR","ok","","",0.200000000000003,FALSE
"confounded_dense_n300_t03_r0016","HDMT","ok","ties should not be present for the one-sample Kolmogorov-Smirnov test","",0.019999999999996,FALSE
"confounded_dense_n300_t03_r0016","MDACT","ok","ties should not be present for the one-sample Kolmogorov-Smirnov test","",0,FALSE
"confounded_dense_n300_t03_r0016","MLFDR","ok","","",0.200000000000003,FALSE
"binary_dense_n300_t03_r0016","HDMT","ok","","",0.019999999999996,FALSE
"binary_dense_n300_t03_r0016","MDACT","ok","","",0,FALSE
"binary_dense_n300_t03_r0016","MLFDR","ok","","",0.109999999999999,FALSE
"linear_sparse_n300_t01_r0017","HDMT","ok","ties should not be present for the one-sample Kolmogorov-Smirnov test","",0.0200000000000102,FALSE
"linear_sparse_n300_t01_r0017","MDACT","ok","ties should not be present for the one-sample Kolmogorov-Smirnov test","",0.019999999999996,FALSE
"linear_sparse_n300_t01_r0017","MLFDR","ok","","",4.75,FALSE
"confounded_sparse_n300_t01_r0017","HDMT","ok","ties should not be present for the one-sample Kolmogorov-Smirnov test","",0.0300000000000011,FALSE
"confounded_sparse_n300_t01_r0017","MDACT","ok","ties should not be present for the one-sample Kolmogorov-Smirnov test","",0.0100000000000051,FALSE
"confounded_sparse_n300_t01_r0017","MLFDR","ok","","",0.170000000000002,FALSE
"binary_sparse_n300_t01_r0017","HDMT","ok","","",0.0400000000000063,FALSE
"binary_sparse_n300_t01_r0017","MDACT","ok","","",0.019999999999996,FALSE
"binary_sparse_n300_t01_r0017","MLFDR","ok","","",0.469999999999999,FALSE
"linear_dense_n300_t01_r0017","HDMT","ok","ties should not be present for the one-sample Kolmogorov-Smirnov test","",0.0200000000000102,FALSE
"linear_dense_n300_t01_r0017","MDACT","ok","ties should not be present for the one-sample Kolmogorov-Smirnov test","",0.0100000000000051,FALSE
"linear_dense_n300_t01_r0017","MLFDR","ok","","",0.25,FALSE
"confounded_dense_n300_t01_r0017","HDMT","ok","ties should not be present for the one-sample Kolmogorov-Smirnov test","",0.019999999999996,FALSE
"confounded_dense_n300_t01_r0017","MDACT","ok","ties should not be present for the one-sample Kolmogorov-Smirnov test","",0,FALSE
"confounded_dense_n300_t01_r0017","MLFDR","ok","","",0.5,FALSE
"binary_dense_n300_t01_r0017","HDMT","ok","","",0.0300000000000011,FALSE
"binary_dense_n300_t01_r0017","MDACT","ok","","",0.0100000000000051,FALSE
"binary_dense_n300_t01_r0017","MLFDR","ok","","",0.539999999999992,FALSE
"linear_sparse_n300_t02_r0017","HDMT","ok","ties should not be present for the one-sample Kolmogorov-Smirnov test","",0.0299999999999869,FALSE
"linear_sparse_n300_t02_r0017","MDACT","ok","ties should not be present for the one-sample Kolmogorov-Smirnov test","",0.019999999999996,FALSE
"linear_sparse_n300_t02_r0017","MLFDR","ok","","",0.870000000000005,FALSE
"confounded_sparse_n300_t02_r0017","HDMT","ok","ties should not be present for the one-sample Kolmogorov-Smirnov test","",0.019999999999996,FALSE
"confounded_sparse_n300_t02_r0017","MDACT","ok","ties should not be present for the one-sample Kolmogorov-Smirnov test","",0.019999999999996,FALSE
"confounded_sparse_n300_t02_r0017","MLFDR","ok","","",0.439999999999998,FALSE
"binary_sparse_n300_t02_r0017","HDMT","ok","","",0.0300000000000011,FALSE
"binary_sparse_n300_t02_r0017","MDACT","ok","","",0.0100000000000051,FALSE
"binary_sparse_n300_t02_r0017","MLFDR","ok","","",0.170000000000002,FALSE
"linear_dense_n300_t02_r0017","HDMT","ok","ties should not be present for the one-sample Kolmogorov-Smirnov test","",0.0300000000000011,FALSE
"linear_dense_n300_t02_r0017","MDACT","ok","ties should not be present for the one-sample Kolmogorov-Smirnov test","",0,FALSE
"linear_dense_n300_t02_r0017","MLFDR","ok","","",0.430000000000007,FALSE
"confounded_dense_n300_t02_r0017","HDMT","ok","ties should not be present for the one-sample Kolmogorov-Smirnov test","",0.0200000000000102,FALSE
"confounded_dense_n300_t02_r0017","MDACT","ok","ties should not be present for the one-sample Kolmogorov-Smirnov test","",0,FALSE
"confounded_dense_n300_t02_r0017","MLFDR","ok","","",0.279999999999987,FALSE
"binary_dense_n300_t02_r0017","HDMT","ok","","",0.0299999999999869,FALSE
"binary_dense_n300_t02_r0017","MDACT","ok","","",0,FALSE
"binary_dense_n300_t02_r0017","MLFDR","ok","","",0.339999999999989,FALSE
"linear_sparse_n300_t03_r0017","HDMT","ok","ties should not be present for the one-sample Kolmogorov-Smirnov test","",0.0299999999999869,FALSE
"linear_sparse_n300_t03_r0017","MDACT","ok","ties should not be present for the one-sample Kolmogorov-Smirnov test","",0,FALSE
"linear_sparse_n300_t03_r0017","MLFDR","ok","","",0.290000000000006,FALSE
"confounded_sparse_n300_t03_r0017","HDMT","ok","ties should not be present for the one-sample Kolmogorov-Smirnov test","",0.0400000000000063,FALSE
"confounded_sparse_n300_t03_r0017","MDACT","ok","ties should not be present for the one-sample Kolmogorov-Smirnov test","",0.019999999999996,FALSE
"confounded_sparse_n300_t03_r0017","MLFDR","ok","","",0.169999999999987,FALSE
"binary_sparse_n300_t03_r0017","HDMT","ok","","",0.0400000000000063,FALSE
"binary_sparse_n300_t03_r0017","MDACT","ok","","",0.019999999999996,FALSE
"binary_sparse_n300_t03_r0017","MLFDR","ok","","",0.129999999999995,FALSE
"linear_dense_n300_t03_r0017","HDMT","ok","ties should not be present for the one-sample Kolmogorov-Smirnov test","",0.019999999999996,FALSE
"linear_dense_n300_t03_r0017","MDACT","ok","ties should not be present for the one-sample Kolmogorov-Smirnov test","",0.019999999999996,FALSE
"linear_dense_n300_t03_r0017","MLFDR","ok","","",0.140000000000001,FALSE
"confounded_dense_n300_t03_r0017","HDMT","ok","ties should not be present for the one-sample Kolmogorov-Smirnov test","",0.0300000000000011,FALSE
"confounded_dense_n300_t03_r0017","MDACT","ok","ties should not be present for the one-sample Kolmogorov-Smirnov test","",0.0100000000000051,FALSE
"confounded_dense_n300_t03_r0017","MLFDR","ok","","",0.149999999999991,FALSE
"binary_dense_n300_t03_r0017","HDMT","ok","","",0.0300000000000011,FALSE
"binary_dense_n300_t03_r0017","MDACT","ok","","",0.0100000000000051,FALSE
"binary_dense_n300_t03_r0017","MLFDR","ok","","",0.109999999999999,FALSE
"linear_sparse_n300_t01_r0018","HDMT","ok","ties should not be present for the one-sample Kolmogorov-Smirnov test","",0.00999999999999091,FALSE
"linear_sparse_n300_t01_r0018","MDACT","ok","ties should not be present for the one-sample Kolmogorov-Smirnov test","",0,FALSE
"linear_sparse_n300_t01_r0018","MLFDR","ok","","",0.510000000000005,FALSE
"confounded_sparse_n300_t01_r0018","HDMT","ok","ties should not be present for the one-sample Kolmogorov-Smirnov test","",0.0400000000000063,FALSE
"confounded_sparse_n300_t01_r0018","MDACT","ok","ties should not be present for the one-sample Kolmogorov-Smirnov test","",0.019999999999996,FALSE
"confounded_sparse_n300_t01_r0018","MLFDR","ok","","",0.989999999999995,FALSE
"binary_sparse_n300_t01_r0018","HDMT","ok","","",0.0300000000000011,FALSE
"binary_sparse_n300_t01_r0018","MDACT","ok","","",0,FALSE
"binary_sparse_n300_t01_r0018","MLFDR","ok","","",0.170000000000002,FALSE
"linear_dense_n300_t01_r0018","HDMT","ok","ties should not be present for the one-sample Kolmogorov-Smirnov test","",0.0300000000000011,FALSE
"linear_dense_n300_t01_r0018","MDACT","ok","ties should not be present for the one-sample Kolmogorov-Smirnov test","",0,FALSE
"linear_dense_n300_t01_r0018","MLFDR","ok","","",0.450000000000003,FALSE
"confounded_dense_n300_t01_r0018","HDMT","ok","ties should not be present for the one-sample Kolmogorov-Smirnov test","",0.0300000000000011,FALSE
"confounded_dense_n300_t01_r0018","MDACT","ok","ties should not be present for the one-sample Kolmogorov-Smirnov test","",0,FALSE
"confounded_dense_n300_t01_r0018","MLFDR","ok","","",0.439999999999998,FALSE
"binary_dense_n300_t01_r0018","HDMT","ok","","",0.019999999999996,FALSE
"binary_dense_n300_t01_r0018","MDACT","ok","","",0.019999999999996,FALSE
"binary_dense_n300_t01_r0018","MLFDR","ok","","",0.640000000000001,FALSE
"linear_sparse_n300_t02_r0018","HDMT","ok","ties should not be present for the one-sample Kolmogorov-Smirnov test","",0.0200000000000102,FALSE
"linear_sparse_n300_t02_r0018","MDACT","ok","ties should not be present for the one-sample Kolmogorov-Smirnov test","",0.019999999999996,FALSE
"linear_sparse_n300_t02_r0018","MLFDR","ok","","",0.169999999999987,FALSE
"confounded_sparse_n300_t02_r0018","HDMT","ok","ties should not be present for the one-sample Kolmogorov-Smirnov test","",0.0299999999999869,FALSE
"confounded_sparse_n300_t02_r0018","MDACT","ok","ties should not be present for the one-sample Kolmogorov-Smirnov test","",0,FALSE
"confounded_sparse_n300_t02_r0018","MLFDR","ok","","",0.440000000000012,FALSE
"binary_sparse_n300_t02_r0018","HDMT","ok","","",0.0300000000000011,FALSE
"binary_sparse_n300_t02_r0018","MDACT","ok","","",0,FALSE
"binary_sparse_n300_t02_r0018","MLFDR","ok","","",0.349999999999994,FALSE
"linear_dense_n300_t02_r0018","HDMT","ok","ties should not be present for the one-sample Kolmogorov-Smirnov test","",0.0100000000000051,FALSE
"linear_dense_n300_t02_r0018","MDACT","ok","ties should not be present for the one-sample Kolmogorov-Smirnov test","",0,FALSE
"linear_dense_n300_t02_r0018","MLFDR","ok","","",0.410000000000011,FALSE
"confounded_dense_n300_t02_r0018","HDMT","ok","ties should not be present for the one-sample Kolmogorov-Smirnov test","",0.0300000000000011,FALSE
"confounded_dense_n300_t02_r0018","MDACT","ok","ties should not be present for the one-sample Kolmogorov-Smirnov test","",0.0100000000000051,FALSE
"confounded_dense_n300_t02_r0018","MLFDR","ok","","",0.209999999999994,FALSE
"binary_dense_n300_t02_r0018","HDMT","ok","","",0.0100000000000051,FALSE
"binary_dense_n300_t02_r0018","MDACT","ok","","",0.0100000000000051,FALSE
"binary_dense_n300_t02_r0018","MLFDR","ok","","",0.340000000000003,FALSE
"linear_sparse_n300_t03_r0018","HDMT","ok","ties should not be present for the one-sample Kolmogorov-Smirnov test","",0.0100000000000051,FALSE
"linear_sparse_n300_t03_r0018","MDACT","ok","ties should not be present for the one-sample Kolmogorov-Smirnov test","",0.0100000000000051,FALSE
"linear_sparse_n300_t03_r0018","MLFDR","ok","","",0.219999999999999,FALSE
"confounded_sparse_n300_t03_r0018","HDMT","ok","ties should not be present for the one-sample Kolmogorov-Smirnov test","",0.0299999999999869,FALSE
"confounded_sparse_n300_t03_r0018","MDACT","ok","ties should not be present for the one-sample Kolmogorov-Smirnov test","",0.019999999999996,FALSE
"confounded_sparse_n300_t03_r0018","MLFDR","ok","","",0.140000000000001,FALSE
"binary_sparse_n300_t03_r0018","HDMT","ok","","",0.019999999999996,FALSE
"binary_sparse_n300_t03_r0018","MDACT","ok","","",0,FALSE
"binary_sparse_n300_t03_r0018","MLFDR","ok","","",0.299999999999997,FALSE
"linear_dense_n300_t03_r0018","HDMT","ok","ties should not be present for the one-sample Kolmogorov-Smirnov test","",0.0100000000000051,FALSE
"linear_dense_n300_t03_r0018","MDACT","ok","ties should not be present for the one-sample Kolmogorov-Smirnov test","",0,FALSE
"linear_dense_n300_t03_r0018","MLFDR","ok","","",0.140000000000001,FALSE
"confounded_dense_n300_t03_r0018","HDMT","ok","ties should not be present for the one-sample Kolmogorov-Smirnov test","",0.019999999999996,FALSE
"confounded_dense_n300_t03_r0018","MDACT","ok","ties should not be present for the one-sample Kolmogorov-Smirnov test","",0,FALSE
"confounded_dense_n300_t03_r0018","MLFDR","ok","","",0.109999999999999,FALSE
"binary_dense_n300_t03_r0018","HDMT","ok","","",0.0200000000000102,FALSE
"binary_dense_n300_t03_r0018","MDACT","ok","","",0,FALSE
"binary_dense_n300_t03_r0018","MLFDR","ok","","",0.129999999999995,FALSE
"linear_sparse_n300_t01_r0019","HDMT","ok","ties should not be present for the one-sample Kolmogorov-Smirnov test","",0.0299999999999869,FALSE
"linear_sparse_n300_t01_r0019","MDACT","ok","ties should not be present for the one-sample Kolmogorov-Smirnov test","",0.019999999999996,FALSE
"linear_sparse_n300_t01_r0019","MLFDR","ok","","",0.339999999999989,FALSE
"confounded_sparse_n300_t01_r0019","HDMT","ok","ties should not be present for the one-sample Kolmogorov-Smirnov test","",0.00999999999999091,FALSE
"confounded_sparse_n300_t01_r0019","MDACT","ok","ties should not be present for the one-sample Kolmogorov-Smirnov test","",0,FALSE
"confounded_sparse_n300_t01_r0019","MLFDR","ok","","",0.329999999999998,FALSE
"binary_sparse_n300_t01_r0019","HDMT","ok","","",0.019999999999996,FALSE
"binary_sparse_n300_t01_r0019","MDACT","ok","","",0,FALSE
"binary_sparse_n300_t01_r0019","MLFDR","ok","","",0.469999999999999,FALSE
"linear_dense_n300_t01_r0019","HDMT","ok","ties should not be present for the one-sample Kolmogorov-Smirnov test","",0.0299999999999869,FALSE
"linear_dense_n300_t01_r0019","MDACT","ok","ties should not be present for the one-sample Kolmogorov-Smirnov test","",0.019999999999996,FALSE
"linear_dense_n300_t01_r0019","MLFDR","ok","","",0.359999999999999,FALSE
"confounded_dense_n300_t01_r0019","HDMT","ok","ties should not be present for the one-sample Kolmogorov-Smirnov test","",0.0300000000000011,FALSE
"confounded_dense_n300_t01_r0019","MDACT","ok","ties should not be present for the one-sample Kolmogorov-Smirnov test","",0.0100000000000051,FALSE
"confounded_dense_n300_t01_r0019","MLFDR","ok","","",0.290000000000006,FALSE
"binary_dense_n300_t01_r0019","HDMT","ok","","",0.0300000000000011,FALSE
"binary_dense_n300_t01_r0019","MDACT","ok","","",0,FALSE
"binary_dense_n300_t01_r0019","MLFDR","ok","","",0.38000000000001,FALSE
"linear_sparse_n300_t02_r0019","HDMT","ok","ties should not be present for the one-sample Kolmogorov-Smirnov test","",0.0300000000000011,FALSE
"linear_sparse_n300_t02_r0019","MDACT","ok","ties should not be present for the one-sample Kolmogorov-Smirnov test","",0,FALSE
"linear_sparse_n300_t02_r0019","MLFDR","ok","","",0.120000000000005,FALSE
"confounded_sparse_n300_t02_r0019","HDMT","ok","ties should not be present for the one-sample Kolmogorov-Smirnov test","",0.0300000000000011,FALSE
"confounded_sparse_n300_t02_r0019","MDACT","ok","ties should not be present for the one-sample Kolmogorov-Smirnov test","",0.0100000000000051,FALSE
"confounded_sparse_n300_t02_r0019","MLFDR","ok","","",0.319999999999993,FALSE
"binary_sparse_n300_t02_r0019","HDMT","ok","","",0.0200000000000102,FALSE
"binary_sparse_n300_t02_r0019","MDACT","ok","","",0,FALSE
"binary_sparse_n300_t02_r0019","MLFDR","ok","","",0.139999999999986,FALSE
"linear_dense_n300_t02_r0019","HDMT","ok","ties should not be present for the one-sample Kolmogorov-Smirnov test","",0.0300000000000011,FALSE
"linear_dense_n300_t02_r0019","MDACT","ok","ties should not be present for the one-sample Kolmogorov-Smirnov test","",0.0200000000000102,FALSE
"linear_dense_n300_t02_r0019","MLFDR","ok","","",0.199999999999989,FALSE
"confounded_dense_n300_t02_r0019","HDMT","ok","ties should not be present for the one-sample Kolmogorov-Smirnov test","",0.0300000000000011,FALSE
"confounded_dense_n300_t02_r0019","MDACT","ok","ties should not be present for the one-sample Kolmogorov-Smirnov test","",0.019999999999996,FALSE
"confounded_dense_n300_t02_r0019","MLFDR","ok","","",0.160000000000011,FALSE
"binary_dense_n300_t02_r0019","HDMT","ok","","",0.0100000000000051,FALSE
"binary_dense_n300_t02_r0019","MDACT","ok","","",0.0100000000000051,FALSE
"binary_dense_n300_t02_r0019","MLFDR","ok","","",0.200000000000003,FALSE
"linear_sparse_n300_t03_r0019","HDMT","ok","ties should not be present for the one-sample Kolmogorov-Smirnov test","",0.0599999999999881,FALSE
"linear_sparse_n300_t03_r0019","MDACT","ok","ties should not be present for the one-sample Kolmogorov-Smirnov test","",0,FALSE
"linear_sparse_n300_t03_r0019","MLFDR","ok","","",0.129999999999995,FALSE
"confounded_sparse_n300_t03_r0019","HDMT","ok","ties should not be present for the one-sample Kolmogorov-Smirnov test","",0.019999999999996,FALSE
"confounded_sparse_n300_t03_r0019","MDACT","ok","ties should not be present for the one-sample Kolmogorov-Smirnov test","",0.019999999999996,FALSE
"confounded_sparse_n300_t03_r0019","MLFDR","ok","","",1.16999999999999,FALSE
"binary_sparse_n300_t03_r0019","HDMT","ok","","",0.0300000000000011,FALSE
"binary_sparse_n300_t03_r0019","MDACT","ok","","",0.0200000000000102,FALSE
"binary_sparse_n300_t03_r0019","MLFDR","ok","","",0.290000000000006,FALSE
"linear_dense_n300_t03_r0019","HDMT","ok","ties should not be present for the one-sample Kolmogorov-Smirnov test","",0.0200000000000102,FALSE
"linear_dense_n300_t03_r0019","MDACT","ok","ties should not be present for the one-sample Kolmogorov-Smirnov test","",0.019999999999996,FALSE
"linear_dense_n300_t03_r0019","MLFDR","ok","","",0.109999999999999,FALSE
"confounded_dense_n300_t03_r0019","HDMT","ok","ties should not be present for the one-sample Kolmogorov-Smirnov test","",0.019999999999996,FALSE
"confounded_dense_n300_t03_r0019","MDACT","ok","ties should not be present for the one-sample Kolmogorov-Smirnov test","",0.0100000000000051,FALSE
"confounded_dense_n300_t03_r0019","MLFDR","ok","","",0.189999999999998,FALSE
"binary_dense_n300_t03_r0019","HDMT","ok","","",0.0300000000000011,FALSE
"binary_dense_n300_t03_r0019","MDACT","ok","","",0.0100000000000051,FALSE
"binary_dense_n300_t03_r0019","MLFDR","ok","","",0.419999999999987,FALSE
"linear_sparse_n300_t01_r0020","HDMT","ok","ties should not be present for the one-sample Kolmogorov-Smirnov test","",0.0300000000000011,FALSE
"linear_sparse_n300_t01_r0020","MDACT","ok","ties should not be present for the one-sample Kolmogorov-Smirnov test","",0,FALSE
"linear_sparse_n300_t01_r0020","MLFDR","ok","","",3.69000000000001,FALSE
"confounded_sparse_n300_t01_r0020","HDMT","ok","ties should not be present for the one-sample Kolmogorov-Smirnov test","",0.0300000000000011,FALSE
"confounded_sparse_n300_t01_r0020","MDACT","ok","ties should not be present for the one-sample Kolmogorov-Smirnov test","",0.00999999999999091,FALSE
"confounded_sparse_n300_t01_r0020","MLFDR","ok","","",1.31,FALSE
"binary_sparse_n300_t01_r0020","HDMT","ok","","",0.0300000000000011,FALSE
"binary_sparse_n300_t01_r0020","MDACT","ok","","",0.0100000000000051,FALSE
"binary_sparse_n300_t01_r0020","MLFDR","ok","","",0.439999999999998,FALSE
"linear_dense_n300_t01_r0020","HDMT","ok","ties should not be present for the one-sample Kolmogorov-Smirnov test","",0.019999999999996,FALSE
"linear_dense_n300_t01_r0020","MDACT","ok","ties should not be present for the one-sample Kolmogorov-Smirnov test","",0.0100000000000051,FALSE
"linear_dense_n300_t01_r0020","MLFDR","ok","","",0.61999999999999,FALSE
"confounded_dense_n300_t01_r0020","HDMT","ok","ties should not be present for the one-sample Kolmogorov-Smirnov test","",0.00999999999999091,FALSE
"confounded_dense_n300_t01_r0020","MDACT","ok","ties should not be present for the one-sample Kolmogorov-Smirnov test","",0.0100000000000051,FALSE
"confounded_dense_n300_t01_r0020","MLFDR","ok","","",0.609999999999999,FALSE
"binary_dense_n300_t01_r0020","HDMT","ok","","",0.0300000000000011,FALSE
"binary_dense_n300_t01_r0020","MDACT","ok","","",0.0200000000000102,FALSE
"binary_dense_n300_t01_r0020","MLFDR","ok","","",0.370000000000005,FALSE
"linear_sparse_n300_t02_r0020","HDMT","ok","ties should not be present for the one-sample Kolmogorov-Smirnov test","",0.0300000000000011,FALSE
"linear_sparse_n300_t02_r0020","MDACT","ok","ties should not be present for the one-sample Kolmogorov-Smirnov test","",0,FALSE
"linear_sparse_n300_t02_r0020","MLFDR","ok","","",0.160000000000011,FALSE
"confounded_sparse_n300_t02_r0020","HDMT","ok","ties should not be present for the one-sample Kolmogorov-Smirnov test","",0.0300000000000011,FALSE
"confounded_sparse_n300_t02_r0020","MDACT","ok","ties should not be present for the one-sample Kolmogorov-Smirnov test","",0.0100000000000051,FALSE
"confounded_sparse_n300_t02_r0020","MLFDR","ok","","",0.149999999999991,FALSE
"binary_sparse_n300_t02_r0020","HDMT","ok","","",0.0100000000000051,FALSE
"binary_sparse_n300_t02_r0020","MDACT","ok","","",0.0100000000000051,FALSE
"binary_sparse_n300_t02_r0020","MLFDR","ok","","",0.359999999999999,FALSE
"linear_dense_n300_t02_r0020","HDMT","ok","ties should not be present for the one-sample Kolmogorov-Smirnov test","",0.0300000000000011,FALSE
"linear_dense_n300_t02_r0020","MDACT","ok","ties should not be present for the one-sample Kolmogorov-Smirnov test","",0,FALSE
"linear_dense_n300_t02_r0020","MLFDR","ok","","",0.159999999999997,FALSE
"confounded_dense_n300_t02_r0020","HDMT","ok","ties should not be present for the one-sample Kolmogorov-Smirnov test","",0.0100000000000051,FALSE
"confounded_dense_n300_t02_r0020","MDACT","ok","ties should not be present for the one-sample Kolmogorov-Smirnov test","",0,FALSE
"confounded_dense_n300_t02_r0020","MLFDR","ok","","",0.279999999999987,FALSE
"binary_dense_n300_t02_r0020","HDMT","ok","","",0.0100000000000051,FALSE
"binary_dense_n300_t02_r0020","MDACT","ok","","",0.00999999999999091,FALSE
"binary_dense_n300_t02_r0020","MLFDR","ok","","",0.170000000000002,FALSE
"linear_sparse_n300_t03_r0020","HDMT","ok","ties should not be present for the one-sample Kolmogorov-Smirnov test","",0.0300000000000011,FALSE
"linear_sparse_n300_t03_r0020","MDACT","ok","ties should not be present for the one-sample Kolmogorov-Smirnov test","",0.00999999999999091,FALSE
"linear_sparse_n300_t03_r0020","MLFDR","ok","","",0.310000000000002,FALSE
"confounded_sparse_n300_t03_r0020","HDMT","ok","ties should not be present for the one-sample Kolmogorov-Smirnov test","",0.0300000000000011,FALSE
"confounded_sparse_n300_t03_r0020","MDACT","ok","ties should not be present for the one-sample Kolmogorov-Smirnov test","",0.0100000000000051,FALSE
"confounded_sparse_n300_t03_r0020","MLFDR","ok","","",0.140000000000001,FALSE
"binary_sparse_n300_t03_r0020","HDMT","ok","","",0.0400000000000063,FALSE
"binary_sparse_n300_t03_r0020","MDACT","ok","","",0.019999999999996,FALSE
"binary_sparse_n300_t03_r0020","MLFDR","ok","","",0.169999999999987,FALSE
"linear_dense_n300_t03_r0020","HDMT","ok","ties should not be present for the one-sample Kolmogorov-Smirnov test","",0.0300000000000011,FALSE
"linear_dense_n300_t03_r0020","MDACT","ok","ties should not be present for the one-sample Kolmogorov-Smirnov test","",0.0100000000000051,FALSE
"linear_dense_n300_t03_r0020","MLFDR","ok","","",0.109999999999999,FALSE
"confounded_dense_n300_t03_r0020","HDMT","ok","ties should not be present for the one-sample Kolmogorov-Smirnov test","",0.0299999999999869,FALSE
"confounded_dense_n300_t03_r0020","MDACT","ok","ties should not be present for the one-sample Kolmogorov-Smirnov test","",0,FALSE
"confounded_dense_n300_t03_r0020","MLFDR","ok","","",0.219999999999999,FALSE
"binary_dense_n300_t03_r0020","HDMT","ok","","",0.0100000000000051,FALSE
"binary_dense_n300_t03_r0020","MDACT","ok","","",0,FALSE
"binary_dense_n300_t03_r0020","MLFDR","ok","","",0.0999999999999943,FALSE
"linear_sparse_n300_t01_r0021","HDMT","ok","ties should not be present for the one-sample Kolmogorov-Smirnov test","",0.0299999999999869,FALSE
"linear_sparse_n300_t01_r0021","MDACT","ok","ties should not be present for the one-sample Kolmogorov-Smirnov test","",0,FALSE
"linear_sparse_n300_t01_r0021","MLFDR","ok","","",0.730000000000004,FALSE
"confounded_sparse_n300_t01_r0021","HDMT","ok","ties should not be present for the one-sample Kolmogorov-Smirnov test","",0.0400000000000063,FALSE
"confounded_sparse_n300_t01_r0021","MDACT","ok","ties should not be present for the one-sample Kolmogorov-Smirnov test","",0.019999999999996,FALSE
"confounded_sparse_n300_t01_r0021","MLFDR","ok","","",0.309999999999988,FALSE
"binary_sparse_n300_t01_r0021","HDMT","ok","","",0.0300000000000011,FALSE
"binary_sparse_n300_t01_r0021","MDACT","ok","","",0.00999999999999091,FALSE
"binary_sparse_n300_t01_r0021","MLFDR","ok","","",0.299999999999997,FALSE
"linear_dense_n300_t01_r0021","HDMT","ok","ties should not be present for the one-sample Kolmogorov-Smirnov test","",0.0300000000000011,FALSE
"linear_dense_n300_t01_r0021","MDACT","ok","ties should not be present for the one-sample Kolmogorov-Smirnov test","",0.0200000000000102,FALSE
"linear_dense_n300_t01_r0021","MLFDR","ok","","",0.239999999999995,FALSE
"confounded_dense_n300_t01_r0021","HDMT","ok","ties should not be present for the one-sample Kolmogorov-Smirnov test","",0.0300000000000011,FALSE
"confounded_dense_n300_t01_r0021","MDACT","ok","ties should not be present for the one-sample Kolmogorov-Smirnov test","",0.0100000000000051,FALSE
"confounded_dense_n300_t01_r0021","MLFDR","ok","","",0.469999999999999,FALSE
"binary_dense_n300_t01_r0021","HDMT","ok","","",0.0799999999999983,FALSE
"binary_dense_n300_t01_r0021","MDACT","ok","","",0.019999999999996,FALSE
"binary_dense_n300_t01_r0021","MLFDR","ok","","",0.390000000000001,FALSE
"linear_sparse_n300_t02_r0021","HDMT","ok","ties should not be present for the one-sample Kolmogorov-Smirnov test","",0.0100000000000051,FALSE
"linear_sparse_n300_t02_r0021","MDACT","ok","ties should not be present for the one-sample Kolmogorov-Smirnov test","",0,FALSE
"linear_sparse_n300_t02_r0021","MLFDR","ok","","",0.209999999999994,FALSE
"confounded_sparse_n300_t02_r0021","HDMT","ok","ties should not be present for the one-sample Kolmogorov-Smirnov test","",0.019999999999996,FALSE
"confounded_sparse_n300_t02_r0021","MDACT","ok","ties should not be present for the one-sample Kolmogorov-Smirnov test","",0,FALSE
"confounded_sparse_n300_t02_r0021","MLFDR","ok","","",0.329999999999998,FALSE
"binary_sparse_n300_t02_r0021","HDMT","ok","","",0.0300000000000011,FALSE
"binary_sparse_n300_t02_r0021","MDACT","ok","","",0.0100000000000051,FALSE
"binary_sparse_n300_t02_r0021","MLFDR","ok","","",0.390000000000001,FALSE
"linear_dense_n300_t02_r0021","HDMT","ok","ties should not be present for the one-sample Kolmogorov-Smirnov test","",0.0400000000000063,FALSE
"linear_dense_n300_t02_r0021","MDACT","ok","ties should not be present for the one-sample Kolmogorov-Smirnov test","",0.019999999999996,FALSE
"linear_dense_n300_t02_r0021","MLFDR","ok","","",0.189999999999998,FALSE
"confounded_dense_n300_t02_r0021","HDMT","ok","ties should not be present for the one-sample Kolmogorov-Smirnov test","",0.0300000000000011,FALSE
"confounded_dense_n300_t02_r0021","MDACT","ok","ties should not be present for the one-sample Kolmogorov-Smirnov test","",0,FALSE
"confounded_dense_n300_t02_r0021","MLFDR","ok","","",0.11999999999999,FALSE
"binary_dense_n300_t02_r0021","HDMT","ok","","",0.019999999999996,FALSE
"binary_dense_n300_t02_r0021","MDACT","ok","","",0,FALSE
"binary_dense_n300_t02_r0021","MLFDR","ok","","",0.140000000000001,FALSE
"linear_sparse_n300_t03_r0021","HDMT","ok","ties should not be present for the one-sample Kolmogorov-Smirnov test","",0.0299999999999869,FALSE
"linear_sparse_n300_t03_r0021","MDACT","ok","ties should not be present for the one-sample Kolmogorov-Smirnov test","",0,FALSE
"linear_sparse_n300_t03_r0021","MLFDR","ok","","",0.0699999999999932,FALSE
"confounded_sparse_n300_t03_r0021","HDMT","ok","ties should not be present for the one-sample Kolmogorov-Smirnov test","",0.0300000000000011,FALSE
"confounded_sparse_n300_t03_r0021","MDACT","ok","ties should not be present for the one-sample Kolmogorov-Smirnov test","",0.0100000000000051,FALSE
"confounded_sparse_n300_t03_r0021","MLFDR","ok","","",0.100000000000009,FALSE
"binary_sparse_n300_t03_r0021","HDMT","ok","","",0.0100000000000193,FALSE
"binary_sparse_n300_t03_r0021","MDACT","ok","","",0,FALSE
"binary_sparse_n300_t03_r0021","MLFDR","ok","","",0.269999999999982,FALSE
"linear_dense_n300_t03_r0021","HDMT","ok","ties should not be present for the one-sample Kolmogorov-Smirnov test","",0.0300000000000011,FALSE
"linear_dense_n300_t03_r0021","MDACT","ok","ties should not be present for the one-sample Kolmogorov-Smirnov test","",0.0100000000000193,FALSE
"linear_dense_n300_t03_r0021","MLFDR","ok","","",0.0900000000000034,FALSE
"confounded_dense_n300_t03_r0021","HDMT","ok","ties should not be present for the one-sample Kolmogorov-Smirnov test","",0.0200000000000102,FALSE
"confounded_dense_n300_t03_r0021","MDACT","ok","ties should not be present for the one-sample Kolmogorov-Smirnov test","",0,FALSE
"confounded_dense_n300_t03_r0021","MLFDR","ok","","",0.120000000000005,FALSE
"binary_dense_n300_t03_r0021","HDMT","ok","","",0.0200000000000102,FALSE
"binary_dense_n300_t03_r0021","MDACT","ok","","",0,FALSE
"binary_dense_n300_t03_r0021","MLFDR","ok","","",0.0900000000000034,FALSE
"linear_sparse_n300_t01_r0022","HDMT","ok","ties should not be present for the one-sample Kolmogorov-Smirnov test","",0.0100000000000193,FALSE
"linear_sparse_n300_t01_r0022","MDACT","ok","ties should not be present for the one-sample Kolmogorov-Smirnov test","",0,FALSE
"linear_sparse_n300_t01_r0022","MLFDR","ok","","",0.360000000000014,FALSE
"confounded_sparse_n300_t01_r0022","HDMT","ok","ties should not be present for the one-sample Kolmogorov-Smirnov test","",0.0100000000000193,FALSE
"confounded_sparse_n300_t01_r0022","MDACT","ok","ties should not be present for the one-sample Kolmogorov-Smirnov test","",0,FALSE
"confounded_sparse_n300_t01_r0022","MLFDR","ok","","",0.360000000000014,FALSE
"binary_sparse_n300_t01_r0022","HDMT","ok","","",0.00999999999999091,FALSE
"binary_sparse_n300_t01_r0022","MDACT","ok","","",0.0100000000000193,FALSE
"binary_sparse_n300_t01_r0022","MLFDR","ok","","",0.340000000000003,FALSE
"linear_dense_n300_t01_r0022","HDMT","ok","ties should not be present for the one-sample Kolmogorov-Smirnov test","",0.0199999999999818,FALSE
"linear_dense_n300_t01_r0022","MDACT","ok","ties should not be present for the one-sample Kolmogorov-Smirnov test","",0.0100000000000193,FALSE
"linear_dense_n300_t01_r0022","MLFDR","ok","","",0.330000000000013,FALSE
"confounded_dense_n300_t01_r0022","HDMT","ok","ties should not be present for the one-sample Kolmogorov-Smirnov test","",0.0300000000000011,FALSE
"confounded_dense_n300_t01_r0022","MDACT","ok","ties should not be present for the one-sample Kolmogorov-Smirnov test","",0.00999999999999091,FALSE
"confounded_dense_n300_t01_r0022","MLFDR","ok","","",0.230000000000018,FALSE
"binary_dense_n300_t01_r0022","HDMT","ok","","",0.0199999999999818,FALSE
"binary_dense_n300_t01_r0022","MDACT","ok","","",0,FALSE
"binary_dense_n300_t01_r0022","MLFDR","ok","","",0.310000000000002,FALSE
"linear_sparse_n300_t02_r0022","HDMT","ok","ties should not be present for the one-sample Kolmogorov-Smirnov test","",0.039999999999992,FALSE
"linear_sparse_n300_t02_r0022","MDACT","ok","ties should not be present for the one-sample Kolmogorov-Smirnov test","",0.0200000000000102,FALSE
"linear_sparse_n300_t02_r0022","MLFDR","ok","","",0.110000000000014,FALSE
"confounded_sparse_n300_t02_r0022","HDMT","ok","ties should not be present for the one-sample Kolmogorov-Smirnov test","",0.0300000000000011,FALSE
"confounded_sparse_n300_t02_r0022","MDACT","ok","ties should not be present for the one-sample Kolmogorov-Smirnov test","",0,FALSE
"confounded_sparse_n300_t02_r0022","MLFDR","ok","","",0.180000000000007,FALSE
"binary_sparse_n300_t02_r0022","HDMT","ok","","",0.00999999999999091,FALSE
"binary_sparse_n300_t02_r0022","MDACT","ok","","",0.0100000000000193,FALSE
"binary_sparse_n300_t02_r0022","MLFDR","ok","","",0.349999999999994,FALSE
"linear_dense_n300_t02_r0022","HDMT","ok","ties should not be present for the one-sample Kolmogorov-Smirnov test","",0.0199999999999818,FALSE
"linear_dense_n300_t02_r0022","MDACT","ok","ties should not be present for the one-sample Kolmogorov-Smirnov test","",0,FALSE
"linear_dense_n300_t02_r0022","MLFDR","ok","","",0.139999999999986,FALSE
"confounded_dense_n300_t02_r0022","HDMT","ok","ties should not be present for the one-sample Kolmogorov-Smirnov test","",0.0300000000000011,FALSE
"confounded_dense_n300_t02_r0022","MDACT","ok","ties should not be present for the one-sample Kolmogorov-Smirnov test","",0.0200000000000102,FALSE
"confounded_dense_n300_t02_r0022","MLFDR","ok","","",0.340000000000003,FALSE
"binary_dense_n300_t02_r0022","HDMT","ok","","",0.0199999999999818,FALSE
"binary_dense_n300_t02_r0022","MDACT","ok","","",0,FALSE
"binary_dense_n300_t02_r0022","MLFDR","ok","","",0.200000000000017,FALSE
"linear_sparse_n300_t03_r0022","HDMT","ok","ties should not be present for the one-sample Kolmogorov-Smirnov test","",0.00999999999999091,FALSE
"linear_sparse_n300_t03_r0022","MDACT","ok","ties should not be present for the one-sample Kolmogorov-Smirnov test","",0.0100000000000193,FALSE
"linear_sparse_n300_t03_r0022","MLFDR","ok","","",0.200000000000017,FALSE
"confounded_sparse_n300_t03_r0022","HDMT","ok","ties should not be present for the one-sample Kolmogorov-Smirnov test","",0.0100000000000193,FALSE
"confounded_sparse_n300_t03_r0022","MDACT","ok","ties should not be present for the one-sample Kolmogorov-Smirnov test","",0.0100000000000193,FALSE
"confounded_sparse_n300_t03_r0022","MLFDR","ok","","",0.140000000000015,FALSE
"binary_sparse_n300_t03_r0022","HDMT","ok","","",0.0400000000000205,FALSE
"binary_sparse_n300_t03_r0022","MDACT","ok","","",0.0199999999999818,FALSE
"binary_sparse_n300_t03_r0022","MLFDR","ok","","",0.109999999999985,FALSE
"linear_dense_n300_t03_r0022","HDMT","ok","ties should not be present for the one-sample Kolmogorov-Smirnov test","",0.039999999999992,FALSE
"linear_dense_n300_t03_r0022","MDACT","ok","ties should not be present for the one-sample Kolmogorov-Smirnov test","",0,FALSE
"linear_dense_n300_t03_r0022","MLFDR","ok","","",0.129999999999995,FALSE
"confounded_dense_n300_t03_r0022","HDMT","ok","ties should not be present for the one-sample Kolmogorov-Smirnov test","",0.0300000000000011,FALSE
"confounded_dense_n300_t03_r0022","MDACT","ok","ties should not be present for the one-sample Kolmogorov-Smirnov test","",0.00999999999999091,FALSE
"confounded_dense_n300_t03_r0022","MLFDR","ok","","",0.139999999999986,FALSE
"binary_dense_n300_t03_r0022","HDMT","ok","","",0.0300000000000011,FALSE
"binary_dense_n300_t03_r0022","MDACT","ok","","",0.0100000000000193,FALSE
"binary_dense_n300_t03_r0022","MLFDR","ok","","",0.110000000000014,FALSE
"linear_sparse_n300_t01_r0023","HDMT","ok","ties should not be present for the one-sample Kolmogorov-Smirnov test","",0.0100000000000193,FALSE
"linear_sparse_n300_t01_r0023","MDACT","ok","ties should not be present for the one-sample Kolmogorov-Smirnov test","",0,FALSE
"linear_sparse_n300_t01_r0023","MLFDR","ok","","",0.860000000000014,FALSE
"confounded_sparse_n300_t01_r0023","HDMT","ok","ties should not be present for the one-sample Kolmogorov-Smirnov test","",0.0199999999999818,FALSE
"confounded_sparse_n300_t01_r0023","MDACT","ok","ties should not be present for the one-sample Kolmogorov-Smirnov test","",0,FALSE
"confounded_sparse_n300_t01_r0023","MLFDR","ok","","",3.99000000000001,FALSE
"binary_sparse_n300_t01_r0023","HDMT","ok","","",0.0200000000000102,FALSE
"binary_sparse_n300_t01_r0023","MDACT","ok","","",0.00999999999999091,FALSE
"binary_sparse_n300_t01_r0023","MLFDR","ok","","",0.75,FALSE
"linear_dense_n300_t01_r0023","HDMT","ok","ties should not be present for the one-sample Kolmogorov-Smirnov test","",0.0300000000000011,FALSE
"linear_dense_n300_t01_r0023","MDACT","ok","ties should not be present for the one-sample Kolmogorov-Smirnov test","",0,FALSE
"linear_dense_n300_t01_r0023","MLFDR","ok","","",0.659999999999997,FALSE
"confounded_dense_n300_t01_r0023","HDMT","ok","ties should not be present for the one-sample Kolmogorov-Smirnov test","",0.0300000000000011,FALSE
"confounded_dense_n300_t01_r0023","MDACT","ok","ties should not be present for the one-sample Kolmogorov-Smirnov test","",0.00999999999999091,FALSE
"confounded_dense_n300_t01_r0023","MLFDR","ok","","",0.680000000000007,FALSE
"binary_dense_n300_t01_r0023","HDMT","ok","","",0.0300000000000011,FALSE
"binary_dense_n300_t01_r0023","MDACT","ok","","",0.0200000000000102,FALSE
"binary_dense_n300_t01_r0023","MLFDR","ok","","",0.77000000000001,FALSE
"linear_sparse_n300_t02_r0023","HDMT","ok","ties should not be present for the one-sample Kolmogorov-Smirnov test","",0.00999999999999091,FALSE
"linear_sparse_n300_t02_r0023","MDACT","ok","ties should not be present for the one-sample Kolmogorov-Smirnov test","",0,FALSE
"linear_sparse_n300_t02_r0023","MLFDR","ok","","",0.419999999999987,FALSE
"confounded_sparse_n300_t02_r0023","HDMT","ok","ties should not be present for the one-sample Kolmogorov-Smirnov test","",0.0300000000000011,FALSE
"confounded_sparse_n300_t02_r0023","MDACT","ok","ties should not be present for the one-sample Kolmogorov-Smirnov test","",0.0200000000000102,FALSE
"confounded_sparse_n300_t02_r0023","MLFDR","ok","","",0.170000000000016,FALSE
"binary_sparse_n300_t02_r0023","HDMT","ok","","",0.0300000000000011,FALSE
"binary_sparse_n300_t02_r0023","MDACT","ok","","",0.0199999999999818,FALSE
"binary_sparse_n300_t02_r0023","MLFDR","ok","","",0.280000000000001,FALSE
"linear_dense_n300_t02_r0023","HDMT","ok","ties should not be present for the one-sample Kolmogorov-Smirnov test","",0.0199999999999818,FALSE
"linear_dense_n300_t02_r0023","MDACT","ok","ties should not be present for the one-sample Kolmogorov-Smirnov test","",0.0200000000000102,FALSE
"linear_dense_n300_t02_r0023","MLFDR","ok","","",0.310000000000002,FALSE
"confounded_dense_n300_t02_r0023","HDMT","ok","ties should not be present for the one-sample Kolmogorov-Smirnov test","",0.00999999999999091,FALSE
"confounded_dense_n300_t02_r0023","MDACT","ok","ties should not be present for the one-sample Kolmogorov-Smirnov test","",0.0100000000000193,FALSE
"confounded_dense_n300_t02_r0023","MLFDR","ok","","",0.219999999999999,FALSE
"binary_dense_n300_t02_r0023","HDMT","ok","","",0.0300000000000011,FALSE
"binary_dense_n300_t02_r0023","MDACT","ok","","",0,FALSE
"binary_dense_n300_t02_r0023","MLFDR","ok","","",0.139999999999986,FALSE
"linear_sparse_n300_t03_r0023","HDMT","ok","ties should not be present for the one-sample Kolmogorov-Smirnov test","",0.0199999999999818,FALSE
"linear_sparse_n300_t03_r0023","MDACT","ok","ties should not be present for the one-sample Kolmogorov-Smirnov test","",0.0199999999999818,FALSE
"linear_sparse_n300_t03_r0023","MLFDR","ok","","",0.210000000000008,FALSE
"confounded_sparse_n300_t03_r0023","HDMT","ok","ties should not be present for the one-sample Kolmogorov-Smirnov test","",0.0300000000000011,FALSE
"confounded_sparse_n300_t03_r0023","MDACT","ok","ties should not be present for the one-sample Kolmogorov-Smirnov test","",0.00999999999999091,FALSE
"confounded_sparse_n300_t03_r0023","MLFDR","ok","","",0.120000000000005,FALSE
"binary_sparse_n300_t03_r0023","HDMT","ok","","",0.0199999999999818,FALSE
"binary_sparse_n300_t03_r0023","MDACT","ok","","",0,FALSE
"binary_sparse_n300_t03_r0023","MLFDR","ok","","",0.129999999999995,FALSE
"linear_dense_n300_t03_r0023","HDMT","ok","ties should not be present for the one-sample Kolmogorov-Smirnov test","",0.039999999999992,FALSE
"linear_dense_n300_t03_r0023","MDACT","ok","ties should not be present for the one-sample Kolmogorov-Smirnov test","",0.0200000000000102,FALSE
"linear_dense_n300_t03_r0023","MLFDR","ok","","",0.219999999999999,FALSE
"confounded_dense_n300_t03_r0023","HDMT","ok","ties should not be present for the one-sample Kolmogorov-Smirnov test","",0.0300000000000011,FALSE
"confounded_dense_n300_t03_r0023","MDACT","ok","ties should not be present for the one-sample Kolmogorov-Smirnov test","",0.0100000000000193,FALSE
"confounded_dense_n300_t03_r0023","MLFDR","ok","","",0.150000000000006,FALSE
"binary_dense_n300_t03_r0023","HDMT","ok","","",0.0300000000000011,FALSE
"binary_dense_n300_t03_r0023","MDACT","ok","","",0.0200000000000102,FALSE
"binary_dense_n300_t03_r0023","MLFDR","ok","","",0.149999999999977,FALSE
"linear_sparse_n300_t01_r0024","HDMT","ok","ties should not be present for the one-sample Kolmogorov-Smirnov test","",0.0300000000000011,FALSE
"linear_sparse_n300_t01_r0024","MDACT","ok","ties should not be present for the one-sample Kolmogorov-Smirnov test","",0.0199999999999818,FALSE
"linear_sparse_n300_t01_r0024","MLFDR","ok","","",0.45999999999998,FALSE
"confounded_sparse_n300_t01_r0024","HDMT","ok","ties should not be present for the one-sample Kolmogorov-Smirnov test","",0.0300000000000011,FALSE
"confounded_sparse_n300_t01_r0024","MDACT","ok","ties should not be present for the one-sample Kolmogorov-Smirnov test","",0.0100000000000193,FALSE
"confounded_sparse_n300_t01_r0024","MLFDR","ok","","",0.469999999999999,FALSE
"binary_sparse_n300_t01_r0024","HDMT","ok","","",0.0199999999999818,FALSE
"binary_sparse_n300_t01_r0024","MDACT","ok","","",0,FALSE
"binary_sparse_n300_t01_r0024","MLFDR","ok","","",0.360000000000014,FALSE
"linear_dense_n300_t01_r0024","HDMT","ok","ties should not be present for the one-sample Kolmogorov-Smirnov test","",0.0300000000000011,FALSE
"linear_dense_n300_t01_r0024","MDACT","ok","ties should not be present for the one-sample Kolmogorov-Smirnov test","",0,FALSE
"linear_dense_n300_t01_r0024","MLFDR","ok","","",0.740000000000009,FALSE
"confounded_dense_n300_t01_r0024","HDMT","ok","ties should not be present for the one-sample Kolmogorov-Smirnov test","",0.039999999999992,FALSE
"confounded_dense_n300_t01_r0024","MDACT","ok","ties should not be present for the one-sample Kolmogorov-Smirnov test","",0.0200000000000102,FALSE
"confounded_dense_n300_t01_r0024","MLFDR","ok","","",0.409999999999997,FALSE
"binary_dense_n300_t01_r0024","HDMT","ok","","",0.0800000000000125,FALSE
"binary_dense_n300_t01_r0024","MDACT","ok","","",0.0200000000000102,FALSE
"binary_dense_n300_t01_r0024","MLFDR","ok","","",0.319999999999993,FALSE
"linear_sparse_n300_t02_r0024","HDMT","ok","ties should not be present for the one-sample Kolmogorov-Smirnov test","",0.0300000000000011,FALSE
"linear_sparse_n300_t02_r0024","MDACT","ok","ties should not be present for the one-sample Kolmogorov-Smirnov test","",0,FALSE
"linear_sparse_n300_t02_r0024","MLFDR","ok","","",0.219999999999999,FALSE
"confounded_sparse_n300_t02_r0024","HDMT","ok","ties should not be present for the one-sample Kolmogorov-Smirnov test","",0.0100000000000193,FALSE
"confounded_sparse_n300_t02_r0024","MDACT","ok","ties should not be present for the one-sample Kolmogorov-Smirnov test","",0,FALSE
"confounded_sparse_n300_t02_r0024","MLFDR","ok","","",0.280000000000001,FALSE
"binary_sparse_n300_t02_r0024","HDMT","ok","","",0.00999999999999091,FALSE
"binary_sparse_n300_t02_r0024","MDACT","ok","","",0,FALSE
"binary_sparse_n300_t02_r0024","MLFDR","ok","","",0.199999999999989,FALSE
"linear_dense_n300_t02_r0024","HDMT","ok","ties should not be present for the one-sample Kolmogorov-Smirnov test","",0.0299999999999727,FALSE
"linear_dense_n300_t02_r0024","MDACT","ok","ties should not be present for the one-sample Kolmogorov-Smirnov test","",0.0199999999999818,FALSE
"linear_dense_n300_t02_r0024","MLFDR","ok","","",0.189999999999998,FALSE
"confounded_dense_n300_t02_r0024","HDMT","ok","ties should not be present for the one-sample Kolmogorov-Smirnov test","",0.0300000000000011,FALSE
"confounded_dense_n300_t02_r0024","MDACT","ok","ties should not be present for the one-sample Kolmogorov-Smirnov test","",0,FALSE
"confounded_dense_n300_t02_r0024","MLFDR","ok","","",0.219999999999999,FALSE
"binary_dense_n300_t02_r0024","HDMT","ok","","",0.0299999999999727,FALSE
"binary_dense_n300_t02_r0024","MDACT","ok","","",0.0199999999999818,FALSE
"binary_dense_n300_t02_r0024","MLFDR","ok","","",0.239999999999981,FALSE
"linear_sparse_n300_t03_r0024","HDMT","ok","ties should not be present for the one-sample Kolmogorov-Smirnov test","",0.039999999999992,FALSE
"linear_sparse_n300_t03_r0024","MDACT","ok","ties should not be present for the one-sample Kolmogorov-Smirnov test","",0,FALSE
"linear_sparse_n300_t03_r0024","MLFDR","ok","","",0.120000000000005,FALSE
"confounded_sparse_n300_t03_r0024","HDMT","ok","ties should not be present for the one-sample Kolmogorov-Smirnov test","",0.0200000000000102,FALSE
"confounded_sparse_n300_t03_r0024","MDACT","ok","ties should not be present for the one-sample Kolmogorov-Smirnov test","",0.0199999999999818,FALSE
"confounded_sparse_n300_t03_r0024","MLFDR","ok","","",0.109999999999985,FALSE
"binary_sparse_n300_t03_r0024","HDMT","ok","","",0.0400000000000205,FALSE
"binary_sparse_n300_t03_r0024","MDACT","ok","","",0,FALSE
"binary_sparse_n300_t03_r0024","MLFDR","ok","","",0.0999999999999943,FALSE
"linear_dense_n300_t03_r0024","HDMT","ok","ties should not be present for the one-sample Kolmogorov-Smirnov test","",0.0300000000000011,FALSE
"linear_dense_n300_t03_r0024","MDACT","ok","ties should not be present for the one-sample Kolmogorov-Smirnov test","",0.0100000000000193,FALSE
"linear_dense_n300_t03_r0024","MLFDR","ok","","",0.200000000000017,FALSE
"confounded_dense_n300_t03_r0024","HDMT","ok","ties should not be present for the one-sample Kolmogorov-Smirnov test","",0.0300000000000011,FALSE
"confounded_dense_n300_t03_r0024","MDACT","ok","ties should not be present for the one-sample Kolmogorov-Smirnov test","",0,FALSE
"confounded_dense_n300_t03_r0024","MLFDR","ok","","",0.159999999999997,FALSE
"binary_dense_n300_t03_r0024","HDMT","ok","","",0.00999999999999091,FALSE
"binary_dense_n300_t03_r0024","MDACT","ok","","",0,FALSE
"binary_dense_n300_t03_r0024","MLFDR","ok","","",0.180000000000007,FALSE
"linear_sparse_n300_t01_r0025","HDMT","ok","ties should not be present for the one-sample Kolmogorov-Smirnov test","",0.0300000000000011,FALSE
"linear_sparse_n300_t01_r0025","MDACT","ok","ties should not be present for the one-sample Kolmogorov-Smirnov test","",0.0199999999999818,FALSE
"linear_sparse_n300_t01_r0025","MLFDR","ok","","",0.259999999999991,FALSE
"confounded_sparse_n300_t01_r0025","HDMT","ok","ties should not be present for the one-sample Kolmogorov-Smirnov test","",0.0300000000000011,FALSE
"confounded_sparse_n300_t01_r0025","MDACT","ok","ties should not be present for the one-sample Kolmogorov-Smirnov test","",0,FALSE
"confounded_sparse_n300_t01_r0025","MLFDR","ok","","",0.329999999999984,FALSE
"binary_sparse_n300_t01_r0025","HDMT","ok","","",0.0299999999999727,FALSE
"binary_sparse_n300_t01_r0025","MDACT","ok","","",0,FALSE
"binary_sparse_n300_t01_r0025","MLFDR","ok","","",0.410000000000025,FALSE
"linear_dense_n300_t01_r0025","HDMT","ok","ties should not be present for the one-sample Kolmogorov-Smirnov test","",0.0300000000000011,FALSE
"linear_dense_n300_t01_r0025","MDACT","ok","ties should not be present for the one-sample Kolmogorov-Smirnov test","",0.0200000000000102,FALSE
"linear_dense_n300_t01_r0025","MLFDR","ok","","",0.350000000000023,FALSE
"confounded_dense_n300_t01_r0025","HDMT","ok","ties should not be present for the one-sample Kolmogorov-Smirnov test","",0.0300000000000011,FALSE
"confounded_dense_n300_t01_r0025","MDACT","ok","ties should not be present for the one-sample Kolmogorov-Smirnov test","",0.00999999999999091,FALSE
"confounded_dense_n300_t01_r0025","MLFDR","ok","","",0.539999999999992,FALSE
"binary_dense_n300_t01_r0025","HDMT","ok","","",0.0199999999999818,FALSE
"binary_dense_n300_t01_r0025","MDACT","ok","","",0,FALSE
"binary_dense_n300_t01_r0025","MLFDR","ok","","",0.219999999999999,FALSE
"linear_sparse_n300_t02_r0025","HDMT","ok","ties should not be present for the one-sample Kolmogorov-Smirnov test","",0.039999999999992,FALSE
"linear_sparse_n300_t02_r0025","MDACT","ok","ties should not be present for the one-sample Kolmogorov-Smirnov test","",0.0199999999999818,FALSE
"linear_sparse_n300_t02_r0025","MLFDR","ok","","",0.200000000000017,FALSE
"confounded_sparse_n300_t02_r0025","HDMT","ok","ties should not be present for the one-sample Kolmogorov-Smirnov test","",0.0300000000000011,FALSE
"confounded_sparse_n300_t02_r0025","MDACT","ok","ties should not be present for the one-sample Kolmogorov-Smirnov test","",0.00999999999999091,FALSE
"confounded_sparse_n300_t02_r0025","MLFDR","ok","","",0.269999999999982,FALSE
"binary_sparse_n300_t02_r0025","HDMT","ok","","",0.0300000000000011,FALSE
"binary_sparse_n300_t02_r0025","MDACT","ok","","",0,FALSE
"binary_sparse_n300_t02_r0025","MLFDR","ok","","",0.239999999999981,FALSE
"linear_dense_n300_t02_r0025","HDMT","ok","ties should not be present for the one-sample Kolmogorov-Smirnov test","",0.00999999999999091,FALSE
"linear_dense_n300_t02_r0025","MDACT","ok","ties should not be present for the one-sample Kolmogorov-Smirnov test","",0.0100000000000193,FALSE
"linear_dense_n300_t02_r0025","MLFDR","ok","","",0.170000000000016,FALSE
"confounded_dense_n300_t02_r0025","HDMT","ok","ties should not be present for the one-sample Kolmogorov-Smirnov test","",0.0299999999999727,FALSE
"confounded_dense_n300_t02_r0025","MDACT","ok","ties should not be present for the one-sample Kolmogorov-Smirnov test","",0.0100000000000193,FALSE
"confounded_dense_n300_t02_r0025","MLFDR","ok","","",0.150000000000006,FALSE
"binary_dense_n300_t02_r0025","HDMT","ok","","",0.0200000000000102,FALSE
"binary_dense_n300_t02_r0025","MDACT","ok","","",0,FALSE
"binary_dense_n300_t02_r0025","MLFDR","ok","","",0.169999999999987,FALSE
"linear_sparse_n300_t03_r0025","HDMT","ok","ties should not be present for the one-sample Kolmogorov-Smirnov test","",0.0300000000000011,FALSE
"linear_sparse_n300_t03_r0025","MDACT","ok","ties should not be present for the one-sample Kolmogorov-Smirnov test","",0.0200000000000102,FALSE
"linear_sparse_n300_t03_r0025","MLFDR","ok","","",0.129999999999995,FALSE
"confounded_sparse_n300_t03_r0025","HDMT","ok","ties should not be present for the one-sample Kolmogorov-Smirnov test","",0.0199999999999818,FALSE
"confounded_sparse_n300_t03_r0025","MDACT","ok","ties should not be present for the one-sample Kolmogorov-Smirnov test","",0,FALSE
"confounded_sparse_n300_t03_r0025","MLFDR","ok","","",0.420000000000016,FALSE
"binary_sparse_n300_t03_r0025","HDMT","ok","","",0.0199999999999818,FALSE
"binary_sparse_n300_t03_r0025","MDACT","ok","","",0.0100000000000193,FALSE
"binary_sparse_n300_t03_r0025","MLFDR","ok","","",0.200000000000017,FALSE
"linear_dense_n300_t03_r0025","HDMT","ok","ties should not be present for the one-sample Kolmogorov-Smirnov test","",0.0300000000000011,FALSE
"linear_dense_n300_t03_r0025","MDACT","ok","ties should not be present for the one-sample Kolmogorov-Smirnov test","",0.0199999999999818,FALSE
"linear_dense_n300_t03_r0025","MLFDR","ok","","",0.110000000000014,FALSE
"confounded_dense_n300_t03_r0025","HDMT","ok","ties should not be present for the one-sample Kolmogorov-Smirnov test","",0.0300000000000011,FALSE
"confounded_dense_n300_t03_r0025","MDACT","ok","ties should not be present for the one-sample Kolmogorov-Smirnov test","",0.00999999999999091,FALSE
"confounded_dense_n300_t03_r0025","MLFDR","ok","","",0.169999999999987,FALSE
"binary_dense_n300_t03_r0025","HDMT","ok","","",0.0300000000000011,FALSE
"binary_dense_n300_t03_r0025","MDACT","ok","","",0.00999999999999091,FALSE
"binary_dense_n300_t03_r0025","MLFDR","ok","","",0.139999999999986,FALSE
"linear_sparse_n300_t01_r0026","HDMT","ok","ties should not be present for the one-sample Kolmogorov-Smirnov test","",0.0300000000000011,FALSE
"linear_sparse_n300_t01_r0026","MDACT","ok","ties should not be present for the one-sample Kolmogorov-Smirnov test","",0.0200000000000102,FALSE
"linear_sparse_n300_t01_r0026","MLFDR","ok","","",0.299999999999983,FALSE
"confounded_sparse_n300_t01_r0026","HDMT","ok","ties should not be present for the one-sample Kolmogorov-Smirnov test","",0.0300000000000011,FALSE
"confounded_sparse_n300_t01_r0026","MDACT","ok","ties should not be present for the one-sample Kolmogorov-Smirnov test","",0.0100000000000193,FALSE
"confounded_sparse_n300_t01_r0026","MLFDR","ok","","",1.33000000000001,FALSE
"binary_sparse_n300_t01_r0026","HDMT","ok","","",0.0200000000000102,FALSE
"binary_sparse_n300_t01_r0026","MDACT","ok","","",0,FALSE
"binary_sparse_n300_t01_r0026","MLFDR","ok","","",0.650000000000006,FALSE
"linear_dense_n300_t01_r0026","HDMT","ok","ties should not be present for the one-sample Kolmogorov-Smirnov test","",0.0200000000000102,FALSE
"linear_dense_n300_t01_r0026","MDACT","ok","ties should not be present for the one-sample Kolmogorov-Smirnov test","",0.00999999999999091,FALSE
"linear_dense_n300_t01_r0026","MLFDR","ok","","",0.27000000000001,FALSE
"confounded_dense_n300_t01_r0026","HDMT","ok","ties should not be present for the one-sample Kolmogorov-Smirnov test","",0.0300000000000011,FALSE
"confounded_dense_n300_t01_r0026","MDACT","ok","ties should not be present for the one-sample Kolmogorov-Smirnov test","",0.0200000000000102,FALSE
"confounded_dense_n300_t01_r0026","MLFDR","ok","","",0.469999999999999,FALSE
"binary_dense_n300_t01_r0026","HDMT","ok","","",0.0200000000000102,FALSE
"binary_dense_n300_t01_r0026","MDACT","ok","","",0,FALSE
"binary_dense_n300_t01_r0026","MLFDR","ok","","",0.25,FALSE
"linear_sparse_n300_t02_r0026","HDMT","ok","ties should not be present for the one-sample Kolmogorov-Smirnov test","",0.0300000000000011,FALSE
"linear_sparse_n300_t02_r0026","MDACT","ok","ties should not be present for the one-sample Kolmogorov-Smirnov test","",0.0100000000000193,FALSE
"linear_sparse_n300_t02_r0026","MLFDR","ok","","",0.280000000000001,FALSE
"confounded_sparse_n300_t02_r0026","HDMT","ok","ties should not be present for the one-sample Kolmogorov-Smirnov test","",0.0200000000000102,FALSE
"confounded_sparse_n300_t02_r0026","MDACT","ok","ties should not be present for the one-sample Kolmogorov-Smirnov test","",0,FALSE
"confounded_sparse_n300_t02_r0026","MLFDR","ok","","",0.45999999999998,FALSE
"binary_sparse_n300_t02_r0026","HDMT","ok","","",0.0300000000000011,FALSE
"binary_sparse_n300_t02_r0026","MDACT","ok","","",0.0100000000000193,FALSE
"binary_sparse_n300_t02_r0026","MLFDR","ok","","",0.230000000000018,FALSE
"linear_dense_n300_t02_r0026","HDMT","ok","ties should not be present for the one-sample Kolmogorov-Smirnov test","",0.0299999999999727,FALSE
"linear_dense_n300_t02_r0026","MDACT","ok","ties should not be present for the one-sample Kolmogorov-Smirnov test","",0,FALSE
"linear_dense_n300_t02_r0026","MLFDR","ok","","",0.219999999999999,FALSE
"confounded_dense_n300_t02_r0026","HDMT","ok","ties should not be present for the one-sample Kolmogorov-Smirnov test","",0.00999999999999091,FALSE
"confounded_dense_n300_t02_r0026","MDACT","ok","ties should not be present for the one-sample Kolmogorov-Smirnov test","",0.0200000000000102,FALSE
"confounded_dense_n300_t02_r0026","MLFDR","ok","","",0.199999999999989,FALSE
"binary_dense_n300_t02_r0026","HDMT","ok","","",0.0300000000000011,FALSE
"binary_dense_n300_t02_r0026","MDACT","ok","","",0,FALSE
"binary_dense_n300_t02_r0026","MLFDR","ok","","",0.280000000000001,FALSE
"linear_sparse_n300_t03_r0026","HDMT","ok","ties should not be present for the one-sample Kolmogorov-Smirnov test","",0.0199999999999818,FALSE
"linear_sparse_n300_t03_r0026","MDACT","ok","ties should not be present for the one-sample Kolmogorov-Smirnov test","",0.0100000000000193,FALSE
"linear_sparse_n300_t03_r0026","MLFDR","ok","","",0.310000000000002,FALSE
"confounded_sparse_n300_t03_r0026","HDMT","ok","ties should not be present for the one-sample Kolmogorov-Smirnov test","",0.0200000000000102,FALSE
"confounded_sparse_n300_t03_r0026","MDACT","ok","ties should not be present for the one-sample Kolmogorov-Smirnov test","",0,FALSE
"confounded_sparse_n300_t03_r0026","MLFDR","ok","","",0.169999999999987,FALSE
"binary_sparse_n300_t03_r0026","HDMT","ok","","",0.039999999999992,FALSE
"binary_sparse_n300_t03_r0026","MDACT","ok","","",0.0200000000000102,FALSE
"binary_sparse_n300_t03_r0026","MLFDR","ok","","",0.159999999999997,FALSE
"linear_dense_n300_t03_r0026","HDMT","ok","ties should not be present for the one-sample Kolmogorov-Smirnov test","",0.0199999999999818,FALSE
"linear_dense_n300_t03_r0026","MDACT","ok","ties should not be present for the one-sample Kolmogorov-Smirnov test","",0,FALSE
"linear_dense_n300_t03_r0026","MLFDR","ok","","",0.25,FALSE
"confounded_dense_n300_t03_r0026","HDMT","ok","ties should not be present for the one-sample Kolmogorov-Smirnov test","",0.0200000000000102,FALSE
"confounded_dense_n300_t03_r0026","MDACT","ok","ties should not be present for the one-sample Kolmogorov-Smirnov test","",0.0200000000000102,FALSE
"confounded_dense_n300_t03_r0026","MLFDR","ok","","",0.149999999999977,FALSE
"binary_dense_n300_t03_r0026","HDMT","ok","","",0.0300000000000011,FALSE
"binary_dense_n300_t03_r0026","MDACT","ok","","",0,FALSE
"binary_dense_n300_t03_r0026","MLFDR","ok","","",0.159999999999997,FALSE
"linear_sparse_n300_t01_r0027","HDMT","ok","ties should not be present for the one-sample Kolmogorov-Smirnov test","",0.0300000000000011,FALSE
"linear_sparse_n300_t01_r0027","MDACT","ok","ties should not be present for the one-sample Kolmogorov-Smirnov test","",0.0199999999999818,FALSE
"linear_sparse_n300_t01_r0027","MLFDR","ok","","",0.319999999999993,FALSE
"confounded_sparse_n300_t01_r0027","HDMT","ok","ties should not be present for the one-sample Kolmogorov-Smirnov test","",0.039999999999992,FALSE
"confounded_sparse_n300_t01_r0027","MDACT","ok","ties should not be present for the one-sample Kolmogorov-Smirnov test","",0.0199999999999818,FALSE
"confounded_sparse_n300_t01_r0027","MLFDR","ok","","",0.659999999999997,FALSE
"binary_sparse_n300_t01_r0027","HDMT","ok","","",0.0300000000000011,FALSE
"binary_sparse_n300_t01_r0027","MDACT","ok","","",0,FALSE
"binary_sparse_n300_t01_r0027","MLFDR","ok","","",0.730000000000018,FALSE
"linear_dense_n300_t01_r0027","HDMT","ok","ties should not be present for the one-sample Kolmogorov-Smirnov test","",0.0300000000000011,FALSE
"linear_dense_n300_t01_r0027","MDACT","ok","ties should not be present for the one-sample Kolmogorov-Smirnov test","",0.00999999999999091,FALSE
"linear_dense_n300_t01_r0027","MLFDR","ok","","",0.199999999999989,FALSE
"confounded_dense_n300_t01_r0027","HDMT","ok","ties should not be present for the one-sample Kolmogorov-Smirnov test","",0.0300000000000011,FALSE
"confounded_dense_n300_t01_r0027","MDACT","ok","ties should not be present for the one-sample Kolmogorov-Smirnov test","",0.00999999999999091,FALSE
"confounded_dense_n300_t01_r0027","MLFDR","ok","","",0.680000000000007,FALSE
"binary_dense_n300_t01_r0027","HDMT","ok","","",0.0199999999999818,FALSE
"binary_dense_n300_t01_r0027","MDACT","ok","","",0,FALSE
"binary_dense_n300_t01_r0027","MLFDR","ok","","",0.340000000000003,FALSE
"linear_sparse_n300_t02_r0027","HDMT","ok","ties should not be present for the one-sample Kolmogorov-Smirnov test","",0.0300000000000011,FALSE
"linear_sparse_n300_t02_r0027","MDACT","ok","ties should not be present for the one-sample Kolmogorov-Smirnov test","",0.0200000000000102,FALSE
"linear_sparse_n300_t02_r0027","MLFDR","ok","","",0.110000000000014,FALSE
"confounded_sparse_n300_t02_r0027","HDMT","ok","ties should not be present for the one-sample Kolmogorov-Smirnov test","",0.0300000000000011,FALSE
"confounded_sparse_n300_t02_r0027","MDACT","ok","ties should not be present for the one-sample Kolmogorov-Smirnov test","",0.0200000000000102,FALSE
"confounded_sparse_n300_t02_r0027","MLFDR","ok","","",0.20999999999998,FALSE
"binary_sparse_n300_t02_r0027","HDMT","ok","","",0.0800000000000125,FALSE
"binary_sparse_n300_t02_r0027","MDACT","ok","","",0.0100000000000193,FALSE
"binary_sparse_n300_t02_r0027","MLFDR","ok","","",0.280000000000001,FALSE
"linear_dense_n300_t02_r0027","HDMT","ok","ties should not be present for the one-sample Kolmogorov-Smirnov test","",0.0300000000000011,FALSE
"linear_dense_n300_t02_r0027","MDACT","ok","ties should not be present for the one-sample Kolmogorov-Smirnov test","",0.00999999999999091,FALSE
"linear_dense_n300_t02_r0027","MLFDR","ok","","",0.25,FALSE
"confounded_dense_n300_t02_r0027","HDMT","ok","ties should not be present for the one-sample Kolmogorov-Smirnov test","",0.0200000000000102,FALSE
"confounded_dense_n300_t02_r0027","MDACT","ok","ties should not be present for the one-sample Kolmogorov-Smirnov test","",0,FALSE
"confounded_dense_n300_t02_r0027","MLFDR","ok","","",0.169999999999987,FALSE
"binary_dense_n300_t02_r0027","HDMT","ok","","",0.0299999999999727,FALSE
"binary_dense_n300_t02_r0027","MDACT","ok","","",0.0199999999999818,FALSE
"binary_dense_n300_t02_r0027","MLFDR","ok","","",0.180000000000007,FALSE
"linear_sparse_n300_t03_r0027","HDMT","ok","ties should not be present for the one-sample Kolmogorov-Smirnov test","",0.0300000000000011,FALSE
"linear_sparse_n300_t03_r0027","MDACT","ok","ties should not be present for the one-sample Kolmogorov-Smirnov test","",0.0100000000000193,FALSE
"linear_sparse_n300_t03_r0027","MLFDR","ok","","",0.120000000000005,FALSE
"confounded_sparse_n300_t03_r0027","HDMT","ok","ties should not be present for the one-sample Kolmogorov-Smirnov test","",0.0300000000000011,FALSE
"confounded_sparse_n300_t03_r0027","MDACT","ok","ties should not be present for the one-sample Kolmogorov-Smirnov test","",0.0200000000000102,FALSE
"confounded_sparse_n300_t03_r0027","MLFDR","ok","","",0.990000000000009,FALSE
"binary_sparse_n300_t03_r0027","HDMT","ok","","",0.0100000000000193,FALSE
"binary_sparse_n300_t03_r0027","MDACT","ok","","",0.0100000000000193,FALSE
"binary_sparse_n300_t03_r0027","MLFDR","ok","","",0.150000000000006,FALSE
"linear_dense_n300_t03_r0027","HDMT","ok","ties should not be present for the one-sample Kolmogorov-Smirnov test","",0.0100000000000193,FALSE
"linear_dense_n300_t03_r0027","MDACT","ok","ties should not be present for the one-sample Kolmogorov-Smirnov test","",0.0199999999999818,FALSE
"linear_dense_n300_t03_r0027","MLFDR","ok","","",0.150000000000006,FALSE
"confounded_dense_n300_t03_r0027","HDMT","ok","ties should not be present for the one-sample Kolmogorov-Smirnov test","",0.0199999999999818,FALSE
"confounded_dense_n300_t03_r0027","MDACT","ok","ties should not be present for the one-sample Kolmogorov-Smirnov test","",0,FALSE
"confounded_dense_n300_t03_r0027","MLFDR","ok","","",0.170000000000016,FALSE
"binary_dense_n300_t03_r0027","HDMT","ok","","",0.0300000000000011,FALSE
"binary_dense_n300_t03_r0027","MDACT","ok","","",0,FALSE
"binary_dense_n300_t03_r0027","MLFDR","ok","","",0.170000000000016,FALSE
"linear_sparse_n300_t01_r0028","HDMT","ok","ties should not be present for the one-sample Kolmogorov-Smirnov test","",0.0300000000000011,FALSE
"linear_sparse_n300_t01_r0028","MDACT","ok","ties should not be present for the one-sample Kolmogorov-Smirnov test","",0.00999999999999091,FALSE
"linear_sparse_n300_t01_r0028","MLFDR","ok","","",0.340000000000003,FALSE
"confounded_sparse_n300_t01_r0028","HDMT","ok","ties should not be present for the one-sample Kolmogorov-Smirnov test","",0.0300000000000011,FALSE
"confounded_sparse_n300_t01_r0028","MDACT","ok","ties should not be present for the one-sample Kolmogorov-Smirnov test","",0,FALSE
"confounded_sparse_n300_t01_r0028","MLFDR","ok","","",0.279999999999973,FALSE
"binary_sparse_n300_t01_r0028","HDMT","ok","","",0.0199999999999818,FALSE
"binary_sparse_n300_t01_r0028","MDACT","ok","","",0,FALSE
"binary_sparse_n300_t01_r0028","MLFDR","ok","","",1.56999999999999,FALSE
"linear_dense_n300_t01_r0028","HDMT","ok","ties should not be present for the one-sample Kolmogorov-Smirnov test","",0.00999999999999091,FALSE
"linear_dense_n300_t01_r0028","MDACT","ok","ties should not be present for the one-sample Kolmogorov-Smirnov test","",0,FALSE
"linear_dense_n300_t01_r0028","MLFDR","ok","","",0.400000000000006,FALSE
"confounded_dense_n300_t01_r0028","HDMT","ok","ties should not be present for the one-sample Kolmogorov-Smirnov test","",0.0300000000000011,FALSE
"confounded_dense_n300_t01_r0028","MDACT","ok","ties should not be present for the one-sample Kolmogorov-Smirnov test","",0,FALSE
"confounded_dense_n300_t01_r0028","MLFDR","ok","","",0.310000000000002,FALSE
"binary_dense_n300_t01_r0028","HDMT","ok","","",0.0300000000000011,FALSE
"binary_dense_n300_t01_r0028","MDACT","ok","","",0,FALSE
"binary_dense_n300_t01_r0028","MLFDR","ok","","",0.25,FALSE
"linear_sparse_n300_t02_r0028","HDMT","ok","ties should not be present for the one-sample Kolmogorov-Smirnov test","",0.0100000000000193,FALSE
"linear_sparse_n300_t02_r0028","MDACT","ok","ties should not be present for the one-sample Kolmogorov-Smirnov test","",0,FALSE
"linear_sparse_n300_t02_r0028","MLFDR","ok","","",0.620000000000005,FALSE
"confounded_sparse_n300_t02_r0028","HDMT","ok","ties should not be present for the one-sample Kolmogorov-Smirnov test","",0.0300000000000011,FALSE
"confounded_sparse_n300_t02_r0028","MDACT","ok","ties should not be present for the one-sample Kolmogorov-Smirnov test","",0.0200000000000102,FALSE
"confounded_sparse_n300_t02_r0028","MLFDR","ok","","",0.319999999999993,FALSE
"binary_sparse_n300_t02_r0028","HDMT","ok","","",0.0200000000000102,FALSE
"binary_sparse_n300_t02_r0028","MDACT","ok","","",0,FALSE
"binary_sparse_n300_t02_r0028","MLFDR","ok","","",0.260000000000019,FALSE
"linear_dense_n300_t02_r0028","HDMT","ok","ties should not be present for the one-sample Kolmogorov-Smirnov test","",0.0300000000000011,FALSE
"linear_dense_n300_t02_r0028","MDACT","ok","ties should not be present for the one-sample Kolmogorov-Smirnov test","",0,FALSE
"linear_dense_n300_t02_r0028","MLFDR","ok","","",0.360000000000014,FALSE
"confounded_dense_n300_t02_r0028","HDMT","ok","ties should not be present for the one-sample Kolmogorov-Smirnov test","",0.0300000000000011,FALSE
"confounded_dense_n300_t02_r0028","MDACT","ok","ties should not be present for the one-sample Kolmogorov-Smirnov test","",0.0200000000000102,FALSE
"confounded_dense_n300_t02_r0028","MLFDR","ok","","",0.330000000000013,FALSE
"binary_dense_n300_t02_r0028","HDMT","ok","","",0.0200000000000102,FALSE
"binary_dense_n300_t02_r0028","MDACT","ok","","",0,FALSE
"binary_dense_n300_t02_r0028","MLFDR","ok","","",0.25,FALSE
"linear_sparse_n300_t03_r0028","HDMT","ok","ties should not be present for the one-sample Kolmogorov-Smirnov test","",0.00999999999999091,FALSE
"linear_sparse_n300_t03_r0028","MDACT","ok","ties should not be present for the one-sample Kolmogorov-Smirnov test","",0.0200000000000102,FALSE
"linear_sparse_n300_t03_r0028","MLFDR","ok","","",0.659999999999997,FALSE
"confounded_sparse_n300_t03_r0028","HDMT","ok","ties should not be present for the one-sample Kolmogorov-Smirnov test","",0.0200000000000102,FALSE
"confounded_sparse_n300_t03_r0028","MDACT","ok","ties should not be present for the one-sample Kolmogorov-Smirnov test","",0.00999999999999091,FALSE
"confounded_sparse_n300_t03_r0028","MLFDR","ok","","",0.25,FALSE
"binary_sparse_n300_t03_r0028","HDMT","ok","","",0.0200000000000102,FALSE
"binary_sparse_n300_t03_r0028","MDACT","ok","","",0,FALSE
"binary_sparse_n300_t03_r0028","MLFDR","ok","","",0.219999999999999,FALSE
"linear_dense_n300_t03_r0028","HDMT","ok","ties should not be present for the one-sample Kolmogorov-Smirnov test","",0.00999999999999091,FALSE
"linear_dense_n300_t03_r0028","MDACT","ok","ties should not be present for the one-sample Kolmogorov-Smirnov test","",0.0200000000000102,FALSE
"linear_dense_n300_t03_r0028","MLFDR","ok","","",0.0999999999999943,FALSE
"confounded_dense_n300_t03_r0028","HDMT","ok","ties should not be present for the one-sample Kolmogorov-Smirnov test","",0.0200000000000102,FALSE
"confounded_dense_n300_t03_r0028","MDACT","ok","ties should not be present for the one-sample Kolmogorov-Smirnov test","",0,FALSE
"confounded_dense_n300_t03_r0028","MLFDR","ok","","",0.139999999999986,FALSE
"binary_dense_n300_t03_r0028","HDMT","ok","","",0.0199999999999818,FALSE
"binary_dense_n300_t03_r0028","MDACT","ok","","",0.0200000000000102,FALSE
"binary_dense_n300_t03_r0028","MLFDR","ok","","",0.140000000000015,FALSE
"linear_sparse_n300_t01_r0029","HDMT","ok","ties should not be present for the one-sample Kolmogorov-Smirnov test","",0.0200000000000102,FALSE
"linear_sparse_n300_t01_r0029","MDACT","ok","ties should not be present for the one-sample Kolmogorov-Smirnov test","",0,FALSE
"linear_sparse_n300_t01_r0029","MLFDR","ok","","",0.329999999999984,FALSE
"confounded_sparse_n300_t01_r0029","HDMT","ok","ties should not be present for the one-sample Kolmogorov-Smirnov test","",0.039999999999992,FALSE
"confounded_sparse_n300_t01_r0029","MDACT","ok","ties should not be present for the one-sample Kolmogorov-Smirnov test","",0.0199999999999818,FALSE
"confounded_sparse_n300_t01_r0029","MLFDR","ok","","",0.319999999999993,FALSE
"binary_sparse_n300_t01_r0029","HDMT","ok","","",0.0199999999999818,FALSE
"binary_sparse_n300_t01_r0029","MDACT","ok","","",0.0199999999999818,FALSE
"binary_sparse_n300_t01_r0029","MLFDR","ok","","",0.390000000000015,FALSE
"linear_dense_n300_t01_r0029","HDMT","ok","ties should not be present for the one-sample Kolmogorov-Smirnov test","",0.0100000000000193,FALSE
"linear_dense_n300_t01_r0029","MDACT","ok","ties should not be present for the one-sample Kolmogorov-Smirnov test","",0,FALSE
"linear_dense_n300_t01_r0029","MLFDR","ok","","",0.289999999999992,FALSE
"confounded_dense_n300_t01_r0029","HDMT","ok","ties should not be present for the one-sample Kolmogorov-Smirnov test","",0.0300000000000011,FALSE
"confounded_dense_n300_t01_r0029","MDACT","ok","ties should not be present for the one-sample Kolmogorov-Smirnov test","",0.0100000000000193,FALSE
"confounded_dense_n300_t01_r0029","MLFDR","ok","","",0.629999999999995,FALSE
"binary_dense_n300_t01_r0029","HDMT","ok","","",0.0100000000000193,FALSE
"binary_dense_n300_t01_r0029","MDACT","ok","","",0,FALSE
"binary_dense_n300_t01_r0029","MLFDR","ok","","",0.25,FALSE
"linear_sparse_n300_t02_r0029","HDMT","ok","ties should not be present for the one-sample Kolmogorov-Smirnov test","",0.00999999999999091,FALSE
"linear_sparse_n300_t02_r0029","MDACT","ok","ties should not be present for the one-sample Kolmogorov-Smirnov test","",0,FALSE
"linear_sparse_n300_t02_r0029","MLFDR","ok","","",0.299999999999983,FALSE
"confounded_sparse_n300_t02_r0029","HDMT","ok","ties should not be present for the one-sample Kolmogorov-Smirnov test","",0.0300000000000011,FALSE
"confounded_sparse_n300_t02_r0029","MDACT","ok","ties should not be present for the one-sample Kolmogorov-Smirnov test","",0.0199999999999818,FALSE
"confounded_sparse_n300_t02_r0029","MLFDR","ok","","",0.129999999999995,FALSE
"binary_sparse_n300_t02_r0029","HDMT","ok","","",0.0300000000000011,FALSE
"binary_sparse_n300_t02_r0029","MDACT","ok","","",0.00999999999999091,FALSE
"binary_sparse_n300_t02_r0029","MLFDR","ok","","",0.139999999999986,FALSE
"linear_dense_n300_t02_r0029","HDMT","ok","ties should not be present for the one-sample Kolmogorov-Smirnov test","",0.0200000000000102,FALSE
"linear_dense_n300_t02_r0029","MDACT","ok","ties should not be present for the one-sample Kolmogorov-Smirnov test","",0,FALSE
"linear_dense_n300_t02_r0029","MLFDR","ok","","",0.150000000000006,FALSE
"confounded_dense_n300_t02_r0029","HDMT","ok","ties should not be present for the one-sample Kolmogorov-Smirnov test","",0.0400000000000205,FALSE
"confounded_dense_n300_t02_r0029","MDACT","ok","ties should not be present for the one-sample Kolmogorov-Smirnov test","",0.0199999999999818,FALSE
"confounded_dense_n300_t02_r0029","MLFDR","ok","","",0.169999999999987,FALSE
"binary_dense_n300_t02_r0029","HDMT","ok","","",0.0300000000000011,FALSE
"binary_dense_n300_t02_r0029","MDACT","ok","","",0,FALSE
"binary_dense_n300_t02_r0029","MLFDR","ok","","",0.310000000000002,FALSE
"linear_sparse_n300_t03_r0029","HDMT","ok","ties should not be present for the one-sample Kolmogorov-Smirnov test","",0.0300000000000011,FALSE
"linear_sparse_n300_t03_r0029","MDACT","ok","ties should not be present for the one-sample Kolmogorov-Smirnov test","",0.0199999999999818,FALSE
"linear_sparse_n300_t03_r0029","MLFDR","ok","","",0.349999999999994,FALSE
"confounded_sparse_n300_t03_r0029","HDMT","ok","ties should not be present for the one-sample Kolmogorov-Smirnov test","",0.0300000000000011,FALSE
"confounded_sparse_n300_t03_r0029","MDACT","ok","ties should not be present for the one-sample Kolmogorov-Smirnov test","",0.0199999999999818,FALSE
"confounded_sparse_n300_t03_r0029","MLFDR","ok","","",0.25,FALSE
"binary_sparse_n300_t03_r0029","HDMT","ok","","",0.0400000000000205,FALSE
"binary_sparse_n300_t03_r0029","MDACT","ok","","",0,FALSE
"binary_sparse_n300_t03_r0029","MLFDR","ok","","",0.170000000000016,FALSE
"linear_dense_n300_t03_r0029","HDMT","ok","ties should not be present for the one-sample Kolmogorov-Smirnov test","",0.0300000000000011,FALSE
"linear_dense_n300_t03_r0029","MDACT","ok","ties should not be present for the one-sample Kolmogorov-Smirnov test","",0.0199999999999818,FALSE
"linear_dense_n300_t03_r0029","MLFDR","ok","","",0.129999999999995,FALSE
"confounded_dense_n300_t03_r0029","HDMT","ok","ties should not be present for the one-sample Kolmogorov-Smirnov test","",0.0100000000000193,FALSE
"confounded_dense_n300_t03_r0029","MDACT","ok","ties should not be present for the one-sample Kolmogorov-Smirnov test","",0.0199999999999818,FALSE
"confounded_dense_n300_t03_r0029","MLFDR","ok","","",0.139999999999986,FALSE
"binary_dense_n300_t03_r0029","HDMT","ok","","",0.0300000000000011,FALSE
"binary_dense_n300_t03_r0029","MDACT","ok","","",0.00999999999999091,FALSE
"binary_dense_n300_t03_r0029","MLFDR","ok","","",0.139999999999986,FALSE
"linear_sparse_n300_t01_r0030","HDMT","ok","ties should not be present for the one-sample Kolmogorov-Smirnov test","",0.0800000000000125,FALSE
"linear_sparse_n300_t01_r0030","MDACT","ok","ties should not be present for the one-sample Kolmogorov-Smirnov test","",0.0200000000000102,FALSE
"linear_sparse_n300_t01_r0030","MLFDR","ok","","",0.399999999999977,FALSE
"confounded_sparse_n300_t01_r0030","HDMT","ok","ties should not be present for the one-sample Kolmogorov-Smirnov test","",0.0200000000000102,FALSE
"confounded_sparse_n300_t01_r0030","MDACT","ok","ties should not be present for the one-sample Kolmogorov-Smirnov test","",0,FALSE
"confounded_sparse_n300_t01_r0030","MLFDR","ok","","",0.439999999999998,FALSE
"binary_sparse_n300_t01_r0030","HDMT","ok","","",0.00999999999999091,FALSE
"binary_sparse_n300_t01_r0030","MDACT","ok","","",0,FALSE
"binary_sparse_n300_t01_r0030","MLFDR","ok","","",0.659999999999997,FALSE
"linear_dense_n300_t01_r0030","HDMT","ok","ties should not be present for the one-sample Kolmogorov-Smirnov test","",0.00999999999999091,FALSE
"linear_dense_n300_t01_r0030","MDACT","ok","ties should not be present for the one-sample Kolmogorov-Smirnov test","",0.0100000000000193,FALSE
"linear_dense_n300_t01_r0030","MLFDR","ok","","",1,FALSE
"confounded_dense_n300_t01_r0030","HDMT","ok","ties should not be present for the one-sample Kolmogorov-Smirnov test","",0.0300000000000011,FALSE
"confounded_dense_n300_t01_r0030","MDACT","ok","ties should not be present for the one-sample Kolmogorov-Smirnov test","",0.0200000000000102,FALSE
"confounded_dense_n300_t01_r0030","MLFDR","ok","","",0.420000000000016,FALSE
"binary_dense_n300_t01_r0030","HDMT","ok","","",0.0300000000000011,FALSE
"binary_dense_n300_t01_r0030","MDACT","ok","","",0.0199999999999818,FALSE
"binary_dense_n300_t01_r0030","MLFDR","ok","","",0.390000000000015,FALSE
"linear_sparse_n300_t02_r0030","HDMT","ok","ties should not be present for the one-sample Kolmogorov-Smirnov test","",0.0300000000000011,FALSE
"linear_sparse_n300_t02_r0030","MDACT","ok","ties should not be present for the one-sample Kolmogorov-Smirnov test","",0,FALSE
"linear_sparse_n300_t02_r0030","MLFDR","ok","","",0.169999999999987,FALSE
"confounded_sparse_n300_t02_r0030","HDMT","ok","ties should not be present for the one-sample Kolmogorov-Smirnov test","",0.0300000000000011,FALSE
"confounded_sparse_n300_t02_r0030","MDACT","ok","ties should not be present for the one-sample Kolmogorov-Smirnov test","",0.00999999999999091,FALSE
"confounded_sparse_n300_t02_r0030","MLFDR","ok","","",0.140000000000015,FALSE
"binary_sparse_n300_t02_r0030","HDMT","ok","","",0.0300000000000011,FALSE
"binary_sparse_n300_t02_r0030","MDACT","ok","","",0.00999999999999091,FALSE
"binary_sparse_n300_t02_r0030","MLFDR","ok","","",0.409999999999997,FALSE
"linear_dense_n300_t02_r0030","HDMT","ok","ties should not be present for the one-sample Kolmogorov-Smirnov test","",0.0200000000000102,FALSE
"linear_dense_n300_t02_r0030","MDACT","ok","ties should not be present for the one-sample Kolmogorov-Smirnov test","",0.0199999999999818,FALSE
"linear_dense_n300_t02_r0030","MLFDR","ok","","",0.189999999999998,FALSE
"confounded_dense_n300_t02_r0030","HDMT","ok","ties should not be present for the one-sample Kolmogorov-Smirnov test","",0.0300000000000011,FALSE
"confounded_dense_n300_t02_r0030","MDACT","ok","ties should not be present for the one-sample Kolmogorov-Smirnov test","",0,FALSE
"confounded_dense_n300_t02_r0030","MLFDR","ok","","",0.189999999999998,FALSE
"binary_dense_n300_t02_r0030","HDMT","ok","","",0.0300000000000011,FALSE
"binary_dense_n300_t02_r0030","MDACT","ok","","",0.00999999999999091,FALSE
"binary_dense_n300_t02_r0030","MLFDR","ok","","",0.230000000000018,FALSE
"linear_sparse_n300_t03_r0030","HDMT","ok","ties should not be present for the one-sample Kolmogorov-Smirnov test","",0.0300000000000011,FALSE
"linear_sparse_n300_t03_r0030","MDACT","ok","ties should not be present for the one-sample Kolmogorov-Smirnov test","",0.00999999999999091,FALSE
"linear_sparse_n300_t03_r0030","MLFDR","ok","","",0.139999999999986,FALSE
"confounded_sparse_n300_t03_r0030","HDMT","ok","ties should not be present for the one-sample Kolmogorov-Smirnov test","",0.00999999999999091,FALSE
"confounded_sparse_n300_t03_r0030","MDACT","ok","ties should not be present for the one-sample Kolmogorov-Smirnov test","",0.00999999999999091,FALSE
"confounded_sparse_n300_t03_r0030","MLFDR","ok","","",0.169999999999987,FALSE
"binary_sparse_n300_t03_r0030","HDMT","ok","","",0.0200000000000102,FALSE
"binary_sparse_n300_t03_r0030","MDACT","ok","","",0.0200000000000102,FALSE
"binary_sparse_n300_t03_r0030","MLFDR","ok","","",0.0900000000000034,FALSE
"linear_dense_n300_t03_r0030","HDMT","ok","ties should not be present for the one-sample Kolmogorov-Smirnov test","",0.0200000000000102,FALSE
"linear_dense_n300_t03_r0030","MDACT","ok","ties should not be present for the one-sample Kolmogorov-Smirnov test","",0,FALSE
"linear_dense_n300_t03_r0030","MLFDR","ok","","",0.189999999999998,FALSE
"confounded_dense_n300_t03_r0030","HDMT","ok","ties should not be present for the one-sample Kolmogorov-Smirnov test","",0.0300000000000011,FALSE
"confounded_dense_n300_t03_r0030","MDACT","ok","ties should not be present for the one-sample Kolmogorov-Smirnov test","",0.0200000000000102,FALSE
"confounded_dense_n300_t03_r0030","MLFDR","ok","","",0.0999999999999943,FALSE
"binary_dense_n300_t03_r0030","HDMT","ok","","",0.0300000000000011,FALSE
"binary_dense_n300_t03_r0030","MDACT","ok","","",0.0200000000000102,FALSE
"binary_dense_n300_t03_r0030","MLFDR","ok","","",0.0900000000000034,FALSE
"linear_sparse_n300_t01_r0031","HDMT","ok","ties should not be present for the one-sample Kolmogorov-Smirnov test","",0.0300000000000011,FALSE
"linear_sparse_n300_t01_r0031","MDACT","ok","ties should not be present for the one-sample Kolmogorov-Smirnov test","",0.00999999999999091,FALSE
"linear_sparse_n300_t01_r0031","MLFDR","ok","","",0.969999999999999,FALSE
"confounded_sparse_n300_t01_r0031","HDMT","ok","ties should not be present for the one-sample Kolmogorov-Smirnov test","",0.0300000000000011,FALSE
"confounded_sparse_n300_t01_r0031","MDACT","ok","ties should not be present for the one-sample Kolmogorov-Smirnov test","",0.0199999999999818,FALSE
"confounded_sparse_n300_t01_r0031","MLFDR","ok","","",0.539999999999992,FALSE
"binary_sparse_n300_t01_r0031","HDMT","ok","","",0.0100000000000193,FALSE
"binary_sparse_n300_t01_r0031","MDACT","ok","","",0.0100000000000193,FALSE
"binary_sparse_n300_t01_r0031","MLFDR","ok","","",1.03999999999999,FALSE
"linear_dense_n300_t01_r0031","HDMT","ok","ties should not be present for the one-sample Kolmogorov-Smirnov test","",0.0300000000000011,FALSE
"linear_dense_n300_t01_r0031","MDACT","ok","ties should not be present for the one-sample Kolmogorov-Smirnov test","",0.00999999999999091,FALSE
"linear_dense_n300_t01_r0031","MLFDR","ok","","",0.549999999999983,FALSE
"confounded_dense_n300_t01_r0031","HDMT","ok","ties should not be present for the one-sample Kolmogorov-Smirnov test","",0.0200000000000102,FALSE
"confounded_dense_n300_t01_r0031","MDACT","ok","ties should not be present for the one-sample Kolmogorov-Smirnov test","",0.00999999999999091,FALSE
"confounded_dense_n300_t01_r0031","MLFDR","ok","","",0.669999999999987,FALSE
"binary_dense_n300_t01_r0031","HDMT","ok","","",0.0300000000000011,FALSE
"binary_dense_n300_t01_r0031","MDACT","ok","","",0.00999999999999091,FALSE
"binary_dense_n300_t01_r0031","MLFDR","ok","","",0.530000000000001,FALSE
"linear_sparse_n300_t02_r0031","HDMT","ok","ties should not be present for the one-sample Kolmogorov-Smirnov test","",0.0400000000000205,FALSE
"linear_sparse_n300_t02_r0031","MDACT","ok","ties should not be present for the one-sample Kolmogorov-Smirnov test","",0.0199999999999818,FALSE
"linear_sparse_n300_t02_r0031","MLFDR","ok","","",0.879999999999995,FALSE
"confounded_sparse_n300_t02_r0031","HDMT","ok","ties should not be present for the one-sample Kolmogorov-Smirnov test","",0.0200000000000102,FALSE
"confounded_sparse_n300_t02_r0031","MDACT","ok","ties should not be present for the one-sample Kolmogorov-Smirnov test","",0,FALSE
"confounded_sparse_n300_t02_r0031","MLFDR","ok","","",0.159999999999997,FALSE
"binary_sparse_n300_t02_r0031","HDMT","ok","","",0.0199999999999818,FALSE
"binary_sparse_n300_t02_r0031","MDACT","ok","","",0.0100000000000193,FALSE
"binary_sparse_n300_t02_r0031","MLFDR","ok","","",0.230000000000018,FALSE
"linear_dense_n300_t02_r0031","HDMT","ok","ties should not be present for the one-sample Kolmogorov-Smirnov test","",0.0300000000000011,FALSE
"linear_dense_n300_t02_r0031","MDACT","ok","ties should not be present for the one-sample Kolmogorov-Smirnov test","",0.00999999999999091,FALSE
"linear_dense_n300_t02_r0031","MLFDR","ok","","",0.22999999999999,FALSE
"confounded_dense_n300_t02_r0031","HDMT","ok","ties should not be present for the one-sample Kolmogorov-Smirnov test","",0.0300000000000011,FALSE
"confounded_dense_n300_t02_r0031","MDACT","ok","ties should not be present for the one-sample Kolmogorov-Smirnov test","",0.0100000000000193,FALSE
"confounded_dense_n300_t02_r0031","MLFDR","ok","","",0.179999999999978,FALSE
"binary_dense_n300_t02_r0031","HDMT","ok","","",0.0100000000000193,FALSE
"binary_dense_n300_t02_r0031","MDACT","ok","","",0,FALSE
"binary_dense_n300_t02_r0031","MLFDR","ok","","",0.129999999999995,FALSE
"linear_sparse_n300_t03_r0031","HDMT","ok","ties should not be present for the one-sample Kolmogorov-Smirnov test","",0.0200000000000102,FALSE
"linear_sparse_n300_t03_r0031","MDACT","ok","ties should not be present for the one-sample Kolmogorov-Smirnov test","",0,FALSE
"linear_sparse_n300_t03_r0031","MLFDR","ok","","",0.0799999999999841,FALSE
"confounded_sparse_n300_t03_r0031","HDMT","ok","ties should not be present for the one-sample Kolmogorov-Smirnov test","",0.00999999999999091,FALSE
"confounded_sparse_n300_t03_r0031","MDACT","ok","ties should not be present for the one-sample Kolmogorov-Smirnov test","",0.00999999999999091,FALSE
"confounded_sparse_n300_t03_r0031","MLFDR","ok","","",0.110000000000014,FALSE
"binary_sparse_n300_t03_r0031","HDMT","ok","","",0.0300000000000011,FALSE
"binary_sparse_n300_t03_r0031","MDACT","ok","","",0.0200000000000102,FALSE
"binary_sparse_n300_t03_r0031","MLFDR","ok","","",0.129999999999995,FALSE
"linear_dense_n300_t03_r0031","HDMT","ok","ties should not be present for the one-sample Kolmogorov-Smirnov test","",0.0199999999999818,FALSE
"linear_dense_n300_t03_r0031","MDACT","ok","ties should not be present for the one-sample Kolmogorov-Smirnov test","",0.0100000000000193,FALSE
"linear_dense_n300_t03_r0031","MLFDR","ok","","",0.140000000000015,FALSE
"confounded_dense_n300_t03_r0031","HDMT","ok","ties should not be present for the one-sample Kolmogorov-Smirnov test","",0.0300000000000011,FALSE
"confounded_dense_n300_t03_r0031","MDACT","ok","ties should not be present for the one-sample Kolmogorov-Smirnov test","",0.0199999999999818,FALSE
"confounded_dense_n300_t03_r0031","MLFDR","ok","","",0.199999999999989,FALSE
"binary_dense_n300_t03_r0031","HDMT","ok","","",0.00999999999999091,FALSE
"binary_dense_n300_t03_r0031","MDACT","ok","","",0.0100000000000193,FALSE
"binary_dense_n300_t03_r0031","MLFDR","ok","","",0.140000000000015,FALSE
"linear_sparse_n300_t01_r0032","HDMT","ok","ties should not be present for the one-sample Kolmogorov-Smirnov test","",0.00999999999999091,FALSE
"linear_sparse_n300_t01_r0032","MDACT","ok","ties should not be present for the one-sample Kolmogorov-Smirnov test","",0,FALSE
"linear_sparse_n300_t01_r0032","MLFDR","ok","","",0.370000000000005,FALSE
"confounded_sparse_n300_t01_r0032","HDMT","ok","ties should not be present for the one-sample Kolmogorov-Smirnov test","",0.00999999999999091,FALSE
"confounded_sparse_n300_t01_r0032","MDACT","ok","ties should not be present for the one-sample Kolmogorov-Smirnov test","",0,FALSE
"confounded_sparse_n300_t01_r0032","MLFDR","ok","","",0.29000000000002,FALSE
"binary_sparse_n300_t01_r0032","HDMT","ok","","",0.0300000000000011,FALSE
"binary_sparse_n300_t01_r0032","MDACT","ok","","",0,FALSE
"binary_sparse_n300_t01_r0032","MLFDR","ok","","",1.75999999999999,FALSE
"linear_dense_n300_t01_r0032","HDMT","ok","ties should not be present for the one-sample Kolmogorov-Smirnov test","",0.0100000000000193,FALSE
"linear_dense_n300_t01_r0032","MDACT","ok","ties should not be present for the one-sample Kolmogorov-Smirnov test","",0,FALSE
"linear_dense_n300_t01_r0032","MLFDR","ok","","",0.429999999999978,FALSE
"confounded_dense_n300_t01_r0032","HDMT","ok","ties should not be present for the one-sample Kolmogorov-Smirnov test","",0.0600000000000023,FALSE
"confounded_dense_n300_t01_r0032","MDACT","ok","ties should not be present for the one-sample Kolmogorov-Smirnov test","",0,FALSE
"confounded_dense_n300_t01_r0032","MLFDR","ok","","",0.200000000000017,FALSE
"binary_dense_n300_t01_r0032","HDMT","ok","","",0.0199999999999818,FALSE
"binary_dense_n300_t01_r0032","MDACT","ok","","",0.0199999999999818,FALSE
"binary_dense_n300_t01_r0032","MLFDR","ok","","",0.289999999999992,FALSE
"linear_sparse_n300_t02_r0032","HDMT","ok","ties should not be present for the one-sample Kolmogorov-Smirnov test","",0.0300000000000011,FALSE
"linear_sparse_n300_t02_r0032","MDACT","ok","ties should not be present for the one-sample Kolmogorov-Smirnov test","",0,FALSE
"linear_sparse_n300_t02_r0032","MLFDR","ok","","",0.189999999999998,FALSE
"confounded_sparse_n300_t02_r0032","HDMT","ok","ties should not be present for the one-sample Kolmogorov-Smirnov test","",0.0300000000000011,FALSE
"confounded_sparse_n300_t02_r0032","MDACT","ok","ties should not be present for the one-sample Kolmogorov-Smirnov test","",0.0200000000000102,FALSE
"confounded_sparse_n300_t02_r0032","MLFDR","ok","","",0.189999999999998,FALSE
"binary_sparse_n300_t02_r0032","HDMT","ok","","",0.00999999999999091,FALSE
"binary_sparse_n300_t02_r0032","MDACT","ok","","",0.00999999999999091,FALSE
"binary_sparse_n300_t02_r0032","MLFDR","ok","","",0.780000000000001,FALSE
"linear_dense_n300_t02_r0032","HDMT","ok","ties should not be present for the one-sample Kolmogorov-Smirnov test","",0.0500000000000114,FALSE
"linear_dense_n300_t02_r0032","MDACT","ok","ties should not be present for the one-sample Kolmogorov-Smirnov test","",0.00999999999999091,FALSE
"linear_dense_n300_t02_r0032","MLFDR","ok","","",0.200000000000017,FALSE
"confounded_dense_n300_t02_r0032","HDMT","ok","ties should not be present for the one-sample Kolmogorov-Smirnov test","",0.0199999999999818,FALSE
"confounded_dense_n300_t02_r0032","MDACT","ok","ties should not be present for the one-sample Kolmogorov-Smirnov test","",0.0199999999999818,FALSE
"confounded_dense_n300_t02_r0032","MLFDR","ok","","",0.180000000000007,FALSE
"binary_dense_n300_t02_r0032","HDMT","ok","","",0.0400000000000205,FALSE
"binary_dense_n300_t02_r0032","MDACT","ok","","",0.0199999999999818,FALSE
"binary_dense_n300_t02_r0032","MLFDR","ok","","",0.239999999999981,FALSE
"linear_sparse_n300_t03_r0032","HDMT","ok","ties should not be present for the one-sample Kolmogorov-Smirnov test","",0.0400000000000205,FALSE
"linear_sparse_n300_t03_r0032","MDACT","ok","ties should not be present for the one-sample Kolmogorov-Smirnov test","",0.0199999999999818,FALSE
"linear_sparse_n300_t03_r0032","MLFDR","ok","","",0.25,FALSE
"confounded_sparse_n300_t03_r0032","HDMT","ok","ties should not be present for the one-sample Kolmogorov-Smirnov test","",0.039999999999992,FALSE
"confounded_sparse_n300_t03_r0032","MDACT","ok","ties should not be present for the one-sample Kolmogorov-Smirnov test","",0.0199999999999818,FALSE
"confounded_sparse_n300_t03_r0032","MLFDR","ok","","",0.239999999999981,FALSE
"binary_sparse_n300_t03_r0032","HDMT","ok","","",0.0300000000000011,FALSE
"binary_sparse_n300_t03_r0032","MDACT","ok","","",0.0100000000000193,FALSE
"binary_sparse_n300_t03_r0032","MLFDR","ok","","",0.159999999999997,FALSE
"linear_dense_n300_t03_r0032","HDMT","ok","ties should not be present for the one-sample Kolmogorov-Smirnov test","",0.0300000000000011,FALSE
"linear_dense_n300_t03_r0032","MDACT","ok","ties should not be present for the one-sample Kolmogorov-Smirnov test","",0.00999999999999091,FALSE
"linear_dense_n300_t03_r0032","MLFDR","ok","","",0.150000000000006,FALSE
"confounded_dense_n300_t03_r0032","HDMT","ok","ties should not be present for the one-sample Kolmogorov-Smirnov test","",0.0300000000000011,FALSE
"confounded_dense_n300_t03_r0032","MDACT","ok","ties should not be present for the one-sample Kolmogorov-Smirnov test","",0,FALSE
"confounded_dense_n300_t03_r0032","MLFDR","ok","","",0.120000000000005,FALSE
"binary_dense_n300_t03_r0032","HDMT","ok","","",0.039999999999992,FALSE
"binary_dense_n300_t03_r0032","MDACT","ok","","",0,FALSE
"binary_dense_n300_t03_r0032","MLFDR","ok","","",0.140000000000015,FALSE
"linear_sparse_n300_t01_r0033","HDMT","ok","ties should not be present for the one-sample Kolmogorov-Smirnov test","",0.0199999999999818,FALSE
"linear_sparse_n300_t01_r0033","MDACT","ok","ties should not be present for the one-sample Kolmogorov-Smirnov test","",0.0199999999999818,FALSE
"linear_sparse_n300_t01_r0033","MLFDR","ok","","",0.310000000000002,FALSE
"confounded_sparse_n300_t01_r0033","HDMT","ok","ties should not be present for the one-sample Kolmogorov-Smirnov test","",0.0300000000000011,FALSE
"confounded_sparse_n300_t01_r0033","MDACT","ok","ties should not be present for the one-sample Kolmogorov-Smirnov test","",0.0100000000000193,FALSE
"confounded_sparse_n300_t01_r0033","MLFDR","ok","","",0.980000000000018,FALSE
"binary_sparse_n300_t01_r0033","HDMT","ok","","",0.00999999999999091,FALSE
"binary_sparse_n300_t01_r0033","MDACT","ok","","",0,FALSE
"binary_sparse_n300_t01_r0033","MLFDR","ok","","",0.470000000000027,FALSE
"linear_dense_n300_t01_r0033","HDMT","ok","ties should not be present for the one-sample Kolmogorov-Smirnov test","",0.00999999999999091,FALSE
"linear_dense_n300_t01_r0033","MDACT","ok","ties should not be present for the one-sample Kolmogorov-Smirnov test","",0,FALSE
"linear_dense_n300_t01_r0033","MLFDR","ok","","",0.299999999999983,FALSE
"confounded_dense_n300_t01_r0033","HDMT","ok","ties should not be present for the one-sample Kolmogorov-Smirnov test","",0.00999999999999091,FALSE
"confounded_dense_n300_t01_r0033","MDACT","ok","ties should not be present for the one-sample Kolmogorov-Smirnov test","",0,FALSE
"confounded_dense_n300_t01_r0033","MLFDR","ok","","",0.449999999999989,FALSE
"binary_dense_n300_t01_r0033","HDMT","ok","","",0.0300000000000011,FALSE
"binary_dense_n300_t01_r0033","MDACT","ok","","",0.0199999999999818,FALSE
"binary_dense_n300_t01_r0033","MLFDR","ok","","",0.560000000000002,FALSE
"linear_sparse_n300_t02_r0033","HDMT","ok","ties should not be present for the one-sample Kolmogorov-Smirnov test","",0.039999999999992,FALSE
"linear_sparse_n300_t02_r0033","MDACT","ok","ties should not be present for the one-sample Kolmogorov-Smirnov test","",0.0200000000000102,FALSE
"linear_sparse_n300_t02_r0033","MLFDR","ok","","",0.159999999999997,FALSE
"confounded_sparse_n300_t02_r0033","HDMT","ok","ties should not be present for the one-sample Kolmogorov-Smirnov test","",0.00999999999999091,FALSE
"confounded_sparse_n300_t02_r0033","MDACT","ok","ties should not be present for the one-sample Kolmogorov-Smirnov test","",0.00999999999999091,FALSE
"confounded_sparse_n300_t02_r0033","MLFDR","ok","","",0.120000000000005,FALSE
"binary_sparse_n300_t02_r0033","HDMT","ok","","",0.0300000000000011,FALSE
"binary_sparse_n300_t02_r0033","MDACT","ok","","",0,FALSE
"binary_sparse_n300_t02_r0033","MLFDR","ok","","",0.289999999999992,FALSE
"linear_dense_n300_t02_r0033","HDMT","ok","ties should not be present for the one-sample Kolmogorov-Smirnov test","",0.0200000000000102,FALSE
"linear_dense_n300_t02_r0033","MDACT","ok","ties should not be present for the one-sample Kolmogorov-Smirnov test","",0.0200000000000102,FALSE
"linear_dense_n300_t02_r0033","MLFDR","ok","","",0.309999999999974,FALSE
"confounded_dense_n300_t02_r0033","HDMT","ok","ties should not be present for the one-sample Kolmogorov-Smirnov test","",0.0300000000000011,FALSE
"confounded_dense_n300_t02_r0033","MDACT","ok","ties should not be present for the one-sample Kolmogorov-Smirnov test","",0,FALSE
"confounded_dense_n300_t02_r0033","MLFDR","ok","","",0.110000000000014,FALSE
"binary_dense_n300_t02_r0033","HDMT","ok","","",0.0300000000000011,FALSE
"binary_dense_n300_t02_r0033","MDACT","ok","","",0.0100000000000193,FALSE
"binary_dense_n300_t02_r0033","MLFDR","ok","","",0.219999999999999,FALSE
"linear_sparse_n300_t03_r0033","HDMT","ok","ties should not be present for the one-sample Kolmogorov-Smirnov test","",0.039999999999992,FALSE
"linear_sparse_n300_t03_r0033","MDACT","ok","ties should not be present for the one-sample Kolmogorov-Smirnov test","",0.0200000000000102,FALSE
"linear_sparse_n300_t03_r0033","MLFDR","ok","","",0.170000000000016,FALSE
"confounded_sparse_n300_t03_r0033","HDMT","ok","ties should not be present for the one-sample Kolmogorov-Smirnov test","",0.0300000000000011,FALSE
"confounded_sparse_n300_t03_r0033","MDACT","ok","ties should not be present for the one-sample Kolmogorov-Smirnov test","",0.00999999999999091,FALSE
"confounded_sparse_n300_t03_r0033","MLFDR","ok","","",0.280000000000001,FALSE
"binary_sparse_n300_t03_r0033","HDMT","ok","","",0.0300000000000011,FALSE
"binary_sparse_n300_t03_r0033","MDACT","ok","","",0.0199999999999818,FALSE
"binary_sparse_n300_t03_r0033","MLFDR","ok","","",0.109999999999985,FALSE
"linear_dense_n300_t03_r0033","HDMT","ok","ties should not be present for the one-sample Kolmogorov-Smirnov test","",0.0100000000000193,FALSE
"linear_dense_n300_t03_r0033","MDACT","ok","ties should not be present for the one-sample Kolmogorov-Smirnov test","",0,FALSE
"linear_dense_n300_t03_r0033","MLFDR","ok","","",0.120000000000005,FALSE
"confounded_dense_n300_t03_r0033","HDMT","ok","ties should not be present for the one-sample Kolmogorov-Smirnov test","",0.0199999999999818,FALSE
"confounded_dense_n300_t03_r0033","MDACT","ok","ties should not be present for the one-sample Kolmogorov-Smirnov test","",0,FALSE
"confounded_dense_n300_t03_r0033","MLFDR","ok","","",0.189999999999998,FALSE
"binary_dense_n300_t03_r0033","HDMT","ok","","",0.0100000000000193,FALSE
"binary_dense_n300_t03_r0033","MDACT","ok","","",0.00999999999999091,FALSE
"binary_dense_n300_t03_r0033","MLFDR","ok","","",0.169999999999987,FALSE
"linear_sparse_n300_t01_r0034","HDMT","ok","ties should not be present for the one-sample Kolmogorov-Smirnov test","",0.0200000000000102,FALSE
"linear_sparse_n300_t01_r0034","MDACT","ok","ties should not be present for the one-sample Kolmogorov-Smirnov test","",0.00999999999999091,FALSE
"linear_sparse_n300_t01_r0034","MLFDR","ok","","",1,FALSE
"confounded_sparse_n300_t01_r0034","HDMT","ok","ties should not be present for the one-sample Kolmogorov-Smirnov test","",0.00999999999999091,FALSE
"confounded_sparse_n300_t01_r0034","MDACT","ok","ties should not be present for the one-sample Kolmogorov-Smirnov test","",0,FALSE
"confounded_sparse_n300_t01_r0034","MLFDR","ok","","",0.830000000000013,FALSE
"binary_sparse_n300_t01_r0034","HDMT","ok","","",0.0300000000000011,FALSE
"binary_sparse_n300_t01_r0034","MDACT","ok","","",0.0199999999999818,FALSE
"binary_sparse_n300_t01_r0034","MLFDR","ok","","",0.679999999999978,FALSE
"linear_dense_n300_t01_r0034","HDMT","ok","ties should not be present for the one-sample Kolmogorov-Smirnov test","",0.0199999999999818,FALSE
"linear_dense_n300_t01_r0034","MDACT","ok","ties should not be present for the one-sample Kolmogorov-Smirnov test","",0,FALSE
"linear_dense_n300_t01_r0034","MLFDR","ok","","",0.469999999999999,FALSE
"confounded_dense_n300_t01_r0034","HDMT","ok","ties should not be present for the one-sample Kolmogorov-Smirnov test","",0.0300000000000011,FALSE
"confounded_dense_n300_t01_r0034","MDACT","ok","ties should not be present for the one-sample Kolmogorov-Smirnov test","",0.0200000000000102,FALSE
"confounded_dense_n300_t01_r0034","MLFDR","ok","","",0.339999999999975,FALSE
"binary_dense_n300_t01_r0034","HDMT","ok","","",0.0600000000000023,FALSE
"binary_dense_n300_t01_r0034","MDACT","ok","","",0.0299999999999727,FALSE
"binary_dense_n300_t01_r0034","MLFDR","ok","","",1.36000000000001,FALSE
"linear_sparse_n300_t02_r0034","HDMT","ok","ties should not be present for the one-sample Kolmogorov-Smirnov test","",0.0699999999999932,FALSE
"linear_sparse_n300_t02_r0034","MDACT","ok","ties should not be present for the one-sample Kolmogorov-Smirnov test","",0.00999999999999091,FALSE
"linear_sparse_n300_t02_r0034","MLFDR","ok","","",1.15000000000001,FALSE
"confounded_sparse_n300_t02_r0034","HDMT","ok","ties should not be present for the one-sample Kolmogorov-Smirnov test","",0.0600000000000023,FALSE
"confounded_sparse_n300_t02_r0034","MDACT","ok","ties should not be present for the one-sample Kolmogorov-Smirnov test","",0.00999999999999091,FALSE
"confounded_sparse_n300_t02_r0034","MLFDR","ok","","",0.560000000000002,FALSE
"binary_sparse_n300_t02_r0034","HDMT","ok","","",0.0599999999999739,FALSE
"binary_sparse_n300_t02_r0034","MDACT","ok","","",0.0300000000000011,FALSE
"binary_sparse_n300_t02_r0034","MLFDR","ok","","",0.569999999999993,FALSE
"linear_dense_n300_t02_r0034","HDMT","ok","ties should not be present for the one-sample Kolmogorov-Smirnov test","",0.0600000000000023,FALSE
"linear_dense_n300_t02_r0034","MDACT","ok","ties should not be present for the one-sample Kolmogorov-Smirnov test","",0.0100000000000193,FALSE
"linear_dense_n300_t02_r0034","MLFDR","ok","","",1.25,FALSE
"confounded_dense_n300_t02_r0034","HDMT","ok","ties should not be present for the one-sample Kolmogorov-Smirnov test","",0.0800000000000125,FALSE
"confounded_dense_n300_t02_r0034","MDACT","ok","ties should not be present for the one-sample Kolmogorov-Smirnov test","",0.0199999999999818,FALSE
"confounded_dense_n300_t02_r0034","MLFDR","ok","","",0.700000000000017,FALSE
"binary_dense_n300_t02_r0034","HDMT","ok","","",0.0600000000000023,FALSE
"binary_dense_n300_t02_r0034","MDACT","ok","","",0.0300000000000011,FALSE
"binary_dense_n300_t02_r0034","MLFDR","ok","","",0.610000000000014,FALSE
"linear_sparse_n300_t03_r0034","HDMT","ok","ties should not be present for the one-sample Kolmogorov-Smirnov test","",0.0600000000000023,FALSE
"linear_sparse_n300_t03_r0034","MDACT","ok","ties should not be present for the one-sample Kolmogorov-Smirnov test","",0.0300000000000011,FALSE
"linear_sparse_n300_t03_r0034","MLFDR","ok","","",0.379999999999995,FALSE
"confounded_sparse_n300_t03_r0034","HDMT","ok","ties should not be present for the one-sample Kolmogorov-Smirnov test","",0.0600000000000023,FALSE
"confounded_sparse_n300_t03_r0034","MDACT","ok","ties should not be present for the one-sample Kolmogorov-Smirnov test","",0.0300000000000011,FALSE
"confounded_sparse_n300_t03_r0034","MLFDR","ok","","",0.310000000000002,FALSE
"binary_sparse_n300_t03_r0034","HDMT","ok","","",0.0300000000000011,FALSE
"binary_sparse_n300_t03_r0034","MDACT","ok","","",0.0200000000000102,FALSE
"binary_sparse_n300_t03_r0034","MLFDR","ok","","",0.0699999999999932,FALSE
"linear_dense_n300_t03_r0034","HDMT","ok","ties should not be present for the one-sample Kolmogorov-Smirnov test","",0.0699999999999932,FALSE
"linear_dense_n300_t03_r0034","MDACT","ok","ties should not be present for the one-sample Kolmogorov-Smirnov test","",0.0300000000000011,FALSE
"linear_dense_n300_t03_r0034","MLFDR","ok","","",0.590000000000003,FALSE
"confounded_dense_n300_t03_r0034","HDMT","ok","ties should not be present for the one-sample Kolmogorov-Smirnov test","",0.0699999999999932,FALSE
"confounded_dense_n300_t03_r0034","MDACT","ok","ties should not be present for the one-sample Kolmogorov-Smirnov test","",0.00999999999999091,FALSE
"confounded_dense_n300_t03_r0034","MLFDR","ok","","",0.349999999999994,FALSE
"binary_dense_n300_t03_r0034","HDMT","ok","","",0.0300000000000011,FALSE
"binary_dense_n300_t03_r0034","MDACT","ok","","",0.0199999999999818,FALSE
"binary_dense_n300_t03_r0034","MLFDR","ok","","",0.120000000000005,FALSE
"linear_sparse_n300_t01_r0035","HDMT","ok","ties should not be present for the one-sample Kolmogorov-Smirnov test","",0.0300000000000011,FALSE
"linear_sparse_n300_t01_r0035","MDACT","ok","ties should not be present for the one-sample Kolmogorov-Smirnov test","",0.0199999999999818,FALSE
"linear_sparse_n300_t01_r0035","MLFDR","ok","","",0.5,FALSE
"confounded_sparse_n300_t01_r0035","HDMT","ok","ties should not be present for the one-sample Kolmogorov-Smirnov test","",0.00999999999999091,FALSE
"confounded_sparse_n300_t01_r0035","MDACT","ok","ties should not be present for the one-sample Kolmogorov-Smirnov test","",0,FALSE
"confounded_sparse_n300_t01_r0035","MLFDR","ok","","",0.47999999999999,FALSE
"binary_sparse_n300_t01_r0035","HDMT","ok","","",0.00999999999999091,FALSE
"binary_sparse_n300_t01_r0035","MDACT","ok","","",0,FALSE
"binary_sparse_n300_t01_r0035","MLFDR","ok","","",0.489999999999981,FALSE
"linear_dense_n300_t01_r0035","HDMT","ok","ties should not be present for the one-sample Kolmogorov-Smirnov test","",0.0200000000000102,FALSE
"linear_dense_n300_t01_r0035","MDACT","ok","ties should not be present for the one-sample Kolmogorov-Smirnov test","",0.0100000000000193,FALSE
"linear_dense_n300_t01_r0035","MLFDR","ok","","",0.420000000000016,FALSE
"confounded_dense_n300_t01_r0035","HDMT","ok","ties should not be present for the one-sample Kolmogorov-Smirnov test","",0.0300000000000011,FALSE
"confounded_dense_n300_t01_r0035","MDACT","ok","ties should not be present for the one-sample Kolmogorov-Smirnov test","",0.0200000000000102,FALSE
"confounded_dense_n300_t01_r0035","MLFDR","ok","","",0.469999999999999,FALSE
"binary_dense_n300_t01_r0035","HDMT","ok","","",0.0300000000000011,FALSE
"binary_dense_n300_t01_r0035","MDACT","ok","","",0,FALSE
"binary_dense_n300_t01_r0035","MLFDR","ok","","",0.630000000000024,FALSE
"linear_sparse_n300_t02_r0035","HDMT","ok","ties should not be present for the one-sample Kolmogorov-Smirnov test","",0.0300000000000011,FALSE
"linear_sparse_n300_t02_r0035","MDACT","ok","ties should not be present for the one-sample Kolmogorov-Smirnov test","",0.00999999999999091,FALSE
"linear_sparse_n300_t02_r0035","MLFDR","ok","","",0.47999999999999,FALSE
"confounded_sparse_n300_t02_r0035","HDMT","ok","ties should not be present for the one-sample Kolmogorov-Smirnov test","",0.039999999999992,FALSE
"confounded_sparse_n300_t02_r0035","MDACT","ok","ties should not be present for the one-sample Kolmogorov-Smirnov test","",0.00999999999999091,FALSE
"confounded_sparse_n300_t02_r0035","MLFDR","ok","","",0.370000000000005,FALSE
"binary_sparse_n300_t02_r0035","HDMT","ok","","",0.0300000000000011,FALSE
"binary_sparse_n300_t02_r0035","MDACT","ok","","",0.0100000000000193,FALSE
"binary_sparse_n300_t02_r0035","MLFDR","ok","","",0.340000000000003,FALSE
"linear_dense_n300_t02_r0035","HDMT","ok","ties should not be present for the one-sample Kolmogorov-Smirnov test","",0.0300000000000011,FALSE
"linear_dense_n300_t02_r0035","MDACT","ok","ties should not be present for the one-sample Kolmogorov-Smirnov test","",0.00999999999999091,FALSE
"linear_dense_n300_t02_r0035","MLFDR","ok","","",0.299999999999983,FALSE
"confounded_dense_n300_t02_r0035","HDMT","ok","ties should not be present for the one-sample Kolmogorov-Smirnov test","",0.0299999999999727,FALSE
"confounded_dense_n300_t02_r0035","MDACT","ok","ties should not be present for the one-sample Kolmogorov-Smirnov test","",0.0199999999999818,FALSE
"confounded_dense_n300_t02_r0035","MLFDR","ok","","",0.25,FALSE
"binary_dense_n300_t02_r0035","HDMT","ok","","",0.0100000000000193,FALSE
"binary_dense_n300_t02_r0035","MDACT","ok","","",0.0199999999999818,FALSE
"binary_dense_n300_t02_r0035","MLFDR","ok","","",0.239999999999981,FALSE
"linear_sparse_n300_t03_r0035","HDMT","ok","ties should not be present for the one-sample Kolmogorov-Smirnov test","",0.0199999999999818,FALSE
"linear_sparse_n300_t03_r0035","MDACT","ok","ties should not be present for the one-sample Kolmogorov-Smirnov test","",0,FALSE
"linear_sparse_n300_t03_r0035","MLFDR","ok","","",0.310000000000002,FALSE
"confounded_sparse_n300_t03_r0035","HDMT","ok","ties should not be present for the one-sample Kolmogorov-Smirnov test","",0.0199999999999818,FALSE
"confounded_sparse_n300_t03_r0035","MDACT","ok","ties should not be present for the one-sample Kolmogorov-Smirnov test","",0,FALSE
"confounded_sparse_n300_t03_r0035","MLFDR","ok","","",0.170000000000016,FALSE
"binary_sparse_n300_t03_r0035","HDMT","ok","","",0.0300000000000011,FALSE
"binary_sparse_n300_t03_r0035","MDACT","ok","","",0.0100000000000193,FALSE
"binary_sparse_n300_t03_r0035","MLFDR","ok","","",0.200000000000017,FALSE
"linear_dense_n300_t03_r0035","HDMT","ok","ties should not be present for the one-sample Kolmogorov-Smirnov test","",0.039999999999992,FALSE
"linear_dense_n300_t03_r0035","MDACT","ok","ties should not be present for the one-sample Kolmogorov-Smirnov test","",0,FALSE
"linear_dense_n300_t03_r0035","MLFDR","ok","","",0.259999999999991,FALSE
"confounded_dense_n300_t03_r0035","HDMT","ok","ties should not be present for the one-sample Kolmogorov-Smirnov test","",0.0300000000000011,FALSE
"confounded_dense_n300_t03_r0035","MDACT","ok","ties should not be present for the one-sample Kolmogorov-Smirnov test","",0,FALSE
"confounded_dense_n300_t03_r0035","MLFDR","ok","","",0.219999999999999,FALSE
"binary_dense_n300_t03_r0035","HDMT","ok","","",0.0300000000000011,FALSE
"binary_dense_n300_t03_r0035","MDACT","ok","","",0.00999999999999091,FALSE
"binary_dense_n300_t03_r0035","MLFDR","ok","","",0.289999999999992,FALSE
"linear_sparse_n300_t01_r0036","HDMT","ok","ties should not be present for the one-sample Kolmogorov-Smirnov test","",0.0300000000000011,FALSE
"linear_sparse_n300_t01_r0036","MDACT","ok","ties should not be present for the one-sample Kolmogorov-Smirnov test","",0,FALSE
"linear_sparse_n300_t01_r0036","MLFDR","ok","","",0.590000000000003,FALSE
"confounded_sparse_n300_t01_r0036","HDMT","ok","ties should not be present for the one-sample Kolmogorov-Smirnov test","",0.039999999999992,FALSE
"confounded_sparse_n300_t01_r0036","MDACT","ok","ties should not be present for the one-sample Kolmogorov-Smirnov test","",0,FALSE
"confounded_sparse_n300_t01_r0036","MLFDR","ok","","",0.370000000000005,FALSE
"binary_sparse_n300_t01_r0036","HDMT","ok","","",0.0400000000000205,FALSE
"binary_sparse_n300_t01_r0036","MDACT","ok","","",0.0199999999999818,FALSE
"binary_sparse_n300_t01_r0036","MLFDR","ok","","",0.560000000000002,FALSE
"linear_dense_n300_t01_r0036","HDMT","ok","ties should not be present for the one-sample Kolmogorov-Smirnov test","",0.0199999999999818,FALSE
"linear_dense_n300_t01_r0036","MDACT","ok","ties should not be present for the one-sample Kolmogorov-Smirnov test","",0.0200000000000102,FALSE
"linear_dense_n300_t01_r0036","MLFDR","ok","","",0.52000000000001,FALSE
"confounded_dense_n300_t01_r0036","HDMT","ok","ties should not be present for the one-sample Kolmogorov-Smirnov test","",0.039999999999992,FALSE
"confounded_dense_n300_t01_r0036","MDACT","ok","ties should not be present for the one-sample Kolmogorov-Smirnov test","",0,FALSE
"confounded_dense_n300_t01_r0036","MLFDR","ok","","",0.610000000000014,FALSE
"binary_dense_n300_t01_r0036","HDMT","ok","","",0.0200000000000102,FALSE
"binary_dense_n300_t01_r0036","MDACT","ok","","",0,FALSE
"binary_dense_n300_t01_r0036","MLFDR","ok","","",0.239999999999981,FALSE
"linear_sparse_n300_t02_r0036","HDMT","ok","ties should not be present for the one-sample Kolmogorov-Smirnov test","",0.0300000000000011,FALSE
"linear_sparse_n300_t02_r0036","MDACT","ok","ties should not be present for the one-sample Kolmogorov-Smirnov test","",0,FALSE
"linear_sparse_n300_t02_r0036","MLFDR","ok","","",0.180000000000007,FALSE
"confounded_sparse_n300_t02_r0036","HDMT","ok","ties should not be present for the one-sample Kolmogorov-Smirnov test","",0.0300000000000011,FALSE
"confounded_sparse_n300_t02_r0036","MDACT","ok","ties should not be present for the one-sample Kolmogorov-Smirnov test","",0,FALSE
"confounded_sparse_n300_t02_r0036","MLFDR","ok","","",1.71000000000001,FALSE
"binary_sparse_n300_t02_r0036","HDMT","ok","","",0.0300000000000011,FALSE
"binary_sparse_n300_t02_r0036","MDACT","ok","","",0.0199999999999818,FALSE
"binary_sparse_n300_t02_r0036","MLFDR","ok","","",0.179999999999978,FALSE
"linear_dense_n300_t02_r0036","HDMT","ok","ties should not be present for the one-sample Kolmogorov-Smirnov test","",0.0299999999999727,FALSE
"linear_dense_n300_t02_r0036","MDACT","ok","ties should not be present for the one-sample Kolmogorov-Smirnov test","",0.0199999999999818,FALSE
"linear_dense_n300_t02_r0036","MLFDR","ok","","",0.349999999999994,FALSE
"confounded_dense_n300_t02_r0036","HDMT","ok","ties should not be present for the one-sample Kolmogorov-Smirnov test","",0.0300000000000011,FALSE
"confounded_dense_n300_t02_r0036","MDACT","ok","ties should not be present for the one-sample Kolmogorov-Smirnov test","",0.0100000000000193,FALSE
"confounded_dense_n300_t02_r0036","MLFDR","ok","","",0.200000000000017,FALSE
"binary_dense_n300_t02_r0036","HDMT","ok","","",0.0100000000000193,FALSE
"binary_dense_n300_t02_r0036","MDACT","ok","","",0.0199999999999818,FALSE
"binary_dense_n300_t02_r0036","MLFDR","ok","","",0.400000000000006,FALSE
"linear_sparse_n300_t03_r0036","HDMT","ok","ties should not be present for the one-sample Kolmogorov-Smirnov test","",0.0300000000000011,FALSE
"linear_sparse_n300_t03_r0036","MDACT","ok","ties should not be present for the one-sample Kolmogorov-Smirnov test","",0.00999999999999091,FALSE
"linear_sparse_n300_t03_r0036","MLFDR","ok","","",0.300000000000011,FALSE
"confounded_sparse_n300_t03_r0036","HDMT","ok","ties should not be present for the one-sample Kolmogorov-Smirnov test","",0.0100000000000193,FALSE
"confounded_sparse_n300_t03_r0036","MDACT","ok","ties should not be present for the one-sample Kolmogorov-Smirnov test","",0.0200000000000102,FALSE
"confounded_sparse_n300_t03_r0036","MLFDR","ok","","",0.189999999999998,FALSE
"binary_sparse_n300_t03_r0036","HDMT","ok","","",0.0400000000000205,FALSE
"binary_sparse_n300_t03_r0036","MDACT","ok","","",0.0199999999999818,FALSE
"binary_sparse_n300_t03_r0036","MLFDR","ok","","",0.349999999999994,FALSE
"linear_dense_n300_t03_r0036","HDMT","ok","ties should not be present for the one-sample Kolmogorov-Smirnov test","",0.0300000000000011,FALSE
"linear_dense_n300_t03_r0036","MDACT","ok","ties should not be present for the one-sample Kolmogorov-Smirnov test","",0.00999999999999091,FALSE
"linear_dense_n300_t03_r0036","MLFDR","ok","","",0.159999999999997,FALSE
"confounded_dense_n300_t03_r0036","HDMT","ok","ties should not be present for the one-sample Kolmogorov-Smirnov test","",0.039999999999992,FALSE
"confounded_dense_n300_t03_r0036","MDACT","ok","ties should not be present for the one-sample Kolmogorov-Smirnov test","",0,FALSE
"confounded_dense_n300_t03_r0036","MLFDR","ok","","",0.20999999999998,FALSE
"binary_dense_n300_t03_r0036","HDMT","ok","","",0.0300000000000011,FALSE
"binary_dense_n300_t03_r0036","MDACT","ok","","",0.00999999999999091,FALSE
"binary_dense_n300_t03_r0036","MLFDR","ok","","",0.159999999999997,FALSE
"linear_sparse_n300_t01_r0037","HDMT","ok","ties should not be present for the one-sample Kolmogorov-Smirnov test","",0.0100000000000193,FALSE
"linear_sparse_n300_t01_r0037","MDACT","ok","ties should not be present for the one-sample Kolmogorov-Smirnov test","",0.0100000000000193,FALSE
"linear_sparse_n300_t01_r0037","MLFDR","ok","","",0.930000000000007,FALSE
"confounded_sparse_n300_t01_r0037","HDMT","ok","ties should not be present for the one-sample Kolmogorov-Smirnov test","",0.00999999999999091,FALSE
"confounded_sparse_n300_t01_r0037","MDACT","ok","ties should not be present for the one-sample Kolmogorov-Smirnov test","",0.0200000000000102,FALSE
"confounded_sparse_n300_t01_r0037","MLFDR","ok","","",1.33000000000001,FALSE
"binary_sparse_n300_t01_r0037","HDMT","ok","","",0.00999999999999091,FALSE
"binary_sparse_n300_t01_r0037","MDACT","ok","","",0,FALSE
"binary_sparse_n300_t01_r0037","MLFDR","ok","","",0.679999999999978,FALSE
"linear_dense_n300_t01_r0037","HDMT","ok","ties should not be present for the one-sample Kolmogorov-Smirnov test","",0.0300000000000011,FALSE
"linear_dense_n300_t01_r0037","MDACT","ok","ties should not be present for the one-sample Kolmogorov-Smirnov test","",0,FALSE
"linear_dense_n300_t01_r0037","MLFDR","ok","","",0.600000000000023,FALSE
"confounded_dense_n300_t01_r0037","HDMT","ok","ties should not be present for the one-sample Kolmogorov-Smirnov test","",0.0199999999999818,FALSE
"confounded_dense_n300_t01_r0037","MDACT","ok","ties should not be present for the one-sample Kolmogorov-Smirnov test","",0.0200000000000102,FALSE
"confounded_dense_n300_t01_r0037","MLFDR","ok","","",0.200000000000017,FALSE
"binary_dense_n300_t01_r0037","HDMT","ok","","",0.0300000000000011,FALSE
"binary_dense_n300_t01_r0037","MDACT","ok","","",0,FALSE
"binary_dense_n300_t01_r0037","MLFDR","ok","","",0.530000000000001,FALSE
"linear_sparse_n300_t02_r0037","HDMT","ok","ties should not be present for the one-sample Kolmogorov-Smirnov test","",0.0299999999999727,FALSE
"linear_sparse_n300_t02_r0037","MDACT","ok","ties should not be present for the one-sample Kolmogorov-Smirnov test","",0,FALSE
"linear_sparse_n300_t02_r0037","MLFDR","ok","","",0.95999999999998,FALSE
"confounded_sparse_n300_t02_r0037","HDMT","ok","ties should not be present for the one-sample Kolmogorov-Smirnov test","",0.0300000000000011,FALSE
"confounded_sparse_n300_t02_r0037","MDACT","ok","ties should not be present for the one-sample Kolmogorov-Smirnov test","",0.0200000000000102,FALSE
"confounded_sparse_n300_t02_r0037","MLFDR","ok","","",0.280000000000001,FALSE
"binary_sparse_n300_t02_r0037","HDMT","ok","","",0.00999999999999091,FALSE
"binary_sparse_n300_t02_r0037","MDACT","ok","","",0,FALSE
"binary_sparse_n300_t02_r0037","MLFDR","ok","","",0.169999999999987,FALSE
"linear_dense_n300_t02_r0037","HDMT","ok","ties should not be present for the one-sample Kolmogorov-Smirnov test","",0.0200000000000102,FALSE
"linear_dense_n300_t02_r0037","MDACT","ok","ties should not be present for the one-sample Kolmogorov-Smirnov test","",0,FALSE
"linear_dense_n300_t02_r0037","MLFDR","ok","","",0.280000000000001,FALSE
"confounded_dense_n300_t02_r0037","HDMT","ok","ties should not be present for the one-sample Kolmogorov-Smirnov test","",0.0300000000000011,FALSE
"confounded_dense_n300_t02_r0037","MDACT","ok","ties should not be present for the one-sample Kolmogorov-Smirnov test","",0.0199999999999818,FALSE
"confounded_dense_n300_t02_r0037","MLFDR","ok","","",0.45999999999998,FALSE
"binary_dense_n300_t02_r0037","HDMT","ok","","",0.00999999999999091,FALSE
"binary_dense_n300_t02_r0037","MDACT","ok","","",0,FALSE
"binary_dense_n300_t02_r0037","MLFDR","ok","","",0.25,FALSE
"linear_sparse_n300_t03_r0037","HDMT","ok","ties should not be present for the one-sample Kolmogorov-Smirnov test","",0.0300000000000011,FALSE
"linear_sparse_n300_t03_r0037","MDACT","ok","ties should not be present for the one-sample Kolmogorov-Smirnov test","",0.0199999999999818,FALSE
"linear_sparse_n300_t03_r0037","MLFDR","ok","","",0.609999999999985,FALSE
"confounded_sparse_n300_t03_r0037","HDMT","ok","ties should not be present for the one-sample Kolmogorov-Smirnov test","",0.0300000000000011,FALSE
"confounded_sparse_n300_t03_r0037","MDACT","ok","ties should not be present for the one-sample Kolmogorov-Smirnov test","",0.0100000000000193,FALSE
"confounded_sparse_n300_t03_r0037","MLFDR","ok","","",0.170000000000016,FALSE
"binary_sparse_n300_t03_r0037","HDMT","ok","","",0.0300000000000011,FALSE
"binary_sparse_n300_t03_r0037","MDACT","ok","","",0.0199999999999818,FALSE
"binary_sparse_n300_t03_r0037","MLFDR","ok","","",0.269999999999982,FALSE
"linear_dense_n300_t03_r0037","HDMT","ok","ties should not be present for the one-sample Kolmogorov-Smirnov test","",0.0400000000000205,FALSE
"linear_dense_n300_t03_r0037","MDACT","ok","ties should not be present for the one-sample Kolmogorov-Smirnov test","",0.0199999999999818,FALSE
"linear_dense_n300_t03_r0037","MLFDR","ok","","",0.269999999999982,FALSE
"confounded_dense_n300_t03_r0037","HDMT","ok","ties should not be present for the one-sample Kolmogorov-Smirnov test","",0.0200000000000102,FALSE
"confounded_dense_n300_t03_r0037","MDACT","ok","ties should not be present for the one-sample Kolmogorov-Smirnov test","",0.00999999999999091,FALSE
"confounded_dense_n300_t03_r0037","MLFDR","ok","","",0.159999999999997,FALSE
"binary_dense_n300_t03_r0037","HDMT","ok","","",0.0400000000000205,FALSE
"binary_dense_n300_t03_r0037","MDACT","ok","","",0,FALSE
"binary_dense_n300_t03_r0037","MLFDR","ok","","",0.120000000000005,FALSE
"linear_sparse_n300_t01_r0038","HDMT","ok","ties should not be present for the one-sample Kolmogorov-Smirnov test","",0.0300000000000011,FALSE
"linear_sparse_n300_t01_r0038","MDACT","ok","ties should not be present for the one-sample Kolmogorov-Smirnov test","",0,FALSE
"linear_sparse_n300_t01_r0038","MLFDR","ok","","",0.359999999999985,FALSE
"confounded_sparse_n300_t01_r0038","HDMT","ok","ties should not be present for the one-sample Kolmogorov-Smirnov test","",0.0100000000000193,FALSE
"confounded_sparse_n300_t01_r0038","MDACT","ok","ties should not be present for the one-sample Kolmogorov-Smirnov test","",0,FALSE
"confounded_sparse_n300_t01_r0038","MLFDR","ok","","",0.419999999999987,FALSE
"binary_sparse_n300_t01_r0038","HDMT","ok","","",0.0500000000000114,FALSE
"binary_sparse_n300_t01_r0038","MDACT","ok","","",0,FALSE
"binary_sparse_n300_t01_r0038","MLFDR","ok","","",0.300000000000011,FALSE
"linear_dense_n300_t01_r0038","HDMT","ok","ties should not be present for the one-sample Kolmogorov-Smirnov test","",0.0100000000000193,FALSE
"linear_dense_n300_t01_r0038","MDACT","ok","ties should not be present for the one-sample Kolmogorov-Smirnov test","",0,FALSE
"linear_dense_n300_t01_r0038","MLFDR","ok","","",0.879999999999995,FALSE
"confounded_dense_n300_t01_r0038","HDMT","ok","ties should not be present for the one-sample Kolmogorov-Smirnov test","",0.0300000000000011,FALSE
"confounded_dense_n300_t01_r0038","MDACT","ok","ties should not be present for the one-sample Kolmogorov-Smirnov test","",0,FALSE
"confounded_dense_n300_t01_r0038","MLFDR","ok","","",1.18000000000001,FALSE
"binary_dense_n300_t01_r0038","HDMT","ok","","",0.0300000000000011,FALSE
"binary_dense_n300_t01_r0038","MDACT","ok","","",0.0500000000000114,FALSE
"binary_dense_n300_t01_r0038","MLFDR","ok","","",0.669999999999987,FALSE
"linear_sparse_n300_t02_r0038","HDMT","ok","ties should not be present for the one-sample Kolmogorov-Smirnov test","",0.039999999999992,FALSE
"linear_sparse_n300_t02_r0038","MDACT","ok","ties should not be present for the one-sample Kolmogorov-Smirnov test","",0.0199999999999818,FALSE
"linear_sparse_n300_t02_r0038","MLFDR","ok","","",0.20999999999998,FALSE
"confounded_sparse_n300_t02_r0038","HDMT","ok","ties should not be present for the one-sample Kolmogorov-Smirnov test","",0.039999999999992,FALSE
"confounded_sparse_n300_t02_r0038","MDACT","ok","ties should not be present for the one-sample Kolmogorov-Smirnov test","",0,FALSE
"confounded_sparse_n300_t02_r0038","MLFDR","ok","","",0.530000000000001,FALSE
"binary_sparse_n300_t02_r0038","HDMT","ok","","",0.0300000000000011,FALSE
"binary_sparse_n300_t02_r0038","MDACT","ok","","",0,FALSE
"binary_sparse_n300_t02_r0038","MLFDR","ok","","",0.289999999999992,FALSE
"linear_dense_n300_t02_r0038","HDMT","ok","ties should not be present for the one-sample Kolmogorov-Smirnov test","",0.0300000000000011,FALSE
"linear_dense_n300_t02_r0038","MDACT","ok","ties should not be present for the one-sample Kolmogorov-Smirnov test","",0.0200000000000102,FALSE
"linear_dense_n300_t02_r0038","MLFDR","ok","","",0.189999999999998,FALSE
"confounded_dense_n300_t02_r0038","HDMT","ok","ties should not be present for the one-sample Kolmogorov-Smirnov test","",0.0300000000000011,FALSE
"confounded_dense_n300_t02_r0038","MDACT","ok","ties should not be present for the one-sample Kolmogorov-Smirnov test","",0,FALSE
"confounded_dense_n300_t02_r0038","MLFDR","ok","","",0.349999999999994,FALSE
"binary_dense_n300_t02_r0038","HDMT","ok","","",0.0499999999999829,FALSE
"binary_dense_n300_t02_r0038","MDACT","ok","","",0.0199999999999818,FALSE
"binary_dense_n300_t02_r0038","MLFDR","ok","","",0.370000000000005,FALSE
"linear_sparse_n300_t03_r0038","HDMT","ok","ties should not be present for the one-sample Kolmogorov-Smirnov test","",0.0199999999999818,FALSE
"linear_sparse_n300_t03_r0038","MDACT","ok","ties should not be present for the one-sample Kolmogorov-Smirnov test","",0.00999999999999091,FALSE
"linear_sparse_n300_t03_r0038","MLFDR","ok","","",0.140000000000015,FALSE
"confounded_sparse_n300_t03_r0038","HDMT","ok","ties should not be present for the one-sample Kolmogorov-Smirnov test","",0.00999999999999091,FALSE
"confounded_sparse_n300_t03_r0038","MDACT","ok","ties should not be present for the one-sample Kolmogorov-Smirnov test","",0,FALSE
"confounded_sparse_n300_t03_r0038","MLFDR","ok","","",0.219999999999999,FALSE
"binary_sparse_n300_t03_r0038","HDMT","ok","","",0.0300000000000011,FALSE
"binary_sparse_n300_t03_r0038","MDACT","ok","","",0.0200000000000102,FALSE
"binary_sparse_n300_t03_r0038","MLFDR","ok","","",0.180000000000007,FALSE
"linear_dense_n300_t03_r0038","HDMT","ok","ties should not be present for the one-sample Kolmogorov-Smirnov test","",0.0300000000000011,FALSE
"linear_dense_n300_t03_r0038","MDACT","ok","ties should not be present for the one-sample Kolmogorov-Smirnov test","",0.0199999999999818,FALSE
"linear_dense_n300_t03_r0038","MLFDR","ok","","",0.329999999999984,FALSE
"confounded_dense_n300_t03_r0038","HDMT","ok","ties should not be present for the one-sample Kolmogorov-Smirnov test","",0.0300000000000011,FALSE
"confounded_dense_n300_t03_r0038","MDACT","ok","ties should not be present for the one-sample Kolmogorov-Smirnov test","",0.0100000000000193,FALSE
"confounded_dense_n300_t03_r0038","MLFDR","ok","","",0.230000000000018,FALSE
"binary_dense_n300_t03_r0038","HDMT","ok","","",0.0300000000000011,FALSE
"binary_dense_n300_t03_r0038","MDACT","ok","","",0.0100000000000193,FALSE
"binary_dense_n300_t03_r0038","MLFDR","ok","","",0.159999999999997,FALSE
"linear_sparse_n300_t01_r0039","HDMT","ok","ties should not be present for the one-sample Kolmogorov-Smirnov test","",0.0300000000000011,FALSE
"linear_sparse_n300_t01_r0039","MDACT","ok","ties should not be present for the one-sample Kolmogorov-Smirnov test","",0.0200000000000102,FALSE
"linear_sparse_n300_t01_r0039","MLFDR","ok","","",0.340000000000003,FALSE
"confounded_sparse_n300_t01_r0039","HDMT","ok","ties should not be present for the one-sample Kolmogorov-Smirnov test","",0.0300000000000011,FALSE
"confounded_sparse_n300_t01_r0039","MDACT","ok","ties should not be present for the one-sample Kolmogorov-Smirnov test","",0,FALSE
"confounded_sparse_n300_t01_r0039","MLFDR","ok","","",3.73000000000002,FALSE
"binary_sparse_n300_t01_r0039","HDMT","ok","","",0.0500000000000114,FALSE
"binary_sparse_n300_t01_r0039","MDACT","ok","","",0.0200000000000102,FALSE
"binary_sparse_n300_t01_r0039","MLFDR","ok","","",0.349999999999994,FALSE
"linear_dense_n300_t01_r0039","HDMT","ok","ties should not be present for the one-sample Kolmogorov-Smirnov test","",0.0300000000000011,FALSE
"linear_dense_n300_t01_r0039","MDACT","ok","ties should not be present for the one-sample Kolmogorov-Smirnov test","",0.0100000000000193,FALSE
"linear_dense_n300_t01_r0039","MLFDR","ok","","",0.700000000000017,FALSE
"confounded_dense_n300_t01_r0039","HDMT","ok","ties should not be present for the one-sample Kolmogorov-Smirnov test","",0.0300000000000011,FALSE
"confounded_dense_n300_t01_r0039","MDACT","ok","ties should not be present for the one-sample Kolmogorov-Smirnov test","",0,FALSE
"confounded_dense_n300_t01_r0039","MLFDR","ok","","",0.469999999999999,FALSE
"binary_dense_n300_t01_r0039","HDMT","ok","","",0.0300000000000011,FALSE
"binary_dense_n300_t01_r0039","MDACT","ok","","",0,FALSE
"binary_dense_n300_t01_r0039","MLFDR","ok","","",1.52000000000001,FALSE
"linear_sparse_n300_t02_r0039","HDMT","ok","ties should not be present for the one-sample Kolmogorov-Smirnov test","",0.0300000000000011,FALSE
"linear_sparse_n300_t02_r0039","MDACT","ok","ties should not be present for the one-sample Kolmogorov-Smirnov test","",0.00999999999999091,FALSE
"linear_sparse_n300_t02_r0039","MLFDR","ok","","",0.219999999999999,FALSE
"confounded_sparse_n300_t02_r0039","HDMT","ok","ties should not be present for the one-sample Kolmogorov-Smirnov test","",0.0300000000000011,FALSE
"confounded_sparse_n300_t02_r0039","MDACT","ok","ties should not be present for the one-sample Kolmogorov-Smirnov test","",0.00999999999999091,FALSE
"confounded_sparse_n300_t02_r0039","MLFDR","ok","","",0.97999999999999,FALSE
"binary_sparse_n300_t02_r0039","HDMT","ok","","",0.0300000000000011,FALSE
"binary_sparse_n300_t02_r0039","MDACT","ok","","",0.0199999999999818,FALSE
"binary_sparse_n300_t02_r0039","MLFDR","ok","","",0.299999999999983,FALSE
"linear_dense_n300_t02_r0039","HDMT","ok","ties should not be present for the one-sample Kolmogorov-Smirnov test","",0.0300000000000011,FALSE
"linear_dense_n300_t02_r0039","MDACT","ok","ties should not be present for the one-sample Kolmogorov-Smirnov test","",0.0199999999999818,FALSE
"linear_dense_n300_t02_r0039","MLFDR","ok","","",0.239999999999981,FALSE
"confounded_dense_n300_t02_r0039","HDMT","ok","ties should not be present for the one-sample Kolmogorov-Smirnov test","",0.0300000000000011,FALSE
"confounded_dense_n300_t02_r0039","MDACT","ok","ties should not be present for the one-sample Kolmogorov-Smirnov test","",0,FALSE
"confounded_dense_n300_t02_r0039","MLFDR","ok","","",0.159999999999997,FALSE
"binary_dense_n300_t02_r0039","HDMT","ok","","",0.0199999999999818,FALSE
"binary_dense_n300_t02_r0039","MDACT","ok","","",0.0199999999999818,FALSE
"binary_dense_n300_t02_r0039","MLFDR","ok","","",0.269999999999982,FALSE
"linear_sparse_n300_t03_r0039","HDMT","ok","ties should not be present for the one-sample Kolmogorov-Smirnov test","",0.0300000000000011,FALSE
"linear_sparse_n300_t03_r0039","MDACT","ok","ties should not be present for the one-sample Kolmogorov-Smirnov test","",0.0200000000000102,FALSE
"linear_sparse_n300_t03_r0039","MLFDR","ok","","",0.200000000000017,FALSE
"confounded_sparse_n300_t03_r0039","HDMT","ok","ties should not be present for the one-sample Kolmogorov-Smirnov test","",0.0500000000000114,FALSE
"confounded_sparse_n300_t03_r0039","MDACT","ok","ties should not be present for the one-sample Kolmogorov-Smirnov test","",0,FALSE
"confounded_sparse_n300_t03_r0039","MLFDR","ok","","",0.219999999999999,FALSE
"binary_sparse_n300_t03_r0039","HDMT","ok","","",0.0300000000000011,FALSE
"binary_sparse_n300_t03_r0039","MDACT","ok","","",0.00999999999999091,FALSE
"binary_sparse_n300_t03_r0039","MLFDR","ok","","",0.219999999999999,FALSE
"linear_dense_n300_t03_r0039","HDMT","ok","ties should not be present for the one-sample Kolmogorov-Smirnov test","",0.0300000000000011,FALSE
"linear_dense_n300_t03_r0039","MDACT","ok","ties should not be present for the one-sample Kolmogorov-Smirnov test","",0,FALSE
"linear_dense_n300_t03_r0039","MLFDR","ok","","",0.25,FALSE
"confounded_dense_n300_t03_r0039","HDMT","ok","ties should not be present for the one-sample Kolmogorov-Smirnov test","",0.0300000000000011,FALSE
"confounded_dense_n300_t03_r0039","MDACT","ok","ties should not be present for the one-sample Kolmogorov-Smirnov test","",0.0199999999999818,FALSE
"confounded_dense_n300_t03_r0039","MLFDR","ok","","",0.340000000000003,FALSE
"binary_dense_n300_t03_r0039","HDMT","ok","","",0.0500000000000114,FALSE
"binary_dense_n300_t03_r0039","MDACT","ok","","",0.0100000000000193,FALSE
"binary_dense_n300_t03_r0039","MLFDR","ok","","",0.180000000000007,FALSE
"linear_sparse_n300_t01_r0040","HDMT","ok","ties should not be present for the one-sample Kolmogorov-Smirnov test","",0.0300000000000011,FALSE
"linear_sparse_n300_t01_r0040","MDACT","ok","ties should not be present for the one-sample Kolmogorov-Smirnov test","",0.0199999999999818,FALSE
"linear_sparse_n300_t01_r0040","MLFDR","ok","","",0.530000000000001,FALSE
"confounded_sparse_n300_t01_r0040","HDMT","ok","ties should not be present for the one-sample Kolmogorov-Smirnov test","",0.0200000000000102,FALSE
"confounded_sparse_n300_t01_r0040","MDACT","ok","ties should not be present for the one-sample Kolmogorov-Smirnov test","",0.0100000000000193,FALSE
"confounded_sparse_n300_t01_r0040","MLFDR","ok","","",0.349999999999994,FALSE
"binary_sparse_n300_t01_r0040","HDMT","ok","","",0.00999999999999091,FALSE
"binary_sparse_n300_t01_r0040","MDACT","ok","","",0.00999999999999091,FALSE
"binary_sparse_n300_t01_r0040","MLFDR","ok","","",0.370000000000005,FALSE
"linear_dense_n300_t01_r0040","HDMT","ok","ties should not be present for the one-sample Kolmogorov-Smirnov test","",0.0300000000000011,FALSE
"linear_dense_n300_t01_r0040","MDACT","ok","ties should not be present for the one-sample Kolmogorov-Smirnov test","",0,FALSE
"linear_dense_n300_t01_r0040","MLFDR","ok","","",0.609999999999985,FALSE
"confounded_dense_n300_t01_r0040","HDMT","ok","ties should not be present for the one-sample Kolmogorov-Smirnov test","",0.0400000000000205,FALSE
"confounded_dense_n300_t01_r0040","MDACT","ok","ties should not be present for the one-sample Kolmogorov-Smirnov test","",0.0100000000000193,FALSE
"confounded_dense_n300_t01_r0040","MLFDR","ok","","",0.560000000000002,FALSE
"binary_dense_n300_t01_r0040","HDMT","ok","","",0.0199999999999818,FALSE
"binary_dense_n300_t01_r0040","MDACT","ok","","",0.00999999999999091,FALSE
"binary_dense_n300_t01_r0040","MLFDR","ok","","",0.610000000000014,FALSE
"linear_sparse_n300_t02_r0040","HDMT","ok","ties should not be present for the one-sample Kolmogorov-Smirnov test","",0.0300000000000296,FALSE
"linear_sparse_n300_t02_r0040","MDACT","ok","ties should not be present for the one-sample Kolmogorov-Smirnov test","",0.00999999999999091,FALSE
"linear_sparse_n300_t02_r0040","MLFDR","ok","","",0.599999999999966,FALSE
"confounded_sparse_n300_t02_r0040","HDMT","ok","ties should not be present for the one-sample Kolmogorov-Smirnov test","",0.0299999999999727,FALSE
"confounded_sparse_n300_t02_r0040","MDACT","ok","ties should not be present for the one-sample Kolmogorov-Smirnov test","",0.0100000000000477,FALSE
"confounded_sparse_n300_t02_r0040","MLFDR","ok","","",0.319999999999993,FALSE
"binary_sparse_n300_t02_r0040","HDMT","ok","","",0.0300000000000296,FALSE
"binary_sparse_n300_t02_r0040","MDACT","ok","","",0,FALSE
"binary_sparse_n300_t02_r0040","MLFDR","ok","","",0.379999999999995,FALSE
"linear_dense_n300_t02_r0040","HDMT","ok","ties should not be present for the one-sample Kolmogorov-Smirnov test","",0.00999999999999091,FALSE
"linear_dense_n300_t02_r0040","MDACT","ok","ties should not be present for the one-sample Kolmogorov-Smirnov test","",0.0199999999999818,FALSE
"linear_dense_n300_t02_r0040","MLFDR","ok","","",0.5,FALSE
"confounded_dense_n300_t02_r0040","HDMT","ok","ties should not be present for the one-sample Kolmogorov-Smirnov test","",0.0199999999999818,FALSE
"confounded_dense_n300_t02_r0040","MDACT","ok","ties should not be present for the one-sample Kolmogorov-Smirnov test","",0.0200000000000387,FALSE
"confounded_dense_n300_t02_r0040","MLFDR","ok","","",0.340000000000032,FALSE
"binary_dense_n300_t02_r0040","HDMT","ok","","",0.0500000000000114,FALSE
"binary_dense_n300_t02_r0040","MDACT","ok","","",0.0100000000000477,FALSE
"binary_dense_n300_t02_r0040","MLFDR","ok","","",0.560000000000002,FALSE
"linear_sparse_n300_t03_r0040","HDMT","ok","ties should not be present for the one-sample Kolmogorov-Smirnov test","",0.0300000000000296,FALSE
"linear_sparse_n300_t03_r0040","MDACT","ok","ties should not be present for the one-sample Kolmogorov-Smirnov test","",0,FALSE
"linear_sparse_n300_t03_r0040","MLFDR","ok","","",0.220000000000027,FALSE
"confounded_sparse_n300_t03_r0040","HDMT","ok","ties should not be present for the one-sample Kolmogorov-Smirnov test","",0.0299999999999727,FALSE
"confounded_sparse_n300_t03_r0040","MDACT","ok","ties should not be present for the one-sample Kolmogorov-Smirnov test","",0.0199999999999818,FALSE
"confounded_sparse_n300_t03_r0040","MLFDR","ok","","",0.520000000000039,FALSE
"binary_sparse_n300_t03_r0040","HDMT","ok","","",0.0399999999999636,FALSE
"binary_sparse_n300_t03_r0040","MDACT","ok","","",0.0200000000000387,FALSE
"binary_sparse_n300_t03_r0040","MLFDR","ok","","",0.25,FALSE
"linear_dense_n300_t03_r0040","HDMT","ok","ties should not be present for the one-sample Kolmogorov-Smirnov test","",0.0300000000000296,FALSE
"linear_dense_n300_t03_r0040","MDACT","ok","ties should not be present for the one-sample Kolmogorov-Smirnov test","",0.00999999999999091,FALSE
"linear_dense_n300_t03_r0040","MLFDR","ok","","",0.149999999999977,FALSE
"confounded_dense_n300_t03_r0040","HDMT","ok","ties should not be present for the one-sample Kolmogorov-Smirnov test","",0.00999999999999091,FALSE
"confounded_dense_n300_t03_r0040","MDACT","ok","ties should not be present for the one-sample Kolmogorov-Smirnov test","",0.00999999999999091,FALSE
"confounded_dense_n300_t03_r0040","MLFDR","ok","","",0.29000000000002,FALSE
"binary_dense_n300_t03_r0040","HDMT","ok","","",0.0299999999999727,FALSE
"binary_dense_n300_t03_r0040","MDACT","ok","","",0.0200000000000387,FALSE
"binary_dense_n300_t03_r0040","MLFDR","ok","","",0.110000000000014,FALSE
