"case_id","scenario","mixture","profile","n","m","tau","replicate","seed","method","q","status","cached","elapsed_seconds","warning","error","cache_key","discoveries","false_discoveries","true_discoveries","alternatives","FDP","power"
"linear_sparse_n300_t01_r0001","linear","sparse","paper_adjusted",300,1000,1.3,1,133625349,"HDMT",0.05,"ok",TRUE,0.0499999999999999,"ties should not be present for the one-sample Kolmogorov-Smirnov test","","046f44e5617f750b41536352bf441410",7,1,6,18,0.142857142857143,0.333333333333333
"linear_sparse_n300_t01_r0001","linear","sparse","paper_adjusted",300,1000,1.3,1,133625349,"MDACT",0.05,"ok",TRUE,0.0600000000000001,"ties should not be present for the one-sample Kolmogorov-Smirnov test","","a7705327d3779ddd92571f8497ceb776",7,1,6,18,0.142857142857143,0.333333333333333
"linear_sparse_n300_t01_r0001","linear","sparse","paper_adjusted",300,1000,1.3,1,133625349,"MLFDR",0.05,"ok",TRUE,1.55,"","","74f8b347b3e07dd4c9548fd0250c68b3",12,1,11,18,0.0833333333333333,0.611111111111111
"confounded_sparse_n300_t01_r0001","confounded","sparse","paper_adjusted",300,1000,1.3,1,80128897,"HDMT",0.05,"ok",TRUE,0.0299999999999998,"ties should not be present for the one-sample Kolmogorov-Smirnov test","","9b99e876227eb5212a1a0ca77f263e3e",0,0,0,19,0,0
"confounded_sparse_n300_t01_r0001","confounded","sparse","paper_adjusted",300,1000,1.3,1,80128897,"MDACT",0.05,"ok",TRUE,0.0900000000000003,"ties should not be present for the one-sample Kolmogorov-Smirnov test","","157ceb705f147be0f590d13fef1ee2dd",0,0,0,19,0,0
"confounded_sparse_n300_t01_r0001","confounded","sparse","paper_adjusted",300,1000,1.3,1,80128897,"MLFDR",0.05,"ok",TRUE,1.86,"","","9517454158c4821146cbb821d4058aac",5,0,5,19,0,0.263157894736842
"binary_sparse_n300_t01_r0001","binary","sparse","paper_adjusted",300,1000,1.3,1,19375970,"HDMT",0.05,"ok",TRUE,0.0899999999999999,"","","9e1943dfc2466bdfccc0854892c1cc10",6,0,6,23,0,0.260869565217391
"binary_sparse_n300_t01_r0001","binary","sparse","paper_adjusted",300,1000,1.3,1,19375970,"MDACT",0.05,"ok",TRUE,0.12,"","","3815e99f1913b47ffc92a5fc07c39a69",6,0,6,23,0,0.260869565217391
"binary_sparse_n300_t01_r0001","binary","sparse","paper_adjusted",300,1000,1.3,1,19375970,"MLFDR",0.05,"ok",TRUE,0.42,"","","640441a2f6d8349ecc73c1283bd69e15",11,0,11,23,0,0.478260869565217
"linear_dense_n300_t01_r0001","linear","dense","paper_adjusted",300,1000,1.3,1,37380408,"HDMT",0.05,"ok",TRUE,0.04,"ties should not be present for the one-sample Kolmogorov-Smirnov test","","76862f19aeb5c138f43e060297ddaff1",101,3,98,191,0.0297029702970297,0.513089005235602
"linear_dense_n300_t01_r0001","linear","dense","paper_adjusted",300,1000,1.3,1,37380408,"MDACT",0.05,"ok",TRUE,0.0600000000000001,"ties should not be present for the one-sample Kolmogorov-Smirnov test","","5d26992b55357a3fcf2d4d26e7d54207",118,6,112,191,0.0508474576271186,0.586387434554974
"linear_dense_n300_t01_r0001","linear","dense","paper_adjusted",300,1000,1.3,1,37380408,"MLFDR",0.05,"ok",TRUE,0.39,"","","9f8560b69763521cd1a5b61c920e9c11",164,7,157,191,0.0426829268292683,0.821989528795812
"confounded_dense_n300_t01_r0001","confounded","dense","paper_adjusted",300,1000,1.3,1,240700725,"HDMT",0.05,"ok",TRUE,0.03,"ties should not be present for the one-sample Kolmogorov-Smirnov test","","162b00b07af00b1268abd2350a18f11f",94,5,89,191,0.0531914893617021,0.465968586387435
"confounded_dense_n300_t01_r0001","confounded","dense","paper_adjusted",300,1000,1.3,1,240700725,"MDACT",0.05,"ok",TRUE,0.0799999999999998,"ties should not be present for the one-sample Kolmogorov-Smirnov test","","577f94d86a66368f3f72de263f04baf9",101,6,95,191,0.0594059405940594,0.49738219895288
"confounded_dense_n300_t01_r0001","confounded","dense","paper_adjusted",300,1000,1.3,1,240700725,"MLFDR",0.05,"ok",TRUE,0.28,"","","f57100caf90aca7c3c4af2c065ebfc8d",136,7,129,191,0.0514705882352941,0.675392670157068
"binary_dense_n300_t01_r0001","binary","dense","paper_adjusted",300,1000,1.3,1,41537166,"HDMT",0.05,"ok",TRUE,0.0899999999999999,"","","25b413380c80a517543a1f54ea6899fd",49,1,48,210,0.0204081632653061,0.228571428571429
"binary_dense_n300_t01_r0001","binary","dense","paper_adjusted",300,1000,1.3,1,41537166,"MDACT",0.05,"ok",TRUE,0.1,"","","214402cca08f5d4e9ed23922d98f3f44",76,3,73,210,0.0394736842105263,0.347619047619048
"binary_dense_n300_t01_r0001","binary","dense","paper_adjusted",300,1000,1.3,1,41537166,"MLFDR",0.05,"ok",TRUE,0.32,"","","05a6fba06f0f4c825440783ef03c33dc",121,6,115,210,0.0495867768595041,0.547619047619048
"linear_sparse_n300_t02_r0001","linear","sparse","paper_adjusted",300,1000,1.5,1,199651532,"HDMT",0.05,"ok",TRUE,0.0299999999999998,"ties should not be present for the one-sample Kolmogorov-Smirnov test","","206068b05416c185250e76f7e8047390",11,2,9,16,0.181818181818182,0.5625
"linear_sparse_n300_t02_r0001","linear","sparse","paper_adjusted",300,1000,1.5,1,199651532,"MDACT",0.05,"ok",TRUE,0,"ties should not be present for the one-sample Kolmogorov-Smirnov test","","2b69153cf1feed00ef9596a3b944ebba",11,2,9,16,0.181818181818182,0.5625
"linear_sparse_n300_t02_r0001","linear","sparse","paper_adjusted",300,1000,1.5,1,199651532,"MLFDR",0.05,"ok",TRUE,0.17,"","","146953bf28460191debb8b9356e89a91",12,1,11,16,0.0833333333333333,0.6875
"confounded_sparse_n300_t02_r0001","confounded","sparse","paper_adjusted",300,1000,1.5,1,100474234,"HDMT",0.05,"ok",TRUE,0.00999999999999979,"ties should not be present for the one-sample Kolmogorov-Smirnov test","","a49ca3fe6fec6bffc34197c85e60544d",9,0,9,27,0,0.333333333333333
"confounded_sparse_n300_t02_r0001","confounded","sparse","paper_adjusted",300,1000,1.5,1,100474234,"MDACT",0.05,"ok",TRUE,0.02,"ties should not be present for the one-sample Kolmogorov-Smirnov test","","2c0f835bc2392cd4b60c4af0eac66bfd",15,0,15,27,0,0.555555555555556
"confounded_sparse_n300_t02_r0001","confounded","sparse","paper_adjusted",300,1000,1.5,1,100474234,"MLFDR",0.05,"ok",TRUE,0.18,"","","c5cb2e6e71187af6bd0fce7aba792e91",21,1,20,27,0.0476190476190476,0.740740740740741
"binary_sparse_n300_t02_r0001","binary","sparse","paper_adjusted",300,1000,1.5,1,217720686,"HDMT",0.05,"ok",TRUE,0.0200000000000005,"","","3e8d08f9ee01cd0951f0563186552191",7,1,6,16,0.142857142857143,0.375
"binary_sparse_n300_t02_r0001","binary","sparse","paper_adjusted",300,1000,1.5,1,217720686,"MDACT",0.05,"ok",TRUE,0,"","","65ef6e74f36eede21e858201a381ea60",7,1,6,16,0.142857142857143,0.375
"binary_sparse_n300_t02_r0001","binary","sparse","paper_adjusted",300,1000,1.5,1,217720686,"MLFDR",0.05,"ok",TRUE,0.47,"","","3c5382908c8d584a7f05b3e6fbe46c4f",12,1,11,16,0.0833333333333333,0.6875
"linear_dense_n300_t02_r0001","linear","dense","paper_adjusted",300,1000,1.5,1,108037747,"HDMT",0.05,"ok",TRUE,0.0299999999999998,"ties should not be present for the one-sample Kolmogorov-Smirnov test","","8e2143253af2f90249197ad5de65cce8",95,0,95,191,0,0.49738219895288
"linear_dense_n300_t02_r0001","linear","dense","paper_adjusted",300,1000,1.5,1,108037747,"MDACT",0.05,"ok",TRUE,0.0800000000000001,"ties should not be present for the one-sample Kolmogorov-Smirnov test","","1c8dd55b1703630687b50d430776c243",99,1,98,191,0.0101010101010101,0.513089005235602
"linear_dense_n300_t02_r0001","linear","dense","paper_adjusted",300,1000,1.5,1,108037747,"MLFDR",0.05,"ok",TRUE,0.31,"","","777f14528360410a0ad4675b93c8440b",161,12,149,191,0.0745341614906832,0.780104712041885
"confounded_dense_n300_t02_r0001","confounded","dense","paper_adjusted",300,1000,1.5,1,249443297,"HDMT",0.05,"ok",TRUE,0.0299999999999998,"ties should not be present for the one-sample Kolmogorov-Smirnov test","","0f3f40b820390eb3830a282c575f6731",94,2,92,221,0.0212765957446809,0.416289592760181
"confounded_dense_n300_t02_r0001","confounded","dense","paper_adjusted",300,1000,1.5,1,249443297,"MDACT",0.05,"ok",TRUE,0.0799999999999996,"ties should not be present for the one-sample Kolmogorov-Smirnov test","","dcc6354a91deee08afee2570f2ae578c",101,2,99,221,0.0198019801980198,0.447963800904977
"confounded_dense_n300_t02_r0001","confounded","dense","paper_adjusted",300,1000,1.5,1,249443297,"MLFDR",0.05,"ok",TRUE,0.39,"","","3dde9a78aa2ebfb13d592406b6962801",177,8,169,221,0.0451977401129944,0.764705882352941
"binary_dense_n300_t02_r0001","binary","dense","paper_adjusted",300,1000,1.5,1,244269150,"HDMT",0.05,"ok",TRUE,0.0299999999999994,"","","a1bfe6b55bc18d0b2f1149f6463b42ee",129,5,124,201,0.0387596899224806,0.616915422885572
"binary_dense_n300_t02_r0001","binary","dense","paper_adjusted",300,1000,1.5,1,244269150,"MDACT",0.05,"ok",TRUE,0.00999999999999979,"","","405a95fa7fa68f91d870da6088a44d78",146,9,137,201,0.0616438356164384,0.681592039800995
"binary_dense_n300_t02_r0001","binary","dense","paper_adjusted",300,1000,1.5,1,244269150,"MLFDR",0.05,"ok",TRUE,0.13,"","","4076d98e8de07d450e31529df941d20d",177,5,172,201,0.0282485875706215,0.855721393034826
"linear_sparse_n300_t03_r0001","linear","sparse","paper_adjusted",300,1000,1.9,1,64710089,"HDMT",0.05,"ok",TRUE,0.04,"ties should not be present for the one-sample Kolmogorov-Smirnov test","","107f6a37d757e4a0c5d74e519ea32c3e",30,8,22,23,0.266666666666667,0.956521739130435
"linear_sparse_n300_t03_r0001","linear","sparse","paper_adjusted",300,1000,1.9,1,64710089,"MDACT",0.05,"ok",TRUE,0,"ties should not be present for the one-sample Kolmogorov-Smirnov test","","15126cee13fdde16c40fae355e389f3b",26,4,22,23,0.153846153846154,0.956521739130435
"linear_sparse_n300_t03_r0001","linear","sparse","paper_adjusted",300,1000,1.9,1,64710089,"MLFDR",0.05,"ok",TRUE,0.0999999999999996,"","","e8e31658f230358e5a806eeea5f9d141",22,0,22,23,0,0.956521739130435
"confounded_sparse_n300_t03_r0001","confounded","sparse","paper_adjusted",300,1000,1.9,1,126157381,"HDMT",0.05,"ok",TRUE,0.0599999999999996,"ties should not be present for the one-sample Kolmogorov-Smirnov test","","a440d44131fe20dc91b305f3ac2eadbb",14,2,12,15,0.142857142857143,0.8
"confounded_sparse_n300_t03_r0001","confounded","sparse","paper_adjusted",300,1000,1.9,1,126157381,"MDACT",0.05,"ok",TRUE,0,"ties should not be present for the one-sample Kolmogorov-Smirnov test","","ea9d1e9c274ed3f22dca43b57a5d77a9",7,0,7,15,0,0.466666666666667
"confounded_sparse_n300_t03_r0001","confounded","sparse","paper_adjusted",300,1000,1.9,1,126157381,"MLFDR",0.05,"ok",TRUE,0.29,"","","215c8795c427c99bc8a530ab7a3ccc72",10,0,10,15,0,0.666666666666667
"binary_sparse_n300_t03_r0001","binary","sparse","paper_adjusted",300,1000,1.9,1,111938410,"HDMT",0.05,"ok",TRUE,0.0299999999999994,"","","f28b7a03704bd21a36d4468de8005b36",16,1,15,20,0.0625,0.75
"binary_sparse_n300_t03_r0001","binary","sparse","paper_adjusted",300,1000,1.9,1,111938410,"MDACT",0.05,"ok",TRUE,0,"","","86ea9105532d5de7245799873b6c20b3",16,1,15,20,0.0625,0.75
"binary_sparse_n300_t03_r0001","binary","sparse","paper_adjusted",300,1000,1.9,1,111938410,"MLFDR",0.05,"ok",TRUE,0.13,"","","6ec658d1b805f4db594385be8ddfdfb7",19,1,18,20,0.0526315789473684,0.9
"linear_dense_n300_t03_r0001","linear","dense","paper_adjusted",300,1000,1.9,1,265272256,"HDMT",0.05,"ok",TRUE,0.0300000000000002,"ties should not be present for the one-sample Kolmogorov-Smirnov test","","706bfe8d7996335e38d4fded73b367d6",182,8,174,207,0.043956043956044,0.840579710144927
"linear_dense_n300_t03_r0001","linear","dense","paper_adjusted",300,1000,1.9,1,265272256,"MDACT",0.05,"ok",TRUE,0.00999999999999979,"ties should not be present for the one-sample Kolmogorov-Smirnov test","","d9d3e1d62d04d56c1b45537607f44947",189,13,176,207,0.0687830687830688,0.85024154589372
"linear_dense_n300_t03_r0001","linear","dense","paper_adjusted",300,1000,1.9,1,265272256,"MLFDR",0.05,"ok",TRUE,0.26,"","","3dc9078193e58f255270da6afb6c66cb",207,15,192,207,0.072463768115942,0.927536231884058
"confounded_dense_n300_t03_r0001","confounded","dense","paper_adjusted",300,1000,1.9,1,134899529,"HDMT",0.05,"ok",TRUE,0.0100000000000007,"ties should not be present for the one-sample Kolmogorov-Smirnov test","","aa69409d2bf07ffbb13026bf58981f92",137,2,135,211,0.0145985401459854,0.639810426540284
"confounded_dense_n300_t03_r0001","confounded","dense","paper_adjusted",300,1000,1.9,1,134899529,"MDACT",0.05,"ok",TRUE,0,"ties should not be present for the one-sample Kolmogorov-Smirnov test","","d1523f69d2e4e96fb95db4e39f487bbd",146,2,144,211,0.0136986301369863,0.682464454976303
"confounded_dense_n300_t03_r0001","confounded","dense","paper_adjusted",300,1000,1.9,1,134899529,"MLFDR",0.05,"ok",TRUE,0.38,"","","5f4716fc6c468514a0c40b6e18eaaafb",192,9,183,211,0.046875,0.867298578199052
"binary_dense_n300_t03_r0001","binary","dense","paper_adjusted",300,1000,1.9,1,216187563,"HDMT",0.05,"ok",TRUE,0.04,"","","6270c54ffad83da60bac9966f6d89052",169,4,165,200,0.0236686390532544,0.825
"binary_dense_n300_t03_r0001","binary","dense","paper_adjusted",300,1000,1.9,1,216187563,"MDACT",0.05,"ok",TRUE,0,"","","e4abecddc0d6080ab82b513ef4699cab",171,4,167,200,0.0233918128654971,0.835
"binary_dense_n300_t03_r0001","binary","dense","paper_adjusted",300,1000,1.9,1,216187563,"MLFDR",0.05,"ok",TRUE,0.2,"","","a7b008da2ef4acf50f09d16ebbfcc7ce",203,9,194,200,0.0443349753694581,0.97
"linear_sparse_n300_t01_r0002","linear","sparse","paper_adjusted",300,1000,1.3,2,55663362,"HDMT",0.05,"ok",TRUE,0.0300000000000002,"ties should not be present for the one-sample Kolmogorov-Smirnov test","","bba41016847a0f5a00c6a0b02b27f267",5,0,5,22,0,0.227272727272727
"linear_sparse_n300_t01_r0002","linear","sparse","paper_adjusted",300,1000,1.3,2,55663362,"MDACT",0.05,"ok",TRUE,0.0199999999999996,"ties should not be present for the one-sample Kolmogorov-Smirnov test","","c6a196667494de30ba1a8eee2c2b0b85",5,0,5,22,0,0.227272727272727
"linear_sparse_n300_t01_r0002","linear","sparse","paper_adjusted",300,1000,1.3,2,55663362,"MLFDR",0.05,"ok",TRUE,0.239999999999999,"","","d68ba6a6bf26aa37b4c5e545261d33fd",11,0,11,22,0,0.5
"confounded_sparse_n300_t01_r0002","confounded","sparse","paper_adjusted",300,1000,1.3,2,120712994,"HDMT",0.05,"ok",TRUE,0.0199999999999996,"ties should not be present for the one-sample Kolmogorov-Smirnov test","","1b643f17ed180d8312682a9318acd4e4",1,0,1,21,0,0.0476190476190476
"confounded_sparse_n300_t01_r0002","confounded","sparse","paper_adjusted",300,1000,1.3,2,120712994,"MDACT",0.05,"ok",TRUE,0,"ties should not be present for the one-sample Kolmogorov-Smirnov test","","b07f3a6ab2c21b7abe6eb333936d1197",1,0,1,21,0,0.0476190476190476
"confounded_sparse_n300_t01_r0002","confounded","sparse","paper_adjusted",300,1000,1.3,2,120712994,"MLFDR",0.05,"ok",TRUE,1.74,"","","70de22f9e4d9d385b32689584bd8c8a5",6,0,6,21,0,0.285714285714286
"binary_sparse_n300_t01_r0002","binary","sparse","paper_adjusted",300,1000,1.3,2,254114510,"HDMT",0.05,"ok",TRUE,0.0299999999999994,"","","fe6a2818faaaa07dc6b361861a79a6bb",3,0,3,18,0,0.166666666666667
"binary_sparse_n300_t01_r0002","binary","sparse","paper_adjusted",300,1000,1.3,2,254114510,"MDACT",0.05,"ok",TRUE,0.0199999999999996,"","","11f5e033f8975bfbe5e7bf4ca2181430",3,0,3,18,0,0.166666666666667
"binary_sparse_n300_t01_r0002","binary","sparse","paper_adjusted",300,1000,1.3,2,254114510,"MLFDR",0.05,"ok",TRUE,0.43,"","","6a54462de415398185b2b2e6910d045b",8,1,7,18,0.125,0.388888888888889
"linear_dense_n300_t01_r0002","linear","dense","paper_adjusted",300,1000,1.3,2,100511572,"HDMT",0.05,"ok",TRUE,0.0300000000000002,"ties should not be present for the one-sample Kolmogorov-Smirnov test","","8138f45d1c70985bd688917ace97e84b",49,2,47,193,0.0408163265306122,0.243523316062176
"linear_dense_n300_t01_r0002","linear","dense","paper_adjusted",300,1000,1.3,2,100511572,"MDACT",0.05,"ok",TRUE,0.0199999999999996,"ties should not be present for the one-sample Kolmogorov-Smirnov test","","5928e9c312cd77be4fbe94796332108f",52,3,49,193,0.0576923076923077,0.253886010362694
"linear_dense_n300_t01_r0002","linear","dense","paper_adjusted",300,1000,1.3,2,100511572,"MLFDR",0.05,"ok",TRUE,0.84,"","","9ae18a23c33be3e8b481ac7b7ac2a47e",98,3,95,193,0.0306122448979592,0.492227979274611
"confounded_dense_n300_t01_r0002","confounded","dense","paper_adjusted",300,1000,1.3,2,199989868,"HDMT",0.05,"ok",TRUE,0.0300000000000002,"ties should not be present for the one-sample Kolmogorov-Smirnov test","","6e3d6c910279cd87bcc42c766dc0aa01",78,1,77,220,0.0128205128205128,0.35
"confounded_dense_n300_t01_r0002","confounded","dense","paper_adjusted",300,1000,1.3,2,199989868,"MDACT",0.05,"ok",TRUE,0,"ties should not be present for the one-sample Kolmogorov-Smirnov test","","9fa9ffdf9ac2b68be511112da940f2d1",89,1,88,220,0.0112359550561798,0.4
"confounded_dense_n300_t01_r0002","confounded","dense","paper_adjusted",300,1000,1.3,2,199989868,"MLFDR",0.05,"ok",TRUE,0.409999999999999,"","","928bceb3b5f31a55dbee0aaf4a56a87e",158,6,152,220,0.0379746835443038,0.690909090909091
"binary_dense_n300_t01_r0002","binary","dense","paper_adjusted",300,1000,1.3,2,203709560,"HDMT",0.05,"ok",TRUE,0.0299999999999994,"","","99a99aea8d565ea6475515a1922c63cb",121,3,118,231,0.0247933884297521,0.510822510822511
"binary_dense_n300_t01_r0002","binary","dense","paper_adjusted",300,1000,1.3,2,203709560,"MDACT",0.05,"ok",TRUE,0,"","","3efcef7407db9f24eb37be3979188fef",126,6,120,231,0.0476190476190476,0.519480519480519
"binary_dense_n300_t01_r0002","binary","dense","paper_adjusted",300,1000,1.3,2,203709560,"MLFDR",0.05,"ok",TRUE,0.24,"","","b0e7bf40542615fc625a526db4d216df",183,9,174,231,0.0491803278688525,0.753246753246753
"linear_sparse_n300_t02_r0002","linear","sparse","paper_adjusted",300,1000,1.5,2,230046918,"HDMT",0.05,"ok",TRUE,0.0300000000000011,"ties should not be present for the one-sample Kolmogorov-Smirnov test","","0dec6c0aa52d373d6fee16d249456669",4,0,4,18,0,0.222222222222222
"linear_sparse_n300_t02_r0002","linear","sparse","paper_adjusted",300,1000,1.5,2,230046918,"MDACT",0.05,"ok",TRUE,0,"ties should not be present for the one-sample Kolmogorov-Smirnov test","","c8dd0319b2cc7c49e350d7129b020e14",6,0,6,18,0,0.333333333333333
"linear_sparse_n300_t02_r0002","linear","sparse","paper_adjusted",300,1000,1.5,2,230046918,"MLFDR",0.05,"ok",TRUE,1.23,"","","8dd43f96731944a5dfc8d9f08f051c74",9,0,9,18,0,0.5
"confounded_sparse_n300_t02_r0002","confounded","sparse","paper_adjusted",300,1000,1.5,2,105851128,"HDMT",0.05,"ok",TRUE,0.0300000000000011,"ties should not be present for the one-sample Kolmogorov-Smirnov test","","e9eaa1fef6e084df4e2795a7e5650e59",8,0,8,18,0,0.444444444444444
"confounded_sparse_n300_t02_r0002","confounded","sparse","paper_adjusted",300,1000,1.5,2,105851128,"MDACT",0.05,"ok",TRUE,0.00999999999999979,"ties should not be present for the one-sample Kolmogorov-Smirnov test","","74004f9ebd5b5a07089b7d9654f051ae",10,0,10,18,0,0.555555555555556
"confounded_sparse_n300_t02_r0002","confounded","sparse","paper_adjusted",300,1000,1.5,2,105851128,"MLFDR",0.05,"ok",TRUE,0.270000000000001,"","","f859e41c9cc2236f407a2d4c0f186453",11,0,11,18,0,0.611111111111111
"binary_sparse_n300_t02_r0002","binary","sparse","paper_adjusted",300,1000,1.5,2,25945361,"HDMT",0.05,"ok",TRUE,0.0399999999999991,"","","4f4194e8a1c6e6cec56d0d8baea47eb3",7,0,7,22,0,0.318181818181818
"binary_sparse_n300_t02_r0002","binary","sparse","paper_adjusted",300,1000,1.5,2,25945361,"MDACT",0.05,"ok",TRUE,0.00999999999999979,"","","144531dd7880e22662dda4ce673a3545",12,1,11,22,0.0833333333333333,0.5
"binary_sparse_n300_t02_r0002","binary","sparse","paper_adjusted",300,1000,1.5,2,25945361,"MLFDR",0.05,"ok",TRUE,0.73,"","","dc6355234147cc5324e815c2948d95c6",16,0,16,22,0,0.727272727272727
"linear_dense_n300_t02_r0002","linear","dense","paper_adjusted",300,1000,1.5,2,237568371,"HDMT",0.05,"ok",TRUE,0.0199999999999996,"ties should not be present for the one-sample Kolmogorov-Smirnov test","","2659e1bf94c32ec699ee18b39fd8fd34",75,0,75,219,0,0.342465753424658
"linear_dense_n300_t02_r0002","linear","dense","paper_adjusted",300,1000,1.5,2,237568371,"MDACT",0.05,"ok",TRUE,0.00999999999999979,"ties should not be present for the one-sample Kolmogorov-Smirnov test","","887649c7b5a5f473d56deb54051fa755",77,0,77,219,0,0.351598173515982
"linear_dense_n300_t02_r0002","linear","dense","paper_adjusted",300,1000,1.5,2,237568371,"MLFDR",0.05,"ok",TRUE,0.51,"","","e124036af34b9405a852c1d34d7167a8",148,6,142,219,0.0405405405405405,0.648401826484018
"confounded_dense_n300_t02_r0002","confounded","dense","paper_adjusted",300,1000,1.5,2,217348234,"HDMT",0.05,"ok",TRUE,0.0499999999999989,"ties should not be present for the one-sample Kolmogorov-Smirnov test","","8d7fc39116d855b6e728a8a0fe4951d7",65,3,62,182,0.0461538461538462,0.340659340659341
"confounded_dense_n300_t02_r0002","confounded","dense","paper_adjusted",300,1000,1.5,2,217348234,"MDACT",0.05,"ok",TRUE,0.0199999999999996,"ties should not be present for the one-sample Kolmogorov-Smirnov test","","6cec09620f88d4ff07a3a81d4e4c0ab5",94,7,87,182,0.074468085106383,0.478021978021978
"confounded_dense_n300_t02_r0002","confounded","dense","paper_adjusted",300,1000,1.5,2,217348234,"MLFDR",0.05,"ok",TRUE,0.25,"","","944151cb874a2c650a1b93bd90a035a9",129,2,127,182,0.0155038759689922,0.697802197802198
"binary_dense_n300_t02_r0002","binary","dense","paper_adjusted",300,1000,1.5,2,153466329,"HDMT",0.05,"ok",TRUE,0.0300000000000011,"","","fb5e4e6d8f1f50bb91aeb90dbb87db1a",126,3,123,222,0.0238095238095238,0.554054054054054
"binary_dense_n300_t02_r0002","binary","dense","paper_adjusted",300,1000,1.5,2,153466329,"MDACT",0.05,"ok",TRUE,0,"","","56e3e8d0201d73beb9d89c10d49025ee",137,3,134,222,0.0218978102189781,0.603603603603604
"binary_dense_n300_t02_r0002","binary","dense","paper_adjusted",300,1000,1.5,2,153466329,"MLFDR",0.05,"ok",TRUE,0.25,"","","07f9ebcf689956ceb348b8a1e0f1ff43",191,6,185,222,0.031413612565445,0.833333333333333
"linear_sparse_n300_t03_r0002","linear","sparse","paper_adjusted",300,1000,1.9,2,76035443,"HDMT",0.05,"ok",TRUE,0.0199999999999996,"ties should not be present for the one-sample Kolmogorov-Smirnov test","","c42d1d475bab7b5621443632c6401c71",14,0,14,18,0,0.777777777777778
"linear_sparse_n300_t03_r0002","linear","sparse","paper_adjusted",300,1000,1.9,2,76035443,"MDACT",0.05,"ok",TRUE,0,"ties should not be present for the one-sample Kolmogorov-Smirnov test","","12c2c84c4e412c123ec3603a28dded81",14,0,14,18,0,0.777777777777778
"linear_sparse_n300_t03_r0002","linear","sparse","paper_adjusted",300,1000,1.9,2,76035443,"MLFDR",0.05,"ok",TRUE,0.23,"","","8c78b401a5bba76a20a3a540b868667f",15,1,14,18,0.0666666666666667,0.777777777777778
"confounded_sparse_n300_t03_r0002","confounded","sparse","paper_adjusted",300,1000,1.9,2,262757570,"HDMT",0.05,"ok",TRUE,0.0300000000000011,"ties should not be present for the one-sample Kolmogorov-Smirnov test","","d2db00f0f983f9c941a10969aa48fbc1",10,0,10,20,0,0.5
"confounded_sparse_n300_t03_r0002","confounded","sparse","paper_adjusted",300,1000,1.9,2,262757570,"MDACT",0.05,"ok",TRUE,0.0199999999999996,"ties should not be present for the one-sample Kolmogorov-Smirnov test","","b2b431e99f51259eaacfed984adc09f5",10,0,10,20,0,0.5
"confounded_sparse_n300_t03_r0002","confounded","sparse","paper_adjusted",300,1000,1.9,2,262757570,"MLFDR",0.05,"ok",TRUE,0.220000000000001,"","","0a257b61a5f15cfbd81e46b63a69a237",15,0,15,20,0,0.75
"binary_sparse_n300_t03_r0002","binary","sparse","paper_adjusted",300,1000,1.9,2,26975324,"HDMT",0.05,"ok",TRUE,0.0299999999999994,"","","c6588c1cad7af456112e7986417d55f4",14,0,14,19,0,0.736842105263158
"binary_sparse_n300_t03_r0002","binary","sparse","paper_adjusted",300,1000,1.9,2,26975324,"MDACT",0.05,"ok",TRUE,0.00999999999999979,"","","1e67ac7189a261abc109f8c537edc898",14,0,14,19,0,0.736842105263158
"binary_sparse_n300_t03_r0002","binary","sparse","paper_adjusted",300,1000,1.9,2,26975324,"MLFDR",0.05,"ok",TRUE,0.17,"","","863a4ca606e12c052d8fc97176164306",15,0,15,19,0,0.789473684210526
"linear_dense_n300_t03_r0002","linear","dense","paper_adjusted",300,1000,1.9,2,43669795,"HDMT",0.05,"ok",TRUE,0.0199999999999996,"ties should not be present for the one-sample Kolmogorov-Smirnov test","","e2164516f0e993fe75be7fd2f9bdac04",206,9,197,205,0.0436893203883495,0.960975609756098
"linear_dense_n300_t03_r0002","linear","dense","paper_adjusted",300,1000,1.9,2,43669795,"MDACT",0.05,"ok",TRUE,0.0199999999999996,"ties should not be present for the one-sample Kolmogorov-Smirnov test","","0e4ab8157dc61fb6444e890efec4c9f8",208,11,197,205,0.0528846153846154,0.960975609756098
"linear_dense_n300_t03_r0002","linear","dense","paper_adjusted",300,1000,1.9,2,43669795,"MLFDR",0.05,"ok",TRUE,0.129999999999999,"","","7162a467447c90628dcad990342df231",212,9,203,205,0.0424528301886792,0.990243902439024
"confounded_dense_n300_t03_r0002","confounded","dense","paper_adjusted",300,1000,1.9,2,22613508,"HDMT",0.05,"ok",TRUE,0.0299999999999994,"ties should not be present for the one-sample Kolmogorov-Smirnov test","","4c33257d21c27addcb9aa265aad48a11",203,8,195,216,0.0394088669950739,0.902777777777778
"confounded_dense_n300_t03_r0002","confounded","dense","paper_adjusted",300,1000,1.9,2,22613508,"MDACT",0.05,"ok",TRUE,0,"ties should not be present for the one-sample Kolmogorov-Smirnov test","","4f152bbf7651a71c5a7b1ef092b8bff6",204,9,195,216,0.0441176470588235,0.902777777777778
"confounded_dense_n300_t03_r0002","confounded","dense","paper_adjusted",300,1000,1.9,2,22613508,"MLFDR",0.05,"ok",TRUE,0.25,"","","3402ded6ef8b0218017b6cf0836a1875",224,12,212,216,0.0535714285714286,0.981481481481482
"binary_dense_n300_t03_r0002","binary","dense","paper_adjusted",300,1000,1.9,2,153935093,"HDMT",0.05,"ok",TRUE,0.0200000000000014,"","","3d1789df851cd875895ab6d1b3d4bde4",127,1,126,207,0.0078740157480315,0.608695652173913
"binary_dense_n300_t03_r0002","binary","dense","paper_adjusted",300,1000,1.9,2,153935093,"MDACT",0.05,"ok",TRUE,0.0199999999999996,"","","f6b6340e9eb3a65424854bfc518e599d",132,2,130,207,0.0151515151515152,0.628019323671498
"binary_dense_n300_t03_r0002","binary","dense","paper_adjusted",300,1000,1.9,2,153935093,"MLFDR",0.05,"ok",TRUE,0.210000000000001,"","","771a024123284e9a982b1ab6ad287bd3",193,16,177,207,0.0829015544041451,0.855072463768116
"linear_sparse_n300_t01_r0003","linear","sparse","paper_adjusted",300,1000,1.3,3,75113861,"HDMT",0.05,"ok",TRUE,0.0299999999999994,"ties should not be present for the one-sample Kolmogorov-Smirnov test","","f66cda1a67fed5571ed4db318db97319",8,0,8,23,0,0.347826086956522
"linear_sparse_n300_t01_r0003","linear","sparse","paper_adjusted",300,1000,1.3,3,75113861,"MDACT",0.05,"ok",TRUE,0.0199999999999996,"ties should not be present for the one-sample Kolmogorov-Smirnov test","","2a09035a59cfbc99b94ad55f4d7aee6c",8,0,8,23,0,0.347826086956522
"linear_sparse_n300_t01_r0003","linear","sparse","paper_adjusted",300,1000,1.3,3,75113861,"MLFDR",0.05,"ok",TRUE,0.26,"","","a2b735992622a3ee82b0c61b98c2695a",13,0,13,23,0,0.565217391304348
"confounded_sparse_n300_t01_r0003","confounded","sparse","paper_adjusted",300,1000,1.3,3,59493961,"HDMT",0.05,"ok",TRUE,0.0400000000000009,"ties should not be present for the one-sample Kolmogorov-Smirnov test","","e90e5ec75792623b438ae0d29c407e67",8,0,8,30,0,0.266666666666667
"confounded_sparse_n300_t01_r0003","confounded","sparse","paper_adjusted",300,1000,1.3,3,59493961,"MDACT",0.05,"ok",TRUE,0.0199999999999996,"ties should not be present for the one-sample Kolmogorov-Smirnov test","","770c2a45860d94236b8e7e4cd8f112e3",11,0,11,30,0,0.366666666666667
"confounded_sparse_n300_t01_r0003","confounded","sparse","paper_adjusted",300,1000,1.3,3,59493961,"MLFDR",0.05,"ok",TRUE,0.609999999999999,"","","106da46f7e0e8051d2112780d4ff16a8",23,2,21,30,0.0869565217391304,0.7
"binary_sparse_n300_t01_r0003","binary","sparse","paper_adjusted",300,1000,1.3,3,238396303,"HDMT",0.05,"ok",TRUE,0.0300000000000011,"","","56569f03d5223f44a5a487c7a0b2ef28",7,0,7,22,0,0.318181818181818
"binary_sparse_n300_t01_r0003","binary","sparse","paper_adjusted",300,1000,1.3,3,238396303,"MDACT",0.05,"ok",TRUE,0.0100000000000016,"","","3061861b2485f8216c99808c7432843a",7,0,7,22,0,0.318181818181818
"binary_sparse_n300_t01_r0003","binary","sparse","paper_adjusted",300,1000,1.3,3,238396303,"MLFDR",0.05,"ok",TRUE,0.280000000000001,"","","425f4430db6f91f272ba072743d4678e",15,0,15,22,0,0.681818181818182
"linear_dense_n300_t01_r0003","linear","dense","paper_adjusted",300,1000,1.3,3,162559780,"HDMT",0.05,"ok",TRUE,0.0299999999999994,"ties should not be present for the one-sample Kolmogorov-Smirnov test","","5bba01c7f1be19cbd7e0be90a3a53a09",66,1,65,200,0.0151515151515152,0.325
"linear_dense_n300_t01_r0003","linear","dense","paper_adjusted",300,1000,1.3,3,162559780,"MDACT",0.05,"ok",TRUE,0.0199999999999996,"ties should not be present for the one-sample Kolmogorov-Smirnov test","","21e829d0f74328ced1a24fcf2adc35b9",75,1,74,200,0.0133333333333333,0.37
"linear_dense_n300_t01_r0003","linear","dense","paper_adjusted",300,1000,1.3,3,162559780,"MLFDR",0.05,"ok",TRUE,0.659999999999998,"","","3ca8dcad9d335079052590bd081bcfd2",140,7,133,200,0.05,0.665
"confounded_dense_n300_t01_r0003","confounded","dense","paper_adjusted",300,1000,1.3,3,66460266,"HDMT",0.05,"ok",TRUE,0.0399999999999991,"ties should not be present for the one-sample Kolmogorov-Smirnov test","","14837546c2c3857ae8cfaa9f452254cc",96,3,93,217,0.03125,0.428571428571429
"confounded_dense_n300_t01_r0003","confounded","dense","paper_adjusted",300,1000,1.3,3,66460266,"MDACT",0.05,"ok",TRUE,0.00999999999999979,"ties should not be present for the one-sample Kolmogorov-Smirnov test","","d5b74f73c4a156429ae773c31aabcfc0",103,4,99,217,0.0388349514563107,0.456221198156682
"confounded_dense_n300_t01_r0003","confounded","dense","paper_adjusted",300,1000,1.3,3,66460266,"MLFDR",0.05,"ok",TRUE,0.470000000000001,"","","4b2e6282c8e5f826ab01253beeeca1d5",154,7,147,217,0.0454545454545455,0.67741935483871
"binary_dense_n300_t01_r0003","binary","dense","paper_adjusted",300,1000,1.3,3,14614744,"HDMT",0.05,"ok",TRUE,0.0300000000000011,"","","02839ded8d6ce509546ee4a5ead5bacd",59,2,57,214,0.0338983050847458,0.266355140186916
"binary_dense_n300_t01_r0003","binary","dense","paper_adjusted",300,1000,1.3,3,14614744,"MDACT",0.05,"ok",TRUE,0,"","","750c8d4f9cafde0aa810b6f8ca4d1b2f",78,4,74,214,0.0512820512820513,0.345794392523364
"binary_dense_n300_t01_r0003","binary","dense","paper_adjusted",300,1000,1.3,3,14614744,"MLFDR",0.05,"ok",TRUE,0.259999999999998,"","","c49338ad7bb8176ca0df5bfcd00ef5c1",126,6,120,214,0.0476190476190476,0.560747663551402
"linear_sparse_n300_t02_r0003","linear","sparse","paper_adjusted",300,1000,1.5,3,194132323,"HDMT",0.05,"ok",TRUE,0.0199999999999996,"ties should not be present for the one-sample Kolmogorov-Smirnov test","","f396af64a96fcc88770bc82e694a8cae",8,0,8,20,0,0.4
"linear_sparse_n300_t02_r0003","linear","sparse","paper_adjusted",300,1000,1.5,3,194132323,"MDACT",0.05,"ok",TRUE,0,"ties should not be present for the one-sample Kolmogorov-Smirnov test","","fceec51023005fc608b711e2665d3a2d",9,0,9,20,0,0.45
"linear_sparse_n300_t02_r0003","linear","sparse","paper_adjusted",300,1000,1.5,3,194132323,"MLFDR",0.05,"ok",TRUE,0.419999999999998,"","","f36bdd851e0ba5a888d6003d4f2e2fd8",14,0,14,20,0,0.7
"confounded_sparse_n300_t02_r0003","confounded","sparse","paper_adjusted",300,1000,1.5,3,238108711,"HDMT",0.05,"ok",TRUE,0.0300000000000011,"ties should not be present for the one-sample Kolmogorov-Smirnov test","","5bb5c503ea114d63f92b53613ff55f12",11,1,10,14,0.0909090909090909,0.714285714285714
"confounded_sparse_n300_t02_r0003","confounded","sparse","paper_adjusted",300,1000,1.5,3,238108711,"MDACT",0.05,"ok",TRUE,0.0199999999999996,"ties should not be present for the one-sample Kolmogorov-Smirnov test","","bd313d7e22b06bedde086c770b4b2cb5",11,1,10,14,0.0909090909090909,0.714285714285714
"confounded_sparse_n300_t02_r0003","confounded","sparse","paper_adjusted",300,1000,1.5,3,238108711,"MLFDR",0.05,"ok",TRUE,0.210000000000001,"","","8ea49e8b118ba9a7ebfbf14df09ebad5",16,3,13,14,0.1875,0.928571428571429
"binary_sparse_n300_t02_r0003","binary","sparse","paper_adjusted",300,1000,1.5,3,227249596,"HDMT",0.05,"ok",TRUE,0.0300000000000011,"","","35702ff56dd5a4533ca52149c8f62112",10,0,10,20,0,0.5
"binary_sparse_n300_t02_r0003","binary","sparse","paper_adjusted",300,1000,1.5,3,227249596,"MDACT",0.05,"ok",TRUE,0.0199999999999996,"","","25b948537acde95763d7c8a1ecbf049b",10,0,10,20,0,0.5
"binary_sparse_n300_t02_r0003","binary","sparse","paper_adjusted",300,1000,1.5,3,227249596,"MLFDR",0.05,"ok",TRUE,0.219999999999999,"","","7321e5ade1871b05602bae2cce137229",16,0,16,20,0,0.8
"linear_dense_n300_t02_r0003","linear","dense","paper_adjusted",300,1000,1.5,3,74168178,"HDMT",0.05,"ok",TRUE,0.0299999999999976,"ties should not be present for the one-sample Kolmogorov-Smirnov test","","b9993bbee0b77777398c475f6e365817",112,4,108,184,0.0357142857142857,0.58695652173913
"linear_dense_n300_t02_r0003","linear","dense","paper_adjusted",300,1000,1.5,3,74168178,"MDACT",0.05,"ok",TRUE,0,"ties should not be present for the one-sample Kolmogorov-Smirnov test","","6f6df25a8b2b2b03a3f09f9d319b6915",112,4,108,184,0.0357142857142857,0.58695652173913
"linear_dense_n300_t02_r0003","linear","dense","paper_adjusted",300,1000,1.5,3,74168178,"MLFDR",0.05,"ok",TRUE,0.289999999999999,"","","a32b73f8dab7f477d1385c1363602897",159,9,150,184,0.0566037735849057,0.815217391304348
"confounded_dense_n300_t02_r0003","confounded","dense","paper_adjusted",300,1000,1.5,3,26188402,"HDMT",0.05,"ok",TRUE,0.0300000000000011,"ties should not be present for the one-sample Kolmogorov-Smirnov test","","ab9208dd4b7db2c36b1c5dfcab0eb654",147,4,143,217,0.0272108843537415,0.658986175115207
"confounded_dense_n300_t02_r0003","confounded","dense","paper_adjusted",300,1000,1.5,3,26188402,"MDACT",0.05,"ok",TRUE,0.0100000000000016,"ties should not be present for the one-sample Kolmogorov-Smirnov test","","7e10bf4b4fab10b4e9ff5d1b48e08514",157,5,152,217,0.0318471337579618,0.700460829493088
"confounded_dense_n300_t02_r0003","confounded","dense","paper_adjusted",300,1000,1.5,3,26188402,"MLFDR",0.05,"ok",TRUE,0.23,"","","ebf9bd57764c72fa83d3c9d721afc480",215,16,199,217,0.0744186046511628,0.91705069124424
"binary_dense_n300_t02_r0003","binary","dense","paper_adjusted",300,1000,1.5,3,120495201,"HDMT",0.05,"ok",TRUE,0.0199999999999996,"","","d06231dab56e5b40ca9d603712ad2770",158,6,152,210,0.0379746835443038,0.723809523809524
"binary_dense_n300_t02_r0003","binary","dense","paper_adjusted",300,1000,1.5,3,120495201,"MDACT",0.05,"ok",TRUE,0.0199999999999996,"","","a3846344c69244e7af90bac7048bc3f8",161,7,154,210,0.0434782608695652,0.733333333333333
"binary_dense_n300_t02_r0003","binary","dense","paper_adjusted",300,1000,1.5,3,120495201,"MLFDR",0.05,"ok",TRUE,0.199999999999999,"","","743df1ffa86a98c48c91fbf18d7b42ba",201,13,188,210,0.0646766169154229,0.895238095238095
"linear_sparse_n300_t03_r0003","linear","sparse","paper_adjusted",300,1000,1.9,3,247479014,"HDMT",0.05,"ok",TRUE,0.00999999999999801,"ties should not be present for the one-sample Kolmogorov-Smirnov test","","3e4976fe2bfd3417ff0f2b8a9f7dd9a8",19,0,19,23,0,0.826086956521739
"linear_sparse_n300_t03_r0003","linear","sparse","paper_adjusted",300,1000,1.9,3,247479014,"MDACT",0.05,"ok",TRUE,0,"ties should not be present for the one-sample Kolmogorov-Smirnov test","","d47324e26114855dac10e0a278cf180d",21,0,21,23,0,0.91304347826087
"linear_sparse_n300_t03_r0003","linear","sparse","paper_adjusted",300,1000,1.9,3,247479014,"MLFDR",0.05,"ok",TRUE,0.129999999999999,"","","05a1984a1ac8dd527adf439161c3245c",22,0,22,23,0,0.956521739130435
"confounded_sparse_n300_t03_r0003","confounded","sparse","paper_adjusted",300,1000,1.9,3,187452368,"HDMT",0.05,"ok",TRUE,0.0199999999999996,"ties should not be present for the one-sample Kolmogorov-Smirnov test","","26c31462b5b52997d9de0f9d6ae9fffc",8,0,8,29,0,0.275862068965517
"confounded_sparse_n300_t03_r0003","confounded","sparse","paper_adjusted",300,1000,1.9,3,187452368,"MDACT",0.05,"ok",TRUE,0.0199999999999996,"ties should not be present for the one-sample Kolmogorov-Smirnov test","","65268f000492f7e23c03d4e2b8b74c6f",12,0,12,29,0,0.413793103448276
"confounded_sparse_n300_t03_r0003","confounded","sparse","paper_adjusted",300,1000,1.9,3,187452368,"MLFDR",0.05,"ok",TRUE,0.739999999999998,"","","1d833b75d0dfb3e436a91b7fbcb73f26",21,0,21,29,0,0.724137931034483
"binary_sparse_n300_t03_r0003","binary","sparse","paper_adjusted",300,1000,1.9,3,96357160,"HDMT",0.05,"ok",TRUE,0.0300000000000011,"","","6dfe38060c5bdf2eeac77aff94c316c8",9,0,9,13,0,0.692307692307692
"binary_sparse_n300_t03_r0003","binary","sparse","paper_adjusted",300,1000,1.9,3,96357160,"MDACT",0.05,"ok",TRUE,0.0200000000000031,"","","83c23ad8e6052f76df5d650b279df67e",9,0,9,13,0,0.692307692307692
"binary_sparse_n300_t03_r0003","binary","sparse","paper_adjusted",300,1000,1.9,3,96357160,"MLFDR",0.05,"ok",TRUE,0.23,"","","b3f3b9048c2175552b94745976e9dba1",13,1,12,13,0.0769230769230769,0.923076923076923
"linear_dense_n300_t03_r0003","linear","dense","paper_adjusted",300,1000,1.9,3,183548073,"HDMT",0.05,"ok",TRUE,0.0299999999999976,"ties should not be present for the one-sample Kolmogorov-Smirnov test","","a9178763188ae7f3aff6cb69aa15fa5f",161,3,158,217,0.0186335403726708,0.728110599078341
"linear_dense_n300_t03_r0003","linear","dense","paper_adjusted",300,1000,1.9,3,183548073,"MDACT",0.05,"ok",TRUE,0.0199999999999996,"ties should not be present for the one-sample Kolmogorov-Smirnov test","","370b8dc233f45c9515ffe2f1778e0f30",166,3,163,217,0.0180722891566265,0.751152073732719
"linear_dense_n300_t03_r0003","linear","dense","paper_adjusted",300,1000,1.9,3,183548073,"MLFDR",0.05,"ok",TRUE,0.239999999999998,"","","8da060e5ceb4f912c9b8c0767ed8acc2",208,9,199,217,0.0432692307692308,0.91705069124424
"confounded_dense_n300_t03_r0003","confounded","dense","paper_adjusted",300,1000,1.9,3,239230002,"HDMT",0.05,"ok",TRUE,0.0199999999999996,"ties should not be present for the one-sample Kolmogorov-Smirnov test","","bc6a6b1f7451985293c22c3d2fc5f455",176,8,168,197,0.0454545454545455,0.852791878172589
"confounded_dense_n300_t03_r0003","confounded","dense","paper_adjusted",300,1000,1.9,3,239230002,"MDACT",0.05,"ok",TRUE,0,"ties should not be present for the one-sample Kolmogorov-Smirnov test","","f64b9914f3d1d372926e8eb494bc233f",180,10,170,197,0.0555555555555556,0.862944162436548
"confounded_dense_n300_t03_r0003","confounded","dense","paper_adjusted",300,1000,1.9,3,239230002,"MLFDR",0.05,"ok",TRUE,0.199999999999999,"","","7bc8c2cb5ef55146b6faed2ed87d81fd",196,10,186,197,0.0510204081632653,0.944162436548223
"binary_dense_n300_t03_r0003","binary","dense","paper_adjusted",300,1000,1.9,3,28705935,"HDMT",0.05,"ok",TRUE,0.0199999999999996,"","","6c737173cff6c975e51b04f00f4e680b",170,9,161,191,0.0529411764705882,0.842931937172775
"binary_dense_n300_t03_r0003","binary","dense","paper_adjusted",300,1000,1.9,3,28705935,"MDACT",0.05,"ok",TRUE,0,"","","90bdeb6a7862d3370cfb249161717f39",174,10,164,191,0.0574712643678161,0.858638743455497
"binary_dense_n300_t03_r0003","binary","dense","paper_adjusted",300,1000,1.9,3,28705935,"MLFDR",0.05,"ok",TRUE,0.240000000000002,"","","01d2529407f9dc43e1519a2201fee4cd",194,12,182,191,0.0618556701030928,0.952879581151832
"linear_sparse_n300_t01_r0004","linear","sparse","paper_adjusted",300,1000,1.3,4,95484633,"HDMT",0.05,"ok",TRUE,0.0299999999999976,"ties should not be present for the one-sample Kolmogorov-Smirnov test","","fd819fc2d76b3cb0a6f6c1cffd1db364",3,0,3,17,0,0.176470588235294
"linear_sparse_n300_t01_r0004","linear","sparse","paper_adjusted",300,1000,1.3,4,95484633,"MDACT",0.05,"ok",TRUE,0.0100000000000016,"ties should not be present for the one-sample Kolmogorov-Smirnov test","","dcc0d42b86e21cc3b43e0343364fe399",4,0,4,17,0,0.235294117647059
"linear_sparse_n300_t01_r0004","linear","sparse","paper_adjusted",300,1000,1.3,4,95484633,"MLFDR",0.05,"ok",TRUE,3.73,"","","4ff3c7ecd4f31136a163178609dcf8a4",11,1,10,17,0.0909090909090909,0.588235294117647
"confounded_sparse_n300_t01_r0004","confounded","sparse","paper_adjusted",300,1000,1.3,4,198353107,"HDMT",0.05,"ok",TRUE,0.0300000000000011,"ties should not be present for the one-sample Kolmogorov-Smirnov test","","f05e70cfe445a9cecb096fd90d2ce4a5",10,2,8,22,0.2,0.363636363636364
"confounded_sparse_n300_t01_r0004","confounded","sparse","paper_adjusted",300,1000,1.3,4,198353107,"MDACT",0.05,"ok",TRUE,0.00999999999999801,"ties should not be present for the one-sample Kolmogorov-Smirnov test","","b0f7592d6a8dcb952c2083c5d680dced",10,2,8,22,0.2,0.363636363636364
"confounded_sparse_n300_t01_r0004","confounded","sparse","paper_adjusted",300,1000,1.3,4,198353107,"MLFDR",0.05,"ok",TRUE,0.309999999999999,"","","4106b706031f6ed1b425802891031072",15,2,13,22,0.133333333333333,0.590909090909091
"binary_sparse_n300_t01_r0004","binary","sparse","paper_adjusted",300,1000,1.3,4,48050431,"HDMT",0.05,"ok",TRUE,0.0299999999999976,"","","81bb31156e8b95bd5d936a9964786229",1,0,1,15,0,0.0666666666666667
"binary_sparse_n300_t01_r0004","binary","sparse","paper_adjusted",300,1000,1.3,4,48050431,"MDACT",0.05,"ok",TRUE,0.0100000000000016,"","","0f2e36a30d3a88750f5fdb62d9ec322f",1,0,1,15,0,0.0666666666666667
"binary_sparse_n300_t01_r0004","binary","sparse","paper_adjusted",300,1000,1.3,4,48050431,"MLFDR",0.05,"ok",TRUE,0.330000000000002,"","","5eb8aef547d25d339e6bba2badcbaa45",6,0,6,15,0,0.4
"linear_dense_n300_t01_r0004","linear","dense","paper_adjusted",300,1000,1.3,4,223643334,"HDMT",0.05,"ok",TRUE,0.0300000000000011,"ties should not be present for the one-sample Kolmogorov-Smirnov test","","88f7e76e03fc4951f3bcf9153e26b8ad",29,0,29,181,0,0.160220994475138
"linear_dense_n300_t01_r0004","linear","dense","paper_adjusted",300,1000,1.3,4,223643334,"MDACT",0.05,"ok",TRUE,0.0100000000000016,"ties should not be present for the one-sample Kolmogorov-Smirnov test","","8d4c09a1805a64fffc4cb6eae1535713",37,1,36,181,0.027027027027027,0.198895027624309
"linear_dense_n300_t01_r0004","linear","dense","paper_adjusted",300,1000,1.3,4,223643334,"MLFDR",0.05,"ok",TRUE,0.270000000000003,"","","08e783fd9a10aa1084e0efbba85a6d98",89,2,87,181,0.0224719101123595,0.480662983425414
"confounded_dense_n300_t01_r0004","confounded","dense","paper_adjusted",300,1000,1.3,4,25681988,"HDMT",0.05,"ok",TRUE,0.0300000000000011,"ties should not be present for the one-sample Kolmogorov-Smirnov test","","bf7074ac20af93d4ea0e4912c7fb5132",95,0,95,215,0,0.441860465116279
"confounded_dense_n300_t01_r0004","confounded","dense","paper_adjusted",300,1000,1.3,4,25681988,"MDACT",0.05,"ok",TRUE,0.0100000000000016,"ties should not be present for the one-sample Kolmogorov-Smirnov test","","b4b68b9795fc743d5f20ca9493ce0168",103,0,103,215,0,0.47906976744186
"confounded_dense_n300_t01_r0004","confounded","dense","paper_adjusted",300,1000,1.3,4,25681988,"MLFDR",0.05,"ok",TRUE,0.419999999999998,"","","a3e182ec63dcad2441d4408b219b53d4",178,10,168,215,0.0561797752808989,0.781395348837209
"binary_dense_n300_t01_r0004","binary","dense","paper_adjusted",300,1000,1.3,4,65613215,"HDMT",0.05,"ok",TRUE,0.0199999999999996,"","","3df28a4ac40b7a28660d03f9d49e15fa",66,1,65,207,0.0151515151515152,0.314009661835749
"binary_dense_n300_t01_r0004","binary","dense","paper_adjusted",300,1000,1.3,4,65613215,"MDACT",0.05,"ok",TRUE,0,"","","bb2022db7e8673f1dcc5748719d027be",82,1,81,207,0.0121951219512195,0.391304347826087
"binary_dense_n300_t01_r0004","binary","dense","paper_adjusted",300,1000,1.3,4,65613215,"MLFDR",0.05,"ok",TRUE,0.350000000000001,"","","1b18a129e1a73892f17bc0f499aae92f",142,6,136,207,0.0422535211267606,0.657004830917874
"linear_sparse_n300_t02_r0004","linear","sparse","paper_adjusted",300,1000,1.5,4,176109856,"HDMT",0.05,"ok",TRUE,0.0199999999999996,"ties should not be present for the one-sample Kolmogorov-Smirnov test","","7123fc8c3590729aab1456eb287475d1",11,0,11,23,0,0.478260869565217
"linear_sparse_n300_t02_r0004","linear","sparse","paper_adjusted",300,1000,1.5,4,176109856,"MDACT",0.05,"ok",TRUE,0.00999999999999801,"ties should not be present for the one-sample Kolmogorov-Smirnov test","","f72fb0f17d8506984276ceb68fc40edc",13,1,12,23,0.0769230769230769,0.521739130434783
"linear_sparse_n300_t02_r0004","linear","sparse","paper_adjusted",300,1000,1.5,4,176109856,"MLFDR",0.05,"ok",TRUE,0.59,"","","46963a722dbb7fb77ad0d079f9dcface",17,1,16,23,0.0588235294117647,0.695652173913043
"confounded_sparse_n300_t02_r0004","confounded","sparse","paper_adjusted",300,1000,1.5,4,122233610,"HDMT",0.05,"ok",TRUE,0.00999999999999801,"ties should not be present for the one-sample Kolmogorov-Smirnov test","","f7cbfc79a898f72392560f4ae25283df",1,0,1,19,0,0.0526315789473684
"confounded_sparse_n300_t02_r0004","confounded","sparse","paper_adjusted",300,1000,1.5,4,122233610,"MDACT",0.05,"ok",TRUE,0.0199999999999996,"ties should not be present for the one-sample Kolmogorov-Smirnov test","","43af1022b74facd21071dc54c1929523",1,0,1,19,0,0.0526315789473684
"confounded_sparse_n300_t02_r0004","confounded","sparse","paper_adjusted",300,1000,1.5,4,122233610,"MLFDR",0.05,"ok",TRUE,1.97,"","","116562d906ee681af83e162557752631",4,1,3,19,0.25,0.157894736842105
"binary_sparse_n300_t02_r0004","binary","sparse","paper_adjusted",300,1000,1.5,4,217127518,"HDMT",0.05,"ok",TRUE,0.0299999999999976,"","","6a613dcaa46d5be5d9f433823937b080",4,0,4,16,0,0.25
"binary_sparse_n300_t02_r0004","binary","sparse","paper_adjusted",300,1000,1.5,4,217127518,"MDACT",0.05,"ok",TRUE,0.0100000000000016,"","","e42a3676d9127196f28084ba4981bb3d",4,0,4,16,0,0.25
"binary_sparse_n300_t02_r0004","binary","sparse","paper_adjusted",300,1000,1.5,4,217127518,"MLFDR",0.05,"ok",TRUE,0.75,"","","f2403222ffaaba2706af718e5c35c9e9",8,0,8,16,0,0.5
"linear_dense_n300_t02_r0004","linear","dense","paper_adjusted",300,1000,1.5,4,235422568,"HDMT",0.05,"ok",TRUE,0.0300000000000011,"ties should not be present for the one-sample Kolmogorov-Smirnov test","","242c7aa777f53bbefe34d54b8dcbd22b",132,4,128,199,0.0303030303030303,0.64321608040201
"linear_dense_n300_t02_r0004","linear","dense","paper_adjusted",300,1000,1.5,4,235422568,"MDACT",0.05,"ok",TRUE,0,"ties should not be present for the one-sample Kolmogorov-Smirnov test","","93a626faae7e7051ce1e2000da323a0b",145,6,139,199,0.0413793103448276,0.698492462311558
"linear_dense_n300_t02_r0004","linear","dense","paper_adjusted",300,1000,1.5,4,235422568,"MLFDR",0.05,"ok",TRUE,0.27,"","","4f51f826ce661fdb2ce6c7e9f5bb4249",195,13,182,199,0.0666666666666667,0.914572864321608
"confounded_dense_n300_t02_r0004","confounded","dense","paper_adjusted",300,1000,1.5,4,86221430,"HDMT",0.05,"ok",TRUE,0.00999999999999801,"ties should not be present for the one-sample Kolmogorov-Smirnov test","","011e28e6343274bba3243decb51386cd",110,2,108,191,0.0181818181818182,0.565445026178011
"confounded_dense_n300_t02_r0004","confounded","dense","paper_adjusted",300,1000,1.5,4,86221430,"MDACT",0.05,"ok",TRUE,0,"ties should not be present for the one-sample Kolmogorov-Smirnov test","","98602bfb3c77ec060e2f9a1962a2fdc6",120,5,115,191,0.0416666666666667,0.602094240837696
"confounded_dense_n300_t02_r0004","confounded","dense","paper_adjusted",300,1000,1.5,4,86221430,"MLFDR",0.05,"ok",TRUE,0.199999999999999,"","","b95d31c6ca0a894c691c6df8c2cc0a82",170,9,161,191,0.0529411764705882,0.842931937172775
"binary_dense_n300_t02_r0004","binary","dense","paper_adjusted",300,1000,1.5,4,212064024,"HDMT",0.05,"ok",TRUE,0.0399999999999991,"","","15db5576ab77365507d66e6aa6e6912c",143,3,140,198,0.020979020979021,0.707070707070707
"binary_dense_n300_t02_r0004","binary","dense","paper_adjusted",300,1000,1.5,4,212064024,"MDACT",0.05,"ok",TRUE,0.0100000000000016,"","","de67eebc75eb4a98a9da018a2e3e5912",145,2,143,198,0.0137931034482759,0.722222222222222
"binary_dense_n300_t02_r0004","binary","dense","paper_adjusted",300,1000,1.5,4,212064024,"MLFDR",0.05,"ok",TRUE,0.27,"","","d54a31c21e9067c10da95f793abb9a94",186,6,180,198,0.032258064516129,0.909090909090909
"linear_sparse_n300_t03_r0004","linear","sparse","paper_adjusted",300,1000,1.9,4,175675833,"HDMT",0.05,"ok",TRUE,0.0200000000000031,"ties should not be present for the one-sample Kolmogorov-Smirnov test","","99e05ba7451665604d9f59c98e0ba7df",8,1,7,15,0.125,0.466666666666667
"linear_sparse_n300_t03_r0004","linear","sparse","paper_adjusted",300,1000,1.9,4,175675833,"MDACT",0.05,"ok",TRUE,0.0199999999999996,"ties should not be present for the one-sample Kolmogorov-Smirnov test","","ad7e4d35d893d2e6d826da5b2afac89e",8,1,7,15,0.125,0.466666666666667
"linear_sparse_n300_t03_r0004","linear","sparse","paper_adjusted",300,1000,1.9,4,175675833,"MLFDR",0.05,"ok",TRUE,0.530000000000001,"","","ec865602ffabe8149936edb50bf011af",11,1,10,15,0.0909090909090909,0.666666666666667
"confounded_sparse_n300_t03_r0004","confounded","sparse","paper_adjusted",300,1000,1.9,4,109295095,"HDMT",0.05,"ok",TRUE,0.0300000000000011,"ties should not be present for the one-sample Kolmogorov-Smirnov test","","620c82c87e7ac92d1865f7b2f079100d",18,2,16,21,0.111111111111111,0.761904761904762
"confounded_sparse_n300_t03_r0004","confounded","sparse","paper_adjusted",300,1000,1.9,4,109295095,"MDACT",0.05,"ok",TRUE,0.0200000000000031,"ties should not be present for the one-sample Kolmogorov-Smirnov test","","3669b66d9b79a24842bbbb9c30580cd5",19,2,17,21,0.105263157894737,0.80952380952381
"confounded_sparse_n300_t03_r0004","confounded","sparse","paper_adjusted",300,1000,1.9,4,109295095,"MLFDR",0.05,"ok",TRUE,0.16,"","","69a736373e6361124b29f36ef57ce103",19,0,19,21,0,0.904761904761905
"binary_sparse_n300_t03_r0004","binary","sparse","paper_adjusted",300,1000,1.9,4,99358646,"HDMT",0.05,"ok",TRUE,0.0300000000000011,"","","47a6488e3426a1fda470cc898b3f51b1",15,0,15,24,0,0.625
"binary_sparse_n300_t03_r0004","binary","sparse","paper_adjusted",300,1000,1.9,4,99358646,"MDACT",0.05,"ok",TRUE,0,"","","19b4997cec67b0d1437cc92f609c70d7",14,0,14,24,0,0.583333333333333
"binary_sparse_n300_t03_r0004","binary","sparse","paper_adjusted",300,1000,1.9,4,99358646,"MLFDR",0.05,"ok",TRUE,0.129999999999999,"","","9b6e57a1446b4ad694fa451cdd5e8419",18,0,18,24,0,0.75
"linear_dense_n300_t03_r0004","linear","dense","paper_adjusted",300,1000,1.9,4,215274922,"HDMT",0.05,"ok",TRUE,0.0399999999999991,"ties should not be present for the one-sample Kolmogorov-Smirnov test","","300a65319baa11eef06ed421ad9a2774",217,7,210,226,0.032258064516129,0.929203539823009
"linear_dense_n300_t03_r0004","linear","dense","paper_adjusted",300,1000,1.9,4,215274922,"MDACT",0.05,"ok",TRUE,0,"ties should not be present for the one-sample Kolmogorov-Smirnov test","","17af33172312134775c39c36e118617f",217,7,210,226,0.032258064516129,0.929203539823009
"linear_dense_n300_t03_r0004","linear","dense","paper_adjusted",300,1000,1.9,4,215274922,"MLFDR",0.05,"ok",TRUE,0.120000000000001,"","","bbb8e20a927442d58f23dbf6f84dde10",230,9,221,226,0.0391304347826087,0.97787610619469
"confounded_dense_n300_t03_r0004","confounded","dense","paper_adjusted",300,1000,1.9,4,181025285,"HDMT",0.05,"ok",TRUE,0.0299999999999976,"ties should not be present for the one-sample Kolmogorov-Smirnov test","","c943e9ef3c4f278de7d0abe9e295d838",182,10,172,198,0.0549450549450549,0.868686868686869
"confounded_dense_n300_t03_r0004","confounded","dense","paper_adjusted",300,1000,1.9,4,181025285,"MDACT",0.05,"ok",TRUE,0.0199999999999996,"ties should not be present for the one-sample Kolmogorov-Smirnov test","","a73e042b9aeeeeecc735f770ce53b58e",182,10,172,198,0.0549450549450549,0.868686868686869
"confounded_dense_n300_t03_r0004","confounded","dense","paper_adjusted",300,1000,1.9,4,181025285,"MLFDR",0.05,"ok",TRUE,0.18,"","","1c2196a8909137c7be603b20fd9c19b6",198,7,191,198,0.0353535353535354,0.964646464646465
"binary_dense_n300_t03_r0004","binary","dense","paper_adjusted",300,1000,1.9,4,14618708,"HDMT",0.05,"ok",TRUE,0.0299999999999976,"","","beac2385eea631e624ce09190caf9490",128,6,122,184,0.046875,0.66304347826087
"binary_dense_n300_t03_r0004","binary","dense","paper_adjusted",300,1000,1.9,4,14618708,"MDACT",0.05,"ok",TRUE,0.0199999999999996,"","","50d8943d28932b01c6bf341173231a90",140,7,133,184,0.05,0.722826086956522
"binary_dense_n300_t03_r0004","binary","dense","paper_adjusted",300,1000,1.9,4,14618708,"MLFDR",0.05,"ok",TRUE,0.209999999999997,"","","9cc95e2748667dfc5343b427a90c4b7e",178,7,171,184,0.0393258426966292,0.929347826086957
"linear_sparse_n300_t01_r0005","linear","sparse","paper_adjusted",300,1000,1.3,5,10847831,"HDMT",0.05,"ok",TRUE,0.0300000000000011,"ties should not be present for the one-sample Kolmogorov-Smirnov test","","bb6c63ff882955d2bfa32ab2dea6f82a",3,0,3,25,0,0.12
"linear_sparse_n300_t01_r0005","linear","sparse","paper_adjusted",300,1000,1.3,5,10847831,"MDACT",0.05,"ok",TRUE,0.0199999999999996,"ties should not be present for the one-sample Kolmogorov-Smirnov test","","505761917770bd432189fc1c9c533b68",13,2,11,25,0.153846153846154,0.44
"linear_sparse_n300_t01_r0005","linear","sparse","paper_adjusted",300,1000,1.3,5,10847831,"MLFDR",0.05,"ok",TRUE,5.07,"","","495a4bbccb8b2a2ea1c1951a56526293",26,7,19,25,0.269230769230769,0.76
"confounded_sparse_n300_t01_r0005","confounded","sparse","paper_adjusted",300,1000,1.3,5,172144086,"HDMT",0.05,"ok",TRUE,0.0499999999999972,"ties should not be present for the one-sample Kolmogorov-Smirnov test","","d8f94a1dfa99a4cd9d49eeafbdc4e15b",2,0,2,20,0,0.1
"confounded_sparse_n300_t01_r0005","confounded","sparse","paper_adjusted",300,1000,1.3,5,172144086,"MDACT",0.05,"ok",TRUE,0.00999999999999801,"ties should not be present for the one-sample Kolmogorov-Smirnov test","","e29e918b46bfbe086e58e0ca7ca3eabf",2,0,2,20,0,0.1
"confounded_sparse_n300_t01_r0005","confounded","sparse","paper_adjusted",300,1000,1.3,5,172144086,"MLFDR",0.05,"ok",TRUE,2.61,"","","b827c85721b83fa1d9e95a23d8d08986",17,5,12,20,0.294117647058824,0.6
"binary_sparse_n300_t01_r0005","binary","sparse","paper_adjusted",300,1000,1.3,5,61711300,"HDMT",0.05,"ok",TRUE,0.0399999999999991,"","","0ce3ae7deb6baf1263b22b82a57fa7e0",6,0,6,23,0,0.260869565217391
"binary_sparse_n300_t01_r0005","binary","sparse","paper_adjusted",300,1000,1.3,5,61711300,"MDACT",0.05,"ok",TRUE,0,"","","b46c261ab0e22c38791c107e856f7bee",8,0,8,23,0,0.347826086956522
"binary_sparse_n300_t01_r0005","binary","sparse","paper_adjusted",300,1000,1.3,5,61711300,"MLFDR",0.05,"ok",TRUE,0.300000000000001,"","","fbae076db4a6b01dcba5d0139084d2a2",11,0,11,23,0,0.478260869565217
"linear_dense_n300_t01_r0005","linear","dense","paper_adjusted",300,1000,1.3,5,108837877,"HDMT",0.05,"ok",TRUE,0.0199999999999996,"ties should not be present for the one-sample Kolmogorov-Smirnov test","","577e1f949ed881b4cbe7b625cba97e4d",116,7,109,217,0.0603448275862069,0.502304147465438
"linear_dense_n300_t01_r0005","linear","dense","paper_adjusted",300,1000,1.3,5,108837877,"MDACT",0.05,"ok",TRUE,0.0199999999999996,"ties should not be present for the one-sample Kolmogorov-Smirnov test","","88bf8b639d57e88ffa50b2581b7256d3",124,9,115,217,0.0725806451612903,0.529953917050691
"linear_dense_n300_t01_r0005","linear","dense","paper_adjusted",300,1000,1.3,5,108837877,"MLFDR",0.05,"ok",TRUE,0.469999999999999,"","","4d5a711e209003c34dbf7d293c5a30ae",173,15,158,217,0.0867052023121387,0.728110599078341
"confounded_dense_n300_t01_r0005","confounded","dense","paper_adjusted",300,1000,1.3,5,134199027,"HDMT",0.05,"ok",TRUE,0.0299999999999976,"ties should not be present for the one-sample Kolmogorov-Smirnov test","","73e0da96c118cd9b4f5cdc5eed3afc88",79,3,76,187,0.0379746835443038,0.406417112299465
"confounded_dense_n300_t01_r0005","confounded","dense","paper_adjusted",300,1000,1.3,5,134199027,"MDACT",0.05,"ok",TRUE,0,"ties should not be present for the one-sample Kolmogorov-Smirnov test","","0f06330b2602546f96ec81829becac79",92,3,89,187,0.0326086956521739,0.475935828877005
"confounded_dense_n300_t01_r0005","confounded","dense","paper_adjusted",300,1000,1.3,5,134199027,"MLFDR",0.05,"ok",TRUE,0.489999999999998,"","","92348de629e442e72a44b367f3b99bbe",141,7,134,187,0.049645390070922,0.716577540106952
"binary_dense_n300_t01_r0005","binary","dense","paper_adjusted",300,1000,1.3,5,253312943,"HDMT",0.05,"ok",TRUE,0.0100000000000016,"","","3f62feef22d0619f11784749ec0e3998",73,3,70,212,0.0410958904109589,0.330188679245283
"binary_dense_n300_t01_r0005","binary","dense","paper_adjusted",300,1000,1.3,5,253312943,"MDACT",0.05,"ok",TRUE,0,"","","b1f918af488f5d0b8b5ed665dcbfee34",84,4,80,212,0.0476190476190476,0.377358490566038
"binary_dense_n300_t01_r0005","binary","dense","paper_adjusted",300,1000,1.3,5,253312943,"MLFDR",0.05,"ok",TRUE,0.780000000000001,"","","7513adbef97c9f61f54f900f6bbe77ea",148,9,139,212,0.0608108108108108,0.655660377358491
"linear_sparse_n300_t02_r0005","linear","sparse","paper_adjusted",300,1000,1.5,5,197566384,"HDMT",0.05,"ok",TRUE,0.0300000000000011,"ties should not be present for the one-sample Kolmogorov-Smirnov test","","e8f745af10f777037fbdfa47997dcbd9",6,0,6,20,0,0.3
"linear_sparse_n300_t02_r0005","linear","sparse","paper_adjusted",300,1000,1.5,5,197566384,"MDACT",0.05,"ok",TRUE,0.0199999999999996,"ties should not be present for the one-sample Kolmogorov-Smirnov test","","61462a938475c056226542a2dd741ed9",7,0,7,20,0,0.35
"linear_sparse_n300_t02_r0005","linear","sparse","paper_adjusted",300,1000,1.5,5,197566384,"MLFDR",0.05,"ok",TRUE,0.469999999999999,"","","26be3daaeaaa5ad2e42419195f15ea54",11,0,11,20,0,0.55
"confounded_sparse_n300_t02_r0005","confounded","sparse","paper_adjusted",300,1000,1.5,5,68426988,"HDMT",0.05,"ok",TRUE,0.0300000000000011,"ties should not be present for the one-sample Kolmogorov-Smirnov test","","bb9cd16fef6c8e68d191d69cc9f51415",4,0,4,26,0,0.153846153846154
"confounded_sparse_n300_t02_r0005","confounded","sparse","paper_adjusted",300,1000,1.5,5,68426988,"MDACT",0.05,"ok",TRUE,0.0199999999999996,"ties should not be present for the one-sample Kolmogorov-Smirnov test","","50a17a0e59e321898349b6767e28efab",4,0,4,26,0,0.153846153846154
"confounded_sparse_n300_t02_r0005","confounded","sparse","paper_adjusted",300,1000,1.5,5,68426988,"MLFDR",0.05,"ok",TRUE,0.309999999999999,"","","926f7d7913bcb0ce2d434f48c8fa1bf5",10,0,10,26,0,0.384615384615385
"binary_sparse_n300_t02_r0005","binary","sparse","paper_adjusted",300,1000,1.5,5,160077102,"HDMT",0.05,"ok",TRUE,0.0200000000000031,"","","bd4f3fda80a17c711f03f627a626057f",12,0,12,18,0,0.666666666666667
"binary_sparse_n300_t02_r0005","binary","sparse","paper_adjusted",300,1000,1.5,5,160077102,"MDACT",0.05,"ok",TRUE,0,"","","e396d0df60ddf57514e6b150b2b59fcb",13,0,13,18,0,0.722222222222222
"binary_sparse_n300_t02_r0005","binary","sparse","paper_adjusted",300,1000,1.5,5,160077102,"MLFDR",0.05,"ok",TRUE,0.199999999999996,"","","b60cdd8c53baef9506c4cbc07e800716",16,2,14,18,0.125,0.777777777777778
"linear_dense_n300_t02_r0005","linear","dense","paper_adjusted",300,1000,1.5,5,10202655,"HDMT",0.05,"ok",TRUE,0.0299999999999976,"ties should not be present for the one-sample Kolmogorov-Smirnov test","","dbfe3835e90585ade4cb4185e296113b",127,1,126,203,0.0078740157480315,0.620689655172414
"linear_dense_n300_t02_r0005","linear","dense","paper_adjusted",300,1000,1.5,5,10202655,"MDACT",0.05,"ok",TRUE,0.0199999999999996,"ties should not be present for the one-sample Kolmogorov-Smirnov test","","d29775599626008b7b24c3c57fa8e6fe",136,4,132,203,0.0294117647058824,0.650246305418719
"linear_dense_n300_t02_r0005","linear","dense","paper_adjusted",300,1000,1.5,5,10202655,"MLFDR",0.05,"ok",TRUE,0.230000000000004,"","","d188e7831f60b649131b9fa77a9b1970",196,13,183,203,0.0663265306122449,0.901477832512315
"confounded_dense_n300_t02_r0005","confounded","dense","paper_adjusted",300,1000,1.5,5,22355573,"HDMT",0.05,"ok",TRUE,0.0300000000000011,"ties should not be present for the one-sample Kolmogorov-Smirnov test","","4771d0c67ff543fd6401747d64025a01",145,8,137,204,0.0551724137931034,0.67156862745098
"confounded_dense_n300_t02_r0005","confounded","dense","paper_adjusted",300,1000,1.5,5,22355573,"MDACT",0.05,"ok",TRUE,0.0200000000000031,"ties should not be present for the one-sample Kolmogorov-Smirnov test","","9fe52a80813fe34df44b5981fe4a14a3",155,12,143,204,0.0774193548387097,0.700980392156863
"confounded_dense_n300_t02_r0005","confounded","dense","paper_adjusted",300,1000,1.5,5,22355573,"MLFDR",0.05,"ok",TRUE,0.270000000000003,"","","be2c0b6934209443704893ab1ce10d95",190,12,178,204,0.0631578947368421,0.872549019607843
"binary_dense_n300_t02_r0005","binary","dense","paper_adjusted",300,1000,1.5,5,59561594,"HDMT",0.05,"ok",TRUE,0.0300000000000011,"","","a2fc1fb3333f163abcc757f60c6f16bb",164,8,156,219,0.0487804878048781,0.712328767123288
"binary_dense_n300_t02_r0005","binary","dense","paper_adjusted",300,1000,1.5,5,59561594,"MDACT",0.05,"ok",TRUE,0.0200000000000031,"","","70b655185708b53cc82886cde2972ba9",170,9,161,219,0.0529411764705882,0.735159817351598
"binary_dense_n300_t02_r0005","binary","dense","paper_adjusted",300,1000,1.5,5,59561594,"MLFDR",0.05,"ok",TRUE,0.270000000000003,"","","ddc494b7a5ab6134c35fd86b0f211f89",207,13,194,219,0.0628019323671498,0.885844748858447
"linear_sparse_n300_t03_r0005","linear","sparse","paper_adjusted",300,1000,1.9,5,40372452,"HDMT",0.05,"ok",TRUE,0.00999999999999801,"ties should not be present for the one-sample Kolmogorov-Smirnov test","","f72e60464be84a72aa9999922e780ec7",17,0,17,24,0,0.708333333333333
"linear_sparse_n300_t03_r0005","linear","sparse","paper_adjusted",300,1000,1.9,5,40372452,"MDACT",0.05,"ok",TRUE,0.00999999999999801,"ties should not be present for the one-sample Kolmogorov-Smirnov test","","d68c88e6cb78e68c02544a0913006938",20,0,20,24,0,0.833333333333333
"linear_sparse_n300_t03_r0005","linear","sparse","paper_adjusted",300,1000,1.9,5,40372452,"MLFDR",0.05,"ok",TRUE,0.190000000000005,"","","1582a5e4b6db7deb75187bdf2662ca25",22,0,22,24,0,0.916666666666667
"confounded_sparse_n300_t03_r0005","confounded","sparse","paper_adjusted",300,1000,1.9,5,201186306,"HDMT",0.05,"ok",TRUE,0.0200000000000031,"ties should not be present for the one-sample Kolmogorov-Smirnov test","","44f6a1f2d6df9264803ffa6d8cadf1af",10,0,10,18,0,0.555555555555556
"confounded_sparse_n300_t03_r0005","confounded","sparse","paper_adjusted",300,1000,1.9,5,201186306,"MDACT",0.05,"ok",TRUE,0,"ties should not be present for the one-sample Kolmogorov-Smirnov test","","4ea87f0e3c908a1c468fada95493063f",5,0,5,18,0,0.277777777777778
"confounded_sparse_n300_t03_r0005","confounded","sparse","paper_adjusted",300,1000,1.9,5,201186306,"MLFDR",0.05,"ok",TRUE,0.359999999999999,"","","d66d8349e1e9493fbd677cf346f8e8c1",12,1,11,18,0.0833333333333333,0.611111111111111
"binary_sparse_n300_t03_r0005","binary","sparse","paper_adjusted",300,1000,1.9,5,42540023,"HDMT",0.05,"ok",TRUE,0.0799999999999983,"","","a9b5bac5931f2762d9cfa0413bc9b316",23,1,22,23,0.0434782608695652,0.956521739130435
"binary_sparse_n300_t03_r0005","binary","sparse","paper_adjusted",300,1000,1.9,5,42540023,"MDACT",0.05,"ok",TRUE,0.00999999999999801,"","","30b8578fba9499634e7ff8c6b393b7d0",23,1,22,23,0.0434782608695652,0.956521739130435
"binary_sparse_n300_t03_r0005","binary","sparse","paper_adjusted",300,1000,1.9,5,42540023,"MLFDR",0.05,"ok",TRUE,0.259999999999998,"","","f13bbf89b9538290953d79bc5cf1e7dd",24,2,22,23,0.0833333333333333,0.956521739130435
"linear_dense_n300_t03_r0005","linear","dense","paper_adjusted",300,1000,1.9,5,152598682,"HDMT",0.05,"ok",TRUE,0.0200000000000031,"ties should not be present for the one-sample Kolmogorov-Smirnov test","","c386cead1b8ccc3cc3c1bc6a2e05315c",202,7,195,212,0.0346534653465347,0.919811320754717
"linear_dense_n300_t03_r0005","linear","dense","paper_adjusted",300,1000,1.9,5,152598682,"MDACT",0.05,"ok",TRUE,0.00999999999999801,"ties should not be present for the one-sample Kolmogorov-Smirnov test","","8d04f6cdb6ea03725f920b7798ec7a9e",202,7,195,212,0.0346534653465347,0.919811320754717
"linear_dense_n300_t03_r0005","linear","dense","paper_adjusted",300,1000,1.9,5,152598682,"MLFDR",0.05,"ok",TRUE,0.159999999999997,"","","1d5f39fab8ddeeb78476f95529abfd04",216,8,208,212,0.037037037037037,0.981132075471698
"confounded_dense_n300_t03_r0005","confounded","dense","paper_adjusted",300,1000,1.9,5,70790343,"HDMT",0.05,"ok",TRUE,0.0200000000000031,"ties should not be present for the one-sample Kolmogorov-Smirnov test","","99f91d0763fe754ad63ace2d7e69f1f9",146,5,141,205,0.0342465753424658,0.68780487804878
"confounded_dense_n300_t03_r0005","confounded","dense","paper_adjusted",300,1000,1.9,5,70790343,"MDACT",0.05,"ok",TRUE,0,"ties should not be present for the one-sample Kolmogorov-Smirnov test","","dbb799c93b2e7f75a64f89df5acc96db",155,7,148,205,0.0451612903225806,0.721951219512195
"confounded_dense_n300_t03_r0005","confounded","dense","paper_adjusted",300,1000,1.9,5,70790343,"MLFDR",0.05,"ok",TRUE,0.340000000000003,"","","fd0aeeda696e31eb66f05053109a6fe1",191,5,186,205,0.0261780104712042,0.907317073170732
"binary_dense_n300_t03_r0005","binary","dense","paper_adjusted",300,1000,1.9,5,93734395,"HDMT",0.05,"ok",TRUE,0.0300000000000011,"","","a0c958ce8d26ebfb4a7aaa5549c6803f",180,8,172,192,0.0444444444444444,0.895833333333333
"binary_dense_n300_t03_r0005","binary","dense","paper_adjusted",300,1000,1.9,5,93734395,"MDACT",0.05,"ok",TRUE,0,"","","ce4b4ba941d1ccd1c6aea547ee899ab9",182,9,173,192,0.0494505494505494,0.901041666666667
"binary_dense_n300_t03_r0005","binary","dense","paper_adjusted",300,1000,1.9,5,93734395,"MLFDR",0.05,"ok",TRUE,0.109999999999999,"","","c440275e1f39278ed2b197404abb10a0",197,9,188,192,0.0456852791878173,0.979166666666667
"linear_sparse_n300_t01_r0006","linear","sparse","paper_adjusted",300,1000,1.3,6,31488383,"HDMT",0.05,"ok",TRUE,0.0300000000000011,"ties should not be present for the one-sample Kolmogorov-Smirnov test","","bc01d3d627c210583be99a38861ce4d0",1,0,1,25,0,0.04
"linear_sparse_n300_t01_r0006","linear","sparse","paper_adjusted",300,1000,1.3,6,31488383,"MDACT",0.05,"ok",TRUE,0,"ties should not be present for the one-sample Kolmogorov-Smirnov test","","608cc7eaedd9f2e52c75b26b6d4ce507",1,0,1,25,0,0.04
"linear_sparse_n300_t01_r0006","linear","sparse","paper_adjusted",300,1000,1.3,6,31488383,"MLFDR",0.05,"ok",TRUE,0.270000000000003,"","","9eccf5546053a4f80dba39973d72d97e",8,1,7,25,0.125,0.28
"confounded_sparse_n300_t01_r0006","confounded","sparse","paper_adjusted",300,1000,1.3,6,136007483,"HDMT",0.05,"ok",TRUE,0.0300000000000011,"ties should not be present for the one-sample Kolmogorov-Smirnov test","","f6b1f700579348e31ce55ae50218f23b",18,2,16,24,0.111111111111111,0.666666666666667
"confounded_sparse_n300_t01_r0006","confounded","sparse","paper_adjusted",300,1000,1.3,6,136007483,"MDACT",0.05,"ok",TRUE,0.00999999999999801,"ties should not be present for the one-sample Kolmogorov-Smirnov test","","c87a63fb405990a0b7803038b72fbeac",15,0,15,24,0,0.625
"confounded_sparse_n300_t01_r0006","confounded","sparse","paper_adjusted",300,1000,1.3,6,136007483,"MLFDR",0.05,"ok",TRUE,0.369999999999997,"","","f7d44fb1ede608a5753bb3f8b50cef22",19,2,17,24,0.105263157894737,0.708333333333333
"binary_sparse_n300_t01_r0006","binary","sparse","paper_adjusted",300,1000,1.3,6,249507088,"HDMT",0.05,"ok",TRUE,0.0300000000000011,"","","55568c85ab9b9a56f92e8cdc836b12d7",1,0,1,21,0,0.0476190476190476
"binary_sparse_n300_t01_r0006","binary","sparse","paper_adjusted",300,1000,1.3,6,249507088,"MDACT",0.05,"ok",TRUE,0.0200000000000031,"","","7d51ab3d82da7d10028f42b56b520227",1,0,1,21,0,0.0476190476190476
"binary_sparse_n300_t01_r0006","binary","sparse","paper_adjusted",300,1000,1.3,6,249507088,"MLFDR",0.05,"ok",TRUE,1.43,"","","2d3c29727b23893bf2dc1f5a32bb6b5f",5,0,5,21,0,0.238095238095238
"linear_dense_n300_t01_r0006","linear","dense","paper_adjusted",300,1000,1.3,6,140641956,"HDMT",0.05,"ok",TRUE,0.0399999999999991,"ties should not be present for the one-sample Kolmogorov-Smirnov test","","ea7f90774c2ab01b15f14fb028a8e352",65,0,65,214,0,0.303738317757009
"linear_dense_n300_t01_r0006","linear","dense","paper_adjusted",300,1000,1.3,6,140641956,"MDACT",0.05,"ok",TRUE,0.00999999999999801,"ties should not be present for the one-sample Kolmogorov-Smirnov test","","87aa9cd60e7aee8c045702128f28ccf4",89,6,83,214,0.0674157303370786,0.38785046728972
"linear_dense_n300_t01_r0006","linear","dense","paper_adjusted",300,1000,1.3,6,140641956,"MLFDR",0.05,"ok",TRUE,0.259999999999998,"","","d400301be0cbf14c16a50e034cef31fa",137,6,131,214,0.0437956204379562,0.61214953271028
"confounded_dense_n300_t01_r0006","confounded","dense","paper_adjusted",300,1000,1.3,6,58653702,"HDMT",0.05,"ok",TRUE,0.0399999999999991,"ties should not be present for the one-sample Kolmogorov-Smirnov test","","b4d95dc980174a8b9a69a2fd29e2241b",66,4,62,184,0.0606060606060606,0.33695652173913
"confounded_dense_n300_t01_r0006","confounded","dense","paper_adjusted",300,1000,1.3,6,58653702,"MDACT",0.05,"ok",TRUE,0.0200000000000031,"ties should not be present for the one-sample Kolmogorov-Smirnov test","","c56f5205c1086013e6831aa1b68a9371",87,6,81,184,0.0689655172413793,0.440217391304348
"confounded_dense_n300_t01_r0006","confounded","dense","paper_adjusted",300,1000,1.3,6,58653702,"MLFDR",0.05,"ok",TRUE,0.350000000000001,"","","9b47d531fdfa1fae92fe3f08403ac72d",137,5,132,184,0.0364963503649635,0.717391304347826
"binary_dense_n300_t01_r0006","binary","dense","paper_adjusted",300,1000,1.3,6,46564766,"HDMT",0.05,"ok",TRUE,0.0300000000000011,"","","e114dd61461a4f4ff76b02ecd14fec74",87,0,87,213,0,0.408450704225352
"binary_dense_n300_t01_r0006","binary","dense","paper_adjusted",300,1000,1.3,6,46564766,"MDACT",0.05,"ok",TRUE,0.0200000000000031,"","","0dce1b88636f2d6d5ffe5b04d95a0a46",112,1,111,213,0.00892857142857143,0.52112676056338
"binary_dense_n300_t01_r0006","binary","dense","paper_adjusted",300,1000,1.3,6,46564766,"MLFDR",0.05,"ok",TRUE,0.359999999999999,"","","1e4e87f57256028d22c533a16f0fbb6e",172,10,162,213,0.0581395348837209,0.76056338028169
"linear_sparse_n300_t02_r0006","linear","sparse","paper_adjusted",300,1000,1.5,6,137367047,"HDMT",0.05,"ok",TRUE,0.0300000000000011,"ties should not be present for the one-sample Kolmogorov-Smirnov test","","d16fb85b801d749f5938ac5f012fdb60",2,0,2,15,0,0.133333333333333
"linear_sparse_n300_t02_r0006","linear","sparse","paper_adjusted",300,1000,1.5,6,137367047,"MDACT",0.05,"ok",TRUE,0,"ties should not be present for the one-sample Kolmogorov-Smirnov test","","0f6abb33fc4050dc05c63b8cb51ac026",7,1,6,15,0.142857142857143,0.4
"linear_sparse_n300_t02_r0006","linear","sparse","paper_adjusted",300,1000,1.5,6,137367047,"MLFDR",0.05,"ok",TRUE,0.700000000000003,"","","aebf6a8752c28884e97c5bcc57669019",6,0,6,15,0,0.4
"confounded_sparse_n300_t02_r0006","confounded","sparse","paper_adjusted",300,1000,1.5,6,172920684,"HDMT",0.05,"ok",TRUE,0.0300000000000011,"ties should not be present for the one-sample Kolmogorov-Smirnov test","","c935b00f185f0254db7ac72c007023cb",1,0,1,19,0,0.0526315789473684
"confounded_sparse_n300_t02_r0006","confounded","sparse","paper_adjusted",300,1000,1.5,6,172920684,"MDACT",0.05,"ok",TRUE,0.0200000000000031,"ties should not be present for the one-sample Kolmogorov-Smirnov test","","ca61ee9f4c1aac11a376e12730c297ac",8,1,7,19,0.125,0.368421052631579
"confounded_sparse_n300_t02_r0006","confounded","sparse","paper_adjusted",300,1000,1.5,6,172920684,"MLFDR",0.05,"ok",TRUE,0.240000000000002,"","","2bb2befb9393a744a683bf47febcd448",11,0,11,19,0,0.578947368421053
"binary_sparse_n300_t02_r0006","binary","sparse","paper_adjusted",300,1000,1.5,6,32880415,"HDMT",0.05,"ok",TRUE,0.0300000000000011,"","","8d9ae0d4906407741ac68e4a69647e07",4,1,3,17,0.25,0.176470588235294
"binary_sparse_n300_t02_r0006","binary","sparse","paper_adjusted",300,1000,1.5,6,32880415,"MDACT",0.05,"ok",TRUE,0.0200000000000031,"","","9138cfc7d0cb76c2b19888784528ea0f",6,1,5,17,0.166666666666667,0.294117647058824
"binary_sparse_n300_t02_r0006","binary","sparse","paper_adjusted",300,1000,1.5,6,32880415,"MLFDR",0.05,"ok",TRUE,0.490000000000002,"","","9f64f7968d063be66608a3a99404e99c",9,1,8,17,0.111111111111111,0.470588235294118
"linear_dense_n300_t02_r0006","linear","dense","paper_adjusted",300,1000,1.5,6,247898289,"HDMT",0.05,"ok",TRUE,0.0300000000000011,"ties should not be present for the one-sample Kolmogorov-Smirnov test","","a21b5f9c48d79af212171f5b4579c0a3",153,4,149,196,0.0261437908496732,0.760204081632653
"linear_dense_n300_t02_r0006","linear","dense","paper_adjusted",300,1000,1.5,6,247898289,"MDACT",0.05,"ok",TRUE,0.0200000000000031,"ties should not be present for the one-sample Kolmogorov-Smirnov test","","e50b9876bcfaf4378371f218b95833a5",155,3,152,196,0.0193548387096774,0.775510204081633
"linear_dense_n300_t02_r0006","linear","dense","paper_adjusted",300,1000,1.5,6,247898289,"MLFDR",0.05,"ok",TRUE,0.25,"","","23cb12403d72e93020b059d65fff35ca",192,12,180,196,0.0625,0.918367346938776
"confounded_dense_n300_t02_r0006","confounded","dense","paper_adjusted",300,1000,1.5,6,77226566,"HDMT",0.05,"ok",TRUE,0.019999999999996,"ties should not be present for the one-sample Kolmogorov-Smirnov test","","701c7674749c9819329d26897565f4c7",123,4,119,196,0.032520325203252,0.607142857142857
"confounded_dense_n300_t02_r0006","confounded","dense","paper_adjusted",300,1000,1.5,6,77226566,"MDACT",0.05,"ok",TRUE,0,"ties should not be present for the one-sample Kolmogorov-Smirnov test","","32c0ecf83b51bd08ed54236c76dd6b41",128,4,124,196,0.03125,0.63265306122449
"confounded_dense_n300_t02_r0006","confounded","dense","paper_adjusted",300,1000,1.5,6,77226566,"MLFDR",0.05,"ok",TRUE,0.5,"","","c1c2b5b253e1d44b23297442b9554532",180,12,168,196,0.0666666666666667,0.857142857142857
"binary_dense_n300_t02_r0006","binary","dense","paper_adjusted",300,1000,1.5,6,210656461,"HDMT",0.05,"ok",TRUE,0.0499999999999972,"","","5f5434b2c4f9787bbcb61801caf49011",100,7,93,199,0.07,0.467336683417085
"binary_dense_n300_t02_r0006","binary","dense","paper_adjusted",300,1000,1.5,6,210656461,"MDACT",0.05,"ok",TRUE,0,"","","85a90654871023a0eb1adca6854f58dd",124,10,114,199,0.0806451612903226,0.57286432160804
"binary_dense_n300_t02_r0006","binary","dense","paper_adjusted",300,1000,1.5,6,210656461,"MLFDR",0.05,"ok",TRUE,0.339999999999996,"","","16becec820036dbf0d00c08f1ded946c",170,8,162,199,0.0470588235294118,0.814070351758794
"linear_sparse_n300_t03_r0006","linear","sparse","paper_adjusted",300,1000,1.9,6,13699505,"HDMT",0.05,"ok",TRUE,0.0300000000000011,"ties should not be present for the one-sample Kolmogorov-Smirnov test","","915d9dbf817033925d5d973419a81ead",10,0,10,26,0,0.384615384615385
"linear_sparse_n300_t03_r0006","linear","sparse","paper_adjusted",300,1000,1.9,6,13699505,"MDACT",0.05,"ok",TRUE,0.00999999999999801,"ties should not be present for the one-sample Kolmogorov-Smirnov test","","cecb48b3fb2cb1dfb67e93192d6ccbd4",16,0,16,26,0,0.615384615384615
"linear_sparse_n300_t03_r0006","linear","sparse","paper_adjusted",300,1000,1.9,6,13699505,"MLFDR",0.05,"ok",TRUE,0.259999999999998,"","","34642628574c1fb5c7601d8822e3b59c",22,0,22,26,0,0.846153846153846
"confounded_sparse_n300_t03_r0006","confounded","sparse","paper_adjusted",300,1000,1.9,6,234008246,"HDMT",0.05,"ok",TRUE,0.0300000000000011,"ties should not be present for the one-sample Kolmogorov-Smirnov test","","65a4d5590cc4d7db8c9ad6bbb7bc68fa",17,0,17,26,0,0.653846153846154
"confounded_sparse_n300_t03_r0006","confounded","sparse","paper_adjusted",300,1000,1.9,6,234008246,"MDACT",0.05,"ok",TRUE,0.0200000000000031,"ties should not be present for the one-sample Kolmogorov-Smirnov test","","df947e116b4f9d3ba6754048023a5637",20,0,20,26,0,0.769230769230769
"confounded_sparse_n300_t03_r0006","confounded","sparse","paper_adjusted",300,1000,1.9,6,234008246,"MLFDR",0.05,"ok",TRUE,0.140000000000001,"","","3a1c93705036af3a8be80eda119f5ee4",27,2,25,26,0.0740740740740741,0.961538461538462
"binary_sparse_n300_t03_r0006","binary","sparse","paper_adjusted",300,1000,1.9,6,14832615,"HDMT",0.05,"ok",TRUE,0.0399999999999991,"","","c40f85b2ca45b9451e6fa1ea79629dd7",19,0,19,21,0,0.904761904761905
"binary_sparse_n300_t03_r0006","binary","sparse","paper_adjusted",300,1000,1.9,6,14832615,"MDACT",0.05,"ok",TRUE,0.0200000000000031,"","","c25c2a5619e207d5b0c5183523ff8945",21,1,20,21,0.0476190476190476,0.952380952380952
"binary_sparse_n300_t03_r0006","binary","sparse","paper_adjusted",300,1000,1.9,6,14832615,"MLFDR",0.05,"ok",TRUE,0.140000000000001,"","","8912c1d0fd56b372b2a0229b7751123c",20,0,20,21,0,0.952380952380952
"linear_dense_n300_t03_r0006","linear","dense","paper_adjusted",300,1000,1.9,6,104382079,"HDMT",0.05,"ok",TRUE,0.0300000000000011,"ties should not be present for the one-sample Kolmogorov-Smirnov test","","af474fbcda55ee3a1871ea35e10c15f6",184,5,179,221,0.0271739130434783,0.809954751131222
"linear_dense_n300_t03_r0006","linear","dense","paper_adjusted",300,1000,1.9,6,104382079,"MDACT",0.05,"ok",TRUE,0.00999999999999801,"ties should not be present for the one-sample Kolmogorov-Smirnov test","","90ae8db068da7a95c9afc61531b6bf7f",184,5,179,221,0.0271739130434783,0.809954751131222
"linear_dense_n300_t03_r0006","linear","dense","paper_adjusted",300,1000,1.9,6,104382079,"MLFDR",0.05,"ok",TRUE,0.280000000000001,"","","7837607d62279136a7151bf0a60894e2",222,9,213,221,0.0405405405405405,0.963800904977376
"confounded_dense_n300_t03_r0006","confounded","dense","paper_adjusted",300,1000,1.9,6,174690890,"HDMT",0.05,"ok",TRUE,0.0300000000000011,"ties should not be present for the one-sample Kolmogorov-Smirnov test","","a8cf71f8499fcacfdafed17bed87e853",167,3,164,186,0.0179640718562874,0.881720430107527
"confounded_dense_n300_t03_r0006","confounded","dense","paper_adjusted",300,1000,1.9,6,174690890,"MDACT",0.05,"ok",TRUE,0,"ties should not be present for the one-sample Kolmogorov-Smirnov test","","9716cf3054aad157ee85949ab2bccb92",172,4,168,186,0.0232558139534884,0.903225806451613
"confounded_dense_n300_t03_r0006","confounded","dense","paper_adjusted",300,1000,1.9,6,174690890,"MLFDR",0.05,"ok",TRUE,0.159999999999997,"","","75b799996eb3e265a9ef29d72ccec4a1",189,7,182,186,0.037037037037037,0.978494623655914
"binary_dense_n300_t03_r0006","binary","dense","paper_adjusted",300,1000,1.9,6,13417686,"HDMT",0.05,"ok",TRUE,0.00999999999999801,"","","37ba2a5835900cd7bcfa619a47d6f27b",207,11,196,211,0.0531400966183575,0.928909952606635
"binary_dense_n300_t03_r0006","binary","dense","paper_adjusted",300,1000,1.9,6,13417686,"MDACT",0.05,"ok",TRUE,0,"","","20ac8dab7a9e7a7ac307e99d8b9b7c15",206,11,195,211,0.0533980582524272,0.924170616113744
"binary_dense_n300_t03_r0006","binary","dense","paper_adjusted",300,1000,1.9,6,13417686,"MLFDR",0.05,"ok",TRUE,0.100000000000001,"","","26aab8a107cbf4a0c36c91ec2cae9a8f",210,7,203,211,0.0333333333333333,0.962085308056872
"linear_sparse_n300_t01_r0007","linear","sparse","paper_adjusted",300,1000,1.3,7,227711122,"HDMT",0.05,"ok",TRUE,0.0300000000000011,"ties should not be present for the one-sample Kolmogorov-Smirnov test","","c49dcc16909214ead6334b5dd8c64d5b",1,0,1,16,0,0.0625
"linear_sparse_n300_t01_r0007","linear","sparse","paper_adjusted",300,1000,1.3,7,227711122,"MDACT",0.05,"ok",TRUE,0.019999999999996,"ties should not be present for the one-sample Kolmogorov-Smirnov test","","7330a80788189865deec21880047b354",2,0,2,16,0,0.125
"linear_sparse_n300_t01_r0007","linear","sparse","paper_adjusted",300,1000,1.3,7,227711122,"MLFDR",0.05,"ok",TRUE,0.780000000000001,"","","680125a4bb0a4a4d51b2c5b5384ec2b0",8,2,6,16,0.25,0.375
"confounded_sparse_n300_t01_r0007","confounded","sparse","paper_adjusted",300,1000,1.3,7,185695362,"HDMT",0.05,"ok",TRUE,0.0300000000000011,"ties should not be present for the one-sample Kolmogorov-Smirnov test","","18d9c17e9ef43760dc2c61108c78af88",5,0,5,19,0,0.263157894736842
"confounded_sparse_n300_t01_r0007","confounded","sparse","paper_adjusted",300,1000,1.3,7,185695362,"MDACT",0.05,"ok",TRUE,0,"ties should not be present for the one-sample Kolmogorov-Smirnov test","","05861386ccab5debef9d75abe1237657",5,0,5,19,0,0.263157894736842
"confounded_sparse_n300_t01_r0007","confounded","sparse","paper_adjusted",300,1000,1.3,7,185695362,"MLFDR",0.05,"ok",TRUE,1.36,"","","e33adc9f109b34e83a823300843727a2",8,0,8,19,0,0.421052631578947
"binary_sparse_n300_t01_r0007","binary","sparse","paper_adjusted",300,1000,1.3,7,70257972,"HDMT",0.05,"ok",TRUE,0.00999999999999801,"","","888c6f1254dabdf63b4db83e9957b9bb",2,0,2,19,0,0.105263157894737
"binary_sparse_n300_t01_r0007","binary","sparse","paper_adjusted",300,1000,1.3,7,70257972,"MDACT",0.05,"ok",TRUE,0.00999999999999801,"","","c3025ed4dc6375f6bf7789ff45f5f583",2,0,2,19,0,0.105263157894737
"binary_sparse_n300_t01_r0007","binary","sparse","paper_adjusted",300,1000,1.3,7,70257972,"MLFDR",0.05,"ok",TRUE,0.619999999999997,"","","6de71d2c2a0c8bfe0f7b69a54b57f6a7",8,1,7,19,0.125,0.368421052631579
"linear_dense_n300_t01_r0007","linear","dense","paper_adjusted",300,1000,1.3,7,241217592,"HDMT",0.05,"ok",TRUE,0.0300000000000011,"ties should not be present for the one-sample Kolmogorov-Smirnov test","","e09f08c36c1982a79fd2905cf079c8fb",69,1,68,187,0.0144927536231884,0.363636363636364
"linear_dense_n300_t01_r0007","linear","dense","paper_adjusted",300,1000,1.3,7,241217592,"MDACT",0.05,"ok",TRUE,0,"ties should not be present for the one-sample Kolmogorov-Smirnov test","","e136a6ed9be0777d8d4c1f868b8d1f3c",84,1,83,187,0.0119047619047619,0.443850267379679
"linear_dense_n300_t01_r0007","linear","dense","paper_adjusted",300,1000,1.3,7,241217592,"MLFDR",0.05,"ok",TRUE,0.259999999999998,"","","de6187897b89bad256d04ff6722be406",136,5,131,187,0.0367647058823529,0.700534759358289
"confounded_dense_n300_t01_r0007","confounded","dense","paper_adjusted",300,1000,1.3,7,89235431,"HDMT",0.05,"ok",TRUE,0.0300000000000011,"ties should not be present for the one-sample Kolmogorov-Smirnov test","","b1aba49f9651e643c0cf096c749eb50d",44,0,44,187,0,0.235294117647059
"confounded_dense_n300_t01_r0007","confounded","dense","paper_adjusted",300,1000,1.3,7,89235431,"MDACT",0.05,"ok",TRUE,0.00999999999999801,"ties should not be present for the one-sample Kolmogorov-Smirnov test","","148a020444afa4bf4f26b3d86e282f56",70,4,66,187,0.0571428571428571,0.352941176470588
"confounded_dense_n300_t01_r0007","confounded","dense","paper_adjusted",300,1000,1.3,7,89235431,"MLFDR",0.05,"ok",TRUE,0.339999999999996,"","","f416e34cced3905727ac6d5c7eeacd95",104,3,101,187,0.0288461538461538,0.540106951871658
"binary_dense_n300_t01_r0007","binary","dense","paper_adjusted",300,1000,1.3,7,116258530,"HDMT",0.05,"ok",TRUE,0.0300000000000011,"","","ca6adba4826acf66bd4ac74e2c3c47db",48,0,48,189,0,0.253968253968254
"binary_dense_n300_t01_r0007","binary","dense","paper_adjusted",300,1000,1.3,7,116258530,"MDACT",0.05,"ok",TRUE,0.019999999999996,"","","775833ddce7ae128c3cd285c4b34d8d9",59,0,59,189,0,0.312169312169312
"binary_dense_n300_t01_r0007","binary","dense","paper_adjusted",300,1000,1.3,7,116258530,"MLFDR",0.05,"ok",TRUE,0.609999999999999,"","","92731d730ebf18eca85b861d9eedd4ce",106,3,103,189,0.0283018867924528,0.544973544973545
"linear_sparse_n300_t02_r0007","linear","sparse","paper_adjusted",300,1000,1.5,7,134744444,"HDMT",0.05,"ok",TRUE,0.0200000000000031,"ties should not be present for the one-sample Kolmogorov-Smirnov test","","a349f23a31a7f5f5f721cbb3f23678f7",2,0,2,9,0,0.222222222222222
"linear_sparse_n300_t02_r0007","linear","sparse","paper_adjusted",300,1000,1.5,7,134744444,"MDACT",0.05,"ok",TRUE,0,"ties should not be present for the one-sample Kolmogorov-Smirnov test","","0f3b07a3f2ce6ea55ee76d03a90a0f8e",2,0,2,9,0,0.222222222222222
"linear_sparse_n300_t02_r0007","linear","sparse","paper_adjusted",300,1000,1.5,7,134744444,"MLFDR",0.05,"ok",TRUE,0.139999999999993,"","","820a8c8a06924f81fd2e49962de400bb",4,1,3,9,0.25,0.333333333333333
"confounded_sparse_n300_t02_r0007","confounded","sparse","paper_adjusted",300,1000,1.5,7,189890030,"HDMT",0.05,"ok",TRUE,0.0200000000000031,"ties should not be present for the one-sample Kolmogorov-Smirnov test","","61899f9d52193d71bc4c158bae40f675",15,5,10,13,0.333333333333333,0.769230769230769
"confounded_sparse_n300_t02_r0007","confounded","sparse","paper_adjusted",300,1000,1.5,7,189890030,"MDACT",0.05,"ok",TRUE,0,"ties should not be present for the one-sample Kolmogorov-Smirnov test","","bb8bfa7ba99551e179534211f6cb9c25",1,0,1,13,0,0.0769230769230769
"confounded_sparse_n300_t02_r0007","confounded","sparse","paper_adjusted",300,1000,1.5,7,189890030,"MLFDR",0.05,"ok",TRUE,0.259999999999998,"","","cdb0b1d3fe2e401d684989d015b88f42",5,0,5,13,0,0.384615384615385
"binary_sparse_n300_t02_r0007","binary","sparse","paper_adjusted",300,1000,1.5,7,266586441,"HDMT",0.05,"ok",TRUE,0.0300000000000011,"","","16758720a00ed233d2ddf5392b82ced2",0,0,0,17,0,0
"binary_sparse_n300_t02_r0007","binary","sparse","paper_adjusted",300,1000,1.5,7,266586441,"MDACT",0.05,"ok",TRUE,0.00999999999999801,"","","3b0f120ed3d0e59c33af1738e33a2254",5,0,5,17,0,0.294117647058824
"binary_sparse_n300_t02_r0007","binary","sparse","paper_adjusted",300,1000,1.5,7,266586441,"MLFDR",0.05,"ok",TRUE,0.390000000000001,"","","ae9a6d74b82cc755f65729122c2d1dde",7,0,7,17,0,0.411764705882353
"linear_dense_n300_t02_r0007","linear","dense","paper_adjusted",300,1000,1.5,7,91328463,"HDMT",0.05,"ok",TRUE,0.0300000000000011,"ties should not be present for the one-sample Kolmogorov-Smirnov test","","ad1bfbbfe8aecd6378a08011b1d8646e",95,2,93,197,0.0210526315789474,0.472081218274112
"linear_dense_n300_t02_r0007","linear","dense","paper_adjusted",300,1000,1.5,7,91328463,"MDACT",0.05,"ok",TRUE,0.0200000000000031,"ties should not be present for the one-sample Kolmogorov-Smirnov test","","63747cfbebcd27c2087a9e1f274fdee1",104,3,101,197,0.0288461538461538,0.512690355329949
"linear_dense_n300_t02_r0007","linear","dense","paper_adjusted",300,1000,1.5,7,91328463,"MLFDR",0.05,"ok",TRUE,0.32,"","","b8e1d4ff63c97d6bc0d0d57c2adcbb08",170,11,159,197,0.0647058823529412,0.807106598984772
"confounded_dense_n300_t02_r0007","confounded","dense","paper_adjusted",300,1000,1.5,7,160308905,"HDMT",0.05,"ok",TRUE,0.0300000000000011,"ties should not be present for the one-sample Kolmogorov-Smirnov test","","261b7daf5b9e8363839b53a03c88e510",170,7,163,218,0.0411764705882353,0.747706422018349
"confounded_dense_n300_t02_r0007","confounded","dense","paper_adjusted",300,1000,1.5,7,160308905,"MDACT",0.05,"ok",TRUE,0.00999999999999801,"ties should not be present for the one-sample Kolmogorov-Smirnov test","","92002fcfe9f7992262823da1e926057b",172,7,165,218,0.0406976744186047,0.756880733944954
"confounded_dense_n300_t02_r0007","confounded","dense","paper_adjusted",300,1000,1.5,7,160308905,"MLFDR",0.05,"ok",TRUE,0.170000000000002,"","","74a6f9bb11c919bdc402f84ea3244165",208,10,198,218,0.0480769230769231,0.908256880733945
"binary_dense_n300_t02_r0007","binary","dense","paper_adjusted",300,1000,1.5,7,55158131,"HDMT",0.05,"ok",TRUE,0.00999999999999801,"","","54aacab6f0d2c0ce64d6f96b4fe14345",121,7,114,188,0.0578512396694215,0.606382978723404
"binary_dense_n300_t02_r0007","binary","dense","paper_adjusted",300,1000,1.5,7,55158131,"MDACT",0.05,"ok",TRUE,0,"","","a8554737618c9f9fa1df379a791b726b",127,8,119,188,0.062992125984252,0.632978723404255
"binary_dense_n300_t02_r0007","binary","dense","paper_adjusted",300,1000,1.5,7,55158131,"MLFDR",0.05,"ok",TRUE,0.25,"","","644f59d0d6b76a36830f39d932189947",161,2,159,188,0.0124223602484472,0.845744680851064
"linear_sparse_n300_t03_r0007","linear","sparse","paper_adjusted",300,1000,1.9,7,227978865,"HDMT",0.05,"ok",TRUE,0.0200000000000031,"ties should not be present for the one-sample Kolmogorov-Smirnov test","","e364ab5c4ae40b44e34c8382245ba046",8,1,7,21,0.125,0.333333333333333
"linear_sparse_n300_t03_r0007","linear","sparse","paper_adjusted",300,1000,1.9,7,227978865,"MDACT",0.05,"ok",TRUE,0,"ties should not be present for the one-sample Kolmogorov-Smirnov test","","006703aeffafbe84a4abdf33d78ac06c",7,0,7,21,0,0.333333333333333
"linear_sparse_n300_t03_r0007","linear","sparse","paper_adjusted",300,1000,1.9,7,227978865,"MLFDR",0.05,"ok",TRUE,2.19,"","","7bbd80bff970289fb2fbe96797265b39",40,19,21,21,0.475,1
"confounded_sparse_n300_t03_r0007","confounded","sparse","paper_adjusted",300,1000,1.9,7,109260165,"HDMT",0.05,"ok",TRUE,0.0300000000000011,"ties should not be present for the one-sample Kolmogorov-Smirnov test","","075a2dd828a8d79b1a7c61bc4244393c",15,1,14,19,0.0666666666666667,0.736842105263158
"confounded_sparse_n300_t03_r0007","confounded","sparse","paper_adjusted",300,1000,1.9,7,109260165,"MDACT",0.05,"ok",TRUE,0.0200000000000031,"ties should not be present for the one-sample Kolmogorov-Smirnov test","","309edfebbd4ce04483c314476b074910",16,1,15,19,0.0625,0.789473684210526
"confounded_sparse_n300_t03_r0007","confounded","sparse","paper_adjusted",300,1000,1.9,7,109260165,"MLFDR",0.05,"ok",TRUE,0.160000000000004,"","","f097411a3adab7bc7800c5d5f272403a",18,0,18,19,0,0.947368421052632
"binary_sparse_n300_t03_r0007","binary","sparse","paper_adjusted",300,1000,1.9,7,196537243,"HDMT",0.05,"ok",TRUE,0.0300000000000011,"","","bfdc0096e16e8babe6cdbfd396be2fd0",28,1,27,29,0.0357142857142857,0.931034482758621
"binary_sparse_n300_t03_r0007","binary","sparse","paper_adjusted",300,1000,1.9,7,196537243,"MDACT",0.05,"ok",TRUE,0.00999999999999801,"","","975e8449418135b46e16f22cedf7e7a9",21,0,21,29,0,0.724137931034483
"binary_sparse_n300_t03_r0007","binary","sparse","paper_adjusted",300,1000,1.9,7,196537243,"MLFDR",0.05,"ok",TRUE,0.119999999999997,"","","5d5b5205fffeb96e1206ab3d020be2a4",29,1,28,29,0.0344827586206897,0.96551724137931
"linear_dense_n300_t03_r0007","linear","dense","paper_adjusted",300,1000,1.9,7,118954621,"HDMT",0.05,"ok",TRUE,0.0300000000000011,"ties should not be present for the one-sample Kolmogorov-Smirnov test","","e6dd51a41dfd398e65ef36b842be4ee8",104,1,103,212,0.00961538461538462,0.485849056603774
"linear_dense_n300_t03_r0007","linear","dense","paper_adjusted",300,1000,1.9,7,118954621,"MDACT",0.05,"ok",TRUE,0.00999999999999801,"ties should not be present for the one-sample Kolmogorov-Smirnov test","","c9fc39e5fb8dce56629de4d4d1823739",112,1,111,212,0.00892857142857143,0.523584905660377
"linear_dense_n300_t03_r0007","linear","dense","paper_adjusted",300,1000,1.9,7,118954621,"MLFDR",0.05,"ok",TRUE,0.479999999999997,"","","57ed835cfb5b17096fc4051c38fbcbca",178,7,171,212,0.0393258426966292,0.806603773584906
"confounded_dense_n300_t03_r0007","confounded","dense","paper_adjusted",300,1000,1.9,7,181621925,"HDMT",0.05,"ok",TRUE,0.00999999999999801,"ties should not be present for the one-sample Kolmogorov-Smirnov test","","2d9e590e88ffacb22b594107615b9dd1",191,14,177,201,0.0732984293193717,0.880597014925373
"confounded_dense_n300_t03_r0007","confounded","dense","paper_adjusted",300,1000,1.9,7,181621925,"MDACT",0.05,"ok",TRUE,0,"ties should not be present for the one-sample Kolmogorov-Smirnov test","","a96a66ae01d375e119e1e5c67480cac1",191,14,177,201,0.0732984293193717,0.880597014925373
"confounded_dense_n300_t03_r0007","confounded","dense","paper_adjusted",300,1000,1.9,7,181621925,"MLFDR",0.05,"ok",TRUE,0.18,"","","d05a0604cd80cb1ac74f0f735eb56461",199,10,189,201,0.050251256281407,0.940298507462687
"binary_dense_n300_t03_r0007","binary","dense","paper_adjusted",300,1000,1.9,7,25976497,"HDMT",0.05,"ok",TRUE,0.0300000000000011,"","","69fb55b3107879426658040738102813",181,8,173,198,0.0441988950276243,0.873737373737374
"binary_dense_n300_t03_r0007","binary","dense","paper_adjusted",300,1000,1.9,7,25976497,"MDACT",0.05,"ok",TRUE,0.00999999999999801,"","","3f3a37719872c05e0af3f0aedeb298d3",184,8,176,198,0.0434782608695652,0.888888888888889
"binary_dense_n300_t03_r0007","binary","dense","paper_adjusted",300,1000,1.9,7,25976497,"MLFDR",0.05,"ok",TRUE,0.25,"","","087e80dbb23280a85eaeb6b940ce97a1",204,12,192,198,0.0588235294117647,0.96969696969697
"linear_sparse_n300_t01_r0008","linear","sparse","paper_adjusted",300,1000,1.3,8,4369987,"HDMT",0.05,"ok",TRUE,0.0300000000000011,"ties should not be present for the one-sample Kolmogorov-Smirnov test","","768b0effe9c8333b23e1bec981bb10ae",7,0,7,25,0,0.28
"linear_sparse_n300_t01_r0008","linear","sparse","paper_adjusted",300,1000,1.3,8,4369987,"MDACT",0.05,"ok",TRUE,0.00999999999999801,"ties should not be present for the one-sample Kolmogorov-Smirnov test","","ced2c677cee0a33d108f436858e21754",7,0,7,25,0,0.28
"linear_sparse_n300_t01_r0008","linear","sparse","paper_adjusted",300,1000,1.3,8,4369987,"MLFDR",0.05,"ok",TRUE,0.299999999999997,"","","7159ee4633cf62a0795aec34e382b1c1",19,1,18,25,0.0526315789473684,0.72
"confounded_sparse_n300_t01_r0008","confounded","sparse","paper_adjusted",300,1000,1.3,8,211724716,"HDMT",0.05,"ok",TRUE,0.029999999999994,"ties should not be present for the one-sample Kolmogorov-Smirnov test","","191a34b5d09c798b8e442e47d02077b3",9,1,8,26,0.111111111111111,0.307692307692308
"confounded_sparse_n300_t01_r0008","confounded","sparse","paper_adjusted",300,1000,1.3,8,211724716,"MDACT",0.05,"ok",TRUE,0.00999999999999801,"ties should not be present for the one-sample Kolmogorov-Smirnov test","","97e464b89f8979c5bc88953d58a36709",13,1,12,26,0.0769230769230769,0.461538461538462
"confounded_sparse_n300_t01_r0008","confounded","sparse","paper_adjusted",300,1000,1.3,8,211724716,"MLFDR",0.05,"ok",TRUE,0.289999999999999,"","","df145c36dee1a6bea50962b0707cd92e",20,1,19,26,0.05,0.730769230769231
"binary_sparse_n300_t01_r0008","binary","sparse","paper_adjusted",300,1000,1.3,8,179267389,"HDMT",0.05,"ok",TRUE,0.0300000000000011,"","","04b42840d1eaa15690390369b6927a04",6,0,6,30,0,0.2
"binary_sparse_n300_t01_r0008","binary","sparse","paper_adjusted",300,1000,1.3,8,179267389,"MDACT",0.05,"ok",TRUE,0,"","","f526703b283bb2f8dffbfdac1a4b6921",12,0,12,30,0,0.4
"binary_sparse_n300_t01_r0008","binary","sparse","paper_adjusted",300,1000,1.3,8,179267389,"MLFDR",0.05,"ok",TRUE,0.350000000000001,"","","cda7078859bd81cd21c46f5dbaa9ae63",15,1,14,30,0.0666666666666667,0.466666666666667
"linear_dense_n300_t01_r0008","linear","dense","paper_adjusted",300,1000,1.3,8,38768928,"HDMT",0.05,"ok",TRUE,0.0200000000000031,"ties should not be present for the one-sample Kolmogorov-Smirnov test","","59f6449354e8d25dd564e9947cbabf5e",72,3,69,221,0.0416666666666667,0.312217194570136
"linear_dense_n300_t01_r0008","linear","dense","paper_adjusted",300,1000,1.3,8,38768928,"MDACT",0.05,"ok",TRUE,0.00999999999999801,"ties should not be present for the one-sample Kolmogorov-Smirnov test","","20f8a6ff7960a036b49dfb2a5c95362f",87,5,82,221,0.0574712643678161,0.3710407239819
"linear_dense_n300_t01_r0008","linear","dense","paper_adjusted",300,1000,1.3,8,38768928,"MLFDR",0.05,"ok",TRUE,0.419999999999995,"","","46b90f42ea4e2eb0d0be4699073eb3cd",155,6,149,221,0.0387096774193548,0.67420814479638
"confounded_dense_n300_t01_r0008","confounded","dense","paper_adjusted",300,1000,1.3,8,123819269,"HDMT",0.05,"ok",TRUE,0.019999999999996,"ties should not be present for the one-sample Kolmogorov-Smirnov test","","5aad6c22107013d73fe6594f210ca052",82,1,81,200,0.0121951219512195,0.405
"confounded_dense_n300_t01_r0008","confounded","dense","paper_adjusted",300,1000,1.3,8,123819269,"MDACT",0.05,"ok",TRUE,0,"ties should not be present for the one-sample Kolmogorov-Smirnov test","","e5fc3afc82f5a15d7c4ed05701fe4523",103,4,99,200,0.0388349514563107,0.495
"confounded_dense_n300_t01_r0008","confounded","dense","paper_adjusted",300,1000,1.3,8,123819269,"MLFDR",0.05,"ok",TRUE,0.240000000000002,"","","a5cf405c8e058dc33ce97f6eae680d2a",163,12,151,200,0.0736196319018405,0.755
"binary_dense_n300_t01_r0008","binary","dense","paper_adjusted",300,1000,1.3,8,211752150,"HDMT",0.05,"ok",TRUE,0.0300000000000011,"","","8f23936a07381391bf805c7d7d9fc69c",89,1,88,184,0.0112359550561798,0.478260869565217
"binary_dense_n300_t01_r0008","binary","dense","paper_adjusted",300,1000,1.3,8,211752150,"MDACT",0.05,"ok",TRUE,0.00999999999999801,"","","881a30d4a44277329e40c5a5bae67fd1",107,2,105,184,0.0186915887850467,0.570652173913043
"binary_dense_n300_t01_r0008","binary","dense","paper_adjusted",300,1000,1.3,8,211752150,"MLFDR",0.05,"ok",TRUE,0.279999999999994,"","","68fae349bce5082ba67d907e20fbb653",140,4,136,184,0.0285714285714286,0.739130434782609
"linear_sparse_n300_t02_r0008","linear","sparse","paper_adjusted",300,1000,1.5,8,201766340,"HDMT",0.05,"ok",TRUE,0.0300000000000011,"ties should not be present for the one-sample Kolmogorov-Smirnov test","","c0de178150c7091ebbf4a3f15e678bfe",14,0,14,18,0,0.777777777777778
"linear_sparse_n300_t02_r0008","linear","sparse","paper_adjusted",300,1000,1.5,8,201766340,"MDACT",0.05,"ok",TRUE,0.0200000000000031,"ties should not be present for the one-sample Kolmogorov-Smirnov test","","0532b4ba3730eb06cd84bfb3360ccffd",11,0,11,18,0,0.611111111111111
"linear_sparse_n300_t02_r0008","linear","sparse","paper_adjusted",300,1000,1.5,8,201766340,"MLFDR",0.05,"ok",TRUE,0.289999999999999,"","","d4fa45d19d1fceb9c78ea264f9e8a8ed",15,0,15,18,0,0.833333333333333
"confounded_sparse_n300_t02_r0008","confounded","sparse","paper_adjusted",300,1000,1.5,8,185306473,"HDMT",0.05,"ok",TRUE,0.0300000000000011,"ties should not be present for the one-sample Kolmogorov-Smirnov test","","a04403d76f53b8eecb3a220c3c266200",4,0,4,11,0,0.363636363636364
"confounded_sparse_n300_t02_r0008","confounded","sparse","paper_adjusted",300,1000,1.5,8,185306473,"MDACT",0.05,"ok",TRUE,0,"ties should not be present for the one-sample Kolmogorov-Smirnov test","","92a47e6cf26f0493f5bb6e7079a0ba83",4,0,4,11,0,0.363636363636364
"confounded_sparse_n300_t02_r0008","confounded","sparse","paper_adjusted",300,1000,1.5,8,185306473,"MLFDR",0.05,"ok",TRUE,0.189999999999998,"","","71c2b4c178ea2df18826ca0775d280fb",6,0,6,11,0,0.545454545454545
"binary_sparse_n300_t02_r0008","binary","sparse","paper_adjusted",300,1000,1.5,8,3574882,"HDMT",0.05,"ok",TRUE,0.0300000000000011,"","","45e00c4b621f9be425c67ac95024a0fd",11,0,11,18,0,0.611111111111111
"binary_sparse_n300_t02_r0008","binary","sparse","paper_adjusted",300,1000,1.5,8,3574882,"MDACT",0.05,"ok",TRUE,0,"","","96ca55c0c1f17e542923620765fab2e8",6,0,6,18,0,0.333333333333333
"binary_sparse_n300_t02_r0008","binary","sparse","paper_adjusted",300,1000,1.5,8,3574882,"MLFDR",0.05,"ok",TRUE,0.649999999999999,"","","09b504eb952100b1ab6f5ee7cc212941",10,0,10,18,0,0.555555555555556
"linear_dense_n300_t02_r0008","linear","dense","paper_adjusted",300,1000,1.5,8,159279603,"HDMT",0.05,"ok",TRUE,0.0300000000000011,"ties should not be present for the one-sample Kolmogorov-Smirnov test","","5f044400507316c185576c0c5212a6d9",93,4,89,201,0.043010752688172,0.442786069651741
"linear_dense_n300_t02_r0008","linear","dense","paper_adjusted",300,1000,1.5,8,159279603,"MDACT",0.05,"ok",TRUE,0.00999999999999801,"ties should not be present for the one-sample Kolmogorov-Smirnov test","","7d977106e1bcb05fb015206438ee2de9",125,9,116,201,0.072,0.577114427860697
"linear_dense_n300_t02_r0008","linear","dense","paper_adjusted",300,1000,1.5,8,159279603,"MLFDR",0.05,"ok",TRUE,0.170000000000002,"","","459d614151fa2c9ae546abc27cbbf1b8",169,9,160,201,0.0532544378698225,0.796019900497512
"confounded_dense_n300_t02_r0008","confounded","dense","paper_adjusted",300,1000,1.5,8,250136339,"HDMT",0.05,"ok",TRUE,0.0300000000000011,"ties should not be present for the one-sample Kolmogorov-Smirnov test","","b5431ecbd616b392234b394fc375651c",101,3,98,182,0.0297029702970297,0.538461538461538
"confounded_dense_n300_t02_r0008","confounded","dense","paper_adjusted",300,1000,1.5,8,250136339,"MDACT",0.05,"ok",TRUE,0.0200000000000031,"ties should not be present for the one-sample Kolmogorov-Smirnov test","","32ddb2c4334a2c129709d5c8ecd0bc36",110,4,106,182,0.0363636363636364,0.582417582417582
"confounded_dense_n300_t02_r0008","confounded","dense","paper_adjusted",300,1000,1.5,8,250136339,"MLFDR",0.05,"ok",TRUE,0.300000000000004,"","","c2ad5a2458ddcfa3334a93262dc5303a",158,8,150,182,0.0506329113924051,0.824175824175824
"binary_dense_n300_t02_r0008","binary","dense","paper_adjusted",300,1000,1.5,8,263476049,"HDMT",0.05,"ok",TRUE,0.0300000000000011,"","","8137e127815c7f48a2f24eb5561fe922",159,7,152,228,0.0440251572327044,0.666666666666667
"binary_dense_n300_t02_r0008","binary","dense","paper_adjusted",300,1000,1.5,8,263476049,"MDACT",0.05,"ok",TRUE,0,"","","cd42a2f937f38c363c05866e5e3ed75d",180,10,170,228,0.0555555555555556,0.745614035087719
"binary_dense_n300_t02_r0008","binary","dense","paper_adjusted",300,1000,1.5,8,263476049,"MLFDR",0.05,"ok",TRUE,0.280000000000001,"","","76ed6f1bc839e2cced29edacb17f7890",213,10,203,228,0.0469483568075117,0.890350877192982
"linear_sparse_n300_t03_r0008","linear","sparse","paper_adjusted",300,1000,1.9,8,143284182,"HDMT",0.05,"ok",TRUE,0.0300000000000011,"ties should not be present for the one-sample Kolmogorov-Smirnov test","","ad7a2bd3931a0e20278b4a6c454f5d9b",24,1,23,24,0.0416666666666667,0.958333333333333
"linear_sparse_n300_t03_r0008","linear","sparse","paper_adjusted",300,1000,1.9,8,143284182,"MDACT",0.05,"ok",TRUE,0.019999999999996,"ties should not be present for the one-sample Kolmogorov-Smirnov test","","a28620b00b9f03472a3ce47aedb8907c",23,1,22,24,0.0434782608695652,0.916666666666667
"linear_sparse_n300_t03_r0008","linear","sparse","paper_adjusted",300,1000,1.9,8,143284182,"MLFDR",0.05,"ok",TRUE,0.160000000000004,"","","da2e0f6658f4781829c435c02dae4ac0",27,3,24,24,0.111111111111111,1
"confounded_sparse_n300_t03_r0008","confounded","sparse","paper_adjusted",300,1000,1.9,8,39674992,"HDMT",0.05,"ok",TRUE,0.0300000000000011,"ties should not be present for the one-sample Kolmogorov-Smirnov test","","7293d42f7bf7be64bcd3e48890eb0213",10,0,10,16,0,0.625
"confounded_sparse_n300_t03_r0008","confounded","sparse","paper_adjusted",300,1000,1.9,8,39674992,"MDACT",0.05,"ok",TRUE,0.00999999999999801,"ties should not be present for the one-sample Kolmogorov-Smirnov test","","aeed4c1a58468830645d54a33b9d26c2",10,0,10,16,0,0.625
"confounded_sparse_n300_t03_r0008","confounded","sparse","paper_adjusted",300,1000,1.9,8,39674992,"MLFDR",0.05,"ok",TRUE,0.280000000000001,"","","55f0ce6fa5cb23155151f7a4796a5827",11,0,11,16,0,0.6875
"binary_sparse_n300_t03_r0008","binary","sparse","paper_adjusted",300,1000,1.9,8,262009797,"HDMT",0.05,"ok",TRUE,0.0300000000000011,"","","857dfe05e1bab1dfc5df03157dda85ad",25,3,22,24,0.12,0.916666666666667
"binary_sparse_n300_t03_r0008","binary","sparse","paper_adjusted",300,1000,1.9,8,262009797,"MDACT",0.05,"ok",TRUE,0.00999999999999801,"","","69a190c5f767a465baca97f648c808ac",26,4,22,24,0.153846153846154,0.916666666666667
"binary_sparse_n300_t03_r0008","binary","sparse","paper_adjusted",300,1000,1.9,8,262009797,"MLFDR",0.05,"ok",TRUE,0.199999999999996,"","","13fef2fd6429be1cda9cf3a6aca23f5c",24,1,23,24,0.0416666666666667,0.958333333333333
"linear_dense_n300_t03_r0008","linear","dense","paper_adjusted",300,1000,1.9,8,23206418,"HDMT",0.05,"ok",TRUE,0.0399999999999991,"ties should not be present for the one-sample Kolmogorov-Smirnov test","","20c7d45ae91aab647c5dbef59c647e2c",196,11,185,205,0.0561224489795918,0.902439024390244
"linear_dense_n300_t03_r0008","linear","dense","paper_adjusted",300,1000,1.9,8,23206418,"MDACT",0.05,"ok",TRUE,0.0200000000000031,"ties should not be present for the one-sample Kolmogorov-Smirnov test","","6db848991679dc6692c31a07f0551a99",197,11,186,205,0.0558375634517767,0.907317073170732
"linear_dense_n300_t03_r0008","linear","dense","paper_adjusted",300,1000,1.9,8,23206418,"MLFDR",0.05,"ok",TRUE,0.140000000000001,"","","8b68b50ff306e3d2307850dd63aa8c46",210,11,199,205,0.0523809523809524,0.970731707317073
"confounded_dense_n300_t03_r0008","confounded","dense","paper_adjusted",300,1000,1.9,8,42570098,"HDMT",0.05,"ok",TRUE,0.0300000000000011,"ties should not be present for the one-sample Kolmogorov-Smirnov test","","ebb1557f7d1863ef0393296c8ba593b3",199,7,192,208,0.0351758793969849,0.923076923076923
"confounded_dense_n300_t03_r0008","confounded","dense","paper_adjusted",300,1000,1.9,8,42570098,"MDACT",0.05,"ok",TRUE,0.0200000000000031,"ties should not be present for the one-sample Kolmogorov-Smirnov test","","1271296ae2b01218f65104e81af7b60e",199,7,192,208,0.0351758793969849,0.923076923076923
"confounded_dense_n300_t03_r0008","confounded","dense","paper_adjusted",300,1000,1.9,8,42570098,"MLFDR",0.05,"ok",TRUE,0.160000000000004,"","","9d8d7f1c85e43369d5ad092737b4ab1a",218,11,207,208,0.0504587155963303,0.995192307692308
"binary_dense_n300_t03_r0008","binary","dense","paper_adjusted",300,1000,1.9,8,189388040,"HDMT",0.05,"ok",TRUE,0.0399999999999991,"","","85ccd5eecdc33c7b14607220af9cd092",162,7,155,183,0.0432098765432099,0.846994535519126
"binary_dense_n300_t03_r0008","binary","dense","paper_adjusted",300,1000,1.9,8,189388040,"MDACT",0.05,"ok",TRUE,0.0200000000000031,"","","13b3c1de27cc748e56d01f2c7088ac4b",162,7,155,183,0.0432098765432099,0.846994535519126
"binary_dense_n300_t03_r0008","binary","dense","paper_adjusted",300,1000,1.9,8,189388040,"MLFDR",0.05,"ok",TRUE,0.130000000000003,"","","b1f6a6803704ac97859ef869d3bc7972",180,6,174,183,0.0333333333333333,0.950819672131147
"linear_sparse_n300_t01_r0009","linear","sparse","paper_adjusted",300,1000,1.3,9,142876051,"HDMT",0.05,"ok",TRUE,0.00999999999999801,"ties should not be present for the one-sample Kolmogorov-Smirnov test","","05385beb53430ca81514e04428439cbb",10,1,9,23,0.1,0.391304347826087
"linear_sparse_n300_t01_r0009","linear","sparse","paper_adjusted",300,1000,1.3,9,142876051,"MDACT",0.05,"ok",TRUE,0.0200000000000031,"ties should not be present for the one-sample Kolmogorov-Smirnov test","","7d752af2ad9e72d5118355ebcca61bb4",7,0,7,23,0,0.304347826086957
"linear_sparse_n300_t01_r0009","linear","sparse","paper_adjusted",300,1000,1.3,9,142876051,"MLFDR",0.05,"ok",TRUE,0.520000000000003,"","","019e8330492ab081ff5afeb50917dc9f",12,1,11,23,0.0833333333333333,0.478260869565217
"confounded_sparse_n300_t01_r0009","confounded","sparse","paper_adjusted",300,1000,1.3,9,165262279,"HDMT",0.05,"ok",TRUE,0.0300000000000011,"ties should not be present for the one-sample Kolmogorov-Smirnov test","","cccac1a55c06e4d80bab68bb54799992",9,0,9,22,0,0.409090909090909
"confounded_sparse_n300_t01_r0009","confounded","sparse","paper_adjusted",300,1000,1.3,9,165262279,"MDACT",0.05,"ok",TRUE,0.019999999999996,"ties should not be present for the one-sample Kolmogorov-Smirnov test","","8c519942b70a90592133e35d11ecb3b1",9,0,9,22,0,0.409090909090909
"confounded_sparse_n300_t01_r0009","confounded","sparse","paper_adjusted",300,1000,1.3,9,165262279,"MLFDR",0.05,"ok",TRUE,1.04,"","","8241f09dbc7c7e62bd7abf802e5314fb",11,0,11,22,0,0.5
"binary_sparse_n300_t01_r0009","binary","sparse","paper_adjusted",300,1000,1.3,9,228224096,"HDMT",0.05,"ok",TRUE,0.0300000000000011,"","","6bfd8d9ed8397b8d4ded3f96cac5f40e",0,0,0,13,0,0
"binary_sparse_n300_t01_r0009","binary","sparse","paper_adjusted",300,1000,1.3,9,228224096,"MDACT",0.05,"ok",TRUE,0,"","","cfc8a72793b212a3163a6135a5c195dd",1,0,1,13,0,0.0769230769230769
"binary_sparse_n300_t01_r0009","binary","sparse","paper_adjusted",300,1000,1.3,9,228224096,"MLFDR",0.05,"ok",TRUE,0.619999999999997,"","","e95e53950dc18fb232ac38a7a344dfb9",8,0,8,13,0,0.615384615384615
"linear_dense_n300_t01_r0009","linear","dense","paper_adjusted",300,1000,1.3,9,60526811,"HDMT",0.05,"ok",TRUE,0.019999999999996,"ties should not be present for the one-sample Kolmogorov-Smirnov test","","a1102d550a9f16e68bd221958ef0e7a2",99,1,98,219,0.0101010101010101,0.447488584474886
"linear_dense_n300_t01_r0009","linear","dense","paper_adjusted",300,1000,1.3,9,60526811,"MDACT",0.05,"ok",TRUE,0,"ties should not be present for the one-sample Kolmogorov-Smirnov test","","bc41e9835768d5a81431184488ba5e9d",112,3,109,219,0.0267857142857143,0.497716894977169
"linear_dense_n300_t01_r0009","linear","dense","paper_adjusted",300,1000,1.3,9,60526811,"MLFDR",0.05,"ok",TRUE,0.600000000000001,"","","06f73067c9789766960aa6b86cdc8e6f",171,4,167,219,0.0233918128654971,0.762557077625571
"confounded_dense_n300_t01_r0009","confounded","dense","paper_adjusted",300,1000,1.3,9,77534457,"HDMT",0.05,"ok",TRUE,0.0300000000000011,"ties should not be present for the one-sample Kolmogorov-Smirnov test","","fd47c551c38ffc26c9ba6c4020df4685",93,4,89,211,0.043010752688172,0.421800947867299
"confounded_dense_n300_t01_r0009","confounded","dense","paper_adjusted",300,1000,1.3,9,77534457,"MDACT",0.05,"ok",TRUE,0.00999999999999801,"ties should not be present for the one-sample Kolmogorov-Smirnov test","","2add18c502ca40f0e10cf172a281300a",112,6,106,211,0.0535714285714286,0.502369668246445
"confounded_dense_n300_t01_r0009","confounded","dense","paper_adjusted",300,1000,1.3,9,77534457,"MLFDR",0.05,"ok",TRUE,0.559999999999995,"","","4a4536e9dc0a3ed5b61e3067d3ed49ec",170,14,156,211,0.0823529411764706,0.739336492890995
"binary_dense_n300_t01_r0009","binary","dense","paper_adjusted",300,1000,1.3,9,109985445,"HDMT",0.05,"ok",TRUE,0.0300000000000011,"","","cd34dbe7d47dae28433b169ea27c6fe2",89,3,86,211,0.0337078651685393,0.407582938388626
"binary_dense_n300_t01_r0009","binary","dense","paper_adjusted",300,1000,1.3,9,109985445,"MDACT",0.05,"ok",TRUE,0,"","","c2a238d1572379cbc762c042872a3c93",96,5,91,211,0.0520833333333333,0.431279620853081
"binary_dense_n300_t01_r0009","binary","dense","paper_adjusted",300,1000,1.3,9,109985445,"MLFDR",0.05,"ok",TRUE,0.399999999999999,"","","dbdc6b4b9b7d08350ba02aba6532ccf2",154,10,144,211,0.0649350649350649,0.682464454976303
"linear_sparse_n300_t02_r0009","linear","sparse","paper_adjusted",300,1000,1.5,9,145901807,"HDMT",0.05,"ok",TRUE,0.0399999999999991,"ties should not be present for the one-sample Kolmogorov-Smirnov test","","40eb83a08dd83617a5f9ff96e4451401",5,0,5,14,0,0.357142857142857
"linear_sparse_n300_t02_r0009","linear","sparse","paper_adjusted",300,1000,1.5,9,145901807,"MDACT",0.05,"ok",TRUE,0,"ties should not be present for the one-sample Kolmogorov-Smirnov test","","2cc9d8e7bb0459259185c8f9186e4df5",6,0,6,14,0,0.428571428571429
"linear_sparse_n300_t02_r0009","linear","sparse","paper_adjusted",300,1000,1.5,9,145901807,"MLFDR",0.05,"ok",TRUE,0.82,"","","7abba41dbff7c88294427d981a6956bd",7,0,7,14,0,0.5
"confounded_sparse_n300_t02_r0009","confounded","sparse","paper_adjusted",300,1000,1.5,9,90107356,"HDMT",0.05,"ok",TRUE,0.0200000000000031,"ties should not be present for the one-sample Kolmogorov-Smirnov test","","bd7beb74489cc940a6ab44df3bc660c9",12,1,11,22,0.0833333333333333,0.5
"confounded_sparse_n300_t02_r0009","confounded","sparse","paper_adjusted",300,1000,1.5,9,90107356,"MDACT",0.05,"ok",TRUE,0.0200000000000031,"ties should not be present for the one-sample Kolmogorov-Smirnov test","","47ac53b152d7de191648b342e489be25",17,3,14,22,0.176470588235294,0.636363636363636
"confounded_sparse_n300_t02_r0009","confounded","sparse","paper_adjusted",300,1000,1.5,9,90107356,"MLFDR",0.05,"ok",TRUE,0.609999999999999,"","","af3a586d650e1e8e5f1aff4be3af9c04",15,0,15,22,0,0.681818181818182
"binary_sparse_n300_t02_r0009","binary","sparse","paper_adjusted",300,1000,1.5,9,156240950,"HDMT",0.05,"ok",TRUE,0.0400000000000063,"","","4457953a11e3ceab228f4a16c5255bca",6,0,6,16,0,0.375
"binary_sparse_n300_t02_r0009","binary","sparse","paper_adjusted",300,1000,1.5,9,156240950,"MDACT",0.05,"ok",TRUE,0.019999999999996,"","","f9ad9fcd1f64dc3a29a9aa10e5672676",6,0,6,16,0,0.375
"binary_sparse_n300_t02_r0009","binary","sparse","paper_adjusted",300,1000,1.5,9,156240950,"MLFDR",0.05,"ok",TRUE,0.560000000000002,"","","03be6116e94c59c35b955db6a2311e52",8,0,8,16,0,0.5
"linear_dense_n300_t02_r0009","linear","dense","paper_adjusted",300,1000,1.5,9,172297180,"HDMT",0.05,"ok",TRUE,0.0300000000000011,"ties should not be present for the one-sample Kolmogorov-Smirnov test","","9e277562414b895937dafe8b55bc5fcd",123,4,119,196,0.032520325203252,0.607142857142857
"linear_dense_n300_t02_r0009","linear","dense","paper_adjusted",300,1000,1.5,9,172297180,"MDACT",0.05,"ok",TRUE,0.019999999999996,"ties should not be present for the one-sample Kolmogorov-Smirnov test","","368917dec46a3d5b9b93ea3f9290dae9",129,9,120,196,0.0697674418604651,0.612244897959184
"linear_dense_n300_t02_r0009","linear","dense","paper_adjusted",300,1000,1.5,9,172297180,"MLFDR",0.05,"ok",TRUE,0.280000000000001,"","","544bc144981310856054a73f39ebe905",162,6,156,196,0.037037037037037,0.795918367346939
"confounded_dense_n300_t02_r0009","confounded","dense","paper_adjusted",300,1000,1.5,9,120084552,"HDMT",0.05,"ok",TRUE,0.019999999999996,"ties should not be present for the one-sample Kolmogorov-Smirnov test","","a9f7cde57ca2887717028e3e0da52062",102,7,95,186,0.0686274509803922,0.510752688172043
"confounded_dense_n300_t02_r0009","confounded","dense","paper_adjusted",300,1000,1.5,9,120084552,"MDACT",0.05,"ok",TRUE,0,"ties should not be present for the one-sample Kolmogorov-Smirnov test","","84ac442a621728a1b49f65d7aaa8eaa7",112,7,105,186,0.0625,0.564516129032258
"confounded_dense_n300_t02_r0009","confounded","dense","paper_adjusted",300,1000,1.5,9,120084552,"MLFDR",0.05,"ok",TRUE,0.410000000000004,"","","e160b10431665c312e088929dbb3c86c",157,7,150,186,0.0445859872611465,0.806451612903226
"binary_dense_n300_t02_r0009","binary","dense","paper_adjusted",300,1000,1.5,9,142460817,"HDMT",0.05,"ok",TRUE,0.0400000000000063,"","","0dc5945834226382797fc6f97b8fd64c",117,3,114,198,0.0256410256410256,0.575757575757576
"binary_dense_n300_t02_r0009","binary","dense","paper_adjusted",300,1000,1.5,9,142460817,"MDACT",0.05,"ok",TRUE,0,"","","b5f00fc2cf09135704d56f9307564901",120,3,117,198,0.025,0.590909090909091
"binary_dense_n300_t02_r0009","binary","dense","paper_adjusted",300,1000,1.5,9,142460817,"MLFDR",0.05,"ok",TRUE,0.259999999999991,"","","29484766ea4e2879a83e92e32749b3bb",177,10,167,198,0.0564971751412429,0.843434343434343
"linear_sparse_n300_t03_r0009","linear","sparse","paper_adjusted",300,1000,1.9,9,155667381,"HDMT",0.05,"ok",TRUE,0.019999999999996,"ties should not be present for the one-sample Kolmogorov-Smirnov test","","3760909cc0951c98863dcaed74129abe",21,0,21,25,0,0.84
"linear_sparse_n300_t03_r0009","linear","sparse","paper_adjusted",300,1000,1.9,9,155667381,"MDACT",0.05,"ok",TRUE,0.019999999999996,"ties should not be present for the one-sample Kolmogorov-Smirnov test","","099f3d7cad2c2bec6289ef40bb9e7307",21,0,21,25,0,0.84
"linear_sparse_n300_t03_r0009","linear","sparse","paper_adjusted",300,1000,1.9,9,155667381,"MLFDR",0.05,"ok",TRUE,0.169999999999987,"","","5a04455c2d8f19a20bd82d7292d7147e",25,1,24,25,0.04,0.96
"confounded_sparse_n300_t03_r0009","confounded","sparse","paper_adjusted",300,1000,1.9,9,19511273,"HDMT",0.05,"ok",TRUE,0.00999999999999091,"ties should not be present for the one-sample Kolmogorov-Smirnov test","","9bd539f519be83a5e63e5f88839a128d",15,2,13,18,0.133333333333333,0.722222222222222
"confounded_sparse_n300_t03_r0009","confounded","sparse","paper_adjusted",300,1000,1.9,9,19511273,"MDACT",0.05,"ok",TRUE,0.019999999999996,"ties should not be present for the one-sample Kolmogorov-Smirnov test","","779d86fc70826f44d8423df76dce1b2c",20,4,16,18,0.2,0.888888888888889
"confounded_sparse_n300_t03_r0009","confounded","sparse","paper_adjusted",300,1000,1.9,9,19511273,"MLFDR",0.05,"ok",TRUE,0.0899999999999892,"","","792700d61487ac0898ca9663094a0499",16,0,16,18,0,0.888888888888889
"binary_sparse_n300_t03_r0009","binary","sparse","paper_adjusted",300,1000,1.9,9,37604745,"HDMT",0.05,"ok",TRUE,0.0300000000000011,"","","489053d81802a0de14cc3e6637ebfd76",18,1,17,23,0.0555555555555556,0.739130434782609
"binary_sparse_n300_t03_r0009","binary","sparse","paper_adjusted",300,1000,1.9,9,37604745,"MDACT",0.05,"ok",TRUE,0.0100000000000051,"","","dafbce22ef151cb35129b2ae9be36494",18,1,17,23,0.0555555555555556,0.739130434782609
"binary_sparse_n300_t03_r0009","binary","sparse","paper_adjusted",300,1000,1.9,9,37604745,"MLFDR",0.05,"ok",TRUE,0.200000000000003,"","","a53177527f568d8c37d55e0c1049bf37",21,0,21,23,0,0.91304347826087
"linear_dense_n300_t03_r0009","linear","dense","paper_adjusted",300,1000,1.9,9,17803050,"HDMT",0.05,"ok",TRUE,0.0400000000000063,"ties should not be present for the one-sample Kolmogorov-Smirnov test","","ac4bb3684384ee0d7ca5165591b1c7bf",146,8,138,189,0.0547945205479452,0.73015873015873
"linear_dense_n300_t03_r0009","linear","dense","paper_adjusted",300,1000,1.9,9,17803050,"MDACT",0.05,"ok",TRUE,0.0100000000000051,"ties should not be present for the one-sample Kolmogorov-Smirnov test","","85afa14ca588a5b7966afd7faa4cb45b",155,10,145,189,0.0645161290322581,0.767195767195767
"linear_dense_n300_t03_r0009","linear","dense","paper_adjusted",300,1000,1.9,9,17803050,"MLFDR",0.05,"ok",TRUE,0.219999999999999,"","","a963627f37344cda0055185c71c13d33",184,14,170,189,0.0760869565217391,0.899470899470899
"confounded_dense_n300_t03_r0009","confounded","dense","paper_adjusted",300,1000,1.9,9,50826736,"HDMT",0.05,"ok",TRUE,0.0300000000000011,"ties should not be present for the one-sample Kolmogorov-Smirnov test","","49bf28dd8bc83df805fcce4a843955b2",161,2,159,187,0.0124223602484472,0.850267379679144
"confounded_dense_n300_t03_r0009","confounded","dense","paper_adjusted",300,1000,1.9,9,50826736,"MDACT",0.05,"ok",TRUE,0.0200000000000102,"ties should not be present for the one-sample Kolmogorov-Smirnov test","","1849714aae9ed8fe1d583c226c058866",163,4,159,187,0.0245398773006135,0.850267379679144
"confounded_dense_n300_t03_r0009","confounded","dense","paper_adjusted",300,1000,1.9,9,50826736,"MLFDR",0.05,"ok",TRUE,0.199999999999989,"","","21c3b943212cebe6c9c06618a989e5b1",193,11,182,187,0.0569948186528497,0.973262032085562
"binary_dense_n300_t03_r0009","binary","dense","paper_adjusted",300,1000,1.9,9,209670366,"HDMT",0.05,"ok",TRUE,0.0300000000000011,"","","70746feb9f0139d750d0502fa07009a0",162,7,155,192,0.0432098765432099,0.807291666666667
"binary_dense_n300_t03_r0009","binary","dense","paper_adjusted",300,1000,1.9,9,209670366,"MDACT",0.05,"ok",TRUE,0.0100000000000051,"","","4a500a931f5283c3f7ec1d1eb9aa2000",159,6,153,192,0.0377358490566038,0.796875
"binary_dense_n300_t03_r0009","binary","dense","paper_adjusted",300,1000,1.9,9,209670366,"MLFDR",0.05,"ok",TRUE,0.149999999999991,"","","6ec054fbf4d11d0178d47d8b6660ee4e",192,10,182,192,0.0520833333333333,0.947916666666667
"linear_sparse_n300_t01_r0010","linear","sparse","paper_adjusted",300,1000,1.3,10,140886206,"HDMT",0.05,"ok",TRUE,0.0300000000000011,"ties should not be present for the one-sample Kolmogorov-Smirnov test","","11bec28940f345a14d4e3334e98952db",4,1,3,24,0.25,0.125
"linear_sparse_n300_t01_r0010","linear","sparse","paper_adjusted",300,1000,1.3,10,140886206,"MDACT",0.05,"ok",TRUE,0.0100000000000051,"ties should not be present for the one-sample Kolmogorov-Smirnov test","","111811dab44ea020764b6faffd6b8e99",4,1,3,24,0.25,0.125
"linear_sparse_n300_t01_r0010","linear","sparse","paper_adjusted",300,1000,1.3,10,140886206,"MLFDR",0.05,"ok",TRUE,0.609999999999999,"","","d2e7840b5f3c2632920ed42e84534db4",5,0,5,24,0,0.208333333333333
"confounded_sparse_n300_t01_r0010","confounded","sparse","paper_adjusted",300,1000,1.3,10,266927061,"HDMT",0.05,"ok",TRUE,0.019999999999996,"ties should not be present for the one-sample Kolmogorov-Smirnov test","","a1146931be616a06259311a5604f5abc",3,1,2,23,0.333333333333333,0.0869565217391304
"confounded_sparse_n300_t01_r0010","confounded","sparse","paper_adjusted",300,1000,1.3,10,266927061,"MDACT",0.05,"ok",TRUE,0,"ties should not be present for the one-sample Kolmogorov-Smirnov test","","8623de099432dcf8dfb3d8fc0d962b05",4,1,3,23,0.25,0.130434782608696
"confounded_sparse_n300_t01_r0010","confounded","sparse","paper_adjusted",300,1000,1.3,10,266927061,"MLFDR",0.05,"ok",TRUE,0.430000000000007,"","","7811a10fb40134cf71e7b811e568cdab",4,0,4,23,0,0.173913043478261
"binary_sparse_n300_t01_r0010","binary","sparse","paper_adjusted",300,1000,1.3,10,219416018,"HDMT",0.05,"ok",TRUE,0.019999999999996,"","","536717cca05336b46a9caea835e768cf",14,0,14,25,0,0.56
"binary_sparse_n300_t01_r0010","binary","sparse","paper_adjusted",300,1000,1.3,10,219416018,"MDACT",0.05,"ok",TRUE,0,"","","ab4d2c9a389a7fdb247a1435a77caf5b",14,0,14,25,0,0.56
"binary_sparse_n300_t01_r0010","binary","sparse","paper_adjusted",300,1000,1.3,10,219416018,"MLFDR",0.05,"ok",TRUE,0.170000000000002,"","","08a1d29fce37b04e6928dacd30cac24d",20,1,19,25,0.05,0.76
"linear_dense_n300_t01_r0010","linear","dense","paper_adjusted",300,1000,1.3,10,107804595,"HDMT",0.05,"ok",TRUE,0.0299999999999869,"ties should not be present for the one-sample Kolmogorov-Smirnov test","","474eea87334f7ae734b026421b68bfcf",160,6,154,232,0.0375,0.663793103448276
"linear_dense_n300_t01_r0010","linear","dense","paper_adjusted",300,1000,1.3,10,107804595,"MDACT",0.05,"ok",TRUE,0,"ties should not be present for the one-sample Kolmogorov-Smirnov test","","273c7883580a7e8bba80a8cac434a0e9",163,6,157,232,0.0368098159509202,0.676724137931034
"linear_dense_n300_t01_r0010","linear","dense","paper_adjusted",300,1000,1.3,10,107804595,"MLFDR",0.05,"ok",TRUE,0.390000000000001,"","","1f4d4748b1603d86805459fb0946b013",212,10,202,232,0.0471698113207547,0.870689655172414
"confounded_dense_n300_t01_r0010","confounded","dense","paper_adjusted",300,1000,1.3,10,237537235,"HDMT",0.05,"ok",TRUE,0.0300000000000011,"ties should not be present for the one-sample Kolmogorov-Smirnov test","","1a16365f211da5c0b16108b13f766455",46,0,46,210,0,0.219047619047619
"confounded_dense_n300_t01_r0010","confounded","dense","paper_adjusted",300,1000,1.3,10,237537235,"MDACT",0.05,"ok",TRUE,0,"ties should not be present for the one-sample Kolmogorov-Smirnov test","","fa153a275ac09e1dc21061d59faa6e44",66,1,65,210,0.0151515151515152,0.30952380952381
"confounded_dense_n300_t01_r0010","confounded","dense","paper_adjusted",300,1000,1.3,10,237537235,"MLFDR",0.05,"ok",TRUE,0.320000000000007,"","","f71ffb8e8e998f32285295081fb45055",121,3,118,210,0.0247933884297521,0.561904761904762
"binary_dense_n300_t01_r0010","binary","dense","paper_adjusted",300,1000,1.3,10,236151310,"HDMT",0.05,"ok",TRUE,0.019999999999996,"","","89b3c9cc0461432c3293acb695230f6c",70,2,68,205,0.0285714285714286,0.331707317073171
"binary_dense_n300_t01_r0010","binary","dense","paper_adjusted",300,1000,1.3,10,236151310,"MDACT",0.05,"ok",TRUE,0,"","","a62c0cc32743a0be20e08fa3c4578c46",82,2,80,205,0.024390243902439,0.390243902439024
"binary_dense_n300_t01_r0010","binary","dense","paper_adjusted",300,1000,1.3,10,236151310,"MLFDR",0.05,"ok",TRUE,0.36999999999999,"","","b4d98fbfb478064640e5bdb610b723ca",140,5,135,205,0.0357142857142857,0.658536585365854
"linear_sparse_n300_t02_r0010","linear","sparse","paper_adjusted",300,1000,1.5,10,176942814,"HDMT",0.05,"ok",TRUE,0.0200000000000102,"ties should not be present for the one-sample Kolmogorov-Smirnov test","","fbd48a197f9738fb6497c94a7076c8e8",7,1,6,16,0.142857142857143,0.375
"linear_sparse_n300_t02_r0010","linear","sparse","paper_adjusted",300,1000,1.5,10,176942814,"MDACT",0.05,"ok",TRUE,0,"ties should not be present for the one-sample Kolmogorov-Smirnov test","","5d70c41af42d79bbdfe94e8573d71809",9,1,8,16,0.111111111111111,0.5
"linear_sparse_n300_t02_r0010","linear","sparse","paper_adjusted",300,1000,1.5,10,176942814,"MLFDR",0.05,"ok",TRUE,0.219999999999999,"","","245a120ad9bbf836696f5bdc8bac987e",14,1,13,16,0.0714285714285714,0.8125
"confounded_sparse_n300_t02_r0010","confounded","sparse","paper_adjusted",300,1000,1.5,10,82975549,"HDMT",0.05,"ok",TRUE,0.0200000000000102,"ties should not be present for the one-sample Kolmogorov-Smirnov test","","d5f40367767b79020b0af256431562cf",11,0,11,20,0,0.55
"confounded_sparse_n300_t02_r0010","confounded","sparse","paper_adjusted",300,1000,1.5,10,82975549,"MDACT",0.05,"ok",TRUE,0.0100000000000051,"ties should not be present for the one-sample Kolmogorov-Smirnov test","","a71c761a418eb881a9f509b1a61c0669",12,1,11,20,0.0833333333333333,0.55
"confounded_sparse_n300_t02_r0010","confounded","sparse","paper_adjusted",300,1000,1.5,10,82975549,"MLFDR",0.05,"ok",TRUE,0.409999999999997,"","","8e6b4f6affcca8d1f838e76668fb8cee",13,0,13,20,0,0.65
"binary_sparse_n300_t02_r0010","binary","sparse","paper_adjusted",300,1000,1.5,10,250882807,"HDMT",0.05,"ok",TRUE,0.0300000000000011,"","","f59e31c9a8a28e8e9d31be3c313fb7d2",3,0,3,22,0,0.136363636363636
"binary_sparse_n300_t02_r0010","binary","sparse","paper_adjusted",300,1000,1.5,10,250882807,"MDACT",0.05,"ok",TRUE,0.0100000000000051,"","","f7e835f9d94b3685e963b5a255fc2147",7,1,6,22,0.142857142857143,0.272727272727273
"binary_sparse_n300_t02_r0010","binary","sparse","paper_adjusted",300,1000,1.5,10,250882807,"MLFDR",0.05,"ok",TRUE,0.320000000000007,"","","98c2b66212719dae22876a29d3416afc",11,1,10,22,0.0909090909090909,0.454545454545455
"linear_dense_n300_t02_r0010","linear","dense","paper_adjusted",300,1000,1.5,10,32823322,"HDMT",0.05,"ok",TRUE,0.0300000000000011,"ties should not be present for the one-sample Kolmogorov-Smirnov test","","bc81a4c86f221f804ee9b213528737b2",81,0,81,207,0,0.391304347826087
"linear_dense_n300_t02_r0010","linear","dense","paper_adjusted",300,1000,1.5,10,32823322,"MDACT",0.05,"ok",TRUE,0.00999999999999091,"ties should not be present for the one-sample Kolmogorov-Smirnov test","","243f8aa71da671435858141bb18db128",103,2,101,207,0.0194174757281553,0.48792270531401
"linear_dense_n300_t02_r0010","linear","dense","paper_adjusted",300,1000,1.5,10,32823322,"MLFDR",0.05,"ok",TRUE,0.719999999999999,"","","a7e5c5cfb3138c5e8843744668767d4c",159,7,152,207,0.0440251572327044,0.734299516908213
"confounded_dense_n300_t02_r0010","confounded","dense","paper_adjusted",300,1000,1.5,10,4822906,"HDMT",0.05,"ok",TRUE,0.0300000000000011,"ties should not be present for the one-sample Kolmogorov-Smirnov test","","652153a93f21f084600f69af8f0db85d",104,2,102,205,0.0192307692307692,0.497560975609756
"confounded_dense_n300_t02_r0010","confounded","dense","paper_adjusted",300,1000,1.5,10,4822906,"MDACT",0.05,"ok",TRUE,0.00999999999999091,"ties should not be present for the one-sample Kolmogorov-Smirnov test","","782967b38f888de48a8f1b17a48296af",122,4,118,205,0.0327868852459016,0.575609756097561
"confounded_dense_n300_t02_r0010","confounded","dense","paper_adjusted",300,1000,1.5,10,4822906,"MLFDR",0.05,"ok",TRUE,0.260000000000005,"","","f3cbbb1c8e237770642ad4ff914014be",175,10,165,205,0.0571428571428571,0.804878048780488
"binary_dense_n300_t02_r0010","binary","dense","paper_adjusted",300,1000,1.5,10,212239450,"HDMT",0.05,"ok",TRUE,0.0300000000000011,"","","78b4ce5072f36619db4c976d3cc1faa0",109,5,104,217,0.0458715596330275,0.47926267281106
"binary_dense_n300_t02_r0010","binary","dense","paper_adjusted",300,1000,1.5,10,212239450,"MDACT",0.05,"ok",TRUE,0.0200000000000102,"","","eef875a8c4eaf03d06bea8d90a842e1f",118,6,112,217,0.0508474576271186,0.516129032258065
"binary_dense_n300_t02_r0010","binary","dense","paper_adjusted",300,1000,1.5,10,212239450,"MLFDR",0.05,"ok",TRUE,0.190000000000012,"","","7edc216fe25596b7f28bc7992be4f7c7",171,7,164,217,0.0409356725146199,0.755760368663594
"linear_sparse_n300_t03_r0010","linear","sparse","paper_adjusted",300,1000,1.9,10,98830660,"HDMT",0.05,"ok",TRUE,0.0300000000000011,"ties should not be present for the one-sample Kolmogorov-Smirnov test","","ebd15a8d321dbd1c7e949041c9c1eb8f",13,0,13,19,0,0.684210526315789
"linear_sparse_n300_t03_r0010","linear","sparse","paper_adjusted",300,1000,1.9,10,98830660,"MDACT",0.05,"ok",TRUE,0.0100000000000051,"ties should not be present for the one-sample Kolmogorov-Smirnov test","","deeef24e6a771c10af980eef0be2ad66",11,0,11,19,0,0.578947368421053
"linear_sparse_n300_t03_r0010","linear","sparse","paper_adjusted",300,1000,1.9,10,98830660,"MLFDR",0.05,"ok",TRUE,0.100000000000009,"","","94bd8d7ed33efb2bbdb04575c235beff",16,1,15,19,0.0625,0.789473684210526
"confounded_sparse_n300_t03_r0010","confounded","sparse","paper_adjusted",300,1000,1.9,10,164746765,"HDMT",0.05,"ok",TRUE,0.0300000000000011,"ties should not be present for the one-sample Kolmogorov-Smirnov test","","7082d0cffc8070ff8fe89a242fcf5d9a",18,0,18,26,0,0.692307692307692
"confounded_sparse_n300_t03_r0010","confounded","sparse","paper_adjusted",300,1000,1.9,10,164746765,"MDACT",0.05,"ok",TRUE,0,"ties should not be present for the one-sample Kolmogorov-Smirnov test","","115030c0392fbe280d41188647b8e99a",19,0,19,26,0,0.730769230769231
"confounded_sparse_n300_t03_r0010","confounded","sparse","paper_adjusted",300,1000,1.9,10,164746765,"MLFDR",0.05,"ok",TRUE,0.140000000000001,"","","b85c872e370033dd8e1b4f45882bf7ff",26,1,25,26,0.0384615384615385,0.961538461538462
"binary_sparse_n300_t03_r0010","binary","sparse","paper_adjusted",300,1000,1.9,10,241255075,"HDMT",0.05,"ok",TRUE,0.0300000000000011,"","","060503c0fc37f183cf054422162c5a45",10,1,9,17,0.1,0.529411764705882
"binary_sparse_n300_t03_r0010","binary","sparse","paper_adjusted",300,1000,1.9,10,241255075,"MDACT",0.05,"ok",TRUE,0,"","","9d942e4ac675f3b540bcd55cb6c5ba8b",10,1,9,17,0.1,0.529411764705882
"binary_sparse_n300_t03_r0010","binary","sparse","paper_adjusted",300,1000,1.9,10,241255075,"MLFDR",0.05,"ok",TRUE,0.680000000000007,"","","47c529c15c16fad6b00535c64b87658d",14,1,13,17,0.0714285714285714,0.764705882352941
"linear_dense_n300_t03_r0010","linear","dense","paper_adjusted",300,1000,1.9,10,88402562,"HDMT",0.05,"ok",TRUE,0.0300000000000011,"ties should not be present for the one-sample Kolmogorov-Smirnov test","","eebc76759d394f27cbb4fcd8b23309e0",141,3,138,186,0.0212765957446809,0.741935483870968
"linear_dense_n300_t03_r0010","linear","dense","paper_adjusted",300,1000,1.9,10,88402562,"MDACT",0.05,"ok",TRUE,0,"ties should not be present for the one-sample Kolmogorov-Smirnov test","","2dc671042fd320a7b8b236c8a336d42f",143,4,139,186,0.027972027972028,0.747311827956989
"linear_dense_n300_t03_r0010","linear","dense","paper_adjusted",300,1000,1.9,10,88402562,"MLFDR",0.05,"ok",TRUE,0.299999999999997,"","","4466638aff80e4d818655a6ee105c159",181,9,172,186,0.0497237569060773,0.924731182795699
"confounded_dense_n300_t03_r0010","confounded","dense","paper_adjusted",300,1000,1.9,10,247456714,"HDMT",0.05,"ok",TRUE,0.0900000000000034,"ties should not be present for the one-sample Kolmogorov-Smirnov test","","e9d79bf4825ecd52666b9fc36130f785",180,10,170,196,0.0555555555555556,0.86734693877551
"confounded_dense_n300_t03_r0010","confounded","dense","paper_adjusted",300,1000,1.9,10,247456714,"MDACT",0.05,"ok",TRUE,0,"ties should not be present for the one-sample Kolmogorov-Smirnov test","","5d7642394eb7b460ae4580cfc09fdcea",182,10,172,196,0.0549450549450549,0.877551020408163
"confounded_dense_n300_t03_r0010","confounded","dense","paper_adjusted",300,1000,1.9,10,247456714,"MLFDR",0.05,"ok",TRUE,0.25,"","","d6dd000f93d5fa9782c45343fa416722",196,9,187,196,0.0459183673469388,0.954081632653061
"binary_dense_n300_t03_r0010","binary","dense","paper_adjusted",300,1000,1.9,10,187884150,"HDMT",0.05,"ok",TRUE,0.00999999999999091,"","","570d405decb48ff6c29252a72ff6f1bc",153,8,145,187,0.0522875816993464,0.775401069518717
"binary_dense_n300_t03_r0010","binary","dense","paper_adjusted",300,1000,1.9,10,187884150,"MDACT",0.05,"ok",TRUE,0,"","","3a3f1b4544cc02fb57b10cbe7bb9983e",153,8,145,187,0.0522875816993464,0.775401069518717
"binary_dense_n300_t03_r0010","binary","dense","paper_adjusted",300,1000,1.9,10,187884150,"MLFDR",0.05,"ok",TRUE,0.140000000000001,"","","a2385644ad0b4fbfdaf375fcd2a5526e",182,8,174,187,0.043956043956044,0.93048128342246
"linear_sparse_n300_t01_r0011","linear","sparse","paper_adjusted",300,1000,1.3,11,36126080,"HDMT",0.05,"ok",TRUE,0.00999999999999091,"ties should not be present for the one-sample Kolmogorov-Smirnov test","","a8cb498b2842475b86293c5876534dca",2,0,2,18,0,0.111111111111111
"linear_sparse_n300_t01_r0011","linear","sparse","paper_adjusted",300,1000,1.3,11,36126080,"MDACT",0.05,"ok",TRUE,0,"ties should not be present for the one-sample Kolmogorov-Smirnov test","","ed9de1364c40508cef2b82b4eded38f2",2,0,2,18,0,0.111111111111111
"linear_sparse_n300_t01_r0011","linear","sparse","paper_adjusted",300,1000,1.3,11,36126080,"MLFDR",0.05,"ok",TRUE,0.469999999999999,"","","57a4bba8b4bcd51b541abebbcd91b33b",9,0,9,18,0,0.5
"confounded_sparse_n300_t01_r0011","confounded","sparse","paper_adjusted",300,1000,1.3,11,50125100,"HDMT",0.05,"ok",TRUE,0.0300000000000011,"ties should not be present for the one-sample Kolmogorov-Smirnov test","","4de11faadd8638bee96f934a1454cb2f",1,0,1,10,0,0.1
"confounded_sparse_n300_t01_r0011","confounded","sparse","paper_adjusted",300,1000,1.3,11,50125100,"MDACT",0.05,"ok",TRUE,0,"ties should not be present for the one-sample Kolmogorov-Smirnov test","","04dfbd4d079d6f6b6e5f697cfb780344",1,0,1,10,0,0.1
"confounded_sparse_n300_t01_r0011","confounded","sparse","paper_adjusted",300,1000,1.3,11,50125100,"MLFDR",0.05,"ok",TRUE,0.699999999999989,"","","e98c05f8f6d55c9e7353f62efae460af",1,0,1,10,0,0.1
"binary_sparse_n300_t01_r0011","binary","sparse","paper_adjusted",300,1000,1.3,11,192646908,"HDMT",0.05,"ok",TRUE,0.0400000000000063,"","","8af50ca40eade95c714692283addf122",4,0,4,21,0,0.19047619047619
"binary_sparse_n300_t01_r0011","binary","sparse","paper_adjusted",300,1000,1.3,11,192646908,"MDACT",0.05,"ok",TRUE,0.019999999999996,"","","fe1090e1572b7c880877092c0b74a81d",6,0,6,21,0,0.285714285714286
"binary_sparse_n300_t01_r0011","binary","sparse","paper_adjusted",300,1000,1.3,11,192646908,"MLFDR",0.05,"ok",TRUE,0.870000000000005,"","","24dec52357856ada58bea1272f04a282",12,1,11,21,0.0833333333333333,0.523809523809524
"linear_dense_n300_t01_r0011","linear","dense","paper_adjusted",300,1000,1.3,11,86093870,"HDMT",0.05,"ok",TRUE,0.00999999999999091,"ties should not be present for the one-sample Kolmogorov-Smirnov test","","e30ba66fd60c558b59e102dff63dca59",93,5,88,207,0.0537634408602151,0.42512077294686
"linear_dense_n300_t01_r0011","linear","dense","paper_adjusted",300,1000,1.3,11,86093870,"MDACT",0.05,"ok",TRUE,0,"ties should not be present for the one-sample Kolmogorov-Smirnov test","","01e8c2676ee372131660dec8bc322f8f",100,5,95,207,0.05,0.458937198067633
"linear_dense_n300_t01_r0011","linear","dense","paper_adjusted",300,1000,1.3,11,86093870,"MLFDR",0.05,"ok",TRUE,0.289999999999992,"","","caf901be669b3e7d22d8ebb56eb7c678",157,9,148,207,0.0573248407643312,0.714975845410628
"confounded_dense_n300_t01_r0011","confounded","dense","paper_adjusted",300,1000,1.3,11,163927055,"HDMT",0.05,"ok",TRUE,0.0300000000000011,"ties should not be present for the one-sample Kolmogorov-Smirnov test","","45804af7238ff63c2655b466f772963b",88,3,85,204,0.0340909090909091,0.416666666666667
"confounded_dense_n300_t01_r0011","confounded","dense","paper_adjusted",300,1000,1.3,11,163927055,"MDACT",0.05,"ok",TRUE,0,"ties should not be present for the one-sample Kolmogorov-Smirnov test","","1a0eddfc78f79fe77c0c4806527c0220",97,4,93,204,0.0412371134020619,0.455882352941176
"confounded_dense_n300_t01_r0011","confounded","dense","paper_adjusted",300,1000,1.3,11,163927055,"MLFDR",0.05,"ok",TRUE,0.359999999999999,"","","2fe88ec455de9a70753032c785811698",150,8,142,204,0.0533333333333333,0.696078431372549
"binary_dense_n300_t01_r0011","binary","dense","paper_adjusted",300,1000,1.3,11,30923975,"HDMT",0.05,"ok",TRUE,0.0300000000000011,"","","e31b34a7b13b60610951814979a8a150",65,1,64,188,0.0153846153846154,0.340425531914894
"binary_dense_n300_t01_r0011","binary","dense","paper_adjusted",300,1000,1.3,11,30923975,"MDACT",0.05,"ok",TRUE,0.0100000000000051,"","","7eb52c37386796e70a62e403b688b716",87,4,83,188,0.0459770114942529,0.441489361702128
"binary_dense_n300_t01_r0011","binary","dense","paper_adjusted",300,1000,1.3,11,30923975,"MLFDR",0.05,"ok",TRUE,0.469999999999999,"","","a95ddbc00e694b722535e90385199b2f",111,6,105,188,0.0540540540540541,0.558510638297872
"linear_sparse_n300_t02_r0011","linear","sparse","paper_adjusted",300,1000,1.5,11,222763503,"HDMT",0.05,"ok",TRUE,0.0300000000000011,"ties should not be present for the one-sample Kolmogorov-Smirnov test","","9123021aa000bfa161293b2d65e7dda6",8,1,7,24,0.125,0.291666666666667
"linear_sparse_n300_t02_r0011","linear","sparse","paper_adjusted",300,1000,1.5,11,222763503,"MDACT",0.05,"ok",TRUE,0.019999999999996,"ties should not be present for the one-sample Kolmogorov-Smirnov test","","9d4b21fd5324f0d33ce1bd867d00432f",12,1,11,24,0.0833333333333333,0.458333333333333
"linear_sparse_n300_t02_r0011","linear","sparse","paper_adjusted",300,1000,1.5,11,222763503,"MLFDR",0.05,"ok",TRUE,0.469999999999999,"","","50219ad3d65b962b4a5742729dbc8843",15,0,15,24,0,0.625
"confounded_sparse_n300_t02_r0011","confounded","sparse","paper_adjusted",300,1000,1.5,11,39676855,"HDMT",0.05,"ok",TRUE,0.0499999999999972,"ties should not be present for the one-sample Kolmogorov-Smirnov test","","030e1a60825a1c5adf45dbe17b071cf3",6,1,5,13,0.166666666666667,0.384615384615385
"confounded_sparse_n300_t02_r0011","confounded","sparse","paper_adjusted",300,1000,1.5,11,39676855,"MDACT",0.05,"ok",TRUE,0.019999999999996,"ties should not be present for the one-sample Kolmogorov-Smirnov test","","2679478aedc906d95e81115a4a4ca9a4",4,0,4,13,0,0.307692307692308
"confounded_sparse_n300_t02_r0011","confounded","sparse","paper_adjusted",300,1000,1.5,11,39676855,"MLFDR",0.05,"ok",TRUE,0.239999999999995,"","","93e235637e2153b5ff3e25bbde680c7b",6,1,5,13,0.166666666666667,0.384615384615385
"binary_sparse_n300_t02_r0011","binary","sparse","paper_adjusted",300,1000,1.5,11,138412866,"HDMT",0.05,"ok",TRUE,0.0300000000000011,"","","5b4b67f1340ef9d606a77ac9d204abc1",5,0,5,20,0,0.25
"binary_sparse_n300_t02_r0011","binary","sparse","paper_adjusted",300,1000,1.5,11,138412866,"MDACT",0.05,"ok",TRUE,0.0100000000000051,"","","a929343afbbc27e1d362809a5034f2a6",6,0,6,20,0,0.3
"binary_sparse_n300_t02_r0011","binary","sparse","paper_adjusted",300,1000,1.5,11,138412866,"MLFDR",0.05,"ok",TRUE,0.219999999999999,"","","92169e1e1849c8354569f272cd6911d6",12,0,12,20,0,0.6
"linear_dense_n300_t02_r0011","linear","dense","paper_adjusted",300,1000,1.5,11,234090260,"HDMT",0.05,"ok",TRUE,0.019999999999996,"ties should not be present for the one-sample Kolmogorov-Smirnov test","","b6ba53bec0037929da4f5797422de45f",135,3,132,208,0.0222222222222222,0.634615384615385
"linear_dense_n300_t02_r0011","linear","dense","paper_adjusted",300,1000,1.5,11,234090260,"MDACT",0.05,"ok",TRUE,0,"ties should not be present for the one-sample Kolmogorov-Smirnov test","","2e4a746c19f7bfae3c39696b38aafa7b",146,5,141,208,0.0342465753424658,0.677884615384615
"linear_dense_n300_t02_r0011","linear","dense","paper_adjusted",300,1000,1.5,11,234090260,"MLFDR",0.05,"ok",TRUE,0.200000000000003,"","","09a09fbf959e02cc2420fbef235c5c44",196,9,187,208,0.0459183673469388,0.899038461538462
"confounded_dense_n300_t02_r0011","confounded","dense","paper_adjusted",300,1000,1.5,11,123577974,"HDMT",0.05,"ok",TRUE,0.0400000000000063,"ties should not be present for the one-sample Kolmogorov-Smirnov test","","95e7ae69c987aee65a44bc61181e164e",107,5,102,194,0.0467289719626168,0.525773195876289
"confounded_dense_n300_t02_r0011","confounded","dense","paper_adjusted",300,1000,1.5,11,123577974,"MDACT",0.05,"ok",TRUE,0.019999999999996,"ties should not be present for the one-sample Kolmogorov-Smirnov test","","f3a9262d6c6db0ff3b6020acf75720e2",118,7,111,194,0.0593220338983051,0.572164948453608
"confounded_dense_n300_t02_r0011","confounded","dense","paper_adjusted",300,1000,1.5,11,123577974,"MLFDR",0.05,"ok",TRUE,0.25,"","","96fb8e8d2874b8499d3eb7e27bc4cc32",164,13,151,194,0.0792682926829268,0.778350515463918
"binary_dense_n300_t02_r0011","binary","dense","paper_adjusted",300,1000,1.5,11,78663835,"HDMT",0.05,"ok",TRUE,0.0300000000000011,"","","e5b34ed0ff7765bc05c3027cafe95b7a",142,8,134,197,0.0563380281690141,0.680203045685279
"binary_dense_n300_t02_r0011","binary","dense","paper_adjusted",300,1000,1.5,11,78663835,"MDACT",0.05,"ok",TRUE,0.019999999999996,"","","cb20e07ac2573c15c0e66960b52e5c97",143,7,136,197,0.048951048951049,0.690355329949239
"binary_dense_n300_t02_r0011","binary","dense","paper_adjusted",300,1000,1.5,11,78663835,"MLFDR",0.05,"ok",TRUE,0.220000000000013,"","","260930c93a916aecc97eca0731c930a8",182,11,171,197,0.0604395604395604,0.868020304568528
"linear_sparse_n300_t03_r0011","linear","sparse","paper_adjusted",300,1000,1.9,11,215808894,"HDMT",0.05,"ok",TRUE,0.0300000000000011,"ties should not be present for the one-sample Kolmogorov-Smirnov test","","504f17d0d7d89ec64d5c000b1285f034",16,0,16,22,0,0.727272727272727
"linear_sparse_n300_t03_r0011","linear","sparse","paper_adjusted",300,1000,1.9,11,215808894,"MDACT",0.05,"ok",TRUE,0.0200000000000102,"ties should not be present for the one-sample Kolmogorov-Smirnov test","","090bfaafdff2dc13a63964dc48591736",16,0,16,22,0,0.727272727272727
"linear_sparse_n300_t03_r0011","linear","sparse","paper_adjusted",300,1000,1.9,11,215808894,"MLFDR",0.05,"ok",TRUE,0.170000000000002,"","","eec137bdc71e2e3aed9a24bbd2b24987",19,1,18,22,0.0526315789473684,0.818181818181818
"confounded_sparse_n300_t03_r0011","confounded","sparse","paper_adjusted",300,1000,1.9,11,110117734,"HDMT",0.05,"ok",TRUE,0.0300000000000011,"ties should not be present for the one-sample Kolmogorov-Smirnov test","","bddeecae7b789dee91393c7ee86b1d0b",7,0,7,24,0,0.291666666666667
"confounded_sparse_n300_t03_r0011","confounded","sparse","paper_adjusted",300,1000,1.9,11,110117734,"MDACT",0.05,"ok",TRUE,0,"ties should not be present for the one-sample Kolmogorov-Smirnov test","","ae123e03b99315fba878b9428428e5b8",9,0,9,24,0,0.375
"confounded_sparse_n300_t03_r0011","confounded","sparse","paper_adjusted",300,1000,1.9,11,110117734,"MLFDR",0.05,"ok",TRUE,0.75,"","","f8759df256927dbaf4aee8aa20be391d",17,2,15,24,0.117647058823529,0.625
"binary_sparse_n300_t03_r0011","binary","sparse","paper_adjusted",300,1000,1.9,11,61079019,"HDMT",0.05,"ok",TRUE,0.019999999999996,"","","45ba20a62c00585ebca1f24eab7d0d96",11,0,11,19,0,0.578947368421053
"binary_sparse_n300_t03_r0011","binary","sparse","paper_adjusted",300,1000,1.9,11,61079019,"MDACT",0.05,"ok",TRUE,0.019999999999996,"","","d8b356fb29fb7c32819db08815bbef5d",12,0,12,19,0,0.631578947368421
"binary_sparse_n300_t03_r0011","binary","sparse","paper_adjusted",300,1000,1.9,11,61079019,"MLFDR",0.05,"ok",TRUE,0.180000000000007,"","","13c8a8dfa174247501a68ce0302c4bad",16,0,16,19,0,0.842105263157895
"linear_dense_n300_t03_r0011","linear","dense","paper_adjusted",300,1000,1.9,11,72725005,"HDMT",0.05,"ok",TRUE,0.0400000000000063,"ties should not be present for the one-sample Kolmogorov-Smirnov test","","cff2315a4904b81310e03a9d974db1da",158,6,152,186,0.0379746835443038,0.817204301075269
"linear_dense_n300_t03_r0011","linear","dense","paper_adjusted",300,1000,1.9,11,72725005,"MDACT",0.05,"ok",TRUE,0.019999999999996,"ties should not be present for the one-sample Kolmogorov-Smirnov test","","e1d2943baf297659b9aa5acfba2dc01b",163,8,155,186,0.049079754601227,0.833333333333333
"linear_dense_n300_t03_r0011","linear","dense","paper_adjusted",300,1000,1.9,11,72725005,"MLFDR",0.05,"ok",TRUE,0.170000000000002,"","","99cb40b40391c96b4ba22b903fa61d99",185,10,175,186,0.0540540540540541,0.940860215053763
"confounded_dense_n300_t03_r0011","confounded","dense","paper_adjusted",300,1000,1.9,11,267660904,"HDMT",0.05,"ok",TRUE,0.0300000000000011,"ties should not be present for the one-sample Kolmogorov-Smirnov test","","d9815a872bd488229ba9229700a48949",189,6,183,219,0.0317460317460317,0.835616438356164
"confounded_dense_n300_t03_r0011","confounded","dense","paper_adjusted",300,1000,1.9,11,267660904,"MDACT",0.05,"ok",TRUE,0.0100000000000051,"ties should not be present for the one-sample Kolmogorov-Smirnov test","","153717c0896011725dd2bb6fc258b5cd",196,7,189,219,0.0357142857142857,0.863013698630137
"confounded_dense_n300_t03_r0011","confounded","dense","paper_adjusted",300,1000,1.9,11,267660904,"MLFDR",0.05,"ok",TRUE,0.189999999999998,"","","ae13374f0bfcf8363814e214ac5c2356",220,7,213,219,0.0318181818181818,0.972602739726027
"binary_dense_n300_t03_r0011","binary","dense","paper_adjusted",300,1000,1.9,11,73424719,"HDMT",0.05,"ok",TRUE,0.0300000000000011,"","","b9ceebcf6ccb74397272b79538437841",179,7,172,195,0.0391061452513966,0.882051282051282
"binary_dense_n300_t03_r0011","binary","dense","paper_adjusted",300,1000,1.9,11,73424719,"MDACT",0.05,"ok",TRUE,0.0100000000000051,"","","38beb46b36efc74c9960736e60506d21",181,7,174,195,0.0386740331491713,0.892307692307692
"binary_dense_n300_t03_r0011","binary","dense","paper_adjusted",300,1000,1.9,11,73424719,"MLFDR",0.05,"ok",TRUE,0.179999999999993,"","","3863e1d74c6ff352d04022e322bdf9a0",197,7,190,195,0.0355329949238579,0.974358974358974
"linear_sparse_n300_t01_r0012","linear","sparse","paper_adjusted",300,1000,1.3,12,201848793,"HDMT",0.05,"ok",TRUE,0.0200000000000102,"ties should not be present for the one-sample Kolmogorov-Smirnov test","","b84da544f90521a93260447e82ef7205",6,0,6,19,0,0.315789473684211
"linear_sparse_n300_t01_r0012","linear","sparse","paper_adjusted",300,1000,1.3,12,201848793,"MDACT",0.05,"ok",TRUE,0,"ties should not be present for the one-sample Kolmogorov-Smirnov test","","5c5b0480103e7dd1b52833b9c721f2e1",10,0,10,19,0,0.526315789473684
"linear_sparse_n300_t01_r0012","linear","sparse","paper_adjusted",300,1000,1.3,12,201848793,"MLFDR",0.05,"ok",TRUE,0.529999999999987,"","","fe3d104cb1b3c43a765eca1d8a2cd246",14,1,13,19,0.0714285714285714,0.684210526315789
"confounded_sparse_n300_t01_r0012","confounded","sparse","paper_adjusted",300,1000,1.3,12,220910518,"HDMT",0.05,"ok",TRUE,0.0300000000000011,"ties should not be present for the one-sample Kolmogorov-Smirnov test","","db00b9c0af6fc928b55651b0f063886b",5,0,5,19,0,0.263157894736842
"confounded_sparse_n300_t01_r0012","confounded","sparse","paper_adjusted",300,1000,1.3,12,220910518,"MDACT",0.05,"ok",TRUE,0.0200000000000102,"ties should not be present for the one-sample Kolmogorov-Smirnov test","","b25d55548d4c2fd0c7cdb9e555762bf7",11,1,10,19,0.0909090909090909,0.526315789473684
"confounded_sparse_n300_t01_r0012","confounded","sparse","paper_adjusted",300,1000,1.3,12,220910518,"MLFDR",0.05,"ok",TRUE,0.450000000000003,"","","3612573e8cc566afc468e38efc242773",11,1,10,19,0.0909090909090909,0.526315789473684
"binary_sparse_n300_t01_r0012","binary","sparse","paper_adjusted",300,1000,1.3,12,107284408,"HDMT",0.05,"ok",TRUE,0.0300000000000011,"","","864e7f79509a68628efd102f7030248d",4,0,4,18,0,0.222222222222222
"binary_sparse_n300_t01_r0012","binary","sparse","paper_adjusted",300,1000,1.3,12,107284408,"MDACT",0.05,"ok",TRUE,0.0100000000000051,"","","fab3de5bb8e615beb084d790393c6dcc",4,0,4,18,0,0.222222222222222
"binary_sparse_n300_t01_r0012","binary","sparse","paper_adjusted",300,1000,1.3,12,107284408,"MLFDR",0.05,"ok",TRUE,0.189999999999998,"","","33f4aa165c7e08c97ffa797251aa27e2",8,1,7,18,0.125,0.388888888888889
"linear_dense_n300_t01_r0012","linear","dense","paper_adjusted",300,1000,1.3,12,36277315,"HDMT",0.05,"ok",TRUE,0.0300000000000011,"ties should not be present for the one-sample Kolmogorov-Smirnov test","","8cba3a7c8646657f082f9e3a344de2eb",94,3,91,173,0.0319148936170213,0.526011560693642
"linear_dense_n300_t01_r0012","linear","dense","paper_adjusted",300,1000,1.3,12,36277315,"MDACT",0.05,"ok",TRUE,0.00999999999999091,"ties should not be present for the one-sample Kolmogorov-Smirnov test","","69fe778ff76d41542decf26525ef424f",104,5,99,173,0.0480769230769231,0.572254335260116
"linear_dense_n300_t01_r0012","linear","dense","paper_adjusted",300,1000,1.3,12,36277315,"MLFDR",0.05,"ok",TRUE,0.450000000000003,"","","5ddf09a6dedc90738d3625576acae1a3",127,4,123,173,0.031496062992126,0.710982658959538
"confounded_dense_n300_t01_r0012","confounded","dense","paper_adjusted",300,1000,1.3,12,222579121,"HDMT",0.05,"ok",TRUE,0.0300000000000011,"ties should not be present for the one-sample Kolmogorov-Smirnov test","","c745c855c2a6ccb8e4a0a8a8938fd3d8",94,4,90,195,0.0425531914893617,0.461538461538462
"confounded_dense_n300_t01_r0012","confounded","dense","paper_adjusted",300,1000,1.3,12,222579121,"MDACT",0.05,"ok",TRUE,0,"ties should not be present for the one-sample Kolmogorov-Smirnov test","","2e115b25a98109d778ea3d24187c52a9",108,10,98,195,0.0925925925925926,0.502564102564103
"confounded_dense_n300_t01_r0012","confounded","dense","paper_adjusted",300,1000,1.3,12,222579121,"MLFDR",0.05,"ok",TRUE,0.5,"","","a4c7fa4ccbf5d50f3958ba0d38b03775",136,10,126,195,0.0735294117647059,0.646153846153846
"binary_dense_n300_t01_r0012","binary","dense","paper_adjusted",300,1000,1.3,12,111191420,"HDMT",0.05,"ok",TRUE,0.0200000000000102,"","","19264d8711a4cac3ea5494a3b87aca9a",100,3,97,189,0.03,0.513227513227513
"binary_dense_n300_t01_r0012","binary","dense","paper_adjusted",300,1000,1.3,12,111191420,"MDACT",0.05,"ok",TRUE,0,"","","ee89b582fff09992d4ff71697a3263fc",119,4,115,189,0.0336134453781513,0.608465608465608
"binary_dense_n300_t01_r0012","binary","dense","paper_adjusted",300,1000,1.3,12,111191420,"MLFDR",0.05,"ok",TRUE,0.230000000000004,"","","a447d00e2092423d4fee55d194dd106a",149,12,137,189,0.0805369127516778,0.724867724867725
"linear_sparse_n300_t02_r0012","linear","sparse","paper_adjusted",300,1000,1.5,12,218481438,"HDMT",0.05,"ok",TRUE,0.0300000000000011,"ties should not be present for the one-sample Kolmogorov-Smirnov test","","36e386088f6111a52c5f4ca64729ab3a",4,1,3,13,0.25,0.230769230769231
"linear_sparse_n300_t02_r0012","linear","sparse","paper_adjusted",300,1000,1.5,12,218481438,"MDACT",0.05,"ok",TRUE,0,"ties should not be present for the one-sample Kolmogorov-Smirnov test","","0316fd1d3088d6b3a5ca312aaac7791f",7,1,6,13,0.142857142857143,0.461538461538462
"linear_sparse_n300_t02_r0012","linear","sparse","paper_adjusted",300,1000,1.5,12,218481438,"MLFDR",0.05,"ok",TRUE,0.629999999999995,"","","ed49d8f9627d549d8146422c4b6a8065",10,1,9,13,0.1,0.692307692307692
"confounded_sparse_n300_t02_r0012","confounded","sparse","paper_adjusted",300,1000,1.5,12,94563371,"HDMT",0.05,"ok",TRUE,0.019999999999996,"ties should not be present for the one-sample Kolmogorov-Smirnov test","","92bebb0655e1fc34ec24b2111a1aca3b",14,0,14,24,0,0.583333333333333
"confounded_sparse_n300_t02_r0012","confounded","sparse","paper_adjusted",300,1000,1.5,12,94563371,"MDACT",0.05,"ok",TRUE,0.019999999999996,"ties should not be present for the one-sample Kolmogorov-Smirnov test","","9b7ec1e48082bc121c325bec45eb3573",15,0,15,24,0,0.625
"confounded_sparse_n300_t02_r0012","confounded","sparse","paper_adjusted",300,1000,1.5,12,94563371,"MLFDR",0.05,"ok",TRUE,0.200000000000003,"","","cc421127f3a51cff0551c8a5151cbcd1",18,0,18,24,0,0.75
"binary_sparse_n300_t02_r0012","binary","sparse","paper_adjusted",300,1000,1.5,12,54830902,"HDMT",0.05,"ok",TRUE,0.0300000000000011,"","","13d77ee6c725142d442125c453376a98",4,0,4,21,0,0.19047619047619
"binary_sparse_n300_t02_r0012","binary","sparse","paper_adjusted",300,1000,1.5,12,54830902,"MDACT",0.05,"ok",TRUE,0.0100000000000051,"","","3fd3e0f520b7e9159776a9597ff6b12c",6,0,6,21,0,0.285714285714286
"binary_sparse_n300_t02_r0012","binary","sparse","paper_adjusted",300,1000,1.5,12,54830902,"MLFDR",0.05,"ok",TRUE,0.230000000000004,"","","6240fcbe20bb5cb0b3b006e0c57cf741",14,0,14,21,0,0.666666666666667
"linear_dense_n300_t02_r0012","linear","dense","paper_adjusted",300,1000,1.5,12,189687734,"HDMT",0.05,"ok",TRUE,0.0300000000000011,"ties should not be present for the one-sample Kolmogorov-Smirnov test","","2e04e85caa4d48cb8630b6c26b2d601c",135,7,128,191,0.0518518518518519,0.670157068062827
"linear_dense_n300_t02_r0012","linear","dense","paper_adjusted",300,1000,1.5,12,189687734,"MDACT",0.05,"ok",TRUE,0.0100000000000051,"ties should not be present for the one-sample Kolmogorov-Smirnov test","","5d30a85c6303bde58b07a97491504ffe",149,11,138,191,0.0738255033557047,0.722513089005236
"linear_dense_n300_t02_r0012","linear","dense","paper_adjusted",300,1000,1.5,12,189687734,"MLFDR",0.05,"ok",TRUE,0.260000000000005,"","","6b059715ca974a73e8751b852de687db",170,9,161,191,0.0529411764705882,0.842931937172775
"confounded_dense_n300_t02_r0012","confounded","dense","paper_adjusted",300,1000,1.5,12,235699983,"HDMT",0.05,"ok",TRUE,0.0300000000000011,"ties should not be present for the one-sample Kolmogorov-Smirnov test","","2557c72952a3aef1435b754062829efd",78,2,76,192,0.0256410256410256,0.395833333333333
"confounded_dense_n300_t02_r0012","confounded","dense","paper_adjusted",300,1000,1.5,12,235699983,"MDACT",0.05,"ok",TRUE,0.0100000000000051,"ties should not be present for the one-sample Kolmogorov-Smirnov test","","90a36595374ac36580bec17c0347ae46",91,4,87,192,0.043956043956044,0.453125
"confounded_dense_n300_t02_r0012","confounded","dense","paper_adjusted",300,1000,1.5,12,235699983,"MLFDR",0.05,"ok",TRUE,0.280000000000001,"","","4c0fc0e81cd8642dcb1e94134807f435",157,6,151,192,0.0382165605095541,0.786458333333333
"binary_dense_n300_t02_r0012","binary","dense","paper_adjusted",300,1000,1.5,12,67511930,"HDMT",0.05,"ok",TRUE,0.0100000000000051,"","","e09ea93b2f76837a4bc8c627d75f2e40",161,6,155,208,0.0372670807453416,0.745192307692308
"binary_dense_n300_t02_r0012","binary","dense","paper_adjusted",300,1000,1.5,12,67511930,"MDACT",0.05,"ok",TRUE,0,"","","515538ae93e09ced095703595b03fd1f",172,10,162,208,0.0581395348837209,0.778846153846154
"binary_dense_n300_t02_r0012","binary","dense","paper_adjusted",300,1000,1.5,12,67511930,"MLFDR",0.05,"ok",TRUE,0.25,"","","788ccd8933460b97c85775970eef1fdd",193,12,181,208,0.0621761658031088,0.870192307692308
"linear_sparse_n300_t03_r0012","linear","sparse","paper_adjusted",300,1000,1.9,12,228304345,"HDMT",0.05,"ok",TRUE,0.0299999999999869,"ties should not be present for the one-sample Kolmogorov-Smirnov test","","f515af84165b08583b1ad971b0425ea6",17,1,16,24,0.0588235294117647,0.666666666666667
"linear_sparse_n300_t03_r0012","linear","sparse","paper_adjusted",300,1000,1.9,12,228304345,"MDACT",0.05,"ok",TRUE,0.019999999999996,"ties should not be present for the one-sample Kolmogorov-Smirnov test","","3e9f10531af6ec2d39901a7308304820",18,1,17,24,0.0555555555555556,0.708333333333333
"linear_sparse_n300_t03_r0012","linear","sparse","paper_adjusted",300,1000,1.9,12,228304345,"MLFDR",0.05,"ok",TRUE,0.159999999999997,"","","3e2231efa5664014e7423c5f10781bab",22,0,22,24,0,0.916666666666667
"confounded_sparse_n300_t03_r0012","confounded","sparse","paper_adjusted",300,1000,1.9,12,160802140,"HDMT",0.05,"ok",TRUE,0.0100000000000051,"ties should not be present for the one-sample Kolmogorov-Smirnov test","","0242a80a35daf9e40cbef7fcd9c4be66",15,0,15,23,0,0.652173913043478
"confounded_sparse_n300_t03_r0012","confounded","sparse","paper_adjusted",300,1000,1.9,12,160802140,"MDACT",0.05,"ok",TRUE,0.0200000000000102,"ties should not be present for the one-sample Kolmogorov-Smirnov test","","a5689f640a842e5e4fa86b3e69f26e08",15,0,15,23,0,0.652173913043478
"confounded_sparse_n300_t03_r0012","confounded","sparse","paper_adjusted",300,1000,1.9,12,160802140,"MLFDR",0.05,"ok",TRUE,0.300000000000011,"","","98a5ed162762caba79f59800ed59b88e",17,0,17,23,0,0.739130434782609
"binary_sparse_n300_t03_r0012","binary","sparse","paper_adjusted",300,1000,1.9,12,21103981,"HDMT",0.05,"ok",TRUE,0.0300000000000011,"","","e7c9f26b8e6cf100128628cbd52faf3c",10,0,10,17,0,0.588235294117647
"binary_sparse_n300_t03_r0012","binary","sparse","paper_adjusted",300,1000,1.9,12,21103981,"MDACT",0.05,"ok",TRUE,0.0200000000000102,"","","23d98571e626f6ee782a2e6d8abebde2",11,0,11,17,0,0.647058823529412
"binary_sparse_n300_t03_r0012","binary","sparse","paper_adjusted",300,1000,1.9,12,21103981,"MLFDR",0.05,"ok",TRUE,0.0999999999999943,"","","aeada8fe99be428265f377353571a9fb",14,0,14,17,0,0.823529411764706
"linear_dense_n300_t03_r0012","linear","dense","paper_adjusted",300,1000,1.9,12,104926843,"HDMT",0.05,"ok",TRUE,0.00999999999999091,"ties should not be present for the one-sample Kolmogorov-Smirnov test","","9e12a925a6bb91aaf05e5d0b71baefc3",172,4,168,193,0.0232558139534884,0.870466321243523
"linear_dense_n300_t03_r0012","linear","dense","paper_adjusted",300,1000,1.9,12,104926843,"MDACT",0.05,"ok",TRUE,0.0100000000000051,"ties should not be present for the one-sample Kolmogorov-Smirnov test","","dc8cd2785cd525cd907eb3f2a88b129e",175,6,169,193,0.0342857142857143,0.875647668393782
"linear_dense_n300_t03_r0012","linear","dense","paper_adjusted",300,1000,1.9,12,104926843,"MLFDR",0.05,"ok",TRUE,0.219999999999999,"","","ad73ec19ceb4ba3366c0b5453d3619af",195,6,189,193,0.0307692307692308,0.979274611398964
"confounded_dense_n300_t03_r0012","confounded","dense","paper_adjusted",300,1000,1.9,12,146013129,"HDMT",0.05,"ok",TRUE,0.0300000000000011,"ties should not be present for the one-sample Kolmogorov-Smirnov test","","c2ed86659727f97d83d4d3b131094572",180,11,169,189,0.0611111111111111,0.894179894179894
"confounded_dense_n300_t03_r0012","confounded","dense","paper_adjusted",300,1000,1.9,12,146013129,"MDACT",0.05,"ok",TRUE,0.019999999999996,"ties should not be present for the one-sample Kolmogorov-Smirnov test","","9d6cb77005bbb03967ba045b3754b41a",183,12,171,189,0.0655737704918033,0.904761904761905
"confounded_dense_n300_t03_r0012","confounded","dense","paper_adjusted",300,1000,1.9,12,146013129,"MLFDR",0.05,"ok",TRUE,0.159999999999997,"","","21cc1165e6c995cb48ad041deb97d65b",199,13,186,189,0.0653266331658292,0.984126984126984
"binary_dense_n300_t03_r0012","binary","dense","paper_adjusted",300,1000,1.9,12,122055263,"HDMT",0.05,"ok",TRUE,0.0100000000000051,"","","d2f56ef71ad41328b651b12cd44312d3",162,4,158,182,0.0246913580246914,0.868131868131868
"binary_dense_n300_t03_r0012","binary","dense","paper_adjusted",300,1000,1.9,12,122055263,"MDACT",0.05,"ok",TRUE,0,"","","14a3ad45f075eec1ef06430c2486239e",162,3,159,182,0.0185185185185185,0.873626373626374
"binary_dense_n300_t03_r0012","binary","dense","paper_adjusted",300,1000,1.9,12,122055263,"MLFDR",0.05,"ok",TRUE,0.0799999999999983,"","","adb335300c28e3d786003585db66e86d",176,3,173,182,0.0170454545454545,0.950549450549451
"linear_sparse_n300_t01_r0013","linear","sparse","paper_adjusted",300,1000,1.3,13,50375859,"HDMT",0.05,"ok",TRUE,0.0300000000000011,"ties should not be present for the one-sample Kolmogorov-Smirnov test","","91963bc428b7c78128bbf17b2d2ea733",3,0,3,23,0,0.130434782608696
"linear_sparse_n300_t01_r0013","linear","sparse","paper_adjusted",300,1000,1.3,13,50375859,"MDACT",0.05,"ok",TRUE,0.00999999999999091,"ties should not be present for the one-sample Kolmogorov-Smirnov test","","b9884bbf98609cf45e02b4c33671c7bf",1,0,1,23,0,0.0434782608695652
"linear_sparse_n300_t01_r0013","linear","sparse","paper_adjusted",300,1000,1.3,13,50375859,"MLFDR",0.05,"ok",TRUE,0.930000000000007,"","","b86a6c104b6055a91097d5795a481faa",10,0,10,23,0,0.434782608695652
"confounded_sparse_n300_t01_r0013","confounded","sparse","paper_adjusted",300,1000,1.3,13,253985759,"HDMT",0.05,"ok",TRUE,0.0300000000000011,"ties should not be present for the one-sample Kolmogorov-Smirnov test","","3e44a83e687af462b75f3141641a2b2f",0,0,0,17,0,0
"confounded_sparse_n300_t01_r0013","confounded","sparse","paper_adjusted",300,1000,1.3,13,253985759,"MDACT",0.05,"ok",TRUE,0,"ties should not be present for the one-sample Kolmogorov-Smirnov test","","880994db3153c3ad7e6b585f1ce7f34a",1,0,1,17,0,0.0588235294117647
"confounded_sparse_n300_t01_r0013","confounded","sparse","paper_adjusted",300,1000,1.3,13,253985759,"MLFDR",0.05,"ok",TRUE,0.38000000000001,"","","70eba29fe7e8e6f785565a37d66940ec",8,0,8,17,0,0.470588235294118
"binary_sparse_n300_t01_r0013","binary","sparse","paper_adjusted",300,1000,1.3,13,15363718,"HDMT",0.05,"ok",TRUE,0.0300000000000011,"","","c2c1d60f2e981c0613387cd2a6565752",2,0,2,16,0,0.125
"binary_sparse_n300_t01_r0013","binary","sparse","paper_adjusted",300,1000,1.3,13,15363718,"MDACT",0.05,"ok",TRUE,0,"","","a857fe4f8be9fe91d05b4c86392e923a",2,0,2,16,0,0.125
"binary_sparse_n300_t01_r0013","binary","sparse","paper_adjusted",300,1000,1.3,13,15363718,"MLFDR",0.05,"ok",TRUE,1.08,"","","2da25c17bd2ea17d4c796364bdc57e38",3,0,3,16,0,0.1875
"linear_dense_n300_t01_r0013","linear","dense","paper_adjusted",300,1000,1.3,13,155957809,"HDMT",0.05,"ok",TRUE,0.0300000000000011,"ties should not be present for the one-sample Kolmogorov-Smirnov test","","ce8a4fd52ca850db80490a0d9d8cc745",105,2,103,220,0.019047619047619,0.468181818181818
"linear_dense_n300_t01_r0013","linear","dense","paper_adjusted",300,1000,1.3,13,155957809,"MDACT",0.05,"ok",TRUE,0.019999999999996,"ties should not be present for the one-sample Kolmogorov-Smirnov test","","3dd876255cf23aa019416fa5a19555bd",133,4,129,220,0.0300751879699248,0.586363636363636
"linear_dense_n300_t01_r0013","linear","dense","paper_adjusted",300,1000,1.3,13,155957809,"MLFDR",0.05,"ok",TRUE,0.5,"","","dccc3ea222ddec2a1f48018928c2e5ce",180,6,174,220,0.0333333333333333,0.790909090909091
"confounded_dense_n300_t01_r0013","confounded","dense","paper_adjusted",300,1000,1.3,13,181533413,"HDMT",0.05,"ok",TRUE,0.00999999999999091,"ties should not be present for the one-sample Kolmogorov-Smirnov test","","ca2f3706376d08ce5727871dea0ed146",53,2,51,168,0.0377358490566038,0.303571428571429
"confounded_dense_n300_t01_r0013","confounded","dense","paper_adjusted",300,1000,1.3,13,181533413,"MDACT",0.05,"ok",TRUE,0,"ties should not be present for the one-sample Kolmogorov-Smirnov test","","21ff19f6c817171234e3489da1c1f04a",67,3,64,168,0.0447761194029851,0.380952380952381
"confounded_dense_n300_t01_r0013","confounded","dense","paper_adjusted",300,1000,1.3,13,181533413,"MLFDR",0.05,"ok",TRUE,0.370000000000005,"","","60c34ec095f87bacde10837496c3a043",108,3,105,168,0.0277777777777778,0.625
"binary_dense_n300_t01_r0013","binary","dense","paper_adjusted",300,1000,1.3,13,148760379,"HDMT",0.05,"ok",TRUE,0.0300000000000011,"","","114def7a3b9eff6b33a5cca8a7abf10e",73,1,72,203,0.0136986301369863,0.354679802955665
"binary_dense_n300_t01_r0013","binary","dense","paper_adjusted",300,1000,1.3,13,148760379,"MDACT",0.05,"ok",TRUE,0.019999999999996,"","","e3c0fd97a84f8221434977766245ee10",77,2,75,203,0.025974025974026,0.369458128078818
"binary_dense_n300_t01_r0013","binary","dense","paper_adjusted",300,1000,1.3,13,148760379,"MLFDR",0.05,"ok",TRUE,0.359999999999999,"","","5cfba4b5a2fa57591889ab48ef6f810b",128,3,125,203,0.0234375,0.61576354679803
"linear_sparse_n300_t02_r0013","linear","sparse","paper_adjusted",300,1000,1.5,13,120905546,"HDMT",0.05,"ok",TRUE,0.0300000000000011,"ties should not be present for the one-sample Kolmogorov-Smirnov test","","6d853a68a3e6b7fbe33b43fc0a3c6db3",9,0,9,20,0,0.45
"linear_sparse_n300_t02_r0013","linear","sparse","paper_adjusted",300,1000,1.5,13,120905546,"MDACT",0.05,"ok",TRUE,0.019999999999996,"ties should not be present for the one-sample Kolmogorov-Smirnov test","","273e5cd092bb8d933f6517b50536dc19",11,0,11,20,0,0.55
"linear_sparse_n300_t02_r0013","linear","sparse","paper_adjusted",300,1000,1.5,13,120905546,"MLFDR",0.05,"ok",TRUE,1.02999999999999,"","","ca84cae76f9d3bab7a996f11f7207562",15,0,15,20,0,0.75
"confounded_sparse_n300_t02_r0013","confounded","sparse","paper_adjusted",300,1000,1.5,13,226150571,"HDMT",0.05,"ok",TRUE,0.00999999999999091,"ties should not be present for the one-sample Kolmogorov-Smirnov test","","77059e234040c1e73c020721b92d6060",12,0,12,28,0,0.428571428571429
"confounded_sparse_n300_t02_r0013","confounded","sparse","paper_adjusted",300,1000,1.5,13,226150571,"MDACT",0.05,"ok",TRUE,0,"ties should not be present for the one-sample Kolmogorov-Smirnov test","","2116a81b370f1deb7b5634d1be211773",17,1,16,28,0.0588235294117647,0.571428571428571
"confounded_sparse_n300_t02_r0013","confounded","sparse","paper_adjusted",300,1000,1.5,13,226150571,"MLFDR",0.05,"ok",TRUE,0.640000000000001,"","","e5c40aaea7f6bbff78acfdf56a454621",19,0,19,28,0,0.678571428571429
"binary_sparse_n300_t02_r0013","binary","sparse","paper_adjusted",300,1000,1.5,13,44954659,"HDMT",0.05,"ok",TRUE,0.0400000000000063,"","","beeceb507156308e5ef80e4f8997011c",10,0,10,22,0,0.454545454545455
"binary_sparse_n300_t02_r0013","binary","sparse","paper_adjusted",300,1000,1.5,13,44954659,"MDACT",0.05,"ok",TRUE,0,"","","373fee08bc33a9e898ed70ec01ac2dd3",10,0,10,22,0,0.454545454545455
"binary_sparse_n300_t02_r0013","binary","sparse","paper_adjusted",300,1000,1.5,13,44954659,"MLFDR",0.05,"ok",TRUE,1,"","","63c6e45bfe0dfadbaa240afe8c71bfb7",13,0,13,22,0,0.590909090909091
"linear_dense_n300_t02_r0013","linear","dense","paper_adjusted",300,1000,1.5,13,108883430,"HDMT",0.05,"ok",TRUE,0.0400000000000063,"ties should not be present for the one-sample Kolmogorov-Smirnov test","","7a551e519651a2c43ec70897ea60c8cd",127,8,119,200,0.062992125984252,0.595
"linear_dense_n300_t02_r0013","linear","dense","paper_adjusted",300,1000,1.5,13,108883430,"MDACT",0.05,"ok",TRUE,0.019999999999996,"ties should not be present for the one-sample Kolmogorov-Smirnov test","","3830a9f066098f99cdd12007240b1543",131,9,122,200,0.0687022900763359,0.61
"linear_dense_n300_t02_r0013","linear","dense","paper_adjusted",300,1000,1.5,13,108883430,"MLFDR",0.05,"ok",TRUE,0.209999999999994,"","","8c8eb9e17694583296916543f3072895",177,11,166,200,0.0621468926553672,0.83
"confounded_dense_n300_t02_r0013","confounded","dense","paper_adjusted",300,1000,1.5,13,213957804,"HDMT",0.05,"ok",TRUE,0.0300000000000011,"ties should not be present for the one-sample Kolmogorov-Smirnov test","","1b31645a4db3ba2ef07a6859677d0df5",137,1,136,197,0.0072992700729927,0.690355329949239
"confounded_dense_n300_t02_r0013","confounded","dense","paper_adjusted",300,1000,1.5,13,213957804,"MDACT",0.05,"ok",TRUE,0.019999999999996,"ties should not be present for the one-sample Kolmogorov-Smirnov test","","9777d1c790bd3221f09a56c57d84cdfd",146,3,143,197,0.0205479452054795,0.725888324873096
"confounded_dense_n300_t02_r0013","confounded","dense","paper_adjusted",300,1000,1.5,13,213957804,"MLFDR",0.05,"ok",TRUE,0.25,"","","153e3c8d2f03a9f91040bc306b7942df",181,4,177,197,0.0220994475138122,0.898477157360406
"binary_dense_n300_t02_r0013","binary","dense","paper_adjusted",300,1000,1.5,13,68411160,"HDMT",0.05,"ok",TRUE,0.0300000000000011,"","","a8aebef6d682ce03ef29fa0736c1ee82",103,2,101,213,0.0194174757281553,0.474178403755869
"binary_dense_n300_t02_r0013","binary","dense","paper_adjusted",300,1000,1.5,13,68411160,"MDACT",0.05,"ok",TRUE,0.019999999999996,"","","4d42d85f04ebfa1da23ff199b8380594",134,6,128,213,0.0447761194029851,0.60093896713615
"binary_dense_n300_t02_r0013","binary","dense","paper_adjusted",300,1000,1.5,13,68411160,"MLFDR",0.05,"ok",TRUE,0.349999999999994,"","","000ec01d631ae349c4904f4d5ace0b22",188,14,174,213,0.074468085106383,0.816901408450704
"linear_sparse_n300_t03_r0013","linear","sparse","paper_adjusted",300,1000,1.9,13,107145509,"HDMT",0.05,"ok",TRUE,0.00999999999999091,"ties should not be present for the one-sample Kolmogorov-Smirnov test","","4cad667e2b9e32815df36e902e86de97",21,0,21,23,0,0.91304347826087
"linear_sparse_n300_t03_r0013","linear","sparse","paper_adjusted",300,1000,1.9,13,107145509,"MDACT",0.05,"ok",TRUE,0.0100000000000051,"ties should not be present for the one-sample Kolmogorov-Smirnov test","","6e412d9604d9294d067fe714caf12630",25,2,23,23,0.08,1
"linear_sparse_n300_t03_r0013","linear","sparse","paper_adjusted",300,1000,1.9,13,107145509,"MLFDR",0.05,"ok",TRUE,0.109999999999999,"","","ba5205aa6ec97f32595f63a8e4e6c4df",25,2,23,23,0.08,1
"confounded_sparse_n300_t03_r0013","confounded","sparse","paper_adjusted",300,1000,1.9,13,212217105,"HDMT",0.05,"ok",TRUE,0.0400000000000063,"ties should not be present for the one-sample Kolmogorov-Smirnov test","","cccbb82a5a283599eed75a8f7b2ed37d",19,6,13,13,0.315789473684211,1
"confounded_sparse_n300_t03_r0013","confounded","sparse","paper_adjusted",300,1000,1.9,13,212217105,"MDACT",0.05,"ok",TRUE,0.0100000000000051,"ties should not be present for the one-sample Kolmogorov-Smirnov test","","31a0a7248940fe5853333617c9bf3b70",12,2,10,13,0.166666666666667,0.769230769230769
"confounded_sparse_n300_t03_r0013","confounded","sparse","paper_adjusted",300,1000,1.9,13,212217105,"MLFDR",0.05,"ok",TRUE,0.189999999999998,"","","da8abced9eef8a6e75320f5ab25e3a29",13,1,12,13,0.0769230769230769,0.923076923076923
"binary_sparse_n300_t03_r0013","binary","sparse","paper_adjusted",300,1000,1.9,13,187354452,"HDMT",0.05,"ok",TRUE,0.0299999999999869,"","","dd6a8c37616dc79fbc572d26689eb07e",7,0,7,13,0,0.538461538461538
"binary_sparse_n300_t03_r0013","binary","sparse","paper_adjusted",300,1000,1.9,13,187354452,"MDACT",0.05,"ok",TRUE,0.0100000000000051,"","","7791889fc9bed5ba8a03a3ad0258d639",7,0,7,13,0,0.538461538461538
"binary_sparse_n300_t03_r0013","binary","sparse","paper_adjusted",300,1000,1.9,13,187354452,"MLFDR",0.05,"ok",TRUE,0.219999999999999,"","","cc9fe03356f658ec91f43c1f091db698",8,0,8,13,0,0.615384615384615
"linear_dense_n300_t03_r0013","linear","dense","paper_adjusted",300,1000,1.9,13,189481098,"HDMT",0.05,"ok",TRUE,0.0300000000000011,"ties should not be present for the one-sample Kolmogorov-Smirnov test","","1396131f9973de9dca0de0ab508c4c5a",154,2,152,168,0.012987012987013,0.904761904761905
"linear_dense_n300_t03_r0013","linear","dense","paper_adjusted",300,1000,1.9,13,189481098,"MDACT",0.05,"ok",TRUE,0.019999999999996,"ties should not be present for the one-sample Kolmogorov-Smirnov test","","47da9a7d399dc5d84b04884af709249f",154,2,152,168,0.012987012987013,0.904761904761905
"linear_dense_n300_t03_r0013","linear","dense","paper_adjusted",300,1000,1.9,13,189481098,"MLFDR",0.05,"ok",TRUE,0.219999999999999,"","","38c79cf70c40f5b37412e9dc6d6f8da9",172,7,165,168,0.0406976744186047,0.982142857142857
"confounded_dense_n300_t03_r0013","confounded","dense","paper_adjusted",300,1000,1.9,13,30290979,"HDMT",0.05,"ok",TRUE,0.0300000000000011,"ties should not be present for the one-sample Kolmogorov-Smirnov test","","3c9386ab83935a91fea64754ab858b69",160,3,157,214,0.01875,0.733644859813084
"confounded_dense_n300_t03_r0013","confounded","dense","paper_adjusted",300,1000,1.9,13,30290979,"MDACT",0.05,"ok",TRUE,0,"ties should not be present for the one-sample Kolmogorov-Smirnov test","","76fb90fb0c4d5412751d4b861cab3690",163,3,160,214,0.0184049079754601,0.747663551401869
"confounded_dense_n300_t03_r0013","confounded","dense","paper_adjusted",300,1000,1.9,13,30290979,"MLFDR",0.05,"ok",TRUE,0.159999999999997,"","","af470184931f0f85430304b6998c3521",205,12,193,214,0.0585365853658537,0.901869158878505
"binary_dense_n300_t03_r0013","binary","dense","paper_adjusted",300,1000,1.9,13,126014513,"HDMT",0.05,"ok",TRUE,0.0500000000000114,"","","e36dfeb1ed4e088d35a0bb36b8f17610",197,7,190,213,0.0355329949238579,0.892018779342723
"binary_dense_n300_t03_r0013","binary","dense","paper_adjusted",300,1000,1.9,13,126014513,"MDACT",0.05,"ok",TRUE,0.0100000000000051,"","","6bad7bc10317cf707951ef80b5551860",200,8,192,213,0.04,0.901408450704225
"binary_dense_n300_t03_r0013","binary","dense","paper_adjusted",300,1000,1.9,13,126014513,"MLFDR",0.05,"ok",TRUE,0.25,"","","2a1d3e230f9abc023f0fd56459d3ee3c",220,14,206,213,0.0636363636363636,0.967136150234742
"linear_sparse_n300_t01_r0014","linear","sparse","paper_adjusted",300,1000,1.3,14,158106099,"HDMT",0.05,"ok",TRUE,0.0300000000000011,"ties should not be present for the one-sample Kolmogorov-Smirnov test","","e1f2004e4d1abda0a61afc3fd1bac188",1,0,1,21,0,0.0476190476190476
"linear_sparse_n300_t01_r0014","linear","sparse","paper_adjusted",300,1000,1.3,14,158106099,"MDACT",0.05,"ok",TRUE,0.019999999999996,"ties should not be present for the one-sample Kolmogorov-Smirnov test","","fde8dd5d712d4993ed37cb32a36ae8bb",8,0,8,21,0,0.380952380952381
"linear_sparse_n300_t01_r0014","linear","sparse","paper_adjusted",300,1000,1.3,14,158106099,"MLFDR",0.05,"ok",TRUE,0.440000000000012,"","","15a7da305984d976e8b41fd06e7ff47d",13,0,13,21,0,0.619047619047619
"confounded_sparse_n300_t01_r0014","confounded","sparse","paper_adjusted",300,1000,1.3,14,157552585,"HDMT",0.05,"ok",TRUE,0.0300000000000011,"ties should not be present for the one-sample Kolmogorov-Smirnov test","","f6efcf3b89f9b7508477ccdad343c1ae",7,1,6,25,0.142857142857143,0.24
"confounded_sparse_n300_t01_r0014","confounded","sparse","paper_adjusted",300,1000,1.3,14,157552585,"MDACT",0.05,"ok",TRUE,0,"ties should not be present for the one-sample Kolmogorov-Smirnov test","","6afb625f8411c347d94fe908489e76bb",1,0,1,25,0,0.04
"confounded_sparse_n300_t01_r0014","confounded","sparse","paper_adjusted",300,1000,1.3,14,157552585,"MLFDR",0.05,"ok",TRUE,0.349999999999994,"","","a177c59e9ff23c40aea2f0060fef42c8",9,0,9,25,0,0.36
"binary_sparse_n300_t01_r0014","binary","sparse","paper_adjusted",300,1000,1.3,14,191895824,"HDMT",0.05,"ok",TRUE,0.0299999999999869,"","","357cb0ecee4128c62f789eebdcf624cf",6,0,6,20,0,0.3
"binary_sparse_n300_t01_r0014","binary","sparse","paper_adjusted",300,1000,1.3,14,191895824,"MDACT",0.05,"ok",TRUE,0.019999999999996,"","","7b5138b0f86609028318dfff05beae22",5,0,5,20,0,0.25
"binary_sparse_n300_t01_r0014","binary","sparse","paper_adjusted",300,1000,1.3,14,191895824,"MLFDR",0.05,"ok",TRUE,0.390000000000001,"","","07e812965d9e7c5d18871b05c9d969fc",8,0,8,20,0,0.4
"linear_dense_n300_t01_r0014","linear","dense","paper_adjusted",300,1000,1.3,14,245053068,"HDMT",0.05,"ok",TRUE,0.0400000000000063,"ties should not be present for the one-sample Kolmogorov-Smirnov test","","210534269a612c81663c021cadfd5d18",40,0,40,182,0,0.21978021978022
"linear_dense_n300_t01_r0014","linear","dense","paper_adjusted",300,1000,1.3,14,245053068,"MDACT",0.05,"ok",TRUE,0.019999999999996,"ties should not be present for the one-sample Kolmogorov-Smirnov test","","5de1ad72491e2362648cab94befc7600",59,0,59,182,0,0.324175824175824
"linear_dense_n300_t01_r0014","linear","dense","paper_adjusted",300,1000,1.3,14,245053068,"MLFDR",0.05,"ok",TRUE,0.489999999999995,"","","0a688c28570a6523507efed3e8910c9c",139,5,134,182,0.0359712230215827,0.736263736263736
"confounded_dense_n300_t01_r0014","confounded","dense","paper_adjusted",300,1000,1.3,14,131224149,"HDMT",0.05,"ok",TRUE,0.0300000000000011,"ties should not be present for the one-sample Kolmogorov-Smirnov test","","54bdfe2094aa6e3f90035143185fbe4b",128,5,123,207,0.0390625,0.594202898550725
"confounded_dense_n300_t01_r0014","confounded","dense","paper_adjusted",300,1000,1.3,14,131224149,"MDACT",0.05,"ok",TRUE,0.0200000000000102,"ties should not be present for the one-sample Kolmogorov-Smirnov test","","03dde62dedb6fd54f598ed27467d4665",138,6,132,207,0.0434782608695652,0.63768115942029
"confounded_dense_n300_t01_r0014","confounded","dense","paper_adjusted",300,1000,1.3,14,131224149,"MLFDR",0.05,"ok",TRUE,0.390000000000001,"","","2935857522ca790b5028e0ab028077cb",188,10,178,207,0.0531914893617021,0.859903381642512
"binary_dense_n300_t01_r0014","binary","dense","paper_adjusted",300,1000,1.3,14,195969736,"HDMT",0.05,"ok",TRUE,0.0300000000000011,"","","7d6f5a7e918a611c8f122ab4609abab3",37,2,35,206,0.0540540540540541,0.169902912621359
"binary_dense_n300_t01_r0014","binary","dense","paper_adjusted",300,1000,1.3,14,195969736,"MDACT",0.05,"ok",TRUE,0.0100000000000051,"","","7aa18a62496dbaf283e4dd5022fd1a81",55,5,50,206,0.0909090909090909,0.242718446601942
"binary_dense_n300_t01_r0014","binary","dense","paper_adjusted",300,1000,1.3,14,195969736,"MLFDR",0.05,"ok",TRUE,0.359999999999999,"","","c327f89267a9424ae47f1a2f5b1a4766",109,7,102,206,0.0642201834862385,0.495145631067961
"linear_sparse_n300_t02_r0014","linear","sparse","paper_adjusted",300,1000,1.5,14,169015867,"HDMT",0.05,"ok",TRUE,0.019999999999996,"ties should not be present for the one-sample Kolmogorov-Smirnov test","","02bf43d51ae353c81d4f58671d48d019",4,0,4,15,0,0.266666666666667
"linear_sparse_n300_t02_r0014","linear","sparse","paper_adjusted",300,1000,1.5,14,169015867,"MDACT",0.05,"ok",TRUE,0,"ties should not be present for the one-sample Kolmogorov-Smirnov test","","875b607b44e91a36a81659d0b8e35130",6,0,6,15,0,0.4
"linear_sparse_n300_t02_r0014","linear","sparse","paper_adjusted",300,1000,1.5,14,169015867,"MLFDR",0.05,"ok",TRUE,0.839999999999989,"","","45cf8eae17c39bc8b67745e73f19cd45",10,2,8,15,0.2,0.533333333333333
"confounded_sparse_n300_t02_r0014","confounded","sparse","paper_adjusted",300,1000,1.5,14,257681083,"HDMT",0.05,"ok",TRUE,0.0299999999999869,"ties should not be present for the one-sample Kolmogorov-Smirnov test","","2364e41fc7abf493bb1ec043a0e5b565",3,0,3,21,0,0.142857142857143
"confounded_sparse_n300_t02_r0014","confounded","sparse","paper_adjusted",300,1000,1.5,14,257681083,"MDACT",0.05,"ok",TRUE,0.0100000000000051,"ties should not be present for the one-sample Kolmogorov-Smirnov test","","765e8c93e269c3b95165181d00ff45d7",11,1,10,21,0.0909090909090909,0.476190476190476
"confounded_sparse_n300_t02_r0014","confounded","sparse","paper_adjusted",300,1000,1.5,14,257681083,"MLFDR",0.05,"ok",TRUE,0.640000000000001,"","","0408640d7e8081db669943dc0d4e507a",15,1,14,21,0.0666666666666667,0.666666666666667
"binary_sparse_n300_t02_r0014","binary","sparse","paper_adjusted",300,1000,1.5,14,50191965,"HDMT",0.05,"ok",TRUE,0.0300000000000011,"","","159297edda9e5409f89e114590d57a50",8,1,7,21,0.125,0.333333333333333
"binary_sparse_n300_t02_r0014","binary","sparse","paper_adjusted",300,1000,1.5,14,50191965,"MDACT",0.05,"ok",TRUE,0,"","","2397e6d02b422751b5750f2a9ce3cff2",6,0,6,21,0,0.285714285714286
"binary_sparse_n300_t02_r0014","binary","sparse","paper_adjusted",300,1000,1.5,14,50191965,"MLFDR",0.05,"ok",TRUE,0.310000000000002,"","","0b0539a7b133e88d188e3e322256942f",13,2,11,21,0.153846153846154,0.523809523809524
"linear_dense_n300_t02_r0014","linear","dense","paper_adjusted",300,1000,1.5,14,177190803,"HDMT",0.05,"ok",TRUE,0.0100000000000051,"ties should not be present for the one-sample Kolmogorov-Smirnov test","","86f190d12ff20c0288ebd33db90c2850",115,6,109,208,0.0521739130434783,0.524038461538462
"linear_dense_n300_t02_r0014","linear","dense","paper_adjusted",300,1000,1.5,14,177190803,"MDACT",0.05,"ok",TRUE,0,"ties should not be present for the one-sample Kolmogorov-Smirnov test","","cc8b0127fd2f6c18e11de4841a40304e",128,8,120,208,0.0625,0.576923076923077
"linear_dense_n300_t02_r0014","linear","dense","paper_adjusted",300,1000,1.5,14,177190803,"MLFDR",0.05,"ok",TRUE,0.359999999999999,"","","530a6abc149115115060b35d6ea1c71f",185,16,169,208,0.0864864864864865,0.8125
"confounded_dense_n300_t02_r0014","confounded","dense","paper_adjusted",300,1000,1.5,14,135671642,"HDMT",0.05,"ok",TRUE,0.0300000000000011,"ties should not be present for the one-sample Kolmogorov-Smirnov test","","40bc8c9ad1ba1dc5c59a6b25122e2bc6",112,1,111,212,0.00892857142857143,0.523584905660377
"confounded_dense_n300_t02_r0014","confounded","dense","paper_adjusted",300,1000,1.5,14,135671642,"MDACT",0.05,"ok",TRUE,0.0100000000000051,"ties should not be present for the one-sample Kolmogorov-Smirnov test","","2321239b5a7584a8eaf5162f7b7fdb4e",110,1,109,212,0.00909090909090909,0.514150943396226
"confounded_dense_n300_t02_r0014","confounded","dense","paper_adjusted",300,1000,1.5,14,135671642,"MLFDR",0.05,"ok",TRUE,0.299999999999997,"","","beb00ea71de195318dfe458464c8e3eb",174,5,169,212,0.028735632183908,0.797169811320755
"binary_dense_n300_t02_r0014","binary","dense","paper_adjusted",300,1000,1.5,14,42171584,"HDMT",0.05,"ok",TRUE,0.0300000000000011,"","","092e6e0dbbea26ab537ba14c306d8c3f",104,3,101,197,0.0288461538461538,0.512690355329949
"binary_dense_n300_t02_r0014","binary","dense","paper_adjusted",300,1000,1.5,14,42171584,"MDACT",0.05,"ok",TRUE,0.00999999999999091,"","","cd588e80e0153ac8537c88457397cea7",110,3,107,197,0.0272727272727273,0.543147208121827
"binary_dense_n300_t02_r0014","binary","dense","paper_adjusted",300,1000,1.5,14,42171584,"MLFDR",0.05,"ok",TRUE,0.259999999999991,"","","0fd47a9a75267d2bad53401b3279123c",157,6,151,197,0.0382165605095541,0.766497461928934
"linear_sparse_n300_t03_r0014","linear","sparse","paper_adjusted",300,1000,1.9,14,265012438,"HDMT",0.05,"ok",TRUE,0.0499999999999972,"ties should not be present for the one-sample Kolmogorov-Smirnov test","","4db69bf23754a954fa442a850e8fc52a",13,1,12,20,0.0769230769230769,0.6
"linear_sparse_n300_t03_r0014","linear","sparse","paper_adjusted",300,1000,1.9,14,265012438,"MDACT",0.05,"ok",TRUE,0.0100000000000051,"ties should not be present for the one-sample Kolmogorov-Smirnov test","","9c8e7df4c82a983539c1ad3735a4c9bf",17,2,15,20,0.117647058823529,0.75
"linear_sparse_n300_t03_r0014","linear","sparse","paper_adjusted",300,1000,1.9,14,265012438,"MLFDR",0.05,"ok",TRUE,0.450000000000003,"","","3436eb455d930011300abbeda57faecc",17,0,17,20,0,0.85
"confounded_sparse_n300_t03_r0014","confounded","sparse","paper_adjusted",300,1000,1.9,14,49840837,"HDMT",0.05,"ok",TRUE,0.0300000000000011,"ties should not be present for the one-sample Kolmogorov-Smirnov test","","1f9138bd8ebc3aa3c39f1892cf5685e3",8,0,8,16,0,0.5
"confounded_sparse_n300_t03_r0014","confounded","sparse","paper_adjusted",300,1000,1.9,14,49840837,"MDACT",0.05,"ok",TRUE,0,"ties should not be present for the one-sample Kolmogorov-Smirnov test","","c8cf9faeaff81f9e7a38d8dda3ff35b8",12,0,12,16,0,0.75
"confounded_sparse_n300_t03_r0014","confounded","sparse","paper_adjusted",300,1000,1.9,14,49840837,"MLFDR",0.05,"ok",TRUE,0.469999999999999,"","","79ae303994b993bac65438322b897066",15,1,14,16,0.0666666666666667,0.875
"binary_sparse_n300_t03_r0014","binary","sparse","paper_adjusted",300,1000,1.9,14,190602841,"HDMT",0.05,"ok",TRUE,0.0400000000000063,"","","638e76d83670f849e274b9c2b4437650",12,0,12,18,0,0.666666666666667
"binary_sparse_n300_t03_r0014","binary","sparse","paper_adjusted",300,1000,1.9,14,190602841,"MDACT",0.05,"ok",TRUE,0,"","","ab64120c400df5954a91946ca6c64222",15,0,15,18,0,0.833333333333333
"binary_sparse_n300_t03_r0014","binary","sparse","paper_adjusted",300,1000,1.9,14,190602841,"MLFDR",0.05,"ok",TRUE,0.25,"","","c2d9cca442c9acb567409cab1d505178",18,0,18,18,0,1
"linear_dense_n300_t03_r0014","linear","dense","paper_adjusted",300,1000,1.9,14,3446329,"HDMT",0.05,"ok",TRUE,0.0300000000000011,"ties should not be present for the one-sample Kolmogorov-Smirnov test","","c2b8e2e0c35debdcf30ba3636799886d",179,6,173,204,0.0335195530726257,0.848039215686274
"linear_dense_n300_t03_r0014","linear","dense","paper_adjusted",300,1000,1.9,14,3446329,"MDACT",0.05,"ok",TRUE,0.0100000000000051,"ties should not be present for the one-sample Kolmogorov-Smirnov test","","30325bcbd943906f7ab9f20d2f822f2f",180,6,174,204,0.0333333333333333,0.852941176470588
"linear_dense_n300_t03_r0014","linear","dense","paper_adjusted",300,1000,1.9,14,3446329,"MLFDR",0.05,"ok",TRUE,0.190000000000012,"","","97e12636b76893cbc9f644cab400724a",208,11,197,204,0.0528846153846154,0.965686274509804
"confounded_dense_n300_t03_r0014","confounded","dense","paper_adjusted",300,1000,1.9,14,215777634,"HDMT",0.05,"ok",TRUE,0.019999999999996,"ties should not be present for the one-sample Kolmogorov-Smirnov test","","2671e072bb714379bae7275c42bfb47a",185,5,180,205,0.027027027027027,0.878048780487805
"confounded_dense_n300_t03_r0014","confounded","dense","paper_adjusted",300,1000,1.9,14,215777634,"MDACT",0.05,"ok",TRUE,0,"ties should not be present for the one-sample Kolmogorov-Smirnov test","","ce547be28d3af89e06beb9898883ea02",192,5,187,205,0.0260416666666667,0.91219512195122
"confounded_dense_n300_t03_r0014","confounded","dense","paper_adjusted",300,1000,1.9,14,215777634,"MLFDR",0.05,"ok",TRUE,0.159999999999997,"","","382e5a6461ea0d1f59d12f2a894a5b83",207,6,201,205,0.0289855072463768,0.980487804878049
"binary_dense_n300_t03_r0014","binary","dense","paper_adjusted",300,1000,1.9,14,138664495,"HDMT",0.05,"ok",TRUE,0.0200000000000102,"","","0af017b2c5af355baf57c767998590e2",145,3,142,184,0.0206896551724138,0.771739130434783
"binary_dense_n300_t03_r0014","binary","dense","paper_adjusted",300,1000,1.9,14,138664495,"MDACT",0.05,"ok",TRUE,0,"","","823dfe522e9360c89ac071d344249fe5",146,3,143,184,0.0205479452054795,0.777173913043478
"binary_dense_n300_t03_r0014","binary","dense","paper_adjusted",300,1000,1.9,14,138664495,"MLFDR",0.05,"ok",TRUE,0.109999999999999,"","","6558ef7f30d3e57a8aa3a9a0128693f9",176,6,170,184,0.0340909090909091,0.923913043478261
"linear_sparse_n300_t01_r0015","linear","sparse","paper_adjusted",300,1000,1.3,15,216097654,"HDMT",0.05,"ok",TRUE,0.0300000000000011,"ties should not be present for the one-sample Kolmogorov-Smirnov test","","f2b6f14f221adb8473556f6299c72ec7",10,0,10,20,0,0.5
"linear_sparse_n300_t01_r0015","linear","sparse","paper_adjusted",300,1000,1.3,15,216097654,"MDACT",0.05,"ok",TRUE,0.0100000000000051,"ties should not be present for the one-sample Kolmogorov-Smirnov test","","e2a18f98646235efcf300b7ee27b4200",7,0,7,20,0,0.35
"linear_sparse_n300_t01_r0015","linear","sparse","paper_adjusted",300,1000,1.3,15,216097654,"MLFDR",0.05,"ok",TRUE,0.640000000000001,"","","c385c48a0657f82e5fdf293969e0e022",11,0,11,20,0,0.55
"confounded_sparse_n300_t01_r0015","confounded","sparse","paper_adjusted",300,1000,1.3,15,130171012,"HDMT",0.05,"ok",TRUE,0.0300000000000011,"ties should not be present for the one-sample Kolmogorov-Smirnov test","","e2c0ccea2b971404e06e4114359574ea",2,0,2,14,0,0.142857142857143
"confounded_sparse_n300_t01_r0015","confounded","sparse","paper_adjusted",300,1000,1.3,15,130171012,"MDACT",0.05,"ok",TRUE,0.0200000000000102,"ties should not be present for the one-sample Kolmogorov-Smirnov test","","61cfab31f508525037d153c3395f0ff1",2,0,2,14,0,0.142857142857143
"confounded_sparse_n300_t01_r0015","confounded","sparse","paper_adjusted",300,1000,1.3,15,130171012,"MLFDR",0.05,"ok",TRUE,0.579999999999998,"","","e3a7367a886285a687ef119554e200fa",3,0,3,14,0,0.214285714285714
"binary_sparse_n300_t01_r0015","binary","sparse","paper_adjusted",300,1000,1.3,15,122031860,"HDMT",0.05,"ok",TRUE,0.0400000000000063,"","","7a72f2b2fcfd2c45ac0849ddbfbb7a79",6,0,6,27,0,0.222222222222222
"binary_sparse_n300_t01_r0015","binary","sparse","paper_adjusted",300,1000,1.3,15,122031860,"MDACT",0.05,"ok",TRUE,0,"","","a8aaf7c0b2a0c872861884c8f8e591b3",11,0,11,27,0,0.407407407407407
"binary_sparse_n300_t01_r0015","binary","sparse","paper_adjusted",300,1000,1.3,15,122031860,"MLFDR",0.05,"ok",TRUE,1.03,"","","7b625d5e7b1f56afe31209e2ae46cdfc",26,7,19,27,0.269230769230769,0.703703703703704
"linear_dense_n300_t01_r0015","linear","dense","paper_adjusted",300,1000,1.3,15,179250318,"HDMT",0.05,"ok",TRUE,0.0300000000000011,"ties should not be present for the one-sample Kolmogorov-Smirnov test","","23fdb0aa1780cd9d3391e8b7537acc79",136,9,127,219,0.0661764705882353,0.579908675799087
"linear_dense_n300_t01_r0015","linear","dense","paper_adjusted",300,1000,1.3,15,179250318,"MDACT",0.05,"ok",TRUE,0.0200000000000102,"ties should not be present for the one-sample Kolmogorov-Smirnov test","","97846d6b4a31d3074d17c31651186bd0",151,12,139,219,0.0794701986754967,0.634703196347032
"linear_dense_n300_t01_r0015","linear","dense","paper_adjusted",300,1000,1.3,15,179250318,"MLFDR",0.05,"ok",TRUE,0.320000000000007,"","","3c0b3a6c76cd7800dbafda1a28b119f9",173,5,168,219,0.0289017341040462,0.767123287671233
"confounded_dense_n300_t01_r0015","confounded","dense","paper_adjusted",300,1000,1.3,15,247858178,"HDMT",0.05,"ok",TRUE,0.0300000000000011,"ties should not be present for the one-sample Kolmogorov-Smirnov test","","c4ee194b8c95557d8012f9335ed1d25c",125,6,119,206,0.048,0.577669902912621
"confounded_dense_n300_t01_r0015","confounded","dense","paper_adjusted",300,1000,1.3,15,247858178,"MDACT",0.05,"ok",TRUE,0.00999999999999091,"ties should not be present for the one-sample Kolmogorov-Smirnov test","","c4f24346643b6cd05d4ffedbc1949f23",138,9,129,206,0.0652173913043478,0.62621359223301
"confounded_dense_n300_t01_r0015","confounded","dense","paper_adjusted",300,1000,1.3,15,247858178,"MLFDR",0.05,"ok",TRUE,0.329999999999998,"","","efeb54d8d2780835be0356a64e016bef",182,12,170,206,0.0659340659340659,0.825242718446602
"binary_dense_n300_t01_r0015","binary","dense","paper_adjusted",300,1000,1.3,15,199113044,"HDMT",0.05,"ok",TRUE,0.0300000000000011,"","","53bbe4310f99208de0f92723fe662ee6",69,0,69,201,0,0.343283582089552
"binary_dense_n300_t01_r0015","binary","dense","paper_adjusted",300,1000,1.3,15,199113044,"MDACT",0.05,"ok",TRUE,0.019999999999996,"","","558491fac3e3450e0c1b3ede82ce2100",94,1,93,201,0.0106382978723404,0.462686567164179
"binary_dense_n300_t01_r0015","binary","dense","paper_adjusted",300,1000,1.3,15,199113044,"MLFDR",0.05,"ok",TRUE,0.190000000000012,"","","31bfaab985689b8928f4d241e5b5da8e",156,5,151,201,0.032051282051282,0.751243781094527
"linear_sparse_n300_t02_r0015","linear","sparse","paper_adjusted",300,1000,1.5,15,253309305,"HDMT",0.05,"ok",TRUE,0.0300000000000011,"ties should not be present for the one-sample Kolmogorov-Smirnov test","","bb66f5b047776582475f0fd5da5e3afd",2,0,2,15,0,0.133333333333333
"linear_sparse_n300_t02_r0015","linear","sparse","paper_adjusted",300,1000,1.5,15,253309305,"MDACT",0.05,"ok",TRUE,0.00999999999999091,"ties should not be present for the one-sample Kolmogorov-Smirnov test","","24080e9d4e4f6aaea51007902c03b712",2,0,2,15,0,0.133333333333333
"linear_sparse_n300_t02_r0015","linear","sparse","paper_adjusted",300,1000,1.5,15,253309305,"MLFDR",0.05,"ok",TRUE,1.41,"","","a2398ddacedc1d34e899cfa0811bfff2",5,0,5,15,0,0.333333333333333
"confounded_sparse_n300_t02_r0015","confounded","sparse","paper_adjusted",300,1000,1.5,15,236704638,"HDMT",0.05,"ok",TRUE,0.0300000000000011,"ties should not be present for the one-sample Kolmogorov-Smirnov test","","ea75708fc7ec1e8658d11e13f507e3b7",10,1,9,20,0.1,0.45
"confounded_sparse_n300_t02_r0015","confounded","sparse","paper_adjusted",300,1000,1.5,15,236704638,"MDACT",0.05,"ok",TRUE,0.0200000000000102,"ties should not be present for the one-sample Kolmogorov-Smirnov test","","86ce35d75103eed0632bd19539d31940",11,0,11,20,0,0.55
"confounded_sparse_n300_t02_r0015","confounded","sparse","paper_adjusted",300,1000,1.5,15,236704638,"MLFDR",0.05,"ok",TRUE,0.430000000000007,"","","3c9a1b669897cad938056f05f543b567",14,0,14,20,0,0.7
"binary_sparse_n300_t02_r0015","binary","sparse","paper_adjusted",300,1000,1.5,15,203505069,"HDMT",0.05,"ok",TRUE,0.0299999999999869,"","","ee4c4faca457e7a4fef6c1ba2cb739e7",7,0,7,15,0,0.466666666666667
"binary_sparse_n300_t02_r0015","binary","sparse","paper_adjusted",300,1000,1.5,15,203505069,"MDACT",0.05,"ok",TRUE,0.019999999999996,"","","c988f8dede9ae15ce364724a878ed7cb",7,0,7,15,0,0.466666666666667
"binary_sparse_n300_t02_r0015","binary","sparse","paper_adjusted",300,1000,1.5,15,203505069,"MLFDR",0.05,"ok",TRUE,0.530000000000001,"","","7b55838b1041acad47bcc71f080bdd54",8,0,8,15,0,0.533333333333333
"linear_dense_n300_t02_r0015","linear","dense","paper_adjusted",300,1000,1.5,15,211215864,"HDMT",0.05,"ok",TRUE,0.0299999999999869,"ties should not be present for the one-sample Kolmogorov-Smirnov test","","c3bd5fd20e75bff9c52a34c5bd60832e",98,5,93,197,0.0510204081632653,0.472081218274112
"linear_dense_n300_t02_r0015","linear","dense","paper_adjusted",300,1000,1.5,15,211215864,"MDACT",0.05,"ok",TRUE,0.00999999999999091,"ties should not be present for the one-sample Kolmogorov-Smirnov test","","3486dab8c3de4507ffb63b1ff5a14783",118,7,111,197,0.0593220338983051,0.563451776649746
"linear_dense_n300_t02_r0015","linear","dense","paper_adjusted",300,1000,1.5,15,211215864,"MLFDR",0.05,"ok",TRUE,0.359999999999999,"","","04b413b92e19e459c900cfb09ebdecbc",155,9,146,197,0.0580645161290323,0.741116751269036
"confounded_dense_n300_t02_r0015","confounded","dense","paper_adjusted",300,1000,1.5,15,220683061,"HDMT",0.05,"ok",TRUE,0.019999999999996,"ties should not be present for the one-sample Kolmogorov-Smirnov test","","8b87464185292c8563e1325f4c40005c",123,7,116,192,0.0569105691056911,0.604166666666667
"confounded_dense_n300_t02_r0015","confounded","dense","paper_adjusted",300,1000,1.5,15,220683061,"MDACT",0.05,"ok",TRUE,0,"ties should not be present for the one-sample Kolmogorov-Smirnov test","","77a8c5cd4cd33cbd0e4181bae4aebfe5",133,10,123,192,0.075187969924812,0.640625
"confounded_dense_n300_t02_r0015","confounded","dense","paper_adjusted",300,1000,1.5,15,220683061,"MLFDR",0.05,"ok",TRUE,0.159999999999997,"","","dd03f297949c95d99e8d8ab0066f65c5",171,11,160,192,0.064327485380117,0.833333333333333
"binary_dense_n300_t02_r0015","binary","dense","paper_adjusted",300,1000,1.5,15,84549946,"HDMT",0.05,"ok",TRUE,0.0300000000000011,"","","6ab715d73183aeac474ce021875f221c",132,5,127,198,0.0378787878787879,0.641414141414141
"binary_dense_n300_t02_r0015","binary","dense","paper_adjusted",300,1000,1.5,15,84549946,"MDACT",0.05,"ok",TRUE,0.019999999999996,"","","70f522846d55987444fc6b3e4e3038eb",144,6,138,198,0.0416666666666667,0.696969696969697
"binary_dense_n300_t02_r0015","binary","dense","paper_adjusted",300,1000,1.5,15,84549946,"MLFDR",0.05,"ok",TRUE,0.180000000000007,"","","af5b61451ceb9f6a27afcc45fd0b3d97",178,5,173,198,0.0280898876404494,0.873737373737374
"linear_sparse_n300_t03_r0015","linear","sparse","paper_adjusted",300,1000,1.9,15,64682883,"HDMT",0.05,"ok",TRUE,0.0499999999999972,"ties should not be present for the one-sample Kolmogorov-Smirnov test","","b241a1fb32d99a8eb1cd53d374efe1a9",23,3,20,21,0.130434782608696,0.952380952380952
"linear_sparse_n300_t03_r0015","linear","sparse","paper_adjusted",300,1000,1.9,15,64682883,"MDACT",0.05,"ok",TRUE,0.019999999999996,"ties should not be present for the one-sample Kolmogorov-Smirnov test","","53a766df4c335818b4f89d4efb25e35a",19,1,18,21,0.0526315789473684,0.857142857142857
"linear_sparse_n300_t03_r0015","linear","sparse","paper_adjusted",300,1000,1.9,15,64682883,"MLFDR",0.05,"ok",TRUE,0.139999999999986,"","","9372db0b4e009d181af29f9910497ed2",22,2,20,21,0.0909090909090909,0.952380952380952
"confounded_sparse_n300_t03_r0015","confounded","sparse","paper_adjusted",300,1000,1.9,15,235978942,"HDMT",0.05,"ok",TRUE,0.0300000000000011,"ties should not be present for the one-sample Kolmogorov-Smirnov test","","6a51d9dbc3236608cb02f9ace219949b",14,0,14,24,0,0.583333333333333
"confounded_sparse_n300_t03_r0015","confounded","sparse","paper_adjusted",300,1000,1.9,15,235978942,"MDACT",0.05,"ok",TRUE,0,"ties should not be present for the one-sample Kolmogorov-Smirnov test","","b9416b6369f2f28fa8a93fd01b30979c",16,1,15,24,0.0625,0.625
"confounded_sparse_n300_t03_r0015","confounded","sparse","paper_adjusted",300,1000,1.9,15,235978942,"MLFDR",0.05,"ok",TRUE,0.370000000000005,"","","fb39edd014cb5a38641ae6660541ee0a",23,2,21,24,0.0869565217391304,0.875
"binary_sparse_n300_t03_r0015","binary","sparse","paper_adjusted",300,1000,1.9,15,154669889,"HDMT",0.05,"ok",TRUE,0.0300000000000011,"","","51f138069570093a0fd9563d718b3e6b",8,0,8,13,0,0.615384615384615
"binary_sparse_n300_t03_r0015","binary","sparse","paper_adjusted",300,1000,1.9,15,154669889,"MDACT",0.05,"ok",TRUE,0.0200000000000102,"","","cda50843f04fb3cb4171b30e338eab88",7,0,7,13,0,0.538461538461538
"binary_sparse_n300_t03_r0015","binary","sparse","paper_adjusted",300,1000,1.9,15,154669889,"MLFDR",0.05,"ok",TRUE,0.159999999999997,"","","a3d1ff3f9df528eec1204b6e4fd2fa00",10,0,10,13,0,0.769230769230769
"linear_dense_n300_t03_r0015","linear","dense","paper_adjusted",300,1000,1.9,15,161883823,"HDMT",0.05,"ok",TRUE,0.0300000000000011,"ties should not be present for the one-sample Kolmogorov-Smirnov test","","27b4c50652dd78b5f8d06e77c6d34468",203,16,187,203,0.0788177339901478,0.921182266009852
"linear_dense_n300_t03_r0015","linear","dense","paper_adjusted",300,1000,1.9,15,161883823,"MDACT",0.05,"ok",TRUE,0.0100000000000051,"ties should not be present for the one-sample Kolmogorov-Smirnov test","","849276a7a854bc458ce374382e887f3f",204,16,188,203,0.0784313725490196,0.926108374384236
"linear_dense_n300_t03_r0015","linear","dense","paper_adjusted",300,1000,1.9,15,161883823,"MLFDR",0.05,"ok",TRUE,0.120000000000005,"","","ccc03dc2a14b061ccd007662dbc0f721",206,9,197,203,0.0436893203883495,0.970443349753695
"confounded_dense_n300_t03_r0015","confounded","dense","paper_adjusted",300,1000,1.9,15,22926348,"HDMT",0.05,"ok",TRUE,0.0300000000000011,"ties should not be present for the one-sample Kolmogorov-Smirnov test","","b43e735ceaf2f025a3489d886258db27",152,5,147,202,0.0328947368421053,0.727722772277228
"confounded_dense_n300_t03_r0015","confounded","dense","paper_adjusted",300,1000,1.9,15,22926348,"MDACT",0.05,"ok",TRUE,0,"ties should not be present for the one-sample Kolmogorov-Smirnov test","","3fdd959b803dce80e00d41f7e137da6d",158,5,153,202,0.0316455696202532,0.757425742574257
"confounded_dense_n300_t03_r0015","confounded","dense","paper_adjusted",300,1000,1.9,15,22926348,"MLFDR",0.05,"ok",TRUE,0.27000000000001,"","","ec0dd25817843ad3b189cc50e34c5401",199,12,187,202,0.0603015075376884,0.925742574257426
"binary_dense_n300_t03_r0015","binary","dense","paper_adjusted",300,1000,1.9,15,221990580,"HDMT",0.05,"ok",TRUE,0.019999999999996,"","","647e8bea618baea022e31ec32654f548",172,4,168,206,0.0232558139534884,0.815533980582524
"binary_dense_n300_t03_r0015","binary","dense","paper_adjusted",300,1000,1.9,15,221990580,"MDACT",0.05,"ok",TRUE,0,"","","4d46d6517b80650906b41dfd0fa5af3e",180,4,176,206,0.0222222222222222,0.854368932038835
"binary_dense_n300_t03_r0015","binary","dense","paper_adjusted",300,1000,1.9,15,221990580,"MLFDR",0.05,"ok",TRUE,0.299999999999997,"","","889fa221deb2396d6b5e22d1d9d5ab84",217,18,199,206,0.0829493087557604,0.966019417475728
"linear_sparse_n300_t01_r0016","linear","sparse","paper_adjusted",300,1000,1.3,16,40750202,"HDMT",0.05,"ok",TRUE,0.0300000000000011,"ties should not be present for the one-sample Kolmogorov-Smirnov test","","afe4045362754d7917f2d7417b854396",5,0,5,22,0,0.227272727272727
"linear_sparse_n300_t01_r0016","linear","sparse","paper_adjusted",300,1000,1.3,16,40750202,"MDACT",0.05,"ok",TRUE,0.0100000000000051,"ties should not be present for the one-sample Kolmogorov-Smirnov test","","3391e2f990c8f07945cab0802cfa5bca",7,0,7,22,0,0.318181818181818
"linear_sparse_n300_t01_r0016","linear","sparse","paper_adjusted",300,1000,1.3,16,40750202,"MLFDR",0.05,"ok",TRUE,0.480000000000004,"","","3d27baa619467b92e9af580cb4d66811",12,0,12,22,0,0.545454545454545
"confounded_sparse_n300_t01_r0016","confounded","sparse","paper_adjusted",300,1000,1.3,16,228441863,"HDMT",0.05,"ok",TRUE,0.0299999999999869,"ties should not be present for the one-sample Kolmogorov-Smirnov test","","3b8900272e355d91e3ceecb18ae8acef",0,0,0,18,0,0
"confounded_sparse_n300_t01_r0016","confounded","sparse","paper_adjusted",300,1000,1.3,16,228441863,"MDACT",0.05,"ok",TRUE,0.019999999999996,"ties should not be present for the one-sample Kolmogorov-Smirnov test","","cc55528350275ce0348048897fbc7878",1,0,1,18,0,0.0555555555555556
"confounded_sparse_n300_t01_r0016","confounded","sparse","paper_adjusted",300,1000,1.3,16,228441863,"MLFDR",0.05,"ok",TRUE,0.219999999999999,"","","7f2bd017fa0977b181f266c53e9b5cb0",5,0,5,18,0,0.277777777777778
"binary_sparse_n300_t01_r0016","binary","sparse","paper_adjusted",300,1000,1.3,16,169114951,"HDMT",0.05,"ok",TRUE,0.0300000000000011,"","","d92784ca4adf3d5ec2a1757cf06f5f5d",0,0,0,17,0,0
"binary_sparse_n300_t01_r0016","binary","sparse","paper_adjusted",300,1000,1.3,16,169114951,"MDACT",0.05,"ok",TRUE,0.00999999999999091,"","","e09a399f435e76504890e462b94ad60b",2,0,2,17,0,0.117647058823529
"binary_sparse_n300_t01_r0016","binary","sparse","paper_adjusted",300,1000,1.3,16,169114951,"MLFDR",0.05,"ok",TRUE,0.200000000000003,"","","0027e1b81ea60e4300695f0d2d4b1485",8,0,8,17,0,0.470588235294118
"linear_dense_n300_t01_r0016","linear","dense","paper_adjusted",300,1000,1.3,16,98949684,"HDMT",0.05,"ok",TRUE,0.0300000000000011,"ties should not be present for the one-sample Kolmogorov-Smirnov test","","c2395f150463e0d1be53359f8d699f98",80,2,78,203,0.025,0.38423645320197
"linear_dense_n300_t01_r0016","linear","dense","paper_adjusted",300,1000,1.3,16,98949684,"MDACT",0.05,"ok",TRUE,0,"ties should not be present for the one-sample Kolmogorov-Smirnov test","","9623b6d011f3fa638e9fb6ed305159bf",88,2,86,203,0.0227272727272727,0.423645320197044
"linear_dense_n300_t01_r0016","linear","dense","paper_adjusted",300,1000,1.3,16,98949684,"MLFDR",0.05,"ok",TRUE,0.329999999999998,"","","9fbc51e89eb7b2a121b42f1584703be3",150,7,143,203,0.0466666666666667,0.704433497536946
"confounded_dense_n300_t01_r0016","confounded","dense","paper_adjusted",300,1000,1.3,16,132923322,"HDMT",0.05,"ok",TRUE,0.0300000000000011,"ties should not be present for the one-sample Kolmogorov-Smirnov test","","4b104869e49940aa98926c437f5894bd",101,3,98,214,0.0297029702970297,0.457943925233645
"confounded_dense_n300_t01_r0016","confounded","dense","paper_adjusted",300,1000,1.3,16,132923322,"MDACT",0.05,"ok",TRUE,0,"ties should not be present for the one-sample Kolmogorov-Smirnov test","","0010c9a4d3e88a24662a15676c1c8928",123,4,119,214,0.032520325203252,0.55607476635514
"confounded_dense_n300_t01_r0016","confounded","dense","paper_adjusted",300,1000,1.3,16,132923322,"MLFDR",0.05,"ok",TRUE,0.209999999999994,"","","bb24d74ed6c81190fb2da58c2a35ea53",190,15,175,214,0.0789473684210526,0.817757009345794
"binary_dense_n300_t01_r0016","binary","dense","paper_adjusted",300,1000,1.3,16,72884231,"HDMT",0.05,"ok",TRUE,0.0300000000000011,"","","4ff2d5147b3ad5ff3a29e7da0444c309",55,0,55,219,0,0.251141552511416
"binary_dense_n300_t01_r0016","binary","dense","paper_adjusted",300,1000,1.3,16,72884231,"MDACT",0.05,"ok",TRUE,0,"","","b965fc39fc7270d7af3b7e6980dced6c",66,1,65,219,0.0151515151515152,0.296803652968037
"binary_dense_n300_t01_r0016","binary","dense","paper_adjusted",300,1000,1.3,16,72884231,"MLFDR",0.05,"ok",TRUE,0.300000000000011,"","","a1c5a598856611d6e39afe981dc8771b",143,8,135,219,0.0559440559440559,0.616438356164384
"linear_sparse_n300_t02_r0016","linear","sparse","paper_adjusted",300,1000,1.5,16,255641255,"HDMT",0.05,"ok",TRUE,0.0300000000000011,"ties should not be present for the one-sample Kolmogorov-Smirnov test","","9b7125a12f6ba388883ec8bdc8cf51c2",8,0,8,17,0,0.470588235294118
"linear_sparse_n300_t02_r0016","linear","sparse","paper_adjusted",300,1000,1.5,16,255641255,"MDACT",0.05,"ok",TRUE,0.00999999999999091,"ties should not be present for the one-sample Kolmogorov-Smirnov test","","08f72179d4e156d66ced4bfd0a773b58",9,1,8,17,0.111111111111111,0.470588235294118
"linear_sparse_n300_t02_r0016","linear","sparse","paper_adjusted",300,1000,1.5,16,255641255,"MLFDR",0.05,"ok",TRUE,0.269999999999996,"","","e3ab0d279c6a761b04d67509b7b10f5d",11,1,10,17,0.0909090909090909,0.588235294117647
"confounded_sparse_n300_t02_r0016","confounded","sparse","paper_adjusted",300,1000,1.5,16,197855516,"HDMT",0.05,"ok",TRUE,0.0300000000000011,"ties should not be present for the one-sample Kolmogorov-Smirnov test","","b4bf7bea42328a5a4871da3b5768cc6b",12,1,11,15,0.0833333333333333,0.733333333333333
"confounded_sparse_n300_t02_r0016","confounded","sparse","paper_adjusted",300,1000,1.5,16,197855516,"MDACT",0.05,"ok",TRUE,0.019999999999996,"ties should not be present for the one-sample Kolmogorov-Smirnov test","","15b4b7d0dc513a268654266a6a83a5d8",12,1,11,15,0.0833333333333333,0.733333333333333
"confounded_sparse_n300_t02_r0016","confounded","sparse","paper_adjusted",300,1000,1.5,16,197855516,"MLFDR",0.05,"ok",TRUE,0.140000000000001,"","","84e864444aa953ffdf55f4f29038c07a",16,2,14,15,0.125,0.933333333333333
"binary_sparse_n300_t02_r0016","binary","sparse","paper_adjusted",300,1000,1.5,16,44612034,"HDMT",0.05,"ok",TRUE,0.0499999999999972,"","","60db2d3cc83db640311b2bd323b1f1cc",9,0,9,22,0,0.409090909090909
"binary_sparse_n300_t02_r0016","binary","sparse","paper_adjusted",300,1000,1.5,16,44612034,"MDACT",0.05,"ok",TRUE,0.019999999999996,"","","98d057ecd8224776cac19c178e6b1729",11,0,11,22,0,0.5
"binary_sparse_n300_t02_r0016","binary","sparse","paper_adjusted",300,1000,1.5,16,44612034,"MLFDR",0.05,"ok",TRUE,0.350000000000009,"","","ba5dce959cb6509abf62f8bdd393345d",16,0,16,22,0,0.727272727272727
"linear_dense_n300_t02_r0016","linear","dense","paper_adjusted",300,1000,1.5,16,28727954,"HDMT",0.05,"ok",TRUE,0.0300000000000011,"ties should not be present for the one-sample Kolmogorov-Smirnov test","","a8cc44aadd61e9bc3f6afca52be51246",104,4,100,190,0.0384615384615385,0.526315789473684
"linear_dense_n300_t02_r0016","linear","dense","paper_adjusted",300,1000,1.5,16,28727954,"MDACT",0.05,"ok",TRUE,0.019999999999996,"ties should not be present for the one-sample Kolmogorov-Smirnov test","","8de0395f8377afc813269f717d342876",107,4,103,190,0.0373831775700935,0.542105263157895
"linear_dense_n300_t02_r0016","linear","dense","paper_adjusted",300,1000,1.5,16,28727954,"MLFDR",0.05,"ok",TRUE,0.329999999999998,"","","d836c7b7cf13aed398fd6d612980fc0b",163,11,152,190,0.0674846625766871,0.8
"confounded_dense_n300_t02_r0016","confounded","dense","paper_adjusted",300,1000,1.5,16,229508298,"HDMT",0.05,"ok",TRUE,0.0300000000000011,"ties should not be present for the one-sample Kolmogorov-Smirnov test","","c2a4cc5da1f38e089d5c112f63a9012b",116,4,112,198,0.0344827586206897,0.565656565656566
"confounded_dense_n300_t02_r0016","confounded","dense","paper_adjusted",300,1000,1.5,16,229508298,"MDACT",0.05,"ok",TRUE,0.0100000000000051,"ties should not be present for the one-sample Kolmogorov-Smirnov test","","38830aa25016be483e40cae3b23cf954",126,4,122,198,0.0317460317460317,0.616161616161616
"confounded_dense_n300_t02_r0016","confounded","dense","paper_adjusted",300,1000,1.5,16,229508298,"MLFDR",0.05,"ok",TRUE,0.230000000000004,"","","747af5291668adb0276201dee2c86f7c",172,7,165,198,0.0406976744186047,0.833333333333333
"binary_dense_n300_t02_r0016","binary","dense","paper_adjusted",300,1000,1.5,16,192151669,"HDMT",0.05,"ok",TRUE,0.0300000000000011,"","","73039c72586e1f86a178ea3c8daa2363",113,0,113,199,0,0.5678391959799
"binary_dense_n300_t02_r0016","binary","dense","paper_adjusted",300,1000,1.5,16,192151669,"MDACT",0.05,"ok",TRUE,0,"","","650e117852c2c6830a7e7200224a9aba",113,0,113,199,0,0.5678391959799
"binary_dense_n300_t02_r0016","binary","dense","paper_adjusted",300,1000,1.5,16,192151669,"MLFDR",0.05,"ok",TRUE,0.330000000000013,"","","41de7e646c9be4d7e132d4f6cc40d5fd",167,7,160,199,0.0419161676646707,0.804020100502513
"linear_sparse_n300_t03_r0016","linear","sparse","paper_adjusted",300,1000,1.9,16,154068210,"HDMT",0.05,"ok",TRUE,0.0300000000000011,"ties should not be present for the one-sample Kolmogorov-Smirnov test","","eb6da0b74bc2e8c0531c5f51f3982d3a",12,0,12,17,0,0.705882352941177
"linear_sparse_n300_t03_r0016","linear","sparse","paper_adjusted",300,1000,1.9,16,154068210,"MDACT",0.05,"ok",TRUE,0,"ties should not be present for the one-sample Kolmogorov-Smirnov test","","2b45c686ab21a0c53597623347168a34",14,0,14,17,0,0.823529411764706
"linear_sparse_n300_t03_r0016","linear","sparse","paper_adjusted",300,1000,1.9,16,154068210,"MLFDR",0.05,"ok",TRUE,0.109999999999999,"","","355ffe57b1c3ab658feb8e82c2e842ec",16,0,16,17,0,0.941176470588235
"confounded_sparse_n300_t03_r0016","confounded","sparse","paper_adjusted",300,1000,1.9,16,142953445,"HDMT",0.05,"ok",TRUE,0.00999999999999091,"ties should not be present for the one-sample Kolmogorov-Smirnov test","","fd278d8d7a804d41ebdce9ae0350697c",18,0,18,21,0,0.857142857142857
"confounded_sparse_n300_t03_r0016","confounded","sparse","paper_adjusted",300,1000,1.9,16,142953445,"MDACT",0.05,"ok",TRUE,0,"ties should not be present for the one-sample Kolmogorov-Smirnov test","","81d50f0372eb661c183646757340fe37",15,0,15,21,0,0.714285714285714
"confounded_sparse_n300_t03_r0016","confounded","sparse","paper_adjusted",300,1000,1.9,16,142953445,"MLFDR",0.05,"ok",TRUE,0.0699999999999932,"","","600fc70cc93f46b4603bc45011b3d5f7",20,0,20,21,0,0.952380952380952
"binary_sparse_n300_t03_r0016","binary","sparse","paper_adjusted",300,1000,1.9,16,76488209,"HDMT",0.05,"ok",TRUE,0.019999999999996,"","","d8bca11a85d1194fad57d29a22f6856f",22,4,18,24,0.181818181818182,0.75
"binary_sparse_n300_t03_r0016","binary","sparse","paper_adjusted",300,1000,1.9,16,76488209,"MDACT",0.05,"ok",TRUE,0.0100000000000051,"","","c6d2732e771a2813f17da8e1fc6df186",22,4,18,24,0.181818181818182,0.75
"binary_sparse_n300_t03_r0016","binary","sparse","paper_adjusted",300,1000,1.9,16,76488209,"MLFDR",0.05,"ok",TRUE,0.170000000000002,"","","d4986f810f894222be8c785e59e800c0",21,2,19,24,0.0952380952380952,0.791666666666667
"linear_dense_n300_t03_r0016","linear","dense","paper_adjusted",300,1000,1.9,16,144947955,"HDMT",0.05,"ok",TRUE,0.019999999999996,"ties should not be present for the one-sample Kolmogorov-Smirnov test","","04cb67f48beba206ce72a85c54450a0d",197,8,189,198,0.0406091370558376,0.954545454545455
"linear_dense_n300_t03_r0016","linear","dense","paper_adjusted",300,1000,1.9,16,144947955,"MDACT",0.05,"ok",TRUE,0,"ties should not be present for the one-sample Kolmogorov-Smirnov test","","727767884df4542e04b5f44bed21198d",199,10,189,198,0.050251256281407,0.954545454545455
"linear_dense_n300_t03_r0016","linear","dense","paper_adjusted",300,1000,1.9,16,144947955,"MLFDR",0.05,"ok",TRUE,0.149999999999991,"","","3e238065fec2c99008b58ecb57ca87bc",206,10,196,198,0.0485436893203883,0.98989898989899
"confounded_dense_n300_t03_r0016","confounded","dense","paper_adjusted",300,1000,1.9,16,175857158,"HDMT",0.05,"ok",TRUE,0.0200000000000102,"ties should not be present for the one-sample Kolmogorov-Smirnov test","","454111f58a269a367075fe2450a8b901",182,9,173,218,0.0494505494505494,0.793577981651376
"confounded_dense_n300_t03_r0016","confounded","dense","paper_adjusted",300,1000,1.9,16,175857158,"MDACT",0.05,"ok",TRUE,0,"ties should not be present for the one-sample Kolmogorov-Smirnov test","","b391f26a10d3c36b80d6b434aa0b20f2",190,10,180,218,0.0526315789473684,0.825688073394495
"confounded_dense_n300_t03_r0016","confounded","dense","paper_adjusted",300,1000,1.9,16,175857158,"MLFDR",0.05,"ok",TRUE,0.280000000000001,"","","1fee08739b5be970146da3c7bd0ed500",212,11,201,218,0.0518867924528302,0.922018348623853
"binary_dense_n300_t03_r0016","binary","dense","paper_adjusted",300,1000,1.9,16,150834339,"HDMT",0.05,"ok",TRUE,0.0300000000000011,"","","c1a42f881713dcb3eb60d10414311feb",172,11,161,195,0.063953488372093,0.825641025641026
"binary_dense_n300_t03_r0016","binary","dense","paper_adjusted",300,1000,1.9,16,150834339,"MDACT",0.05,"ok",TRUE,0.019999999999996,"","","46f2e5c1f4e787ceed307179e4c3ad4f",174,12,162,195,0.0689655172413793,0.830769230769231
"binary_dense_n300_t03_r0016","binary","dense","paper_adjusted",300,1000,1.9,16,150834339,"MLFDR",0.05,"ok",TRUE,0.160000000000011,"","","0c034c030b6199aba1dba3eb8ee58f73",196,13,183,195,0.0663265306122449,0.938461538461538
"linear_sparse_n300_t01_r0017","linear","sparse","paper_adjusted",300,1000,1.3,17,234381864,"HDMT",0.05,"ok",TRUE,0.0499999999999972,"ties should not be present for the one-sample Kolmogorov-Smirnov test","","92406acef74d4c73a8880a0ed7d36a57",7,0,7,29,0,0.241379310344828
"linear_sparse_n300_t01_r0017","linear","sparse","paper_adjusted",300,1000,1.3,17,234381864,"MDACT",0.05,"ok",TRUE,0,"ties should not be present for the one-sample Kolmogorov-Smirnov test","","9b0e4103ed8fb716a88c8551e55b1a5b",7,0,7,29,0,0.241379310344828
"linear_sparse_n300_t01_r0017","linear","sparse","paper_adjusted",300,1000,1.3,17,234381864,"MLFDR",0.05,"ok",TRUE,0.340000000000003,"","","b8de2e2d210df4b5cb87fab21da3f2ba",23,2,21,29,0.0869565217391304,0.724137931034483
"confounded_sparse_n300_t01_r0017","confounded","sparse","paper_adjusted",300,1000,1.3,17,110447226,"HDMT",0.05,"ok",TRUE,0.0400000000000063,"ties should not be present for the one-sample Kolmogorov-Smirnov test","","7a15aec17855cb54d0606a790e180253",3,1,2,13,0.333333333333333,0.153846153846154
"confounded_sparse_n300_t01_r0017","confounded","sparse","paper_adjusted",300,1000,1.3,17,110447226,"MDACT",0.05,"ok",TRUE,0.019999999999996,"ties should not be present for the one-sample Kolmogorov-Smirnov test","","33fe2c34acd8165fc4f921748008aa17",1,0,1,13,0,0.0769230769230769
"confounded_sparse_n300_t01_r0017","confounded","sparse","paper_adjusted",300,1000,1.3,17,110447226,"MLFDR",0.05,"ok",TRUE,0.390000000000001,"","","6c335819b13063ecb75c37b0fdc1e625",6,3,3,13,0.5,0.230769230769231
"binary_sparse_n300_t01_r0017","binary","sparse","paper_adjusted",300,1000,1.3,17,257277840,"HDMT",0.05,"ok",TRUE,0.0300000000000011,"","","79a3956afe83501549c5bb08e3dc10a8",1,0,1,22,0,0.0454545454545455
"binary_sparse_n300_t01_r0017","binary","sparse","paper_adjusted",300,1000,1.3,17,257277840,"MDACT",0.05,"ok",TRUE,0.0200000000000102,"","","9a90112ddf6e6913c88aada1f159ada7",1,0,1,22,0,0.0454545454545455
"binary_sparse_n300_t01_r0017","binary","sparse","paper_adjusted",300,1000,1.3,17,257277840,"MLFDR",0.05,"ok",TRUE,0.290000000000006,"","","0a4cf404aa3c43c27e708e0e72c68b9b",8,0,8,22,0,0.363636363636364
"linear_dense_n300_t01_r0017","linear","dense","paper_adjusted",300,1000,1.3,17,192655131,"HDMT",0.05,"ok",TRUE,0.0300000000000011,"ties should not be present for the one-sample Kolmogorov-Smirnov test","","03463a53540d085a73d5b182eedc0936",71,1,70,204,0.0140845070422535,0.343137254901961
"linear_dense_n300_t01_r0017","linear","dense","paper_adjusted",300,1000,1.3,17,192655131,"MDACT",0.05,"ok",TRUE,0.019999999999996,"ties should not be present for the one-sample Kolmogorov-Smirnov test","","f1ec6af90e582fc44c4a0f79fefcba50",85,2,83,204,0.0235294117647059,0.406862745098039
"linear_dense_n300_t01_r0017","linear","dense","paper_adjusted",300,1000,1.3,17,192655131,"MLFDR",0.05,"ok",TRUE,0.63000000000001,"","","b5007fd35ba6c158654e3861ffbb950d",164,12,152,204,0.0731707317073171,0.745098039215686
"confounded_dense_n300_t01_r0017","confounded","dense","paper_adjusted",300,1000,1.3,17,24903848,"HDMT",0.05,"ok",TRUE,0.019999999999996,"ties should not be present for the one-sample Kolmogorov-Smirnov test","","5120535064ceb225e829d5b25f414b07",123,9,114,221,0.0731707317073171,0.515837104072398
"confounded_dense_n300_t01_r0017","confounded","dense","paper_adjusted",300,1000,1.3,17,24903848,"MDACT",0.05,"ok",TRUE,0,"ties should not be present for the one-sample Kolmogorov-Smirnov test","","7306c2ea1bb4c99ccbdf725fd3d95d99",127,9,118,221,0.0708661417322835,0.53393665158371
"confounded_dense_n300_t01_r0017","confounded","dense","paper_adjusted",300,1000,1.3,17,24903848,"MLFDR",0.05,"ok",TRUE,0.359999999999999,"","","8547da090165d179b360ddd623d60ce6",172,10,162,221,0.0581395348837209,0.733031674208145
"binary_dense_n300_t01_r0017","binary","dense","paper_adjusted",300,1000,1.3,17,129076476,"HDMT",0.05,"ok",TRUE,0.0100000000000051,"","","16e6182ec9fbc77a5bc2a74c1edea95e",86,3,83,199,0.0348837209302326,0.417085427135678
"binary_dense_n300_t01_r0017","binary","dense","paper_adjusted",300,1000,1.3,17,129076476,"MDACT",0.05,"ok",TRUE,0,"","","4b5d78875356dc9656ebf61be2fdf04e",101,4,97,199,0.0396039603960396,0.487437185929648
"binary_dense_n300_t01_r0017","binary","dense","paper_adjusted",300,1000,1.3,17,129076476,"MLFDR",0.05,"ok",TRUE,0.25,"","","9c576993f40982945d64fa8e04eb0414",153,14,139,199,0.0915032679738562,0.698492462311558
"linear_sparse_n300_t02_r0017","linear","sparse","paper_adjusted",300,1000,1.5,17,188979058,"HDMT",0.05,"ok",TRUE,0.0299999999999869,"ties should not be present for the one-sample Kolmogorov-Smirnov test","","55ffb65b809f9815e2b47843a92184fc",10,0,10,26,0,0.384615384615385
"linear_sparse_n300_t02_r0017","linear","sparse","paper_adjusted",300,1000,1.5,17,188979058,"MDACT",0.05,"ok",TRUE,0.00999999999999091,"ties should not be present for the one-sample Kolmogorov-Smirnov test","","160d9fdcc789c34588cd5174ab70e195",13,0,13,26,0,0.5
"linear_sparse_n300_t02_r0017","linear","sparse","paper_adjusted",300,1000,1.5,17,188979058,"MLFDR",0.05,"ok",TRUE,0.199999999999989,"","","839aeaab5e5f8f63785e36a2e6209735",19,1,18,26,0.0526315789473684,0.692307692307692
"confounded_sparse_n300_t02_r0017","confounded","sparse","paper_adjusted",300,1000,1.5,17,184846543,"HDMT",0.05,"ok",TRUE,0.0400000000000063,"ties should not be present for the one-sample Kolmogorov-Smirnov test","","e127afeb6d0ecafa39535647605757ee",9,0,9,17,0,0.529411764705882
"confounded_sparse_n300_t02_r0017","confounded","sparse","paper_adjusted",300,1000,1.5,17,184846543,"MDACT",0.05,"ok",TRUE,0,"ties should not be present for the one-sample Kolmogorov-Smirnov test","","7b31e213c2dc22318d66b13c0a9daa93",9,0,9,17,0,0.529411764705882
"confounded_sparse_n300_t02_r0017","confounded","sparse","paper_adjusted",300,1000,1.5,17,184846543,"MLFDR",0.05,"ok",TRUE,0.200000000000003,"","","0f2168fe9bd7cc37bb14992a7aa37852",11,0,11,17,0,0.647058823529412
"binary_sparse_n300_t02_r0017","binary","sparse","paper_adjusted",300,1000,1.5,17,266529541,"HDMT",0.05,"ok",TRUE,0.019999999999996,"","","e63b81d09d9d6b0130fd9576f6e26aa2",14,0,14,21,0,0.666666666666667
"binary_sparse_n300_t02_r0017","binary","sparse","paper_adjusted",300,1000,1.5,17,266529541,"MDACT",0.05,"ok",TRUE,0.0200000000000102,"","","6b37d8771fffb9c18854e71b653233d7",17,1,16,21,0.0588235294117647,0.761904761904762
"binary_sparse_n300_t02_r0017","binary","sparse","paper_adjusted",300,1000,1.5,17,266529541,"MLFDR",0.05,"ok",TRUE,0.540000000000006,"","","b1156e9962ea72b535e18e8b3cf74a8c",18,1,17,21,0.0555555555555556,0.80952380952381
"linear_dense_n300_t02_r0017","linear","dense","paper_adjusted",300,1000,1.5,17,209398556,"HDMT",0.05,"ok",TRUE,0.0300000000000011,"ties should not be present for the one-sample Kolmogorov-Smirnov test","","7c6f0a30a41a83712b235fc1b424703e",108,6,102,186,0.0555555555555556,0.548387096774194
"linear_dense_n300_t02_r0017","linear","dense","paper_adjusted",300,1000,1.5,17,209398556,"MDACT",0.05,"ok",TRUE,0,"ties should not be present for the one-sample Kolmogorov-Smirnov test","","c4155036b9f0ec8b18df69a723134423",115,5,110,186,0.0434782608695652,0.591397849462366
"linear_dense_n300_t02_r0017","linear","dense","paper_adjusted",300,1000,1.5,17,209398556,"MLFDR",0.05,"ok",TRUE,0.309999999999988,"","","e88d130110093a01b0be6e15ff879f59",154,4,150,186,0.025974025974026,0.806451612903226
"confounded_dense_n300_t02_r0017","confounded","dense","paper_adjusted",300,1000,1.5,17,101557836,"HDMT",0.05,"ok",TRUE,0.0300000000000011,"ties should not be present for the one-sample Kolmogorov-Smirnov test","","917fb389f0fc03804bd14265a136c820",114,4,110,208,0.0350877192982456,0.528846153846154
"confounded_dense_n300_t02_r0017","confounded","dense","paper_adjusted",300,1000,1.5,17,101557836,"MDACT",0.05,"ok",TRUE,0,"ties should not be present for the one-sample Kolmogorov-Smirnov test","","a8fa2977176b45a44fc4bd6a8d63b6a8",117,4,113,208,0.0341880341880342,0.543269230769231
"confounded_dense_n300_t02_r0017","confounded","dense","paper_adjusted",300,1000,1.5,17,101557836,"MLFDR",0.05,"ok",TRUE,0.409999999999997,"","","78d706865691bbf2a4e9cb73116d9cdb",171,8,163,208,0.0467836257309941,0.783653846153846
"binary_dense_n300_t02_r0017","binary","dense","paper_adjusted",300,1000,1.5,17,145304890,"HDMT",0.05,"ok",TRUE,0.0300000000000011,"","","645a2e2d9cb923c59923785083a8e704",84,1,83,180,0.0119047619047619,0.461111111111111
"binary_dense_n300_t02_r0017","binary","dense","paper_adjusted",300,1000,1.5,17,145304890,"MDACT",0.05,"ok",TRUE,0.0100000000000051,"","","bac542472db914f848e82d903d2d413c",93,1,92,180,0.010752688172043,0.511111111111111
"binary_dense_n300_t02_r0017","binary","dense","paper_adjusted",300,1000,1.5,17,145304890,"MLFDR",0.05,"ok",TRUE,0.25,"","","0450bb861abf72e6286006f9a2be0cfd",138,7,131,180,0.0507246376811594,0.727777777777778
"linear_sparse_n300_t03_r0017","linear","sparse","paper_adjusted",300,1000,1.9,17,196004829,"HDMT",0.05,"ok",TRUE,0.00999999999999091,"ties should not be present for the one-sample Kolmogorov-Smirnov test","","0e941c281f54d8e4a5c35c0bce521501",10,0,10,11,0,0.909090909090909
"linear_sparse_n300_t03_r0017","linear","sparse","paper_adjusted",300,1000,1.9,17,196004829,"MDACT",0.05,"ok",TRUE,0,"ties should not be present for the one-sample Kolmogorov-Smirnov test","","e1e1dd8ca70a6ed9094890d2fa1688bd",11,1,10,11,0.0909090909090909,0.909090909090909
"linear_sparse_n300_t03_r0017","linear","sparse","paper_adjusted",300,1000,1.9,17,196004829,"MLFDR",0.05,"ok",TRUE,0.179999999999993,"","","a8b83411d0bc4fff3849a3c1ccac64a5",10,0,10,11,0,0.909090909090909
"confounded_sparse_n300_t03_r0017","confounded","sparse","paper_adjusted",300,1000,1.9,17,178717797,"HDMT",0.05,"ok",TRUE,0.0300000000000011,"ties should not be present for the one-sample Kolmogorov-Smirnov test","","1d1762e2c13431094ab0fb5d37d90510",9,0,9,15,0,0.6
"confounded_sparse_n300_t03_r0017","confounded","sparse","paper_adjusted",300,1000,1.9,17,178717797,"MDACT",0.05,"ok",TRUE,0.0100000000000051,"ties should not be present for the one-sample Kolmogorov-Smirnov test","","602187930557afa59b4eae42c783887f",11,0,11,15,0,0.733333333333333
"confounded_sparse_n300_t03_r0017","confounded","sparse","paper_adjusted",300,1000,1.9,17,178717797,"MLFDR",0.05,"ok",TRUE,0.25,"","","fbb03e1d69676e0a0dd125376587e401",12,1,11,15,0.0833333333333333,0.733333333333333
"binary_sparse_n300_t03_r0017","binary","sparse","paper_adjusted",300,1000,1.9,17,69441725,"HDMT",0.05,"ok",TRUE,0.0100000000000051,"","","85d61f3a1f8bceef5bcbdf766d3e18f8",18,2,16,17,0.111111111111111,0.941176470588235
"binary_sparse_n300_t03_r0017","binary","sparse","paper_adjusted",300,1000,1.9,17,69441725,"MDACT",0.05,"ok",TRUE,0.00999999999999091,"","","536b75811173309271e5f906d1c20e3e",18,1,17,17,0.0555555555555556,1
"binary_sparse_n300_t03_r0017","binary","sparse","paper_adjusted",300,1000,1.9,17,69441725,"MLFDR",0.05,"ok",TRUE,0.0900000000000034,"","","d0fac622f81fe5b3ce171e53a7e1063a",17,0,17,17,0,1
"linear_dense_n300_t03_r0017","linear","dense","paper_adjusted",300,1000,1.9,17,37572246,"HDMT",0.05,"ok",TRUE,0.0400000000000063,"ties should not be present for the one-sample Kolmogorov-Smirnov test","","3ff9b19e8c179b535949513d9fdb945e",182,13,169,195,0.0714285714285714,0.866666666666667
"linear_dense_n300_t03_r0017","linear","dense","paper_adjusted",300,1000,1.9,17,37572246,"MDACT",0.05,"ok",TRUE,0.019999999999996,"ties should not be present for the one-sample Kolmogorov-Smirnov test","","641a2e3b5cee14371829b02d86274c83",182,11,171,195,0.0604395604395604,0.876923076923077
"linear_dense_n300_t03_r0017","linear","dense","paper_adjusted",300,1000,1.9,17,37572246,"MLFDR",0.05,"ok",TRUE,0.149999999999991,"","","bdd228193d88f43576f6479f0aa6982b",198,11,187,195,0.0555555555555556,0.958974358974359
"confounded_dense_n300_t03_r0017","confounded","dense","paper_adjusted",300,1000,1.9,17,41197845,"HDMT",0.05,"ok",TRUE,0.0300000000000011,"ties should not be present for the one-sample Kolmogorov-Smirnov test","","4ee39748b06d4a764421df304d0ca8e2",196,8,188,217,0.0408163265306122,0.866359447004608
"confounded_dense_n300_t03_r0017","confounded","dense","paper_adjusted",300,1000,1.9,17,41197845,"MDACT",0.05,"ok",TRUE,0.019999999999996,"ties should not be present for the one-sample Kolmogorov-Smirnov test","","59b1aecec364f714f7f0edc51a01faaa",195,7,188,217,0.0358974358974359,0.866359447004608
"confounded_dense_n300_t03_r0017","confounded","dense","paper_adjusted",300,1000,1.9,17,41197845,"MLFDR",0.05,"ok",TRUE,0.170000000000002,"","","1e7b5fb426e1922cd2cb342c81806ce3",223,12,211,217,0.0538116591928251,0.972350230414747
"binary_dense_n300_t03_r0017","binary","dense","paper_adjusted",300,1000,1.9,17,255344947,"HDMT",0.05,"ok",TRUE,0.0300000000000011,"","","a37fffd2103718425391a30de1e25f1a",183,6,177,205,0.0327868852459016,0.863414634146341
"binary_dense_n300_t03_r0017","binary","dense","paper_adjusted",300,1000,1.9,17,255344947,"MDACT",0.05,"ok",TRUE,0.019999999999996,"","","c029c35fea2deaee85335c085bc40c6a",187,6,181,205,0.0320855614973262,0.882926829268293
"binary_dense_n300_t03_r0017","binary","dense","paper_adjusted",300,1000,1.9,17,255344947,"MLFDR",0.05,"ok",TRUE,0.189999999999998,"","","1c41bc59da70aeac3d53e6d55c157ed9",201,4,197,205,0.0199004975124378,0.960975609756098
"linear_sparse_n300_t01_r0018","linear","sparse","paper_adjusted",300,1000,1.3,18,182742863,"HDMT",0.05,"ok",TRUE,0.0100000000000051,"ties should not be present for the one-sample Kolmogorov-Smirnov test","","3e9f68d915dae9473e41db620524a096",9,0,9,18,0,0.5
"linear_sparse_n300_t01_r0018","linear","sparse","paper_adjusted",300,1000,1.3,18,182742863,"MDACT",0.05,"ok",TRUE,0,"ties should not be present for the one-sample Kolmogorov-Smirnov test","","ba639a0fd0eb26d5fcee21ff5e1089a8",3,0,3,18,0,0.166666666666667
"linear_sparse_n300_t01_r0018","linear","sparse","paper_adjusted",300,1000,1.3,18,182742863,"MLFDR",0.05,"ok",TRUE,0.420000000000002,"","","c9d5aad1fc4edc110fafb7ab74ad4bad",10,1,9,18,0.1,0.5
"confounded_sparse_n300_t01_r0018","confounded","sparse","paper_adjusted",300,1000,1.3,18,229127539,"HDMT",0.05,"ok",TRUE,0.0400000000000063,"ties should not be present for the one-sample Kolmogorov-Smirnov test","","fa1230eab20950dc1d6d5f327f49dd80",4,0,4,24,0,0.166666666666667
"confounded_sparse_n300_t01_r0018","confounded","sparse","paper_adjusted",300,1000,1.3,18,229127539,"MDACT",0.05,"ok",TRUE,0.019999999999996,"ties should not be present for the one-sample Kolmogorov-Smirnov test","","56ba81adf50d048a06f5fbae57c9cd1a",6,1,5,24,0.166666666666667,0.208333333333333
"confounded_sparse_n300_t01_r0018","confounded","sparse","paper_adjusted",300,1000,1.3,18,229127539,"MLFDR",0.05,"ok",TRUE,0.719999999999999,"","","1cc03f188bf770ae666e11a2b40d397f",8,0,8,24,0,0.333333333333333
"binary_sparse_n300_t01_r0018","binary","sparse","paper_adjusted",300,1000,1.3,18,145713027,"HDMT",0.05,"ok",TRUE,0.0300000000000011,"","","6c8f6fd51da65a3f5efe1c909afa7c46",6,0,6,20,0,0.3
"binary_sparse_n300_t01_r0018","binary","sparse","paper_adjusted",300,1000,1.3,18,145713027,"MDACT",0.05,"ok",TRUE,0.019999999999996,"","","7a65c26ded3383d3dc3195377f5bfc29",5,0,5,20,0,0.25
"binary_sparse_n300_t01_r0018","binary","sparse","paper_adjusted",300,1000,1.3,18,145713027,"MLFDR",0.05,"ok",TRUE,0.620000000000005,"","","e8aabe6efac407579dab5542c8ab4ecf",10,0,10,20,0,0.5
"linear_dense_n300_t01_r0018","linear","dense","paper_adjusted",300,1000,1.3,18,252895290,"HDMT",0.05,"ok",TRUE,0.0300000000000011,"ties should not be present for the one-sample Kolmogorov-Smirnov test","","419d4fa6279e58074429256af27ce5d8",90,4,86,215,0.0444444444444444,0.4
"linear_dense_n300_t01_r0018","linear","dense","paper_adjusted",300,1000,1.3,18,252895290,"MDACT",0.05,"ok",TRUE,0.0100000000000051,"ties should not be present for the one-sample Kolmogorov-Smirnov test","","c5c93591ad8dbfb5fe999544eaf7a98f",118,7,111,215,0.0593220338983051,0.516279069767442
"linear_dense_n300_t01_r0018","linear","dense","paper_adjusted",300,1000,1.3,18,252895290,"MLFDR",0.05,"ok",TRUE,0.420000000000002,"","","d8cdb8c7f361885af6bf66d64c85094b",167,8,159,215,0.0479041916167665,0.73953488372093
"confounded_dense_n300_t01_r0018","confounded","dense","paper_adjusted",300,1000,1.3,18,184708675,"HDMT",0.05,"ok",TRUE,0.0300000000000011,"ties should not be present for the one-sample Kolmogorov-Smirnov test","","79266b4e730358dba1c2b98705394bc6",84,1,83,202,0.0119047619047619,0.410891089108911
"confounded_dense_n300_t01_r0018","confounded","dense","paper_adjusted",300,1000,1.3,18,184708675,"MDACT",0.05,"ok",TRUE,0.019999999999996,"ties should not be present for the one-sample Kolmogorov-Smirnov test","","525a3c841b03dd38e3665f6666af9296",119,5,114,202,0.0420168067226891,0.564356435643564
"confounded_dense_n300_t01_r0018","confounded","dense","paper_adjusted",300,1000,1.3,18,184708675,"MLFDR",0.05,"ok",TRUE,0.299999999999997,"","","788d682c3ec435d822640cf574c48612",151,6,145,202,0.0397350993377483,0.717821782178218
"binary_dense_n300_t01_r0018","binary","dense","paper_adjusted",300,1000,1.3,18,150536503,"HDMT",0.05,"ok",TRUE,0.0300000000000011,"","","fabbd24b324f7302c98c26d5eee7a1ea",19,0,19,209,0,0.0909090909090909
"binary_dense_n300_t01_r0018","binary","dense","paper_adjusted",300,1000,1.3,18,150536503,"MDACT",0.05,"ok",TRUE,0.0100000000000051,"","","58bd3f534618f7303949493889c4dccb",20,1,19,209,0.05,0.0909090909090909
"binary_dense_n300_t01_r0018","binary","dense","paper_adjusted",300,1000,1.3,18,150536503,"MLFDR",0.05,"ok",TRUE,0.299999999999997,"","","ebdfd5c193b1a2070bec3449487d368b",44,1,43,209,0.0227272727272727,0.205741626794258
"linear_sparse_n300_t02_r0018","linear","sparse","paper_adjusted",300,1000,1.5,18,212429704,"HDMT",0.05,"ok",TRUE,0.0400000000000063,"ties should not be present for the one-sample Kolmogorov-Smirnov test","","248155975c211d3bfe0a96d3c4c5c082",15,1,14,21,0.0666666666666667,0.666666666666667
"linear_sparse_n300_t02_r0018","linear","sparse","paper_adjusted",300,1000,1.5,18,212429704,"MDACT",0.05,"ok",TRUE,0,"ties should not be present for the one-sample Kolmogorov-Smirnov test","","901a2d48b9ecfac5d137423455489068",17,1,16,21,0.0588235294117647,0.761904761904762
"linear_sparse_n300_t02_r0018","linear","sparse","paper_adjusted",300,1000,1.5,18,212429704,"MLFDR",0.05,"ok",TRUE,0.140000000000001,"","","364db7217f4abd165d379af85e341861",19,0,19,21,0,0.904761904761905
"confounded_sparse_n300_t02_r0018","confounded","sparse","paper_adjusted",300,1000,1.5,18,147299690,"HDMT",0.05,"ok",TRUE,0.0300000000000011,"ties should not be present for the one-sample Kolmogorov-Smirnov test","","ce040725beb8be3fe12e09e5ab88a594",9,0,9,21,0,0.428571428571429
"confounded_sparse_n300_t02_r0018","confounded","sparse","paper_adjusted",300,1000,1.5,18,147299690,"MDACT",0.05,"ok",TRUE,0.0100000000000051,"ties should not be present for the one-sample Kolmogorov-Smirnov test","","fb8aac45fb9e423bf079b335db833c36",9,0,9,21,0,0.428571428571429
"confounded_sparse_n300_t02_r0018","confounded","sparse","paper_adjusted",300,1000,1.5,18,147299690,"MLFDR",0.05,"ok",TRUE,0.370000000000005,"","","40d051a1368c3405f5c3918c2d8dcc80",14,0,14,21,0,0.666666666666667
"binary_sparse_n300_t02_r0018","binary","sparse","paper_adjusted",300,1000,1.5,18,180449051,"HDMT",0.05,"ok",TRUE,0.0300000000000011,"","","7ebe22f6879ff731b7a896bf56310770",12,0,12,25,0,0.48
"binary_sparse_n300_t02_r0018","binary","sparse","paper_adjusted",300,1000,1.5,18,180449051,"MDACT",0.05,"ok",TRUE,0.019999999999996,"","","70d3fdfc6f5129b0ee4fd0f4ea29df5d",15,0,15,25,0,0.6
"binary_sparse_n300_t02_r0018","binary","sparse","paper_adjusted",300,1000,1.5,18,180449051,"MLFDR",0.05,"ok",TRUE,0.970000000000013,"","","a06868af6364f40abf9be060c936e8c7",19,0,19,25,0,0.76
"linear_dense_n300_t02_r0018","linear","dense","paper_adjusted",300,1000,1.5,18,21931193,"HDMT",0.05,"ok",TRUE,0.0300000000000011,"ties should not be present for the one-sample Kolmogorov-Smirnov test","","7de133864516f9269182ba082caeafb5",162,8,154,197,0.0493827160493827,0.781725888324873
"linear_dense_n300_t02_r0018","linear","dense","paper_adjusted",300,1000,1.5,18,21931193,"MDACT",0.05,"ok",TRUE,0.00999999999999091,"ties should not be present for the one-sample Kolmogorov-Smirnov test","","98a0d6daa4eeba17189fdeaf139f9ecf",172,11,161,197,0.063953488372093,0.817258883248731
"linear_dense_n300_t02_r0018","linear","dense","paper_adjusted",300,1000,1.5,18,21931193,"MLFDR",0.05,"ok",TRUE,0.329999999999998,"","","8ec15b7615d5b5a75a242afaecdd430a",184,9,175,197,0.0489130434782609,0.888324873096447
"confounded_dense_n300_t02_r0018","confounded","dense","paper_adjusted",300,1000,1.5,18,264848367,"HDMT",0.05,"ok",TRUE,0.019999999999996,"ties should not be present for the one-sample Kolmogorov-Smirnov test","","6565fa1d967102624ad40ba8292f42cc",178,8,170,215,0.0449438202247191,0.790697674418605
"confounded_dense_n300_t02_r0018","confounded","dense","paper_adjusted",300,1000,1.5,18,264848367,"MDACT",0.05,"ok",TRUE,0.00999999999999091,"ties should not be present for the one-sample Kolmogorov-Smirnov test","","435c3edb6a449c67ed90aa3d6706086e",185,8,177,215,0.0432432432432432,0.823255813953488
"confounded_dense_n300_t02_r0018","confounded","dense","paper_adjusted",300,1000,1.5,18,264848367,"MLFDR",0.05,"ok",TRUE,0.280000000000001,"","","c02a1d51003de87e548ecf596242f18a",213,11,202,215,0.0516431924882629,0.93953488372093
"binary_dense_n300_t02_r0018","binary","dense","paper_adjusted",300,1000,1.5,18,210931797,"HDMT",0.05,"ok",TRUE,0.0300000000000011,"","","f9583545ee65ab0c065d28f74c2233f7",143,5,138,215,0.034965034965035,0.641860465116279
"binary_dense_n300_t02_r0018","binary","dense","paper_adjusted",300,1000,1.5,18,210931797,"MDACT",0.05,"ok",TRUE,0.0200000000000102,"","","ea5dcd75c0d9f5723fb5c87f531f371d",149,6,143,215,0.0402684563758389,0.665116279069767
"binary_dense_n300_t02_r0018","binary","dense","paper_adjusted",300,1000,1.5,18,210931797,"MLFDR",0.05,"ok",TRUE,0.299999999999983,"","","cbd858ca46d66efd240df93ed18f8c74",189,8,181,215,0.0423280423280423,0.841860465116279
"linear_sparse_n300_t03_r0018","linear","sparse","paper_adjusted",300,1000,1.9,18,28285931,"HDMT",0.05,"ok",TRUE,0.0300000000000011,"ties should not be present for the one-sample Kolmogorov-Smirnov test","","a153bf3de5b5dbdf82ae410439dd8d70",17,0,17,24,0,0.708333333333333
"linear_sparse_n300_t03_r0018","linear","sparse","paper_adjusted",300,1000,1.9,18,28285931,"MDACT",0.05,"ok",TRUE,0,"ties should not be present for the one-sample Kolmogorov-Smirnov test","","5ff5517c78216aeddcf9bd045e7c13e0",17,0,17,24,0,0.708333333333333
"linear_sparse_n300_t03_r0018","linear","sparse","paper_adjusted",300,1000,1.9,18,28285931,"MLFDR",0.05,"ok",TRUE,0.27000000000001,"","","a0843f658764c1d8b5266fa409cd02f5",22,1,21,24,0.0454545454545455,0.875
"confounded_sparse_n300_t03_r0018","confounded","sparse","paper_adjusted",300,1000,1.9,18,82667222,"HDMT",0.05,"ok",TRUE,0.0300000000000011,"ties should not be present for the one-sample Kolmogorov-Smirnov test","","a7956a11a18aae48c0f6814800f220dc",17,0,17,19,0,0.894736842105263
"confounded_sparse_n300_t03_r0018","confounded","sparse","paper_adjusted",300,1000,1.9,18,82667222,"MDACT",0.05,"ok",TRUE,0.019999999999996,"ties should not be present for the one-sample Kolmogorov-Smirnov test","","f8c3573c10bed5fb92dcf36e89b0ea65",17,0,17,19,0,0.894736842105263
"confounded_sparse_n300_t03_r0018","confounded","sparse","paper_adjusted",300,1000,1.9,18,82667222,"MLFDR",0.05,"ok",TRUE,0.129999999999995,"","","0af22442b88364e34dbeafd6fc668070",19,1,18,19,0.0526315789473684,0.947368421052632
"binary_sparse_n300_t03_r0018","binary","sparse","paper_adjusted",300,1000,1.9,18,163021772,"HDMT",0.05,"ok",TRUE,0.0300000000000011,"","","50d7cd0eb2026c6e77af584062bb065b",28,2,26,26,0.0714285714285714,1
"binary_sparse_n300_t03_r0018","binary","sparse","paper_adjusted",300,1000,1.9,18,163021772,"MDACT",0.05,"ok",TRUE,0.0200000000000102,"","","73c8e081c939c627f0583d1a070f4814",28,2,26,26,0.0714285714285714,1
"binary_sparse_n300_t03_r0018","binary","sparse","paper_adjusted",300,1000,1.9,18,163021772,"MLFDR",0.05,"ok",TRUE,0.129999999999995,"","","177808164c7eb76d56d11cdddc7daf74",28,2,26,26,0.0714285714285714,1
"linear_dense_n300_t03_r0018","linear","dense","paper_adjusted",300,1000,1.9,18,64612631,"HDMT",0.05,"ok",TRUE,0.0200000000000102,"ties should not be present for the one-sample Kolmogorov-Smirnov test","","8d21ba646aee2149d5691c7257a6e267",150,6,144,182,0.04,0.791208791208791
"linear_dense_n300_t03_r0018","linear","dense","paper_adjusted",300,1000,1.9,18,64612631,"MDACT",0.05,"ok",TRUE,0,"ties should not be present for the one-sample Kolmogorov-Smirnov test","","6ceb739adf1fa38fc3c1ae9332c7e1b4",153,7,146,182,0.0457516339869281,0.802197802197802
"linear_dense_n300_t03_r0018","linear","dense","paper_adjusted",300,1000,1.9,18,64612631,"MLFDR",0.05,"ok",TRUE,0.230000000000004,"","","bd6eeaa88f6c8e8a7a8a194cac8a6ba0",179,9,170,182,0.0502793296089385,0.934065934065934
"confounded_dense_n300_t03_r0018","confounded","dense","paper_adjusted",300,1000,1.9,18,128819972,"HDMT",0.05,"ok",TRUE,0.0300000000000011,"ties should not be present for the one-sample Kolmogorov-Smirnov test","","7c98acc25156674b343a3f0d7ad29599",165,6,159,195,0.0363636363636364,0.815384615384615
"confounded_dense_n300_t03_r0018","confounded","dense","paper_adjusted",300,1000,1.9,18,128819972,"MDACT",0.05,"ok",TRUE,0,"ties should not be present for the one-sample Kolmogorov-Smirnov test","","ca52cb97cddb8b15c6ffe96ce2157bfc",170,6,164,195,0.0352941176470588,0.841025641025641
"confounded_dense_n300_t03_r0018","confounded","dense","paper_adjusted",300,1000,1.9,18,128819972,"MLFDR",0.05,"ok",TRUE,0.120000000000005,"","","696d3927cb648f104674e71e10d390e2",199,14,185,195,0.0703517587939698,0.948717948717949
"binary_dense_n300_t03_r0018","binary","dense","paper_adjusted",300,1000,1.9,18,128983627,"HDMT",0.05,"ok",TRUE,0.0300000000000011,"","","4312c1fa8b706525867f15457ceb725b",181,7,174,188,0.0386740331491713,0.925531914893617
"binary_dense_n300_t03_r0018","binary","dense","paper_adjusted",300,1000,1.9,18,128983627,"MDACT",0.05,"ok",TRUE,0.0199999999999818,"","","840ff2e868246e934e6fee77f5ff9f73",185,11,174,188,0.0594594594594595,0.925531914893617
"binary_dense_n300_t03_r0018","binary","dense","paper_adjusted",300,1000,1.9,18,128983627,"MLFDR",0.05,"ok",TRUE,0.109999999999985,"","","90427650141a6add10ee3219abdf6442",191,7,184,188,0.0366492146596859,0.978723404255319
"linear_sparse_n300_t01_r0019","linear","sparse","paper_adjusted",300,1000,1.3,19,235739588,"HDMT",0.05,"ok",TRUE,0.0300000000000011,"ties should not be present for the one-sample Kolmogorov-Smirnov test","","58f13d89c61c8f75b7402f5fe8f59899",4,0,4,21,0,0.19047619047619
"linear_sparse_n300_t01_r0019","linear","sparse","paper_adjusted",300,1000,1.3,19,235739588,"MDACT",0.05,"ok",TRUE,0.00999999999999091,"ties should not be present for the one-sample Kolmogorov-Smirnov test","","a42e39c88e7cc5f291566dd210c8af2f",6,0,6,21,0,0.285714285714286
"linear_sparse_n300_t01_r0019","linear","sparse","paper_adjusted",300,1000,1.3,19,235739588,"MLFDR",0.05,"ok",TRUE,0.340000000000003,"","","ced6f431fca3de971fac01027e77344e",9,0,9,21,0,0.428571428571429
"confounded_sparse_n300_t01_r0019","confounded","sparse","paper_adjusted",300,1000,1.3,19,33646713,"HDMT",0.05,"ok",TRUE,0.0100000000000193,"ties should not be present for the one-sample Kolmogorov-Smirnov test","","bca685b2340fd65ad97bfd8332f144bb",11,0,11,25,0,0.44
"confounded_sparse_n300_t01_r0019","confounded","sparse","paper_adjusted",300,1000,1.3,19,33646713,"MDACT",0.05,"ok",TRUE,0,"ties should not be present for the one-sample Kolmogorov-Smirnov test","","621cce2ec514ddccb446a4df7830adb7",13,0,13,25,0,0.52
"confounded_sparse_n300_t01_r0019","confounded","sparse","paper_adjusted",300,1000,1.3,19,33646713,"MLFDR",0.05,"ok",TRUE,0.310000000000002,"","","46ddb8b92ce7d1b58750709f53611e5d",16,0,16,25,0,0.64
"binary_sparse_n300_t01_r0019","binary","sparse","paper_adjusted",300,1000,1.3,19,199047749,"HDMT",0.05,"ok",TRUE,0.0300000000000011,"","","9ee9ae34b440003cd0a734475bd5dba4",6,0,6,23,0,0.260869565217391
"binary_sparse_n300_t01_r0019","binary","sparse","paper_adjusted",300,1000,1.3,19,199047749,"MDACT",0.05,"ok",TRUE,0.0199999999999818,"","","043fceb744eca781434d9a2c481d4e85",7,0,7,23,0,0.304347826086957
"binary_sparse_n300_t01_r0019","binary","sparse","paper_adjusted",300,1000,1.3,19,199047749,"MLFDR",0.05,"ok",TRUE,0.219999999999999,"","","d3017f80d7144df70989fb757dc45ade",10,0,10,23,0,0.434782608695652
"linear_dense_n300_t01_r0019","linear","dense","paper_adjusted",300,1000,1.3,19,155301428,"HDMT",0.05,"ok",TRUE,0.0300000000000011,"ties should not be present for the one-sample Kolmogorov-Smirnov test","","2dd309872301839002b3078756e1e2f3",54,0,54,210,0,0.257142857142857
"linear_dense_n300_t01_r0019","linear","dense","paper_adjusted",300,1000,1.3,19,155301428,"MDACT",0.05,"ok",TRUE,0,"ties should not be present for the one-sample Kolmogorov-Smirnov test","","aef5d6e8c0686b683fe73d7cb14ac149",85,1,84,210,0.0117647058823529,0.4
"linear_dense_n300_t01_r0019","linear","dense","paper_adjusted",300,1000,1.3,19,155301428,"MLFDR",0.05,"ok",TRUE,0.280000000000001,"","","7ccd807782b2e239dca280c40ed24f74",160,8,152,210,0.05,0.723809523809524
"confounded_dense_n300_t01_r0019","confounded","dense","paper_adjusted",300,1000,1.3,19,130398686,"HDMT",0.05,"ok",TRUE,0.0300000000000011,"ties should not be present for the one-sample Kolmogorov-Smirnov test","","38edec3d074326deb42aab67af27ca1c",129,7,122,211,0.0542635658914729,0.578199052132701
"confounded_dense_n300_t01_r0019","confounded","dense","paper_adjusted",300,1000,1.3,19,130398686,"MDACT",0.05,"ok",TRUE,0.0100000000000193,"ties should not be present for the one-sample Kolmogorov-Smirnov test","","d2307c84dcbe14cfe0adaecd4d4b0ea9",141,8,133,211,0.0567375886524823,0.630331753554502
"confounded_dense_n300_t01_r0019","confounded","dense","paper_adjusted",300,1000,1.3,19,130398686,"MLFDR",0.05,"ok",TRUE,0.340000000000003,"","","a28a3d8d03e1e2448f7a2d6531912ab5",174,10,164,211,0.0574712643678161,0.777251184834123
"binary_dense_n300_t01_r0019","binary","dense","paper_adjusted",300,1000,1.3,19,238346455,"HDMT",0.05,"ok",TRUE,0.0300000000000011,"","","b6879ee6326dbbaed6a1bb0b8d675057",86,5,81,197,0.0581395348837209,0.411167512690355
"binary_dense_n300_t01_r0019","binary","dense","paper_adjusted",300,1000,1.3,19,238346455,"MDACT",0.05,"ok",TRUE,0,"","","9b77e1cac01c756572372aebf58aca2e",94,5,89,197,0.0531914893617021,0.451776649746193
"binary_dense_n300_t01_r0019","binary","dense","paper_adjusted",300,1000,1.3,19,238346455,"MLFDR",0.05,"ok",TRUE,0.420000000000016,"","","1c8d8d2d5a5ba5d6433296e8a0b76019",152,10,142,197,0.0657894736842105,0.720812182741117
"linear_sparse_n300_t02_r0019","linear","sparse","paper_adjusted",300,1000,1.5,19,202600818,"HDMT",0.05,"ok",TRUE,0.0300000000000011,"ties should not be present for the one-sample Kolmogorov-Smirnov test","","7b46b7bfa11d7c5c9e4ad1af9282055f",5,0,5,23,0,0.217391304347826
"linear_sparse_n300_t02_r0019","linear","sparse","paper_adjusted",300,1000,1.5,19,202600818,"MDACT",0.05,"ok",TRUE,0.00999999999999091,"ties should not be present for the one-sample Kolmogorov-Smirnov test","","4580ddbb2d5c2bbee37ca623aaae70f5",8,0,8,23,0,0.347826086956522
"linear_sparse_n300_t02_r0019","linear","sparse","paper_adjusted",300,1000,1.5,19,202600818,"MLFDR",0.05,"ok",TRUE,0.889999999999986,"","","ed481081c3e6c4d233921827c56c8d00",13,0,13,23,0,0.565217391304348
"confounded_sparse_n300_t02_r0019","confounded","sparse","paper_adjusted",300,1000,1.5,19,194894024,"HDMT",0.05,"ok",TRUE,0.0200000000000102,"ties should not be present for the one-sample Kolmogorov-Smirnov test","","1224a7979bb1533fdb55ca17629d74c4",5,0,5,20,0,0.25
"confounded_sparse_n300_t02_r0019","confounded","sparse","paper_adjusted",300,1000,1.5,19,194894024,"MDACT",0.05,"ok",TRUE,0.0200000000000102,"ties should not be present for the one-sample Kolmogorov-Smirnov test","","a9998b61d5ae728c3e7ae2d9425b5bac",5,0,5,20,0,0.25
"confounded_sparse_n300_t02_r0019","confounded","sparse","paper_adjusted",300,1000,1.5,19,194894024,"MLFDR",0.05,"ok",TRUE,0.219999999999999,"","","3ec94fc427b1f1fed1ca4a17d3426b25",7,1,6,20,0.142857142857143,0.3
"binary_sparse_n300_t02_r0019","binary","sparse","paper_adjusted",300,1000,1.5,19,78805915,"HDMT",0.05,"ok",TRUE,0.039999999999992,"","","636548a3c9a37244118215e39f9f9ff1",14,1,13,19,0.0714285714285714,0.684210526315789
"binary_sparse_n300_t02_r0019","binary","sparse","paper_adjusted",300,1000,1.5,19,78805915,"MDACT",0.05,"ok",TRUE,0.00999999999999091,"","","eafa11bd07de7b0ee2b5438ac6d42e78",14,1,13,19,0.0714285714285714,0.684210526315789
"binary_sparse_n300_t02_r0019","binary","sparse","paper_adjusted",300,1000,1.5,19,78805915,"MLFDR",0.05,"ok",TRUE,0.219999999999999,"","","8dfb73112cc56c09ac6d9608090199d9",18,2,16,19,0.111111111111111,0.842105263157895
"linear_dense_n300_t02_r0019","linear","dense","paper_adjusted",300,1000,1.5,19,158718623,"HDMT",0.05,"ok",TRUE,0.0300000000000011,"ties should not be present for the one-sample Kolmogorov-Smirnov test","","a07ef6b75e69d5e74ada02c736000d9e",102,2,100,190,0.0196078431372549,0.526315789473684
"linear_dense_n300_t02_r0019","linear","dense","paper_adjusted",300,1000,1.5,19,158718623,"MDACT",0.05,"ok",TRUE,0.0200000000000102,"ties should not be present for the one-sample Kolmogorov-Smirnov test","","100d44ecd42f77e6c0635a6bb38b381f",110,3,107,190,0.0272727272727273,0.563157894736842
"linear_dense_n300_t02_r0019","linear","dense","paper_adjusted",300,1000,1.5,19,158718623,"MLFDR",0.05,"ok",TRUE,0.329999999999984,"","","739051d33b38f7f17d7b59e9ca94eac9",155,8,147,190,0.0516129032258065,0.773684210526316
"confounded_dense_n300_t02_r0019","confounded","dense","paper_adjusted",300,1000,1.5,19,198576348,"HDMT",0.05,"ok",TRUE,0.0300000000000011,"ties should not be present for the one-sample Kolmogorov-Smirnov test","","8e904bbfccd124af54ce6a95f31cc323",119,1,118,190,0.00840336134453781,0.621052631578947
"confounded_dense_n300_t02_r0019","confounded","dense","paper_adjusted",300,1000,1.5,19,198576348,"MDACT",0.05,"ok",TRUE,0,"ties should not be present for the one-sample Kolmogorov-Smirnov test","","402ce709a409e2f262896ed4f1d3755c",128,2,126,190,0.015625,0.663157894736842
"confounded_dense_n300_t02_r0019","confounded","dense","paper_adjusted",300,1000,1.5,19,198576348,"MLFDR",0.05,"ok",TRUE,0.210000000000008,"","","4e9dcec792323a41405a46891c013a19",173,8,165,190,0.046242774566474,0.868421052631579
"binary_dense_n300_t02_r0019","binary","dense","paper_adjusted",300,1000,1.5,19,249901582,"HDMT",0.05,"ok",TRUE,0.0200000000000102,"","","cb6c1ecddef033fa3205baaf4e9cf5f4",121,5,116,193,0.0413223140495868,0.601036269430052
"binary_dense_n300_t02_r0019","binary","dense","paper_adjusted",300,1000,1.5,19,249901582,"MDACT",0.05,"ok",TRUE,0.00999999999999091,"","","b8d72fb0cd6f611582c692a0110eaf38",138,9,129,193,0.0652173913043478,0.66839378238342
"binary_dense_n300_t02_r0019","binary","dense","paper_adjusted",300,1000,1.5,19,249901582,"MLFDR",0.05,"ok",TRUE,0.22999999999999,"","","16354daa108d13da7816e251fff92a2d",170,10,160,193,0.0588235294117647,0.829015544041451
"linear_sparse_n300_t03_r0019","linear","sparse","paper_adjusted",300,1000,1.9,19,120838014,"HDMT",0.05,"ok",TRUE,0.0300000000000011,"ties should not be present for the one-sample Kolmogorov-Smirnov test","","5b7d5207acd541b56b979ec27b6bb764",8,0,8,17,0,0.470588235294118
"linear_sparse_n300_t03_r0019","linear","sparse","paper_adjusted",300,1000,1.9,19,120838014,"MDACT",0.05,"ok",TRUE,0.00999999999999091,"ties should not be present for the one-sample Kolmogorov-Smirnov test","","3e499b369946d110063378722a94fd28",8,0,8,17,0,0.470588235294118
"linear_sparse_n300_t03_r0019","linear","sparse","paper_adjusted",300,1000,1.9,19,120838014,"MLFDR",0.05,"ok",TRUE,0.120000000000005,"","","2799425e7b48dbd4d0e0bbf0685722de",9,0,9,17,0,0.529411764705882
"confounded_sparse_n300_t03_r0019","confounded","sparse","paper_adjusted",300,1000,1.9,19,4047854,"HDMT",0.05,"ok",TRUE,0.0300000000000011,"ties should not be present for the one-sample Kolmogorov-Smirnov test","","4b0a9f32dae0721485d6f30996a2a28b",11,2,9,13,0.181818181818182,0.692307692307692
"confounded_sparse_n300_t03_r0019","confounded","sparse","paper_adjusted",300,1000,1.9,19,4047854,"MDACT",0.05,"ok",TRUE,0.00999999999999091,"ties should not be present for the one-sample Kolmogorov-Smirnov test","","458dc898cb1503551fa00cea0ec32064",9,1,8,13,0.111111111111111,0.615384615384615
"confounded_sparse_n300_t03_r0019","confounded","sparse","paper_adjusted",300,1000,1.9,19,4047854,"MLFDR",0.05,"ok",TRUE,0.769999999999982,"","","bb396c144363bd79d8e77ab826648b1e",11,2,9,13,0.181818181818182,0.692307692307692
"binary_sparse_n300_t03_r0019","binary","sparse","paper_adjusted",300,1000,1.9,19,68658966,"HDMT",0.05,"ok",TRUE,0.0300000000000011,"","","b45b1b562a0cdc701cab6e2e00f0187d",26,0,26,33,0,0.787878787878788
"binary_sparse_n300_t03_r0019","binary","sparse","paper_adjusted",300,1000,1.9,19,68658966,"MDACT",0.05,"ok",TRUE,0.0100000000000193,"","","909b6b4ae3a4bb99f9806896be017f47",32,1,31,33,0.03125,0.939393939393939
"binary_sparse_n300_t03_r0019","binary","sparse","paper_adjusted",300,1000,1.9,19,68658966,"MLFDR",0.05,"ok",TRUE,0.109999999999985,"","","9e76f523862ec711984dd43f830a45a6",33,1,32,33,0.0303030303030303,0.96969696969697
"linear_dense_n300_t03_r0019","linear","dense","paper_adjusted",300,1000,1.9,19,259320263,"HDMT",0.05,"ok",TRUE,0.0300000000000011,"ties should not be present for the one-sample Kolmogorov-Smirnov test","","0b0841a28f12de3bf2a25289c0522ea4",144,7,137,208,0.0486111111111111,0.658653846153846
"linear_dense_n300_t03_r0019","linear","dense","paper_adjusted",300,1000,1.9,19,259320263,"MDACT",0.05,"ok",TRUE,0.00999999999999091,"ties should not be present for the one-sample Kolmogorov-Smirnov test","","0cbee877fc319c01ed6ad7021308492f",149,8,141,208,0.0536912751677852,0.677884615384615
"linear_dense_n300_t03_r0019","linear","dense","paper_adjusted",300,1000,1.9,19,259320263,"MLFDR",0.05,"ok",TRUE,0.27000000000001,"","","e236413cc03a589cb33210771a719fa3",199,8,191,208,0.0402010050251256,0.918269230769231
"confounded_dense_n300_t03_r0019","confounded","dense","paper_adjusted",300,1000,1.9,19,243925,"HDMT",0.05,"ok",TRUE,0.0300000000000011,"ties should not be present for the one-sample Kolmogorov-Smirnov test","","a1175256b9343c8b5587a7c877f91add",214,9,205,223,0.0420560747663551,0.919282511210762
"confounded_dense_n300_t03_r0019","confounded","dense","paper_adjusted",300,1000,1.9,19,243925,"MDACT",0.05,"ok",TRUE,0,"ties should not be present for the one-sample Kolmogorov-Smirnov test","","167ded4ec5aad59435d5197f67291c89",215,9,206,223,0.0418604651162791,0.923766816143498
"confounded_dense_n300_t03_r0019","confounded","dense","paper_adjusted",300,1000,1.9,19,243925,"MLFDR",0.05,"ok",TRUE,0.159999999999997,"","","b0fc82c413dbac9e10c4c2151ff71c52",228,14,214,223,0.0614035087719298,0.959641255605381
"binary_dense_n300_t03_r0019","binary","dense","paper_adjusted",300,1000,1.9,19,193923431,"HDMT",0.05,"ok",TRUE,0.0900000000000034,"","","e028a653f1b395dff48083db274d3b97",189,7,182,201,0.037037037037037,0.90547263681592
"binary_dense_n300_t03_r0019","binary","dense","paper_adjusted",300,1000,1.9,19,193923431,"MDACT",0.05,"ok",TRUE,0,"","","755d580950243e19f851a51bd250bb88",189,7,182,201,0.037037037037037,0.90547263681592
"binary_dense_n300_t03_r0019","binary","dense","paper_adjusted",300,1000,1.9,19,193923431,"MLFDR",0.05,"ok",TRUE,0.180000000000007,"","","fd26908039bed12361fa66bf33e8328b",210,13,197,201,0.0619047619047619,0.980099502487562
"linear_sparse_n300_t01_r0020","linear","sparse","paper_adjusted",300,1000,1.3,20,132087743,"HDMT",0.05,"ok",TRUE,0.0300000000000011,"ties should not be present for the one-sample Kolmogorov-Smirnov test","","8271fe920667663819fa1eec0e8cf1df",7,0,7,15,0,0.466666666666667
"linear_sparse_n300_t01_r0020","linear","sparse","paper_adjusted",300,1000,1.3,20,132087743,"MDACT",0.05,"ok",TRUE,0.0200000000000102,"ties should not be present for the one-sample Kolmogorov-Smirnov test","","66db1113ad86f024889ce0712a5e1e7f",10,0,10,15,0,0.666666666666667
"linear_sparse_n300_t01_r0020","linear","sparse","paper_adjusted",300,1000,1.3,20,132087743,"MLFDR",0.05,"ok",TRUE,0.360000000000014,"","","4b1053a4888ef78d20cdb4e2c4e1a0bf",11,0,11,15,0,0.733333333333333
"confounded_sparse_n300_t01_r0020","confounded","sparse","paper_adjusted",300,1000,1.3,20,49525023,"HDMT",0.05,"ok",TRUE,0.0200000000000102,"ties should not be present for the one-sample Kolmogorov-Smirnov test","","0ede9ba547ef1a4f0136bf98addb831a",6,1,5,22,0.166666666666667,0.227272727272727
"confounded_sparse_n300_t01_r0020","confounded","sparse","paper_adjusted",300,1000,1.3,20,49525023,"MDACT",0.05,"ok",TRUE,0,"ties should not be present for the one-sample Kolmogorov-Smirnov test","","9f802c4d6107cf7233dc017c32ed5be1",9,1,8,22,0.111111111111111,0.363636363636364
"confounded_sparse_n300_t01_r0020","confounded","sparse","paper_adjusted",300,1000,1.3,20,49525023,"MLFDR",0.05,"ok",TRUE,0.510000000000019,"","","defcda76f68e325fd91f4a0c128dc869",14,3,11,22,0.214285714285714,0.5
"binary_sparse_n300_t01_r0020","binary","sparse","paper_adjusted",300,1000,1.3,20,248477798,"HDMT",0.05,"ok",TRUE,0.0300000000000011,"","","1e99483b16f251f92f672ab828baaca5",4,0,4,21,0,0.19047619047619
"binary_sparse_n300_t01_r0020","binary","sparse","paper_adjusted",300,1000,1.3,20,248477798,"MDACT",0.05,"ok",TRUE,0.00999999999999091,"","","069738eed19fcc608095014163bc3bab",4,0,4,21,0,0.19047619047619
"binary_sparse_n300_t01_r0020","binary","sparse","paper_adjusted",300,1000,1.3,20,248477798,"MLFDR",0.05,"ok",TRUE,0.359999999999985,"","","fd93bf78da7d8bcc139a36aab4516c1e",11,1,10,21,0.0909090909090909,0.476190476190476
"linear_dense_n300_t01_r0020","linear","dense","paper_adjusted",300,1000,1.3,20,64924908,"HDMT",0.05,"ok",TRUE,0.0300000000000011,"ties should not be present for the one-sample Kolmogorov-Smirnov test","","92533066bcb820a7ad923ac51356ff31",109,1,108,201,0.00917431192660551,0.537313432835821
"linear_dense_n300_t01_r0020","linear","dense","paper_adjusted",300,1000,1.3,20,64924908,"MDACT",0.05,"ok",TRUE,0.0100000000000193,"ties should not be present for the one-sample Kolmogorov-Smirnov test","","369f15237b199bf5b36b5b5fd7c3cfc8",115,4,111,201,0.0347826086956522,0.552238805970149
"linear_dense_n300_t01_r0020","linear","dense","paper_adjusted",300,1000,1.3,20,64924908,"MLFDR",0.05,"ok",TRUE,0.329999999999984,"","","b1ec5e9aa8d9ec00d90774e6268457aa",159,6,153,201,0.0377358490566038,0.761194029850746
"confounded_dense_n300_t01_r0020","confounded","dense","paper_adjusted",300,1000,1.3,20,30454654,"HDMT",0.05,"ok",TRUE,0.0300000000000011,"ties should not be present for the one-sample Kolmogorov-Smirnov test","","c688c89fa782181772bee3b708c521b5",75,4,71,204,0.0533333333333333,0.348039215686274
"confounded_dense_n300_t01_r0020","confounded","dense","paper_adjusted",300,1000,1.3,20,30454654,"MDACT",0.05,"ok",TRUE,0.0200000000000102,"ties should not be present for the one-sample Kolmogorov-Smirnov test","","47625e220b0dee04cd80300fd67eef43",86,4,82,204,0.0465116279069767,0.401960784313726
"confounded_dense_n300_t01_r0020","confounded","dense","paper_adjusted",300,1000,1.3,20,30454654,"MLFDR",0.05,"ok",TRUE,0.5,"","","56ab1e24797b1ee26a0092f9688c845f",152,10,142,204,0.0657894736842105,0.696078431372549
"binary_dense_n300_t01_r0020","binary","dense","paper_adjusted",300,1000,1.3,20,34941359,"HDMT",0.05,"ok",TRUE,0.0100000000000193,"","","f1005fe0a8950a53a33e9c7c9563f9c5",123,3,120,240,0.024390243902439,0.5
"binary_dense_n300_t01_r0020","binary","dense","paper_adjusted",300,1000,1.3,20,34941359,"MDACT",0.05,"ok",TRUE,0,"","","3c5b22909a2bf3d59da4da7e02794484",128,4,124,240,0.03125,0.516666666666667
"binary_dense_n300_t01_r0020","binary","dense","paper_adjusted",300,1000,1.3,20,34941359,"MLFDR",0.05,"ok",TRUE,0.25,"","","f8a20a33a33367ceea000076b56fd409",180,5,175,240,0.0277777777777778,0.729166666666667
"linear_sparse_n300_t02_r0020","linear","sparse","paper_adjusted",300,1000,1.5,20,246391156,"HDMT",0.05,"ok",TRUE,0.0100000000000193,"ties should not be present for the one-sample Kolmogorov-Smirnov test","","ca3368dd6255ead369f97e3bb0185f27",4,0,4,17,0,0.235294117647059
"linear_sparse_n300_t02_r0020","linear","sparse","paper_adjusted",300,1000,1.5,20,246391156,"MDACT",0.05,"ok",TRUE,0,"ties should not be present for the one-sample Kolmogorov-Smirnov test","","5674eefa505462474c9e031c3b327fe4",6,0,6,17,0,0.352941176470588
"linear_sparse_n300_t02_r0020","linear","sparse","paper_adjusted",300,1000,1.5,20,246391156,"MLFDR",0.05,"ok",TRUE,0.25,"","","637134281aa74c1180052dcd72efc51f",18,2,16,17,0.111111111111111,0.941176470588235
"confounded_sparse_n300_t02_r0020","confounded","sparse","paper_adjusted",300,1000,1.5,20,194980614,"HDMT",0.05,"ok",TRUE,0.0199999999999818,"ties should not be present for the one-sample Kolmogorov-Smirnov test","","40b7dc16368b7d59d51b7f7ccde397ec",0,0,0,13,0,0
"confounded_sparse_n300_t02_r0020","confounded","sparse","paper_adjusted",300,1000,1.5,20,194980614,"MDACT",0.05,"ok",TRUE,0.0199999999999818,"ties should not be present for the one-sample Kolmogorov-Smirnov test","","4c7d7cfc5e6eb9d1b96efd1720edaa39",2,0,2,13,0,0.153846153846154
"confounded_sparse_n300_t02_r0020","confounded","sparse","paper_adjusted",300,1000,1.5,20,194980614,"MLFDR",0.05,"ok",TRUE,0.730000000000018,"","","b25855cb51864a47b1713dda0bab5640",3,0,3,13,0,0.230769230769231
"binary_sparse_n300_t02_r0020","binary","sparse","paper_adjusted",300,1000,1.5,20,24464904,"HDMT",0.05,"ok",TRUE,0.0300000000000011,"","","ef3e60849c7261981089f73247c1baee",3,0,3,15,0,0.2
"binary_sparse_n300_t02_r0020","binary","sparse","paper_adjusted",300,1000,1.5,20,24464904,"MDACT",0.05,"ok",TRUE,0.0200000000000102,"","","6720fbdcbe16c7579ced5b58bb162792",4,0,4,15,0,0.266666666666667
"binary_sparse_n300_t02_r0020","binary","sparse","paper_adjusted",300,1000,1.5,20,24464904,"MLFDR",0.05,"ok",TRUE,0.219999999999999,"","","92e6ed02f8c2fe9308d1cb3d09834546",8,0,8,15,0,0.533333333333333
"linear_dense_n300_t02_r0020","linear","dense","paper_adjusted",300,1000,1.5,20,149416233,"HDMT",0.05,"ok",TRUE,0.0300000000000011,"ties should not be present for the one-sample Kolmogorov-Smirnov test","","e87f88324d814383aaafe167f1b00368",106,1,105,179,0.00943396226415094,0.58659217877095
"linear_dense_n300_t02_r0020","linear","dense","paper_adjusted",300,1000,1.5,20,149416233,"MDACT",0.05,"ok",TRUE,0.00999999999999091,"ties should not be present for the one-sample Kolmogorov-Smirnov test","","50b1ceb189fa7a0bd2f35b412a753ffc",118,6,112,179,0.0508474576271186,0.625698324022346
"linear_dense_n300_t02_r0020","linear","dense","paper_adjusted",300,1000,1.5,20,149416233,"MLFDR",0.05,"ok",TRUE,0.419999999999987,"","","371b5dfc4d558ee8e0b669f1c903da8e",162,10,152,179,0.0617283950617284,0.849162011173184
"confounded_dense_n300_t02_r0020","confounded","dense","paper_adjusted",300,1000,1.5,20,1758014,"HDMT",0.05,"ok",TRUE,0.0300000000000011,"ties should not be present for the one-sample Kolmogorov-Smirnov test","","f07648d1c3299f555ea6cb0bd2d96f9a",118,4,114,197,0.0338983050847458,0.578680203045685
"confounded_dense_n300_t02_r0020","confounded","dense","paper_adjusted",300,1000,1.5,20,1758014,"MDACT",0.05,"ok",TRUE,0,"ties should not be present for the one-sample Kolmogorov-Smirnov test","","40d0324ef78589be68687305a9aed600",145,8,137,197,0.0551724137931034,0.695431472081218
"confounded_dense_n300_t02_r0020","confounded","dense","paper_adjusted",300,1000,1.5,20,1758014,"MLFDR",0.05,"ok",TRUE,0.519999999999982,"","","4b1062bb2aa98aef51734bb42902afe4",175,9,166,197,0.0514285714285714,0.842639593908629
"binary_dense_n300_t02_r0020","binary","dense","paper_adjusted",300,1000,1.5,20,121167527,"HDMT",0.05,"ok",TRUE,0.0300000000000011,"","","9eb4e7ba016143996e14538155bcd1eb",116,1,115,206,0.00862068965517241,0.558252427184466
"binary_dense_n300_t02_r0020","binary","dense","paper_adjusted",300,1000,1.5,20,121167527,"MDACT",0.05,"ok",TRUE,0.00999999999999091,"","","fa2934e42d3aba65dd6341ebad182c38",132,4,128,206,0.0303030303030303,0.621359223300971
"binary_dense_n300_t02_r0020","binary","dense","paper_adjusted",300,1000,1.5,20,121167527,"MLFDR",0.05,"ok",TRUE,0.189999999999998,"","","33f87e0863cb72e2565b866a62f633ce",182,8,174,206,0.043956043956044,0.844660194174757
"linear_sparse_n300_t03_r0020","linear","sparse","paper_adjusted",300,1000,1.9,20,244043072,"HDMT",0.05,"ok",TRUE,0.0300000000000011,"ties should not be present for the one-sample Kolmogorov-Smirnov test","","18ed2cd8687af48646f7854a0e4bb2f0",11,0,11,14,0,0.785714285714286
"linear_sparse_n300_t03_r0020","linear","sparse","paper_adjusted",300,1000,1.9,20,244043072,"MDACT",0.05,"ok",TRUE,0.0200000000000102,"ties should not be present for the one-sample Kolmogorov-Smirnov test","","5ccb868972e1917c6755c787fb92f171",10,0,10,14,0,0.714285714285714
"linear_sparse_n300_t03_r0020","linear","sparse","paper_adjusted",300,1000,1.9,20,244043072,"MLFDR",0.05,"ok",TRUE,0.300000000000011,"","","d54dfdd739a4412ad0f41f6c1acf7cf3",15,1,14,14,0.0666666666666667,1
"confounded_sparse_n300_t03_r0020","confounded","sparse","paper_adjusted",300,1000,1.9,20,177345527,"HDMT",0.05,"ok",TRUE,0.0300000000000011,"ties should not be present for the one-sample Kolmogorov-Smirnov test","","142048c8650f495b3281897d68523786",31,6,25,26,0.193548387096774,0.961538461538462
"confounded_sparse_n300_t03_r0020","confounded","sparse","paper_adjusted",300,1000,1.9,20,177345527,"MDACT",0.05,"ok",TRUE,0.0200000000000102,"ties should not be present for the one-sample Kolmogorov-Smirnov test","","6f4d90f2e8850d22c468384118c9e886",30,5,25,26,0.166666666666667,0.961538461538462
"confounded_sparse_n300_t03_r0020","confounded","sparse","paper_adjusted",300,1000,1.9,20,177345527,"MLFDR",0.05,"ok",TRUE,0.329999999999984,"","","5cb93543bb3eb369df3848b4d50e03df",28,3,25,26,0.107142857142857,0.961538461538462
"binary_sparse_n300_t03_r0020","binary","sparse","paper_adjusted",300,1000,1.9,20,82442982,"HDMT",0.05,"ok",TRUE,0.0100000000000193,"","","7108f0e76014e87049f8e5862af59276",7,0,7,13,0,0.538461538461538
"binary_sparse_n300_t03_r0020","binary","sparse","paper_adjusted",300,1000,1.9,20,82442982,"MDACT",0.05,"ok",TRUE,0.0199999999999818,"","","1dcf1de16d878672f7cccd01b7d9f42c",9,1,8,13,0.111111111111111,0.615384615384615
"binary_sparse_n300_t03_r0020","binary","sparse","paper_adjusted",300,1000,1.9,20,82442982,"MLFDR",0.05,"ok",TRUE,0.169999999999987,"","","49771c3ba1fece18852ee8d05777a55b",10,0,10,13,0,0.769230769230769
"linear_dense_n300_t03_r0020","linear","dense","paper_adjusted",300,1000,1.9,20,227861089,"HDMT",0.05,"ok",TRUE,0.00999999999999091,"ties should not be present for the one-sample Kolmogorov-Smirnov test","","dd32592b32d618d64d71e863be259207",164,4,160,190,0.024390243902439,0.842105263157895
"linear_dense_n300_t03_r0020","linear","dense","paper_adjusted",300,1000,1.9,20,227861089,"MDACT",0.05,"ok",TRUE,0.00999999999999091,"ties should not be present for the one-sample Kolmogorov-Smirnov test","","43f639872c0ac2ab342c229359fbc3ff",160,3,157,190,0.01875,0.826315789473684
"linear_dense_n300_t03_r0020","linear","dense","paper_adjusted",300,1000,1.9,20,227861089,"MLFDR",0.05,"ok",TRUE,0.139999999999986,"","","407b75533ac77da772ef7c239aeadebf",189,6,183,190,0.0317460317460317,0.963157894736842
"confounded_dense_n300_t03_r0020","confounded","dense","paper_adjusted",300,1000,1.9,20,395464,"HDMT",0.05,"ok",TRUE,0.0499999999999829,"ties should not be present for the one-sample Kolmogorov-Smirnov test","","7505094d68190ad1a6f594c025575c1e",154,1,153,202,0.00649350649350649,0.757425742574257
"confounded_dense_n300_t03_r0020","confounded","dense","paper_adjusted",300,1000,1.9,20,395464,"MDACT",0.05,"ok",TRUE,0.00999999999999091,"ties should not be present for the one-sample Kolmogorov-Smirnov test","","e4f0531aced44b71ec57708cbbb9f468",160,1,159,202,0.00625,0.787128712871287
"confounded_dense_n300_t03_r0020","confounded","dense","paper_adjusted",300,1000,1.9,20,395464,"MLFDR",0.05,"ok",TRUE,0.169999999999987,"","","3e1e7815b534cf2e34fa28a29415f3fb",199,8,191,202,0.0402010050251256,0.945544554455445
"binary_dense_n300_t03_r0020","binary","dense","paper_adjusted",300,1000,1.9,20,47789764,"HDMT",0.05,"ok",TRUE,0.00999999999999091,"","","24fc9b2de90a08d399b8d19543c3e71d",190,8,182,208,0.0421052631578947,0.875
"binary_dense_n300_t03_r0020","binary","dense","paper_adjusted",300,1000,1.9,20,47789764,"MDACT",0.05,"ok",TRUE,0.0199999999999818,"","","847d3232958936776eb311866bb590d2",187,8,179,208,0.0427807486631016,0.860576923076923
"binary_dense_n300_t03_r0020","binary","dense","paper_adjusted",300,1000,1.9,20,47789764,"MLFDR",0.05,"ok",TRUE,0.109999999999985,"","","0e8cbe7993a77749b2d4c3663c052764",206,7,199,208,0.0339805825242718,0.956730769230769
"linear_sparse_n300_t01_r0021","linear","sparse","paper_adjusted",300,1000,1.3,21,244969227,"HDMT",0.05,"ok",TRUE,0.0200000000000102,"ties should not be present for the one-sample Kolmogorov-Smirnov test","","9cb7596475fef9e549e3457418f9cf98",6,0,6,19,0,0.315789473684211
"linear_sparse_n300_t01_r0021","linear","sparse","paper_adjusted",300,1000,1.3,21,244969227,"MDACT",0.05,"ok",TRUE,0,"ties should not be present for the one-sample Kolmogorov-Smirnov test","","edd4dc62a807602afe99a7275b0df3cb",6,0,6,19,0,0.315789473684211
"linear_sparse_n300_t01_r0021","linear","sparse","paper_adjusted",300,1000,1.3,21,244969227,"MLFDR",0.05,"ok",TRUE,0.219999999999999,"","","557b10d3d1f4e41576c35104eefa3584",10,1,9,19,0.1,0.473684210526316
"confounded_sparse_n300_t01_r0021","confounded","sparse","paper_adjusted",300,1000,1.3,21,140340869,"HDMT",0.05,"ok",TRUE,0.0300000000000011,"ties should not be present for the one-sample Kolmogorov-Smirnov test","","748388b0a638c1a96307a0360f3edc89",5,0,5,13,0,0.384615384615385
"confounded_sparse_n300_t01_r0021","confounded","sparse","paper_adjusted",300,1000,1.3,21,140340869,"MDACT",0.05,"ok",TRUE,0.0200000000000102,"ties should not be present for the one-sample Kolmogorov-Smirnov test","","a8d22e550922a0b5fb048f5c215d5063",5,0,5,13,0,0.384615384615385
"confounded_sparse_n300_t01_r0021","confounded","sparse","paper_adjusted",300,1000,1.3,21,140340869,"MLFDR",0.05,"ok",TRUE,0.200000000000017,"","","89f0ad6a6c296b361684d667172998f5",6,1,5,13,0.166666666666667,0.384615384615385
"binary_sparse_n300_t01_r0021","binary","sparse","paper_adjusted",300,1000,1.3,21,159082694,"HDMT",0.05,"ok",TRUE,0.0300000000000011,"","","228599eb468e923348f3ff99f1275baf",7,1,6,16,0.142857142857143,0.375
"binary_sparse_n300_t01_r0021","binary","sparse","paper_adjusted",300,1000,1.3,21,159082694,"MDACT",0.05,"ok",TRUE,0.0100000000000193,"","","7af0a9b83025f8109d1de791216f97fd",2,0,2,16,0,0.125
"binary_sparse_n300_t01_r0021","binary","sparse","paper_adjusted",300,1000,1.3,21,159082694,"MLFDR",0.05,"ok",TRUE,0.310000000000002,"","","3989ad41448d60a02884c26ea228af09",7,1,6,16,0.142857142857143,0.375
"linear_dense_n300_t01_r0021","linear","dense","paper_adjusted",300,1000,1.3,21,184300738,"HDMT",0.05,"ok",TRUE,0.0100000000000193,"ties should not be present for the one-sample Kolmogorov-Smirnov test","","f2a7d043968399d7ae64350da5736e32",67,3,64,198,0.0447761194029851,0.323232323232323
"linear_dense_n300_t01_r0021","linear","dense","paper_adjusted",300,1000,1.3,21,184300738,"MDACT",0.05,"ok",TRUE,0,"ties should not be present for the one-sample Kolmogorov-Smirnov test","","9be7963564149d368efbdf17b3c84d42",84,3,81,198,0.0357142857142857,0.409090909090909
"linear_dense_n300_t01_r0021","linear","dense","paper_adjusted",300,1000,1.3,21,184300738,"MLFDR",0.05,"ok",TRUE,0.359999999999985,"","","c1f22c24ef1ce579af2b82a448398aef",141,7,134,198,0.049645390070922,0.676767676767677
"confounded_dense_n300_t01_r0021","confounded","dense","paper_adjusted",300,1000,1.3,21,83856174,"HDMT",0.05,"ok",TRUE,0.0300000000000011,"ties should not be present for the one-sample Kolmogorov-Smirnov test","","28bb7c194af9ea347a1b2a7bc2dda33e",51,2,49,176,0.0392156862745098,0.278409090909091
"confounded_dense_n300_t01_r0021","confounded","dense","paper_adjusted",300,1000,1.3,21,83856174,"MDACT",0.05,"ok",TRUE,0,"ties should not be present for the one-sample Kolmogorov-Smirnov test","","9022b5de2b54ae3a74f2f931660baf3b",64,2,62,176,0.03125,0.352272727272727
"confounded_dense_n300_t01_r0021","confounded","dense","paper_adjusted",300,1000,1.3,21,83856174,"MLFDR",0.05,"ok",TRUE,0.330000000000013,"","","1f807a1b3adb73251de9e69029885fed",116,7,109,176,0.0603448275862069,0.619318181818182
"binary_dense_n300_t01_r0021","binary","dense","paper_adjusted",300,1000,1.3,21,84276909,"HDMT",0.05,"ok",TRUE,0.0300000000000011,"","","e765cf0c71d1776e76806dc14d2474ed",53,4,49,216,0.0754716981132075,0.226851851851852
"binary_dense_n300_t01_r0021","binary","dense","paper_adjusted",300,1000,1.3,21,84276909,"MDACT",0.05,"ok",TRUE,0.00999999999999091,"","","840d2d554e1921df272d7ae086817c4a",62,4,58,216,0.0645161290322581,0.268518518518519
"binary_dense_n300_t01_r0021","binary","dense","paper_adjusted",300,1000,1.3,21,84276909,"MLFDR",0.05,"ok",TRUE,0.400000000000006,"","","013fe5bfc6521b5d6139a9827124dbd3",130,5,125,216,0.0384615384615385,0.578703703703704
"linear_sparse_n300_t02_r0021","linear","sparse","paper_adjusted",300,1000,1.5,21,222138521,"HDMT",0.05,"ok",TRUE,0.00999999999999091,"ties should not be present for the one-sample Kolmogorov-Smirnov test","","3f28093fd8bc1a138c2e9e6d31edd232",5,0,5,15,0,0.333333333333333
"linear_sparse_n300_t02_r0021","linear","sparse","paper_adjusted",300,1000,1.5,21,222138521,"MDACT",0.05,"ok",TRUE,0,"ties should not be present for the one-sample Kolmogorov-Smirnov test","","f93bedf4653f201108106c04162d969b",5,0,5,15,0,0.333333333333333
"linear_sparse_n300_t02_r0021","linear","sparse","paper_adjusted",300,1000,1.5,21,222138521,"MLFDR",0.05,"ok",TRUE,0.360000000000014,"","","eaf21eee6c96c43249feb72417cb3271",6,0,6,15,0,0.4
"confounded_sparse_n300_t02_r0021","confounded","sparse","paper_adjusted",300,1000,1.5,21,27749416,"HDMT",0.05,"ok",TRUE,0.0300000000000011,"ties should not be present for the one-sample Kolmogorov-Smirnov test","","e31f0c203cbff2d1216cf77a86e21a1e",4,0,4,25,0,0.16
"confounded_sparse_n300_t02_r0021","confounded","sparse","paper_adjusted",300,1000,1.5,21,27749416,"MDACT",0.05,"ok",TRUE,0.0199999999999818,"ties should not be present for the one-sample Kolmogorov-Smirnov test","","1b63341e5124b73ac812dbd3543af2bb",6,0,6,25,0,0.24
"confounded_sparse_n300_t02_r0021","confounded","sparse","paper_adjusted",300,1000,1.5,21,27749416,"MLFDR",0.05,"ok",TRUE,0.449999999999989,"","","13b7aa964ea8a8472379ebc86bb5abed",15,0,15,25,0,0.6
"binary_sparse_n300_t02_r0021","binary","sparse","paper_adjusted",300,1000,1.5,21,142378755,"HDMT",0.05,"ok",TRUE,0.0300000000000011,"","","9d2442ccdb383c91b8ee426bde50dc12",7,0,7,13,0,0.538461538461538
"binary_sparse_n300_t02_r0021","binary","sparse","paper_adjusted",300,1000,1.5,21,142378755,"MDACT",0.05,"ok",TRUE,0,"","","0d6d125bbf759136fb1ad817b754cd19",7,0,7,13,0,0.538461538461538
"binary_sparse_n300_t02_r0021","binary","sparse","paper_adjusted",300,1000,1.5,21,142378755,"MLFDR",0.05,"ok",TRUE,0.300000000000011,"","","4f6eb33506b2841a267dfe577b34102e",9,1,8,13,0.111111111111111,0.615384615384615
"linear_dense_n300_t02_r0021","linear","dense","paper_adjusted",300,1000,1.5,21,252018756,"HDMT",0.05,"ok",TRUE,0.0300000000000011,"ties should not be present for the one-sample Kolmogorov-Smirnov test","","b5cd760b3b05ff4bea9997edcefa12d1",137,5,132,218,0.0364963503649635,0.605504587155963
"linear_dense_n300_t02_r0021","linear","dense","paper_adjusted",300,1000,1.5,21,252018756,"MDACT",0.05,"ok",TRUE,0.0100000000000193,"ties should not be present for the one-sample Kolmogorov-Smirnov test","","1ae033f5cea552686fb748043d4595bf",147,4,143,218,0.0272108843537415,0.655963302752294
"linear_dense_n300_t02_r0021","linear","dense","paper_adjusted",300,1000,1.5,21,252018756,"MLFDR",0.05,"ok",TRUE,0.25,"","","84a86e73527cdd5eeced6c0b1331bf05",207,12,195,218,0.0579710144927536,0.894495412844037
"confounded_dense_n300_t02_r0021","confounded","dense","paper_adjusted",300,1000,1.5,21,52351177,"HDMT",0.05,"ok",TRUE,0.0300000000000011,"ties should not be present for the one-sample Kolmogorov-Smirnov test","","53e2fa02f8ac9b59ccf12dc28be00493",125,1,124,206,0.008,0.601941747572815
"confounded_dense_n300_t02_r0021","confounded","dense","paper_adjusted",300,1000,1.5,21,52351177,"MDACT",0.05,"ok",TRUE,0.0100000000000193,"ties should not be present for the one-sample Kolmogorov-Smirnov test","","6136ee79cead487796c90b9cef7d1ecd",131,1,130,206,0.00763358778625954,0.631067961165049
"confounded_dense_n300_t02_r0021","confounded","dense","paper_adjusted",300,1000,1.5,21,52351177,"MLFDR",0.05,"ok",TRUE,0.340000000000003,"","","5d39d17df87ef4131796e5ffa28d37ff",184,9,175,206,0.0489130434782609,0.849514563106796
"binary_dense_n300_t02_r0021","binary","dense","paper_adjusted",300,1000,1.5,21,117381625,"HDMT",0.05,"ok",TRUE,0.0300000000000011,"","","87a75e6a6daafb71696acc9b89f9786f",94,4,90,198,0.0425531914893617,0.454545454545455
"binary_dense_n300_t02_r0021","binary","dense","paper_adjusted",300,1000,1.5,21,117381625,"MDACT",0.05,"ok",TRUE,0.00999999999999091,"","","ba04ec79b23ee99d8a794d8d4bea654a",114,6,108,198,0.0526315789473684,0.545454545454545
"binary_dense_n300_t02_r0021","binary","dense","paper_adjusted",300,1000,1.5,21,117381625,"MLFDR",0.05,"ok",TRUE,0.25,"","","16132adb3209893a5fa5ad8f642ea88e",152,9,143,198,0.0592105263157895,0.722222222222222
"linear_sparse_n300_t03_r0021","linear","sparse","paper_adjusted",300,1000,1.9,21,25803462,"HDMT",0.05,"ok",TRUE,0.0300000000000011,"ties should not be present for the one-sample Kolmogorov-Smirnov test","","e1ecfcaa1e3419c5dd60429b4eadf526",15,0,15,25,0,0.6
"linear_sparse_n300_t03_r0021","linear","sparse","paper_adjusted",300,1000,1.9,21,25803462,"MDACT",0.05,"ok",TRUE,0.00999999999999091,"ties should not be present for the one-sample Kolmogorov-Smirnov test","","6a031ef9995d3eeb49e9d7ec592664f0",19,1,18,25,0.0526315789473684,0.72
"linear_sparse_n300_t03_r0021","linear","sparse","paper_adjusted",300,1000,1.9,21,25803462,"MLFDR",0.05,"ok",TRUE,0.719999999999999,"","","b7e226eab2070f16871a8cb7c2cd0bbe",23,2,21,25,0.0869565217391304,0.84
"confounded_sparse_n300_t03_r0021","confounded","sparse","paper_adjusted",300,1000,1.9,21,92020252,"HDMT",0.05,"ok",TRUE,0.0199999999999818,"ties should not be present for the one-sample Kolmogorov-Smirnov test","","9c74adf317b111052e65ad8bde25a61e",19,1,18,23,0.0526315789473684,0.782608695652174
"confounded_sparse_n300_t03_r0021","confounded","sparse","paper_adjusted",300,1000,1.9,21,92020252,"MDACT",0.05,"ok",TRUE,0.0199999999999818,"ties should not be present for the one-sample Kolmogorov-Smirnov test","","6f14212b344e5b618b61112c0c36540b",19,1,18,23,0.0526315789473684,0.782608695652174
"confounded_sparse_n300_t03_r0021","confounded","sparse","paper_adjusted",300,1000,1.9,21,92020252,"MLFDR",0.05,"ok",TRUE,0.129999999999995,"","","0b1f25fe42a0755f575d0ad7f4ddcd80",19,0,19,23,0,0.826086956521739
"binary_sparse_n300_t03_r0021","binary","sparse","paper_adjusted",300,1000,1.9,21,90270335,"HDMT",0.05,"ok",TRUE,0.0300000000000011,"","","527150304d6c967cdaa9c365d342b4c7",12,1,11,14,0.0833333333333333,0.785714285714286
"binary_sparse_n300_t03_r0021","binary","sparse","paper_adjusted",300,1000,1.9,21,90270335,"MDACT",0.05,"ok",TRUE,0.00999999999999091,"","","5acb090785ccae43386facd24f9a9362",12,1,11,14,0.0833333333333333,0.785714285714286
"binary_sparse_n300_t03_r0021","binary","sparse","paper_adjusted",300,1000,1.9,21,90270335,"MLFDR",0.05,"ok",TRUE,0.169999999999987,"","","e04a28f8f3f6a97263648f2163e79383",14,1,13,14,0.0714285714285714,0.928571428571429
"linear_dense_n300_t03_r0021","linear","dense","paper_adjusted",300,1000,1.9,21,78037514,"HDMT",0.05,"ok",TRUE,0.039999999999992,"ties should not be present for the one-sample Kolmogorov-Smirnov test","","80fbe6eae26485277e45b4dd93d2772a",160,10,150,199,0.0625,0.753768844221106
"linear_dense_n300_t03_r0021","linear","dense","paper_adjusted",300,1000,1.9,21,78037514,"MDACT",0.05,"ok",TRUE,0.00999999999999091,"ties should not be present for the one-sample Kolmogorov-Smirnov test","","817411c947fd93c417bb8216388e7657",171,14,157,199,0.0818713450292398,0.78894472361809
"linear_dense_n300_t03_r0021","linear","dense","paper_adjusted",300,1000,1.9,21,78037514,"MLFDR",0.05,"ok",TRUE,0.199999999999989,"","","57e89c52fbb1da0b7d13aad1bacde049",190,12,178,199,0.0631578947368421,0.894472361809045
"confounded_dense_n300_t03_r0021","confounded","dense","paper_adjusted",300,1000,1.9,21,209897303,"HDMT",0.05,"ok",TRUE,0.0300000000000011,"ties should not be present for the one-sample Kolmogorov-Smirnov test","","16630087eb73815a3a46a20a5637c110",169,3,166,206,0.0177514792899408,0.805825242718447
"confounded_dense_n300_t03_r0021","confounded","dense","paper_adjusted",300,1000,1.9,21,209897303,"MDACT",0.05,"ok",TRUE,0.0199999999999818,"ties should not be present for the one-sample Kolmogorov-Smirnov test","","a11e6ffb7a1733fc8c1be241f87a9fad",170,3,167,206,0.0176470588235294,0.810679611650485
"confounded_dense_n300_t03_r0021","confounded","dense","paper_adjusted",300,1000,1.9,21,209897303,"MLFDR",0.05,"ok",TRUE,0.239999999999981,"","","fc178f02f08fbcd01e53a97e1d9046b9",204,9,195,206,0.0441176470588235,0.946601941747573
"binary_dense_n300_t03_r0021","binary","dense","paper_adjusted",300,1000,1.9,21,79327901,"HDMT",0.05,"ok",TRUE,0.0500000000000114,"","","50e071b24fc5bcf1dfbc90945a6ac782",199,4,195,210,0.0201005025125628,0.928571428571429
"binary_dense_n300_t03_r0021","binary","dense","paper_adjusted",300,1000,1.9,21,79327901,"MDACT",0.05,"ok",TRUE,0,"","","94593c3e076d5f6c346ae35eec79938f",203,4,199,210,0.0197044334975369,0.947619047619048
"binary_dense_n300_t03_r0021","binary","dense","paper_adjusted",300,1000,1.9,21,79327901,"MLFDR",0.05,"ok",TRUE,0.210000000000008,"","","524ad42ab6f48b988838ad481a7cdbc3",219,12,207,210,0.0547945205479452,0.985714285714286
"linear_sparse_n300_t01_r0022","linear","sparse","paper_adjusted",300,1000,1.3,22,258418016,"HDMT",0.05,"ok",TRUE,0.039999999999992,"ties should not be present for the one-sample Kolmogorov-Smirnov test","","05e4831e7ade04f7777e3e05242bd5fd",7,1,6,18,0.142857142857143,0.333333333333333
"linear_sparse_n300_t01_r0022","linear","sparse","paper_adjusted",300,1000,1.3,22,258418016,"MDACT",0.05,"ok",TRUE,0.0200000000000102,"ties should not be present for the one-sample Kolmogorov-Smirnov test","","e735345d0754afa9bfd0fd25fb47ffcc",7,1,6,18,0.142857142857143,0.333333333333333
"linear_sparse_n300_t01_r0022","linear","sparse","paper_adjusted",300,1000,1.3,22,258418016,"MLFDR",0.05,"ok",TRUE,0.299999999999983,"","","d3274380c213ce4bc6792f8ad7cb1a77",13,1,12,18,0.0769230769230769,0.666666666666667
"confounded_sparse_n300_t01_r0022","confounded","sparse","paper_adjusted",300,1000,1.3,22,31762507,"HDMT",0.05,"ok",TRUE,0.039999999999992,"ties should not be present for the one-sample Kolmogorov-Smirnov test","","7f62384fb3f40830d62403cbdcc521b6",3,0,3,22,0,0.136363636363636
"confounded_sparse_n300_t01_r0022","confounded","sparse","paper_adjusted",300,1000,1.3,22,31762507,"MDACT",0.05,"ok",TRUE,0.00999999999999091,"ties should not be present for the one-sample Kolmogorov-Smirnov test","","c6679b7a4c71880cd0fc0518fc47cd7c",5,0,5,22,0,0.227272727272727
"confounded_sparse_n300_t01_r0022","confounded","sparse","paper_adjusted",300,1000,1.3,22,31762507,"MLFDR",0.05,"ok",TRUE,0.840000000000003,"","","43796b0295f87e19cdb145527ef8e487",9,0,9,22,0,0.409090909090909
"binary_sparse_n300_t01_r0022","binary","sparse","paper_adjusted",300,1000,1.3,22,201904479,"HDMT",0.05,"ok",TRUE,0.0100000000000193,"","","f3e383f1d9faa4ca2757719da4db4cf4",2,0,2,20,0,0.1
"binary_sparse_n300_t01_r0022","binary","sparse","paper_adjusted",300,1000,1.3,22,201904479,"MDACT",0.05,"ok",TRUE,0.0199999999999818,"","","9499d4c5d26114004d5be912926644e8",2,0,2,20,0,0.1
"binary_sparse_n300_t01_r0022","binary","sparse","paper_adjusted",300,1000,1.3,22,201904479,"MLFDR",0.05,"ok",TRUE,0.620000000000005,"","","d2ec4c586bf225f257cffefb3ea8b494",8,0,8,20,0,0.4
"linear_dense_n300_t01_r0022","linear","dense","paper_adjusted",300,1000,1.3,22,179818059,"HDMT",0.05,"ok",TRUE,0.0199999999999818,"ties should not be present for the one-sample Kolmogorov-Smirnov test","","dd1860168209b96ebbe6f3453d6eb348",58,0,58,191,0,0.303664921465969
"linear_dense_n300_t01_r0022","linear","dense","paper_adjusted",300,1000,1.3,22,179818059,"MDACT",0.05,"ok",TRUE,0.0100000000000193,"ties should not be present for the one-sample Kolmogorov-Smirnov test","","a73a2dd8dca3776e6e98f4b1384ff0ac",64,0,64,191,0,0.335078534031414
"linear_dense_n300_t01_r0022","linear","dense","paper_adjusted",300,1000,1.3,22,179818059,"MLFDR",0.05,"ok",TRUE,0.300000000000011,"","","e98480a4a9bd889e55d927922ac5dfd2",139,4,135,191,0.0287769784172662,0.706806282722513
"confounded_dense_n300_t01_r0022","confounded","dense","paper_adjusted",300,1000,1.3,22,84148822,"HDMT",0.05,"ok",TRUE,0.0300000000000011,"ties should not be present for the one-sample Kolmogorov-Smirnov test","","848d363506f89ebb7a231317e1f3ea15",80,1,79,198,0.0125,0.398989898989899
"confounded_dense_n300_t01_r0022","confounded","dense","paper_adjusted",300,1000,1.3,22,84148822,"MDACT",0.05,"ok",TRUE,0.0100000000000193,"ties should not be present for the one-sample Kolmogorov-Smirnov test","","d38372e0e6e25f8ef1eec3e6c06a4203",100,3,97,198,0.03,0.48989898989899
"confounded_dense_n300_t01_r0022","confounded","dense","paper_adjusted",300,1000,1.3,22,84148822,"MLFDR",0.05,"ok",TRUE,0.580000000000013,"","","a14a1e10f211feb4b3cb3c66dcc4aa4f",162,12,150,198,0.0740740740740741,0.757575757575758
"binary_dense_n300_t01_r0022","binary","dense","paper_adjusted",300,1000,1.3,22,243001552,"HDMT",0.05,"ok",TRUE,0.0300000000000011,"","","6f0690008040a66f6567019579b9e1f6",107,0,107,202,0,0.52970297029703
"binary_dense_n300_t01_r0022","binary","dense","paper_adjusted",300,1000,1.3,22,243001552,"MDACT",0.05,"ok",TRUE,0.00999999999999091,"","","37c80d22d4cf09de6994f8029d39adf2",112,3,109,202,0.0267857142857143,0.53960396039604
"binary_dense_n300_t01_r0022","binary","dense","paper_adjusted",300,1000,1.3,22,243001552,"MLFDR",0.05,"ok",TRUE,0.159999999999997,"","","1cc310220ce0a145741a8a650c7c9b83",139,4,135,202,0.0287769784172662,0.668316831683168
"linear_sparse_n300_t02_r0022","linear","sparse","paper_adjusted",300,1000,1.5,22,108469931,"HDMT",0.05,"ok",TRUE,0.039999999999992,"ties should not be present for the one-sample Kolmogorov-Smirnov test","","9a65bdbdfa3b0425c6f8d754b9c8cda8",2,0,2,19,0,0.105263157894737
"linear_sparse_n300_t02_r0022","linear","sparse","paper_adjusted",300,1000,1.5,22,108469931,"MDACT",0.05,"ok",TRUE,0.0200000000000102,"ties should not be present for the one-sample Kolmogorov-Smirnov test","","da9bc2a286e7f2b83348837dc6e405ae",2,0,2,19,0,0.105263157894737
"linear_sparse_n300_t02_r0022","linear","sparse","paper_adjusted",300,1000,1.5,22,108469931,"MLFDR",0.05,"ok",TRUE,0.189999999999998,"","","0beba5e74662e1163c102d1699d64c55",4,0,4,19,0,0.210526315789474
"confounded_sparse_n300_t02_r0022","confounded","sparse","paper_adjusted",300,1000,1.5,22,148406190,"HDMT",0.05,"ok",TRUE,0.0200000000000102,"ties should not be present for the one-sample Kolmogorov-Smirnov test","","a17522b0824d12efdb2843a573a5bb19",9,1,8,14,0.111111111111111,0.571428571428571
"confounded_sparse_n300_t02_r0022","confounded","sparse","paper_adjusted",300,1000,1.5,22,148406190,"MDACT",0.05,"ok",TRUE,0,"ties should not be present for the one-sample Kolmogorov-Smirnov test","","648382d927dddd21bf00332ac23278e1",8,1,7,14,0.125,0.5
"confounded_sparse_n300_t02_r0022","confounded","sparse","paper_adjusted",300,1000,1.5,22,148406190,"MLFDR",0.05,"ok",TRUE,0.310000000000002,"","","54fb4a610ce7b69d2e2b9f0b62e80c7c",11,1,10,14,0.0909090909090909,0.714285714285714
"binary_sparse_n300_t02_r0022","binary","sparse","paper_adjusted",300,1000,1.5,22,73550746,"HDMT",0.05,"ok",TRUE,0.039999999999992,"","","e01ae92f0831f861b1922f4c09399c32",5,0,5,16,0,0.3125
"binary_sparse_n300_t02_r0022","binary","sparse","paper_adjusted",300,1000,1.5,22,73550746,"MDACT",0.05,"ok",TRUE,0,"","","b1e75aa7487f60adbc2b061743544488",7,0,7,16,0,0.4375
"binary_sparse_n300_t02_r0022","binary","sparse","paper_adjusted",300,1000,1.5,22,73550746,"MLFDR",0.05,"ok",TRUE,0.580000000000013,"","","4a8508cf1452d5697e5099d8a3a270f0",10,0,10,16,0,0.625
"linear_dense_n300_t02_r0022","linear","dense","paper_adjusted",300,1000,1.5,22,199087583,"HDMT",0.05,"ok",TRUE,0.0200000000000102,"ties should not be present for the one-sample Kolmogorov-Smirnov test","","3538aa36ff658cb182792edc88b664c7",128,5,123,206,0.0390625,0.597087378640777
"linear_dense_n300_t02_r0022","linear","dense","paper_adjusted",300,1000,1.5,22,199087583,"MDACT",0.05,"ok",TRUE,0,"ties should not be present for the one-sample Kolmogorov-Smirnov test","","c72f3abb3e9d76df7a69d01cde7659f9",135,7,128,206,0.0518518518518519,0.621359223300971
"linear_dense_n300_t02_r0022","linear","dense","paper_adjusted",300,1000,1.5,22,199087583,"MLFDR",0.05,"ok",TRUE,0.370000000000005,"","","7b7a55423b6167d473f5a3520aca7130",185,16,169,206,0.0864864864864865,0.820388349514563
"confounded_dense_n300_t02_r0022","confounded","dense","paper_adjusted",300,1000,1.5,22,267844481,"HDMT",0.05,"ok",TRUE,0.0300000000000011,"ties should not be present for the one-sample Kolmogorov-Smirnov test","","08f7f430b53453c137dd5b9bed178d2c",122,6,116,197,0.0491803278688525,0.588832487309645
"confounded_dense_n300_t02_r0022","confounded","dense","paper_adjusted",300,1000,1.5,22,267844481,"MDACT",0.05,"ok",TRUE,0.0100000000000193,"ties should not be present for the one-sample Kolmogorov-Smirnov test","","786abf6e5a24c477f84cd01c62278180",124,8,116,197,0.0645161290322581,0.588832487309645
"confounded_dense_n300_t02_r0022","confounded","dense","paper_adjusted",300,1000,1.5,22,267844481,"MLFDR",0.05,"ok",TRUE,0.179999999999978,"","","4202030bc8fb7cde3fc3a0d0d8715a7a",162,4,158,197,0.0246913580246914,0.802030456852792
"binary_dense_n300_t02_r0022","binary","dense","paper_adjusted",300,1000,1.5,22,175539945,"HDMT",0.05,"ok",TRUE,0.0300000000000011,"","","2195590a3657dc2f31760d3e1de5e8b3",85,4,81,187,0.0470588235294118,0.433155080213904
"binary_dense_n300_t02_r0022","binary","dense","paper_adjusted",300,1000,1.5,22,175539945,"MDACT",0.05,"ok",TRUE,0,"","","3f95cfd74b8017d84537b0ef8675d497",97,6,91,187,0.0618556701030928,0.486631016042781
"binary_dense_n300_t02_r0022","binary","dense","paper_adjusted",300,1000,1.5,22,175539945,"MLFDR",0.05,"ok",TRUE,0.469999999999999,"","","10f236ef7d20bfb4ba7bfe2878a0a7c4",148,10,138,187,0.0675675675675676,0.737967914438503
"linear_sparse_n300_t03_r0022","linear","sparse","paper_adjusted",300,1000,1.9,22,126480798,"HDMT",0.05,"ok",TRUE,0.00999999999999091,"ties should not be present for the one-sample Kolmogorov-Smirnov test","","1562be1d485f7d9023423e4fc46ad451",9,0,9,12,0,0.75
"linear_sparse_n300_t03_r0022","linear","sparse","paper_adjusted",300,1000,1.9,22,126480798,"MDACT",0.05,"ok",TRUE,0.00999999999999091,"ties should not be present for the one-sample Kolmogorov-Smirnov test","","561e7bce2146bbae1078f8527d9f0caf",9,0,9,12,0,0.75
"linear_sparse_n300_t03_r0022","linear","sparse","paper_adjusted",300,1000,1.9,22,126480798,"MLFDR",0.05,"ok",TRUE,0.189999999999998,"","","bcf31d081e60c4dfa373c38060b068eb",9,0,9,12,0,0.75
"confounded_sparse_n300_t03_r0022","confounded","sparse","paper_adjusted",300,1000,1.9,22,212332136,"HDMT",0.05,"ok",TRUE,0.0300000000000011,"ties should not be present for the one-sample Kolmogorov-Smirnov test","","4b05390ca14227a01d84be5c25f3dc6c",14,1,13,22,0.0714285714285714,0.590909090909091
"confounded_sparse_n300_t03_r0022","confounded","sparse","paper_adjusted",300,1000,1.9,22,212332136,"MDACT",0.05,"ok",TRUE,0.0199999999999818,"ties should not be present for the one-sample Kolmogorov-Smirnov test","","bb78a19b32c96157dada2d7d65fbe0e0",15,1,14,22,0.0666666666666667,0.636363636363636
"confounded_sparse_n300_t03_r0022","confounded","sparse","paper_adjusted",300,1000,1.9,22,212332136,"MLFDR",0.05,"ok",TRUE,1.06,"","","f8cf4d6ddb6e61d00cac2b408be5e470",18,1,17,22,0.0555555555555556,0.772727272727273
"binary_sparse_n300_t03_r0022","binary","sparse","paper_adjusted",300,1000,1.9,22,124289992,"HDMT",0.05,"ok",TRUE,0.0200000000000102,"","","66466ac54f0fafdb6dfeb5db628442f6",12,0,12,19,0,0.631578947368421
"binary_sparse_n300_t03_r0022","binary","sparse","paper_adjusted",300,1000,1.9,22,124289992,"MDACT",0.05,"ok",TRUE,0,"","","55874dafbc73ee3697110de26a4bb07d",11,0,11,19,0,0.578947368421053
"binary_sparse_n300_t03_r0022","binary","sparse","paper_adjusted",300,1000,1.9,22,124289992,"MLFDR",0.05,"ok",TRUE,0.25,"","","f1e05d04ef3bac2f3afe2ee1b7df752e",17,1,16,19,0.0588235294117647,0.842105263157895
"linear_dense_n300_t03_r0022","linear","dense","paper_adjusted",300,1000,1.9,22,60591528,"HDMT",0.05,"ok",TRUE,0.0300000000000011,"ties should not be present for the one-sample Kolmogorov-Smirnov test","","cbdf9a20746a746ecd5e8f63ecaa8812",188,9,179,211,0.0478723404255319,0.848341232227488
"linear_dense_n300_t03_r0022","linear","dense","paper_adjusted",300,1000,1.9,22,60591528,"MDACT",0.05,"ok",TRUE,0.00999999999999091,"ties should not be present for the one-sample Kolmogorov-Smirnov test","","049b339924dd84e75549c812fa7827a5",193,10,183,211,0.0518134715025907,0.867298578199052
"linear_dense_n300_t03_r0022","linear","dense","paper_adjusted",300,1000,1.9,22,60591528,"MLFDR",0.05,"ok",TRUE,0.280000000000001,"","","d402e9e62bd33693a52e9704e2576f81",217,16,201,211,0.0737327188940092,0.95260663507109
"confounded_dense_n300_t03_r0022","confounded","dense","paper_adjusted",300,1000,1.9,22,145624862,"HDMT",0.05,"ok",TRUE,0.0900000000000034,"ties should not be present for the one-sample Kolmogorov-Smirnov test","","e3b72226197fd7c45e6f17831bbb2710",176,5,171,203,0.0284090909090909,0.842364532019704
"confounded_dense_n300_t03_r0022","confounded","dense","paper_adjusted",300,1000,1.9,22,145624862,"MDACT",0.05,"ok",TRUE,0,"ties should not be present for the one-sample Kolmogorov-Smirnov test","","d7369dcf0505bf558155c18366b35419",178,7,171,203,0.0393258426966292,0.842364532019704
"confounded_dense_n300_t03_r0022","confounded","dense","paper_adjusted",300,1000,1.9,22,145624862,"MLFDR",0.05,"ok",TRUE,0.140000000000015,"","","24c7ee674e2a92960b7bf274582d861f",206,10,196,203,0.0485436893203883,0.96551724137931
"binary_dense_n300_t03_r0022","binary","dense","paper_adjusted",300,1000,1.9,22,167770384,"HDMT",0.05,"ok",TRUE,0.0300000000000011,"","","92a46a78a780d18c5bc8f6df847ecbf6",163,2,161,213,0.0122699386503067,0.755868544600939
"binary_dense_n300_t03_r0022","binary","dense","paper_adjusted",300,1000,1.9,22,167770384,"MDACT",0.05,"ok",TRUE,0.00999999999999091,"","","ab2d3c5a283ecc7047a03e83fd2d2b0e",166,4,162,213,0.0240963855421687,0.76056338028169
"binary_dense_n300_t03_r0022","binary","dense","paper_adjusted",300,1000,1.9,22,167770384,"MLFDR",0.05,"ok",TRUE,0.230000000000018,"","","b5a63fb92812105dd9e3c38e2aa6bc19",202,8,194,213,0.0396039603960396,0.910798122065728
"linear_sparse_n300_t01_r0023","linear","sparse","paper_adjusted",300,1000,1.3,23,210325550,"HDMT",0.05,"ok",TRUE,0.0199999999999818,"ties should not be present for the one-sample Kolmogorov-Smirnov test","","43b1b50a050f1a6c9095750f1231aef1",9,1,8,23,0.111111111111111,0.347826086956522
"linear_sparse_n300_t01_r0023","linear","sparse","paper_adjusted",300,1000,1.3,23,210325550,"MDACT",0.05,"ok",TRUE,0.0100000000000193,"ties should not be present for the one-sample Kolmogorov-Smirnov test","","660c20a26f00303d9928ed3f88845409",9,1,8,23,0.111111111111111,0.347826086956522
"linear_sparse_n300_t01_r0023","linear","sparse","paper_adjusted",300,1000,1.3,23,210325550,"MLFDR",0.05,"ok",TRUE,0.27000000000001,"","","ca6363c571fb3c931624a2d86986d4ed",15,0,15,23,0,0.652173913043478
"confounded_sparse_n300_t01_r0023","confounded","sparse","paper_adjusted",300,1000,1.3,23,238969350,"HDMT",0.05,"ok",TRUE,0.0300000000000011,"ties should not be present for the one-sample Kolmogorov-Smirnov test","","16736740143e1abfc4ff9adda0a79afa",5,1,4,19,0.2,0.210526315789474
"confounded_sparse_n300_t01_r0023","confounded","sparse","paper_adjusted",300,1000,1.3,23,238969350,"MDACT",0.05,"ok",TRUE,0.0100000000000193,"ties should not be present for the one-sample Kolmogorov-Smirnov test","","b28b4105ebd44ba4c2adfcc9693145ac",5,1,4,19,0.2,0.210526315789474
"confounded_sparse_n300_t01_r0023","confounded","sparse","paper_adjusted",300,1000,1.3,23,238969350,"MLFDR",0.05,"ok",TRUE,0.5,"","","32cca59065fc1e226fde034d66e32dc6",11,1,10,19,0.0909090909090909,0.526315789473684
"binary_sparse_n300_t01_r0023","binary","sparse","paper_adjusted",300,1000,1.3,23,229935823,"HDMT",0.05,"ok",TRUE,0.0299999999999727,"","","bc6527d32225fed6e17646965eb958ce",0,0,0,11,0,0
"binary_sparse_n300_t01_r0023","binary","sparse","paper_adjusted",300,1000,1.3,23,229935823,"MDACT",0.05,"ok",TRUE,0.0100000000000193,"","","767acd4d10c1b7980eb2e358f6d9c3ae",2,0,2,11,0,0.181818181818182
"binary_sparse_n300_t01_r0023","binary","sparse","paper_adjusted",300,1000,1.3,23,229935823,"MLFDR",0.05,"ok",TRUE,2.25,"","","dee5cdfa7b8f48b034effca8b1cb6f08",3,0,3,11,0,0.272727272727273
"linear_dense_n300_t01_r0023","linear","dense","paper_adjusted",300,1000,1.3,23,116207249,"HDMT",0.05,"ok",TRUE,0.039999999999992,"ties should not be present for the one-sample Kolmogorov-Smirnov test","","e28b3699f33aaebd6939c6fa5e5d61eb",44,1,43,176,0.0227272727272727,0.244318181818182
"linear_dense_n300_t01_r0023","linear","dense","paper_adjusted",300,1000,1.3,23,116207249,"MDACT",0.05,"ok",TRUE,0.0200000000000102,"ties should not be present for the one-sample Kolmogorov-Smirnov test","","4bd3885ed841464ce0ab6ca24db978cc",54,1,53,176,0.0185185185185185,0.301136363636364
"linear_dense_n300_t01_r0023","linear","dense","paper_adjusted",300,1000,1.3,23,116207249,"MLFDR",0.05,"ok",TRUE,0.5,"","","0a13e47da2cf03bef35e1f08b750a7ab",107,7,100,176,0.0654205607476635,0.568181818181818
"confounded_dense_n300_t01_r0023","confounded","dense","paper_adjusted",300,1000,1.3,23,56481870,"HDMT",0.05,"ok",TRUE,0.0500000000000114,"ties should not be present for the one-sample Kolmogorov-Smirnov test","","2951c08fefc1f83dcdfd5b0ed4e1bf39",55,1,54,186,0.0181818181818182,0.290322580645161
"confounded_dense_n300_t01_r0023","confounded","dense","paper_adjusted",300,1000,1.3,23,56481870,"MDACT",0.05,"ok",TRUE,0.0200000000000102,"ties should not be present for the one-sample Kolmogorov-Smirnov test","","ae976f66c81abbd93a3a8e67912ad1b3",84,4,80,186,0.0476190476190476,0.43010752688172
"confounded_dense_n300_t01_r0023","confounded","dense","paper_adjusted",300,1000,1.3,23,56481870,"MLFDR",0.05,"ok",TRUE,0.780000000000001,"","","6496a52912a6fc424a3b51bfcec31321",130,7,123,186,0.0538461538461538,0.661290322580645
"binary_dense_n300_t01_r0023","binary","dense","paper_adjusted",300,1000,1.3,23,96716131,"HDMT",0.05,"ok",TRUE,0.039999999999992,"","","cef39d6c5938d02d2045bfb6d16c27c5",64,1,63,216,0.015625,0.291666666666667
"binary_dense_n300_t01_r0023","binary","dense","paper_adjusted",300,1000,1.3,23,96716131,"MDACT",0.05,"ok",TRUE,0,"","","619ff354f0be61b32440140558d1808d",78,2,76,216,0.0256410256410256,0.351851851851852
"binary_dense_n300_t01_r0023","binary","dense","paper_adjusted",300,1000,1.3,23,96716131,"MLFDR",0.05,"ok",TRUE,0.420000000000016,"","","eccea46fa55b8b35c2bc28b6cf67b57d",156,9,147,216,0.0576923076923077,0.680555555555556
"linear_sparse_n300_t02_r0023","linear","sparse","paper_adjusted",300,1000,1.5,23,30493757,"HDMT",0.05,"ok",TRUE,0.0200000000000102,"ties should not be present for the one-sample Kolmogorov-Smirnov test","","f8dda7b81d1e1e7a06ae513e52a22834",12,0,12,18,0,0.666666666666667
"linear_sparse_n300_t02_r0023","linear","sparse","paper_adjusted",300,1000,1.5,23,30493757,"MDACT",0.05,"ok",TRUE,0.0200000000000102,"ties should not be present for the one-sample Kolmogorov-Smirnov test","","d29f1d9a968bf596b0d2cac4234454a2",12,0,12,18,0,0.666666666666667
"linear_sparse_n300_t02_r0023","linear","sparse","paper_adjusted",300,1000,1.5,23,30493757,"MLFDR",0.05,"ok",TRUE,0.140000000000015,"","","4b27d4d03c2604736909060479939096",14,0,14,18,0,0.777777777777778
"confounded_sparse_n300_t02_r0023","confounded","sparse","paper_adjusted",300,1000,1.5,23,229842363,"HDMT",0.05,"ok",TRUE,0.0300000000000011,"ties should not be present for the one-sample Kolmogorov-Smirnov test","","8878710ee4dc04a01a92e4e8f52fab74",14,0,14,29,0,0.482758620689655
"confounded_sparse_n300_t02_r0023","confounded","sparse","paper_adjusted",300,1000,1.5,23,229842363,"MDACT",0.05,"ok",TRUE,0.0199999999999818,"ties should not be present for the one-sample Kolmogorov-Smirnov test","","6a49848a23f9ce1e3653c9070105a56e",15,0,15,29,0,0.517241379310345
"confounded_sparse_n300_t02_r0023","confounded","sparse","paper_adjusted",300,1000,1.5,23,229842363,"MLFDR",0.05,"ok",TRUE,0.25,"","","c930e4c30e05c2189080fdaf97aa3314",23,2,21,29,0.0869565217391304,0.724137931034483
"binary_sparse_n300_t02_r0023","binary","sparse","paper_adjusted",300,1000,1.5,23,162639016,"HDMT",0.05,"ok",TRUE,0.039999999999992,"","","0e0b75bafbb6afd6c79c91b83ec6bf61",14,0,14,19,0,0.736842105263158
"binary_sparse_n300_t02_r0023","binary","sparse","paper_adjusted",300,1000,1.5,23,162639016,"MDACT",0.05,"ok",TRUE,0,"","","5d755164f6fbdcdfc8583f408cecb787",14,0,14,19,0,0.736842105263158
"binary_sparse_n300_t02_r0023","binary","sparse","paper_adjusted",300,1000,1.5,23,162639016,"MLFDR",0.05,"ok",TRUE,0.150000000000006,"","","b4ea1995022565eaa043b838d44f114e",17,1,16,19,0.0588235294117647,0.842105263157895
"linear_dense_n300_t02_r0023","linear","dense","paper_adjusted",300,1000,1.5,23,136723903,"HDMT",0.05,"ok",TRUE,0.039999999999992,"ties should not be present for the one-sample Kolmogorov-Smirnov test","","b51f0736bd20de4246aafc9cc2d08369",132,3,129,180,0.0227272727272727,0.716666666666667
"linear_dense_n300_t02_r0023","linear","dense","paper_adjusted",300,1000,1.5,23,136723903,"MDACT",0.05,"ok",TRUE,0.0200000000000102,"ties should not be present for the one-sample Kolmogorov-Smirnov test","","69e36b50e77f12c5eb9e2ddca7d34f29",138,5,133,180,0.036231884057971,0.738888888888889
"linear_dense_n300_t02_r0023","linear","dense","paper_adjusted",300,1000,1.5,23,136723903,"MLFDR",0.05,"ok",TRUE,0.240000000000009,"","","cfa47b98c9fe4c3b158c97f9b11cb9d9",163,2,161,180,0.0122699386503067,0.894444444444444
"confounded_dense_n300_t02_r0023","confounded","dense","paper_adjusted",300,1000,1.5,23,49727318,"HDMT",0.05,"ok",TRUE,0.0500000000000114,"ties should not be present for the one-sample Kolmogorov-Smirnov test","","9643668bc4f46d9ef58b7db50884b66f",79,4,75,168,0.0506329113924051,0.446428571428571
"confounded_dense_n300_t02_r0023","confounded","dense","paper_adjusted",300,1000,1.5,23,49727318,"MDACT",0.05,"ok",TRUE,0.0200000000000102,"ties should not be present for the one-sample Kolmogorov-Smirnov test","","b8682fa6ff2b690de7d2d0b1f563bf8c",98,6,92,168,0.0612244897959184,0.547619047619048
"confounded_dense_n300_t02_r0023","confounded","dense","paper_adjusted",300,1000,1.5,23,49727318,"MLFDR",0.05,"ok",TRUE,0.490000000000009,"","","cc236f7bef2d60753e2ca3865b8fe607",132,7,125,168,0.053030303030303,0.744047619047619
"binary_dense_n300_t02_r0023","binary","dense","paper_adjusted",300,1000,1.5,23,135801676,"HDMT",0.05,"ok",TRUE,0.0100000000000193,"","","4ac87e60355980e9eea49b0d66095642",125,6,119,209,0.048,0.569377990430622
"binary_dense_n300_t02_r0023","binary","dense","paper_adjusted",300,1000,1.5,23,135801676,"MDACT",0.05,"ok",TRUE,0,"","","051f6399041bb2b29666a5646ac63558",134,6,128,209,0.0447761194029851,0.61244019138756
"binary_dense_n300_t02_r0023","binary","dense","paper_adjusted",300,1000,1.5,23,135801676,"MLFDR",0.05,"ok",TRUE,0.25,"","","f166dd386d45043ba5727b20ae70260e",183,8,175,209,0.0437158469945355,0.837320574162679
"linear_sparse_n300_t03_r0023","linear","sparse","paper_adjusted",300,1000,1.9,23,50218316,"HDMT",0.05,"ok",TRUE,0.039999999999992,"ties should not be present for the one-sample Kolmogorov-Smirnov test","","78e4ffb9a3b80be01a6f9c6a2a558c75",23,2,21,24,0.0869565217391304,0.875
"linear_sparse_n300_t03_r0023","linear","sparse","paper_adjusted",300,1000,1.9,23,50218316,"MDACT",0.05,"ok",TRUE,0.0200000000000102,"ties should not be present for the one-sample Kolmogorov-Smirnov test","","436dca0e0c7368e70df1956bbcf1286e",23,2,21,24,0.0869565217391304,0.875
"linear_sparse_n300_t03_r0023","linear","sparse","paper_adjusted",300,1000,1.9,23,50218316,"MLFDR",0.05,"ok",TRUE,0.300000000000011,"","","1d63f793c35974ac49fb020842f7b54c",22,1,21,24,0.0454545454545455,0.875
"confounded_sparse_n300_t03_r0023","confounded","sparse","paper_adjusted",300,1000,1.9,23,102059774,"HDMT",0.05,"ok",TRUE,0.0300000000000011,"ties should not be present for the one-sample Kolmogorov-Smirnov test","","82b08001864e7da4bc6ea6c537f0048b",9,1,8,14,0.111111111111111,0.571428571428571
"confounded_sparse_n300_t03_r0023","confounded","sparse","paper_adjusted",300,1000,1.9,23,102059774,"MDACT",0.05,"ok",TRUE,0,"ties should not be present for the one-sample Kolmogorov-Smirnov test","","652ba2798af3828e0fde9b2603d6223a",8,0,8,14,0,0.571428571428571
"confounded_sparse_n300_t03_r0023","confounded","sparse","paper_adjusted",300,1000,1.9,23,102059774,"MLFDR",0.05,"ok",TRUE,0.27000000000001,"","","ee4526aacdd0f41e4b3284f56f095f31",12,2,10,14,0.166666666666667,0.714285714285714
"binary_sparse_n300_t03_r0023","binary","sparse","paper_adjusted",300,1000,1.9,23,24889943,"HDMT",0.05,"ok",TRUE,0.0300000000000011,"","","9d852d88b999d630c943576146d875cb",18,0,18,20,0,0.9
"binary_sparse_n300_t03_r0023","binary","sparse","paper_adjusted",300,1000,1.9,23,24889943,"MDACT",0.05,"ok",TRUE,0.00999999999999091,"","","7974efb9f123149d495d0ee13d9fb35d",18,0,18,20,0,0.9
"binary_sparse_n300_t03_r0023","binary","sparse","paper_adjusted",300,1000,1.9,23,24889943,"MLFDR",0.05,"ok",TRUE,0.219999999999999,"","","965eb1e97c95a923603982d3f7081be8",21,2,19,20,0.0952380952380952,0.95
"linear_dense_n300_t03_r0023","linear","dense","paper_adjusted",300,1000,1.9,23,57361354,"HDMT",0.05,"ok",TRUE,0.0300000000000011,"ties should not be present for the one-sample Kolmogorov-Smirnov test","","aaff4493849e363a8ffd7f04ae3ec303",178,8,170,183,0.0449438202247191,0.92896174863388
"linear_dense_n300_t03_r0023","linear","dense","paper_adjusted",300,1000,1.9,23,57361354,"MDACT",0.05,"ok",TRUE,0.00999999999999091,"ties should not be present for the one-sample Kolmogorov-Smirnov test","","0e1feb1b84026bfc9fe7376e6cafd41c",176,7,169,183,0.0397727272727273,0.923497267759563
"linear_dense_n300_t03_r0023","linear","dense","paper_adjusted",300,1000,1.9,23,57361354,"MLFDR",0.05,"ok",TRUE,0.199999999999989,"","","fed3d1a8c28789982d8e0c77178975e6",187,8,179,183,0.0427807486631016,0.978142076502732
"confounded_dense_n300_t03_r0023","confounded","dense","paper_adjusted",300,1000,1.9,23,212540293,"HDMT",0.05,"ok",TRUE,0.0300000000000011,"ties should not be present for the one-sample Kolmogorov-Smirnov test","","4b7a3c67d80ed4fed51c1ab5e43b5a18",197,12,185,202,0.0609137055837563,0.915841584158416
"confounded_dense_n300_t03_r0023","confounded","dense","paper_adjusted",300,1000,1.9,23,212540293,"MDACT",0.05,"ok",TRUE,0.0199999999999818,"ties should not be present for the one-sample Kolmogorov-Smirnov test","","fedac5c8f3bc0a5378f53fa908c5346f",197,12,185,202,0.0609137055837563,0.915841584158416
"confounded_dense_n300_t03_r0023","confounded","dense","paper_adjusted",300,1000,1.9,23,212540293,"MLFDR",0.05,"ok",TRUE,0.219999999999999,"","","f4b048cd760082188461ada3e24efc45",209,12,197,202,0.0574162679425837,0.975247524752475
"binary_dense_n300_t03_r0023","binary","dense","paper_adjusted",300,1000,1.9,23,200353478,"HDMT",0.05,"ok",TRUE,0.0300000000000011,"","","85c664ae87764174ad5e7cfa06e821e0",203,8,195,207,0.0394088669950739,0.942028985507246
"binary_dense_n300_t03_r0023","binary","dense","paper_adjusted",300,1000,1.9,23,200353478,"MDACT",0.05,"ok",TRUE,0,"","","46c06725d61274c3b72dd5e46325b6e1",206,9,197,207,0.0436893203883495,0.951690821256039
"binary_dense_n300_t03_r0023","binary","dense","paper_adjusted",300,1000,1.9,23,200353478,"MLFDR",0.05,"ok",TRUE,0.210000000000008,"","","392816d290445f3867b07013298a80ae",215,11,204,207,0.0511627906976744,0.985507246376812
"linear_sparse_n300_t01_r0024","linear","sparse","paper_adjusted",300,1000,1.3,24,231253496,"HDMT",0.05,"ok",TRUE,0.0300000000000011,"ties should not be present for the one-sample Kolmogorov-Smirnov test","","c714301752f9b8f622a1e8ce90731961",3,0,3,18,0,0.166666666666667
"linear_sparse_n300_t01_r0024","linear","sparse","paper_adjusted",300,1000,1.3,24,231253496,"MDACT",0.05,"ok",TRUE,0,"ties should not be present for the one-sample Kolmogorov-Smirnov test","","46f6965f0db8bddca37c9c5da3e26ddb",6,0,6,18,0,0.333333333333333
"linear_sparse_n300_t01_r0024","linear","sparse","paper_adjusted",300,1000,1.3,24,231253496,"MLFDR",0.05,"ok",TRUE,0.579999999999984,"","","c9c42ac963f3eeece6a4db9ad6ad6fe7",9,0,9,18,0,0.5
"confounded_sparse_n300_t01_r0024","confounded","sparse","paper_adjusted",300,1000,1.3,24,95190215,"HDMT",0.05,"ok",TRUE,0.0300000000000011,"ties should not be present for the one-sample Kolmogorov-Smirnov test","","21f0df67e39a24e3ff69be2a5cf56c3a",8,2,6,12,0.25,0.5
"confounded_sparse_n300_t01_r0024","confounded","sparse","paper_adjusted",300,1000,1.3,24,95190215,"MDACT",0.05,"ok",TRUE,0.0199999999999818,"ties should not be present for the one-sample Kolmogorov-Smirnov test","","49a40142adfe520bb36cd14f9f87575f",1,1,0,12,1,0
"confounded_sparse_n300_t01_r0024","confounded","sparse","paper_adjusted",300,1000,1.3,24,95190215,"MLFDR",0.05,"ok",TRUE,0.560000000000002,"","","6123564beb7176e9f54f3fbb1d2252dd",4,1,3,12,0.25,0.25
"binary_sparse_n300_t01_r0024","binary","sparse","paper_adjusted",300,1000,1.3,24,127137367,"HDMT",0.05,"ok",TRUE,0.0300000000000011,"","","b8b848e5f5f813f2bac73dca5a8b46b2",0,0,0,21,0,0
"binary_sparse_n300_t01_r0024","binary","sparse","paper_adjusted",300,1000,1.3,24,127137367,"MDACT",0.05,"ok",TRUE,0.0100000000000193,"","","5186c52eb089dcf70c727bd5ee5ed615",1,0,1,21,0,0.0476190476190476
"binary_sparse_n300_t01_r0024","binary","sparse","paper_adjusted",300,1000,1.3,24,127137367,"MLFDR",0.05,"ok",TRUE,0.280000000000001,"","","0eaa679cea331f4d689e2997d538dc3e",4,0,4,21,0,0.19047619047619
"linear_dense_n300_t01_r0024","linear","dense","paper_adjusted",300,1000,1.3,24,42833983,"HDMT",0.05,"ok",TRUE,0.0299999999999727,"ties should not be present for the one-sample Kolmogorov-Smirnov test","","b7d5343cdbf4bca1c1f5ac9fcb3db948",61,3,58,182,0.0491803278688525,0.318681318681319
"linear_dense_n300_t01_r0024","linear","dense","paper_adjusted",300,1000,1.3,24,42833983,"MDACT",0.05,"ok",TRUE,0.0199999999999818,"ties should not be present for the one-sample Kolmogorov-Smirnov test","","d7e45f49954d534f1e1d1e5f00f6d861",80,3,77,182,0.0375,0.423076923076923
"linear_dense_n300_t01_r0024","linear","dense","paper_adjusted",300,1000,1.3,24,42833983,"MLFDR",0.05,"ok",TRUE,0.390000000000015,"","","f91137f1735e139ff4b93d0ae7c0ddda",137,3,134,182,0.0218978102189781,0.736263736263736
"confounded_dense_n300_t01_r0024","confounded","dense","paper_adjusted",300,1000,1.3,24,246417927,"HDMT",0.05,"ok",TRUE,0.0299999999999727,"ties should not be present for the one-sample Kolmogorov-Smirnov test","","be3eaf93a9488e0018039dfb62005ca4",114,7,107,202,0.0614035087719298,0.52970297029703
"confounded_dense_n300_t01_r0024","confounded","dense","paper_adjusted",300,1000,1.3,24,246417927,"MDACT",0.05,"ok",TRUE,0.0100000000000193,"ties should not be present for the one-sample Kolmogorov-Smirnov test","","2992aae8802e447347769f37a5a9c9d2",119,8,111,202,0.0672268907563025,0.54950495049505
"confounded_dense_n300_t01_r0024","confounded","dense","paper_adjusted",300,1000,1.3,24,246417927,"MLFDR",0.05,"ok",TRUE,0.450000000000017,"","","239707226b4112607c0b64958efab9fd",156,6,150,202,0.0384615384615385,0.742574257425743
"binary_dense_n300_t01_r0024","binary","dense","paper_adjusted",300,1000,1.3,24,146843426,"HDMT",0.05,"ok",TRUE,0.00999999999999091,"","","54839d55e42fc5dfff1618bb51c6e781",80,4,76,222,0.05,0.342342342342342
"binary_dense_n300_t01_r0024","binary","dense","paper_adjusted",300,1000,1.3,24,146843426,"MDACT",0.05,"ok",TRUE,0,"","","9e63c9a4a6c226be6f7e57f064ccde83",96,6,90,222,0.0625,0.405405405405405
"binary_dense_n300_t01_r0024","binary","dense","paper_adjusted",300,1000,1.3,24,146843426,"MLFDR",0.05,"ok",TRUE,0.389999999999986,"","","0568c8951854547da1f41de69ac2efbe",141,5,136,222,0.0354609929078014,0.612612612612613
"linear_sparse_n300_t02_r0024","linear","sparse","paper_adjusted",300,1000,1.5,24,133959996,"HDMT",0.05,"ok",TRUE,0.0300000000000011,"ties should not be present for the one-sample Kolmogorov-Smirnov test","","1bdd19e6b48e455159e0f1c870cd6b87",3,0,3,16,0,0.1875
"linear_sparse_n300_t02_r0024","linear","sparse","paper_adjusted",300,1000,1.5,24,133959996,"MDACT",0.05,"ok",TRUE,0.0100000000000193,"ties should not be present for the one-sample Kolmogorov-Smirnov test","","15f211375b108dab0cec47bdfe338687",0,0,0,16,0,0
"linear_sparse_n300_t02_r0024","linear","sparse","paper_adjusted",300,1000,1.5,24,133959996,"MLFDR",0.05,"ok",TRUE,0.29000000000002,"","","bf0c0f4a65937e7e2d062c3acf9c550a",5,0,5,16,0,0.3125
"confounded_sparse_n300_t02_r0024","confounded","sparse","paper_adjusted",300,1000,1.5,24,108401834,"HDMT",0.05,"ok",TRUE,0.00999999999999091,"ties should not be present for the one-sample Kolmogorov-Smirnov test","","8b421ea2d4ba6fb89a8f8220f76de364",5,0,5,13,0,0.384615384615385
"confounded_sparse_n300_t02_r0024","confounded","sparse","paper_adjusted",300,1000,1.5,24,108401834,"MDACT",0.05,"ok",TRUE,0,"ties should not be present for the one-sample Kolmogorov-Smirnov test","","58945ab1c2b152ade894f35d1eacfe08",5,0,5,13,0,0.384615384615385
"confounded_sparse_n300_t02_r0024","confounded","sparse","paper_adjusted",300,1000,1.5,24,108401834,"MLFDR",0.05,"ok",TRUE,0.29000000000002,"","","e554c2a63bfbaef9628c901b20ae415b",7,0,7,13,0,0.538461538461538
"binary_sparse_n300_t02_r0024","binary","sparse","paper_adjusted",300,1000,1.5,24,180732930,"HDMT",0.05,"ok",TRUE,0.00999999999999091,"","","cfe234e82584e3dbd6348d9d2ab63772",5,0,5,22,0,0.227272727272727
"binary_sparse_n300_t02_r0024","binary","sparse","paper_adjusted",300,1000,1.5,24,180732930,"MDACT",0.05,"ok",TRUE,0,"","","7a759c8fde640beeed8308443a28759b",2,0,2,22,0,0.0909090909090909
"binary_sparse_n300_t02_r0024","binary","sparse","paper_adjusted",300,1000,1.5,24,180732930,"MLFDR",0.05,"ok",TRUE,0.519999999999982,"","","aceced63e766c9a5cd1216dc3f67b366",14,0,14,22,0,0.636363636363636
"linear_dense_n300_t02_r0024","linear","dense","paper_adjusted",300,1000,1.5,24,117835107,"HDMT",0.05,"ok",TRUE,0.0300000000000011,"ties should not be present for the one-sample Kolmogorov-Smirnov test","","ad7606012979f0cb5a29834eba89c9d1",91,2,89,192,0.021978021978022,0.463541666666667
"linear_dense_n300_t02_r0024","linear","dense","paper_adjusted",300,1000,1.5,24,117835107,"MDACT",0.05,"ok",TRUE,0.0200000000000102,"ties should not be present for the one-sample Kolmogorov-Smirnov test","","a80fdf4a1de12fe26823b2e79b5b3dcb",105,3,102,192,0.0285714285714286,0.53125
"linear_dense_n300_t02_r0024","linear","dense","paper_adjusted",300,1000,1.5,24,117835107,"MLFDR",0.05,"ok",TRUE,0.299999999999983,"","","aeccc3d8f2ca0aec1661ca1c744a284f",172,10,162,192,0.0581395348837209,0.84375
"confounded_dense_n300_t02_r0024","confounded","dense","paper_adjusted",300,1000,1.5,24,8236506,"HDMT",0.05,"ok",TRUE,0.0300000000000011,"ties should not be present for the one-sample Kolmogorov-Smirnov test","","73798efe7fc04ad5d143df4e377c441c",85,1,84,175,0.0117647058823529,0.48
"confounded_dense_n300_t02_r0024","confounded","dense","paper_adjusted",300,1000,1.5,24,8236506,"MDACT",0.05,"ok",TRUE,0,"ties should not be present for the one-sample Kolmogorov-Smirnov test","","eb899d2a94cdcafaf398dea5d19fce6c",93,1,92,175,0.010752688172043,0.525714285714286
"confounded_dense_n300_t02_r0024","confounded","dense","paper_adjusted",300,1000,1.5,24,8236506,"MLFDR",0.05,"ok",TRUE,0.29000000000002,"","","48fe328cb73d3da5feca97894ea0ee3d",154,7,147,175,0.0454545454545455,0.84
"binary_dense_n300_t02_r0024","binary","dense","paper_adjusted",300,1000,1.5,24,131987883,"HDMT",0.05,"ok",TRUE,0.0300000000000011,"","","4d54b540f87bf9750d11e6f6b797a1c7",129,7,122,218,0.0542635658914729,0.559633027522936
"binary_dense_n300_t02_r0024","binary","dense","paper_adjusted",300,1000,1.5,24,131987883,"MDACT",0.05,"ok",TRUE,0.00999999999999091,"","","d949fbadde5b76368773db3537e188ea",142,9,133,218,0.0633802816901408,0.610091743119266
"binary_dense_n300_t02_r0024","binary","dense","paper_adjusted",300,1000,1.5,24,131987883,"MLFDR",0.05,"ok",TRUE,0.240000000000009,"","","dd11a5907d46adf8849ec9235b98e91d",187,7,180,218,0.0374331550802139,0.825688073394495
"linear_sparse_n300_t03_r0024","linear","sparse","paper_adjusted",300,1000,1.9,24,214409751,"HDMT",0.05,"ok",TRUE,0.0300000000000011,"ties should not be present for the one-sample Kolmogorov-Smirnov test","","89b485a0860c00ee22f23e066d54d627",26,4,22,22,0.153846153846154,1
"linear_sparse_n300_t03_r0024","linear","sparse","paper_adjusted",300,1000,1.9,24,214409751,"MDACT",0.05,"ok",TRUE,0.00999999999999091,"ties should not be present for the one-sample Kolmogorov-Smirnov test","","2c167d920743fffadac8d48286d6d86d",21,1,20,22,0.0476190476190476,0.909090909090909
"linear_sparse_n300_t03_r0024","linear","sparse","paper_adjusted",300,1000,1.9,24,214409751,"MLFDR",0.05,"ok",TRUE,0.360000000000014,"","","95b70f4a64dafb0df9e962c9bf2446f4",23,1,22,22,0.0434782608695652,1
"confounded_sparse_n300_t03_r0024","confounded","sparse","paper_adjusted",300,1000,1.9,24,248513826,"HDMT",0.05,"ok",TRUE,0.0300000000000011,"ties should not be present for the one-sample Kolmogorov-Smirnov test","","fa49ae484f2af7970d300555d12a9ac6",18,2,16,20,0.111111111111111,0.8
"confounded_sparse_n300_t03_r0024","confounded","sparse","paper_adjusted",300,1000,1.9,24,248513826,"MDACT",0.05,"ok",TRUE,0.0100000000000193,"ties should not be present for the one-sample Kolmogorov-Smirnov test","","89c5991d3be3d1a87718dd573a897327",14,1,13,20,0.0714285714285714,0.65
"confounded_sparse_n300_t03_r0024","confounded","sparse","paper_adjusted",300,1000,1.9,24,248513826,"MLFDR",0.05,"ok",TRUE,0.189999999999998,"","","fc82ae824bb7bbc5bf11f9684a23d242",20,1,19,20,0.05,0.95
"binary_sparse_n300_t03_r0024","binary","sparse","paper_adjusted",300,1000,1.9,24,72259113,"HDMT",0.05,"ok",TRUE,0.0300000000000011,"","","854661b111d358fa08069a2e36296dbb",3,0,3,24,0,0.125
"binary_sparse_n300_t03_r0024","binary","sparse","paper_adjusted",300,1000,1.9,24,72259113,"MDACT",0.05,"ok",TRUE,0,"","","fea6ca5fed0a28c8bbe104292aa2f15f",4,0,4,24,0,0.166666666666667
"binary_sparse_n300_t03_r0024","binary","sparse","paper_adjusted",300,1000,1.9,24,72259113,"MLFDR",0.05,"ok",TRUE,0.139999999999986,"","","658ecc5074d791459e3266b08440d677",19,0,19,24,0,0.791666666666667
"linear_dense_n300_t03_r0024","linear","dense","paper_adjusted",300,1000,1.9,24,111362762,"HDMT",0.05,"ok",TRUE,0.0299999999999727,"ties should not be present for the one-sample Kolmogorov-Smirnov test","","72477c5721b796ea6369279c2bd82b33",224,15,209,218,0.0669642857142857,0.958715596330275
"linear_dense_n300_t03_r0024","linear","dense","paper_adjusted",300,1000,1.9,24,111362762,"MDACT",0.05,"ok",TRUE,0.0199999999999818,"ties should not be present for the one-sample Kolmogorov-Smirnov test","","b1a9859f1a5ab5ced43f949d63789fcb",220,11,209,218,0.05,0.958715596330275
"linear_dense_n300_t03_r0024","linear","dense","paper_adjusted",300,1000,1.9,24,111362762,"MLFDR",0.05,"ok",TRUE,0.129999999999995,"","","73bd9313b6979885e174ef9a63daabb4",229,14,215,218,0.0611353711790393,0.986238532110092
"confounded_dense_n300_t03_r0024","confounded","dense","paper_adjusted",300,1000,1.9,24,131184837,"HDMT",0.05,"ok",TRUE,0.0300000000000011,"ties should not be present for the one-sample Kolmogorov-Smirnov test","","e9c4ffb63be662f4f1b63efaa9dbbdba",170,6,164,204,0.0352941176470588,0.803921568627451
"confounded_dense_n300_t03_r0024","confounded","dense","paper_adjusted",300,1000,1.9,24,131184837,"MDACT",0.05,"ok",TRUE,0.0199999999999818,"ties should not be present for the one-sample Kolmogorov-Smirnov test","","fb8bbcb63989c33fad210df197076a22",172,6,166,204,0.0348837209302326,0.813725490196078
"confounded_dense_n300_t03_r0024","confounded","dense","paper_adjusted",300,1000,1.9,24,131184837,"MLFDR",0.05,"ok",TRUE,0.210000000000008,"","","acf77297f80fdaedec02fc998ab734bb",199,11,188,204,0.0552763819095477,0.92156862745098
"binary_dense_n300_t03_r0024","binary","dense","paper_adjusted",300,1000,1.9,24,145184666,"HDMT",0.05,"ok",TRUE,0.039999999999992,"","","cb065f41d9f60078c52b68696997ce85",209,10,199,209,0.0478468899521531,0.952153110047847
"binary_dense_n300_t03_r0024","binary","dense","paper_adjusted",300,1000,1.9,24,145184666,"MDACT",0.05,"ok",TRUE,0.0200000000000102,"","","4d45275cd81e9344b50682140c90fdae",212,13,199,209,0.0613207547169811,0.952153110047847
"binary_dense_n300_t03_r0024","binary","dense","paper_adjusted",300,1000,1.9,24,145184666,"MLFDR",0.05,"ok",TRUE,0.129999999999995,"","","a3e51636493b159094b6e941c1a99f04",219,11,208,209,0.0502283105022831,0.995215311004785
"linear_sparse_n300_t01_r0025","linear","sparse","paper_adjusted",300,1000,1.3,25,82530654,"HDMT",0.05,"ok",TRUE,0.0200000000000102,"ties should not be present for the one-sample Kolmogorov-Smirnov test","","5e93c53ebaddac606a1ce041000b2640",6,0,6,28,0,0.214285714285714
"linear_sparse_n300_t01_r0025","linear","sparse","paper_adjusted",300,1000,1.3,25,82530654,"MDACT",0.05,"ok",TRUE,0,"ties should not be present for the one-sample Kolmogorov-Smirnov test","","9fa187b4e7bfc45cf5bf8793edc53274",3,0,3,28,0,0.107142857142857
"linear_sparse_n300_t01_r0025","linear","sparse","paper_adjusted",300,1000,1.3,25,82530654,"MLFDR",0.05,"ok",TRUE,0.200000000000017,"","","33d934a49b4037d85865f9d29383bcba",11,0,11,28,0,0.392857142857143
"confounded_sparse_n300_t01_r0025","confounded","sparse","paper_adjusted",300,1000,1.3,25,165650772,"HDMT",0.05,"ok",TRUE,0.0200000000000102,"ties should not be present for the one-sample Kolmogorov-Smirnov test","","273b263de3501c3fc71b7e6fdc9d1e57",3,0,3,18,0,0.166666666666667
"confounded_sparse_n300_t01_r0025","confounded","sparse","paper_adjusted",300,1000,1.3,25,165650772,"MDACT",0.05,"ok",TRUE,0.0200000000000102,"ties should not be present for the one-sample Kolmogorov-Smirnov test","","1c40bc9417d190eee9fa129c2f7d7feb",3,0,3,18,0,0.166666666666667
"confounded_sparse_n300_t01_r0025","confounded","sparse","paper_adjusted",300,1000,1.3,25,165650772,"MLFDR",0.05,"ok",TRUE,0.860000000000014,"","","a7287a596b6c154d07d07794da0a627e",8,0,8,18,0,0.444444444444444
"binary_sparse_n300_t01_r0025","binary","sparse","paper_adjusted",300,1000,1.3,25,115847315,"HDMT",0.05,"ok",TRUE,0.0400000000000205,"","","fb5aacccc50e5f84d1068f1dfc7e2dac",8,0,8,14,0,0.571428571428571
"binary_sparse_n300_t01_r0025","binary","sparse","paper_adjusted",300,1000,1.3,25,115847315,"MDACT",0.05,"ok",TRUE,0.0199999999999818,"","","181bb5ae4c842e8e6e6af154a1e8f909",9,0,9,14,0,0.642857142857143
"binary_sparse_n300_t01_r0025","binary","sparse","paper_adjusted",300,1000,1.3,25,115847315,"MLFDR",0.05,"ok",TRUE,0.280000000000001,"","","aba4d433b9f6f22c464340129c0da20a",10,0,10,14,0,0.714285714285714
"linear_dense_n300_t01_r0025","linear","dense","paper_adjusted",300,1000,1.3,25,253253423,"HDMT",0.05,"ok",TRUE,0.0200000000000102,"ties should not be present for the one-sample Kolmogorov-Smirnov test","","e0fc3581e5142e404bcb01709a0f1640",15,0,15,204,0,0.0735294117647059
"linear_dense_n300_t01_r0025","linear","dense","paper_adjusted",300,1000,1.3,25,253253423,"MDACT",0.05,"ok",TRUE,0,"ties should not be present for the one-sample Kolmogorov-Smirnov test","","590ec1793a56071fac36f4a63401096c",31,1,30,204,0.032258064516129,0.147058823529412
"linear_dense_n300_t01_r0025","linear","dense","paper_adjusted",300,1000,1.3,25,253253423,"MLFDR",0.05,"ok",TRUE,0.669999999999987,"","","8e3b5d293404c4843b66a2e4b7cd73ba",87,7,80,204,0.0804597701149425,0.392156862745098
"confounded_dense_n300_t01_r0025","confounded","dense","paper_adjusted",300,1000,1.3,25,208012999,"HDMT",0.05,"ok",TRUE,0.0100000000000193,"ties should not be present for the one-sample Kolmogorov-Smirnov test","","509898e195868f6caabcb2d755596545",83,4,79,176,0.0481927710843374,0.448863636363636
"confounded_dense_n300_t01_r0025","confounded","dense","paper_adjusted",300,1000,1.3,25,208012999,"MDACT",0.05,"ok",TRUE,0,"ties should not be present for the one-sample Kolmogorov-Smirnov test","","1ea16a4d6de77b1ace3d72fdd2a2c7a2",93,7,86,176,0.0752688172043011,0.488636363636364
"confounded_dense_n300_t01_r0025","confounded","dense","paper_adjusted",300,1000,1.3,25,208012999,"MLFDR",0.05,"ok",TRUE,0.449999999999989,"","","8aa6930c74cdad9d0ae82a2a2d65e1a7",128,12,116,176,0.09375,0.659090909090909
"binary_dense_n300_t01_r0025","binary","dense","paper_adjusted",300,1000,1.3,25,43257873,"HDMT",0.05,"ok",TRUE,0.0199999999999818,"","","a937849f021d8a12ce1a4ad08a367e81",81,2,79,209,0.0246913580246914,0.37799043062201
"binary_dense_n300_t01_r0025","binary","dense","paper_adjusted",300,1000,1.3,25,43257873,"MDACT",0.05,"ok",TRUE,0.0199999999999818,"","","6a8e9bed87b9886b8124417a07a552b3",91,2,89,209,0.021978021978022,0.425837320574163
"binary_dense_n300_t01_r0025","binary","dense","paper_adjusted",300,1000,1.3,25,43257873,"MLFDR",0.05,"ok",TRUE,0.390000000000015,"","","5048acc269975adbe881fc5da59c935f",154,8,146,209,0.051948051948052,0.698564593301435
"linear_sparse_n300_t02_r0025","linear","sparse","paper_adjusted",300,1000,1.5,25,161232945,"HDMT",0.05,"ok",TRUE,0.0300000000000011,"ties should not be present for the one-sample Kolmogorov-Smirnov test","","7a42ad5a08033dd89ef9643d0dfa0d03",3,0,3,19,0,0.157894736842105
"linear_sparse_n300_t02_r0025","linear","sparse","paper_adjusted",300,1000,1.5,25,161232945,"MDACT",0.05,"ok",TRUE,0,"ties should not be present for the one-sample Kolmogorov-Smirnov test","","b382d9f292464caeb30937d59ef6a3ab",3,0,3,19,0,0.157894736842105
"linear_sparse_n300_t02_r0025","linear","sparse","paper_adjusted",300,1000,1.5,25,161232945,"MLFDR",0.05,"ok",TRUE,1.02000000000001,"","","4fe43ec7deabf48a84cfb80001c118fe",9,2,7,19,0.222222222222222,0.368421052631579
"confounded_sparse_n300_t02_r0025","confounded","sparse","paper_adjusted",300,1000,1.5,25,134555910,"HDMT",0.05,"ok",TRUE,0.0300000000000011,"ties should not be present for the one-sample Kolmogorov-Smirnov test","","13440ed80ee3697d03781bd4999fb868",10,0,10,14,0,0.714285714285714
"confounded_sparse_n300_t02_r0025","confounded","sparse","paper_adjusted",300,1000,1.5,25,134555910,"MDACT",0.05,"ok",TRUE,0.0200000000000102,"ties should not be present for the one-sample Kolmogorov-Smirnov test","","4e27fb639f2ca7b277fbd209b1272205",10,0,10,14,0,0.714285714285714
"confounded_sparse_n300_t02_r0025","confounded","sparse","paper_adjusted",300,1000,1.5,25,134555910,"MLFDR",0.05,"ok",TRUE,0.169999999999987,"","","37126a25270e5c7cefc00a6b37d4500d",12,0,12,14,0,0.857142857142857
"binary_sparse_n300_t02_r0025","binary","sparse","paper_adjusted",300,1000,1.5,25,175648367,"HDMT",0.05,"ok",TRUE,0.0300000000000011,"","","50825f10946b252d29790591daead68d",14,0,14,27,0,0.518518518518518
"binary_sparse_n300_t02_r0025","binary","sparse","paper_adjusted",300,1000,1.5,25,175648367,"MDACT",0.05,"ok",TRUE,0,"","","4e9dde2fbb989b07ba5ff9a8485998ed",24,1,23,27,0.0416666666666667,0.851851851851852
"binary_sparse_n300_t02_r0025","binary","sparse","paper_adjusted",300,1000,1.5,25,175648367,"MLFDR",0.05,"ok",TRUE,0.25,"","","af8bfa2b9fb38e3802d425e6ad9c1ef2",19,0,19,27,0,0.703703703703704
"linear_dense_n300_t02_r0025","linear","dense","paper_adjusted",300,1000,1.5,25,56387926,"HDMT",0.05,"ok",TRUE,0.00999999999999091,"ties should not be present for the one-sample Kolmogorov-Smirnov test","","34695d9676f0743bb751761f2aea5fd6",45,0,45,182,0,0.247252747252747
"linear_dense_n300_t02_r0025","linear","dense","paper_adjusted",300,1000,1.5,25,56387926,"MDACT",0.05,"ok",TRUE,0,"ties should not be present for the one-sample Kolmogorov-Smirnov test","","738c0adb7c56d41278f6bbd19fa91621",67,3,64,182,0.0447761194029851,0.351648351648352
"linear_dense_n300_t02_r0025","linear","dense","paper_adjusted",300,1000,1.5,25,56387926,"MLFDR",0.05,"ok",TRUE,0.169999999999987,"","","9c6fd5b938381c6f1a4ce62724674a6a",130,3,127,182,0.0230769230769231,0.697802197802198
"confounded_dense_n300_t02_r0025","confounded","dense","paper_adjusted",300,1000,1.5,25,211493224,"HDMT",0.05,"ok",TRUE,0.0199999999999818,"ties should not be present for the one-sample Kolmogorov-Smirnov test","","7249654b8de4c83df319da00805d4020",82,4,78,188,0.0487804878048781,0.414893617021277
"confounded_dense_n300_t02_r0025","confounded","dense","paper_adjusted",300,1000,1.5,25,211493224,"MDACT",0.05,"ok",TRUE,0,"ties should not be present for the one-sample Kolmogorov-Smirnov test","","65cfe6557209463471fb7bfe22c38a24",95,4,91,188,0.0421052631578947,0.484042553191489
"confounded_dense_n300_t02_r0025","confounded","dense","paper_adjusted",300,1000,1.5,25,211493224,"MLFDR",0.05,"ok",TRUE,0.259999999999991,"","","4865301c16887fd96b73336698396ea8",147,6,141,188,0.0408163265306122,0.75
"binary_dense_n300_t02_r0025","binary","dense","paper_adjusted",300,1000,1.5,25,226120312,"HDMT",0.05,"ok",TRUE,0.0200000000000102,"","","d8ded05dbd99684a69d41fcbd23e79f9",155,6,149,195,0.0387096774193548,0.764102564102564
"binary_dense_n300_t02_r0025","binary","dense","paper_adjusted",300,1000,1.5,25,226120312,"MDACT",0.05,"ok",TRUE,0.0200000000000102,"","","ca767fced26df421efa715cfc61bcf80",156,7,149,195,0.0448717948717949,0.764102564102564
"binary_dense_n300_t02_r0025","binary","dense","paper_adjusted",300,1000,1.5,25,226120312,"MLFDR",0.05,"ok",TRUE,0.180000000000007,"","","c9724867a751e274a80de89cffbe9736",184,10,174,195,0.0543478260869565,0.892307692307692
"linear_sparse_n300_t03_r0025","linear","sparse","paper_adjusted",300,1000,1.9,25,173199521,"HDMT",0.05,"ok",TRUE,0.00999999999999091,"ties should not be present for the one-sample Kolmogorov-Smirnov test","","a367006597a5c6f56eedad3ca8c04e46",26,2,24,26,0.0769230769230769,0.923076923076923
"linear_sparse_n300_t03_r0025","linear","sparse","paper_adjusted",300,1000,1.9,25,173199521,"MDACT",0.05,"ok",TRUE,0,"ties should not be present for the one-sample Kolmogorov-Smirnov test","","48dc5ae43915af4ddecca3799f8c1153",24,1,23,26,0.0416666666666667,0.884615384615385
"linear_sparse_n300_t03_r0025","linear","sparse","paper_adjusted",300,1000,1.9,25,173199521,"MLFDR",0.05,"ok",TRUE,0.0900000000000034,"","","662ec133c5b6c3ce53624403276890a3",26,1,25,26,0.0384615384615385,0.961538461538462
"confounded_sparse_n300_t03_r0025","confounded","sparse","paper_adjusted",300,1000,1.9,25,219851515,"HDMT",0.05,"ok",TRUE,0.00999999999999091,"ties should not be present for the one-sample Kolmogorov-Smirnov test","","6ee26f5b7aed5fbce5be16617aaf3fae",15,2,13,14,0.133333333333333,0.928571428571429
"confounded_sparse_n300_t03_r0025","confounded","sparse","paper_adjusted",300,1000,1.9,25,219851515,"MDACT",0.05,"ok",TRUE,0,"ties should not be present for the one-sample Kolmogorov-Smirnov test","","166ec5d2c76c80a80e60a20502d44a34",10,1,9,14,0.1,0.642857142857143
"confounded_sparse_n300_t03_r0025","confounded","sparse","paper_adjusted",300,1000,1.9,25,219851515,"MLFDR",0.05,"ok",TRUE,0.159999999999997,"","","c59cb0665c1cc84073e94f3b8cb05d87",14,1,13,14,0.0714285714285714,0.928571428571429
"binary_sparse_n300_t03_r0025","binary","sparse","paper_adjusted",300,1000,1.9,25,259213523,"HDMT",0.05,"ok",TRUE,0.0300000000000011,"","","9a6897e3d1f2a0b5928de209d9669a72",11,0,11,19,0,0.578947368421053
"binary_sparse_n300_t03_r0025","binary","sparse","paper_adjusted",300,1000,1.9,25,259213523,"MDACT",0.05,"ok",TRUE,0.0200000000000102,"","","b0da2bb3251c586cbe3668e55dc65faa",11,0,11,19,0,0.578947368421053
"binary_sparse_n300_t03_r0025","binary","sparse","paper_adjusted",300,1000,1.9,25,259213523,"MLFDR",0.05,"ok",TRUE,0.5,"","","b7d907c5137159592aa30c5d925d72da",14,0,14,19,0,0.736842105263158
"linear_dense_n300_t03_r0025","linear","dense","paper_adjusted",300,1000,1.9,25,120093459,"HDMT",0.05,"ok",TRUE,0.0200000000000102,"ties should not be present for the one-sample Kolmogorov-Smirnov test","","cba00a90b6e09d70155cfef24a097a70",111,3,108,165,0.027027027027027,0.654545454545455
"linear_dense_n300_t03_r0025","linear","dense","paper_adjusted",300,1000,1.9,25,120093459,"MDACT",0.05,"ok",TRUE,0,"ties should not be present for the one-sample Kolmogorov-Smirnov test","","2bd9cf798fb11ae6f1f07721ebdfc3a4",123,5,118,165,0.040650406504065,0.715151515151515
"linear_dense_n300_t03_r0025","linear","dense","paper_adjusted",300,1000,1.9,25,120093459,"MLFDR",0.05,"ok",TRUE,0.219999999999999,"","","cd6a0af78b70a8fa38aa48f741dcf0b8",145,5,140,165,0.0344827586206897,0.848484848484849
"confounded_dense_n300_t03_r0025","confounded","dense","paper_adjusted",300,1000,1.9,25,139892691,"HDMT",0.05,"ok",TRUE,0.0300000000000011,"ties should not be present for the one-sample Kolmogorov-Smirnov test","","c7cc1af48f95f1c4346a01d6d4a6043f",181,5,176,205,0.0276243093922652,0.858536585365854
"confounded_dense_n300_t03_r0025","confounded","dense","paper_adjusted",300,1000,1.9,25,139892691,"MDACT",0.05,"ok",TRUE,0.00999999999999091,"ties should not be present for the one-sample Kolmogorov-Smirnov test","","b21772add654ed465f4259555a7bdce7",181,5,176,205,0.0276243093922652,0.858536585365854
"confounded_dense_n300_t03_r0025","confounded","dense","paper_adjusted",300,1000,1.9,25,139892691,"MLFDR",0.05,"ok",TRUE,0.140000000000015,"","","86c71d184dc929a9bdad7fdc8602d60f",212,12,200,205,0.0566037735849057,0.975609756097561
"binary_dense_n300_t03_r0025","binary","dense","paper_adjusted",300,1000,1.9,25,212275984,"HDMT",0.05,"ok",TRUE,0.0300000000000011,"","","6e79d15fcfdacfedad09ec4fd18442c6",209,11,198,227,0.0526315789473684,0.872246696035242
"binary_dense_n300_t03_r0025","binary","dense","paper_adjusted",300,1000,1.9,25,212275984,"MDACT",0.05,"ok",TRUE,0,"","","d5ad4bd45b60621faa800ba51dd21520",210,12,198,227,0.0571428571428571,0.872246696035242
"binary_dense_n300_t03_r0025","binary","dense","paper_adjusted",300,1000,1.9,25,212275984,"MLFDR",0.05,"ok",TRUE,0.319999999999993,"","","41ee5170c887a7b5c0cd84438651eba5",231,12,219,227,0.051948051948052,0.964757709251101
"linear_sparse_n300_t01_r0026","linear","sparse","paper_adjusted",300,1000,1.3,26,73507511,"HDMT",0.05,"ok",TRUE,0.0100000000000193,"ties should not be present for the one-sample Kolmogorov-Smirnov test","","cfb699f3c74f98c369860d02a61b8965",4,0,4,15,0,0.266666666666667
"linear_sparse_n300_t01_r0026","linear","sparse","paper_adjusted",300,1000,1.3,26,73507511,"MDACT",0.05,"ok",TRUE,0,"ties should not be present for the one-sample Kolmogorov-Smirnov test","","907963aefd9ab184ef76e3d5673f08db",2,0,2,15,0,0.133333333333333
"linear_sparse_n300_t01_r0026","linear","sparse","paper_adjusted",300,1000,1.3,26,73507511,"MLFDR",0.05,"ok",TRUE,0.469999999999999,"","","2ea2ae94371e3fb7fde5fd13da593017",5,0,5,15,0,0.333333333333333
"confounded_sparse_n300_t01_r0026","confounded","sparse","paper_adjusted",300,1000,1.3,26,196133483,"HDMT",0.05,"ok",TRUE,0.0300000000000011,"ties should not be present for the one-sample Kolmogorov-Smirnov test","","57c443e8b3dc3e9bba85cd34be8790ae",9,0,9,29,0,0.310344827586207
"confounded_sparse_n300_t01_r0026","confounded","sparse","paper_adjusted",300,1000,1.3,26,196133483,"MDACT",0.05,"ok",TRUE,0.0199999999999818,"ties should not be present for the one-sample Kolmogorov-Smirnov test","","c987bd9648d6c9ef5b55f8816b8ffc79",13,0,13,29,0,0.448275862068966
"confounded_sparse_n300_t01_r0026","confounded","sparse","paper_adjusted",300,1000,1.3,26,196133483,"MLFDR",0.05,"ok",TRUE,1.36000000000001,"","","e07f9dbd88aa03143f31b4fff76b1fc1",21,0,21,29,0,0.724137931034483
"binary_sparse_n300_t01_r0026","binary","sparse","paper_adjusted",300,1000,1.3,26,251703798,"HDMT",0.05,"ok",TRUE,0.0499999999999829,"","","ee4e8c69f3a8c3df8ff61fee5eabb0f8",3,0,3,23,0,0.130434782608696
"binary_sparse_n300_t01_r0026","binary","sparse","paper_adjusted",300,1000,1.3,26,251703798,"MDACT",0.05,"ok",TRUE,0.0199999999999818,"","","b5d490bdaf56d50b875a2fd818e41a4c",3,0,3,23,0,0.130434782608696
"binary_sparse_n300_t01_r0026","binary","sparse","paper_adjusted",300,1000,1.3,26,251703798,"MLFDR",0.05,"ok",TRUE,0.400000000000006,"","","feb9e96c1a4bdba2f2ecc30a5a5df09a",6,0,6,23,0,0.260869565217391
"linear_dense_n300_t01_r0026","linear","dense","paper_adjusted",300,1000,1.3,26,49091116,"HDMT",0.05,"ok",TRUE,0.0300000000000011,"ties should not be present for the one-sample Kolmogorov-Smirnov test","","148df828a6e1de566dcbc8e5233ef0a3",73,1,72,199,0.0136986301369863,0.361809045226131
"linear_dense_n300_t01_r0026","linear","dense","paper_adjusted",300,1000,1.3,26,49091116,"MDACT",0.05,"ok",TRUE,0.0199999999999818,"ties should not be present for the one-sample Kolmogorov-Smirnov test","","00f37e5c49865600980fb81491979875",84,2,82,199,0.0238095238095238,0.412060301507538
"linear_dense_n300_t01_r0026","linear","dense","paper_adjusted",300,1000,1.3,26,49091116,"MLFDR",0.05,"ok",TRUE,0.75,"","","bbbb16ffb84e239a79b70c5e4af9051c",137,6,131,199,0.0437956204379562,0.658291457286432
"confounded_dense_n300_t01_r0026","confounded","dense","paper_adjusted",300,1000,1.3,26,136163291,"HDMT",0.05,"ok",TRUE,0.0600000000000023,"ties should not be present for the one-sample Kolmogorov-Smirnov test","","8fde062b58ecaa867b47ce14d546074b",61,0,61,208,0,0.293269230769231
"confounded_dense_n300_t01_r0026","confounded","dense","paper_adjusted",300,1000,1.3,26,136163291,"MDACT",0.05,"ok",TRUE,0.0100000000000193,"ties should not be present for the one-sample Kolmogorov-Smirnov test","","9aad0511c8d05eaffb1911b37c2f40f0",76,2,74,208,0.0263157894736842,0.355769230769231
"confounded_dense_n300_t01_r0026","confounded","dense","paper_adjusted",300,1000,1.3,26,136163291,"MLFDR",0.05,"ok",TRUE,0.789999999999992,"","","33dcd9d8dfc8084cbf31bcffaa605eba",149,4,145,208,0.0268456375838926,0.697115384615385
"binary_dense_n300_t01_r0026","binary","dense","paper_adjusted",300,1000,1.3,26,96878,"HDMT",0.05,"ok",TRUE,0.0300000000000011,"","","4fd128e6822e577e5f7a4f62055d7fd4",72,0,72,184,0,0.391304347826087
"binary_dense_n300_t01_r0026","binary","dense","paper_adjusted",300,1000,1.3,26,96878,"MDACT",0.05,"ok",TRUE,0,"","","fc3b0ce70f9dee18b07443145069b7c7",89,2,87,184,0.0224719101123595,0.472826086956522
"binary_dense_n300_t01_r0026","binary","dense","paper_adjusted",300,1000,1.3,26,96878,"MLFDR",0.05,"ok",TRUE,0.610000000000014,"","","5f8be0c92ecae82928a741a33ad8fb27",129,10,119,184,0.0775193798449612,0.646739130434783
"linear_sparse_n300_t02_r0026","linear","sparse","paper_adjusted",300,1000,1.5,26,123386673,"HDMT",0.05,"ok",TRUE,0.039999999999992,"ties should not be present for the one-sample Kolmogorov-Smirnov test","","f04a67d04273c90c5fe0ed03509fa7fb",4,0,4,16,0,0.25
"linear_sparse_n300_t02_r0026","linear","sparse","paper_adjusted",300,1000,1.5,26,123386673,"MDACT",0.05,"ok",TRUE,0,"ties should not be present for the one-sample Kolmogorov-Smirnov test","","a4ec230b65f3132ca6a91b64cddd39f2",4,0,4,16,0,0.25
"linear_sparse_n300_t02_r0026","linear","sparse","paper_adjusted",300,1000,1.5,26,123386673,"MLFDR",0.05,"ok",TRUE,0.310000000000002,"","","271ba23417e4fec48d2d184248984a25",4,0,4,16,0,0.25
"confounded_sparse_n300_t02_r0026","confounded","sparse","paper_adjusted",300,1000,1.5,26,172458150,"HDMT",0.05,"ok",TRUE,0.0600000000000023,"ties should not be present for the one-sample Kolmogorov-Smirnov test","","49e43ec71b8969ac8e4c1fe272a35e2f",6,0,6,15,0,0.4
"confounded_sparse_n300_t02_r0026","confounded","sparse","paper_adjusted",300,1000,1.5,26,172458150,"MDACT",0.05,"ok",TRUE,0.0199999999999818,"ties should not be present for the one-sample Kolmogorov-Smirnov test","","f3ffe2de87178afa3b1c6537dd87d960",6,0,6,15,0,0.4
"confounded_sparse_n300_t02_r0026","confounded","sparse","paper_adjusted",300,1000,1.5,26,172458150,"MLFDR",0.05,"ok",TRUE,0.580000000000013,"","","769837a8f931bd4b0fbdbcc868242dce",9,0,9,15,0,0.6
"binary_sparse_n300_t02_r0026","binary","sparse","paper_adjusted",300,1000,1.5,26,101722923,"HDMT",0.05,"ok",TRUE,0.0600000000000023,"","","9d38d4c14f1d9650216e7056a4881ea8",17,1,16,27,0.0588235294117647,0.592592592592593
"binary_sparse_n300_t02_r0026","binary","sparse","paper_adjusted",300,1000,1.5,26,101722923,"MDACT",0.05,"ok",TRUE,0.0199999999999818,"","","a4a11649e3210c787bddc0d0ad6b3690",20,1,19,27,0.05,0.703703703703704
"binary_sparse_n300_t02_r0026","binary","sparse","paper_adjusted",300,1000,1.5,26,101722923,"MLFDR",0.05,"ok",TRUE,0.400000000000006,"","","9d1c2f22d8148d9ad0896d59c0275e48",22,0,22,27,0,0.814814814814815
"linear_dense_n300_t02_r0026","linear","dense","paper_adjusted",300,1000,1.5,26,255969987,"HDMT",0.05,"ok",TRUE,0.0300000000000011,"ties should not be present for the one-sample Kolmogorov-Smirnov test","","071d55faf1033838fccd6fb64acdfe1d",95,3,92,189,0.0315789473684211,0.486772486772487
"linear_dense_n300_t02_r0026","linear","dense","paper_adjusted",300,1000,1.5,26,255969987,"MDACT",0.05,"ok",TRUE,0.00999999999999091,"ties should not be present for the one-sample Kolmogorov-Smirnov test","","aed6e57f48a045e5436b1136c6abd9a4",106,5,101,189,0.0471698113207547,0.534391534391534
"linear_dense_n300_t02_r0026","linear","dense","paper_adjusted",300,1000,1.5,26,255969987,"MLFDR",0.05,"ok",TRUE,0.310000000000002,"","","08adc42932aa382387cef658d8caca90",151,11,140,189,0.0728476821192053,0.740740740740741
"confounded_dense_n300_t02_r0026","confounded","dense","paper_adjusted",300,1000,1.5,26,11398045,"HDMT",0.05,"ok",TRUE,0.0600000000000023,"ties should not be present for the one-sample Kolmogorov-Smirnov test","","d620672e5655f852bf67df4e50009ef6",137,7,130,213,0.0510948905109489,0.610328638497653
"confounded_dense_n300_t02_r0026","confounded","dense","paper_adjusted",300,1000,1.5,26,11398045,"MDACT",0.05,"ok",TRUE,0.00999999999999091,"ties should not be present for the one-sample Kolmogorov-Smirnov test","","7690bde58fd9fc3657e51a89c4b86fab",143,7,136,213,0.048951048951049,0.63849765258216
"confounded_dense_n300_t02_r0026","confounded","dense","paper_adjusted",300,1000,1.5,26,11398045,"MLFDR",0.05,"ok",TRUE,0.810000000000002,"","","6abc384d28cf6cfa796a20a428ff04c9",188,6,182,213,0.0319148936170213,0.854460093896714
"binary_dense_n300_t02_r0026","binary","dense","paper_adjusted",300,1000,1.5,26,77793717,"HDMT",0.05,"ok",TRUE,0.0600000000000023,"","","590c23107e5a2b1535ce4304682460b9",114,0,114,213,0,0.535211267605634
"binary_dense_n300_t02_r0026","binary","dense","paper_adjusted",300,1000,1.5,26,77793717,"MDACT",0.05,"ok",TRUE,0.0199999999999818,"","","d0d3f9c11852648114901d5017e59a13",120,1,119,213,0.00833333333333333,0.55868544600939
"binary_dense_n300_t02_r0026","binary","dense","paper_adjusted",300,1000,1.5,26,77793717,"MLFDR",0.05,"ok",TRUE,0.950000000000017,"","","f081419a2512bf64509ac6df90ece8d7",171,4,167,213,0.0233918128654971,0.784037558685446
"linear_sparse_n300_t03_r0026","linear","sparse","paper_adjusted",300,1000,1.9,26,4117477,"HDMT",0.05,"ok",TRUE,0.0600000000000023,"ties should not be present for the one-sample Kolmogorov-Smirnov test","","f18d117bfa9cb667e54e43d972f8154e",17,0,17,19,0,0.894736842105263
"linear_sparse_n300_t03_r0026","linear","sparse","paper_adjusted",300,1000,1.9,26,4117477,"MDACT",0.05,"ok",TRUE,0.0300000000000011,"ties should not be present for the one-sample Kolmogorov-Smirnov test","","62e10e2e1c548ce42c8ca253f1f4eea9",18,0,18,19,0,0.947368421052632
"linear_sparse_n300_t03_r0026","linear","sparse","paper_adjusted",300,1000,1.9,26,4117477,"MLFDR",0.05,"ok",TRUE,0.390000000000015,"","","87a6fb054ae232f13b73d5dd4304a34d",20,1,19,19,0.05,1
"confounded_sparse_n300_t03_r0026","confounded","sparse","paper_adjusted",300,1000,1.9,26,265658295,"HDMT",0.05,"ok",TRUE,0.0500000000000114,"ties should not be present for the one-sample Kolmogorov-Smirnov test","","5d1bef886ffd4e863c6c1bf20f6c2b90",18,3,15,20,0.166666666666667,0.75
"confounded_sparse_n300_t03_r0026","confounded","sparse","paper_adjusted",300,1000,1.9,26,265658295,"MDACT",0.05,"ok",TRUE,0.0300000000000011,"ties should not be present for the one-sample Kolmogorov-Smirnov test","","79984c241cf73f881c4e7df5435c58fc",16,3,13,20,0.1875,0.65
"confounded_sparse_n300_t03_r0026","confounded","sparse","paper_adjusted",300,1000,1.9,26,265658295,"MLFDR",0.05,"ok",TRUE,0.370000000000005,"","","da13baf61e55e1dfb6d959cab62f81f5",16,0,16,20,0,0.8
"binary_sparse_n300_t03_r0026","binary","sparse","paper_adjusted",300,1000,1.9,26,157034796,"HDMT",0.05,"ok",TRUE,0.0499999999999829,"","","de2302e2861cb67ae936e5460ec95481",10,0,10,21,0,0.476190476190476
"binary_sparse_n300_t03_r0026","binary","sparse","paper_adjusted",300,1000,1.9,26,157034796,"MDACT",0.05,"ok",TRUE,0.0200000000000102,"","","82efcd47fff56310391fb6a63a9889df",15,0,15,21,0,0.714285714285714
"binary_sparse_n300_t03_r0026","binary","sparse","paper_adjusted",300,1000,1.9,26,157034796,"MLFDR",0.05,"ok",TRUE,0.340000000000003,"","","538ed8fa7a991d614bbc3a5b636439e3",17,0,17,21,0,0.80952380952381
"linear_dense_n300_t03_r0026","linear","dense","paper_adjusted",300,1000,1.9,26,249400426,"HDMT",0.05,"ok",TRUE,0.0600000000000023,"ties should not be present for the one-sample Kolmogorov-Smirnov test","","96f12b96f3f1b3ad34b5b0899e8dc78f",136,5,131,199,0.0367647058823529,0.658291457286432
"linear_dense_n300_t03_r0026","linear","dense","paper_adjusted",300,1000,1.9,26,249400426,"MDACT",0.05,"ok",TRUE,0.0300000000000011,"ties should not be present for the one-sample Kolmogorov-Smirnov test","","bd9a5e1eb0b068b05e904840a1710d6d",149,6,143,199,0.0402684563758389,0.718592964824121
"linear_dense_n300_t03_r0026","linear","dense","paper_adjusted",300,1000,1.9,26,249400426,"MLFDR",0.05,"ok",TRUE,0.759999999999991,"","","8ff549252fdfdebc924223de8a4f1b39",191,9,182,199,0.0471204188481675,0.914572864321608
"confounded_dense_n300_t03_r0026","confounded","dense","paper_adjusted",300,1000,1.9,26,60752033,"HDMT",0.05,"ok",TRUE,0.0600000000000023,"ties should not be present for the one-sample Kolmogorov-Smirnov test","","7840d0911fd2eb3c92cd030397ecee35",205,4,201,239,0.0195121951219512,0.841004184100418
"confounded_dense_n300_t03_r0026","confounded","dense","paper_adjusted",300,1000,1.9,26,60752033,"MDACT",0.05,"ok",TRUE,0.00999999999999091,"ties should not be present for the one-sample Kolmogorov-Smirnov test","","e1981e50c4f69661741f6d4b7c32b577",205,4,201,239,0.0195121951219512,0.841004184100418
"confounded_dense_n300_t03_r0026","confounded","dense","paper_adjusted",300,1000,1.9,26,60752033,"MLFDR",0.05,"ok",TRUE,0.390000000000015,"","","f630394571e293032e137cfdd86c8699",238,9,229,239,0.0378151260504202,0.9581589958159
"binary_dense_n300_t03_r0026","binary","dense","paper_adjusted",300,1000,1.9,26,257849093,"HDMT",0.05,"ok",TRUE,0.0799999999999841,"","","0c8755b24b486c88aa685d560111e40f",168,6,162,177,0.0357142857142857,0.915254237288136
"binary_dense_n300_t03_r0026","binary","dense","paper_adjusted",300,1000,1.9,26,257849093,"MDACT",0.05,"ok",TRUE,0.0300000000000011,"","","a9d90f29af8ad9e4365f81c4a31a5bd6",167,5,162,177,0.029940119760479,0.915254237288136
"binary_dense_n300_t03_r0026","binary","dense","paper_adjusted",300,1000,1.9,26,257849093,"MLFDR",0.05,"ok",TRUE,0.390000000000015,"","","d0aec68f0cdfe49b2267d3f3a110ae90",181,9,172,177,0.0497237569060773,0.971751412429379
"linear_sparse_n300_t01_r0027","linear","sparse","paper_adjusted",300,1000,1.3,27,81158048,"HDMT",0.05,"ok",TRUE,0.0600000000000023,"ties should not be present for the one-sample Kolmogorov-Smirnov test","","7fe64ff203af0eab6af494ccfa6d8afe",4,0,4,23,0,0.173913043478261
"linear_sparse_n300_t01_r0027","linear","sparse","paper_adjusted",300,1000,1.3,27,81158048,"MDACT",0.05,"ok",TRUE,0.0100000000000193,"ties should not be present for the one-sample Kolmogorov-Smirnov test","","76ee90e75f301ebc65e0dda2e3adf638",4,0,4,23,0,0.173913043478261
"linear_sparse_n300_t01_r0027","linear","sparse","paper_adjusted",300,1000,1.3,27,81158048,"MLFDR",0.05,"ok",TRUE,0.909999999999997,"","","9d4d906d73f1d9333c73bf0578cfc275",11,1,10,23,0.0909090909090909,0.434782608695652
"confounded_sparse_n300_t01_r0027","confounded","sparse","paper_adjusted",300,1000,1.3,27,97665201,"HDMT",0.05,"ok",TRUE,0.0600000000000023,"ties should not be present for the one-sample Kolmogorov-Smirnov test","","8e45003097a96975506674a70f25557f",6,0,6,25,0,0.24
"confounded_sparse_n300_t01_r0027","confounded","sparse","paper_adjusted",300,1000,1.3,27,97665201,"MDACT",0.05,"ok",TRUE,0.0300000000000011,"ties should not be present for the one-sample Kolmogorov-Smirnov test","","fbaa964cf3cad36198d463e14ddad376",6,0,6,25,0,0.24
"confounded_sparse_n300_t01_r0027","confounded","sparse","paper_adjusted",300,1000,1.3,27,97665201,"MLFDR",0.05,"ok",TRUE,1.42000000000002,"","","f6fd9fb74930311496b012990d6b7985",13,1,12,25,0.0769230769230769,0.48
"binary_sparse_n300_t01_r0027","binary","sparse","paper_adjusted",300,1000,1.3,27,157933285,"HDMT",0.05,"ok",TRUE,0.0599999999999739,"","","cd88eb52a1149f40063728dc09ee50c7",11,2,9,23,0.181818181818182,0.391304347826087
"binary_sparse_n300_t01_r0027","binary","sparse","paper_adjusted",300,1000,1.3,27,157933285,"MDACT",0.05,"ok",TRUE,0.0300000000000011,"","","210fd37aa2b986d45b6a845c6a0edfb6",9,2,7,23,0.222222222222222,0.304347826086957
"binary_sparse_n300_t01_r0027","binary","sparse","paper_adjusted",300,1000,1.3,27,157933285,"MLFDR",0.05,"ok",TRUE,0.75,"","","42e4e2dc2aed52eca8c88ab50b8e00ff",16,4,12,23,0.25,0.521739130434783
"linear_dense_n300_t01_r0027","linear","dense","paper_adjusted",300,1000,1.3,27,163136381,"HDMT",0.05,"ok",TRUE,0.0799999999999841,"ties should not be present for the one-sample Kolmogorov-Smirnov test","","5fc5da68519773c8429a3c3534d58da7",96,4,92,222,0.0416666666666667,0.414414414414414
"linear_dense_n300_t01_r0027","linear","dense","paper_adjusted",300,1000,1.3,27,163136381,"MDACT",0.05,"ok",TRUE,0.0100000000000193,"ties should not be present for the one-sample Kolmogorov-Smirnov test","","35e09a37c96e308afdae1cf4e458d35c",100,5,95,222,0.05,0.427927927927928
"linear_dense_n300_t01_r0027","linear","dense","paper_adjusted",300,1000,1.3,27,163136381,"MLFDR",0.05,"ok",TRUE,0.900000000000006,"","","a09c52c6bc072d341ee565ba470673f6",157,3,154,222,0.0191082802547771,0.693693693693694
"confounded_dense_n300_t01_r0027","confounded","dense","paper_adjusted",300,1000,1.3,27,267705257,"HDMT",0.05,"ok",TRUE,0.039999999999992,"ties should not be present for the one-sample Kolmogorov-Smirnov test","","665b5ee7c00199485aeb1112f4463da7",92,4,88,197,0.0434782608695652,0.446700507614213
"confounded_dense_n300_t01_r0027","confounded","dense","paper_adjusted",300,1000,1.3,27,267705257,"MDACT",0.05,"ok",TRUE,0.0400000000000205,"ties should not be present for the one-sample Kolmogorov-Smirnov test","","a4f7949bea52bf6fddb9e343008507cb",104,6,98,197,0.0576923076923077,0.49746192893401
"confounded_dense_n300_t01_r0027","confounded","dense","paper_adjusted",300,1000,1.3,27,267705257,"MLFDR",0.05,"ok",TRUE,1.45000000000002,"","","f81b5118132fe9268d51e441cdf90692",153,6,147,197,0.0392156862745098,0.746192893401015
"binary_dense_n300_t01_r0027","binary","dense","paper_adjusted",300,1000,1.3,27,268188995,"HDMT",0.05,"ok",TRUE,0.0699999999999932,"","","0bc35c720e56366edf45a6eb1d93f8ae",28,3,25,202,0.107142857142857,0.123762376237624
"binary_dense_n300_t01_r0027","binary","dense","paper_adjusted",300,1000,1.3,27,268188995,"MDACT",0.05,"ok",TRUE,0.0200000000000102,"","","d1dc2360dac5e475feaa11b77578c61f",46,4,42,202,0.0869565217391304,0.207920792079208
"binary_dense_n300_t01_r0027","binary","dense","paper_adjusted",300,1000,1.3,27,268188995,"MLFDR",0.05,"ok",TRUE,0.939999999999998,"","","0771d317ad3353d9d75a0b32ba29d5bf",94,2,92,202,0.0212765957446809,0.455445544554455
"linear_sparse_n300_t02_r0027","linear","sparse","paper_adjusted",300,1000,1.5,27,108598194,"HDMT",0.05,"ok",TRUE,0.0699999999999932,"ties should not be present for the one-sample Kolmogorov-Smirnov test","","17c33af58245b2506a9af2054fc794e6",7,0,7,21,0,0.333333333333333
"linear_sparse_n300_t02_r0027","linear","sparse","paper_adjusted",300,1000,1.5,27,108598194,"MDACT",0.05,"ok",TRUE,0.0300000000000011,"ties should not be present for the one-sample Kolmogorov-Smirnov test","","2b4544e03e9147fa2fe5e562fc44d0f1",9,0,9,21,0,0.428571428571429
"linear_sparse_n300_t02_r0027","linear","sparse","paper_adjusted",300,1000,1.5,27,108598194,"MLFDR",0.05,"ok",TRUE,1.03,"","","c23d244abb0869a2607dffaf5b5c07d6",17,2,15,21,0.117647058823529,0.714285714285714
"confounded_sparse_n300_t02_r0027","confounded","sparse","paper_adjusted",300,1000,1.5,27,146116056,"HDMT",0.05,"ok",TRUE,0.0600000000000023,"ties should not be present for the one-sample Kolmogorov-Smirnov test","","9dc6c470610b480edb340ccca0176464",7,1,6,20,0.142857142857143,0.3
"confounded_sparse_n300_t02_r0027","confounded","sparse","paper_adjusted",300,1000,1.5,27,146116056,"MDACT",0.05,"ok",TRUE,0.0300000000000011,"ties should not be present for the one-sample Kolmogorov-Smirnov test","","72107ecd9aafc260273582358c47d71c",7,1,6,20,0.142857142857143,0.3
"confounded_sparse_n300_t02_r0027","confounded","sparse","paper_adjusted",300,1000,1.5,27,146116056,"MLFDR",0.05,"ok",TRUE,0.849999999999994,"","","be24b25cde9444c3d45b5dede7ae04fe",12,1,11,20,0.0833333333333333,0.55
"binary_sparse_n300_t02_r0027","binary","sparse","paper_adjusted",300,1000,1.5,27,255967913,"HDMT",0.05,"ok",TRUE,0.0699999999999932,"","","3f9289abfd88e19cae611b42b54a18fa",9,0,9,23,0,0.391304347826087
"binary_sparse_n300_t02_r0027","binary","sparse","paper_adjusted",300,1000,1.5,27,255967913,"MDACT",0.05,"ok",TRUE,0.0300000000000011,"","","2b704f4dd63225d483f7bbf9a6665ace",9,0,9,23,0,0.391304347826087
"binary_sparse_n300_t02_r0027","binary","sparse","paper_adjusted",300,1000,1.5,27,255967913,"MLFDR",0.05,"ok",TRUE,0.79000000000002,"","","399bb97e4b044ec270fd9f6763040b20",15,0,15,23,0,0.652173913043478
"linear_dense_n300_t02_r0027","linear","dense","paper_adjusted",300,1000,1.5,27,183104041,"HDMT",0.05,"ok",TRUE,0.0600000000000023,"ties should not be present for the one-sample Kolmogorov-Smirnov test","","22bafa45354b13de593f2c820728ab29",128,5,123,188,0.0390625,0.654255319148936
"linear_dense_n300_t02_r0027","linear","dense","paper_adjusted",300,1000,1.5,27,183104041,"MDACT",0.05,"ok",TRUE,0.0199999999999818,"ties should not be present for the one-sample Kolmogorov-Smirnov test","","283605bda93205da2bb08b6ca70083ce",132,6,126,188,0.0454545454545455,0.670212765957447
"linear_dense_n300_t02_r0027","linear","dense","paper_adjusted",300,1000,1.5,27,183104041,"MLFDR",0.05,"ok",TRUE,0.830000000000013,"","","006856aaeecb322f30d3032919be9bc8",165,10,155,188,0.0606060606060606,0.824468085106383
"confounded_dense_n300_t02_r0027","confounded","dense","paper_adjusted",300,1000,1.5,27,110239741,"HDMT",0.05,"ok",TRUE,0.0600000000000023,"ties should not be present for the one-sample Kolmogorov-Smirnov test","","cf82e53c3eaeab95439b3112903c7987",118,1,117,216,0.00847457627118644,0.541666666666667
"confounded_dense_n300_t02_r0027","confounded","dense","paper_adjusted",300,1000,1.5,27,110239741,"MDACT",0.05,"ok",TRUE,0.00999999999999091,"ties should not be present for the one-sample Kolmogorov-Smirnov test","","6829941062e4313963f888a7fb72a2a4",121,2,119,216,0.0165289256198347,0.550925925925926
"confounded_dense_n300_t02_r0027","confounded","dense","paper_adjusted",300,1000,1.5,27,110239741,"MLFDR",0.05,"ok",TRUE,0.800000000000011,"","","03cf22a842aed7a1c7db130a86627c0b",188,8,180,216,0.0425531914893617,0.833333333333333
"binary_dense_n300_t02_r0027","binary","dense","paper_adjusted",300,1000,1.5,27,114062814,"HDMT",0.05,"ok",TRUE,0.0600000000000023,"","","1d344bedf4060cc400006a5a6ba7919c",113,4,109,192,0.0353982300884956,0.567708333333333
"binary_dense_n300_t02_r0027","binary","dense","paper_adjusted",300,1000,1.5,27,114062814,"MDACT",0.05,"ok",TRUE,0.00999999999999091,"","","3ff8953abd7d2a39af9a65911e747868",134,5,129,192,0.0373134328358209,0.671875
"binary_dense_n300_t02_r0027","binary","dense","paper_adjusted",300,1000,1.5,27,114062814,"MLFDR",0.05,"ok",TRUE,0.780000000000001,"","","0324f97baeba146077ba82e80f42d197",170,12,158,192,0.0705882352941176,0.822916666666667
"linear_sparse_n300_t03_r0027","linear","sparse","paper_adjusted",300,1000,1.9,27,11522001,"HDMT",0.05,"ok",TRUE,0.0600000000000023,"ties should not be present for the one-sample Kolmogorov-Smirnov test","","64f68ccbce20f526059f9e4b2df7f4a7",11,2,9,12,0.181818181818182,0.75
"linear_sparse_n300_t03_r0027","linear","sparse","paper_adjusted",300,1000,1.9,27,11522001,"MDACT",0.05,"ok",TRUE,0.0300000000000011,"ties should not be present for the one-sample Kolmogorov-Smirnov test","","1afb94eea4522b57c2493a9d3369a0ea",12,2,10,12,0.166666666666667,0.833333333333333
"linear_sparse_n300_t03_r0027","linear","sparse","paper_adjusted",300,1000,1.9,27,11522001,"MLFDR",0.05,"ok",TRUE,0.469999999999999,"","","cd3a50b0a8bfab3e4391419de487e87e",10,0,10,12,0,0.833333333333333
"confounded_sparse_n300_t03_r0027","confounded","sparse","paper_adjusted",300,1000,1.9,27,227620936,"HDMT",0.05,"ok",TRUE,0.0600000000000023,"ties should not be present for the one-sample Kolmogorov-Smirnov test","","e1637615029db1adb789e27205e85d6c",6,0,6,14,0,0.428571428571429
"confounded_sparse_n300_t03_r0027","confounded","sparse","paper_adjusted",300,1000,1.9,27,227620936,"MDACT",0.05,"ok",TRUE,0.0199999999999818,"ties should not be present for the one-sample Kolmogorov-Smirnov test","","159b7eb37e50be94c63cfe8fe6a0256f",6,0,6,14,0,0.428571428571429
"confounded_sparse_n300_t03_r0027","confounded","sparse","paper_adjusted",300,1000,1.9,27,227620936,"MLFDR",0.05,"ok",TRUE,0.450000000000017,"","","da9652fbff3998caae7af79c2d71be94",8,0,8,14,0,0.571428571428571
"binary_sparse_n300_t03_r0027","binary","sparse","paper_adjusted",300,1000,1.9,27,135570152,"HDMT",0.05,"ok",TRUE,0.0600000000000023,"","","ae9804b105d72f4ea065dbdf5f761132",11,0,11,18,0,0.611111111111111
"binary_sparse_n300_t03_r0027","binary","sparse","paper_adjusted",300,1000,1.9,27,135570152,"MDACT",0.05,"ok",TRUE,0.0300000000000011,"","","3a5b0a296bf8dab59ee959ac0770260d",11,0,11,18,0,0.611111111111111
"binary_sparse_n300_t03_r0027","binary","sparse","paper_adjusted",300,1000,1.9,27,135570152,"MLFDR",0.05,"ok",TRUE,0.340000000000003,"","","33a6953e4b24d6f8afc539d90e351344",15,0,15,18,0,0.833333333333333
"linear_dense_n300_t03_r0027","linear","dense","paper_adjusted",300,1000,1.9,27,100275334,"HDMT",0.05,"ok",TRUE,0.0600000000000023,"ties should not be present for the one-sample Kolmogorov-Smirnov test","","e7be7be903559b2db4656b681f420ecd",190,15,175,192,0.0789473684210526,0.911458333333333
"linear_dense_n300_t03_r0027","linear","dense","paper_adjusted",300,1000,1.9,27,100275334,"MDACT",0.05,"ok",TRUE,0.0199999999999818,"ties should not be present for the one-sample Kolmogorov-Smirnov test","","d7c0532bd00d6c288d25eff31f5c0a55",189,14,175,192,0.0740740740740741,0.911458333333333
"linear_dense_n300_t03_r0027","linear","dense","paper_adjusted",300,1000,1.9,27,100275334,"MLFDR",0.05,"ok",TRUE,0.310000000000002,"","","6b4657488709c9def1fa90fb926156b1",194,11,183,192,0.0567010309278351,0.953125
"confounded_dense_n300_t03_r0027","confounded","dense","paper_adjusted",300,1000,1.9,27,4912918,"HDMT",0.05,"ok",TRUE,0.0699999999999932,"ties should not be present for the one-sample Kolmogorov-Smirnov test","","07ed9fbc07dc0fe2d2eb0590fce79a00",167,8,159,185,0.0479041916167665,0.859459459459459
"confounded_dense_n300_t03_r0027","confounded","dense","paper_adjusted",300,1000,1.9,27,4912918,"MDACT",0.05,"ok",TRUE,0.00999999999999091,"ties should not be present for the one-sample Kolmogorov-Smirnov test","","14d30e1a5906a8e2c9bb20f297110db6",170,8,162,185,0.0470588235294118,0.875675675675676
"confounded_dense_n300_t03_r0027","confounded","dense","paper_adjusted",300,1000,1.9,27,4912918,"MLFDR",0.05,"ok",TRUE,0.349999999999994,"","","73c1bb96e270b258be44a2587fb05746",185,6,179,185,0.0324324324324324,0.967567567567568
"binary_dense_n300_t03_r0027","binary","dense","paper_adjusted",300,1000,1.9,27,69588696,"HDMT",0.05,"ok",TRUE,0.0800000000000125,"","","71a5bf883f3d944cd15117928f70a86d",183,14,169,210,0.0765027322404372,0.804761904761905
"binary_dense_n300_t03_r0027","binary","dense","paper_adjusted",300,1000,1.9,27,69588696,"MDACT",0.05,"ok",TRUE,0.0300000000000011,"","","2922e3dd0accc1d2745b53cf124b2823",187,14,173,210,0.0748663101604278,0.823809523809524
"binary_dense_n300_t03_r0027","binary","dense","paper_adjusted",300,1000,1.9,27,69588696,"MLFDR",0.05,"ok",TRUE,0.539999999999992,"","","92b97127c42b2d7ea781c4e250565123",206,6,200,210,0.029126213592233,0.952380952380952
"linear_sparse_n300_t01_r0028","linear","sparse","paper_adjusted",300,1000,1.3,28,260476429,"HDMT",0.05,"ok",TRUE,0.0600000000000023,"ties should not be present for the one-sample Kolmogorov-Smirnov test","","4f3ca327baf0422324997d00d7b7cde9",18,3,15,19,0.166666666666667,0.789473684210526
"linear_sparse_n300_t01_r0028","linear","sparse","paper_adjusted",300,1000,1.3,28,260476429,"MDACT",0.05,"ok",TRUE,0.0100000000000193,"ties should not be present for the one-sample Kolmogorov-Smirnov test","","bcc5128bdf8b8f3bf59d4f6d197b9b70",17,3,14,19,0.176470588235294,0.736842105263158
"linear_sparse_n300_t01_r0028","linear","sparse","paper_adjusted",300,1000,1.3,28,260476429,"MLFDR",0.05,"ok",TRUE,0.840000000000003,"","","9ae3a25125214f579109b494bdfcdca8",22,4,18,19,0.181818181818182,0.947368421052632
"confounded_sparse_n300_t01_r0028","confounded","sparse","paper_adjusted",300,1000,1.3,28,205976857,"HDMT",0.05,"ok",TRUE,0.0600000000000023,"ties should not be present for the one-sample Kolmogorov-Smirnov test","","6ca0391e0e4d8380689972f363bce368",7,0,7,19,0,0.368421052631579
"confounded_sparse_n300_t01_r0028","confounded","sparse","paper_adjusted",300,1000,1.3,28,205976857,"MDACT",0.05,"ok",TRUE,0.110000000000014,"ties should not be present for the one-sample Kolmogorov-Smirnov test","","f59a9971880fe319147b6cdb017c4610",8,0,8,19,0,0.421052631578947
"confounded_sparse_n300_t01_r0028","confounded","sparse","paper_adjusted",300,1000,1.3,28,205976857,"MLFDR",0.05,"ok",TRUE,0.879999999999995,"","","ed0ab6448627436e143f1faff27c42d0",12,0,12,19,0,0.631578947368421
"binary_sparse_n300_t01_r0028","binary","sparse","paper_adjusted",300,1000,1.3,28,96752034,"HDMT",0.05,"ok",TRUE,0.0799999999999841,"","","06d88a701e2cd297e116d76e2d92d2fe",7,0,7,26,0,0.269230769230769
"binary_sparse_n300_t01_r0028","binary","sparse","paper_adjusted",300,1000,1.3,28,96752034,"MDACT",0.05,"ok",TRUE,0.0300000000000011,"","","969baa56dd54537ea981c7a66c999498",7,0,7,26,0,0.269230769230769
"binary_sparse_n300_t01_r0028","binary","sparse","paper_adjusted",300,1000,1.3,28,96752034,"MLFDR",0.05,"ok",TRUE,3.25,"","","66a67399fd97caf09974ea6003142501",15,1,14,26,0.0666666666666667,0.538461538461538
"linear_dense_n300_t01_r0028","linear","dense","paper_adjusted",300,1000,1.3,28,224040712,"HDMT",0.05,"ok",TRUE,0.0600000000000023,"ties should not be present for the one-sample Kolmogorov-Smirnov test","","6ebb54942c338f7b083b813c7b1b9360",60,2,58,189,0.0333333333333333,0.306878306878307
"linear_dense_n300_t01_r0028","linear","dense","paper_adjusted",300,1000,1.3,28,224040712,"MDACT",0.05,"ok",TRUE,0.0200000000000102,"ties should not be present for the one-sample Kolmogorov-Smirnov test","","bc19a91854d3cf3ebf02e54ccaecccfe",66,2,64,189,0.0303030303030303,0.338624338624339
"linear_dense_n300_t01_r0028","linear","dense","paper_adjusted",300,1000,1.3,28,224040712,"MLFDR",0.05,"ok",TRUE,1.59,"","","c7d74ff763de6c5809e593c1c5f9350e",125,5,120,189,0.04,0.634920634920635
"confounded_dense_n300_t01_r0028","confounded","dense","paper_adjusted",300,1000,1.3,28,43870721,"HDMT",0.05,"ok",TRUE,0.0699999999999932,"ties should not be present for the one-sample Kolmogorov-Smirnov test","","2ae355aea1749b1acf71cd69576fb915",87,2,85,212,0.0229885057471264,0.400943396226415
"confounded_dense_n300_t01_r0028","confounded","dense","paper_adjusted",300,1000,1.3,28,43870721,"MDACT",0.05,"ok",TRUE,0.0300000000000011,"ties should not be present for the one-sample Kolmogorov-Smirnov test","","fe774f69ae2d6bb6265d783c33e28b17",92,2,90,212,0.0217391304347826,0.424528301886792
"confounded_dense_n300_t01_r0028","confounded","dense","paper_adjusted",300,1000,1.3,28,43870721,"MLFDR",0.05,"ok",TRUE,1.22,"","","7cbf138f59a23fec4f4681c6d04bc1e0",157,7,150,212,0.0445859872611465,0.707547169811321
"binary_dense_n300_t01_r0028","binary","dense","paper_adjusted",300,1000,1.3,28,60701340,"HDMT",0.05,"ok",TRUE,0.0600000000000023,"","","e98311a589408ae7d096bb8ad80f320f",58,1,57,210,0.0172413793103448,0.271428571428571
"binary_dense_n300_t01_r0028","binary","dense","paper_adjusted",300,1000,1.3,28,60701340,"MDACT",0.05,"ok",TRUE,0.0199999999999818,"","","e5c16ce608948877a5d072f3ac57f590",87,3,84,210,0.0344827586206897,0.4
"binary_dense_n300_t01_r0028","binary","dense","paper_adjusted",300,1000,1.3,28,60701340,"MLFDR",0.05,"ok",TRUE,0.630000000000024,"","","42b2813a1ce12ba7064a8b255a92bf0e",135,0,135,210,0,0.642857142857143
"linear_sparse_n300_t02_r0028","linear","sparse","paper_adjusted",300,1000,1.5,28,153147369,"HDMT",0.05,"ok",TRUE,0.0800000000000125,"ties should not be present for the one-sample Kolmogorov-Smirnov test","","8a0e1619e4a05782d852379b7306c368",3,0,3,19,0,0.157894736842105
"linear_sparse_n300_t02_r0028","linear","sparse","paper_adjusted",300,1000,1.5,28,153147369,"MDACT",0.05,"ok",TRUE,0.00999999999999091,"ties should not be present for the one-sample Kolmogorov-Smirnov test","","c07d97bfcbe073e7d89b290752534646",3,0,3,19,0,0.157894736842105
"linear_sparse_n300_t02_r0028","linear","sparse","paper_adjusted",300,1000,1.5,28,153147369,"MLFDR",0.05,"ok",TRUE,1.98000000000002,"","","9eed0cc03c6e8d01044ccfa20b23b9ec",6,0,6,19,0,0.315789473684211
"confounded_sparse_n300_t02_r0028","confounded","sparse","paper_adjusted",300,1000,1.5,28,169943925,"HDMT",0.05,"ok",TRUE,0.0699999999999932,"ties should not be present for the one-sample Kolmogorov-Smirnov test","","df96dd254e41b4e88a24f808ccfcd74b",1,0,1,17,0,0.0588235294117647
"confounded_sparse_n300_t02_r0028","confounded","sparse","paper_adjusted",300,1000,1.5,28,169943925,"MDACT",0.05,"ok",TRUE,0.0300000000000011,"ties should not be present for the one-sample Kolmogorov-Smirnov test","","fcb2841e03fb3da7127c900951f3923f",3,0,3,17,0,0.176470588235294
"confounded_sparse_n300_t02_r0028","confounded","sparse","paper_adjusted",300,1000,1.5,28,169943925,"MLFDR",0.05,"ok",TRUE,1.13999999999999,"","","e5ac982eaa4c83d21d8d717e5cf3d4ce",9,1,8,17,0.111111111111111,0.470588235294118
"binary_sparse_n300_t02_r0028","binary","sparse","paper_adjusted",300,1000,1.5,28,139657584,"HDMT",0.05,"ok",TRUE,0.0600000000000023,"","","446c7335ea63a4b657895b963d412bbb",7,0,7,14,0,0.5
"binary_sparse_n300_t02_r0028","binary","sparse","paper_adjusted",300,1000,1.5,28,139657584,"MDACT",0.05,"ok",TRUE,0.0300000000000011,"","","6e377b05042a0f61e4a9bf0a54dac608",8,0,8,14,0,0.571428571428571
"binary_sparse_n300_t02_r0028","binary","sparse","paper_adjusted",300,1000,1.5,28,139657584,"MLFDR",0.05,"ok",TRUE,0.97999999999999,"","","56cca5ad0762b08677191692fb665177",10,0,10,14,0,0.714285714285714
"linear_dense_n300_t02_r0028","linear","dense","paper_adjusted",300,1000,1.5,28,172772973,"HDMT",0.05,"ok",TRUE,0.0600000000000023,"ties should not be present for the one-sample Kolmogorov-Smirnov test","","35652cb7f4d8cf35592ddc3b3c5e755a",90,3,87,174,0.0333333333333333,0.5
"linear_dense_n300_t02_r0028","linear","dense","paper_adjusted",300,1000,1.5,28,172772973,"MDACT",0.05,"ok",TRUE,0.0299999999999727,"ties should not be present for the one-sample Kolmogorov-Smirnov test","","6f653e84e0efc69f0a57d6a7387bec15",104,6,98,174,0.0576923076923077,0.563218390804598
"linear_dense_n300_t02_r0028","linear","dense","paper_adjusted",300,1000,1.5,28,172772973,"MLFDR",0.05,"ok",TRUE,1.04999999999998,"","","3f63f33af53a9b512d4ae8fa0608936b",141,9,132,174,0.0638297872340425,0.758620689655172
"confounded_dense_n300_t02_r0028","confounded","dense","paper_adjusted",300,1000,1.5,28,31609503,"HDMT",0.05,"ok",TRUE,0.039999999999992,"ties should not be present for the one-sample Kolmogorov-Smirnov test","","1b07e9fc2316a5fc3244e7b7d01eb699",166,11,155,234,0.0662650602409639,0.662393162393162
"confounded_dense_n300_t02_r0028","confounded","dense","paper_adjusted",300,1000,1.5,28,31609503,"MDACT",0.05,"ok",TRUE,0.0300000000000011,"ties should not be present for the one-sample Kolmogorov-Smirnov test","","adad77c2ecf4db0083449a541558dbad",174,13,161,234,0.0747126436781609,0.688034188034188
"confounded_dense_n300_t02_r0028","confounded","dense","paper_adjusted",300,1000,1.5,28,31609503,"MLFDR",0.05,"ok",TRUE,0.699999999999989,"","","2bdecb2b16c3237c5cbc64680d4bd4a7",216,11,205,234,0.0509259259259259,0.876068376068376
"binary_dense_n300_t02_r0028","binary","dense","paper_adjusted",300,1000,1.5,28,104863860,"HDMT",0.05,"ok",TRUE,0.0499999999999829,"","","e7aac6b4a463a5e044fcf5fd200eb483",128,3,125,192,0.0234375,0.651041666666667
"binary_dense_n300_t02_r0028","binary","dense","paper_adjusted",300,1000,1.5,28,104863860,"MDACT",0.05,"ok",TRUE,0.0300000000000011,"","","c7c6f44ad5ef9e964bb3d31ce0922674",131,3,128,192,0.0229007633587786,0.666666666666667
"binary_dense_n300_t02_r0028","binary","dense","paper_adjusted",300,1000,1.5,28,104863860,"MLFDR",0.05,"ok",TRUE,0.539999999999992,"","","2cfe41fed640f46585ca5a06abf54ed4",182,8,174,192,0.043956043956044,0.90625
"linear_sparse_n300_t03_r0028","linear","sparse","paper_adjusted",300,1000,1.9,28,229067411,"HDMT",0.05,"ok",TRUE,0.0800000000000125,"ties should not be present for the one-sample Kolmogorov-Smirnov test","","068bccac3f3c343b1b7123d4e5558885",20,2,18,19,0.1,0.947368421052632
"linear_sparse_n300_t03_r0028","linear","sparse","paper_adjusted",300,1000,1.9,28,229067411,"MDACT",0.05,"ok",TRUE,0.00999999999999091,"ties should not be present for the one-sample Kolmogorov-Smirnov test","","08a842b4a188c58c954d87ff87ea1035",20,2,18,19,0.1,0.947368421052632
"linear_sparse_n300_t03_r0028","linear","sparse","paper_adjusted",300,1000,1.9,28,229067411,"MLFDR",0.05,"ok",TRUE,0.330000000000013,"","","f8f58ba91b1ffac81e061fb418925a57",18,0,18,19,0,0.947368421052632
"confounded_sparse_n300_t03_r0028","confounded","sparse","paper_adjusted",300,1000,1.9,28,16112092,"HDMT",0.05,"ok",TRUE,0.0699999999999932,"ties should not be present for the one-sample Kolmogorov-Smirnov test","","c3a2b40f922186fa260b85f3cb90e89f",15,1,14,20,0.0666666666666667,0.7
"confounded_sparse_n300_t03_r0028","confounded","sparse","paper_adjusted",300,1000,1.9,28,16112092,"MDACT",0.05,"ok",TRUE,0.0199999999999818,"ties should not be present for the one-sample Kolmogorov-Smirnov test","","9c84ac4f026399f4b599402b0e091c27",15,1,14,20,0.0666666666666667,0.7
"confounded_sparse_n300_t03_r0028","confounded","sparse","paper_adjusted",300,1000,1.9,28,16112092,"MLFDR",0.05,"ok",TRUE,0.360000000000014,"","","8c76428c55624e58a826af7d97a3191e",17,0,17,20,0,0.85
"binary_sparse_n300_t03_r0028","binary","sparse","paper_adjusted",300,1000,1.9,28,198640009,"HDMT",0.05,"ok",TRUE,0.0699999999999932,"","","55ec0fcac5089244db50441ab9d7da0c",14,1,13,19,0.0714285714285714,0.684210526315789
"binary_sparse_n300_t03_r0028","binary","sparse","paper_adjusted",300,1000,1.9,28,198640009,"MDACT",0.05,"ok",TRUE,0.00999999999999091,"","","1eb55bbb285e4d8832b528f7b1b7e75b",16,1,15,19,0.0625,0.789473684210526
"binary_sparse_n300_t03_r0028","binary","sparse","paper_adjusted",300,1000,1.9,28,198640009,"MLFDR",0.05,"ok",TRUE,0.569999999999993,"","","414a1f7eefd8531d1c5b38d4256ee003",20,1,19,19,0.05,1
"linear_dense_n300_t03_r0028","linear","dense","paper_adjusted",300,1000,1.9,28,164617790,"HDMT",0.05,"ok",TRUE,0.0600000000000023,"ties should not be present for the one-sample Kolmogorov-Smirnov test","","8d1e457a376f599c4964529b33497f8c",179,10,169,214,0.0558659217877095,0.789719626168224
"linear_dense_n300_t03_r0028","linear","dense","paper_adjusted",300,1000,1.9,28,164617790,"MDACT",0.05,"ok",TRUE,0.0199999999999818,"ties should not be present for the one-sample Kolmogorov-Smirnov test","","aa072f91c9ef655f9a5006bdd2020c7b",196,14,182,214,0.0714285714285714,0.850467289719626
"linear_dense_n300_t03_r0028","linear","dense","paper_adjusted",300,1000,1.9,28,164617790,"MLFDR",0.05,"ok",TRUE,0.610000000000014,"","","f58ffa889fb968ba91f2e5478b76a9b3",206,6,200,214,0.029126213592233,0.934579439252336
"confounded_dense_n300_t03_r0028","confounded","dense","paper_adjusted",300,1000,1.9,28,259699365,"HDMT",0.05,"ok",TRUE,0.159999999999997,"ties should not be present for the one-sample Kolmogorov-Smirnov test","","da8c6b01f349208e87a061558a5f5d64",154,9,145,195,0.0584415584415584,0.743589743589744
"confounded_dense_n300_t03_r0028","confounded","dense","paper_adjusted",300,1000,1.9,28,259699365,"MDACT",0.05,"ok",TRUE,0.0100000000000193,"ties should not be present for the one-sample Kolmogorov-Smirnov test","","97ab5f094235d33250159f48fd04c3bf",161,10,151,195,0.062111801242236,0.774358974358974
"confounded_dense_n300_t03_r0028","confounded","dense","paper_adjusted",300,1000,1.9,28,259699365,"MLFDR",0.05,"ok",TRUE,0.449999999999989,"","","92f56d9829e78c4f807848d4e3b3c3d6",193,15,178,195,0.077720207253886,0.912820512820513
"binary_dense_n300_t03_r0028","binary","dense","paper_adjusted",300,1000,1.9,28,15617180,"HDMT",0.05,"ok",TRUE,0.0600000000000023,"","","d855f076f29d032006674f052f2f05f5",187,12,175,189,0.0641711229946524,0.925925925925926
"binary_dense_n300_t03_r0028","binary","dense","paper_adjusted",300,1000,1.9,28,15617180,"MDACT",0.05,"ok",TRUE,0.0199999999999818,"","","e8c9dd261ee2fe420a501ed9535db716",187,11,176,189,0.0588235294117647,0.931216931216931
"binary_dense_n300_t03_r0028","binary","dense","paper_adjusted",300,1000,1.9,28,15617180,"MLFDR",0.05,"ok",TRUE,0.450000000000017,"","","6d79edf0a6446cf435db99f1c747d88e",196,11,185,189,0.0561224489795918,0.978835978835979
"linear_sparse_n300_t01_r0029","linear","sparse","paper_adjusted",300,1000,1.3,29,28951911,"HDMT",0.05,"ok",TRUE,0.0499999999999829,"ties should not be present for the one-sample Kolmogorov-Smirnov test","","df62abc9167a1f94b11d08bb0f291981",2,0,2,11,0,0.181818181818182
"linear_sparse_n300_t01_r0029","linear","sparse","paper_adjusted",300,1000,1.3,29,28951911,"MDACT",0.05,"ok",TRUE,0.0199999999999818,"ties should not be present for the one-sample Kolmogorov-Smirnov test","","a092e7917efa0b48ccd05162265d470c",2,0,2,11,0,0.181818181818182
"linear_sparse_n300_t01_r0029","linear","sparse","paper_adjusted",300,1000,1.3,29,28951911,"MLFDR",0.05,"ok",TRUE,1.63999999999999,"","","c54a87282a91c8b0a5edee7b2260ebac",2,0,2,11,0,0.181818181818182
"confounded_sparse_n300_t01_r0029","confounded","sparse","paper_adjusted",300,1000,1.3,29,84547441,"HDMT",0.05,"ok",TRUE,0.0699999999999932,"ties should not be present for the one-sample Kolmogorov-Smirnov test","","a0e7059d9ddcc81e9d777d039d344593",8,0,8,22,0,0.363636363636364
"confounded_sparse_n300_t01_r0029","confounded","sparse","paper_adjusted",300,1000,1.3,29,84547441,"MDACT",0.05,"ok",TRUE,0.0100000000000193,"ties should not be present for the one-sample Kolmogorov-Smirnov test","","8d78770c961b6b2d80ab7e2452774191",12,0,12,22,0,0.545454545454545
"confounded_sparse_n300_t01_r0029","confounded","sparse","paper_adjusted",300,1000,1.3,29,84547441,"MLFDR",0.05,"ok",TRUE,0.599999999999994,"","","c4023b607fd0e097e57c4d50ca506186",22,1,21,22,0.0454545454545455,0.954545454545455
"binary_sparse_n300_t01_r0029","binary","sparse","paper_adjusted",300,1000,1.3,29,199848934,"HDMT",0.05,"ok",TRUE,0.0699999999999932,"","","2ff4c1f813f3e9990fc6872793003add",1,0,1,17,0,0.0588235294117647
"binary_sparse_n300_t01_r0029","binary","sparse","paper_adjusted",300,1000,1.3,29,199848934,"MDACT",0.05,"ok",TRUE,0.0199999999999818,"","","c49f2065511743b155ddb72a5a0d2edd",1,0,1,17,0,0.0588235294117647
"binary_sparse_n300_t01_r0029","binary","sparse","paper_adjusted",300,1000,1.3,29,199848934,"MLFDR",0.05,"ok",TRUE,2.45000000000002,"","","b42779ee2d8a6d6a8f26cedbecd58fcd",2,0,2,17,0,0.117647058823529
"linear_dense_n300_t01_r0029","linear","dense","paper_adjusted",300,1000,1.3,29,126913422,"HDMT",0.05,"ok",TRUE,0.0600000000000023,"ties should not be present for the one-sample Kolmogorov-Smirnov test","","6fe2e8a93486688155602afb8c6d5330",55,2,53,209,0.0363636363636364,0.253588516746411
"linear_dense_n300_t01_r0029","linear","dense","paper_adjusted",300,1000,1.3,29,126913422,"MDACT",0.05,"ok",TRUE,0.0200000000000102,"ties should not be present for the one-sample Kolmogorov-Smirnov test","","c4d9b3981e68721b213a00f381520478",64,2,62,209,0.03125,0.296650717703349
"linear_dense_n300_t01_r0029","linear","dense","paper_adjusted",300,1000,1.3,29,126913422,"MLFDR",0.05,"ok",TRUE,1.35999999999999,"","","403fbf96751c54168ee973fbe4b5e3e7",139,10,129,209,0.0719424460431655,0.617224880382775
"confounded_dense_n300_t01_r0029","confounded","dense","paper_adjusted",300,1000,1.3,29,60439011,"HDMT",0.05,"ok",TRUE,0.0699999999999932,"ties should not be present for the one-sample Kolmogorov-Smirnov test","","7d701795216aee3a12e8cae84353cf2e",42,0,42,172,0,0.244186046511628
"confounded_dense_n300_t01_r0029","confounded","dense","paper_adjusted",300,1000,1.3,29,60439011,"MDACT",0.05,"ok",TRUE,0.0300000000000011,"ties should not be present for the one-sample Kolmogorov-Smirnov test","","1c9355cec2260427bf780f149b5e3989",52,1,51,172,0.0192307692307692,0.296511627906977
"confounded_dense_n300_t01_r0029","confounded","dense","paper_adjusted",300,1000,1.3,29,60439011,"MLFDR",0.05,"ok",TRUE,1.88,"","","58cb6a703adf0c18232227b2d8e8beeb",109,8,101,172,0.073394495412844,0.587209302325581
"binary_dense_n300_t01_r0029","binary","dense","paper_adjusted",300,1000,1.3,29,28210316,"HDMT",0.05,"ok",TRUE,0.0600000000000023,"","","def94058a885653bfcdd70f070aead1f",98,1,97,205,0.0102040816326531,0.473170731707317
"binary_dense_n300_t01_r0029","binary","dense","paper_adjusted",300,1000,1.3,29,28210316,"MDACT",0.05,"ok",TRUE,0.0300000000000011,"","","81bf7d77aeb4b470dac47ca59471c60c",105,1,104,205,0.00952380952380952,0.507317073170732
"binary_dense_n300_t01_r0029","binary","dense","paper_adjusted",300,1000,1.3,29,28210316,"MLFDR",0.05,"ok",TRUE,1.03999999999999,"","","a87afa6f40fb16febcce7fad06a5495e",169,6,163,205,0.0355029585798817,0.795121951219512
"linear_sparse_n300_t02_r0029","linear","sparse","paper_adjusted",300,1000,1.5,29,234512687,"HDMT",0.05,"ok",TRUE,0.0699999999999932,"ties should not be present for the one-sample Kolmogorov-Smirnov test","","5f07cf065a697ed8b8f063e521dada5d",5,0,5,17,0,0.294117647058824
"linear_sparse_n300_t02_r0029","linear","sparse","paper_adjusted",300,1000,1.5,29,234512687,"MDACT",0.05,"ok",TRUE,0.00999999999999091,"ties should not be present for the one-sample Kolmogorov-Smirnov test","","74320d0a51cf72309efe09db3bbb74d3",5,0,5,17,0,0.294117647058824
"linear_sparse_n300_t02_r0029","linear","sparse","paper_adjusted",300,1000,1.5,29,234512687,"MLFDR",0.05,"ok",TRUE,0.5,"","","f479c3c74ed5a62d19498d746fa0c150",12,0,12,17,0,0.705882352941177
"confounded_sparse_n300_t02_r0029","confounded","sparse","paper_adjusted",300,1000,1.5,29,249429994,"HDMT",0.05,"ok",TRUE,0.0600000000000023,"ties should not be present for the one-sample Kolmogorov-Smirnov test","","a1a08151efd2ab1db9bad59d2cd2d5e6",9,0,9,16,0,0.5625
"confounded_sparse_n300_t02_r0029","confounded","sparse","paper_adjusted",300,1000,1.5,29,249429994,"MDACT",0.05,"ok",TRUE,0.039999999999992,"ties should not be present for the one-sample Kolmogorov-Smirnov test","","2649922ac0b1f425e5ca2a9ef6a8d428",10,1,9,16,0.1,0.5625
"confounded_sparse_n300_t02_r0029","confounded","sparse","paper_adjusted",300,1000,1.5,29,249429994,"MLFDR",0.05,"ok",TRUE,0.969999999999999,"","","6a174897510d61482809c7fc058dbfcf",13,1,12,16,0.0769230769230769,0.75
"binary_sparse_n300_t02_r0029","binary","sparse","paper_adjusted",300,1000,1.5,29,208925448,"HDMT",0.05,"ok",TRUE,0.0699999999999932,"","","a3704f8ef36cb63a76642d86714bb92b",5,0,5,19,0,0.263157894736842
"binary_sparse_n300_t02_r0029","binary","sparse","paper_adjusted",300,1000,1.5,29,208925448,"MDACT",0.05,"ok",TRUE,0.00999999999999091,"","","e7c79d7d0b230b379757d6a9a02970d0",9,0,9,19,0,0.473684210526316
"binary_sparse_n300_t02_r0029","binary","sparse","paper_adjusted",300,1000,1.5,29,208925448,"MLFDR",0.05,"ok",TRUE,2.94999999999999,"","","ad0b786348db3cf1408a3d0d41bbedd4",10,0,10,19,0,0.526315789473684
"linear_dense_n300_t02_r0029","linear","dense","paper_adjusted",300,1000,1.5,29,28979523,"HDMT",0.05,"ok",TRUE,0.0699999999999932,"ties should not be present for the one-sample Kolmogorov-Smirnov test","","87867dc14731ee554b9edbe1edd94f7d",125,5,120,198,0.04,0.606060606060606
"linear_dense_n300_t02_r0029","linear","dense","paper_adjusted",300,1000,1.5,29,28979523,"MDACT",0.05,"ok",TRUE,0.00999999999999091,"ties should not be present for the one-sample Kolmogorov-Smirnov test","","bc37fb91a4179f4be6e9ce14066721b1",133,6,127,198,0.0451127819548872,0.641414141414141
"linear_dense_n300_t02_r0029","linear","dense","paper_adjusted",300,1000,1.5,29,28979523,"MLFDR",0.05,"ok",TRUE,0.879999999999995,"","","44ef06f5e90cf036ceb04c50ac85424e",178,7,171,198,0.0393258426966292,0.863636363636364
"confounded_dense_n300_t02_r0029","confounded","dense","paper_adjusted",300,1000,1.5,29,75912574,"HDMT",0.05,"ok",TRUE,0.0500000000000114,"ties should not be present for the one-sample Kolmogorov-Smirnov test","","bbf92daf0be9e74bebec9cf004b5e0dc",112,5,107,199,0.0446428571428571,0.537688442211055
"confounded_dense_n300_t02_r0029","confounded","dense","paper_adjusted",300,1000,1.5,29,75912574,"MDACT",0.05,"ok",TRUE,0.0300000000000011,"ties should not be present for the one-sample Kolmogorov-Smirnov test","","3bbc4779ac4146bf50e8343cd9b6e8a5",133,7,126,199,0.0526315789473684,0.633165829145729
"confounded_dense_n300_t02_r0029","confounded","dense","paper_adjusted",300,1000,1.5,29,75912574,"MLFDR",0.05,"ok",TRUE,0.980000000000018,"","","950c69ed87e3556b25665f05470029ba",178,15,163,199,0.0842696629213483,0.819095477386935
"binary_dense_n300_t02_r0029","binary","dense","paper_adjusted",300,1000,1.5,29,175325518,"HDMT",0.05,"ok",TRUE,0.0799999999999841,"","","78e0c87efa71652d42c375f20f3ac7d9",84,3,81,190,0.0357142857142857,0.426315789473684
"binary_dense_n300_t02_r0029","binary","dense","paper_adjusted",300,1000,1.5,29,175325518,"MDACT",0.05,"ok",TRUE,0.039999999999992,"","","6da488e425d5e936e9ea746b7212d89a",101,4,97,190,0.0396039603960396,0.510526315789474
"binary_dense_n300_t02_r0029","binary","dense","paper_adjusted",300,1000,1.5,29,175325518,"MLFDR",0.05,"ok",TRUE,0.969999999999999,"","","9b01a615c6bcdb038ac01b6a55b67216",149,8,141,190,0.0536912751677852,0.742105263157895
"linear_sparse_n300_t03_r0029","linear","sparse","paper_adjusted",300,1000,1.9,29,258796146,"HDMT",0.05,"ok",TRUE,0.0800000000000125,"ties should not be present for the one-sample Kolmogorov-Smirnov test","","6cf55a799ed1b7b624e94b0ad3ac54ee",18,2,16,18,0.111111111111111,0.888888888888889
"linear_sparse_n300_t03_r0029","linear","sparse","paper_adjusted",300,1000,1.9,29,258796146,"MDACT",0.05,"ok",TRUE,0.0300000000000011,"ties should not be present for the one-sample Kolmogorov-Smirnov test","","157fc7c8775983019a0df0c29dbda80c",21,3,18,18,0.142857142857143,1
"linear_sparse_n300_t03_r0029","linear","sparse","paper_adjusted",300,1000,1.9,29,258796146,"MLFDR",0.05,"ok",TRUE,0.259999999999991,"","","2bff46d347c869b845d64100ee61a7dc",18,0,18,18,0,1
"confounded_sparse_n300_t03_r0029","confounded","sparse","paper_adjusted",300,1000,1.9,29,122023336,"HDMT",0.05,"ok",TRUE,0.0600000000000023,"ties should not be present for the one-sample Kolmogorov-Smirnov test","","3349b84eecebeac88e291a31b86d3df3",12,0,12,21,0,0.571428571428571
"confounded_sparse_n300_t03_r0029","confounded","sparse","paper_adjusted",300,1000,1.9,29,122023336,"MDACT",0.05,"ok",TRUE,0.0300000000000011,"ties should not be present for the one-sample Kolmogorov-Smirnov test","","215ab6e35d14203cff242aa137d3fed9",16,0,16,21,0,0.761904761904762
"confounded_sparse_n300_t03_r0029","confounded","sparse","paper_adjusted",300,1000,1.9,29,122023336,"MLFDR",0.05,"ok",TRUE,0.950000000000017,"","","5586af8add71e055453511238c354f70",20,2,18,21,0.1,0.857142857142857
"binary_sparse_n300_t03_r0029","binary","sparse","paper_adjusted",300,1000,1.9,29,54843909,"HDMT",0.05,"ok",TRUE,0.0500000000000114,"","","37fde712107182600436ed96a09c04c0",7,0,7,23,0,0.304347826086957
"binary_sparse_n300_t03_r0029","binary","sparse","paper_adjusted",300,1000,1.9,29,54843909,"MDACT",0.05,"ok",TRUE,0.0199999999999818,"","","451b49f9e6459f1bcfd14e1e7b5e6c45",11,0,11,23,0,0.478260869565217
"binary_sparse_n300_t03_r0029","binary","sparse","paper_adjusted",300,1000,1.9,29,54843909,"MLFDR",0.05,"ok",TRUE,0.810000000000002,"","","f31ad5a127461e847a73bb8978cd90cf",17,0,17,23,0,0.739130434782609
"linear_dense_n300_t03_r0029","linear","dense","paper_adjusted",300,1000,1.9,29,193162498,"HDMT",0.05,"ok",TRUE,0.0600000000000023,"ties should not be present for the one-sample Kolmogorov-Smirnov test","","fe29fce3aaf4ed046d7f5919b1a12a5e",206,6,200,216,0.029126213592233,0.925925925925926
"linear_dense_n300_t03_r0029","linear","dense","paper_adjusted",300,1000,1.9,29,193162498,"MDACT",0.05,"ok",TRUE,0.0300000000000011,"ties should not be present for the one-sample Kolmogorov-Smirnov test","","95c3d7a867a7f090a7ab8970cdb3eb94",207,7,200,216,0.0338164251207729,0.925925925925926
"linear_dense_n300_t03_r0029","linear","dense","paper_adjusted",300,1000,1.9,29,193162498,"MLFDR",0.05,"ok",TRUE,0.359999999999985,"","","299c07636e4f6788c4da383876b161a9",222,10,212,216,0.045045045045045,0.981481481481482
"confounded_dense_n300_t03_r0029","confounded","dense","paper_adjusted",300,1000,1.9,29,125179154,"HDMT",0.05,"ok",TRUE,0.0599999999999739,"ties should not be present for the one-sample Kolmogorov-Smirnov test","","47520eed321c7ea694d14606e1f28f6f",188,4,184,209,0.0212765957446809,0.880382775119617
"confounded_dense_n300_t03_r0029","confounded","dense","paper_adjusted",300,1000,1.9,29,125179154,"MDACT",0.05,"ok",TRUE,0.0100000000000193,"ties should not be present for the one-sample Kolmogorov-Smirnov test","","79915323ad004e66a2c67a2ab82c3c3b",190,6,184,209,0.0315789473684211,0.880382775119617
"confounded_dense_n300_t03_r0029","confounded","dense","paper_adjusted",300,1000,1.9,29,125179154,"MLFDR",0.05,"ok",TRUE,0.360000000000014,"","","8cde4592bc852075ecfffcc771f17f82",211,9,202,209,0.042654028436019,0.966507177033493
"binary_dense_n300_t03_r0029","binary","dense","paper_adjusted",300,1000,1.9,29,44955600,"HDMT",0.05,"ok",TRUE,0.0600000000000023,"","","fc88c9744a11254e00f0fdb8e718d717",141,9,132,175,0.0638297872340425,0.754285714285714
"binary_dense_n300_t03_r0029","binary","dense","paper_adjusted",300,1000,1.9,29,44955600,"MDACT",0.05,"ok",TRUE,0.0300000000000011,"","","9232699020d37ae4538cd13f11f99f65",151,12,139,175,0.0794701986754967,0.794285714285714
"binary_dense_n300_t03_r0029","binary","dense","paper_adjusted",300,1000,1.9,29,44955600,"MLFDR",0.05,"ok",TRUE,0.580000000000013,"","","72d0461a8285e6b18604e45da346958d",172,14,158,175,0.0813953488372093,0.902857142857143
"linear_sparse_n300_t01_r0030","linear","sparse","paper_adjusted",300,1000,1.3,30,193107933,"HDMT",0.05,"ok",TRUE,0.0600000000000023,"ties should not be present for the one-sample Kolmogorov-Smirnov test","","ecc328f8b1aafb53e3a24e84cdc2cce8",6,0,6,22,0,0.272727272727273
"linear_sparse_n300_t01_r0030","linear","sparse","paper_adjusted",300,1000,1.3,30,193107933,"MDACT",0.05,"ok",TRUE,0.00999999999999091,"ties should not be present for the one-sample Kolmogorov-Smirnov test","","1da43a03ec00e0155a46a1932b30db07",13,2,11,22,0.153846153846154,0.5
"linear_sparse_n300_t01_r0030","linear","sparse","paper_adjusted",300,1000,1.3,30,193107933,"MLFDR",0.05,"ok",TRUE,0.650000000000006,"","","54c2931c8b2a0d43aa4a6f6d677b3e3a",17,2,15,22,0.117647058823529,0.681818181818182
"confounded_sparse_n300_t01_r0030","confounded","sparse","paper_adjusted",300,1000,1.3,30,28508272,"HDMT",0.05,"ok",TRUE,0.0699999999999932,"ties should not be present for the one-sample Kolmogorov-Smirnov test","","2e34a3529eb55f18932735fc3eff07b3",9,1,8,16,0.111111111111111,0.5
"confounded_sparse_n300_t01_r0030","confounded","sparse","paper_adjusted",300,1000,1.3,30,28508272,"MDACT",0.05,"ok",TRUE,0.0300000000000011,"ties should not be present for the one-sample Kolmogorov-Smirnov test","","9c36e078e9304a31b13a6d4a015c329e",9,1,8,16,0.111111111111111,0.5
"confounded_sparse_n300_t01_r0030","confounded","sparse","paper_adjusted",300,1000,1.3,30,28508272,"MLFDR",0.05,"ok",TRUE,0.560000000000002,"","","d20064d1ac190d786b7c99cca8be1c9b",13,2,11,16,0.153846153846154,0.6875
"binary_sparse_n300_t01_r0030","binary","sparse","paper_adjusted",300,1000,1.3,30,152398759,"HDMT",0.05,"ok",TRUE,0.0200000000000102,"","","5e8de2a0d42f7a99e08bacfaef681c31",18,1,17,22,0.0555555555555556,0.772727272727273
"binary_sparse_n300_t01_r0030","binary","sparse","paper_adjusted",300,1000,1.3,30,152398759,"MDACT",0.05,"ok",TRUE,0.00999999999999091,"","","3819904971b74e18a982616da220013d",17,0,17,22,0,0.772727272727273
"binary_sparse_n300_t01_r0030","binary","sparse","paper_adjusted",300,1000,1.3,30,152398759,"MLFDR",0.05,"ok",TRUE,0.189999999999998,"","","d76ed4899546f8efdd0f5ac48eb3b4bc",19,0,19,22,0,0.863636363636364
"linear_dense_n300_t01_r0030","linear","dense","paper_adjusted",300,1000,1.3,30,165104981,"HDMT",0.05,"ok",TRUE,0.0600000000000023,"ties should not be present for the one-sample Kolmogorov-Smirnov test","","a59978acd3ad4a84f66b9a346f7cb722",103,2,101,210,0.0194174757281553,0.480952380952381
"linear_dense_n300_t01_r0030","linear","dense","paper_adjusted",300,1000,1.3,30,165104981,"MDACT",0.05,"ok",TRUE,0.0199999999999818,"ties should not be present for the one-sample Kolmogorov-Smirnov test","","ee99d9c29c0e7dec0de0b336739eabd2",117,4,113,210,0.0341880341880342,0.538095238095238
"linear_dense_n300_t01_r0030","linear","dense","paper_adjusted",300,1000,1.3,30,165104981,"MLFDR",0.05,"ok",TRUE,0.840000000000003,"","","ad7ecb2136d0f2fc33c73d1ab08e9708",173,7,166,210,0.0404624277456647,0.79047619047619
"confounded_dense_n300_t01_r0030","confounded","dense","paper_adjusted",300,1000,1.3,30,71093945,"HDMT",0.05,"ok",TRUE,0.0600000000000023,"ties should not be present for the one-sample Kolmogorov-Smirnov test","","538a23542cd0dd3db242dacf1d6c8d87",65,1,64,209,0.0153846153846154,0.30622009569378
"confounded_dense_n300_t01_r0030","confounded","dense","paper_adjusted",300,1000,1.3,30,71093945,"MDACT",0.05,"ok",TRUE,0.0299999999999727,"ties should not be present for the one-sample Kolmogorov-Smirnov test","","cb7643ad3c744bd52f9d30ad9bf25ed8",83,4,79,209,0.0481927710843374,0.37799043062201
"confounded_dense_n300_t01_r0030","confounded","dense","paper_adjusted",300,1000,1.3,30,71093945,"MLFDR",0.05,"ok",TRUE,2.32999999999998,"","","d068b0596df7b989f7e1e8619aa54e27",144,9,135,209,0.0625,0.645933014354067
"binary_dense_n300_t01_r0030","binary","dense","paper_adjusted",300,1000,1.3,30,133897013,"HDMT",0.05,"ok",TRUE,0.0300000000000011,"","","f1318064e0be4adcd8214845a6d31144",70,0,70,174,0,0.402298850574713
"binary_dense_n300_t01_r0030","binary","dense","paper_adjusted",300,1000,1.3,30,133897013,"MDACT",0.05,"ok",TRUE,0,"","","989ebf01de25f4d51f606932efbb9865",82,4,78,174,0.0487804878048781,0.448275862068966
"binary_dense_n300_t01_r0030","binary","dense","paper_adjusted",300,1000,1.3,30,133897013,"MLFDR",0.05,"ok",TRUE,0.320000000000022,"","","461b92c99512ac998bf73f0cb934cbbf",116,1,115,174,0.00862068965517241,0.660919540229885
"linear_sparse_n300_t02_r0030","linear","sparse","paper_adjusted",300,1000,1.5,30,3113285,"HDMT",0.05,"ok",TRUE,0.0100000000000193,"ties should not be present for the one-sample Kolmogorov-Smirnov test","","e150ce886369f2921ae9168cd0d57ef3",14,0,14,24,0,0.583333333333333
"linear_sparse_n300_t02_r0030","linear","sparse","paper_adjusted",300,1000,1.5,30,3113285,"MDACT",0.05,"ok",TRUE,0,"ties should not be present for the one-sample Kolmogorov-Smirnov test","","9da69c499fdd9c609ffabea3b2d6fb4e",17,0,17,24,0,0.708333333333333
"linear_sparse_n300_t02_r0030","linear","sparse","paper_adjusted",300,1000,1.5,30,3113285,"MLFDR",0.05,"ok",TRUE,0.159999999999997,"","","f12b2047e6e2614cc74608157cbd12c8",22,1,21,24,0.0454545454545455,0.875
"confounded_sparse_n300_t02_r0030","confounded","sparse","paper_adjusted",300,1000,1.5,30,131065712,"HDMT",0.05,"ok",TRUE,0.0300000000000011,"ties should not be present for the one-sample Kolmogorov-Smirnov test","","d1bd8bd06a7730ca09d70ed9b957b2cd",8,0,8,16,0,0.5
"confounded_sparse_n300_t02_r0030","confounded","sparse","paper_adjusted",300,1000,1.5,30,131065712,"MDACT",0.05,"ok",TRUE,0.00999999999999091,"ties should not be present for the one-sample Kolmogorov-Smirnov test","","d692b9c0062614334d765b6f39a08b53",11,0,11,16,0,0.6875
"confounded_sparse_n300_t02_r0030","confounded","sparse","paper_adjusted",300,1000,1.5,30,131065712,"MLFDR",0.05,"ok",TRUE,0.439999999999998,"","","c8e734831584063fa5f56631efe7a6db",11,0,11,16,0,0.6875
"binary_sparse_n300_t02_r0030","binary","sparse","paper_adjusted",300,1000,1.5,30,267574926,"HDMT",0.05,"ok",TRUE,0.0300000000000011,"","","a79101d8b6a9266d2cb1cbbd7049e32b",8,0,8,20,0,0.4
"binary_sparse_n300_t02_r0030","binary","sparse","paper_adjusted",300,1000,1.5,30,267574926,"MDACT",0.05,"ok",TRUE,0.0100000000000193,"","","6510e1ceb1fc03157fdb74b8b3f29aef",9,0,9,20,0,0.45
"binary_sparse_n300_t02_r0030","binary","sparse","paper_adjusted",300,1000,1.5,30,267574926,"MLFDR",0.05,"ok",TRUE,0.170000000000016,"","","bdf88a9721aa12ac890ff3daf1025c6f",15,0,15,20,0,0.75
"linear_dense_n300_t02_r0030","linear","dense","paper_adjusted",300,1000,1.5,30,158909713,"HDMT",0.05,"ok",TRUE,0.0200000000000102,"ties should not be present for the one-sample Kolmogorov-Smirnov test","","3050291c6389b287f3911e724695d9c2",155,7,148,219,0.0451612903225806,0.675799086757991
"linear_dense_n300_t02_r0030","linear","dense","paper_adjusted",300,1000,1.5,30,158909713,"MDACT",0.05,"ok",TRUE,0,"ties should not be present for the one-sample Kolmogorov-Smirnov test","","23c8a296e1425c2c1fefdfd840564574",163,10,153,219,0.0613496932515337,0.698630136986301
"linear_dense_n300_t02_r0030","linear","dense","paper_adjusted",300,1000,1.5,30,158909713,"MLFDR",0.05,"ok",TRUE,0.219999999999999,"","","4b329816baa81cb3f1dbf9a304ddb074",208,13,195,219,0.0625,0.89041095890411
"confounded_dense_n300_t02_r0030","confounded","dense","paper_adjusted",300,1000,1.5,30,40676744,"HDMT",0.05,"ok",TRUE,0.0300000000000011,"ties should not be present for the one-sample Kolmogorov-Smirnov test","","7aee7ecafbfee766c8cbb421e55ca1e8",102,3,99,204,0.0294117647058824,0.485294117647059
"confounded_dense_n300_t02_r0030","confounded","dense","paper_adjusted",300,1000,1.5,30,40676744,"MDACT",0.05,"ok",TRUE,0.0200000000000102,"ties should not be present for the one-sample Kolmogorov-Smirnov test","","43452e9e9d929bfa3e143fdb04afe717",111,5,106,204,0.045045045045045,0.519607843137255
"confounded_dense_n300_t02_r0030","confounded","dense","paper_adjusted",300,1000,1.5,30,40676744,"MLFDR",0.05,"ok",TRUE,0.169999999999987,"","","84a79436165d95e21faef4c6cbf5e784",162,4,158,204,0.0246913580246914,0.774509803921569
"binary_dense_n300_t02_r0030","binary","dense","paper_adjusted",300,1000,1.5,30,257617918,"HDMT",0.05,"ok",TRUE,0.00999999999999091,"","","c7f0df1b929c86e42f933632e8a24b3d",101,7,94,187,0.0693069306930693,0.502673796791444
"binary_dense_n300_t02_r0030","binary","dense","paper_adjusted",300,1000,1.5,30,257617918,"MDACT",0.05,"ok",TRUE,0,"","","42724f7452eaa58f8c9f4ca5d7a1aed5",121,11,110,187,0.0909090909090909,0.588235294117647
"binary_dense_n300_t02_r0030","binary","dense","paper_adjusted",300,1000,1.5,30,257617918,"MLFDR",0.05,"ok",TRUE,0.260000000000019,"","","77c0737657402dd7cfb059a05ae27f23",155,8,147,187,0.0516129032258065,0.786096256684492
"linear_sparse_n300_t03_r0030","linear","sparse","paper_adjusted",300,1000,1.9,30,152635922,"HDMT",0.05,"ok",TRUE,0.0300000000000011,"ties should not be present for the one-sample Kolmogorov-Smirnov test","","ed4db41b34f322d5af2afc63f5ffc370",22,0,22,24,0,0.916666666666667
"linear_sparse_n300_t03_r0030","linear","sparse","paper_adjusted",300,1000,1.9,30,152635922,"MDACT",0.05,"ok",TRUE,0.0100000000000193,"ties should not be present for the one-sample Kolmogorov-Smirnov test","","3433b646fd6a7759e1c7b3dfeeb2dd45",23,0,23,24,0,0.958333333333333
"linear_sparse_n300_t03_r0030","linear","sparse","paper_adjusted",300,1000,1.9,30,152635922,"MLFDR",0.05,"ok",TRUE,0.0900000000000034,"","","9bc824bc4096776adddf98be026b978d",24,1,23,24,0.0416666666666667,0.958333333333333
"confounded_sparse_n300_t03_r0030","confounded","sparse","paper_adjusted",300,1000,1.9,30,227080995,"HDMT",0.05,"ok",TRUE,0.0300000000000011,"ties should not be present for the one-sample Kolmogorov-Smirnov test","","efb88905516650753bca429a298151e3",23,2,21,24,0.0869565217391304,0.875
"confounded_sparse_n300_t03_r0030","confounded","sparse","paper_adjusted",300,1000,1.9,30,227080995,"MDACT",0.05,"ok",TRUE,0.0100000000000193,"ties should not be present for the one-sample Kolmogorov-Smirnov test","","55be57c7f7e93eb30b7245173be9124a",24,3,21,24,0.125,0.875
"confounded_sparse_n300_t03_r0030","confounded","sparse","paper_adjusted",300,1000,1.9,30,227080995,"MLFDR",0.05,"ok",TRUE,0.170000000000016,"","","2b3e19498efb2c0d495d8f330a6eabe3",22,0,22,24,0,0.916666666666667
"binary_sparse_n300_t03_r0030","binary","sparse","paper_adjusted",300,1000,1.9,30,215941202,"HDMT",0.05,"ok",TRUE,0.0199999999999818,"","","450e933862c5124f87b718da79b9249c",14,0,14,22,0,0.636363636363636
"binary_sparse_n300_t03_r0030","binary","sparse","paper_adjusted",300,1000,1.9,30,215941202,"MDACT",0.05,"ok",TRUE,0.0199999999999818,"","","77a12668366083db05053ff8880981e4",16,0,16,22,0,0.727272727272727
"binary_sparse_n300_t03_r0030","binary","sparse","paper_adjusted",300,1000,1.9,30,215941202,"MLFDR",0.05,"ok",TRUE,0.299999999999983,"","","442eb620623949dbe089fb685b677b19",21,2,19,22,0.0952380952380952,0.863636363636364
"linear_dense_n300_t03_r0030","linear","dense","paper_adjusted",300,1000,1.9,30,59455059,"HDMT",0.05,"ok",TRUE,0.0300000000000011,"ties should not be present for the one-sample Kolmogorov-Smirnov test","","4f1fe3ec3d0bbc66876c0b2b3eee298b",196,13,183,198,0.0663265306122449,0.924242424242424
"linear_dense_n300_t03_r0030","linear","dense","paper_adjusted",300,1000,1.9,30,59455059,"MDACT",0.05,"ok",TRUE,0,"ties should not be present for the one-sample Kolmogorov-Smirnov test","","8437814cbffa51a1cad0f67ed133a663",195,13,182,198,0.0666666666666667,0.919191919191919
"linear_dense_n300_t03_r0030","linear","dense","paper_adjusted",300,1000,1.9,30,59455059,"MLFDR",0.05,"ok",TRUE,0.129999999999995,"","","9f95e20a13e1f41e597783e62c0e79f3",204,8,196,198,0.0392156862745098,0.98989898989899
"confounded_dense_n300_t03_r0030","confounded","dense","paper_adjusted",300,1000,1.9,30,162846725,"HDMT",0.05,"ok",TRUE,0.0300000000000011,"ties should not be present for the one-sample Kolmogorov-Smirnov test","","80757ecb86d7ae3ec3b79573f9a84039",156,4,152,167,0.0256410256410256,0.910179640718563
"confounded_dense_n300_t03_r0030","confounded","dense","paper_adjusted",300,1000,1.9,30,162846725,"MDACT",0.05,"ok",TRUE,0.0199999999999818,"ties should not be present for the one-sample Kolmogorov-Smirnov test","","46913414560a8271019db7eb34460229",157,4,153,167,0.0254777070063694,0.916167664670659
"confounded_dense_n300_t03_r0030","confounded","dense","paper_adjusted",300,1000,1.9,30,162846725,"MLFDR",0.05,"ok",TRUE,0.0999999999999943,"","","99c2c712b5898795a2d01b2f31972395",165,6,159,167,0.0363636363636364,0.952095808383233
"binary_dense_n300_t03_r0030","binary","dense","paper_adjusted",300,1000,1.9,30,119560744,"HDMT",0.05,"ok",TRUE,0.0200000000000102,"","","472e817fa787af83e94e966350999e81",151,3,148,181,0.0198675496688742,0.81767955801105
"binary_dense_n300_t03_r0030","binary","dense","paper_adjusted",300,1000,1.9,30,119560744,"MDACT",0.05,"ok",TRUE,0,"","","a7c32d8abf7377ea5e268f062bc5bebe",152,3,149,181,0.0197368421052632,0.823204419889503
"binary_dense_n300_t03_r0030","binary","dense","paper_adjusted",300,1000,1.9,30,119560744,"MLFDR",0.05,"ok",TRUE,0.0900000000000034,"","","1b2abb7f3b25be0e1190ea356739135b",179,6,173,181,0.0335195530726257,0.955801104972376
"linear_sparse_n300_t01_r0031","linear","sparse","paper_adjusted",300,1000,1.3,31,223326024,"HDMT",0.05,"ok",TRUE,0.0300000000000011,"ties should not be present for the one-sample Kolmogorov-Smirnov test","","350abfcb8e8e641ccee0514ac39de3f6",20,6,14,18,0.3,0.777777777777778
"linear_sparse_n300_t01_r0031","linear","sparse","paper_adjusted",300,1000,1.3,31,223326024,"MDACT",0.05,"ok",TRUE,0.0199999999999818,"ties should not be present for the one-sample Kolmogorov-Smirnov test","","6b39bb2269ed5bd55fc9021d1554bcad",16,2,14,18,0.125,0.777777777777778
"linear_sparse_n300_t01_r0031","linear","sparse","paper_adjusted",300,1000,1.3,31,223326024,"MLFDR",0.05,"ok",TRUE,0.280000000000001,"","","6821d6519598477a57540f9c374d0735",16,2,14,18,0.125,0.777777777777778
"confounded_sparse_n300_t01_r0031","confounded","sparse","paper_adjusted",300,1000,1.3,31,19111412,"HDMT",0.05,"ok",TRUE,0.00999999999999091,"ties should not be present for the one-sample Kolmogorov-Smirnov test","","22153c2fb20dd30dbbe239de4c332274",0,0,0,15,0,0
"confounded_sparse_n300_t01_r0031","confounded","sparse","paper_adjusted",300,1000,1.3,31,19111412,"MDACT",0.05,"ok",TRUE,0,"ties should not be present for the one-sample Kolmogorov-Smirnov test","","cf98bca4517b556c4fd2000fb955ae64",0,0,0,15,0,0
"confounded_sparse_n300_t01_r0031","confounded","sparse","paper_adjusted",300,1000,1.3,31,19111412,"MLFDR",0.05,"ok",TRUE,0.320000000000022,"","","9c3db617ad199d80ce7fc853d7daad0f",1,0,1,15,0,0.0666666666666667
"binary_sparse_n300_t01_r0031","binary","sparse","paper_adjusted",300,1000,1.3,31,89150362,"HDMT",0.05,"ok",TRUE,0.0200000000000102,"","","eced04bff3369add3a55caffa1d6b90b",22,0,22,30,0,0.733333333333333
"binary_sparse_n300_t01_r0031","binary","sparse","paper_adjusted",300,1000,1.3,31,89150362,"MDACT",0.05,"ok",TRUE,0,"","","9bf756121d0b6be0b4f8950fd146c2ab",22,0,22,30,0,0.733333333333333
"binary_sparse_n300_t01_r0031","binary","sparse","paper_adjusted",300,1000,1.3,31,89150362,"MLFDR",0.05,"ok",TRUE,0.219999999999999,"","","96424f78e1c5ad27af23054bcf840d32",26,0,26,30,0,0.866666666666667
"linear_dense_n300_t01_r0031","linear","dense","paper_adjusted",300,1000,1.3,31,117655366,"HDMT",0.05,"ok",TRUE,0.0300000000000011,"ties should not be present for the one-sample Kolmogorov-Smirnov test","","ec91335b1e57b996bf5b43af84f1f7e8",56,2,54,206,0.0357142857142857,0.262135922330097
"linear_dense_n300_t01_r0031","linear","dense","paper_adjusted",300,1000,1.3,31,117655366,"MDACT",0.05,"ok",TRUE,0.00999999999999091,"ties should not be present for the one-sample Kolmogorov-Smirnov test","","3045224cb8f76d68c91f7e7fbdd96fe5",70,2,68,206,0.0285714285714286,0.330097087378641
"linear_dense_n300_t01_r0031","linear","dense","paper_adjusted",300,1000,1.3,31,117655366,"MLFDR",0.05,"ok",TRUE,0.360000000000014,"","","a204ba2564810c05fc421b09188f5b09",142,8,134,206,0.0563380281690141,0.650485436893204
"confounded_dense_n300_t01_r0031","confounded","dense","paper_adjusted",300,1000,1.3,31,264180002,"HDMT",0.05,"ok",TRUE,0.0100000000000193,"ties should not be present for the one-sample Kolmogorov-Smirnov test","","bfd562a5794e32a920ca6136d2500645",64,4,60,210,0.0625,0.285714285714286
"confounded_dense_n300_t01_r0031","confounded","dense","paper_adjusted",300,1000,1.3,31,264180002,"MDACT",0.05,"ok",TRUE,0,"ties should not be present for the one-sample Kolmogorov-Smirnov test","","9e5442fd9836edd544fe6f84f5c45e88",91,6,85,210,0.0659340659340659,0.404761904761905
"confounded_dense_n300_t01_r0031","confounded","dense","paper_adjusted",300,1000,1.3,31,264180002,"MLFDR",0.05,"ok",TRUE,0.239999999999981,"","","82f1deeadebcccfd67ed5a6a9e3dae00",143,8,135,210,0.0559440559440559,0.642857142857143
"binary_dense_n300_t01_r0031","binary","dense","paper_adjusted",300,1000,1.3,31,110770976,"HDMT",0.05,"ok",TRUE,0.0200000000000102,"","","4001b1f4a874f48ac1d94b778b759f12",77,1,76,202,0.012987012987013,0.376237623762376
"binary_dense_n300_t01_r0031","binary","dense","paper_adjusted",300,1000,1.3,31,110770976,"MDACT",0.05,"ok",TRUE,0,"","","07ba6e80dcfdd4d1e71f6128733ba620",84,1,83,202,0.0119047619047619,0.410891089108911
"binary_dense_n300_t01_r0031","binary","dense","paper_adjusted",300,1000,1.3,31,110770976,"MLFDR",0.05,"ok",TRUE,0.349999999999994,"","","951bfb3a47d120b7c53ebfa0b7ae8028",146,6,140,202,0.0410958904109589,0.693069306930693
"linear_sparse_n300_t02_r0031","linear","sparse","paper_adjusted",300,1000,1.5,31,72255816,"HDMT",0.05,"ok",TRUE,0.0299999999999727,"ties should not be present for the one-sample Kolmogorov-Smirnov test","","1f0a28225a832ec7c2b9de2c4e2f28e7",9,0,9,15,0,0.6
"linear_sparse_n300_t02_r0031","linear","sparse","paper_adjusted",300,1000,1.5,31,72255816,"MDACT",0.05,"ok",TRUE,0.0199999999999818,"ties should not be present for the one-sample Kolmogorov-Smirnov test","","28383c4e256df62646233fdd77dc3543",10,0,10,15,0,0.666666666666667
"linear_sparse_n300_t02_r0031","linear","sparse","paper_adjusted",300,1000,1.5,31,72255816,"MLFDR",0.05,"ok",TRUE,0.159999999999997,"","","8e0849047c36dbddd4084ce371865303",12,0,12,15,0,0.8
"confounded_sparse_n300_t02_r0031","confounded","sparse","paper_adjusted",300,1000,1.5,31,262682193,"HDMT",0.05,"ok",TRUE,0.0300000000000011,"ties should not be present for the one-sample Kolmogorov-Smirnov test","","351aa5f02bbc9078dd86a8582e1a415b",9,0,9,27,0,0.333333333333333
"confounded_sparse_n300_t02_r0031","confounded","sparse","paper_adjusted",300,1000,1.5,31,262682193,"MDACT",0.05,"ok",TRUE,0.0100000000000193,"ties should not be present for the one-sample Kolmogorov-Smirnov test","","347acc3207ddc03242be68a8fcab7f00",9,0,9,27,0,0.333333333333333
"confounded_sparse_n300_t02_r0031","confounded","sparse","paper_adjusted",300,1000,1.5,31,262682193,"MLFDR",0.05,"ok",TRUE,0.310000000000002,"","","256b29b348ce69d28255afaf411581b1",20,3,17,27,0.15,0.62962962962963
"binary_sparse_n300_t02_r0031","binary","sparse","paper_adjusted",300,1000,1.5,31,144317369,"HDMT",0.05,"ok",TRUE,0.0200000000000102,"","","5ee37cbe330f12ed8d4810e8d54d796b",3,0,3,21,0,0.142857142857143
"binary_sparse_n300_t02_r0031","binary","sparse","paper_adjusted",300,1000,1.5,31,144317369,"MDACT",0.05,"ok",TRUE,0,"","","5fb9a3ef2d29a45ff309051ba2f1777f",3,0,3,21,0,0.142857142857143
"binary_sparse_n300_t02_r0031","binary","sparse","paper_adjusted",300,1000,1.5,31,144317369,"MLFDR",0.05,"ok",TRUE,0.219999999999999,"","","22f622a52d244f6d866484e058e6bf99",8,0,8,21,0,0.380952380952381
"linear_dense_n300_t02_r0031","linear","dense","paper_adjusted",300,1000,1.5,31,128167007,"HDMT",0.05,"ok",TRUE,0.0299999999999727,"ties should not be present for the one-sample Kolmogorov-Smirnov test","","1434691844bdbb1b9ea364116ce46333",131,6,125,196,0.0458015267175573,0.637755102040816
"linear_dense_n300_t02_r0031","linear","dense","paper_adjusted",300,1000,1.5,31,128167007,"MDACT",0.05,"ok",TRUE,0.0199999999999818,"ties should not be present for the one-sample Kolmogorov-Smirnov test","","6fd046ac64214b5e136e1d13671ebd59",138,6,132,196,0.0434782608695652,0.673469387755102
"linear_dense_n300_t02_r0031","linear","dense","paper_adjusted",300,1000,1.5,31,128167007,"MLFDR",0.05,"ok",TRUE,0.349999999999994,"","","40a32e5a77e2633ac681db36f867effd",170,8,162,196,0.0470588235294118,0.826530612244898
"confounded_dense_n300_t02_r0031","confounded","dense","paper_adjusted",300,1000,1.5,31,45675133,"HDMT",0.05,"ok",TRUE,0.0300000000000011,"ties should not be present for the one-sample Kolmogorov-Smirnov test","","34a16eb18f4c63b9f50440b7c7ae5ccf",126,5,121,207,0.0396825396825397,0.584541062801932
"confounded_dense_n300_t02_r0031","confounded","dense","paper_adjusted",300,1000,1.5,31,45675133,"MDACT",0.05,"ok",TRUE,0.0199999999999818,"ties should not be present for the one-sample Kolmogorov-Smirnov test","","52ebeceb85b8cbc6e3daf5e028af0f9e",141,8,133,207,0.0567375886524823,0.642512077294686
"confounded_dense_n300_t02_r0031","confounded","dense","paper_adjusted",300,1000,1.5,31,45675133,"MLFDR",0.05,"ok",TRUE,0.22999999999999,"","","4658b99b37b21b50b5f4565d5ff49e6a",178,7,171,207,0.0393258426966292,0.826086956521739
"binary_dense_n300_t02_r0031","binary","dense","paper_adjusted",300,1000,1.5,31,184643976,"HDMT",0.05,"ok",TRUE,0.0300000000000011,"","","b7d0a5b9d6d7aa79925fa659ae151c20",111,0,111,202,0,0.54950495049505
"binary_dense_n300_t02_r0031","binary","dense","paper_adjusted",300,1000,1.5,31,184643976,"MDACT",0.05,"ok",TRUE,0.0200000000000102,"","","c3e855fae7e2416c0f44f2a5440cc145",124,1,123,202,0.00806451612903226,0.608910891089109
"binary_dense_n300_t02_r0031","binary","dense","paper_adjusted",300,1000,1.5,31,184643976,"MLFDR",0.05,"ok",TRUE,0.310000000000002,"","","7c221c06c6096dd3b9347a45533cc580",188,11,177,202,0.0585106382978723,0.876237623762376
"linear_sparse_n300_t03_r0031","linear","sparse","paper_adjusted",300,1000,1.9,31,84994150,"HDMT",0.05,"ok",TRUE,0.00999999999999091,"ties should not be present for the one-sample Kolmogorov-Smirnov test","","e136a51c2757a9bc5b41ef2e6233f4ba",13,0,13,19,0,0.684210526315789
"linear_sparse_n300_t03_r0031","linear","sparse","paper_adjusted",300,1000,1.9,31,84994150,"MDACT",0.05,"ok",TRUE,0,"ties should not be present for the one-sample Kolmogorov-Smirnov test","","a7d90c898afc0af6ecab4df0632b00e2",13,0,13,19,0,0.684210526315789
"linear_sparse_n300_t03_r0031","linear","sparse","paper_adjusted",300,1000,1.9,31,84994150,"MLFDR",0.05,"ok",TRUE,0.0799999999999841,"","","d6cb2356e85619112b7c509df5f91316",17,0,17,19,0,0.894736842105263
"confounded_sparse_n300_t03_r0031","confounded","sparse","paper_adjusted",300,1000,1.9,31,236284831,"HDMT",0.05,"ok",TRUE,0.0299999999999727,"ties should not be present for the one-sample Kolmogorov-Smirnov test","","6a40e8dc1ba4267c118b8494b70f0573",12,1,11,15,0.0833333333333333,0.733333333333333
"confounded_sparse_n300_t03_r0031","confounded","sparse","paper_adjusted",300,1000,1.9,31,236284831,"MDACT",0.05,"ok",TRUE,0.0199999999999818,"ties should not be present for the one-sample Kolmogorov-Smirnov test","","e02cc25e03dc14b5adff32e04ce863ad",12,1,11,15,0.0833333333333333,0.733333333333333
"confounded_sparse_n300_t03_r0031","confounded","sparse","paper_adjusted",300,1000,1.9,31,236284831,"MLFDR",0.05,"ok",TRUE,0.28000000000003,"","","38a480647ba590d8d6706ccd4f1a9e76",13,0,13,15,0,0.866666666666667
"binary_sparse_n300_t03_r0031","binary","sparse","paper_adjusted",300,1000,1.9,31,120252281,"HDMT",0.05,"ok",TRUE,0.0199999999999818,"","","85e4f259ad57dd45a87326a75f0de791",18,0,18,19,0,0.947368421052632
"binary_sparse_n300_t03_r0031","binary","sparse","paper_adjusted",300,1000,1.9,31,120252281,"MDACT",0.05,"ok",TRUE,0.0199999999999818,"","","97010748c915efe4b47ac1a2fffabb4c",18,0,18,19,0,0.947368421052632
"binary_sparse_n300_t03_r0031","binary","sparse","paper_adjusted",300,1000,1.9,31,120252281,"MLFDR",0.05,"ok",TRUE,0.159999999999968,"","","c9e209e347ba4dec4eccc8f104ee5454",21,2,19,19,0.0952380952380952,1
"linear_dense_n300_t03_r0031","linear","dense","paper_adjusted",300,1000,1.9,31,197879135,"HDMT",0.05,"ok",TRUE,0.0300000000000011,"ties should not be present for the one-sample Kolmogorov-Smirnov test","","32b137778238331fea801d57f1cd85c4",158,2,156,179,0.0126582278481013,0.871508379888268
"linear_dense_n300_t03_r0031","linear","dense","paper_adjusted",300,1000,1.9,31,197879135,"MDACT",0.05,"ok",TRUE,0.0100000000000477,"ties should not be present for the one-sample Kolmogorov-Smirnov test","","dc6dfa228f04302d2e2115d7c7afeb65",163,2,161,179,0.0122699386503067,0.899441340782123
"linear_dense_n300_t03_r0031","linear","dense","paper_adjusted",300,1000,1.9,31,197879135,"MLFDR",0.05,"ok",TRUE,0.149999999999977,"","","a7fe6e60574e18ce63487383385577ae",184,6,178,179,0.0326086956521739,0.994413407821229
"confounded_dense_n300_t03_r0031","confounded","dense","paper_adjusted",300,1000,1.9,31,11825750,"HDMT",0.05,"ok",TRUE,0.0299999999999727,"ties should not be present for the one-sample Kolmogorov-Smirnov test","","11c639c775b37052873b8670f34431d3",201,6,195,215,0.0298507462686567,0.906976744186046
"confounded_dense_n300_t03_r0031","confounded","dense","paper_adjusted",300,1000,1.9,31,11825750,"MDACT",0.05,"ok",TRUE,0,"ties should not be present for the one-sample Kolmogorov-Smirnov test","","23945a799b96bf9bbc751ff25d4abf79",203,6,197,215,0.0295566502463054,0.916279069767442
"confounded_dense_n300_t03_r0031","confounded","dense","paper_adjusted",300,1000,1.9,31,11825750,"MLFDR",0.05,"ok",TRUE,0.139999999999986,"","","94933b9017fe34d35428c109037cd66f",220,13,207,215,0.0590909090909091,0.962790697674419
"binary_dense_n300_t03_r0031","binary","dense","paper_adjusted",300,1000,1.9,31,28758428,"HDMT",0.05,"ok",TRUE,0.0299999999999727,"","","5e2199412de90817439950a79fbe722b",159,2,157,182,0.0125786163522013,0.862637362637363
"binary_dense_n300_t03_r0031","binary","dense","paper_adjusted",300,1000,1.9,31,28758428,"MDACT",0.05,"ok",TRUE,0,"","","5e6fa01d36d5894e4e2bcee8862c9e71",159,2,157,182,0.0125786163522013,0.862637362637363
"binary_dense_n300_t03_r0031","binary","dense","paper_adjusted",300,1000,1.9,31,28758428,"MLFDR",0.05,"ok",TRUE,0.110000000000014,"","","8a00b6b77645833301229852777f46a6",179,6,173,182,0.0335195530726257,0.950549450549451
"linear_sparse_n300_t01_r0032","linear","sparse","paper_adjusted",300,1000,1.3,32,118117675,"HDMT",0.05,"ok",TRUE,0.0199999999999818,"ties should not be present for the one-sample Kolmogorov-Smirnov test","","6ae2eb2eec25117221b4afe78a34da5a",6,0,6,24,0,0.25
"linear_sparse_n300_t01_r0032","linear","sparse","paper_adjusted",300,1000,1.3,32,118117675,"MDACT",0.05,"ok",TRUE,0.0200000000000387,"ties should not be present for the one-sample Kolmogorov-Smirnov test","","c34838434ee7373de6e00d0cc55820b8",6,0,6,24,0,0.25
"linear_sparse_n300_t01_r0032","linear","sparse","paper_adjusted",300,1000,1.3,32,118117675,"MLFDR",0.05,"ok",TRUE,0.240000000000009,"","","9861c7894efa682aff6e80affbc41232",11,1,10,24,0.0909090909090909,0.416666666666667
"confounded_sparse_n300_t01_r0032","confounded","sparse","paper_adjusted",300,1000,1.3,32,116925112,"HDMT",0.05,"ok",TRUE,0.00999999999999091,"ties should not be present for the one-sample Kolmogorov-Smirnov test","","04575ee116a55e6f2df2c34c19d9689b",3,1,2,20,0.333333333333333,0.1
"confounded_sparse_n300_t01_r0032","confounded","sparse","paper_adjusted",300,1000,1.3,32,116925112,"MDACT",0.05,"ok",TRUE,0.0199999999999818,"ties should not be present for the one-sample Kolmogorov-Smirnov test","","20964564f25b6efabf572e290e79c534",3,1,2,20,0.333333333333333,0.1
"confounded_sparse_n300_t01_r0032","confounded","sparse","paper_adjusted",300,1000,1.3,32,116925112,"MLFDR",0.05,"ok",TRUE,0.680000000000007,"","","e46dcbe6f8827a91320efb2f86f11307",5,2,3,20,0.4,0.15
"binary_sparse_n300_t01_r0032","binary","sparse","paper_adjusted",300,1000,1.3,32,124398364,"HDMT",0.05,"ok",TRUE,0.00999999999999091,"","","e8d562af9885275ab07a4a097d940bf6",8,0,8,18,0,0.444444444444444
"binary_sparse_n300_t01_r0032","binary","sparse","paper_adjusted",300,1000,1.3,32,124398364,"MDACT",0.05,"ok",TRUE,0.0199999999999818,"","","84aac92308abe550b666c0017c7607cd",11,0,11,18,0,0.611111111111111
"binary_sparse_n300_t01_r0032","binary","sparse","paper_adjusted",300,1000,1.3,32,124398364,"MLFDR",0.05,"ok",TRUE,0.160000000000025,"","","7fe8949156ee08a499c7f7332836c3dd",14,2,12,18,0.142857142857143,0.666666666666667
"linear_dense_n300_t01_r0032","linear","dense","paper_adjusted",300,1000,1.3,32,230126051,"HDMT",0.05,"ok",TRUE,0.00999999999999091,"ties should not be present for the one-sample Kolmogorov-Smirnov test","","c6ef8d631706f414de420786fb80e99c",109,9,100,183,0.0825688073394495,0.546448087431694
"linear_dense_n300_t01_r0032","linear","dense","paper_adjusted",300,1000,1.3,32,230126051,"MDACT",0.05,"ok",TRUE,0,"ties should not be present for the one-sample Kolmogorov-Smirnov test","","fde07e728a5277b2b20d9aea8876bf16",112,10,102,183,0.0892857142857143,0.557377049180328
"linear_dense_n300_t01_r0032","linear","dense","paper_adjusted",300,1000,1.3,32,230126051,"MLFDR",0.05,"ok",TRUE,0.220000000000027,"","","c955ca9f119312adff1f948b99a5a701",154,8,146,183,0.051948051948052,0.797814207650273
"confounded_dense_n300_t01_r0032","confounded","dense","paper_adjusted",300,1000,1.3,32,76113690,"HDMT",0.05,"ok",TRUE,0.0299999999999727,"ties should not be present for the one-sample Kolmogorov-Smirnov test","","6e1936e814026d1fc63a2e57d70f4237",38,0,38,206,0,0.184466019417476
"confounded_dense_n300_t01_r0032","confounded","dense","paper_adjusted",300,1000,1.3,32,76113690,"MDACT",0.05,"ok",TRUE,0.00999999999999091,"ties should not be present for the one-sample Kolmogorov-Smirnov test","","dad80ba6b0bebbae944f078544369b56",65,0,65,206,0,0.315533980582524
"confounded_dense_n300_t01_r0032","confounded","dense","paper_adjusted",300,1000,1.3,32,76113690,"MLFDR",0.05,"ok",TRUE,0.230000000000018,"","","29c1324cf1a4a98ccdda7ceebf8b05fe",152,8,144,206,0.0526315789473684,0.699029126213592
"binary_dense_n300_t01_r0032","binary","dense","paper_adjusted",300,1000,1.3,32,69722832,"HDMT",0.05,"ok",TRUE,0.0300000000000296,"","","965882070611b7a5d35183681be50dd8",97,2,95,195,0.0206185567010309,0.487179487179487
"binary_dense_n300_t01_r0032","binary","dense","paper_adjusted",300,1000,1.3,32,69722832,"MDACT",0.05,"ok",TRUE,0.0600000000000023,"","","a0a25119f459863cf4d7427826ca97c2",104,4,100,195,0.0384615384615385,0.512820512820513
"binary_dense_n300_t01_r0032","binary","dense","paper_adjusted",300,1000,1.3,32,69722832,"MLFDR",0.05,"ok",TRUE,0.25,"","","71e52c818ec3633affa8f5120f57af12",164,12,152,195,0.0731707317073171,0.779487179487179
"linear_sparse_n300_t02_r0032","linear","sparse","paper_adjusted",300,1000,1.5,32,253523230,"HDMT",0.05,"ok",TRUE,0.0800000000000409,"ties should not be present for the one-sample Kolmogorov-Smirnov test","","f8561189a3fa05980e82520c0416863b",6,0,6,18,0,0.333333333333333
"linear_sparse_n300_t02_r0032","linear","sparse","paper_adjusted",300,1000,1.5,32,253523230,"MDACT",0.05,"ok",TRUE,0,"ties should not be present for the one-sample Kolmogorov-Smirnov test","","6b2522be82cd35e934556e4648ad3ca2",4,0,4,18,0,0.222222222222222
"linear_sparse_n300_t02_r0032","linear","sparse","paper_adjusted",300,1000,1.5,32,253523230,"MLFDR",0.05,"ok",TRUE,0.21999999999997,"","","0c74786fc9ee4aa8dbddb02269699104",16,0,16,18,0,0.888888888888889
"confounded_sparse_n300_t02_r0032","confounded","sparse","paper_adjusted",300,1000,1.5,32,156038060,"HDMT",0.05,"ok",TRUE,0.0299999999999727,"ties should not be present for the one-sample Kolmogorov-Smirnov test","","b30109b522b966723ec6cf9933d11fb8",15,1,14,24,0.0666666666666667,0.583333333333333
"confounded_sparse_n300_t02_r0032","confounded","sparse","paper_adjusted",300,1000,1.5,32,156038060,"MDACT",0.05,"ok",TRUE,0.0200000000000387,"ties should not be present for the one-sample Kolmogorov-Smirnov test","","41a06194718148937843a6d462c7ed4e",18,2,16,24,0.111111111111111,0.666666666666667
"confounded_sparse_n300_t02_r0032","confounded","sparse","paper_adjusted",300,1000,1.5,32,156038060,"MLFDR",0.05,"ok",TRUE,0.230000000000018,"","","8b37a2870a8ad92624f7441bf45cd839",23,3,20,24,0.130434782608696,0.833333333333333
"binary_sparse_n300_t02_r0032","binary","sparse","paper_adjusted",300,1000,1.5,32,176084695,"HDMT",0.05,"ok",TRUE,0.0300000000000296,"","","6a3b46ce5ae560a2135628d7d6a8e961",13,0,13,21,0,0.619047619047619
"binary_sparse_n300_t02_r0032","binary","sparse","paper_adjusted",300,1000,1.5,32,176084695,"MDACT",0.05,"ok",TRUE,0.00999999999999091,"","","b13bce46e3e1aa5de9e6dfcdfc2a2091",14,0,14,21,0,0.666666666666667
"binary_sparse_n300_t02_r0032","binary","sparse","paper_adjusted",300,1000,1.5,32,176084695,"MLFDR",0.05,"ok",TRUE,0.159999999999968,"","","9b131f67f2c97c5023c27f606cbedc70",18,0,18,21,0,0.857142857142857
"linear_dense_n300_t02_r0032","linear","dense","paper_adjusted",300,1000,1.5,32,209631634,"HDMT",0.05,"ok",TRUE,0.0400000000000205,"ties should not be present for the one-sample Kolmogorov-Smirnov test","","a5d94d43068abe1768a5c8087171444e",107,2,105,231,0.0186915887850467,0.454545454545455
"linear_dense_n300_t02_r0032","linear","dense","paper_adjusted",300,1000,1.5,32,209631634,"MDACT",0.05,"ok",TRUE,0.0199999999999818,"ties should not be present for the one-sample Kolmogorov-Smirnov test","","ea165d8524ace105249c9fb1b3ff0b87",114,3,111,231,0.0263157894736842,0.480519480519481
"linear_dense_n300_t02_r0032","linear","dense","paper_adjusted",300,1000,1.5,32,209631634,"MLFDR",0.05,"ok",TRUE,0.389999999999986,"","","6324cd5a774bf7628e3952a2b3809fff",192,11,181,231,0.0572916666666667,0.783549783549784
"confounded_dense_n300_t02_r0032","confounded","dense","paper_adjusted",300,1000,1.5,32,235811259,"HDMT",0.05,"ok",TRUE,0.0199999999999818,"ties should not be present for the one-sample Kolmogorov-Smirnov test","","cc933fa7075435381a6efe6a81791a64",131,4,127,197,0.0305343511450382,0.644670050761421
"confounded_dense_n300_t02_r0032","confounded","dense","paper_adjusted",300,1000,1.5,32,235811259,"MDACT",0.05,"ok",TRUE,0.0199999999999818,"ties should not be present for the one-sample Kolmogorov-Smirnov test","","1554741b994d8c5c84b08af43160f8ff",135,3,132,197,0.0222222222222222,0.67005076142132
"confounded_dense_n300_t02_r0032","confounded","dense","paper_adjusted",300,1000,1.5,32,235811259,"MLFDR",0.05,"ok",TRUE,0.110000000000014,"","","04631c41a189265ad051957915307fd2",179,8,171,197,0.0446927374301676,0.868020304568528
"binary_dense_n300_t02_r0032","binary","dense","paper_adjusted",300,1000,1.5,32,83416821,"HDMT",0.05,"ok",TRUE,0.0200000000000387,"","","c594906cf414126c9aa7711ee3435358",152,9,143,206,0.0592105263157895,0.694174757281553
"binary_dense_n300_t02_r0032","binary","dense","paper_adjusted",300,1000,1.5,32,83416821,"MDACT",0.05,"ok",TRUE,0.0199999999999818,"","","7cf8c6cb5d5e1f4901d7ed1893dc4114",153,10,143,206,0.065359477124183,0.694174757281553
"binary_dense_n300_t02_r0032","binary","dense","paper_adjusted",300,1000,1.5,32,83416821,"MLFDR",0.05,"ok",TRUE,0.220000000000027,"","","dabb082da5cec08c619deee8191506a7",189,12,177,206,0.0634920634920635,0.859223300970874
"linear_sparse_n300_t03_r0032","linear","sparse","paper_adjusted",300,1000,1.9,32,202426826,"HDMT",0.05,"ok",TRUE,0.00999999999999091,"ties should not be present for the one-sample Kolmogorov-Smirnov test","","998d0d505e64f4a84731fdeb34d39c99",12,0,12,19,0,0.631578947368421
"linear_sparse_n300_t03_r0032","linear","sparse","paper_adjusted",300,1000,1.9,32,202426826,"MDACT",0.05,"ok",TRUE,0,"ties should not be present for the one-sample Kolmogorov-Smirnov test","","abbf4a034bea595d27cca504ff078e6b",17,0,17,19,0,0.894736842105263
"linear_sparse_n300_t03_r0032","linear","sparse","paper_adjusted",300,1000,1.9,32,202426826,"MLFDR",0.05,"ok",TRUE,0.089999999999975,"","","0ddff31df2808ab1f7480d9a9f09321d",19,0,19,19,0,1
"confounded_sparse_n300_t03_r0032","confounded","sparse","paper_adjusted",300,1000,1.9,32,31566861,"HDMT",0.05,"ok",TRUE,0.0199999999999818,"ties should not be present for the one-sample Kolmogorov-Smirnov test","","d0d9d9f6095291430b68a8edea8b390a",17,3,14,15,0.176470588235294,0.933333333333333
"confounded_sparse_n300_t03_r0032","confounded","sparse","paper_adjusted",300,1000,1.9,32,31566861,"MDACT",0.05,"ok",TRUE,0,"ties should not be present for the one-sample Kolmogorov-Smirnov test","","85e0dd4455f6805e13b41c5c801e69b3",17,3,14,15,0.176470588235294,0.933333333333333
"confounded_sparse_n300_t03_r0032","confounded","sparse","paper_adjusted",300,1000,1.9,32,31566861,"MLFDR",0.05,"ok",TRUE,0.25,"","","e5d038ed45d85d4fda0545739aceab4f",15,1,14,15,0.0666666666666667,0.933333333333333
"binary_sparse_n300_t03_r0032","binary","sparse","paper_adjusted",300,1000,1.9,32,46762478,"HDMT",0.05,"ok",TRUE,0.0300000000000296,"","","60a513236a36c10663fe7b9e79c174da",17,0,17,21,0,0.80952380952381
"binary_sparse_n300_t03_r0032","binary","sparse","paper_adjusted",300,1000,1.9,32,46762478,"MDACT",0.05,"ok",TRUE,0.0199999999999818,"","","239e7e3e43cdf3c4d572b2c228f617ba",17,0,17,21,0,0.80952380952381
"binary_sparse_n300_t03_r0032","binary","sparse","paper_adjusted",300,1000,1.9,32,46762478,"MLFDR",0.05,"ok",TRUE,0.200000000000045,"","","fd7c1e5a3e47e7b0e582ff5dbb28c0fe",20,0,20,21,0,0.952380952380952
"linear_dense_n300_t03_r0032","linear","dense","paper_adjusted",300,1000,1.9,32,166447550,"HDMT",0.05,"ok",TRUE,0.0299999999999727,"ties should not be present for the one-sample Kolmogorov-Smirnov test","","62b8c3d9f37fdce830a8f7d3122d4937",155,3,152,183,0.0193548387096774,0.830601092896175
"linear_dense_n300_t03_r0032","linear","dense","paper_adjusted",300,1000,1.9,32,166447550,"MDACT",0.05,"ok",TRUE,0.0200000000000387,"ties should not be present for the one-sample Kolmogorov-Smirnov test","","0aafff0aa7b5737e12f171c14d3d9e1c",159,4,155,183,0.0251572327044025,0.846994535519126
"linear_dense_n300_t03_r0032","linear","dense","paper_adjusted",300,1000,1.9,32,166447550,"MLFDR",0.05,"ok",TRUE,0.170000000000016,"","","6db97bf461676e913763cdfc4b4c4ebf",183,9,174,183,0.0491803278688525,0.950819672131147
"confounded_dense_n300_t03_r0032","confounded","dense","paper_adjusted",300,1000,1.9,32,69800138,"HDMT",0.05,"ok",TRUE,0.0200000000000387,"ties should not be present for the one-sample Kolmogorov-Smirnov test","","5e8c3bfb3969eb1e364358b9fb8e242c",162,8,154,193,0.0493827160493827,0.797927461139896
"confounded_dense_n300_t03_r0032","confounded","dense","paper_adjusted",300,1000,1.9,32,69800138,"MDACT",0.05,"ok",TRUE,0,"ties should not be present for the one-sample Kolmogorov-Smirnov test","","fc4cc9bbf1f7d7e88e6a3beca5ae1666",165,9,156,193,0.0545454545454545,0.808290155440414
"confounded_dense_n300_t03_r0032","confounded","dense","paper_adjusted",300,1000,1.9,32,69800138,"MLFDR",0.05,"ok",TRUE,0.169999999999959,"","","4b2a1ad027399aa7696a645e2ddf3f33",184,6,178,193,0.0326086956521739,0.922279792746114
"binary_dense_n300_t03_r0032","binary","dense","paper_adjusted",300,1000,1.9,32,140322225,"HDMT",0.05,"ok",TRUE,0.0299999999999727,"","","ceb75683d31c2dc871831aad23c41632",186,9,177,201,0.0483870967741935,0.880597014925373
"binary_dense_n300_t03_r0032","binary","dense","paper_adjusted",300,1000,1.9,32,140322225,"MDACT",0.05,"ok",TRUE,0.00999999999999091,"","","57d5f702e22d5b43f31d2abc4f7b5019",190,10,180,201,0.0526315789473684,0.895522388059702
"binary_dense_n300_t03_r0032","binary","dense","paper_adjusted",300,1000,1.9,32,140322225,"MLFDR",0.05,"ok",TRUE,0.139999999999986,"","","57e2d2540c6e6f987787567d40b1563d",209,13,196,201,0.062200956937799,0.975124378109453
"linear_sparse_n300_t01_r0033","linear","sparse","paper_adjusted",300,1000,1.3,33,191665436,"HDMT",0.05,"ok",TRUE,0.0399999999999636,"ties should not be present for the one-sample Kolmogorov-Smirnov test","","f57928d49a19bbc70b8682e6409994e4",4,0,4,25,0,0.16
"linear_sparse_n300_t01_r0033","linear","sparse","paper_adjusted",300,1000,1.3,33,191665436,"MDACT",0.05,"ok",TRUE,0.0200000000000387,"ties should not be present for the one-sample Kolmogorov-Smirnov test","","101074bd0a01fa20999cb5dd0025f6c4",4,0,4,25,0,0.16
"linear_sparse_n300_t01_r0033","linear","sparse","paper_adjusted",300,1000,1.3,33,191665436,"MLFDR",0.05,"ok",TRUE,0.409999999999968,"","","8972c5034f55f339bf8792306c88ea8f",13,1,12,25,0.0769230769230769,0.48
"confounded_sparse_n300_t01_r0033","confounded","sparse","paper_adjusted",300,1000,1.3,33,99379417,"HDMT",0.05,"ok",TRUE,0.0199999999999818,"ties should not be present for the one-sample Kolmogorov-Smirnov test","","f156210d943c34104462a8a7a0e9ffcd",6,0,6,17,0,0.352941176470588
"confounded_sparse_n300_t01_r0033","confounded","sparse","paper_adjusted",300,1000,1.3,33,99379417,"MDACT",0.05,"ok",TRUE,0.0199999999999818,"ties should not be present for the one-sample Kolmogorov-Smirnov test","","2152f32ac0512a6a617c27164d09926d",6,0,6,17,0,0.352941176470588
"confounded_sparse_n300_t01_r0033","confounded","sparse","paper_adjusted",300,1000,1.3,33,99379417,"MLFDR",0.05,"ok",TRUE,0.810000000000002,"","","d5deb7cd8b7c415539b5bd79038513f4",14,1,13,17,0.0714285714285714,0.764705882352941
"binary_sparse_n300_t01_r0033","binary","sparse","paper_adjusted",300,1000,1.3,33,56386756,"HDMT",0.05,"ok",TRUE,0.0299999999999727,"","","81634968d80bdc1d284f4ba442f2c5d9",1,0,1,23,0,0.0434782608695652
"binary_sparse_n300_t01_r0033","binary","sparse","paper_adjusted",300,1000,1.3,33,56386756,"MDACT",0.05,"ok",TRUE,0,"","","796472043e835f5750059264a1e7b44e",2,0,2,23,0,0.0869565217391304
"binary_sparse_n300_t01_r0033","binary","sparse","paper_adjusted",300,1000,1.3,33,56386756,"MLFDR",0.05,"ok",TRUE,0.389999999999986,"","","96593621198daf5d35bd537932d824f4",13,1,12,23,0.0769230769230769,0.521739130434783
"linear_dense_n300_t01_r0033","linear","dense","paper_adjusted",300,1000,1.3,33,177964042,"HDMT",0.05,"ok",TRUE,0.0299999999999727,"ties should not be present for the one-sample Kolmogorov-Smirnov test","","df6c726b3aca1683bbccb6684f25ba35",104,4,100,208,0.0384615384615385,0.480769230769231
"linear_dense_n300_t01_r0033","linear","dense","paper_adjusted",300,1000,1.3,33,177964042,"MDACT",0.05,"ok",TRUE,0,"ties should not be present for the one-sample Kolmogorov-Smirnov test","","c65b9b00b72f1821044a532c61005a5e",111,6,105,208,0.0540540540540541,0.504807692307692
"linear_dense_n300_t01_r0033","linear","dense","paper_adjusted",300,1000,1.3,33,177964042,"MLFDR",0.05,"ok",TRUE,0.220000000000027,"","","1f7ff675453037917a9cc06ea9c2cdf9",163,4,159,208,0.0245398773006135,0.764423076923077
"confounded_dense_n300_t01_r0033","confounded","dense","paper_adjusted",300,1000,1.3,33,86506857,"HDMT",0.05,"ok",TRUE,0.0200000000000387,"ties should not be present for the one-sample Kolmogorov-Smirnov test","","bbf0bb9a5519959df5564143d388719c",122,7,115,200,0.0573770491803279,0.575
"confounded_dense_n300_t01_r0033","confounded","dense","paper_adjusted",300,1000,1.3,33,86506857,"MDACT",0.05,"ok",TRUE,0.0199999999999818,"ties should not be present for the one-sample Kolmogorov-Smirnov test","","75b420641ac7fd15662af865a196664f",122,7,115,200,0.0573770491803279,0.575
"confounded_dense_n300_t01_r0033","confounded","dense","paper_adjusted",300,1000,1.3,33,86506857,"MLFDR",0.05,"ok",TRUE,0.189999999999998,"","","694069bf0796fb49ff3f1288bdbaf138",174,15,159,200,0.0862068965517241,0.795
"binary_dense_n300_t01_r0033","binary","dense","paper_adjusted",300,1000,1.3,33,211163182,"HDMT",0.05,"ok",TRUE,0.0300000000000296,"","","d894cd41f1574645c1a9babb3d91d69a",71,4,67,192,0.0563380281690141,0.348958333333333
"binary_dense_n300_t01_r0033","binary","dense","paper_adjusted",300,1000,1.3,33,211163182,"MDACT",0.05,"ok",TRUE,0,"","","1810580edc22c707062680409e643b1e",75,5,70,192,0.0666666666666667,0.364583333333333
"binary_dense_n300_t01_r0033","binary","dense","paper_adjusted",300,1000,1.3,33,211163182,"MLFDR",0.05,"ok",TRUE,0.329999999999984,"","","4c36f222968b6d917f53a50350608b15",128,5,123,192,0.0390625,0.640625
"linear_sparse_n300_t02_r0033","linear","sparse","paper_adjusted",300,1000,1.5,33,160525997,"HDMT",0.05,"ok",TRUE,0.0299999999999727,"ties should not be present for the one-sample Kolmogorov-Smirnov test","","1dd4ae9763196f7c960bcf2351c72646",12,0,12,23,0,0.521739130434783
"linear_sparse_n300_t02_r0033","linear","sparse","paper_adjusted",300,1000,1.5,33,160525997,"MDACT",0.05,"ok",TRUE,0.0499999999999545,"ties should not be present for the one-sample Kolmogorov-Smirnov test","","9ce3bdbc6088577093700f091e145ef6",15,0,15,23,0,0.652173913043478
"linear_sparse_n300_t02_r0033","linear","sparse","paper_adjusted",300,1000,1.5,33,160525997,"MLFDR",0.05,"ok",TRUE,0.120000000000005,"","","309bd324b8e38fa5d21ae73797d1eb9c",19,1,18,23,0.0526315789473684,0.782608695652174
"confounded_sparse_n300_t02_r0033","confounded","sparse","paper_adjusted",300,1000,1.5,33,247808064,"HDMT",0.05,"ok",TRUE,0.00999999999999091,"ties should not be present for the one-sample Kolmogorov-Smirnov test","","7eca9fbd6609b85c1bc419fcea4353aa",6,0,6,26,0,0.230769230769231
"confounded_sparse_n300_t02_r0033","confounded","sparse","paper_adjusted",300,1000,1.5,33,247808064,"MDACT",0.05,"ok",TRUE,0,"ties should not be present for the one-sample Kolmogorov-Smirnov test","","8dde7e0c185c3a2ff4e596ab46d5fe28",7,0,7,26,0,0.269230769230769
"confounded_sparse_n300_t02_r0033","confounded","sparse","paper_adjusted",300,1000,1.5,33,247808064,"MLFDR",0.05,"ok",TRUE,0.170000000000016,"","","65b540b3c693037126ca79b55d278944",17,1,16,26,0.0588235294117647,0.615384615384615
"binary_sparse_n300_t02_r0033","binary","sparse","paper_adjusted",300,1000,1.5,33,52087793,"HDMT",0.05,"ok",TRUE,0.0200000000000387,"","","e6740c18fb548bfbacc6d9340d3a412c",4,0,4,22,0,0.181818181818182
"binary_sparse_n300_t02_r0033","binary","sparse","paper_adjusted",300,1000,1.5,33,52087793,"MDACT",0.05,"ok",TRUE,0.0199999999999818,"","","18a650e80e56e178898caeea8570dcc1",9,0,9,22,0,0.409090909090909
"binary_sparse_n300_t02_r0033","binary","sparse","paper_adjusted",300,1000,1.5,33,52087793,"MLFDR",0.05,"ok",TRUE,0.339999999999975,"","","c2bb9e6b3e809282acfb584e2f850f73",16,1,15,22,0.0625,0.681818181818182
"linear_dense_n300_t02_r0033","linear","dense","paper_adjusted",300,1000,1.5,33,42522626,"HDMT",0.05,"ok",TRUE,0.0300000000000296,"ties should not be present for the one-sample Kolmogorov-Smirnov test","","2950c009b85dd3f741c3e190f35a720e",101,3,98,208,0.0297029702970297,0.471153846153846
"linear_dense_n300_t02_r0033","linear","dense","paper_adjusted",300,1000,1.5,33,42522626,"MDACT",0.05,"ok",TRUE,0.00999999999999091,"ties should not be present for the one-sample Kolmogorov-Smirnov test","","998e52347b4dfd7bbe6f1bc42d137f8c",110,4,106,208,0.0363636363636364,0.509615384615385
"linear_dense_n300_t02_r0033","linear","dense","paper_adjusted",300,1000,1.5,33,42522626,"MLFDR",0.05,"ok",TRUE,0.189999999999998,"","","b7e8e553175f34ccd74468f1a0414f05",172,10,162,208,0.0581395348837209,0.778846153846154
"confounded_dense_n300_t02_r0033","confounded","dense","paper_adjusted",300,1000,1.5,33,45219622,"HDMT",0.05,"ok",TRUE,0.0300000000000296,"ties should not be present for the one-sample Kolmogorov-Smirnov test","","49e8cada25673c089c8c07b4df1d1650",134,9,125,203,0.0671641791044776,0.61576354679803
"confounded_dense_n300_t02_r0033","confounded","dense","paper_adjusted",300,1000,1.5,33,45219622,"MDACT",0.05,"ok",TRUE,0,"ties should not be present for the one-sample Kolmogorov-Smirnov test","","134dc323dee4ea0cf2d84445309e85c0",134,8,126,203,0.0597014925373134,0.620689655172414
"confounded_dense_n300_t02_r0033","confounded","dense","paper_adjusted",300,1000,1.5,33,45219622,"MLFDR",0.05,"ok",TRUE,0.25,"","","0c048eee5f170e02e358aa6ad0e92fd5",172,7,165,203,0.0406976744186047,0.812807881773399
"binary_dense_n300_t02_r0033","binary","dense","paper_adjusted",300,1000,1.5,33,178167664,"HDMT",0.05,"ok",TRUE,0.00999999999999091,"","","037d338f96497eee350a8baa7a98b52e",122,2,120,201,0.0163934426229508,0.597014925373134
"binary_dense_n300_t02_r0033","binary","dense","paper_adjusted",300,1000,1.5,33,178167664,"MDACT",0.05,"ok",TRUE,0,"","","9f3a69967cfe07b1a6e894fae129246b",132,2,130,201,0.0151515151515152,0.646766169154229
"binary_dense_n300_t02_r0033","binary","dense","paper_adjusted",300,1000,1.5,33,178167664,"MLFDR",0.05,"ok",TRUE,0.189999999999998,"","","cf3a24eaaae9db47dade887ba0302852",184,7,177,201,0.0380434782608696,0.880597014925373
"linear_sparse_n300_t03_r0033","linear","sparse","paper_adjusted",300,1000,1.9,33,255368019,"HDMT",0.05,"ok",TRUE,0.0199999999999818,"ties should not be present for the one-sample Kolmogorov-Smirnov test","","6c218c27057da2a01c0b67676b47c82c",23,3,20,22,0.130434782608696,0.909090909090909
"linear_sparse_n300_t03_r0033","linear","sparse","paper_adjusted",300,1000,1.9,33,255368019,"MDACT",0.05,"ok",TRUE,0,"ties should not be present for the one-sample Kolmogorov-Smirnov test","","98baf5f00de08849da9d8bcf7c0286f5",24,4,20,22,0.166666666666667,0.909090909090909
"linear_sparse_n300_t03_r0033","linear","sparse","paper_adjusted",300,1000,1.9,33,255368019,"MLFDR",0.05,"ok",TRUE,0.0799999999999841,"","","666e4cebb79104d1caa65b36dec88fd5",18,0,18,22,0,0.818181818181818
"confounded_sparse_n300_t03_r0033","confounded","sparse","paper_adjusted",300,1000,1.9,33,146005899,"HDMT",0.05,"ok",TRUE,0.0199999999999818,"ties should not be present for the one-sample Kolmogorov-Smirnov test","","114727367bf545c98f3ef407bb0dc0af",19,0,19,22,0,0.863636363636364
"confounded_sparse_n300_t03_r0033","confounded","sparse","paper_adjusted",300,1000,1.9,33,146005899,"MDACT",0.05,"ok",TRUE,0.0199999999999818,"ties should not be present for the one-sample Kolmogorov-Smirnov test","","5cbb00f6dbf01a9cbf5fbab3d97cb501",19,0,19,22,0,0.863636363636364
"confounded_sparse_n300_t03_r0033","confounded","sparse","paper_adjusted",300,1000,1.9,33,146005899,"MLFDR",0.05,"ok",TRUE,0.129999999999995,"","","2dc6b22d19482d8b6bd81c9ef523fe83",23,1,22,22,0.0434782608695652,1
"binary_sparse_n300_t03_r0033","binary","sparse","paper_adjusted",300,1000,1.9,33,209644975,"HDMT",0.05,"ok",TRUE,0.0299999999999727,"","","398d953541c9feedb9f1b0e4b87a5b30",17,2,15,20,0.117647058823529,0.75
"binary_sparse_n300_t03_r0033","binary","sparse","paper_adjusted",300,1000,1.9,33,209644975,"MDACT",0.05,"ok",TRUE,0.0200000000000387,"","","280082ed5421983ee2b5e98e9dac5291",21,3,18,20,0.142857142857143,0.9
"binary_sparse_n300_t03_r0033","binary","sparse","paper_adjusted",300,1000,1.9,33,209644975,"MLFDR",0.05,"ok",TRUE,0.129999999999995,"","","f8d44128036dca24e6eb5b74bf13d465",20,1,19,20,0.05,0.95
"linear_dense_n300_t03_r0033","linear","dense","paper_adjusted",300,1000,1.9,33,178425648,"HDMT",0.05,"ok",TRUE,0.0200000000000387,"ties should not be present for the one-sample Kolmogorov-Smirnov test","","1e5e5f365057a6c883949e8e28e87246",153,5,148,202,0.0326797385620915,0.732673267326733
"linear_dense_n300_t03_r0033","linear","dense","paper_adjusted",300,1000,1.9,33,178425648,"MDACT",0.05,"ok",TRUE,0,"ties should not be present for the one-sample Kolmogorov-Smirnov test","","b05b8a2a36e36410f8868f6d64096d47",156,5,151,202,0.032051282051282,0.747524752475248
"linear_dense_n300_t03_r0033","linear","dense","paper_adjusted",300,1000,1.9,33,178425648,"MLFDR",0.05,"ok",TRUE,0.089999999999975,"","","d13e9faaf862ab71bb3f7fcfe791f1e6",211,17,194,202,0.0805687203791469,0.96039603960396
"confounded_dense_n300_t03_r0033","confounded","dense","paper_adjusted",300,1000,1.9,33,60947079,"HDMT",0.05,"ok",TRUE,0.0300000000000296,"ties should not be present for the one-sample Kolmogorov-Smirnov test","","769f931605da66e258fc979ac8b53c3f",157,7,150,190,0.0445859872611465,0.789473684210526
"confounded_dense_n300_t03_r0033","confounded","dense","paper_adjusted",300,1000,1.9,33,60947079,"MDACT",0.05,"ok",TRUE,0.00999999999999091,"ties should not be present for the one-sample Kolmogorov-Smirnov test","","aef6721d555d0d5e3edd8b730103d5e6",161,7,154,190,0.0434782608695652,0.810526315789474
"confounded_dense_n300_t03_r0033","confounded","dense","paper_adjusted",300,1000,1.9,33,60947079,"MLFDR",0.05,"ok",TRUE,0.169999999999959,"","","3d891a798650c25bf736fc0273e4c3b5",192,7,185,190,0.0364583333333333,0.973684210526316
"binary_dense_n300_t03_r0033","binary","dense","paper_adjusted",300,1000,1.9,33,97975669,"HDMT",0.05,"ok",TRUE,0.0299999999999727,"","","12ad3c3615ffcbceef05ca44734e3c74",183,5,178,202,0.0273224043715847,0.881188118811881
"binary_dense_n300_t03_r0033","binary","dense","paper_adjusted",300,1000,1.9,33,97975669,"MDACT",0.05,"ok",TRUE,0.0200000000000387,"","","8ca7efaab3b93ab6a1c0ee24e123293a",183,5,178,202,0.0273224043715847,0.881188118811881
"binary_dense_n300_t03_r0033","binary","dense","paper_adjusted",300,1000,1.9,33,97975669,"MLFDR",0.05,"ok",TRUE,0.089999999999975,"","","d372d0dffb236346af05b3e6b328def0",206,8,198,202,0.0388349514563107,0.98019801980198
"linear_sparse_n300_t01_r0034","linear","sparse","paper_adjusted",300,1000,1.3,34,125064587,"HDMT",0.05,"ok",TRUE,0.0299999999999727,"ties should not be present for the one-sample Kolmogorov-Smirnov test","","f21e292b1fda0b1946da0cbc6906b466",0,0,0,15,0,0
"linear_sparse_n300_t01_r0034","linear","sparse","paper_adjusted",300,1000,1.3,34,125064587,"MDACT",0.05,"ok",TRUE,0.0100000000000477,"ties should not be present for the one-sample Kolmogorov-Smirnov test","","e12332fb5a78d5a35b98830ace7a0c5b",0,0,0,15,0,0
"linear_sparse_n300_t01_r0034","linear","sparse","paper_adjusted",300,1000,1.3,34,125064587,"MLFDR",0.05,"ok",TRUE,0.579999999999984,"","","71dbcca229c13157868dbf00c47a72e7",1,0,1,15,0,0.0666666666666667
"confounded_sparse_n300_t01_r0034","confounded","sparse","paper_adjusted",300,1000,1.3,34,251612288,"HDMT",0.05,"ok",TRUE,0.0400000000000205,"ties should not be present for the one-sample Kolmogorov-Smirnov test","","54151d0ea06a755a4100bfa399c4f2d5",0,0,0,16,0,0
"confounded_sparse_n300_t01_r0034","confounded","sparse","paper_adjusted",300,1000,1.3,34,251612288,"MDACT",0.05,"ok",TRUE,0.0199999999999818,"ties should not be present for the one-sample Kolmogorov-Smirnov test","","acc471fa661463defd75cfd47f1aa9ae",0,0,0,16,0,0
"confounded_sparse_n300_t01_r0034","confounded","sparse","paper_adjusted",300,1000,1.3,34,251612288,"MLFDR",0.05,"ok",TRUE,0.360000000000014,"","","86b40c5dd2293e3620716997646c0051",0,0,0,16,0,0
"binary_sparse_n300_t01_r0034","binary","sparse","paper_adjusted",300,1000,1.3,34,188797559,"HDMT",0.05,"ok",TRUE,0.0400000000000205,"","","ae2e2d13a54495dba8a35af57848d2e2",12,2,10,18,0.166666666666667,0.555555555555556
"binary_sparse_n300_t01_r0034","binary","sparse","paper_adjusted",300,1000,1.3,34,188797559,"MDACT",0.05,"ok",TRUE,0,"","","2151701e7c78e69be601278176868281",11,2,9,18,0.181818181818182,0.5
"binary_sparse_n300_t01_r0034","binary","sparse","paper_adjusted",300,1000,1.3,34,188797559,"MLFDR",0.05,"ok",TRUE,0.669999999999959,"","","2fc510a8cab3a915b69978b393208f86",16,3,13,18,0.1875,0.722222222222222
"linear_dense_n300_t01_r0034","linear","dense","paper_adjusted",300,1000,1.3,34,110490738,"HDMT",0.05,"ok",TRUE,0.0100000000000477,"ties should not be present for the one-sample Kolmogorov-Smirnov test","","6b7f58cfde0bb01f553d1967511d6755",79,4,75,191,0.0506329113924051,0.392670157068063
"linear_dense_n300_t01_r0034","linear","dense","paper_adjusted",300,1000,1.3,34,110490738,"MDACT",0.05,"ok",TRUE,0,"ties should not be present for the one-sample Kolmogorov-Smirnov test","","07818416b9a4c580d5f2df2e1f917c4f",84,4,80,191,0.0476190476190476,0.418848167539267
"linear_dense_n300_t01_r0034","linear","dense","paper_adjusted",300,1000,1.3,34,110490738,"MLFDR",0.05,"ok",TRUE,0.299999999999955,"","","559b016ef60b62eb155e1c94680e5607",154,7,147,191,0.0454545454545455,0.769633507853403
"confounded_dense_n300_t01_r0034","confounded","dense","paper_adjusted",300,1000,1.3,34,117314208,"HDMT",0.05,"ok",TRUE,0.0299999999999727,"ties should not be present for the one-sample Kolmogorov-Smirnov test","","9a75773d2ab99f7c69e9871dfec83972",60,4,56,186,0.0666666666666667,0.301075268817204
"confounded_dense_n300_t01_r0034","confounded","dense","paper_adjusted",300,1000,1.3,34,117314208,"MDACT",0.05,"ok",TRUE,0.00999999999999091,"ties should not be present for the one-sample Kolmogorov-Smirnov test","","95f0fd3b7c67775ff923de584d0684bb",90,8,82,186,0.0888888888888889,0.440860215053763
"confounded_dense_n300_t01_r0034","confounded","dense","paper_adjusted",300,1000,1.3,34,117314208,"MLFDR",0.05,"ok",TRUE,0.610000000000014,"","","eaa084482959cc44d20753603b7d2f1b",141,7,134,186,0.049645390070922,0.720430107526882
"binary_dense_n300_t01_r0034","binary","dense","paper_adjusted",300,1000,1.3,34,214926502,"HDMT",0.05,"ok",TRUE,0.0199999999999818,"","","a514a13496d0669c9484dd7e79981e34",79,2,77,198,0.0253164556962025,0.388888888888889
"binary_dense_n300_t01_r0034","binary","dense","paper_adjusted",300,1000,1.3,34,214926502,"MDACT",0.05,"ok",TRUE,0.00999999999999091,"","","5bf19e6c834ff7a6067c2a53590b4e47",101,6,95,198,0.0594059405940594,0.47979797979798
"binary_dense_n300_t01_r0034","binary","dense","paper_adjusted",300,1000,1.3,34,214926502,"MLFDR",0.05,"ok",TRUE,0.389999999999986,"","","b28049ffdfc096985a0141cedd7b57df",142,8,134,198,0.0563380281690141,0.676767676767677
"linear_sparse_n300_t02_r0034","linear","sparse","paper_adjusted",300,1000,1.5,34,19180610,"HDMT",0.05,"ok",TRUE,0.0300000000000296,"ties should not be present for the one-sample Kolmogorov-Smirnov test","","05b149f5a1e681aaf95e1482b53545eb",4,0,4,11,0,0.363636363636364
"linear_sparse_n300_t02_r0034","linear","sparse","paper_adjusted",300,1000,1.5,34,19180610,"MDACT",0.05,"ok",TRUE,0.00999999999999091,"ties should not be present for the one-sample Kolmogorov-Smirnov test","","09d88bea4e215a86f1e89f6bc25384bb",6,1,5,11,0.166666666666667,0.454545454545455
"linear_sparse_n300_t02_r0034","linear","sparse","paper_adjusted",300,1000,1.5,34,19180610,"MLFDR",0.05,"ok",TRUE,0.28000000000003,"","","c04d1e4c768c8a88eb907d1121befd25",7,0,7,11,0,0.636363636363636
"confounded_sparse_n300_t02_r0034","confounded","sparse","paper_adjusted",300,1000,1.5,34,215120777,"HDMT",0.05,"ok",TRUE,0.0300000000000296,"ties should not be present for the one-sample Kolmogorov-Smirnov test","","e3837de90d2dda17a562e8db92c89718",7,0,7,19,0,0.368421052631579
"confounded_sparse_n300_t02_r0034","confounded","sparse","paper_adjusted",300,1000,1.5,34,215120777,"MDACT",0.05,"ok",TRUE,0.00999999999999091,"ties should not be present for the one-sample Kolmogorov-Smirnov test","","afb4a4cbc1e7b5f35cd458b658643e7c",8,0,8,19,0,0.421052631578947
"confounded_sparse_n300_t02_r0034","confounded","sparse","paper_adjusted",300,1000,1.5,34,215120777,"MLFDR",0.05,"ok",TRUE,0.32000000000005,"","","e880abbe0fb1dd04f84c8a2ff19c3909",12,0,12,19,0,0.631578947368421
"binary_sparse_n300_t02_r0034","binary","sparse","paper_adjusted",300,1000,1.5,34,16980918,"HDMT",0.05,"ok",TRUE,0.0299999999999727,"","","b6fcd339d4da91fc3d4d29105a1dd280",5,1,4,16,0.2,0.25
"binary_sparse_n300_t02_r0034","binary","sparse","paper_adjusted",300,1000,1.5,34,16980918,"MDACT",0.05,"ok",TRUE,0.0200000000000387,"","","1ebeee9cba255b2aad512703438711fb",8,1,7,16,0.125,0.4375
"binary_sparse_n300_t02_r0034","binary","sparse","paper_adjusted",300,1000,1.5,34,16980918,"MLFDR",0.05,"ok",TRUE,0.54000000000002,"","","2c4d8b91e5a162773317cecb98d377db",13,3,10,16,0.230769230769231,0.625
"linear_dense_n300_t02_r0034","linear","dense","paper_adjusted",300,1000,1.5,34,89123374,"HDMT",0.05,"ok",TRUE,0.0299999999999727,"ties should not be present for the one-sample Kolmogorov-Smirnov test","","0ad762c59ea0073a5bd4ab04e00c13cb",134,4,130,223,0.0298507462686567,0.582959641255605
"linear_dense_n300_t02_r0034","linear","dense","paper_adjusted",300,1000,1.5,34,89123374,"MDACT",0.05,"ok",TRUE,0,"ties should not be present for the one-sample Kolmogorov-Smirnov test","","fa197a81a58b28a5c3e349a272cbd679",144,5,139,223,0.0347222222222222,0.623318385650224
"linear_dense_n300_t02_r0034","linear","dense","paper_adjusted",300,1000,1.5,34,89123374,"MLFDR",0.05,"ok",TRUE,0.269999999999982,"","","bad35ab378ff230650aa146dbba5dde9",191,9,182,223,0.0471204188481675,0.816143497757848
"confounded_dense_n300_t02_r0034","confounded","dense","paper_adjusted",300,1000,1.5,34,208675179,"HDMT",0.05,"ok",TRUE,0.0199999999999818,"ties should not be present for the one-sample Kolmogorov-Smirnov test","","1471abdb6cad0dd6dd58734a6ecd2562",86,0,86,220,0,0.390909090909091
"confounded_dense_n300_t02_r0034","confounded","dense","paper_adjusted",300,1000,1.5,34,208675179,"MDACT",0.05,"ok",TRUE,0,"ties should not be present for the one-sample Kolmogorov-Smirnov test","","4ed91b0930c6dde51f23dda360223807",98,0,98,220,0,0.445454545454545
"confounded_dense_n300_t02_r0034","confounded","dense","paper_adjusted",300,1000,1.5,34,208675179,"MLFDR",0.05,"ok",TRUE,0.28000000000003,"","","34234a531a6dff6a188f46abff28d58a",176,6,170,220,0.0340909090909091,0.772727272727273
"binary_dense_n300_t02_r0034","binary","dense","paper_adjusted",300,1000,1.5,34,134531877,"HDMT",0.05,"ok",TRUE,0.00999999999999091,"","","70058b88141f0cd9a976c39ecdd4b4dd",158,4,154,223,0.0253164556962025,0.690582959641256
"binary_dense_n300_t02_r0034","binary","dense","paper_adjusted",300,1000,1.5,34,134531877,"MDACT",0.05,"ok",TRUE,0.00999999999999091,"","","75d4112df11be85ede4bf5f69b948b96",159,3,156,223,0.0188679245283019,0.699551569506726
"binary_dense_n300_t02_r0034","binary","dense","paper_adjusted",300,1000,1.5,34,134531877,"MLFDR",0.05,"ok",TRUE,0.120000000000005,"","","234d5ff221128a631c45ccb9d3bb00cd",208,6,202,223,0.0288461538461538,0.905829596412556
"linear_sparse_n300_t03_r0034","linear","sparse","paper_adjusted",300,1000,1.9,34,175218562,"HDMT",0.05,"ok",TRUE,0.0299999999999727,"ties should not be present for the one-sample Kolmogorov-Smirnov test","","d4eb7933b5d9a64475466a737651bd7c",4,0,4,13,0,0.307692307692308
"linear_sparse_n300_t03_r0034","linear","sparse","paper_adjusted",300,1000,1.9,34,175218562,"MDACT",0.05,"ok",TRUE,0,"ties should not be present for the one-sample Kolmogorov-Smirnov test","","ffa04a9365cdbdb42c06c8b97d7b5000",7,1,6,13,0.142857142857143,0.461538461538462
"linear_sparse_n300_t03_r0034","linear","sparse","paper_adjusted",300,1000,1.9,34,175218562,"MLFDR",0.05,"ok",TRUE,0.139999999999986,"","","6748abfee1354d5c20701b7d459e0865",6,0,6,13,0,0.461538461538462
"confounded_sparse_n300_t03_r0034","confounded","sparse","paper_adjusted",300,1000,1.9,34,28900979,"HDMT",0.05,"ok",TRUE,0.0199999999999818,"ties should not be present for the one-sample Kolmogorov-Smirnov test","","fd784afbf79a64e295c167c4ba1d953d",16,0,16,17,0,0.941176470588235
"confounded_sparse_n300_t03_r0034","confounded","sparse","paper_adjusted",300,1000,1.9,34,28900979,"MDACT",0.05,"ok",TRUE,0.0199999999999818,"ties should not be present for the one-sample Kolmogorov-Smirnov test","","13e7a9030155df04b36ef6703af4bf0b",16,0,16,17,0,0.941176470588235
"confounded_sparse_n300_t03_r0034","confounded","sparse","paper_adjusted",300,1000,1.9,34,28900979,"MLFDR",0.05,"ok",TRUE,0.0600000000000023,"","","b722aeadcbee908d9d526c4ad2acc709",18,2,16,17,0.111111111111111,0.941176470588235
"binary_sparse_n300_t03_r0034","binary","sparse","paper_adjusted",300,1000,1.9,34,39187463,"HDMT",0.05,"ok",TRUE,0.0199999999999818,"","","308f83bbc21aa484291b57847f87c532",14,1,13,19,0.0714285714285714,0.684210526315789
"binary_sparse_n300_t03_r0034","binary","sparse","paper_adjusted",300,1000,1.9,34,39187463,"MDACT",0.05,"ok",TRUE,0,"","","50a64e3b33d6dc342b33356822daa770",15,0,15,19,0,0.789473684210526
"binary_sparse_n300_t03_r0034","binary","sparse","paper_adjusted",300,1000,1.9,34,39187463,"MLFDR",0.05,"ok",TRUE,0.240000000000009,"","","470a6aa5123d676a06220480b0897db2",19,1,18,19,0.0526315789473684,0.947368421052632
"linear_dense_n300_t03_r0034","linear","dense","paper_adjusted",300,1000,1.9,34,239239847,"HDMT",0.05,"ok",TRUE,0.0200000000000387,"ties should not be present for the one-sample Kolmogorov-Smirnov test","","5b406478998d3574b969c2dc5c269c6b",114,2,112,177,0.0175438596491228,0.632768361581921
"linear_dense_n300_t03_r0034","linear","dense","paper_adjusted",300,1000,1.9,34,239239847,"MDACT",0.05,"ok",TRUE,0,"ties should not be present for the one-sample Kolmogorov-Smirnov test","","02a832b89b215af8fd8242a97c5e7bdd",119,5,114,177,0.0420168067226891,0.644067796610169
"linear_dense_n300_t03_r0034","linear","dense","paper_adjusted",300,1000,1.9,34,239239847,"MLFDR",0.05,"ok",TRUE,0.189999999999998,"","","3be08be037be3dfcbe31d5064dadc84d",151,4,147,177,0.0264900662251656,0.830508474576271
"confounded_dense_n300_t03_r0034","confounded","dense","paper_adjusted",300,1000,1.9,34,118473418,"HDMT",0.05,"ok",TRUE,0.00999999999999091,"ties should not be present for the one-sample Kolmogorov-Smirnov test","","4527410d0c7c1a57111c733cb7a12976",178,11,167,187,0.0617977528089888,0.893048128342246
"confounded_dense_n300_t03_r0034","confounded","dense","paper_adjusted",300,1000,1.9,34,118473418,"MDACT",0.05,"ok",TRUE,0.00999999999999091,"ties should not be present for the one-sample Kolmogorov-Smirnov test","","21f305c9bcc8c8f7b3a7f2c7dab9f136",178,10,168,187,0.0561797752808989,0.898395721925134
"confounded_dense_n300_t03_r0034","confounded","dense","paper_adjusted",300,1000,1.9,34,118473418,"MLFDR",0.05,"ok",TRUE,0.120000000000005,"","","61c2980736fc242535eb295631df0578",191,11,180,187,0.0575916230366492,0.962566844919786
"binary_dense_n300_t03_r0034","binary","dense","paper_adjusted",300,1000,1.9,34,113903429,"HDMT",0.05,"ok",TRUE,0.0199999999999818,"","","e4ba63e6e0ffaa4d0a575521d61fe9b7",168,8,160,223,0.0476190476190476,0.717488789237668
"binary_dense_n300_t03_r0034","binary","dense","paper_adjusted",300,1000,1.9,34,113903429,"MDACT",0.05,"ok",TRUE,0,"","","d37b6297ae4d3341e7ce4bed2d0b62d6",178,9,169,223,0.050561797752809,0.757847533632287
"binary_dense_n300_t03_r0034","binary","dense","paper_adjusted",300,1000,1.9,34,113903429,"MLFDR",0.05,"ok",TRUE,0.159999999999968,"","","a3c3901be585081be2202f8c57eebae9",222,14,208,223,0.0630630630630631,0.932735426008969
"linear_sparse_n300_t01_r0035","linear","sparse","paper_adjusted",300,1000,1.3,35,91355037,"HDMT",0.05,"ok",TRUE,0.0299999999999727,"ties should not be present for the one-sample Kolmogorov-Smirnov test","","5daf941eb958375e0cb8b2495555b506",1,0,1,28,0,0.0357142857142857
"linear_sparse_n300_t01_r0035","linear","sparse","paper_adjusted",300,1000,1.3,35,91355037,"MDACT",0.05,"ok",TRUE,0,"ties should not be present for the one-sample Kolmogorov-Smirnov test","","46a9b157ba118910f350b5271dcf6e90",10,0,10,28,0,0.357142857142857
"linear_sparse_n300_t01_r0035","linear","sparse","paper_adjusted",300,1000,1.3,35,91355037,"MLFDR",0.05,"ok",TRUE,0.230000000000018,"","","8ac734cc92389733138b4d24c073f709",14,0,14,28,0,0.5
"confounded_sparse_n300_t01_r0035","confounded","sparse","paper_adjusted",300,1000,1.3,35,121658004,"HDMT",0.05,"ok",TRUE,0.0300000000000296,"ties should not be present for the one-sample Kolmogorov-Smirnov test","","4ee7b856d4d1060efc2987b8e5c7492a",8,1,7,23,0.125,0.304347826086957
"confounded_sparse_n300_t01_r0035","confounded","sparse","paper_adjusted",300,1000,1.3,35,121658004,"MDACT",0.05,"ok",TRUE,0,"ties should not be present for the one-sample Kolmogorov-Smirnov test","","89a11f5effec33955194206f211d7b0a",10,1,9,23,0.1,0.391304347826087
"confounded_sparse_n300_t01_r0035","confounded","sparse","paper_adjusted",300,1000,1.3,35,121658004,"MLFDR",0.05,"ok",TRUE,0.21999999999997,"","","77d8f06a6dc1e217f32a88d477731040",12,0,12,23,0,0.521739130434783
"binary_sparse_n300_t01_r0035","binary","sparse","paper_adjusted",300,1000,1.3,35,182101711,"HDMT",0.05,"ok",TRUE,0.0299999999999727,"","","a94c6fe732ba6d8f0b64f816c9200a15",2,0,2,20,0,0.1
"binary_sparse_n300_t01_r0035","binary","sparse","paper_adjusted",300,1000,1.3,35,182101711,"MDACT",0.05,"ok",TRUE,0.0199999999999818,"","","818f49ce376adb5e4445d3d5ab7abbb0",3,0,3,20,0,0.15
"binary_sparse_n300_t01_r0035","binary","sparse","paper_adjusted",300,1000,1.3,35,182101711,"MLFDR",0.05,"ok",TRUE,1.54000000000002,"","","670c6f3979df12c76ea2b7a066ebf9c6",7,0,7,20,0,0.35
"linear_dense_n300_t01_r0035","linear","dense","paper_adjusted",300,1000,1.3,35,257458139,"HDMT",0.05,"ok",TRUE,0.0299999999999727,"ties should not be present for the one-sample Kolmogorov-Smirnov test","","b93bcd0de76a1fc24f72a01945ec0fb6",89,5,84,185,0.0561797752808989,0.454054054054054
"linear_dense_n300_t01_r0035","linear","dense","paper_adjusted",300,1000,1.3,35,257458139,"MDACT",0.05,"ok",TRUE,0.0200000000000387,"ties should not be present for the one-sample Kolmogorov-Smirnov test","","fc763daf8b9a47f0ed6231b4d6d14836",101,5,96,185,0.0495049504950495,0.518918918918919
"linear_dense_n300_t01_r0035","linear","dense","paper_adjusted",300,1000,1.3,35,257458139,"MLFDR",0.05,"ok",TRUE,0.279999999999973,"","","22d55098439ab3dd118b8e2fe9d0d0fc",133,2,131,185,0.0150375939849624,0.708108108108108
"confounded_dense_n300_t01_r0035","confounded","dense","paper_adjusted",300,1000,1.3,35,40059813,"HDMT",0.05,"ok",TRUE,0.0299999999999727,"ties should not be present for the one-sample Kolmogorov-Smirnov test","","6746e73c0ef432a191f23e040672bcc2",69,1,68,214,0.0144927536231884,0.317757009345794
"confounded_dense_n300_t01_r0035","confounded","dense","paper_adjusted",300,1000,1.3,35,40059813,"MDACT",0.05,"ok",TRUE,0.0100000000000477,"ties should not be present for the one-sample Kolmogorov-Smirnov test","","01f292f8e4108df6c8c8581dd3b1162f",75,1,74,214,0.0133333333333333,0.345794392523364
"confounded_dense_n300_t01_r0035","confounded","dense","paper_adjusted",300,1000,1.3,35,40059813,"MLFDR",0.05,"ok",TRUE,0.529999999999973,"","","f967f89b833c12761792cdc4a7b2e75f",152,9,143,214,0.0592105263157895,0.668224299065421
"binary_dense_n300_t01_r0035","binary","dense","paper_adjusted",300,1000,1.3,35,264915204,"HDMT",0.05,"ok",TRUE,0.0199999999999818,"","","090a0616e9b43f6b11e2ee99e02a4750",69,1,68,200,0.0144927536231884,0.34
"binary_dense_n300_t01_r0035","binary","dense","paper_adjusted",300,1000,1.3,35,264915204,"MDACT",0.05,"ok",TRUE,0.0199999999999818,"","","5bec43c84e81b89558388f5141456879",85,3,82,200,0.0352941176470588,0.41
"binary_dense_n300_t01_r0035","binary","dense","paper_adjusted",300,1000,1.3,35,264915204,"MLFDR",0.05,"ok",TRUE,0.319999999999993,"","","57ebcc9be22e294b236ed62cc3efd7a1",138,10,128,200,0.072463768115942,0.64
"linear_sparse_n300_t02_r0035","linear","sparse","paper_adjusted",300,1000,1.5,35,23720451,"HDMT",0.05,"ok",TRUE,0.0200000000000387,"ties should not be present for the one-sample Kolmogorov-Smirnov test","","cc60a8ad6f2dbbbe8069d1ff4794e39d",7,0,7,17,0,0.411764705882353
"linear_sparse_n300_t02_r0035","linear","sparse","paper_adjusted",300,1000,1.5,35,23720451,"MDACT",0.05,"ok",TRUE,0,"ties should not be present for the one-sample Kolmogorov-Smirnov test","","05129c8c04cb328a0f591e8bdf2ff86d",9,1,8,17,0.111111111111111,0.470588235294118
"linear_sparse_n300_t02_r0035","linear","sparse","paper_adjusted",300,1000,1.5,35,23720451,"MLFDR",0.05,"ok",TRUE,0.660000000000025,"","","fdfcbe61eeb0477d1bfc6b39bcf0ca78",8,0,8,17,0,0.470588235294118
"confounded_sparse_n300_t02_r0035","confounded","sparse","paper_adjusted",300,1000,1.5,35,267380685,"HDMT",0.05,"ok",TRUE,0.00999999999999091,"ties should not be present for the one-sample Kolmogorov-Smirnov test","","ba9dc869a8d8c4d7562add24a6356556",0,0,0,22,0,0
"confounded_sparse_n300_t02_r0035","confounded","sparse","paper_adjusted",300,1000,1.5,35,267380685,"MDACT",0.05,"ok",TRUE,0,"ties should not be present for the one-sample Kolmogorov-Smirnov test","","e59ef650d14156db4ac0aa7a78a875bb",5,0,5,22,0,0.227272727272727
"confounded_sparse_n300_t02_r0035","confounded","sparse","paper_adjusted",300,1000,1.5,35,267380685,"MLFDR",0.05,"ok",TRUE,0.260000000000048,"","","aba173597aaac390a05d760810e12fab",9,0,9,22,0,0.409090909090909
"binary_sparse_n300_t02_r0035","binary","sparse","paper_adjusted",300,1000,1.5,35,55056773,"HDMT",0.05,"ok",TRUE,0.00999999999999091,"","","7a1aa3e815ce64595db282f8d9904ca4",7,0,7,11,0,0.636363636363636
"binary_sparse_n300_t02_r0035","binary","sparse","paper_adjusted",300,1000,1.5,35,55056773,"MDACT",0.05,"ok",TRUE,0.00999999999999091,"","","f7482fa900c22518434b5f0ed6b22b4b",7,0,7,11,0,0.636363636363636
"binary_sparse_n300_t02_r0035","binary","sparse","paper_adjusted",300,1000,1.5,35,55056773,"MLFDR",0.05,"ok",TRUE,0.199999999999989,"","","da88409801f4afab61e896889f30e096",7,0,7,11,0,0.636363636363636
"linear_dense_n300_t02_r0035","linear","dense","paper_adjusted",300,1000,1.5,35,9235678,"HDMT",0.05,"ok",TRUE,0.0300000000000296,"ties should not be present for the one-sample Kolmogorov-Smirnov test","","650b2230e15a2705e0990e3914f446e4",126,7,119,192,0.0555555555555556,0.619791666666667
"linear_dense_n300_t02_r0035","linear","dense","paper_adjusted",300,1000,1.5,35,9235678,"MDACT",0.05,"ok",TRUE,0.00999999999999091,"ties should not be present for the one-sample Kolmogorov-Smirnov test","","2c514fefaaa2000fefb369ff410d1f3d",131,7,124,192,0.0534351145038168,0.645833333333333
"linear_dense_n300_t02_r0035","linear","dense","paper_adjusted",300,1000,1.5,35,9235678,"MLFDR",0.05,"ok",TRUE,0.229999999999961,"","","3303eacf025b2544364b25e5c032a565",174,14,160,192,0.0804597701149425,0.833333333333333
"confounded_dense_n300_t02_r0035","confounded","dense","paper_adjusted",300,1000,1.5,35,1926158,"HDMT",0.05,"ok",TRUE,0.0400000000000205,"ties should not be present for the one-sample Kolmogorov-Smirnov test","","5813697a2801bc304139525e4153865a",113,4,109,177,0.0353982300884956,0.615819209039548
"confounded_dense_n300_t02_r0035","confounded","dense","paper_adjusted",300,1000,1.5,35,1926158,"MDACT",0.05,"ok",TRUE,0.0199999999999818,"ties should not be present for the one-sample Kolmogorov-Smirnov test","","83febdb6d18290e87de13570124aa656",124,7,117,177,0.0564516129032258,0.661016949152542
"confounded_dense_n300_t02_r0035","confounded","dense","paper_adjusted",300,1000,1.5,35,1926158,"MLFDR",0.05,"ok",TRUE,0.139999999999986,"","","0946365cf50648590aee5f943dfc7c4f",157,5,152,177,0.0318471337579618,0.858757062146893
"binary_dense_n300_t02_r0035","binary","dense","paper_adjusted",300,1000,1.5,35,110195674,"HDMT",0.05,"ok",TRUE,0.0199999999999818,"","","b2916efd2f8cee8c25ce165123a61a43",148,4,144,228,0.027027027027027,0.631578947368421
"binary_dense_n300_t02_r0035","binary","dense","paper_adjusted",300,1000,1.5,35,110195674,"MDACT",0.05,"ok",TRUE,0,"","","b5babf94fa8fe24dd6fc9447b006dbd2",151,6,145,228,0.0397350993377483,0.635964912280702
"binary_dense_n300_t02_r0035","binary","dense","paper_adjusted",300,1000,1.5,35,110195674,"MLFDR",0.05,"ok",TRUE,0.199999999999989,"","","6e7071902400672780f15102c53ddec9",190,6,184,228,0.0315789473684211,0.807017543859649
"linear_sparse_n300_t03_r0035","linear","sparse","paper_adjusted",300,1000,1.9,35,239395628,"HDMT",0.05,"ok",TRUE,0.0299999999999727,"ties should not be present for the one-sample Kolmogorov-Smirnov test","","d83729eec09cda8a975e13955f14f43b",10,0,10,22,0,0.454545454545455
"linear_sparse_n300_t03_r0035","linear","sparse","paper_adjusted",300,1000,1.9,35,239395628,"MDACT",0.05,"ok",TRUE,0.0200000000000387,"ties should not be present for the one-sample Kolmogorov-Smirnov test","","16e66d14321f7a592c8fc778ec5d19c9",15,0,15,22,0,0.681818181818182
"linear_sparse_n300_t03_r0035","linear","sparse","paper_adjusted",300,1000,1.9,35,239395628,"MLFDR",0.05,"ok",TRUE,0.149999999999977,"","","5182bee0b189b18396755e5d806d0031",19,2,17,22,0.105263157894737,0.772727272727273
"confounded_sparse_n300_t03_r0035","confounded","sparse","paper_adjusted",300,1000,1.9,35,216871927,"HDMT",0.05,"ok",TRUE,0.0400000000000205,"ties should not be present for the one-sample Kolmogorov-Smirnov test","","54d523fbfa9f9165f0c7a872ff0dc1c3",16,1,15,21,0.0625,0.714285714285714
"confounded_sparse_n300_t03_r0035","confounded","sparse","paper_adjusted",300,1000,1.9,35,216871927,"MDACT",0.05,"ok",TRUE,0.0199999999999818,"ties should not be present for the one-sample Kolmogorov-Smirnov test","","db361e8f13a03224cfcf425cdcd04825",16,1,15,21,0.0625,0.714285714285714
"confounded_sparse_n300_t03_r0035","confounded","sparse","paper_adjusted",300,1000,1.9,35,216871927,"MLFDR",0.05,"ok",TRUE,0.159999999999968,"","","b84a4586d2f0fbc732b70fa7a7c4ffa3",16,0,16,21,0,0.761904761904762
"binary_sparse_n300_t03_r0035","binary","sparse","paper_adjusted",300,1000,1.9,35,184406421,"HDMT",0.05,"ok",TRUE,0.00999999999999091,"","","5d0e0c788d6fe7c9ff9f78d8cb36aa8c",13,0,13,21,0,0.619047619047619
"binary_sparse_n300_t03_r0035","binary","sparse","paper_adjusted",300,1000,1.9,35,184406421,"MDACT",0.05,"ok",TRUE,0.0200000000000387,"","","ab00bc36bfdc7076ec7a20d1cff95181",15,0,15,21,0,0.714285714285714
"binary_sparse_n300_t03_r0035","binary","sparse","paper_adjusted",300,1000,1.9,35,184406421,"MLFDR",0.05,"ok",TRUE,0.46999999999997,"","","f7de6f9c432d927f44a8b34a19d5edff",18,2,16,21,0.111111111111111,0.761904761904762
"linear_dense_n300_t03_r0035","linear","dense","paper_adjusted",300,1000,1.9,35,175142461,"HDMT",0.05,"ok",TRUE,0.0299999999999727,"ties should not be present for the one-sample Kolmogorov-Smirnov test","","af5bdb6b58bfdecc015c4d7830bcf624",188,10,178,234,0.0531914893617021,0.760683760683761
"linear_dense_n300_t03_r0035","linear","dense","paper_adjusted",300,1000,1.9,35,175142461,"MDACT",0.05,"ok",TRUE,0.0200000000000387,"ties should not be present for the one-sample Kolmogorov-Smirnov test","","141b4afbbc465413bd6c4467c48b112e",193,11,182,234,0.0569948186528497,0.777777777777778
"linear_dense_n300_t03_r0035","linear","dense","paper_adjusted",300,1000,1.9,35,175142461,"MLFDR",0.05,"ok",TRUE,0.139999999999986,"","","2cff085ff5fba78eaaacd7b614a7d314",225,10,215,234,0.0444444444444444,0.918803418803419
"confounded_dense_n300_t03_r0035","confounded","dense","paper_adjusted",300,1000,1.9,35,236379365,"HDMT",0.05,"ok",TRUE,0.0200000000000387,"ties should not be present for the one-sample Kolmogorov-Smirnov test","","5bb0c5c4a7a484ef1cae4b1c9f4e6714",123,4,119,205,0.032520325203252,0.580487804878049
"confounded_dense_n300_t03_r0035","confounded","dense","paper_adjusted",300,1000,1.9,35,236379365,"MDACT",0.05,"ok",TRUE,0,"ties should not be present for the one-sample Kolmogorov-Smirnov test","","2a13df8a2ef83eab79e67851e358fc79",139,9,130,205,0.0647482014388489,0.634146341463415
"confounded_dense_n300_t03_r0035","confounded","dense","paper_adjusted",300,1000,1.9,35,236379365,"MLFDR",0.05,"ok",TRUE,0.229999999999961,"","","a747c96062ff0b5ebd4706ec6cd457ed",169,8,161,205,0.0473372781065089,0.785365853658537
"binary_dense_n300_t03_r0035","binary","dense","paper_adjusted",300,1000,1.9,35,176359426,"HDMT",0.05,"ok",TRUE,0.0199999999999818,"","","fba2177bf06ec9c75d091ad9e6c02c4c",136,3,133,175,0.0220588235294118,0.76
"binary_dense_n300_t03_r0035","binary","dense","paper_adjusted",300,1000,1.9,35,176359426,"MDACT",0.05,"ok",TRUE,0.0199999999999818,"","","16bdcdbf79b334bafffe27f63cbb7bce",139,3,136,175,0.0215827338129496,0.777142857142857
"binary_dense_n300_t03_r0035","binary","dense","paper_adjusted",300,1000,1.9,35,176359426,"MLFDR",0.05,"ok",TRUE,0.189999999999998,"","","22f89b4edcc737dd97f38548b504ea5a",159,5,154,175,0.0314465408805031,0.88
"linear_sparse_n300_t01_r0036","linear","sparse","paper_adjusted",300,1000,1.3,36,51425066,"HDMT",0.05,"ok",TRUE,0.0200000000000387,"ties should not be present for the one-sample Kolmogorov-Smirnov test","","d3ee299b9535b347b7fb3660f23b2d98",3,0,3,29,0,0.103448275862069
"linear_sparse_n300_t01_r0036","linear","sparse","paper_adjusted",300,1000,1.3,36,51425066,"MDACT",0.05,"ok",TRUE,0,"ties should not be present for the one-sample Kolmogorov-Smirnov test","","17e94e6e8d52e8f51600fa9b2f43d5da",9,0,9,29,0,0.310344827586207
"linear_sparse_n300_t01_r0036","linear","sparse","paper_adjusted",300,1000,1.3,36,51425066,"MLFDR",0.05,"ok",TRUE,0.269999999999982,"","","00f18dcce324de36ab8cb8e6c5caf344",19,0,19,29,0,0.655172413793103
"confounded_sparse_n300_t01_r0036","confounded","sparse","paper_adjusted",300,1000,1.3,36,143448895,"HDMT",0.05,"ok",TRUE,0.0299999999999727,"ties should not be present for the one-sample Kolmogorov-Smirnov test","","a43ca245aa337b97460c6680c0293f41",11,1,10,24,0.0909090909090909,0.416666666666667
"confounded_sparse_n300_t01_r0036","confounded","sparse","paper_adjusted",300,1000,1.3,36,143448895,"MDACT",0.05,"ok",TRUE,0,"ties should not be present for the one-sample Kolmogorov-Smirnov test","","c8e1ceb8bfc760bad869119ec316cb56",10,0,10,24,0,0.416666666666667
"confounded_sparse_n300_t01_r0036","confounded","sparse","paper_adjusted",300,1000,1.3,36,143448895,"MLFDR",0.05,"ok",TRUE,0.129999999999995,"","","7ad2c146803107632c84590db444ce01",15,0,15,24,0,0.625
"binary_sparse_n300_t01_r0036","binary","sparse","paper_adjusted",300,1000,1.3,36,189430917,"HDMT",0.05,"ok",TRUE,0.00999999999999091,"","","5b09b383ff59afeae817e92914902b6f",2,0,2,12,0,0.166666666666667
"binary_sparse_n300_t01_r0036","binary","sparse","paper_adjusted",300,1000,1.3,36,189430917,"MDACT",0.05,"ok",TRUE,0,"","","abbd5bebe5bb6757f4f16a9a43c0fb73",3,0,3,12,0,0.25
"binary_sparse_n300_t01_r0036","binary","sparse","paper_adjusted",300,1000,1.3,36,189430917,"MLFDR",0.05,"ok",TRUE,0.340000000000032,"","","fb691a532da05e73de46a38f8de386a3",5,0,5,12,0,0.416666666666667
"linear_dense_n300_t01_r0036","linear","dense","paper_adjusted",300,1000,1.3,36,260720971,"HDMT",0.05,"ok",TRUE,0.00999999999999091,"ties should not be present for the one-sample Kolmogorov-Smirnov test","","89c0d521ad63df855b8d9f661e435538",126,5,121,211,0.0396825396825397,0.57345971563981
"linear_dense_n300_t01_r0036","linear","dense","paper_adjusted",300,1000,1.3,36,260720971,"MDACT",0.05,"ok",TRUE,0,"ties should not be present for the one-sample Kolmogorov-Smirnov test","","83aeef3c2c60045f96de7c10a6075092",136,6,130,211,0.0441176470588235,0.616113744075829
"linear_dense_n300_t01_r0036","linear","dense","paper_adjusted",300,1000,1.3,36,260720971,"MLFDR",0.05,"ok",TRUE,0.270000000000039,"","","3da6a16afe02d1f0b05f82805f114f7b",173,4,169,211,0.023121387283237,0.800947867298578
"confounded_dense_n300_t01_r0036","confounded","dense","paper_adjusted",300,1000,1.3,36,12430066,"HDMT",0.05,"ok",TRUE,0.0199999999999818,"ties should not be present for the one-sample Kolmogorov-Smirnov test","","ddd189e5421af3e459f2c14c88edf872",38,1,37,201,0.0263157894736842,0.18407960199005
"confounded_dense_n300_t01_r0036","confounded","dense","paper_adjusted",300,1000,1.3,36,12430066,"MDACT",0.05,"ok",TRUE,0.0200000000000387,"ties should not be present for the one-sample Kolmogorov-Smirnov test","","5adb63f6cddc3cfb19d7bc88c5e14c1b",55,1,54,201,0.0181818181818182,0.26865671641791
"confounded_dense_n300_t01_r0036","confounded","dense","paper_adjusted",300,1000,1.3,36,12430066,"MLFDR",0.05,"ok",TRUE,0.430000000000007,"","","184c0ef9901f55beba7f4c2bff6d4d57",114,4,110,201,0.0350877192982456,0.54726368159204
"binary_dense_n300_t01_r0036","binary","dense","paper_adjusted",300,1000,1.3,36,200969587,"HDMT",0.05,"ok",TRUE,0.00999999999999091,"","","4d2269484a0e1ab0ae8f8d40cf50513a",60,4,56,191,0.0666666666666667,0.293193717277487
"binary_dense_n300_t01_r0036","binary","dense","paper_adjusted",300,1000,1.3,36,200969587,"MDACT",0.05,"ok",TRUE,0.00999999999999091,"","","e979093a0768cf0151ca962f161cead0",74,7,67,191,0.0945945945945946,0.350785340314136
"binary_dense_n300_t01_r0036","binary","dense","paper_adjusted",300,1000,1.3,36,200969587,"MLFDR",0.05,"ok",TRUE,0.460000000000036,"","","5056265d4d07d6134c2406b943561dc3",114,5,109,191,0.043859649122807,0.570680628272251
"linear_sparse_n300_t02_r0036","linear","sparse","paper_adjusted",300,1000,1.5,36,164955485,"HDMT",0.05,"ok",TRUE,0.0399999999999636,"ties should not be present for the one-sample Kolmogorov-Smirnov test","","7906d89fca5ef339cf5c9739530c775f",16,2,14,18,0.125,0.777777777777778
"linear_sparse_n300_t02_r0036","linear","sparse","paper_adjusted",300,1000,1.5,36,164955485,"MDACT",0.05,"ok",TRUE,0.0200000000000387,"ties should not be present for the one-sample Kolmogorov-Smirnov test","","13715592c20091467f35af9d417ed930",15,2,13,18,0.133333333333333,0.722222222222222
"linear_sparse_n300_t02_r0036","linear","sparse","paper_adjusted",300,1000,1.5,36,164955485,"MLFDR",0.05,"ok",TRUE,0.150000000000034,"","","0cf536d6c9a97223da6135c22e2d4de2",16,0,16,18,0,0.888888888888889
"confounded_sparse_n300_t02_r0036","confounded","sparse","paper_adjusted",300,1000,1.5,36,31817653,"HDMT",0.05,"ok",TRUE,0.0299999999999727,"ties should not be present for the one-sample Kolmogorov-Smirnov test","","748764038b9dd0bcf874f1d598691115",12,0,12,18,0,0.666666666666667
"confounded_sparse_n300_t02_r0036","confounded","sparse","paper_adjusted",300,1000,1.5,36,31817653,"MDACT",0.05,"ok",TRUE,0.0199999999999818,"ties should not be present for the one-sample Kolmogorov-Smirnov test","","96abc8834079d2d5e7a9197ed45312ab",11,0,11,18,0,0.611111111111111
"confounded_sparse_n300_t02_r0036","confounded","sparse","paper_adjusted",300,1000,1.5,36,31817653,"MLFDR",0.05,"ok",TRUE,0.189999999999998,"","","a4114d0828ff1a7f77d8ff0629002174",17,1,16,18,0.0588235294117647,0.888888888888889
"binary_sparse_n300_t02_r0036","binary","sparse","paper_adjusted",300,1000,1.5,36,50506209,"HDMT",0.05,"ok",TRUE,0.0100000000000477,"","","2b2162b619a2713c1c6922f6df898ec7",9,0,9,15,0,0.6
"binary_sparse_n300_t02_r0036","binary","sparse","paper_adjusted",300,1000,1.5,36,50506209,"MDACT",0.05,"ok",TRUE,0,"","","0df75caf593474aef75af46debffe8e1",10,0,10,15,0,0.666666666666667
"binary_sparse_n300_t02_r0036","binary","sparse","paper_adjusted",300,1000,1.5,36,50506209,"MLFDR",0.05,"ok",TRUE,0.819999999999993,"","","acbac2a7e4c80dbf524fdfda9496505c",12,1,11,15,0.0833333333333333,0.733333333333333
"linear_dense_n300_t02_r0036","linear","dense","paper_adjusted",300,1000,1.5,36,49684407,"HDMT",0.05,"ok",TRUE,0.00999999999999091,"ties should not be present for the one-sample Kolmogorov-Smirnov test","","2bb645ca09cfef52765bc0f29832c18f",162,10,152,197,0.0617283950617284,0.771573604060914
"linear_dense_n300_t02_r0036","linear","dense","paper_adjusted",300,1000,1.5,36,49684407,"MDACT",0.05,"ok",TRUE,0,"ties should not be present for the one-sample Kolmogorov-Smirnov test","","ca3dc69efe078806e7245ac2aa1a1d7f",163,11,152,197,0.0674846625766871,0.771573604060914
"linear_dense_n300_t02_r0036","linear","dense","paper_adjusted",300,1000,1.5,36,49684407,"MLFDR",0.05,"ok",TRUE,0.20999999999998,"","","fb5a4dde8b72b1d1bf5cb876f4f6ec95",194,16,178,197,0.0824742268041237,0.903553299492386
"confounded_dense_n300_t02_r0036","confounded","dense","paper_adjusted",300,1000,1.5,36,19529984,"HDMT",0.05,"ok",TRUE,0.0200000000000387,"ties should not be present for the one-sample Kolmogorov-Smirnov test","","e053b0ab47ac59b9ed5d38b5d0134387",119,6,113,213,0.0504201680672269,0.530516431924883
"confounded_dense_n300_t02_r0036","confounded","dense","paper_adjusted",300,1000,1.5,36,19529984,"MDACT",0.05,"ok",TRUE,0.00999999999999091,"ties should not be present for the one-sample Kolmogorov-Smirnov test","","4467e5ab673b41996ba590a6fccc215c",127,6,121,213,0.047244094488189,0.568075117370892
"confounded_dense_n300_t02_r0036","confounded","dense","paper_adjusted",300,1000,1.5,36,19529984,"MLFDR",0.05,"ok",TRUE,0.230000000000018,"","","706858e85937816f99f5bab3b7613042",199,15,184,213,0.0753768844221105,0.863849765258216
"binary_dense_n300_t02_r0036","binary","dense","paper_adjusted",300,1000,1.5,36,40600526,"HDMT",0.05,"ok",TRUE,0.00999999999999091,"","","d6927070ba8f249414885a95df703ced",114,2,112,176,0.0175438596491228,0.636363636363636
"binary_dense_n300_t02_r0036","binary","dense","paper_adjusted",300,1000,1.5,36,40600526,"MDACT",0.05,"ok",TRUE,0,"","","c49a2589fc2827b99666003726706dc5",125,5,120,176,0.04,0.681818181818182
"binary_dense_n300_t02_r0036","binary","dense","paper_adjusted",300,1000,1.5,36,40600526,"MLFDR",0.05,"ok",TRUE,0.199999999999989,"","","b393b871bef605c290fb5505442803a0",161,5,156,176,0.031055900621118,0.886363636363636
"linear_sparse_n300_t03_r0036","linear","sparse","paper_adjusted",300,1000,1.9,36,245763936,"HDMT",0.05,"ok",TRUE,0.0199999999999818,"ties should not be present for the one-sample Kolmogorov-Smirnov test","","213852734756f764f955201997a0b83a",16,0,16,26,0,0.615384615384615
"linear_sparse_n300_t03_r0036","linear","sparse","paper_adjusted",300,1000,1.9,36,245763936,"MDACT",0.05,"ok",TRUE,0,"ties should not be present for the one-sample Kolmogorov-Smirnov test","","41bf050066dabc94697427a1411c8183",16,0,16,26,0,0.615384615384615
"linear_sparse_n300_t03_r0036","linear","sparse","paper_adjusted",300,1000,1.9,36,245763936,"MLFDR",0.05,"ok",TRUE,0.269999999999982,"","","5ea067cbf91ff1d9c99908988f5b95fc",20,0,20,26,0,0.769230769230769
"confounded_sparse_n300_t03_r0036","confounded","sparse","paper_adjusted",300,1000,1.9,36,252723831,"HDMT",0.05,"ok",TRUE,0.0300000000000296,"ties should not be present for the one-sample Kolmogorov-Smirnov test","","ca30edb432c8840c64b76b62472694fd",18,1,17,25,0.0555555555555556,0.68
"confounded_sparse_n300_t03_r0036","confounded","sparse","paper_adjusted",300,1000,1.9,36,252723831,"MDACT",0.05,"ok",TRUE,0.00999999999999091,"ties should not be present for the one-sample Kolmogorov-Smirnov test","","c3076a7fc23411cb132fbeac06a9787d",16,0,16,25,0,0.64
"confounded_sparse_n300_t03_r0036","confounded","sparse","paper_adjusted",300,1000,1.9,36,252723831,"MLFDR",0.05,"ok",TRUE,0.329999999999984,"","","0e9401ed22109c4aa229f8233b9afd67",24,1,23,25,0.0416666666666667,0.92
"binary_sparse_n300_t03_r0036","binary","sparse","paper_adjusted",300,1000,1.9,36,40008429,"HDMT",0.05,"ok",TRUE,0.0799999999999841,"","","1cbabc9ea8f31d6c962696969ca6bf00",17,0,17,22,0,0.772727272727273
"binary_sparse_n300_t03_r0036","binary","sparse","paper_adjusted",300,1000,1.9,36,40008429,"MDACT",0.05,"ok",TRUE,0.00999999999999091,"","","77c7204933f25f93fdc3699ad161bc4f",18,0,18,22,0,0.818181818181818
"binary_sparse_n300_t03_r0036","binary","sparse","paper_adjusted",300,1000,1.9,36,40008429,"MLFDR",0.05,"ok",TRUE,0.0799999999999841,"","","4027f218b78a9c3e6d519d0f4446ef91",21,0,21,22,0,0.954545454545455
"linear_dense_n300_t03_r0036","linear","dense","paper_adjusted",300,1000,1.9,36,237383496,"HDMT",0.05,"ok",TRUE,0.0400000000000205,"ties should not be present for the one-sample Kolmogorov-Smirnov test","","eaf9c706ec6cd6ff489ca72cbd9ca26a",175,7,168,188,0.04,0.893617021276596
"linear_dense_n300_t03_r0036","linear","dense","paper_adjusted",300,1000,1.9,36,237383496,"MDACT",0.05,"ok",TRUE,0.0199999999999818,"ties should not be present for the one-sample Kolmogorov-Smirnov test","","38464f3abf03f4ac819a674cc77259a7",175,9,166,188,0.0514285714285714,0.882978723404255
"linear_dense_n300_t03_r0036","linear","dense","paper_adjusted",300,1000,1.9,36,237383496,"MLFDR",0.05,"ok",TRUE,0.0999999999999659,"","","71f06ff70d2b5c865c8c281dfcbcf0e9",187,7,180,188,0.0374331550802139,0.957446808510638
"confounded_dense_n300_t03_r0036","confounded","dense","paper_adjusted",300,1000,1.9,36,79265669,"HDMT",0.05,"ok",TRUE,0.0799999999999841,"ties should not be present for the one-sample Kolmogorov-Smirnov test","","e2ece1dc5030ad04fe6dd5662561a485",179,9,170,192,0.0502793296089385,0.885416666666667
"confounded_dense_n300_t03_r0036","confounded","dense","paper_adjusted",300,1000,1.9,36,79265669,"MDACT",0.05,"ok",TRUE,0,"ties should not be present for the one-sample Kolmogorov-Smirnov test","","7eed7b97e3aeaaf87d48f8190358dd0f",179,9,170,192,0.0502793296089385,0.885416666666667
"confounded_dense_n300_t03_r0036","confounded","dense","paper_adjusted",300,1000,1.9,36,79265669,"MLFDR",0.05,"ok",TRUE,0.129999999999995,"","","7f837c130dc4b16b4f4375367241f618",202,11,191,192,0.0544554455445545,0.994791666666667
"binary_dense_n300_t03_r0036","binary","dense","paper_adjusted",300,1000,1.9,36,196369007,"HDMT",0.05,"ok",TRUE,0.0299999999999727,"","","d027ab18ba0645ce044038e8742029b5",194,8,186,208,0.0412371134020619,0.894230769230769
"binary_dense_n300_t03_r0036","binary","dense","paper_adjusted",300,1000,1.9,36,196369007,"MDACT",0.05,"ok",TRUE,0.0199999999999818,"","","8877bdc9ad07f7e11984ea7f4e5b1992",195,9,186,208,0.0461538461538462,0.894230769230769
"binary_dense_n300_t03_r0036","binary","dense","paper_adjusted",300,1000,1.9,36,196369007,"MLFDR",0.05,"ok",TRUE,0.129999999999995,"","","2fd7cbe3b17799211a928d331d49e98d",214,9,205,208,0.0420560747663551,0.985576923076923
"linear_sparse_n300_t01_r0037","linear","sparse","paper_adjusted",300,1000,1.3,37,111527428,"HDMT",0.05,"ok",TRUE,0.00999999999999091,"ties should not be present for the one-sample Kolmogorov-Smirnov test","","2a96cb0789ca84733e46cfd7fadf432d",2,0,2,19,0,0.105263157894737
"linear_sparse_n300_t01_r0037","linear","sparse","paper_adjusted",300,1000,1.3,37,111527428,"MDACT",0.05,"ok",TRUE,0,"ties should not be present for the one-sample Kolmogorov-Smirnov test","","5ca146dc40fec9e72c9582ce27e67b56",1,0,1,19,0,0.0526315789473684
"linear_sparse_n300_t01_r0037","linear","sparse","paper_adjusted",300,1000,1.3,37,111527428,"MLFDR",0.05,"ok",TRUE,0.46999999999997,"","","d5ffb8d7c4a11ca86641f1751b154b8e",7,0,7,19,0,0.368421052631579
"confounded_sparse_n300_t01_r0037","confounded","sparse","paper_adjusted",300,1000,1.3,37,103277847,"HDMT",0.05,"ok",TRUE,0.00999999999999091,"ties should not be present for the one-sample Kolmogorov-Smirnov test","","20bec0b209d812b4315ceb72f58068f0",0,0,0,22,0,0
"confounded_sparse_n300_t01_r0037","confounded","sparse","paper_adjusted",300,1000,1.3,37,103277847,"MDACT",0.05,"ok",TRUE,0,"ties should not be present for the one-sample Kolmogorov-Smirnov test","","4a2375ea5a587f9be146406ae20dc7b1",1,0,1,22,0,0.0454545454545455
"confounded_sparse_n300_t01_r0037","confounded","sparse","paper_adjusted",300,1000,1.3,37,103277847,"MLFDR",0.05,"ok",TRUE,0.25,"","","230342c8331c0fc532f98e408cad968b",5,0,5,22,0,0.227272727272727
"binary_sparse_n300_t01_r0037","binary","sparse","paper_adjusted",300,1000,1.3,37,80453475,"HDMT",0.05,"ok",TRUE,0.0299999999999727,"","","395536aee87eac0a837c85ea4b6087be",6,0,6,19,0,0.315789473684211
"binary_sparse_n300_t01_r0037","binary","sparse","paper_adjusted",300,1000,1.3,37,80453475,"MDACT",0.05,"ok",TRUE,0.0200000000000387,"","","03bc5720b94fe3255911aec43d7e5f34",6,0,6,19,0,0.315789473684211
"binary_sparse_n300_t01_r0037","binary","sparse","paper_adjusted",300,1000,1.3,37,80453475,"MLFDR",0.05,"ok",TRUE,0.389999999999986,"","","b6b774aa05f4284a894c0ed4cb45799f",12,0,12,19,0,0.631578947368421
"linear_dense_n300_t01_r0037","linear","dense","paper_adjusted",300,1000,1.3,37,223839204,"HDMT",0.05,"ok",TRUE,0.00999999999999091,"ties should not be present for the one-sample Kolmogorov-Smirnov test","","77382a479ceb7a7794e5030c1fc4b08c",82,3,79,203,0.0365853658536585,0.389162561576355
"linear_dense_n300_t01_r0037","linear","dense","paper_adjusted",300,1000,1.3,37,223839204,"MDACT",0.05,"ok",TRUE,0.0200000000000387,"ties should not be present for the one-sample Kolmogorov-Smirnov test","","40ceea111480e051cbf8a1bca6463e18",91,5,86,203,0.0549450549450549,0.423645320197044
"linear_dense_n300_t01_r0037","linear","dense","paper_adjusted",300,1000,1.3,37,223839204,"MLFDR",0.05,"ok",TRUE,0.29000000000002,"","","6dcd67f098c799b61e2d2ecd84c856e2",142,10,132,203,0.0704225352112676,0.650246305418719
"confounded_dense_n300_t01_r0037","confounded","dense","paper_adjusted",300,1000,1.3,37,254229989,"HDMT",0.05,"ok",TRUE,0.0300000000000296,"ties should not be present for the one-sample Kolmogorov-Smirnov test","","6e7cc1bbe23edaa4350fba86e7af7c3d",88,2,86,184,0.0227272727272727,0.467391304347826
"confounded_dense_n300_t01_r0037","confounded","dense","paper_adjusted",300,1000,1.3,37,254229989,"MDACT",0.05,"ok",TRUE,0.00999999999999091,"ties should not be present for the one-sample Kolmogorov-Smirnov test","","a81ecf20f657f4f0b0ddba999bd93e65",104,2,102,184,0.0192307692307692,0.554347826086957
"confounded_dense_n300_t01_r0037","confounded","dense","paper_adjusted",300,1000,1.3,37,254229989,"MLFDR",0.05,"ok",TRUE,0.230000000000018,"","","f35b73172c6836e7853a173e8a34dab0",150,6,144,184,0.04,0.782608695652174
"binary_dense_n300_t01_r0037","binary","dense","paper_adjusted",300,1000,1.3,37,127186864,"HDMT",0.05,"ok",TRUE,0.0199999999999818,"","","9094e041cacb39e06d92b2cdfa255269",105,1,104,196,0.00952380952380952,0.530612244897959
"binary_dense_n300_t01_r0037","binary","dense","paper_adjusted",300,1000,1.3,37,127186864,"MDACT",0.05,"ok",TRUE,0.0100000000000477,"","","bc429f4f8a2e1ae804e2dd8e80ec5e00",115,2,113,196,0.0173913043478261,0.576530612244898
"binary_dense_n300_t01_r0037","binary","dense","paper_adjusted",300,1000,1.3,37,127186864,"MLFDR",0.05,"ok",TRUE,0.159999999999968,"","","4e947b2211a087b7120c7424da332384",153,3,150,196,0.0196078431372549,0.76530612244898
"linear_sparse_n300_t02_r0037","linear","sparse","paper_adjusted",300,1000,1.5,37,166047792,"HDMT",0.05,"ok",TRUE,0.00999999999999091,"ties should not be present for the one-sample Kolmogorov-Smirnov test","","882d2e8f9b3a994c00dab6affc146267",9,0,9,19,0,0.473684210526316
"linear_sparse_n300_t02_r0037","linear","sparse","paper_adjusted",300,1000,1.5,37,166047792,"MDACT",0.05,"ok",TRUE,0,"ties should not be present for the one-sample Kolmogorov-Smirnov test","","7f661427b2de607acd16cadab7827fc0",10,0,10,19,0,0.526315789473684
"linear_sparse_n300_t02_r0037","linear","sparse","paper_adjusted",300,1000,1.5,37,166047792,"MLFDR",0.05,"ok",TRUE,0.109999999999957,"","","92ac0baf2414e463bf1f324ff6a74dc5",16,0,16,19,0,0.842105263157895
"confounded_sparse_n300_t02_r0037","confounded","sparse","paper_adjusted",300,1000,1.5,37,74429435,"HDMT",0.05,"ok",TRUE,0.0300000000000296,"ties should not be present for the one-sample Kolmogorov-Smirnov test","","a36d7a42910caf2d551ca8eb0b3d558b",3,1,2,17,0.333333333333333,0.117647058823529
"confounded_sparse_n300_t02_r0037","confounded","sparse","paper_adjusted",300,1000,1.5,37,74429435,"MDACT",0.05,"ok",TRUE,0.00999999999999091,"ties should not be present for the one-sample Kolmogorov-Smirnov test","","823345af268ba90c6d6ea83ad4d6ff48",1,0,1,17,0,0.0588235294117647
"confounded_sparse_n300_t02_r0037","confounded","sparse","paper_adjusted",300,1000,1.5,37,74429435,"MLFDR",0.05,"ok",TRUE,0.310000000000002,"","","6fcc199f048cb40bcab0946ee91ca80e",4,0,4,17,0,0.235294117647059
"binary_sparse_n300_t02_r0037","binary","sparse","paper_adjusted",300,1000,1.5,37,255489545,"HDMT",0.05,"ok",TRUE,0.00999999999999091,"","","b13ddf1ea3e7bbd4ddd90a182a75e360",6,0,6,16,0,0.375
"binary_sparse_n300_t02_r0037","binary","sparse","paper_adjusted",300,1000,1.5,37,255489545,"MDACT",0.05,"ok",TRUE,0,"","","f361120e6c9ec7bc46c89e7bbcc4c174",7,0,7,16,0,0.4375
"binary_sparse_n300_t02_r0037","binary","sparse","paper_adjusted",300,1000,1.5,37,255489545,"MLFDR",0.05,"ok",TRUE,0.199999999999989,"","","8fa1cc0cc161dfc2d6991d22c96e14b8",10,0,10,16,0,0.625
"linear_dense_n300_t02_r0037","linear","dense","paper_adjusted",300,1000,1.5,37,204293582,"HDMT",0.05,"ok",TRUE,0.0199999999999818,"ties should not be present for the one-sample Kolmogorov-Smirnov test","","c3e591c3ab2709868b9e9bcf1e002bc1",66,1,65,205,0.0151515151515152,0.317073170731707
"linear_dense_n300_t02_r0037","linear","dense","paper_adjusted",300,1000,1.5,37,204293582,"MDACT",0.05,"ok",TRUE,0.0200000000000387,"ties should not be present for the one-sample Kolmogorov-Smirnov test","","b766243a07e6b2e8ddea5af982a73693",79,1,78,205,0.0126582278481013,0.380487804878049
"linear_dense_n300_t02_r0037","linear","dense","paper_adjusted",300,1000,1.5,37,204293582,"MLFDR",0.05,"ok",TRUE,0.28000000000003,"","","9857cd65a45601ad1454f46af4c35bd7",139,2,137,205,0.0143884892086331,0.668292682926829
"confounded_dense_n300_t02_r0037","confounded","dense","paper_adjusted",300,1000,1.5,37,99407983,"HDMT",0.05,"ok",TRUE,0.0199999999999818,"ties should not be present for the one-sample Kolmogorov-Smirnov test","","357f951e41eea795b9883c6f363e83fe",149,5,144,215,0.0335570469798658,0.669767441860465
"confounded_dense_n300_t02_r0037","confounded","dense","paper_adjusted",300,1000,1.5,37,99407983,"MDACT",0.05,"ok",TRUE,0,"ties should not be present for the one-sample Kolmogorov-Smirnov test","","009bfba2471754ec289eb03e3934a8ed",166,9,157,215,0.0542168674698795,0.730232558139535
"confounded_dense_n300_t02_r0037","confounded","dense","paper_adjusted",300,1000,1.5,37,99407983,"MLFDR",0.05,"ok",TRUE,0.20999999999998,"","","f7abf36434249b34f9116764c90fa5f5",205,15,190,215,0.0731707317073171,0.883720930232558
"binary_dense_n300_t02_r0037","binary","dense","paper_adjusted",300,1000,1.5,37,225964774,"HDMT",0.05,"ok",TRUE,0.0299999999999727,"","","a653bec29b2e7c25a9db8980dc55e4e4",134,3,131,195,0.0223880597014925,0.671794871794872
"binary_dense_n300_t02_r0037","binary","dense","paper_adjusted",300,1000,1.5,37,225964774,"MDACT",0.05,"ok",TRUE,0,"","","6b713980f329b539b0c933567918b490",140,3,137,195,0.0214285714285714,0.702564102564103
"binary_dense_n300_t02_r0037","binary","dense","paper_adjusted",300,1000,1.5,37,225964774,"MLFDR",0.05,"ok",TRUE,0.170000000000016,"","","e89d6e4bc539f558ce6d1fda8099dcc8",172,3,169,195,0.0174418604651163,0.866666666666667
"linear_sparse_n300_t03_r0037","linear","sparse","paper_adjusted",300,1000,1.9,37,195418704,"HDMT",0.05,"ok",TRUE,0.0400000000000205,"ties should not be present for the one-sample Kolmogorov-Smirnov test","","14b5cddd8021ae3dbf11130926d67266",21,3,18,23,0.142857142857143,0.782608695652174
"linear_sparse_n300_t03_r0037","linear","sparse","paper_adjusted",300,1000,1.9,37,195418704,"MDACT",0.05,"ok",TRUE,0.0199999999999818,"ties should not be present for the one-sample Kolmogorov-Smirnov test","","f7d44398153e00f74d2ec7b06f589c11",21,3,18,23,0.142857142857143,0.782608695652174
"linear_sparse_n300_t03_r0037","linear","sparse","paper_adjusted",300,1000,1.9,37,195418704,"MLFDR",0.05,"ok",TRUE,0.0999999999999659,"","","91a52f05fbfcd8b9e46c4fafec4e8614",23,2,21,23,0.0869565217391304,0.91304347826087
"confounded_sparse_n300_t03_r0037","confounded","sparse","paper_adjusted",300,1000,1.9,37,49444096,"HDMT",0.05,"ok",TRUE,0.0199999999999818,"ties should not be present for the one-sample Kolmogorov-Smirnov test","","1ba69aa587eaeeb684025b67d1aa7fd4",19,1,18,25,0.0526315789473684,0.72
"confounded_sparse_n300_t03_r0037","confounded","sparse","paper_adjusted",300,1000,1.9,37,49444096,"MDACT",0.05,"ok",TRUE,0,"ties should not be present for the one-sample Kolmogorov-Smirnov test","","3f3fa60fcf6251051a9efa133320d65c",22,2,20,25,0.0909090909090909,0.8
"confounded_sparse_n300_t03_r0037","confounded","sparse","paper_adjusted",300,1000,1.9,37,49444096,"MLFDR",0.05,"ok",TRUE,0.089999999999975,"","","363aeb07d00f6a7a2e823662f2baae32",24,1,23,25,0.0416666666666667,0.92
"binary_sparse_n300_t03_r0037","binary","sparse","paper_adjusted",300,1000,1.9,37,160239099,"HDMT",0.05,"ok",TRUE,0.0299999999999727,"","","a7a6d498702d074e7e75f0a679ebf53e",8,0,8,15,0,0.533333333333333
"binary_sparse_n300_t03_r0037","binary","sparse","paper_adjusted",300,1000,1.9,37,160239099,"MDACT",0.05,"ok",TRUE,0,"","","8efc4a73f52ab8047d04a6dd5a3a7003",6,0,6,15,0,0.4
"binary_sparse_n300_t03_r0037","binary","sparse","paper_adjusted",300,1000,1.9,37,160239099,"MLFDR",0.05,"ok",TRUE,0.120000000000005,"","","f5afa785d436032d610435a643e6f353",11,0,11,15,0,0.733333333333333
"linear_dense_n300_t03_r0037","linear","dense","paper_adjusted",300,1000,1.9,37,224549121,"HDMT",0.05,"ok",TRUE,0.0300000000000296,"ties should not be present for the one-sample Kolmogorov-Smirnov test","","d7c6d5442a9fca52c5d139566fcb0994",165,7,158,178,0.0424242424242424,0.887640449438202
"linear_dense_n300_t03_r0037","linear","dense","paper_adjusted",300,1000,1.9,37,224549121,"MDACT",0.05,"ok",TRUE,0.00999999999999091,"ties should not be present for the one-sample Kolmogorov-Smirnov test","","ab79e1748d2d19bf6b91b16e3d163a04",165,7,158,178,0.0424242424242424,0.887640449438202
"linear_dense_n300_t03_r0037","linear","dense","paper_adjusted",300,1000,1.9,37,224549121,"MLFDR",0.05,"ok",TRUE,0.120000000000005,"","","eec6dafa0b0c72459f3cf2902613f5c4",178,6,172,178,0.0337078651685393,0.966292134831461
"confounded_dense_n300_t03_r0037","confounded","dense","paper_adjusted",300,1000,1.9,37,240233280,"HDMT",0.05,"ok",TRUE,0.0300000000000296,"ties should not be present for the one-sample Kolmogorov-Smirnov test","","37e47cc82a5ef26df7c53cc5d1de9d3f",150,5,145,212,0.0333333333333333,0.683962264150943
"confounded_dense_n300_t03_r0037","confounded","dense","paper_adjusted",300,1000,1.9,37,240233280,"MDACT",0.05,"ok",TRUE,0.0199999999999818,"ties should not be present for the one-sample Kolmogorov-Smirnov test","","5a777edb34b374f47a78fce5927f4314",158,4,154,212,0.0253164556962025,0.726415094339623
"confounded_dense_n300_t03_r0037","confounded","dense","paper_adjusted",300,1000,1.9,37,240233280,"MLFDR",0.05,"ok",TRUE,0.169999999999959,"","","a8ffbb74f44979f909d414da8e60627c",207,11,196,212,0.0531400966183575,0.924528301886792
"binary_dense_n300_t03_r0037","binary","dense","paper_adjusted",300,1000,1.9,37,262157219,"HDMT",0.05,"ok",TRUE,0.0300000000000296,"","","d2ceb28dea6034d25b3246bd05191631",186,11,175,189,0.0591397849462366,0.925925925925926
"binary_dense_n300_t03_r0037","binary","dense","paper_adjusted",300,1000,1.9,37,262157219,"MDACT",0.05,"ok",TRUE,0.00999999999999091,"","","266a3ea35b2555a35761279453e5ce46",185,10,175,189,0.0540540540540541,0.925925925925926
"binary_dense_n300_t03_r0037","binary","dense","paper_adjusted",300,1000,1.9,37,262157219,"MLFDR",0.05,"ok",TRUE,0.129999999999995,"","","eefd54e9dcdb6728c7f2e7a5835fe562",191,5,186,189,0.0261780104712042,0.984126984126984
"linear_sparse_n300_t01_r0038","linear","sparse","paper_adjusted",300,1000,1.3,38,7316853,"HDMT",0.05,"ok",TRUE,0.0199999999999818,"ties should not be present for the one-sample Kolmogorov-Smirnov test","","ad276ecf90d3f5d8666d68a95600a8c4",4,0,4,16,0,0.25
"linear_sparse_n300_t01_r0038","linear","sparse","paper_adjusted",300,1000,1.3,38,7316853,"MDACT",0.05,"ok",TRUE,0,"ties should not be present for the one-sample Kolmogorov-Smirnov test","","6c850f4c737f66c252c5e67f8098cd0e",4,0,4,16,0,0.25
"linear_sparse_n300_t01_r0038","linear","sparse","paper_adjusted",300,1000,1.3,38,7316853,"MLFDR",0.05,"ok",TRUE,0.269999999999982,"","","3da0b617019ba5b6bb16e658a0d1ceb6",8,0,8,16,0,0.5
"confounded_sparse_n300_t01_r0038","confounded","sparse","paper_adjusted",300,1000,1.3,38,152513465,"HDMT",0.05,"ok",TRUE,0.0300000000000296,"ties should not be present for the one-sample Kolmogorov-Smirnov test","","a3af29c2b5a4714dd88d0dadcbfd3722",0,0,0,13,0,0
"confounded_sparse_n300_t01_r0038","confounded","sparse","paper_adjusted",300,1000,1.3,38,152513465,"MDACT",0.05,"ok",TRUE,0,"ties should not be present for the one-sample Kolmogorov-Smirnov test","","6c0ecd2367efc6b5a5c52d275b12562e",1,0,1,13,0,0.0769230769230769
"confounded_sparse_n300_t01_r0038","confounded","sparse","paper_adjusted",300,1000,1.3,38,152513465,"MLFDR",0.05,"ok",TRUE,0.29000000000002,"","","fb31e3b6c344b18e8fa10bdda1951ae0",2,0,2,13,0,0.153846153846154
"binary_sparse_n300_t01_r0038","binary","sparse","paper_adjusted",300,1000,1.3,38,2837002,"HDMT",0.05,"ok",TRUE,0.0300000000000296,"","","12859e54967c254c249d01848badfc10",1,0,1,23,0,0.0434782608695652
"binary_sparse_n300_t01_r0038","binary","sparse","paper_adjusted",300,1000,1.3,38,2837002,"MDACT",0.05,"ok",TRUE,0.00999999999999091,"","","4b8f7a22dc97ef34f1bcbb37b6591f8e",3,0,3,23,0,0.130434782608696
"binary_sparse_n300_t01_r0038","binary","sparse","paper_adjusted",300,1000,1.3,38,2837002,"MLFDR",0.05,"ok",TRUE,0.229999999999961,"","","29924dcdf677c6525b3a471ac598810f",8,0,8,23,0,0.347826086956522
"linear_dense_n300_t01_r0038","linear","dense","paper_adjusted",300,1000,1.3,38,142665865,"HDMT",0.05,"ok",TRUE,0.0399999999999636,"ties should not be present for the one-sample Kolmogorov-Smirnov test","","4165a61be28e81384cc7bc91d53686b3",39,0,39,182,0,0.214285714285714
"linear_dense_n300_t01_r0038","linear","dense","paper_adjusted",300,1000,1.3,38,142665865,"MDACT",0.05,"ok",TRUE,0,"ties should not be present for the one-sample Kolmogorov-Smirnov test","","9fffffbf328c314ff4c41c77e4d4b3e9",70,3,67,182,0.0428571428571429,0.368131868131868
"linear_dense_n300_t01_r0038","linear","dense","paper_adjusted",300,1000,1.3,38,142665865,"MLFDR",0.05,"ok",TRUE,0.5,"","","1a2a971de248d7f8f04cc8b66a88747d",100,3,97,182,0.03,0.532967032967033
"confounded_dense_n300_t01_r0038","confounded","dense","paper_adjusted",300,1000,1.3,38,198231047,"HDMT",0.05,"ok",TRUE,0.0300000000000296,"ties should not be present for the one-sample Kolmogorov-Smirnov test","","5d4bd5c1021c099ac0ff98b827c99d2a",106,4,102,196,0.0377358490566038,0.520408163265306
"confounded_dense_n300_t01_r0038","confounded","dense","paper_adjusted",300,1000,1.3,38,198231047,"MDACT",0.05,"ok",TRUE,0,"ties should not be present for the one-sample Kolmogorov-Smirnov test","","fea29c5e8f896c2738bba30590c24669",109,4,105,196,0.036697247706422,0.535714285714286
"confounded_dense_n300_t01_r0038","confounded","dense","paper_adjusted",300,1000,1.3,38,198231047,"MLFDR",0.05,"ok",TRUE,0.199999999999989,"","","4cbb3657a8184b78fdf09f246dbc5af8",150,7,143,196,0.0466666666666667,0.729591836734694
"binary_dense_n300_t01_r0038","binary","dense","paper_adjusted",300,1000,1.3,38,227911989,"HDMT",0.05,"ok",TRUE,0.00999999999999091,"","","d9f819632b905a33bebe1b78f64d9ef4",50,1,49,195,0.02,0.251282051282051
"binary_dense_n300_t01_r0038","binary","dense","paper_adjusted",300,1000,1.3,38,227911989,"MDACT",0.05,"ok",TRUE,0,"","","a4139cf72107f5c6d76afa37f408f692",71,2,69,195,0.028169014084507,0.353846153846154
"binary_dense_n300_t01_r0038","binary","dense","paper_adjusted",300,1000,1.3,38,227911989,"MLFDR",0.05,"ok",TRUE,0.329999999999984,"","","9c59eadd35175a3aa6cfeb761f25950f",111,5,106,195,0.045045045045045,0.543589743589744
"linear_sparse_n300_t02_r0038","linear","sparse","paper_adjusted",300,1000,1.5,38,54670366,"HDMT",0.05,"ok",TRUE,0.00999999999999091,"ties should not be present for the one-sample Kolmogorov-Smirnov test","","b439579b2f8978006b7659749ff75d68",10,0,10,15,0,0.666666666666667
"linear_sparse_n300_t02_r0038","linear","sparse","paper_adjusted",300,1000,1.5,38,54670366,"MDACT",0.05,"ok",TRUE,0,"ties should not be present for the one-sample Kolmogorov-Smirnov test","","b45e5634937da1785f240a56ef7c8434",10,0,10,15,0,0.666666666666667
"linear_sparse_n300_t02_r0038","linear","sparse","paper_adjusted",300,1000,1.5,38,54670366,"MLFDR",0.05,"ok",TRUE,0.220000000000027,"","","80b4e8c5d793153c5ffa878f566ec87d",14,0,14,15,0,0.933333333333333
"confounded_sparse_n300_t02_r0038","confounded","sparse","paper_adjusted",300,1000,1.5,38,173582133,"HDMT",0.05,"ok",TRUE,0.0199999999999818,"ties should not be present for the one-sample Kolmogorov-Smirnov test","","de7c715fc7c2933490c2e2986f171729",4,0,4,13,0,0.307692307692308
"confounded_sparse_n300_t02_r0038","confounded","sparse","paper_adjusted",300,1000,1.5,38,173582133,"MDACT",0.05,"ok",TRUE,0,"ties should not be present for the one-sample Kolmogorov-Smirnov test","","40c5024712895d70e18f924945056d6f",4,0,4,13,0,0.307692307692308
"confounded_sparse_n300_t02_r0038","confounded","sparse","paper_adjusted",300,1000,1.5,38,173582133,"MLFDR",0.05,"ok",TRUE,0.200000000000045,"","","655bdb5e9747c854a99058f577436c04",7,0,7,13,0,0.538461538461538
"binary_sparse_n300_t02_r0038","binary","sparse","paper_adjusted",300,1000,1.5,38,136518747,"HDMT",0.05,"ok",TRUE,0.0300000000000296,"","","50eca7e99ea3a7c4fa7d579cebd5b44f",5,0,5,21,0,0.238095238095238
"binary_sparse_n300_t02_r0038","binary","sparse","paper_adjusted",300,1000,1.5,38,136518747,"MDACT",0.05,"ok",TRUE,0,"","","2c16ca27910cf941c0c3c607322449c2",3,0,3,21,0,0.142857142857143
"binary_sparse_n300_t02_r0038","binary","sparse","paper_adjusted",300,1000,1.5,38,136518747,"MLFDR",0.05,"ok",TRUE,0.310000000000002,"","","6f963ce5d18ed71aac87f4902b9586f0",8,0,8,21,0,0.380952380952381
"linear_dense_n300_t02_r0038","linear","dense","paper_adjusted",300,1000,1.5,38,41083048,"HDMT",0.05,"ok",TRUE,0.0299999999999727,"ties should not be present for the one-sample Kolmogorov-Smirnov test","","539d302109d9ce48a8449b28dde2bd71",135,4,131,204,0.0296296296296296,0.642156862745098
"linear_dense_n300_t02_r0038","linear","dense","paper_adjusted",300,1000,1.5,38,41083048,"MDACT",0.05,"ok",TRUE,0.0199999999999818,"ties should not be present for the one-sample Kolmogorov-Smirnov test","","844d60d5eda6ba45eb3353fe2dff4748",141,5,136,204,0.0354609929078014,0.666666666666667
"linear_dense_n300_t02_r0038","linear","dense","paper_adjusted",300,1000,1.5,38,41083048,"MLFDR",0.05,"ok",TRUE,0.240000000000009,"","","ba0384568796807f5d44e89a09955bdf",188,13,175,204,0.0691489361702128,0.857843137254902
"confounded_dense_n300_t02_r0038","confounded","dense","paper_adjusted",300,1000,1.5,38,184750723,"HDMT",0.05,"ok",TRUE,0.00999999999999091,"ties should not be present for the one-sample Kolmogorov-Smirnov test","","c4effaa5c6cc8e3ff0f0867b521c53a0",105,0,105,194,0,0.541237113402062
"confounded_dense_n300_t02_r0038","confounded","dense","paper_adjusted",300,1000,1.5,38,184750723,"MDACT",0.05,"ok",TRUE,0,"ties should not be present for the one-sample Kolmogorov-Smirnov test","","7e9677df3d1a49cd3cc0007cf637f6e4",125,3,122,194,0.024,0.628865979381443
"confounded_dense_n300_t02_r0038","confounded","dense","paper_adjusted",300,1000,1.5,38,184750723,"MLFDR",0.05,"ok",TRUE,0.139999999999986,"","","dbb2b986e3eed61e587f934a817415d3",162,6,156,194,0.037037037037037,0.804123711340206
"binary_dense_n300_t02_r0038","binary","dense","paper_adjusted",300,1000,1.5,38,170862967,"HDMT",0.05,"ok",TRUE,0.0299999999999727,"","","f440e9da8d06ee9fb68c450b7eb97bf7",153,9,144,212,0.0588235294117647,0.679245283018868
"binary_dense_n300_t02_r0038","binary","dense","paper_adjusted",300,1000,1.5,38,170862967,"MDACT",0.05,"ok",TRUE,0,"","","eb6e48ddaf51adaf0ab697a986e2e18e",170,11,159,212,0.0647058823529412,0.75
"binary_dense_n300_t02_r0038","binary","dense","paper_adjusted",300,1000,1.5,38,170862967,"MLFDR",0.05,"ok",TRUE,0.220000000000027,"","","5cf3661e629345c1376e4c4fed5893c6",199,7,192,212,0.0351758793969849,0.905660377358491
"linear_sparse_n300_t03_r0038","linear","sparse","paper_adjusted",300,1000,1.9,38,198834079,"HDMT",0.05,"ok",TRUE,0.00999999999999091,"ties should not be present for the one-sample Kolmogorov-Smirnov test","","f283d1f2ae41483a500ad709dac3806d",13,0,13,19,0,0.684210526315789
"linear_sparse_n300_t03_r0038","linear","sparse","paper_adjusted",300,1000,1.9,38,198834079,"MDACT",0.05,"ok",TRUE,0,"ties should not be present for the one-sample Kolmogorov-Smirnov test","","e8427493a83f4dfbe810a7a5ffe19be2",15,0,15,19,0,0.789473684210526
"linear_sparse_n300_t03_r0038","linear","sparse","paper_adjusted",300,1000,1.9,38,198834079,"MLFDR",0.05,"ok",TRUE,0.150000000000034,"","","45a96eb82fa10b31571ea8385a9b87a3",16,1,15,19,0.0625,0.789473684210526
"confounded_sparse_n300_t03_r0038","confounded","sparse","paper_adjusted",300,1000,1.9,38,79500548,"HDMT",0.05,"ok",TRUE,0.0299999999999727,"ties should not be present for the one-sample Kolmogorov-Smirnov test","","b94fbc4735d7368ba8bcbbc7699661a0",24,0,24,26,0,0.923076923076923
"confounded_sparse_n300_t03_r0038","confounded","sparse","paper_adjusted",300,1000,1.9,38,79500548,"MDACT",0.05,"ok",TRUE,0.0199999999999818,"ties should not be present for the one-sample Kolmogorov-Smirnov test","","20ce4dbb8ec51fa36bf471b2974b80e9",24,0,24,26,0,0.923076923076923
"confounded_sparse_n300_t03_r0038","confounded","sparse","paper_adjusted",300,1000,1.9,38,79500548,"MLFDR",0.05,"ok",TRUE,0.180000000000007,"","","7f171dbda9d325c9a9b447653fe65f37",26,1,25,26,0.0384615384615385,0.961538461538462
"binary_sparse_n300_t03_r0038","binary","sparse","paper_adjusted",300,1000,1.9,38,124870292,"HDMT",0.05,"ok",TRUE,0.0100000000000477,"","","8c83fd8d8033aad8464b1c0bf4bd351e",16,3,13,18,0.1875,0.722222222222222
"binary_sparse_n300_t03_r0038","binary","sparse","paper_adjusted",300,1000,1.9,38,124870292,"MDACT",0.05,"ok",TRUE,0,"","","5a99217523bece943433277bcec07963",17,4,13,18,0.235294117647059,0.722222222222222
"binary_sparse_n300_t03_r0038","binary","sparse","paper_adjusted",300,1000,1.9,38,124870292,"MLFDR",0.05,"ok",TRUE,0.139999999999986,"","","3f9c863ce7f476dd0bde5fdee0cdf178",16,2,14,18,0.125,0.777777777777778
"linear_dense_n300_t03_r0038","linear","dense","paper_adjusted",300,1000,1.9,38,258094647,"HDMT",0.05,"ok",TRUE,0.00999999999999091,"ties should not be present for the one-sample Kolmogorov-Smirnov test","","ef6eff2b3644325081b5fd08bdd1b2d5",160,8,152,193,0.05,0.787564766839378
"linear_dense_n300_t03_r0038","linear","dense","paper_adjusted",300,1000,1.9,38,258094647,"MDACT",0.05,"ok",TRUE,0.0500000000000114,"ties should not be present for the one-sample Kolmogorov-Smirnov test","","d31e6c764459e3e3fa23bf7c0c3753ed",162,7,155,193,0.0432098765432099,0.803108808290155
"linear_dense_n300_t03_r0038","linear","dense","paper_adjusted",300,1000,1.9,38,258094647,"MLFDR",0.05,"ok",TRUE,0.170000000000016,"","","7fee1f8f8e9e8b54933beadfac72dc11",200,12,188,193,0.06,0.974093264248705
"confounded_dense_n300_t03_r0038","confounded","dense","paper_adjusted",300,1000,1.9,38,225566576,"HDMT",0.05,"ok",TRUE,0.0300000000000296,"ties should not be present for the one-sample Kolmogorov-Smirnov test","","4211a41fd22365a9d1e305e7202700b3",193,7,186,215,0.0362694300518135,0.865116279069767
"confounded_dense_n300_t03_r0038","confounded","dense","paper_adjusted",300,1000,1.9,38,225566576,"MDACT",0.05,"ok",TRUE,0.00999999999999091,"ties should not be present for the one-sample Kolmogorov-Smirnov test","","aadc7809b2689b7d7086cd56581527df",198,10,188,215,0.0505050505050505,0.874418604651163
"confounded_dense_n300_t03_r0038","confounded","dense","paper_adjusted",300,1000,1.9,38,225566576,"MLFDR",0.05,"ok",TRUE,0.160000000000025,"","","af47448262d0e1476a29a708f4b7a306",223,13,210,215,0.0582959641255605,0.976744186046512
"binary_dense_n300_t03_r0038","binary","dense","paper_adjusted",300,1000,1.9,38,217906577,"HDMT",0.05,"ok",TRUE,0.0199999999999818,"","","df2f7aed5d98e6216d4f7b9014086bdb",167,9,158,188,0.0538922155688623,0.840425531914894
"binary_dense_n300_t03_r0038","binary","dense","paper_adjusted",300,1000,1.9,38,217906577,"MDACT",0.05,"ok",TRUE,0.0200000000000387,"","","ffe4ca8ccb12377a0e2da02ec7d4277f",171,10,161,188,0.0584795321637427,0.856382978723404
"binary_dense_n300_t03_r0038","binary","dense","paper_adjusted",300,1000,1.9,38,217906577,"MLFDR",0.05,"ok",TRUE,0.100000000000023,"","","2a7854ce84aec407ac245fafbad1b7b8",183,5,178,188,0.0273224043715847,0.946808510638298
"linear_sparse_n300_t01_r0039","linear","sparse","paper_adjusted",300,1000,1.3,39,169996550,"HDMT",0.05,"ok",TRUE,0.0300000000000296,"ties should not be present for the one-sample Kolmogorov-Smirnov test","","1e5925ca6a7cb80b0b06666a00f1fd0b",6,0,6,23,0,0.260869565217391
"linear_sparse_n300_t01_r0039","linear","sparse","paper_adjusted",300,1000,1.3,39,169996550,"MDACT",0.05,"ok",TRUE,0,"ties should not be present for the one-sample Kolmogorov-Smirnov test","","425244e74eb7fe8a082fa227437338bd",6,0,6,23,0,0.260869565217391
"linear_sparse_n300_t01_r0039","linear","sparse","paper_adjusted",300,1000,1.3,39,169996550,"MLFDR",0.05,"ok",TRUE,0.189999999999998,"","","483e0ebadc9c5dcd76fc46077843d75a",14,1,13,23,0.0714285714285714,0.565217391304348
"confounded_sparse_n300_t01_r0039","confounded","sparse","paper_adjusted",300,1000,1.3,39,255517092,"HDMT",0.05,"ok",TRUE,0.0399999999999636,"ties should not be present for the one-sample Kolmogorov-Smirnov test","","98a1f6148345d996a1fdcc58e61c4fba",6,0,6,23,0,0.260869565217391
"confounded_sparse_n300_t01_r0039","confounded","sparse","paper_adjusted",300,1000,1.3,39,255517092,"MDACT",0.05,"ok",TRUE,0.0200000000000387,"ties should not be present for the one-sample Kolmogorov-Smirnov test","","70a386a39a4e0c76180bd958ed6a859d",8,0,8,23,0,0.347826086956522
"confounded_sparse_n300_t01_r0039","confounded","sparse","paper_adjusted",300,1000,1.3,39,255517092,"MLFDR",0.05,"ok",TRUE,0.300000000000011,"","","61ad0ff2296383399c1d6302fa5c146c",15,2,13,23,0.133333333333333,0.565217391304348
"binary_sparse_n300_t01_r0039","binary","sparse","paper_adjusted",300,1000,1.3,39,233653561,"HDMT",0.05,"ok",TRUE,0.00999999999999091,"","","7f4d08de4ef8b39a0b1940e571ae8713",2,0,2,19,0,0.105263157894737
"binary_sparse_n300_t01_r0039","binary","sparse","paper_adjusted",300,1000,1.3,39,233653561,"MDACT",0.05,"ok",TRUE,0.00999999999999091,"","","21c1c392cf3f06df097e516839ca5cf2",2,0,2,19,0,0.105263157894737
"binary_sparse_n300_t01_r0039","binary","sparse","paper_adjusted",300,1000,1.3,39,233653561,"MLFDR",0.05,"ok",TRUE,0.330000000000041,"","","4a1ec519e3c50ed5a91d4e623f1abefe",6,0,6,19,0,0.315789473684211
"linear_dense_n300_t01_r0039","linear","dense","paper_adjusted",300,1000,1.3,39,113165513,"HDMT",0.05,"ok",TRUE,0.0300000000000296,"ties should not be present for the one-sample Kolmogorov-Smirnov test","","349f3f7941b1bb85e900843265129fd3",88,3,85,209,0.0340909090909091,0.406698564593301
"linear_dense_n300_t01_r0039","linear","dense","paper_adjusted",300,1000,1.3,39,113165513,"MDACT",0.05,"ok",TRUE,0.00999999999999091,"ties should not be present for the one-sample Kolmogorov-Smirnov test","","47dee6fe04ca39e3c65beac750e0b3b2",99,4,95,209,0.0404040404040404,0.454545454545455
"linear_dense_n300_t01_r0039","linear","dense","paper_adjusted",300,1000,1.3,39,113165513,"MLFDR",0.05,"ok",TRUE,0.28000000000003,"","","87465f7f5c3e1bbcb16ae4d00446df2a",157,5,152,209,0.0318471337579618,0.727272727272727
"confounded_dense_n300_t01_r0039","confounded","dense","paper_adjusted",300,1000,1.3,39,28945394,"HDMT",0.05,"ok",TRUE,0.0300000000000296,"ties should not be present for the one-sample Kolmogorov-Smirnov test","","04a1f8fb30c142f6cd373dd590818358",65,3,62,177,0.0461538461538462,0.350282485875706
"confounded_dense_n300_t01_r0039","confounded","dense","paper_adjusted",300,1000,1.3,39,28945394,"MDACT",0.05,"ok",TRUE,0.00999999999999091,"ties should not be present for the one-sample Kolmogorov-Smirnov test","","3c20b1c147b4e2091754a2ecead6a077",87,6,81,177,0.0689655172413793,0.457627118644068
"confounded_dense_n300_t01_r0039","confounded","dense","paper_adjusted",300,1000,1.3,39,28945394,"MLFDR",0.05,"ok",TRUE,0.260000000000048,"","","8aa9194588a09848082d5dc6f84b651c",120,6,114,177,0.05,0.644067796610169
"binary_dense_n300_t01_r0039","binary","dense","paper_adjusted",300,1000,1.3,39,43600941,"HDMT",0.05,"ok",TRUE,0.0400000000000205,"","","412976a30f5bbe56a731031745eea616",107,3,104,203,0.0280373831775701,0.512315270935961
"binary_dense_n300_t01_r0039","binary","dense","paper_adjusted",300,1000,1.3,39,43600941,"MDACT",0.05,"ok",TRUE,0,"","","4abd2339d6cc50ddfd15248e06d32844",121,5,116,203,0.0413223140495868,0.571428571428571
"binary_dense_n300_t01_r0039","binary","dense","paper_adjusted",300,1000,1.3,39,43600941,"MLFDR",0.05,"ok",TRUE,0.370000000000005,"","","aa78ad3e71225295df1fa65a78b52219",168,11,157,203,0.0654761904761905,0.773399014778325
"linear_sparse_n300_t02_r0039","linear","sparse","paper_adjusted",300,1000,1.5,39,217948898,"HDMT",0.05,"ok",TRUE,0.0300000000000296,"ties should not be present for the one-sample Kolmogorov-Smirnov test","","e34b90cad95a2fc8a0e5c0257babeac6",12,1,11,22,0.0833333333333333,0.5
"linear_sparse_n300_t02_r0039","linear","sparse","paper_adjusted",300,1000,1.5,39,217948898,"MDACT",0.05,"ok",TRUE,0.0199999999999818,"ties should not be present for the one-sample Kolmogorov-Smirnov test","","2e75f74ccdeb1a6d6dfde42dd3e8f9e5",13,1,12,22,0.0769230769230769,0.545454545454545
"linear_sparse_n300_t02_r0039","linear","sparse","paper_adjusted",300,1000,1.5,39,217948898,"MLFDR",0.05,"ok",TRUE,0.160000000000025,"","","f7109dad18badadbb292a7364ae654aa",15,0,15,22,0,0.681818181818182
"confounded_sparse_n300_t02_r0039","confounded","sparse","paper_adjusted",300,1000,1.5,39,54175939,"HDMT",0.05,"ok",TRUE,0.0299999999999727,"ties should not be present for the one-sample Kolmogorov-Smirnov test","","8cbb3b7bc2db60810e3221219641401e",19,1,18,24,0.0526315789473684,0.75
"confounded_sparse_n300_t02_r0039","confounded","sparse","paper_adjusted",300,1000,1.5,39,54175939,"MDACT",0.05,"ok",TRUE,0.0200000000000387,"ties should not be present for the one-sample Kolmogorov-Smirnov test","","757a9880e9ee329bd1d38f8030ecd6d0",14,0,14,24,0,0.583333333333333
"confounded_sparse_n300_t02_r0039","confounded","sparse","paper_adjusted",300,1000,1.5,39,54175939,"MLFDR",0.05,"ok",TRUE,0.149999999999977,"","","794674b8b8c6c513cce86404c2b9bfac",19,0,19,24,0,0.791666666666667
"binary_sparse_n300_t02_r0039","binary","sparse","paper_adjusted",300,1000,1.5,39,253060792,"HDMT",0.05,"ok",TRUE,0.00999999999999091,"","","7990c0bee703947f3868a7968f6ba6f1",16,1,15,22,0.0625,0.681818181818182
"binary_sparse_n300_t02_r0039","binary","sparse","paper_adjusted",300,1000,1.5,39,253060792,"MDACT",0.05,"ok",TRUE,0.00999999999999091,"","","d91925bf5efdec86daf300e8fe81b870",18,1,17,22,0.0555555555555556,0.772727272727273
"binary_sparse_n300_t02_r0039","binary","sparse","paper_adjusted",300,1000,1.5,39,253060792,"MLFDR",0.05,"ok",TRUE,0.109999999999957,"","","359b8cf5d3e6dc5e744508bd279f2603",21,1,20,22,0.0476190476190476,0.909090909090909
"linear_dense_n300_t02_r0039","linear","dense","paper_adjusted",300,1000,1.5,39,242687475,"HDMT",0.05,"ok",TRUE,0.0300000000000296,"ties should not be present for the one-sample Kolmogorov-Smirnov test","","b8c926d1f09b40e3f9ae2801c37ce63f",95,4,91,200,0.0421052631578947,0.455
"linear_dense_n300_t02_r0039","linear","dense","paper_adjusted",300,1000,1.5,39,242687475,"MDACT",0.05,"ok",TRUE,0,"ties should not be present for the one-sample Kolmogorov-Smirnov test","","9bf0dd49985555e76bb2e736291a1f4d",126,7,119,200,0.0555555555555556,0.595
"linear_dense_n300_t02_r0039","linear","dense","paper_adjusted",300,1000,1.5,39,242687475,"MLFDR",0.05,"ok",TRUE,0.25,"","","040bd7bf43f3a548f693a56547317006",175,11,164,200,0.0628571428571429,0.82
"confounded_dense_n300_t02_r0039","confounded","dense","paper_adjusted",300,1000,1.5,39,82116224,"HDMT",0.05,"ok",TRUE,0.0299999999999727,"ties should not be present for the one-sample Kolmogorov-Smirnov test","","29ae6963c82ef9e979f147829cc62244",126,0,126,228,0,0.552631578947368
"confounded_dense_n300_t02_r0039","confounded","dense","paper_adjusted",300,1000,1.5,39,82116224,"MDACT",0.05,"ok",TRUE,0.0199999999999818,"ties should not be present for the one-sample Kolmogorov-Smirnov test","","b1ff003bd3e223d394b00daa46a0fa73",138,1,137,228,0.0072463768115942,0.600877192982456
"confounded_dense_n300_t02_r0039","confounded","dense","paper_adjusted",300,1000,1.5,39,82116224,"MLFDR",0.05,"ok",TRUE,0.189999999999998,"","","ca76472c4891c8cd4431e17a69346c83",205,15,190,228,0.0731707317073171,0.833333333333333
"binary_dense_n300_t02_r0039","binary","dense","paper_adjusted",300,1000,1.5,39,138345566,"HDMT",0.05,"ok",TRUE,0.00999999999999091,"","","e25c56e03ad87a83658471d64662b2bd",115,7,108,183,0.0608695652173913,0.590163934426229
"binary_dense_n300_t02_r0039","binary","dense","paper_adjusted",300,1000,1.5,39,138345566,"MDACT",0.05,"ok",TRUE,0,"","","2d67e59af17a1d3cc8ed8cc2485ca42e",129,7,122,183,0.0542635658914729,0.666666666666667
"binary_dense_n300_t02_r0039","binary","dense","paper_adjusted",300,1000,1.5,39,138345566,"MLFDR",0.05,"ok",TRUE,0.210000000000036,"","","7b4a32473a0adfc3060397e99ad36e46",151,2,149,183,0.0132450331125828,0.814207650273224
"linear_sparse_n300_t03_r0039","linear","sparse","paper_adjusted",300,1000,1.9,39,153068488,"HDMT",0.05,"ok",TRUE,0.0299999999999727,"ties should not be present for the one-sample Kolmogorov-Smirnov test","","087cef7f45f07fa086defd2c53d2eeb6",21,3,18,19,0.142857142857143,0.947368421052632
"linear_sparse_n300_t03_r0039","linear","sparse","paper_adjusted",300,1000,1.9,39,153068488,"MDACT",0.05,"ok",TRUE,0.0200000000000387,"ties should not be present for the one-sample Kolmogorov-Smirnov test","","c613e4a2627a16b61f5907c51ac8a5f0",18,0,18,19,0,0.947368421052632
"linear_sparse_n300_t03_r0039","linear","sparse","paper_adjusted",300,1000,1.9,39,153068488,"MLFDR",0.05,"ok",TRUE,0.139999999999986,"","","0324aba898a681e4c5884fa3fd161f0f",19,1,18,19,0.0526315789473684,0.947368421052632
"confounded_sparse_n300_t03_r0039","confounded","sparse","paper_adjusted",300,1000,1.9,39,47425897,"HDMT",0.05,"ok",TRUE,0.0199999999999818,"ties should not be present for the one-sample Kolmogorov-Smirnov test","","626925f7cf3d4dc66096db427da7432f",12,1,11,16,0.0833333333333333,0.6875
"confounded_sparse_n300_t03_r0039","confounded","sparse","paper_adjusted",300,1000,1.9,39,47425897,"MDACT",0.05,"ok",TRUE,0,"ties should not be present for the one-sample Kolmogorov-Smirnov test","","385e8b894217283af0651117801c78ae",12,1,11,16,0.0833333333333333,0.6875
"confounded_sparse_n300_t03_r0039","confounded","sparse","paper_adjusted",300,1000,1.9,39,47425897,"MLFDR",0.05,"ok",TRUE,0.110000000000014,"","","aa1e8efaf25ee9086846dc1b9716f518",16,1,15,16,0.0625,0.9375
"binary_sparse_n300_t03_r0039","binary","sparse","paper_adjusted",300,1000,1.9,39,206761094,"HDMT",0.05,"ok",TRUE,0.0300000000000296,"","","2c0a2bd0b4248e98a75f79feb315c4f9",14,0,14,15,0,0.933333333333333
"binary_sparse_n300_t03_r0039","binary","sparse","paper_adjusted",300,1000,1.9,39,206761094,"MDACT",0.05,"ok",TRUE,0.00999999999999091,"","","e54f0ad7f80076549cc704533dfadfa1",14,0,14,15,0,0.933333333333333
"binary_sparse_n300_t03_r0039","binary","sparse","paper_adjusted",300,1000,1.9,39,206761094,"MLFDR",0.05,"ok",TRUE,0.129999999999995,"","","ab4a3451201bd46598cad9a663183c9f",14,0,14,15,0,0.933333333333333
"linear_dense_n300_t03_r0039","linear","dense","paper_adjusted",300,1000,1.9,39,21192623,"HDMT",0.05,"ok",TRUE,0.0400000000000205,"ties should not be present for the one-sample Kolmogorov-Smirnov test","","e3b06b71106884d37828ebcd06a697f6",178,7,171,212,0.0393258426966292,0.806603773584906
"linear_dense_n300_t03_r0039","linear","dense","paper_adjusted",300,1000,1.9,39,21192623,"MDACT",0.05,"ok",TRUE,0,"ties should not be present for the one-sample Kolmogorov-Smirnov test","","f1206193843337df9f436c798b983823",179,8,171,212,0.0446927374301676,0.806603773584906
"linear_dense_n300_t03_r0039","linear","dense","paper_adjusted",300,1000,1.9,39,21192623,"MLFDR",0.05,"ok",TRUE,0.20999999999998,"","","e02e83c4d7cfd32f45c970fc6568a67a",210,13,197,212,0.0619047619047619,0.929245283018868
"confounded_dense_n300_t03_r0039","confounded","dense","paper_adjusted",300,1000,1.9,39,104852546,"HDMT",0.05,"ok",TRUE,0.0199999999999818,"ties should not be present for the one-sample Kolmogorov-Smirnov test","","f35436927643ba3ce314995967c36c0d",162,7,155,185,0.0432098765432099,0.837837837837838
"confounded_dense_n300_t03_r0039","confounded","dense","paper_adjusted",300,1000,1.9,39,104852546,"MDACT",0.05,"ok",TRUE,0.0199999999999818,"ties should not be present for the one-sample Kolmogorov-Smirnov test","","0986854bab1ba61a92bae5e4f6b3a1e2",174,9,165,185,0.0517241379310345,0.891891891891892
"confounded_dense_n300_t03_r0039","confounded","dense","paper_adjusted",300,1000,1.9,39,104852546,"MLFDR",0.05,"ok",TRUE,0.140000000000043,"","","c00c8a19929324d356b83e8ec7b945b1",186,8,178,185,0.043010752688172,0.962162162162162
"binary_dense_n300_t03_r0039","binary","dense","paper_adjusted",300,1000,1.9,39,96232423,"HDMT",0.05,"ok",TRUE,0.0299999999999727,"","","b7c554bb510d00c72ccd090f3df048dc",187,11,176,202,0.0588235294117647,0.871287128712871
"binary_dense_n300_t03_r0039","binary","dense","paper_adjusted",300,1000,1.9,39,96232423,"MDACT",0.05,"ok",TRUE,0.0199999999999818,"","","b2a8833b5ac944df16f346571d81628e",186,11,175,202,0.0591397849462366,0.866336633663366
"binary_dense_n300_t03_r0039","binary","dense","paper_adjusted",300,1000,1.9,39,96232423,"MLFDR",0.05,"ok",TRUE,0.110000000000014,"","","6a2236837588faa841ee3d249cfc344f",203,12,191,202,0.0591133004926108,0.945544554455445
"linear_sparse_n300_t01_r0040","linear","sparse","paper_adjusted",300,1000,1.3,40,265184275,"HDMT",0.05,"ok",TRUE,0.0199999999999818,"ties should not be present for the one-sample Kolmogorov-Smirnov test","","ef7195080248d4a359566fa7edfdfdb7",1,0,1,19,0,0.0526315789473684
"linear_sparse_n300_t01_r0040","linear","sparse","paper_adjusted",300,1000,1.3,40,265184275,"MDACT",0.05,"ok",TRUE,0,"ties should not be present for the one-sample Kolmogorov-Smirnov test","","8d45281d0b8265ca1b19130278355c1f",6,0,6,19,0,0.315789473684211
"linear_sparse_n300_t01_r0040","linear","sparse","paper_adjusted",300,1000,1.3,40,265184275,"MLFDR",0.05,"ok",TRUE,1.02999999999997,"","","50eeb3c103fa8ba74f5934f02ce78f73",8,0,8,19,0,0.421052631578947
"confounded_sparse_n300_t01_r0040","confounded","sparse","paper_adjusted",300,1000,1.3,40,168953461,"HDMT",0.05,"ok",TRUE,0.0299999999999727,"ties should not be present for the one-sample Kolmogorov-Smirnov test","","ea54725972165513b1bf90f49276bc0b",4,0,4,21,0,0.19047619047619
"confounded_sparse_n300_t01_r0040","confounded","sparse","paper_adjusted",300,1000,1.3,40,168953461,"MDACT",0.05,"ok",TRUE,0.00999999999999091,"ties should not be present for the one-sample Kolmogorov-Smirnov test","","c1d52ca3af88d4b19a811d1c66028d2c",7,0,7,21,0,0.333333333333333
"confounded_sparse_n300_t01_r0040","confounded","sparse","paper_adjusted",300,1000,1.3,40,168953461,"MLFDR",0.05,"ok",TRUE,0.5,"","","7ad8dba848f6395074dacd2f428bc5d3",19,3,16,21,0.157894736842105,0.761904761904762
"binary_sparse_n300_t01_r0040","binary","sparse","paper_adjusted",300,1000,1.3,40,232061404,"HDMT",0.05,"ok",TRUE,0.0300000000000296,"","","6b330146e9bfe2c6fdf4d45eec5baf5c",9,0,9,17,0,0.529411764705882
"binary_sparse_n300_t01_r0040","binary","sparse","paper_adjusted",300,1000,1.3,40,232061404,"MDACT",0.05,"ok",TRUE,0,"","","141875a53a84ade0a36fa96062e401eb",10,0,10,17,0,0.588235294117647
"binary_sparse_n300_t01_r0040","binary","sparse","paper_adjusted",300,1000,1.3,40,232061404,"MLFDR",0.05,"ok",TRUE,0.230000000000018,"","","fc584a00f8fc008d8a31729f7b5532b6",13,2,11,17,0.153846153846154,0.647058823529412
"linear_dense_n300_t01_r0040","linear","dense","paper_adjusted",300,1000,1.3,40,56615891,"HDMT",0.05,"ok",TRUE,0.00999999999999091,"ties should not be present for the one-sample Kolmogorov-Smirnov test","","3f9183148e92041e832b7d87fa85ba6c",98,7,91,200,0.0714285714285714,0.455
"linear_dense_n300_t01_r0040","linear","dense","paper_adjusted",300,1000,1.3,40,56615891,"MDACT",0.05,"ok",TRUE,0,"ties should not be present for the one-sample Kolmogorov-Smirnov test","","ff94c8975856b9f26527eddfb3f611dc",119,10,109,200,0.0840336134453782,0.545
"linear_dense_n300_t01_r0040","linear","dense","paper_adjusted",300,1000,1.3,40,56615891,"MLFDR",0.05,"ok",TRUE,0.240000000000009,"","","9b526f3c18d4f07aff3dfcaa2d9a3c0d",147,6,141,200,0.0408163265306122,0.705
"confounded_dense_n300_t01_r0040","confounded","dense","paper_adjusted",300,1000,1.3,40,117400874,"HDMT",0.05,"ok",TRUE,0.0400000000000205,"ties should not be present for the one-sample Kolmogorov-Smirnov test","","883386b27b9bbc579766634219b20a4e",88,2,86,205,0.0227272727272727,0.419512195121951
"confounded_dense_n300_t01_r0040","confounded","dense","paper_adjusted",300,1000,1.3,40,117400874,"MDACT",0.05,"ok",TRUE,0,"ties should not be present for the one-sample Kolmogorov-Smirnov test","","465bbe814ae4c5fd02bc2d0b702e12d5",107,3,104,205,0.0280373831775701,0.507317073170732
"confounded_dense_n300_t01_r0040","confounded","dense","paper_adjusted",300,1000,1.3,40,117400874,"MLFDR",0.05,"ok",TRUE,0.329999999999984,"","","9980f56e2f07aed555a3d848cb724d09",146,7,139,205,0.0479452054794521,0.678048780487805
"binary_dense_n300_t01_r0040","binary","dense","paper_adjusted",300,1000,1.3,40,253522116,"HDMT",0.05,"ok",TRUE,0.0300000000000296,"","","687a516f1b12d13f4499dc39405df22b",56,4,52,231,0.0714285714285714,0.225108225108225
"binary_dense_n300_t01_r0040","binary","dense","paper_adjusted",300,1000,1.3,40,253522116,"MDACT",0.05,"ok",TRUE,0.0199999999999818,"","","74c3dbfb66d873c3c31017d3abb5c095",86,7,79,231,0.0813953488372093,0.341991341991342
"binary_dense_n300_t01_r0040","binary","dense","paper_adjusted",300,1000,1.3,40,253522116,"MLFDR",0.05,"ok",TRUE,0.299999999999955,"","","0c69014085c25e8ad98e80c48c7022d0",139,7,132,231,0.0503597122302158,0.571428571428571
"linear_sparse_n300_t02_r0040","linear","sparse","paper_adjusted",300,1000,1.5,40,210340618,"HDMT",0.05,"ok",TRUE,0.00999999999999091,"ties should not be present for the one-sample Kolmogorov-Smirnov test","","7b3e7c8f7742a6610c4a1c8c00f466f6",2,0,2,15,0,0.133333333333333
"linear_sparse_n300_t02_r0040","linear","sparse","paper_adjusted",300,1000,1.5,40,210340618,"MDACT",0.05,"ok",TRUE,0,"ties should not be present for the one-sample Kolmogorov-Smirnov test","","f57bb5daf82d1ab74992fb6f16626638",2,0,2,15,0,0.133333333333333
"linear_sparse_n300_t02_r0040","linear","sparse","paper_adjusted",300,1000,1.5,40,210340618,"MLFDR",0.05,"ok",TRUE,0.680000000000007,"","","e29459c5c1c48c245dc8042eb21445af",4,0,4,15,0,0.266666666666667
"confounded_sparse_n300_t02_r0040","confounded","sparse","paper_adjusted",300,1000,1.5,40,36908002,"HDMT",0.05,"ok",TRUE,0.0300000000000296,"ties should not be present for the one-sample Kolmogorov-Smirnov test","","eee0c6bf12fbb802e4feea17134ec25b",11,1,10,19,0.0909090909090909,0.526315789473684
"confounded_sparse_n300_t02_r0040","confounded","sparse","paper_adjusted",300,1000,1.5,40,36908002,"MDACT",0.05,"ok",TRUE,0,"ties should not be present for the one-sample Kolmogorov-Smirnov test","","4e2c074943af538015acf4c3cdea3773",12,1,11,19,0.0833333333333333,0.578947368421053
"confounded_sparse_n300_t02_r0040","confounded","sparse","paper_adjusted",300,1000,1.5,40,36908002,"MLFDR",0.05,"ok",TRUE,0.170000000000016,"","","8d24005ecc07be6ee87d2d34088db744",11,0,11,19,0,0.578947368421053
"binary_sparse_n300_t02_r0040","binary","sparse","paper_adjusted",300,1000,1.5,40,101594879,"HDMT",0.05,"ok",TRUE,0.00999999999999091,"","","f9afe57e83126e146381e90093857738",4,0,4,18,0,0.222222222222222
"binary_sparse_n300_t02_r0040","binary","sparse","paper_adjusted",300,1000,1.5,40,101594879,"MDACT",0.05,"ok",TRUE,0,"","","3b091cf303e644ebf94fcdb60a04ae52",6,0,6,18,0,0.333333333333333
"binary_sparse_n300_t02_r0040","binary","sparse","paper_adjusted",300,1000,1.5,40,101594879,"MLFDR",0.05,"ok",TRUE,0.180000000000007,"","","f05573e8cb7a1372d7b5b7c779e9707f",12,1,11,18,0.0833333333333333,0.611111111111111
"linear_dense_n300_t02_r0040","linear","dense","paper_adjusted",300,1000,1.5,40,226460064,"HDMT",0.05,"ok",TRUE,0.0299999999999727,"ties should not be present for the one-sample Kolmogorov-Smirnov test","","3793154e74b070cec9d057fe985ab4c1",110,3,107,191,0.0272727272727273,0.56020942408377
"linear_dense_n300_t02_r0040","linear","dense","paper_adjusted",300,1000,1.5,40,226460064,"MDACT",0.05,"ok",TRUE,0.0199999999999818,"ties should not be present for the one-sample Kolmogorov-Smirnov test","","8dee2e863cd21ad834a3ff02ba88a424",116,4,112,191,0.0344827586206897,0.586387434554974
"linear_dense_n300_t02_r0040","linear","dense","paper_adjusted",300,1000,1.5,40,226460064,"MLFDR",0.05,"ok",TRUE,0.160000000000025,"","","d7e410221ed98813022952079463f2d3",158,9,149,191,0.0569620253164557,0.780104712041885
"confounded_dense_n300_t02_r0040","confounded","dense","paper_adjusted",300,1000,1.5,40,193937148,"HDMT",0.05,"ok",TRUE,0.0199999999999818,"ties should not be present for the one-sample Kolmogorov-Smirnov test","","31887967fdd182bd044e29dcc34cded9",127,5,122,193,0.0393700787401575,0.632124352331606
"confounded_dense_n300_t02_r0040","confounded","dense","paper_adjusted",300,1000,1.5,40,193937148,"MDACT",0.05,"ok",TRUE,0,"ties should not be present for the one-sample Kolmogorov-Smirnov test","","8a096486760f6d07f3211c51451e73ae",135,6,129,193,0.0444444444444444,0.66839378238342
"confounded_dense_n300_t02_r0040","confounded","dense","paper_adjusted",300,1000,1.5,40,193937148,"MLFDR",0.05,"ok",TRUE,0.129999999999995,"","","e7ae6121c71192d7d78e5621c6abc84a",170,7,163,193,0.0411764705882353,0.844559585492228
"binary_dense_n300_t02_r0040","binary","dense","paper_adjusted",300,1000,1.5,40,37279287,"HDMT",0.05,"ok",TRUE,0.0199999999999818,"","","9895b7324120f644264b3d12b8298b12",122,3,119,210,0.0245901639344262,0.566666666666667
"binary_dense_n300_t02_r0040","binary","dense","paper_adjusted",300,1000,1.5,40,37279287,"MDACT",0.05,"ok",TRUE,0.0199999999999818,"","","82e7ef4fa44b72931ef769ca295e53b1",131,6,125,210,0.0458015267175573,0.595238095238095
"binary_dense_n300_t02_r0040","binary","dense","paper_adjusted",300,1000,1.5,40,37279287,"MLFDR",0.05,"ok",TRUE,0.139999999999986,"","","fe087d4576e053a41655b1334d7478be",184,9,175,210,0.0489130434782609,0.833333333333333
"linear_sparse_n300_t03_r0040","linear","sparse","paper_adjusted",300,1000,1.9,40,127872135,"HDMT",0.05,"ok",TRUE,0.0199999999999818,"ties should not be present for the one-sample Kolmogorov-Smirnov test","","1144a24c7ced4d1fdfb1db978e1e7619",18,1,17,24,0.0555555555555556,0.708333333333333
"linear_sparse_n300_t03_r0040","linear","sparse","paper_adjusted",300,1000,1.9,40,127872135,"MDACT",0.05,"ok",TRUE,0.0200000000000387,"ties should not be present for the one-sample Kolmogorov-Smirnov test","","3afaa5e3470aa1f163017966689d7a5c",23,1,22,24,0.0434782608695652,0.916666666666667
"linear_sparse_n300_t03_r0040","linear","sparse","paper_adjusted",300,1000,1.9,40,127872135,"MLFDR",0.05,"ok",TRUE,0.110000000000014,"","","1a963cc646dd9f6540804bd055e3c023",24,0,24,24,0,1
"confounded_sparse_n300_t03_r0040","confounded","sparse","paper_adjusted",300,1000,1.9,40,204726958,"HDMT",0.05,"ok",TRUE,0.0299999999999727,"ties should not be present for the one-sample Kolmogorov-Smirnov test","","9b3306c445bc823c9715fce8c9c38038",15,1,14,20,0.0666666666666667,0.7
"confounded_sparse_n300_t03_r0040","confounded","sparse","paper_adjusted",300,1000,1.9,40,204726958,"MDACT",0.05,"ok",TRUE,0.00999999999999091,"ties should not be present for the one-sample Kolmogorov-Smirnov test","","1eea3fb3d821e9e75fbf1d4b3c919ce9",15,1,14,20,0.0666666666666667,0.7
"confounded_sparse_n300_t03_r0040","confounded","sparse","paper_adjusted",300,1000,1.9,40,204726958,"MLFDR",0.05,"ok",TRUE,0.240000000000009,"","","5da2223239b36d5af829e0d0209b5ae4",17,2,15,20,0.117647058823529,0.75
"binary_sparse_n300_t03_r0040","binary","sparse","paper_adjusted",300,1000,1.9,40,219248227,"HDMT",0.05,"ok",TRUE,0.00999999999999091,"","","d2f304aec3d800fe2a7b7f868f7ce48d",16,1,15,22,0.0625,0.681818181818182
"binary_sparse_n300_t03_r0040","binary","sparse","paper_adjusted",300,1000,1.9,40,219248227,"MDACT",0.05,"ok",TRUE,0.00999999999999091,"","","7834b31ff1311426b42ed54c11665086",16,1,15,22,0.0625,0.681818181818182
"binary_sparse_n300_t03_r0040","binary","sparse","paper_adjusted",300,1000,1.9,40,219248227,"MLFDR",0.05,"ok",TRUE,0.170000000000016,"","","2602bb9f228b64b3bb0e903ea39e0c2a",21,2,19,22,0.0952380952380952,0.863636363636364
"linear_dense_n300_t03_r0040","linear","dense","paper_adjusted",300,1000,1.9,40,53565183,"HDMT",0.05,"ok",TRUE,0.0299999999999727,"ties should not be present for the one-sample Kolmogorov-Smirnov test","","2239cb62c411d7e0a38ae5532e804c8e",165,8,157,196,0.0484848484848485,0.801020408163265
"linear_dense_n300_t03_r0040","linear","dense","paper_adjusted",300,1000,1.9,40,53565183,"MDACT",0.05,"ok",TRUE,0,"ties should not be present for the one-sample Kolmogorov-Smirnov test","","e781ba8857319115ce17b166f900a3dd",166,9,157,196,0.0542168674698795,0.801020408163265
"linear_dense_n300_t03_r0040","linear","dense","paper_adjusted",300,1000,1.9,40,53565183,"MLFDR",0.05,"ok",TRUE,0.140000000000043,"","","f50c8cb3462993e6fd364dcee4e999e1",190,8,182,196,0.0421052631578947,0.928571428571429
"confounded_dense_n300_t03_r0040","confounded","dense","paper_adjusted",300,1000,1.9,40,138648963,"HDMT",0.05,"ok",TRUE,0.0199999999999818,"ties should not be present for the one-sample Kolmogorov-Smirnov test","","bbba993f3104da23fafc90a7422a8a93",131,7,124,197,0.0534351145038168,0.629441624365482
"confounded_dense_n300_t03_r0040","confounded","dense","paper_adjusted",300,1000,1.9,40,138648963,"MDACT",0.05,"ok",TRUE,0.00999999999999091,"ties should not be present for the one-sample Kolmogorov-Smirnov test","","28551d10f0ea155e0fe6f0baa3d11ac4",143,9,134,197,0.0629370629370629,0.680203045685279
"confounded_dense_n300_t03_r0040","confounded","dense","paper_adjusted",300,1000,1.9,40,138648963,"MLFDR",0.05,"ok",TRUE,0.220000000000027,"","","731d49d78a220b28b09ef42dd39f0d8a",183,11,172,197,0.0601092896174863,0.873096446700508
"binary_dense_n300_t03_r0040","binary","dense","paper_adjusted",300,1000,1.9,40,205680175,"HDMT",0.05,"ok",TRUE,0.0299999999999727,"","","6b6dcc29b5e6e5c0b6e53c418d5bb094",172,10,162,203,0.0581395348837209,0.798029556650246
"binary_dense_n300_t03_r0040","binary","dense","paper_adjusted",300,1000,1.9,40,205680175,"MDACT",0.05,"ok",TRUE,0,"","","04aa5e8b8eb6c2556e7ec7e5369db975",188,12,176,203,0.0638297872340425,0.866995073891626
"binary_dense_n300_t03_r0040","binary","dense","paper_adjusted",300,1000,1.9,40,205680175,"MLFDR",0.05,"ok",TRUE,0.129999999999995,"","","5f8b3461b2a2e9bf621e24c644efae36",207,13,194,203,0.0628019323671498,0.955665024630542
