"case_id","scenario","mixture","tau","converged","iterations","dual_gap","loglik","pi00","pi10","pi01","pi11","discoveries","selected_mean_lfdr","n_fit","n_components","likelihood"
"linear_sparse_n300_t01_r0001","linear","sparse",1.3,TRUE,131,4.63892205360139e-06,1589.07995285858,0.728519824187453,0.16920401311529,0.0914533073141362,0.0108228553831212,0,,1000,61,"linear_summary_normal"
"confounded_sparse_n300_t01_r0001","confounded","sparse",1.3,TRUE,367,7.60135579047638e-05,1586.32006763436,0.361182678707756,0.288497435644169,0.0898107043390362,0.260509181309039,1,0.000515482829856804,1000,61,"linear_summary_normal"
"binary_sparse_n300_t01_r0001","binary","sparse",1.3,TRUE,78,7.12127035007448e-06,992.748055314069,0.769489372659461,0.0984092655898823,0.107718434273976,0.0243829274766808,3,0.0489214854082891,1000,61,"logistic_summary_normal_extension"
"linear_dense_n300_t01_r0001","linear","dense",1.3,TRUE,150,5.31428562489111e-06,-129.324391205868,0.00487392008113928,0.492319789674293,0.389226191568355,0.113580098676213,42,0.0483987581416832,1000,61,"linear_summary_normal"
"confounded_dense_n300_t01_r0001","confounded","dense",1.3,TRUE,52,2.66970230367036e-07,-83.6801819866909,0,0.497830728994575,0.400522353489577,0.101646917515847,31,0.0487184048002616,1000,61,"linear_summary_normal"
"binary_dense_n300_t01_r0001","binary","dense",1.3,TRUE,585,1.32882659782396e-05,-281.958950606304,0.0178303745191133,0.342345299689181,0.353249050492132,0.286575275299574,70,0.0486822747049109,1000,61,"logistic_summary_normal_extension"
"linear_sparse_n300_t02_r0001","linear","sparse",1.5,TRUE,790,1.86611396886249e-05,1517.49147873088,0.0741480420983407,0.13936010438439,0.0885922999920423,0.697899553525227,0,,1000,61,"linear_summary_normal"
"confounded_sparse_n300_t02_r0001","confounded","sparse",1.5,TRUE,494,1.58585522098686e-05,1498.34936349908,0.000101812477843196,0.199055014401844,0.773586945127847,0.0272562279924654,1,0.00438984664134374,1000,61,"linear_summary_normal"
"binary_sparse_n300_t02_r0001","binary","sparse",1.5,TRUE,86,3.22060366679811e-05,941.861710865313,0.760306159242384,0.104370073236535,0.0919699509325788,0.0433538165885023,9,0.0451641504553122,1000,61,"logistic_summary_normal_extension"
"linear_dense_n300_t02_r0001","linear","dense",1.5,TRUE,110,5.76190138046329e-07,-311.135469636526,0.0427651471746691,0.462194466825262,0.366744629295935,0.128295756704134,52,0.0486708561618728,1000,61,"linear_summary_normal"
"confounded_dense_n300_t02_r0001","confounded","dense",1.5,TRUE,58,1.11199574459597e-06,-375.473375677882,0.0261318342051825,0.472453855315821,0.346230583231079,0.155183727247917,76,0.0494901531027179,1000,61,"linear_summary_normal"
"binary_dense_n300_t02_r0001","binary","dense",1.5,TRUE,47,2.93329814060606e-06,-496.129325363051,0.129828349371905,0.301978309079461,0.273659893812111,0.294533447736523,116,0.0493786541424185,1000,61,"logistic_summary_normal_extension"
"linear_sparse_n300_t03_r0001","linear","sparse",1.9,TRUE,92,1.81355383865878e-06,1437.14669966134,0.754885579243953,0.149020469789257,0.071103822080213,0.024990128886577,16,0.0376880023859362,1000,61,"linear_summary_normal"
"confounded_sparse_n300_t03_r0001","confounded","sparse",1.9,TRUE,71,4.7363009936241e-06,1427.39566410142,0.755970738899671,0.148929461096394,0.0743209117236782,0.0207788882802567,10,0.0492562897723359,1000,61,"linear_summary_normal"
"binary_sparse_n300_t03_r0001","binary","sparse",1.9,TRUE,54,4.52903772307778e-06,871.194522211854,0.773670621745174,0.114942928572054,0.0767278532436676,0.0346585964391041,16,0.042013117853328,1000,61,"logistic_summary_normal_extension"
"linear_dense_n300_t03_r0001","linear","dense",1.9,TRUE,94,5.71136145710582e-07,-867.471093731271,0.133122045143018,0.374918348355945,0.25070560250978,0.241254003991257,157,0.0499774738239009,1000,61,"linear_summary_normal"
"confounded_dense_n300_t03_r0001","confounded","dense",1.9,TRUE,44,9.45499310178732e-07,-833.643542562456,0.140081776262019,0.368666742071959,0.260290076612572,0.230961405053451,152,0.0487062463320045,1000,61,"linear_summary_normal"
"binary_dense_n300_t03_r0001","binary","dense",1.9,TRUE,52,2.25028817628647e-05,-854.936064477248,0.146324978033086,0.273961894603533,0.260109862713671,0.31960326464971,172,0.0499789487659531,1000,61,"logistic_summary_normal_extension"
"linear_sparse_n300_t01_r0002","linear","sparse",1.3,TRUE,103,3.43376860678646e-06,1629.72042746065,0.751758705882872,0.15314263095609,0.0838206141452442,0.0112780490157934,5,0.039041303539866,1000,61,"linear_summary_normal"
"confounded_sparse_n300_t01_r0002","confounded","sparse",1.3,TRUE,81,7.58274968113426e-05,1654.40650919779,0.732445937773418,0.168804740480376,0.0902091638953495,0.00854015785085616,2,0.04009454606462,1000,61,"linear_summary_normal"
"binary_sparse_n300_t01_r0002","binary","sparse",1.3,TRUE,194,5.51787969558237e-05,945.732889650542,0.481815293205077,0.389605898285496,0.108504395637164,0.0200744128722633,4,0.0169129704898899,1000,61,"logistic_summary_normal_extension"
"linear_dense_n300_t01_r0002","linear","dense",1.3,TRUE,104,6.50933859036584e-06,-77.7868291423368,0.0146008942724411,0.482895602069245,0.396607417946587,0.105896085711726,45,0.0495461851148821,1000,61,"linear_summary_normal"
"confounded_dense_n300_t01_r0002","confounded","dense",1.3,TRUE,151,3.35102321180614e-06,-108.560003393953,0.00229790524209224,0.488873995854746,0.401621668983015,0.107206429920147,31,0.0494795810158928,1000,61,"linear_summary_normal"
"binary_dense_n300_t01_r0002","binary","dense",1.3,TRUE,667,2.07369349198849e-05,-276.339146534297,0.00345328901865965,0.356806252575907,0.343549586732739,0.296190871672694,73,0.0493505328426531,1000,61,"logistic_summary_normal_extension"
"linear_sparse_n300_t02_r0002","linear","sparse",1.5,TRUE,86,2.96800027987931e-05,1586.14957244392,0.744200881141078,0.161686812776309,0.0871580356811271,0.00695427040148618,1,0.0341204695093977,1000,61,"linear_summary_normal"
"confounded_sparse_n300_t02_r0002","confounded","sparse",1.5,TRUE,59,8.26166299772169e-06,1551.58652264045,0.768884692905732,0.133272189171733,0.0880227878840073,0.00982033003852741,4,0.0394551752505141,1000,61,"linear_summary_normal"
"binary_sparse_n300_t02_r0002","binary","sparse",1.5,TRUE,523,5.24674546404924e-05,912.486551630207,0.208165431982516,0.676074033598998,0.0855788891982616,0.0301816452202241,5,0.044959467120049,1000,61,"logistic_summary_normal_extension"
"linear_dense_n300_t02_r0002","linear","dense",1.5,TRUE,43,2.29575671673032e-06,-353.672326725625,0.0472186093398316,0.45377459329164,0.359187186461648,0.139819610906879,57,0.0481489168235666,1000,61,"linear_summary_normal"
"confounded_dense_n300_t02_r0002","confounded","dense",1.5,TRUE,67,8.00919115695464e-07,-363.819521509211,0.0535726958177579,0.442491231397902,0.350187616866458,0.153748455917883,73,0.0484753207821224,1000,61,"linear_summary_normal"
"binary_dense_n300_t02_r0002","binary","dense",1.5,TRUE,95,1.95760097754238e-06,-507.127922333628,0.0753332811680709,0.353090519537676,0.31491051235323,0.256665686941022,84,0.0495525957375961,1000,61,"logistic_summary_normal_extension"
"linear_sparse_n300_t03_r0002","linear","sparse",1.9,TRUE,87,5.44159607929195e-06,1412.15314963056,0.734773694404306,0.161674694858337,0.0830019773628774,0.0205496333744789,10,0.0417207545270745,1000,61,"linear_summary_normal"
"confounded_sparse_n300_t03_r0002","confounded","sparse",1.9,TRUE,103,1.67636166679141e-05,1443.76032461825,0.766508258782506,0.139038549429043,0.0757729818717931,0.0186802099166577,8,0.040051864860419,1000,61,"linear_summary_normal"
"binary_sparse_n300_t03_r0002","binary","sparse",1.9,TRUE,1362,1.81152041842658e-05,762.466090628762,0.0106499056806953,0.175393922198299,0.783552059057375,0.0304041130636303,14,0.0340832085280609,1000,61,"logistic_summary_normal_extension"
"linear_dense_n300_t03_r0002","linear","dense",1.9,TRUE,81,1.16468100719302e-06,-834.063769022165,0.127297816535447,0.386949593300075,0.247058233056886,0.238694357107592,167,0.0494007621094748,1000,61,"linear_summary_normal"
"confounded_dense_n300_t03_r0002","confounded","dense",1.9,TRUE,48,1.38795575921336e-06,-830.100125408327,0.129902838691964,0.375418937382194,0.269412616121283,0.225265607804559,154,0.0497337389028283,1000,61,"linear_summary_normal"
"binary_dense_n300_t03_r0002","binary","dense",1.9,TRUE,60,8.58076800192009e-06,-831.638601982208,0.106159303794001,0.366514621793861,0.250549484819521,0.276776589592617,168,0.0499959081673861,1000,61,"logistic_summary_normal_extension"
"linear_sparse_n300_t01_r0003","linear","sparse",1.3,TRUE,118,6.00383602344934e-06,1606.79994433168,0.693824614849842,0.209261653957374,0.0867807621724422,0.0101329690203425,2,0.00653333931043307,1000,61,"linear_summary_normal"
"confounded_sparse_n300_t01_r0003","confounded","sparse",1.3,TRUE,195,5.28651856590567e-05,1561.87587689462,0.400106000213151,0.465158000087175,0.0864462381588653,0.048289761540809,2,0.0290857777346456,1000,61,"linear_summary_normal"
"binary_sparse_n300_t01_r0003","binary","sparse",1.3,TRUE,80,5.78132938899856e-06,959.660807092436,0.670785272202113,0.201075186422566,0.101810367411303,0.0263291739640182,4,0.0434765641381812,1000,61,"logistic_summary_normal_extension"
"linear_dense_n300_t01_r0003","linear","dense",1.3,TRUE,89,2.73331234779128e-06,-109.915669333822,0.000356493654124913,0.492526834477444,0.410478986726751,0.0966376851416797,39,0.0486069712741638,1000,61,"linear_summary_normal"
"confounded_dense_n300_t01_r0003","confounded","dense",1.3,TRUE,105,3.60686841860414e-06,-163.703539542561,0.0368426651926932,0.451439682561361,0.382547230554871,0.129170421691074,45,0.0484419302915172,1000,61,"linear_summary_normal"
"binary_dense_n300_t01_r0003","binary","dense",1.3,TRUE,374,7.71283782663446e-06,-285.142523614262,0.00395413187166591,0.356755918845465,0.385937180128525,0.253352769154344,58,0.04856363967099,1000,61,"logistic_summary_normal_extension"
"linear_sparse_n300_t02_r0003","linear","sparse",1.5,TRUE,204,1.14382066296326e-05,1543.98321490123,0.67382079522966,0.229613192584607,0.0773343209354764,0.0192316912502568,7,0.0373292357652509,1000,61,"linear_summary_normal"
"confounded_sparse_n300_t02_r0003","confounded","sparse",1.5,TRUE,150,1.10969729347765e-05,1538.393303087,0.686332768463633,0.217799180703909,0.0838217310581566,0.0120463197743012,3,0.00952000056509548,1000,61,"linear_summary_normal"
"binary_sparse_n300_t02_r0003","binary","sparse",1.5,TRUE,164,3.27536555433383e-05,929.164980020558,0.730017366245627,0.159469507236908,0.0872149880861076,0.0232981384313575,3,0.0415292204325387,1000,61,"logistic_summary_normal_extension"
"linear_dense_n300_t02_r0003","linear","dense",1.5,TRUE,54,4.80228034227537e-07,-331.63692298755,0.0966353045706455,0.404093798341336,0.357099586096138,0.14217131099188,64,0.049355152010454,1000,61,"linear_summary_normal"
"confounded_dense_n300_t02_r0003","confounded","dense",1.5,TRUE,54,1.73966773941991e-06,-375.447069004662,0.0280222572248837,0.476248773110706,0.336422097551395,0.159306872113015,85,0.0490496747332304,1000,61,"linear_summary_normal"
"binary_dense_n300_t02_r0003","binary","dense",1.5,TRUE,73,1.467436410163e-07,-501.632517079498,0.114543857301366,0.306986027427352,0.266018443705538,0.312451671565744,126,0.0497442685169495,1000,61,"logistic_summary_normal_extension"
"linear_sparse_n300_t03_r0003","linear","sparse",1.9,TRUE,295,9.99821589693362e-05,1395.54934626284,0.616496650009012,0.183091513430349,0.16011302480552,0.0402988117551183,13,0.0394417420423875,1000,61,"linear_summary_normal"
"confounded_sparse_n300_t03_r0003","confounded","sparse",1.9,TRUE,121,2.88808363113624e-06,1433.125475494,0.766759375500892,0.133373610002123,0.084496813955683,0.0153702005413021,5,0.0233982317236649,1000,61,"linear_summary_normal"
"binary_sparse_n300_t03_r0003","binary","sparse",1.9,TRUE,84,2.66330775411383e-06,898.315811078717,0.766249309818101,0.125542429312485,0.0766852400920934,0.0315230207773211,14,0.0383232388383629,1000,61,"logistic_summary_normal_extension"
"linear_dense_n300_t03_r0003","linear","dense",1.9,TRUE,92,8.99935553189124e-07,-873.381501642369,0.111422970839894,0.395396635851998,0.256971276658295,0.236209116649813,149,0.0488481266334621,1000,61,"linear_summary_normal"
"confounded_dense_n300_t03_r0003","confounded","dense",1.9,TRUE,90,6.80283118725811e-07,-847.298346973849,0.146255780509776,0.367366946862848,0.247358235690787,0.23901903693659,161,0.0498954253135312,1000,61,"linear_summary_normal"
"binary_dense_n300_t03_r0003","binary","dense",1.9,TRUE,61,1.83104679463142e-06,-859.50202836918,0.140589409415416,0.340716259926805,0.23626345321392,0.282430877443859,171,0.0487058829452185,1000,61,"logistic_summary_normal_extension"
"linear_sparse_n300_t01_r0004","linear","sparse",1.3,TRUE,86,9.60578507713805e-06,1648.05023656335,0.794201542592877,0.111501627914847,0.0866039754450313,0.00769285404724457,2,0.0390456108447387,1000,61,"linear_summary_normal"
"confounded_sparse_n300_t01_r0004","confounded","sparse",1.3,TRUE,134,8.01874266016522e-05,1657.65447423025,0.762997704694036,0.141678368130704,0.0887163485800144,0.00660757859524643,3,0.0402847492742906,1000,61,"linear_summary_normal"
"binary_sparse_n300_t01_r0004","binary","sparse",1.3,TRUE,92,6.22688143021577e-05,987.488632341214,0.755216879099567,0.113439313023882,0.105763639961881,0.0255801679146696,5,0.0440064495919728,1000,61,"logistic_summary_normal_extension"
"linear_dense_n300_t01_r0004","linear","dense",1.3,TRUE,64,1.45148475350076e-06,-104.456349070023,0.045961157491588,0.451288624103856,0.395344184212008,0.107406034192548,37,0.0489476396115446,1000,61,"linear_summary_normal"
"confounded_dense_n300_t01_r0004","confounded","dense",1.3,TRUE,65,3.89996236194179e-07,-105.232041620453,6.60437615026412e-12,0.500502365670804,0.399243659052011,0.10025397527058,33,0.0487462813107214,1000,61,"linear_summary_normal"
"binary_dense_n300_t01_r0004","binary","dense",1.3,TRUE,250,3.19537276638471e-07,-330.99571632142,3.9948981616995e-15,0.34689509470826,0.365188832587246,0.28791607270449,78,0.0496939784554337,1000,61,"logistic_summary_normal_extension"
"linear_sparse_n300_t02_r0004","linear","sparse",1.5,TRUE,114,8.11054278722079e-05,1514.89631034329,0.726076861782251,0.171624593515258,0.085539782773208,0.0167587619292828,4,0.0291299518618814,1000,61,"linear_summary_normal"
"confounded_sparse_n300_t02_r0004","confounded","sparse",1.5,TRUE,238,9.8375728943223e-05,1511.37693151908,0.580369245347786,0.155368437620407,0.0821149079519963,0.182147409079811,6,0.0263565490863331,1000,61,"linear_summary_normal"
"binary_sparse_n300_t02_r0004","binary","sparse",1.5,TRUE,61,8.29067655860882e-07,939.389032078666,0.76148312177315,0.103011812362212,0.0978729187294833,0.0376321471351545,8,0.0405261099019291,1000,61,"logistic_summary_normal_extension"
"linear_dense_n300_t02_r0004","linear","dense",1.5,TRUE,99,9.43254682805872e-07,-316.792681857894,0.0809836725835044,0.419774470318142,0.353838379615194,0.145403477483159,73,0.0498924733553656,1000,61,"linear_summary_normal"
"confounded_dense_n300_t02_r0004","confounded","dense",1.5,TRUE,103,1.26982649018004e-06,-377.94219709758,0.0372090462278665,0.459473279786693,0.348641256192795,0.154676417792646,72,0.0486428361294683,1000,61,"linear_summary_normal"
"binary_dense_n300_t02_r0004","binary","dense",1.5,TRUE,117,8.16888796184578e-06,-493.02981270844,0.0892016510888733,0.357376520026151,0.261918109252329,0.291503719632647,126,0.0495009249447132,1000,61,"logistic_summary_normal_extension"
"linear_sparse_n300_t03_r0004","linear","sparse",1.9,TRUE,89,1.27313247477723e-06,1510.50833893816,0.819628464463564,0.0870075595397307,0.0698504090148504,0.0235135669818547,15,0.0395816308960938,1000,61,"linear_summary_normal"
"confounded_sparse_n300_t03_r0004","confounded","sparse",1.9,TRUE,94,3.8521618930254e-06,1447.76675387265,0.787046507401853,0.116410494529031,0.0746684531169977,0.0218745449521184,16,0.0421967993642359,1000,61,"linear_summary_normal"
"binary_sparse_n300_t03_r0004","binary","sparse",1.9,TRUE,55,6.08650738764815e-06,866.74792316804,0.787534968993926,0.106536072129446,0.0708018877991741,0.0351270710774539,10,0.0471572384094826,1000,61,"logistic_summary_normal_extension"
"linear_dense_n300_t03_r0004","linear","dense",1.9,TRUE,47,2.92114309630165e-07,-860.225454005526,0.118594925820757,0.385760897721877,0.256323737172637,0.239320439284729,165,0.0497261426740409,1000,61,"linear_summary_normal"
"confounded_dense_n300_t03_r0004","confounded","dense",1.9,TRUE,68,1.24582099791937e-06,-845.891746755233,0.141741130066916,0.369780795616133,0.255284410336404,0.233193663980547,160,0.0490687837156714,1000,61,"linear_summary_normal"
"binary_dense_n300_t03_r0004","binary","dense",1.9,TRUE,50,1.2280494678496e-05,-823.422440431233,0.15173607063609,0.32782427283836,0.23590646265101,0.28453319387454,169,0.0489186153013532,1000,61,"logistic_summary_normal_extension"
"linear_sparse_n300_t01_r0005","linear","sparse",1.3,TRUE,240,9.93863924123595e-05,1624.36797987344,0.64077422989631,0.260254410454215,0.092733413833517,0.00623794581595785,2,0.042964704241846,1000,61,"linear_summary_normal"
"confounded_sparse_n300_t01_r0005","confounded","sparse",1.3,TRUE,280,9.926163810281e-05,1548.74420638363,0.587059578338846,0.177995382596263,0.220690530088937,0.0142545089759542,6,0.0448411046086374,1000,61,"linear_summary_normal"
"binary_sparse_n300_t01_r0005","binary","sparse",1.3,TRUE,187,2.43525269274514e-05,969.381675815479,0.75612060443967,0.109387360106319,0.112336590444782,0.0221554450092283,2,0.0485681818565085,1000,61,"logistic_summary_normal_extension"
"linear_dense_n300_t01_r0005","linear","dense",1.3,TRUE,82,1.5620649662651e-07,-115.661863551826,1.95678945697711e-16,0.497380219550496,0.37456124851768,0.128058531931824,58,0.0494191848583071,1000,61,"linear_summary_normal"
"confounded_dense_n300_t01_r0005","confounded","dense",1.3,TRUE,179,3.63579609974352e-07,-76.1903306982434,4.22012740379357e-11,0.505226657258178,0.383218763900098,0.111554578799523,38,0.0473717100903389,1000,61,"linear_summary_normal"
"binary_dense_n300_t01_r0005","binary","dense",1.3,TRUE,217,2.47433241440387e-05,-316.636085151101,0.0730175835411417,0.27937694431616,0.387163952778902,0.260441519363796,61,0.049304017808824,1000,61,"logistic_summary_normal_extension"
"linear_sparse_n300_t02_r0005","linear","sparse",1.5,TRUE,57,4.44683244560373e-06,1581.39765376634,0.773985741037227,0.128476477671894,0.0870142226044214,0.0105235586864576,2,0.0438734033213259,1000,61,"linear_summary_normal"
"confounded_sparse_n300_t02_r0005","confounded","sparse",1.5,TRUE,102,3.82608172566634e-06,1509.2202242798,0.689381274459315,0.202735070585388,0.0915963688665788,0.0162872860887182,7,0.0494145595092444,1000,61,"linear_summary_normal"
"binary_sparse_n300_t02_r0005","binary","sparse",1.5,TRUE,967,3.14107391794494e-05,916.582744067187,0.0701368377183889,0.819760892337953,0.0869579823029331,0.0231442876407249,6,0.0464872964653226,1000,61,"logistic_summary_normal_extension"
"linear_dense_n300_t02_r0005","linear","dense",1.5,TRUE,93,7.57359249092815e-07,-327.524148592448,0.0633321709050658,0.434193412032192,0.364091770431468,0.138382646631274,61,0.0488031498762151,1000,61,"linear_summary_normal"
"confounded_dense_n300_t02_r0005","confounded","dense",1.5,TRUE,87,2.31685213192279e-06,-388.002090245767,0.0511631636910148,0.445353147832008,0.341312932107204,0.162170756369773,78,0.0487335619187045,1000,61,"linear_summary_normal"
"binary_dense_n300_t02_r0005","binary","dense",1.5,TRUE,51,8.58396677294593e-07,-508.598192517998,0.10763114525369,0.328564966426028,0.284312161258774,0.279491727061508,115,0.0499769594167441,1000,61,"logistic_summary_normal_extension"
"linear_sparse_n300_t03_r0005","linear","sparse",1.9,TRUE,84,3.97190435414974e-05,1435.4782548212,0.761683939610212,0.128299123244732,0.0754448545987199,0.0345720825463361,12,0.0298379452225708,1000,61,"linear_summary_normal"
"confounded_sparse_n300_t03_r0005","confounded","sparse",1.9,TRUE,142,2.34628687700855e-06,1451.32168063849,0.810520970120144,0.0956099958178867,0.069791780841162,0.0240772532208072,14,0.0359370060053828,1000,61,"linear_summary_normal"
"binary_sparse_n300_t03_r0005","binary","sparse",1.9,TRUE,75,4.39033153498691e-06,800.118942221336,0.727650519889592,0.156107606724387,0.079064931679244,0.037176941706777,13,0.0472685306997189,1000,61,"logistic_summary_normal_extension"
"linear_dense_n300_t03_r0005","linear","dense",1.9,TRUE,95,7.66331924362262e-07,-835.802556460367,0.122142739783125,0.394369947645116,0.251331788934865,0.232155523636893,160,0.0491091752534797,1000,61,"linear_summary_normal"
"confounded_dense_n300_t03_r0005","confounded","dense",1.9,TRUE,50,9.44333479413473e-07,-845.316726679968,0.143694144594546,0.365017895453268,0.261875916833521,0.229412043118665,150,0.0498814659881982,1000,61,"linear_summary_normal"
"binary_dense_n300_t03_r0005","binary","dense",1.9,TRUE,47,1.35507365175425e-05,-841.484205434765,0.165563174027815,0.315183045636508,0.235291485305321,0.283962295030357,173,0.0489313131090632,1000,61,"logistic_summary_normal_extension"
"linear_sparse_n300_t01_r0006","linear","sparse",1.3,TRUE,137,5.45529762980834e-05,1597.66515362907,0.709175427290799,0.194155691632179,0.084469695238479,0.012199185838543,6,0.0249397950582962,1000,61,"linear_summary_normal"
"confounded_sparse_n300_t01_r0006","confounded","sparse",1.3,TRUE,307,9.38037183924045e-05,1601.66143528913,0.487924310294294,0.418106640907982,0.089710655493064,0.0042583933046605,0,,1000,61,"linear_summary_normal"
"binary_sparse_n300_t01_r0006","binary","sparse",1.3,TRUE,129,1.2792844501508e-06,977.917462759322,0.778779667181466,0.0870615247092952,0.117196576287286,0.0169622318219526,2,0.0068244485877433,1000,61,"logistic_summary_normal_extension"
"linear_dense_n300_t01_r0006","linear","dense",1.3,TRUE,90,6.16987023049909e-06,-91.8634908289519,0.051492460380278,0.445098764698082,0.402716140234533,0.100692634687107,33,0.0494835973874306,1000,61,"linear_summary_normal"
"confounded_dense_n300_t01_r0006","confounded","dense",1.3,TRUE,106,3.92442302810103e-06,-73.5243844599503,0.00985695542048463,0.488854243970835,0.393243525673779,0.108045274934902,40,0.0489737339514643,1000,61,"linear_summary_normal"
"binary_dense_n300_t01_r0006","binary","dense",1.3,TRUE,183,3.67325294048371e-06,-295.952472705969,2.15820582730204e-07,0.359757880024087,0.353808732362631,0.286433171792699,83,0.0491933034926518,1000,61,"logistic_summary_normal_extension"
"linear_sparse_n300_t02_r0006","linear","sparse",1.5,TRUE,90,3.34070449579116e-05,1562.88183122504,0.759229377151711,0.143439271532971,0.0877578370904209,0.00957351422489719,3,0.0269353890526774,1000,61,"linear_summary_normal"
"confounded_sparse_n300_t02_r0006","confounded","sparse",1.5,TRUE,101,3.16789249121818e-06,1578.92234401185,0.785931044625983,0.119029944994252,0.0847878242896377,0.0102511860901281,4,0.0425762251863101,1000,61,"linear_summary_normal"
"binary_sparse_n300_t02_r0006","binary","sparse",1.5,TRUE,166,1.75356556519901e-05,918.854237565565,0.693769343297016,0.166808788718402,0.0933492529532767,0.0460726150313055,10,0.0481342121022018,1000,61,"logistic_summary_normal_extension"
"linear_dense_n300_t02_r0006","linear","dense",1.5,TRUE,107,3.44218072267921e-07,-387.885330499034,0.0709277085284713,0.424944588080638,0.343572986831197,0.160554716559694,73,0.0483859336784791,1000,61,"linear_summary_normal"
"confounded_dense_n300_t02_r0006","confounded","dense",1.5,TRUE,175,3.37448917324679e-05,-336.497034005413,0.0273982440942526,0.468306983548824,0.366199723552784,0.13809504880414,65,0.0485863247678829,1000,61,"linear_summary_normal"
"binary_dense_n300_t02_r0006","binary","dense",1.5,TRUE,169,2.72674423906771e-06,-521.226453307827,0.0804980975101593,0.326973432374817,0.29040628796712,0.302122182147904,115,0.0498489076617554,1000,61,"logistic_summary_normal_extension"
"linear_sparse_n300_t03_r0006","linear","sparse",1.9,TRUE,90,1.89926974569765e-05,1447.80566254644,0.776775780926245,0.131928017953407,0.0648976999219487,0.0263985011983999,16,0.0437939753626432,1000,61,"linear_summary_normal"
"confounded_sparse_n300_t03_r0006","confounded","sparse",1.9,TRUE,93,2.61877893703577e-06,1476.37305828332,0.790362267057467,0.11536067411343,0.0778154812868386,0.0164615775422643,6,0.0446998682583031,1000,61,"linear_summary_normal"
"binary_sparse_n300_t03_r0006","binary","sparse",1.9,TRUE,89,6.90698909955323e-06,871.111609616831,0.795937016356333,0.0971150509085247,0.0780785702682439,0.0288693624668983,13,0.0457511160793066,1000,61,"logistic_summary_normal_extension"
"linear_dense_n300_t03_r0006","linear","dense",1.9,TRUE,70,7.30070828458551e-07,-870.347498761313,0.127152909910666,0.378250385144291,0.25234520327285,0.242251501672193,160,0.0494289816911842,1000,61,"linear_summary_normal"
"confounded_dense_n300_t03_r0006","confounded","dense",1.9,TRUE,62,1.52266625197406e-06,-869.823084581569,0.100549722482102,0.408688058600964,0.253034395369961,0.237727823546973,159,0.0491335705199174,1000,61,"linear_summary_normal"
"binary_dense_n300_t03_r0006","binary","dense",1.9,TRUE,63,5.24354902409208e-06,-827.240638660982,0.147191983534656,0.33967959159771,0.229543527380565,0.283584897487069,183,0.0499517384594525,1000,61,"logistic_summary_normal_extension"
"linear_sparse_n300_t01_r0007","linear","sparse",1.3,TRUE,109,4.68979363534849e-05,1583.40766920507,0.626059770506051,0.275867781958719,0.0896259470488504,0.00844650048638019,3,0.0380375858444004,1000,61,"linear_summary_normal"
"confounded_sparse_n300_t01_r0007","confounded","sparse",1.3,TRUE,69,9.39583007020239e-06,1650.15530537511,0.70512156049692,0.203855893516301,0.0797259205702599,0.0112966254165198,5,0.0403308218171348,1000,61,"linear_summary_normal"
"binary_sparse_n300_t01_r0007","binary","sparse",1.3,TRUE,214,1.73180808804574e-06,992.242360509838,0.733121893682939,0.140238986886747,0.0916357877842519,0.0350033316460622,8,0.0445334388954553,1000,61,"logistic_summary_normal_extension"
"linear_dense_n300_t01_r0007","linear","dense",1.3,TRUE,87,4.00742195671988e-06,-85.436464808502,0.0364842716298685,0.462480269893931,0.402916308320256,0.0981191501559436,30,0.0496091267926006,1000,61,"linear_summary_normal"
"confounded_dense_n300_t01_r0007","confounded","dense",1.3,TRUE,35,5.57709964410513e-06,-89.7630092652021,0,0.498813703442521,0.389669387661351,0.111516908896128,40,0.0479819065992902,1000,61,"linear_summary_normal"
"binary_dense_n300_t01_r0007","binary","dense",1.3,TRUE,398,2.20300620856761e-06,-296.066044603086,1.14147600676189e-05,0.361042033954307,0.351059459206427,0.287887092079198,80,0.0492851637616171,1000,61,"logistic_summary_normal_extension"
"linear_sparse_n300_t02_r0007","linear","sparse",1.5,TRUE,101,4.05120554116678e-05,1569.93697746819,0.781280745966957,0.122236087570432,0.0860759557618796,0.0104072107007308,0,,1000,61,"linear_summary_normal"
"confounded_sparse_n300_t02_r0007","confounded","sparse",1.5,TRUE,92,2.30142971413549e-06,1589.61157295944,0.794193914193553,0.110139845876886,0.0792093312787087,0.0164569086508522,6,0.0351952981623503,1000,61,"linear_summary_normal"
"binary_sparse_n300_t02_r0007","binary","sparse",1.5,TRUE,58,7.0266879159675e-07,926.324323187012,0.70765727003841,0.175832100747071,0.0917132603880965,0.0247973688264224,4,0.031437685639107,1000,61,"logistic_summary_normal_extension"
"linear_dense_n300_t02_r0007","linear","dense",1.5,TRUE,74,3.25349726870705e-05,-371.200381945463,0.00432806107335315,0.495374908897734,0.341245127306468,0.159051902722445,77,0.0497914283464447,1000,61,"linear_summary_normal"
"confounded_dense_n300_t02_r0007","confounded","dense",1.5,TRUE,97,9.18400838045841e-07,-357.019423531964,0.0837535612290017,0.417461955759798,0.338373166316563,0.160411316694637,80,0.0498224191978252,1000,61,"linear_summary_normal"
"binary_dense_n300_t02_r0007","binary","dense",1.5,TRUE,56,1.64672219882256e-06,-507.245192806265,0.137133965455702,0.293512785780839,0.273828748866431,0.295524499897029,115,0.0493098658020166,1000,61,"logistic_summary_normal_extension"
"linear_sparse_n300_t03_r0007","linear","sparse",1.9,TRUE,99,2.28810132241186e-06,1484.1481126395,0.797641545675356,0.105685480828336,0.080837909009288,0.0158350644870206,8,0.0496420136169215,1000,61,"linear_summary_normal"
"confounded_sparse_n300_t03_r0007","confounded","sparse",1.9,TRUE,334,9.95390520874828e-05,1416.61556893956,0.696937537182101,0.117201354243466,0.113157994796225,0.0727031137782092,9,0.0388148745974729,1000,61,"linear_summary_normal"
"binary_sparse_n300_t03_r0007","binary","sparse",1.9,TRUE,67,9.73296866013662e-06,908.660619054575,0.804291620862531,0.0934744750570025,0.0709659931217015,0.0312679109587645,10,0.0444089468203962,1000,61,"logistic_summary_normal_extension"
"linear_dense_n300_t03_r0007","linear","dense",1.9,TRUE,39,2.02861501752416e-06,-830.390461438784,0.121250778875334,0.385121442873038,0.273415401869217,0.220212376382411,142,0.048885157019777,1000,61,"linear_summary_normal"
"confounded_dense_n300_t03_r0007","confounded","dense",1.9,TRUE,55,1.14145766461071e-06,-833.151027680001,0.131236184114329,0.375100308134015,0.268352530337593,0.225310977414064,148,0.0496994534076628,1000,61,"linear_summary_normal"
"binary_dense_n300_t03_r0007","binary","dense",1.9,TRUE,56,6.16214252069369e-07,-809.731187375939,0.158404600896834,0.33238559711835,0.21480371028829,0.294406091696527,184,0.0491928723372533,1000,61,"logistic_summary_normal_extension"
"linear_sparse_n300_t01_r0008","linear","sparse",1.3,TRUE,96,1.35236502507574e-05,1645.33209621627,0.741824929663573,0.162447971152797,0.0830582307094258,0.0126688684742036,6,0.0430055929370975,1000,61,"linear_summary_normal"
"confounded_sparse_n300_t01_r0008","confounded","sparse",1.3,TRUE,62,9.93736803334144e-05,1624.49311326802,0.779055612299994,0.120135131129058,0.0909378370815789,0.00987141948936956,0,,1000,61,"linear_summary_normal"
"binary_sparse_n300_t01_r0008","binary","sparse",1.3,TRUE,206,7.55924067452618e-06,946.944937105187,0.674414408070945,0.191044331315837,0.0967537089238052,0.0377875516894126,7,0.0464645498921495,1000,61,"logistic_summary_normal_extension"
"linear_dense_n300_t01_r0008","linear","dense",1.3,TRUE,142,5.30242624874333e-06,-142.19101445675,0.00292127865452919,0.489488472846079,0.397153318164947,0.110436930334445,26,0.0485117064139719,1000,61,"linear_summary_normal"
"confounded_dense_n300_t01_r0008","confounded","dense",1.3,TRUE,84,5.12220012716114e-06,-56.0202958663652,0.0593755982103802,0.446008559776989,0.399251172120066,0.0953646698925651,37,0.0494193757417425,1000,61,"linear_summary_normal"
"binary_dense_n300_t01_r0008","binary","dense",1.3,TRUE,204,7.21973964301625e-06,-292.120147438591,0.0102675700762183,0.346673743602508,0.354644485285573,0.288414201035701,72,0.0498294288996044,1000,61,"logistic_summary_normal_extension"
"linear_sparse_n300_t02_r0008","linear","sparse",1.5,TRUE,81,4.41916857041313e-06,1527.34952110331,0.757711234886959,0.138155381999112,0.092660682430967,0.0114727006829618,4,0.034333258729419,1000,61,"linear_summary_normal"
"confounded_sparse_n300_t02_r0008","confounded","sparse",1.5,TRUE,64,3.98869029836213e-05,1509.28815457856,0.700430518039392,0.202746028422808,0.0812867909022312,0.015536662635569,1,0.0177248016684453,1000,61,"linear_summary_normal"
"binary_sparse_n300_t02_r0008","binary","sparse",1.5,TRUE,81,5.51012174643262e-06,968.941236318929,0.766943720243824,0.101723118350295,0.103010725809055,0.0283224355968259,3,0.0370246505936508,1000,61,"logistic_summary_normal_extension"
"linear_dense_n300_t02_r0008","linear","dense",1.5,TRUE,194,3.5103818996074e-06,-301.073561283139,0.0938751471789416,0.412973838318229,0.346861162656628,0.146289851846201,74,0.0485488277520606,1000,61,"linear_summary_normal"
"confounded_dense_n300_t02_r0008","confounded","dense",1.5,TRUE,170,1.37894696128349e-06,-316.979572180661,0.0474395229734647,0.460108999385916,0.351963868732911,0.140487608907708,67,0.0499658297575758,1000,61,"linear_summary_normal"
"binary_dense_n300_t02_r0008","binary","dense",1.5,TRUE,49,9.3206618934083e-07,-513.032317940458,0.101660361784798,0.339857161042814,0.278131639236627,0.280350837935761,116,0.0496506508914343,1000,61,"logistic_summary_normal_extension"
"linear_sparse_n300_t03_r0008","linear","sparse",1.9,TRUE,95,3.90480376499802e-06,1443.27495003824,0.77748892725739,0.123711408461084,0.07908989568033,0.0197097686011958,9,0.0443134535741176,1000,61,"linear_summary_normal"
"confounded_sparse_n300_t03_r0008","confounded","sparse",1.9,TRUE,70,6.33973041885838e-06,1458.2207941906,0.748272938540508,0.158486783310892,0.0707201089016034,0.0225201692469962,11,0.0416402995216335,1000,61,"linear_summary_normal"
"binary_sparse_n300_t03_r0008","binary","sparse",1.9,TRUE,69,9.35528700063415e-07,822.574865720616,0.693275846141299,0.190870463549443,0.083482281494459,0.0323714088147987,13,0.0454348927537783,1000,61,"logistic_summary_normal_extension"
"linear_dense_n300_t03_r0008","linear","dense",1.9,TRUE,59,1.32814358466682e-06,-856.67673971106,0.142715404137339,0.364118403605341,0.258526281339556,0.234639910917765,150,0.0485487159595018,1000,61,"linear_summary_normal"
"confounded_dense_n300_t03_r0008","confounded","dense",1.9,TRUE,149,1.09503063194794e-06,-858.360201436569,0.116836430794565,0.392501764806256,0.26225835604646,0.228403448352719,146,0.0494613899387866,1000,61,"linear_summary_normal"
"binary_dense_n300_t03_r0008","binary","dense",1.9,TRUE,54,2.53619029866314e-05,-805.067940834647,0.153436334894702,0.292989984513712,0.253039996536258,0.300533684055327,171,0.0491255212476461,1000,61,"logistic_summary_normal_extension"
"linear_sparse_n300_t01_r0009","linear","sparse",1.3,TRUE,133,8.78141013196387e-05,1619.00970982277,0.715421597786615,0.154686230693861,0.0950462646694959,0.0348459068500284,0,,1000,61,"linear_summary_normal"
"confounded_sparse_n300_t01_r0009","confounded","sparse",1.3,TRUE,139,3.80689989820659e-06,1616.40872631189,0.703349225460036,0.199985901283675,0.0906826368501518,0.00598223640613754,0,,1000,61,"linear_summary_normal"
"binary_sparse_n300_t01_r0009","binary","sparse",1.3,TRUE,1931,4.47560566010363e-05,1019.25400876701,0.377311664390939,0.492492996247332,0.0894007283251826,0.0407946110365464,10,0.0453126619900961,1000,61,"logistic_summary_normal_extension"
"linear_dense_n300_t01_r0009","linear","dense",1.3,TRUE,76,3.43175005057539e-06,-64.4856248901652,0.0488397323416342,0.452256752192272,0.402135522379694,0.0967679930863996,30,0.0484513303403839,1000,61,"linear_summary_normal"
"confounded_dense_n300_t01_r0009","confounded","dense",1.3,TRUE,99,5.66407971169802e-06,-113.766311058727,0.00342719282763627,0.495549392839045,0.383358286804343,0.117665127528975,42,0.0489226497737642,1000,61,"linear_summary_normal"
"binary_dense_n300_t01_r0009","binary","dense",1.3,TRUE,188,1.37811037936864e-06,-311.298673026118,0.00578523142825516,0.345179184195341,0.349797062008001,0.299238522368403,75,0.0499930152784977,1000,61,"logistic_summary_normal_extension"
"linear_sparse_n300_t02_r0009","linear","sparse",1.5,TRUE,80,3.80446683956315e-06,1589.92659124182,0.797216276149412,0.10391698236315,0.0913177959456051,0.00754894554183267,2,0.0199115044572249,1000,61,"linear_summary_normal"
"confounded_sparse_n300_t02_r0009","confounded","sparse",1.5,TRUE,89,1.51735371791695e-05,1534.14541465138,0.663377070213811,0.236127037626126,0.0893309400383233,0.0111649521217394,2,0.0331268584923477,1000,61,"linear_summary_normal"
"binary_sparse_n300_t02_r0009","binary","sparse",1.5,TRUE,108,9.37501830631238e-05,950.230203138999,0.766207496710614,0.11859010447395,0.0804759078351753,0.0347264909802606,9,0.0463000917606427,1000,61,"logistic_summary_normal_extension"
"linear_dense_n300_t02_r0009","linear","dense",1.5,TRUE,140,8.66319330272702e-07,-341.805112241212,0.0800927821724977,0.426032214372702,0.330097681075724,0.163777322379077,83,0.0495506786214038,1000,61,"linear_summary_normal"
"confounded_dense_n300_t02_r0009","confounded","dense",1.5,TRUE,48,1.61036329759945e-06,-328.151980011255,0.0556509793803451,0.445137068249162,0.348153093731706,0.151058858638786,78,0.0489945558815326,1000,61,"linear_summary_normal"
"binary_dense_n300_t02_r0009","binary","dense",1.5,TRUE,69,1.051038931843e-05,-498.625189517365,0.135495724598525,0.275578855075061,0.277100850826585,0.311824569499829,124,0.0491236459881514,1000,61,"logistic_summary_normal_extension"
"linear_sparse_n300_t03_r0009","linear","sparse",1.9,TRUE,106,1.00639442759398e-05,1415.21174873751,0.720376735310535,0.181456022825222,0.0809854465754402,0.0171817952888027,6,0.0466346768687989,1000,61,"linear_summary_normal"
"confounded_sparse_n300_t03_r0009","confounded","sparse",1.9,TRUE,107,1.65806308261018e-06,1428.81215233566,0.777026643883101,0.131125122991002,0.0681944730248272,0.0236537601010702,15,0.0400060520421481,1000,61,"linear_summary_normal"
"binary_sparse_n300_t03_r0009","binary","sparse",1.9,TRUE,62,2.34309056246218e-06,820.444603921507,0.726869849584102,0.164557094773507,0.0753773508924593,0.0331957047499318,16,0.0487538272060365,1000,61,"logistic_summary_normal_extension"
"linear_dense_n300_t03_r0009","linear","dense",1.9,TRUE,100,3.55491704961963e-08,-822.655501376539,0.127465718515523,0.383918704751266,0.268131275856643,0.220484300876567,145,0.0493427422433987,1000,61,"linear_summary_normal"
"confounded_dense_n300_t03_r0009","confounded","dense",1.9,TRUE,50,1.27190781973319e-06,-842.314217072767,0.116814176483449,0.390350974037155,0.276176963597813,0.216657885881583,130,0.0493683147396482,1000,61,"linear_summary_normal"
"binary_dense_n300_t03_r0009","binary","dense",1.9,TRUE,84,5.99505732612471e-07,-836.916138780489,0.150894862776034,0.302916865612549,0.231204156749893,0.314984114861524,178,0.0488959888065887,1000,61,"logistic_summary_normal_extension"
"linear_sparse_n300_t01_r0010","linear","sparse",1.3,TRUE,228,5.72457321736941e-05,1625.18371559814,0.636498999164898,0.264676201629872,0.091313058566607,0.0075117406386234,2,0.031456969797573,1000,61,"linear_summary_normal"
"confounded_sparse_n300_t01_r0010","confounded","sparse",1.3,TRUE,99,2.67613746285367e-05,1566.14691274359,0.712462985994494,0.181960276574655,0.0978280799285918,0.00774865750225838,2,0.0334491203384092,1000,61,"linear_summary_normal"
"binary_sparse_n300_t01_r0010","binary","sparse",1.3,TRUE,112,1.97371926493606e-05,1029.56754753272,0.778050111285115,0.0962981359407569,0.0982185543365229,0.0274331984376055,4,0.0418018540265224,1000,61,"logistic_summary_normal_extension"
"linear_dense_n300_t01_r0010","linear","dense",1.3,TRUE,39,1.40475848731114e-08,-92.1048005217251,0,0.501619666901093,0.394548650624816,0.103831682474091,36,0.048647583685636,1000,61,"linear_summary_normal"
"confounded_dense_n300_t01_r0010","confounded","dense",1.3,TRUE,149,4.42857129390184e-06,-98.9389280883431,0.0127622527423241,0.484653433860243,0.396794279282597,0.105790034114837,36,0.0484994995079859,1000,61,"linear_summary_normal"
"binary_dense_n300_t01_r0010","binary","dense",1.3,TRUE,249,7.24470422763801e-07,-325.874400673643,0.000146919645505763,0.351348271626807,0.361596903226027,0.28690790550166,75,0.0489189627643063,1000,61,"logistic_summary_normal_extension"
"linear_sparse_n300_t02_r0010","linear","sparse",1.5,TRUE,48,2.03910724394518e-06,1512.82838919879,0.715917855519762,0.184820005580496,0.0868044623512945,0.0124576765484471,5,0.0272508920388581,1000,61,"linear_summary_normal"
"confounded_sparse_n300_t02_r0010","confounded","sparse",1.5,TRUE,103,4.66500969631412e-06,1522.89386644863,0.775590815589351,0.113305198760978,0.0983778432278467,0.0127261424218248,2,0.0499306447991473,1000,61,"linear_summary_normal"
"binary_sparse_n300_t02_r0010","binary","sparse",1.5,TRUE,120,5.56089337089283e-06,962.295353627881,0.73068358644998,0.159121500072367,0.0889906644800003,0.0212042489976521,5,0.0477368737537017,1000,61,"logistic_summary_normal_extension"
"linear_dense_n300_t02_r0010","linear","dense",1.5,TRUE,70,4.11595971661072e-06,-321.405031527849,0.0832618415301287,0.421586733453547,0.361621213121297,0.133530211895028,58,0.0496786320747244,1000,61,"linear_summary_normal"
"confounded_dense_n300_t02_r0010","confounded","dense",1.5,TRUE,46,2.42084731105763e-06,-378.478470395158,0.0412279178987133,0.461663398825095,0.32482999880602,0.172278684470171,97,0.0490822475354326,1000,61,"linear_summary_normal"
"binary_dense_n300_t02_r0010","binary","dense",1.5,TRUE,68,2.5960068211317e-05,-552.280060864853,0.0168305360031032,0.409079536058217,0.273742565454594,0.300347362484086,121,0.0489657297361666,1000,61,"logistic_summary_normal_extension"
"linear_sparse_n300_t03_r0010","linear","sparse",1.9,TRUE,89,3.1049721676002e-06,1459.10065758248,0.752679803238439,0.152464228184866,0.0728087770214033,0.0220471915552925,10,0.0459030108063023,1000,61,"linear_summary_normal"
"confounded_sparse_n300_t03_r0010","confounded","sparse",1.9,TRUE,94,3.88409791989286e-05,1386.33137589216,0.726597637471654,0.176985723077571,0.0767007050388957,0.0197159344118794,10,0.0467630347700312,1000,61,"linear_summary_normal"
"binary_sparse_n300_t03_r0010","binary","sparse",1.9,TRUE,55,2.40505501292176e-06,882.086273074928,0.741743968989854,0.163966666257418,0.0698603666578638,0.0244289980948635,13,0.0352056476680525,1000,61,"logistic_summary_normal_extension"
"linear_dense_n300_t03_r0010","linear","dense",1.9,TRUE,80,1.35937651708495e-05,-833.854909628458,0.0968981383807001,0.41581390771553,0.255890400791838,0.231397553111931,161,0.0490965089410694,1000,61,"linear_summary_normal"
"confounded_dense_n300_t03_r0010","confounded","dense",1.9,TRUE,50,1.56488531999344e-06,-866.820154838727,0.112288586580653,0.395176683069744,0.258017011294741,0.234517719054862,159,0.0499468616775249,1000,61,"linear_summary_normal"
"binary_dense_n300_t03_r0010","binary","dense",1.9,TRUE,46,4.99718639801472e-07,-840.387226595987,0.150137186862338,0.288434111092526,0.241277128385581,0.320151573659555,167,0.0491584694167181,1000,61,"logistic_summary_normal_extension"
"linear_sparse_n300_t01_r0011","linear","sparse",1.3,TRUE,116,1.97298759860853e-05,1604.42989048185,0.723432935406009,0.178374086481567,0.0923907971586161,0.00580218095380712,0,,1000,61,"linear_summary_normal"
"confounded_sparse_n300_t01_r0011","confounded","sparse",1.3,TRUE,105,1.22500070227627e-05,1599.37688369308,0.707271378811772,0.195221891102416,0.092823720101923,0.00468300998388851,1,0.0238721167945071,1000,61,"linear_summary_normal"
"binary_sparse_n300_t01_r0011","binary","sparse",1.3,TRUE,288,9.63116380694462e-05,974.311041128305,0.407350752348284,0.44733461908392,0.100939798749438,0.044374829818359,7,0.0372107746477656,1000,61,"logistic_summary_normal_extension"
"linear_dense_n300_t01_r0011","linear","dense",1.3,TRUE,180,9.50885965966819e-07,-38.282639753305,3.7613418376352e-09,0.505424410410602,0.392340682631965,0.102234903196091,33,0.0496406545021409,1000,61,"linear_summary_normal"
"confounded_dense_n300_t01_r0011","confounded","dense",1.3,TRUE,101,2.1212997824982e-07,-108.648602188284,2.80163148518813e-06,0.496921243258681,0.399967116925904,0.103108838183929,38,0.0482278690994709,1000,61,"linear_summary_normal"
"binary_dense_n300_t01_r0011","binary","dense",1.3,TRUE,151,2.13095699308496e-07,-324.864441914411,3.22106088131514e-18,0.360124681009615,0.341763060840791,0.298112258149594,75,0.0495380546462742,1000,61,"logistic_summary_normal_extension"
"linear_sparse_n300_t02_r0011","linear","sparse",1.5,TRUE,99,3.79832746610909e-06,1607.97845524031,0.769203315895333,0.133390717219042,0.085199091981871,0.0122068749037543,5,0.0329095341145379,1000,61,"linear_summary_normal"
"confounded_sparse_n300_t02_r0011","confounded","sparse",1.5,TRUE,68,2.55290899504601e-05,1585.75041528458,0.736397530955231,0.167324914523127,0.0921236793741129,0.00415387514752901,1,0.00825355125308335,1000,61,"linear_summary_normal"
"binary_sparse_n300_t02_r0011","binary","sparse",1.5,TRUE,67,1.46093731623331e-06,985.632846989603,0.770527714857711,0.118015494408645,0.0821845817397902,0.029272208993854,7,0.0446480109634896,1000,61,"logistic_summary_normal_extension"
"linear_dense_n300_t02_r0011","linear","dense",1.5,TRUE,207,1.18861341786847e-05,-359.609951513213,0.0356881797605893,0.461487756907568,0.357689745408713,0.145134317923129,63,0.0494170266257984,1000,61,"linear_summary_normal"
"confounded_dense_n300_t02_r0011","confounded","dense",1.5,TRUE,207,8.32540947048876e-06,-410.784401885632,0.0627917038614455,0.437201259079577,0.328362133175019,0.171644903883959,84,0.0495678616288121,1000,61,"linear_summary_normal"
"binary_dense_n300_t02_r0011","binary","dense",1.5,TRUE,119,3.43468872832098e-06,-499.759859008429,0.0791513664274357,0.330669989355212,0.300082098715654,0.290096545501698,102,0.0491880941239861,1000,61,"logistic_summary_normal_extension"
"linear_sparse_n300_t03_r0011","linear","sparse",1.9,TRUE,66,5.92431364609958e-06,1456.27358285055,0.76358499588194,0.142354501438404,0.0746879440445999,0.0193725586350572,13,0.025149064593377,1000,61,"linear_summary_normal"
"confounded_sparse_n300_t03_r0011","confounded","sparse",1.9,TRUE,81,2.59885683928651e-06,1420.01010579018,0.748900064743602,0.154522754926853,0.0705714269801579,0.0260057533493866,10,0.0443329567988744,1000,61,"linear_summary_normal"
"binary_sparse_n300_t03_r0011","binary","sparse",1.9,TRUE,76,5.50148334057532e-05,866.413662120054,0.754520783177362,0.141323794128568,0.0743768806103776,0.0297785420836918,17,0.0378925520714651,1000,61,"logistic_summary_normal_extension"
"linear_dense_n300_t03_r0011","linear","dense",1.9,TRUE,111,6.70767814581197e-06,-824.892576466054,0.114515807975885,0.398266933854765,0.262806823532,0.224410434637351,147,0.0497606766819932,1000,61,"linear_summary_normal"
"confounded_dense_n300_t03_r0011","confounded","dense",1.9,TRUE,57,7.23818520453889e-07,-851.783845520515,0.108432949323864,0.397147251697038,0.266949587682772,0.227470211296326,157,0.0494251956439974,1000,61,"linear_summary_normal"
"binary_dense_n300_t03_r0011","binary","dense",1.9,TRUE,66,3.20060622478469e-05,-869.661846737488,0.142843145307807,0.291630039709525,0.222146805716705,0.343380009265963,190,0.0498726277688979,1000,61,"logistic_summary_normal_extension"
"linear_sparse_n300_t01_r0012","linear","sparse",1.3,TRUE,290,9.96146917080498e-05,1577.48832818378,0.538388068146509,0.334208708171041,0.0876122283222605,0.0397909953601902,2,0.036088709079199,1000,61,"linear_summary_normal"
"confounded_sparse_n300_t01_r0012","confounded","sparse",1.3,TRUE,61,3.98879440277611e-06,1605.72304483878,0.751562819122169,0.156712169038152,0.0770703538569106,0.0146546579827676,6,0.0481846006902757,1000,61,"linear_summary_normal"
"binary_sparse_n300_t01_r0012","binary","sparse",1.3,TRUE,57,4.74337538567404e-05,1024.39540827647,0.770923364413574,0.102244616436581,0.0873849918471928,0.0394470273026526,7,0.0481869228300296,1000,61,"logistic_summary_normal_extension"
"linear_dense_n300_t01_r0012","linear","dense",1.3,TRUE,134,1.21272768716096e-07,-91.1291711955911,0,0.493577719356854,0.395491374721357,0.11093090592179,34,0.0498313104285244,1000,61,"linear_summary_normal"
"confounded_dense_n300_t01_r0012","confounded","dense",1.3,TRUE,82,7.61772450585951e-06,-114.500120689662,0.0138487269011959,0.485313142273203,0.392472130193548,0.108366000632053,37,0.0480153282327637,1000,61,"linear_summary_normal"
"binary_dense_n300_t01_r0012","binary","dense",1.3,TRUE,136,8.98828525830453e-06,-326.14515907227,1.9093433868474e-14,0.354033380477216,0.353280094364229,0.292686525158535,74,0.0496379955345414,1000,61,"logistic_summary_normal_extension"
"linear_sparse_n300_t02_r0012","linear","sparse",1.5,TRUE,91,3.97157063880549e-06,1553.37375423804,0.669996309491283,0.23324056680068,0.0857035265172042,0.0110595971908329,2,0.0106105140874931,1000,61,"linear_summary_normal"
"confounded_sparse_n300_t02_r0012","confounded","sparse",1.5,TRUE,52,1.00638897593264e-06,1555.71112271215,0.761137844250463,0.140977291231167,0.0917191973672245,0.00616566715114579,1,0.00365398040725749,1000,61,"linear_summary_normal"
"binary_sparse_n300_t02_r0012","binary","sparse",1.5,TRUE,81,7.19876036114897e-07,977.733468235394,0.76189393576358,0.121567837830654,0.0778238703031646,0.0387143561026016,7,0.0478790247919243,1000,61,"logistic_summary_normal_extension"
"linear_dense_n300_t02_r0012","linear","dense",1.5,TRUE,37,3.59654532977594e-06,-333.44800514445,0.0677982816745306,0.430888184910455,0.35917385566945,0.142139677745565,65,0.0484078373864792,1000,61,"linear_summary_normal"
"confounded_dense_n300_t02_r0012","confounded","dense",1.5,TRUE,157,1.17195107685042e-06,-345.744902857516,0.0887789130569552,0.416074727649639,0.337071349774455,0.158075009518951,72,0.0490300034823111,1000,61,"linear_summary_normal"
"binary_dense_n300_t02_r0012","binary","dense",1.5,TRUE,53,5.55491822316068e-05,-487.727176568722,0.0589143839952861,0.373126155840621,0.290232800810675,0.277726659353417,109,0.0489464370445204,1000,61,"logistic_summary_normal_extension"
"linear_sparse_n300_t03_r0012","linear","sparse",1.9,TRUE,87,4.93012415803129e-06,1471.09289004357,0.79712343064921,0.106695914212092,0.0724505113123324,0.0237301438263652,15,0.0469592476129103,1000,61,"linear_summary_normal"
"confounded_sparse_n300_t03_r0012","confounded","sparse",1.9,TRUE,89,1.85547085052029e-06,1466.82976672878,0.7997604176639,0.104571715709968,0.0757063354869417,0.0199615311391901,7,0.0341242434030019,1000,61,"linear_summary_normal"
"binary_sparse_n300_t03_r0012","binary","sparse",1.9,TRUE,79,5.26248812171559e-06,836.966977253896,0.702592330656245,0.192979184480137,0.0738952016498791,0.0305332832137388,14,0.0457844462176706,1000,61,"logistic_summary_normal_extension"
"linear_dense_n300_t03_r0012","linear","dense",1.9,TRUE,40,1.64903844113162e-06,-805.930138303236,0.152355190509626,0.367971486907929,0.246862683089195,0.23281063949325,154,0.0489637027744344,1000,61,"linear_summary_normal"
"confounded_dense_n300_t03_r0012","confounded","dense",1.9,TRUE,44,2.80131021779262e-06,-874.212864952137,0.13833868381866,0.356847433667611,0.283178447989002,0.221635434524726,129,0.0494402621335939,1000,61,"linear_summary_normal"
"binary_dense_n300_t03_r0012","binary","dense",1.9,TRUE,76,5.26436952674736e-06,-836.089870972981,0.151678475176439,0.324833017663286,0.221649075689092,0.301839431471182,186,0.048787540202944,1000,61,"logistic_summary_normal_extension"
"linear_sparse_n300_t01_r0013","linear","sparse",1.3,TRUE,136,1.63186942951921e-05,1638.27420600773,0.747178441273925,0.156638524289606,0.0872174835083699,0.00896555092809925,0,,1000,61,"linear_summary_normal"
"confounded_sparse_n300_t01_r0013","confounded","sparse",1.3,TRUE,62,1.90154750141502e-05,1615.93484855928,0.738883161709992,0.162102744852146,0.0909564033321792,0.00805769010568313,1,0.00211731385180399,1000,61,"linear_summary_normal"
"binary_sparse_n300_t01_r0013","binary","sparse",1.3,TRUE,270,2.30403652534683e-06,984.095404326727,0.709328885067273,0.158453486705844,0.0954198784101898,0.0367977498166931,7,0.042723829939817,1000,61,"logistic_summary_normal_extension"
"linear_dense_n300_t01_r0013","linear","dense",1.3,TRUE,115,3.98816746716157e-06,-102.249311384971,0.0261066092604085,0.480775824099097,0.364461067402858,0.128656499237637,61,0.0495055910668123,1000,61,"linear_summary_normal"
"confounded_dense_n300_t01_r0013","confounded","dense",1.3,TRUE,115,1.41053509095102e-07,-76.1263570831823,4.12883668947664e-06,0.495743318496669,0.397513432543878,0.106739120122763,34,0.049325012362204,1000,61,"linear_summary_normal"
"binary_dense_n300_t01_r0013","binary","dense",1.3,TRUE,323,6.17010666248419e-06,-306.386500421555,0.0183535280595623,0.333366156377246,0.346156390772335,0.302123924790857,86,0.049346715172073,1000,61,"logistic_summary_normal_extension"
"linear_sparse_n300_t02_r0013","linear","sparse",1.5,TRUE,109,5.67855075783719e-06,1562.05491529391,0.769472030416836,0.136076868953772,0.0774471533959198,0.0170039472334721,5,0.0487245427090286,1000,61,"linear_summary_normal"
"confounded_sparse_n300_t02_r0013","confounded","sparse",1.5,TRUE,100,3.06709439312769e-06,1554.56480712914,0.787754945581233,0.107177448789734,0.0892441762101944,0.0158234294188382,2,0.0135890429897969,1000,61,"linear_summary_normal"
"binary_sparse_n300_t02_r0013","binary","sparse",1.5,TRUE,64,1.87855360089806e-06,965.753081492574,0.812632920154895,0.0734135131056348,0.0918634548712241,0.022090111868246,4,0.0469061449562107,1000,61,"logistic_summary_normal_extension"
"linear_dense_n300_t02_r0013","linear","dense",1.5,TRUE,95,3.28049297282362e-07,-356.201585925892,0.00497975367698578,0.495861082059277,0.370477022296338,0.1286821419674,53,0.0484289884911654,1000,61,"linear_summary_normal"
"confounded_dense_n300_t02_r0013","confounded","dense",1.5,TRUE,70,1.21159665966708e-06,-310.968627864824,0.0780480751823136,0.424919811621197,0.365599264536797,0.131432848659692,48,0.049709910185412,1000,61,"linear_summary_normal"
"binary_dense_n300_t02_r0013","binary","dense",1.5,TRUE,130,5.808367191662e-07,-512.00863369677,0.133223256593184,0.304798307706179,0.27671387433903,0.285264561361608,116,0.0496148321650024,1000,61,"logistic_summary_normal_extension"
"linear_sparse_n300_t03_r0013","linear","sparse",1.9,TRUE,77,1.51785455677622e-05,1433.0262769959,0.774597271885933,0.130451746250312,0.0724390691900705,0.0225119126736838,12,0.0427889469903791,1000,61,"linear_summary_normal"
"confounded_sparse_n300_t03_r0013","confounded","sparse",1.9,TRUE,97,5.95125443814126e-06,1497.35321139438,0.80477677319093,0.0992567620238261,0.0800792605316506,0.0158872042535933,10,0.0339718174972612,1000,61,"linear_summary_normal"
"binary_sparse_n300_t03_r0013","binary","sparse",1.9,TRUE,87,3.58145888834649e-06,850.577217983971,0.772140265285729,0.122205246467458,0.0737271244255356,0.0319273638212774,17,0.0423261392894292,1000,61,"logistic_summary_normal_extension"
"linear_dense_n300_t03_r0013","linear","dense",1.9,TRUE,41,4.68607318726555e-07,-878.526916602387,0.12300709825833,0.383178188599838,0.256456522936898,0.237358190204934,155,0.0497646072507461,1000,61,"linear_summary_normal"
"confounded_dense_n300_t03_r0013","confounded","dense",1.9,TRUE,45,1.55108925703473e-08,-833.029646390038,0.156384126742187,0.349593516701794,0.257186466110624,0.236835890445394,162,0.0487535718950023,1000,61,"linear_summary_normal"
"binary_dense_n300_t03_r0013","binary","dense",1.9,TRUE,56,2.57091519184627e-07,-852.152233572074,0.139366178078721,0.337353321381153,0.220680139379436,0.30260036116069,189,0.0494102083399985,1000,61,"logistic_summary_normal_extension"
"linear_sparse_n300_t01_r0014","linear","sparse",1.3,TRUE,169,1.7892452376822e-05,1621.48316763651,0.70481236608884,0.197000383344999,0.0947434052387753,0.00344384532738571,1,0.00219054717061638,1000,61,"linear_summary_normal"
"confounded_sparse_n300_t01_r0014","confounded","sparse",1.3,TRUE,96,3.12689285730805e-06,1570.09392062661,0.652623532731211,0.248713077278591,0.0910844188606782,0.00757897112951973,0,,1000,61,"linear_summary_normal"
"binary_sparse_n300_t01_r0014","binary","sparse",1.3,TRUE,506,1.6948230507241e-05,929.477200147828,0.565735116693527,0.296865473083191,0.0900264359457927,0.0473729742774888,4,0.0339819150716456,1000,61,"logistic_summary_normal_extension"
"linear_dense_n300_t01_r0014","linear","dense",1.3,TRUE,73,1.10254520624409e-07,-103.552863444829,0,0.50264380135742,0.382788757156643,0.114567441485937,39,0.0474859303971946,1000,61,"linear_summary_normal"
"confounded_dense_n300_t01_r0014","confounded","dense",1.3,TRUE,87,1.72074956903412e-05,-75.1946151600201,0.0552193439591157,0.444672392500165,0.401581341477799,0.0985269220629203,33,0.0486293384265915,1000,61,"linear_summary_normal"
"binary_dense_n300_t01_r0014","binary","dense",1.3,TRUE,212,3.49953941380932e-07,-302.720038105136,2.48160011176222e-10,0.359374407244537,0.359994321177119,0.280631271330184,69,0.0488817294462724,1000,61,"logistic_summary_normal_extension"
"linear_sparse_n300_t02_r0014","linear","sparse",1.5,TRUE,115,2.16862350750358e-05,1530.96069032583,0.810337600154891,0.0743362567964745,0.0931413686007525,0.0221847744478816,1,0.000935682577142018,1000,61,"linear_summary_normal"
"confounded_sparse_n300_t02_r0014","confounded","sparse",1.5,TRUE,348,7.79604284693036e-05,1519.03278993966,0.554825575225756,0.349493946168599,0.0784040829678084,0.0172763956378365,5,0.036608229242022,1000,61,"linear_summary_normal"
"binary_sparse_n300_t02_r0014","binary","sparse",1.5,TRUE,119,4.83464829410529e-05,934.023417302873,0.529663167216693,0.354080406459046,0.0864504839263476,0.0298059423979132,6,0.0302748530376632,1000,61,"logistic_summary_normal_extension"
"linear_dense_n300_t02_r0014","linear","dense",1.5,TRUE,114,9.44846751727013e-07,-371.922282331452,0.0631797863797938,0.446646388431202,0.320263973538012,0.169909851650992,75,0.0484981805539169,1000,61,"linear_summary_normal"
"confounded_dense_n300_t02_r0014","confounded","dense",1.5,TRUE,141,1.00851890971754e-06,-393.95109798998,0.0457261715542996,0.455604059053707,0.329345343439111,0.169324425952882,81,0.0499806318311766,1000,61,"linear_summary_normal"
"binary_dense_n300_t02_r0014","binary","dense",1.5,TRUE,136,6.51861839440215e-06,-485.054577464164,0.086637060511435,0.35592163124145,0.305433358303478,0.252007949943637,98,0.0492614964341764,1000,61,"logistic_summary_normal_extension"
"linear_sparse_n300_t03_r0014","linear","sparse",1.9,TRUE,74,2.4067114801074e-06,1450.6298699964,0.789498500657416,0.112072061983243,0.07788289921855,0.0205465381407907,11,0.0416452136881362,1000,61,"linear_summary_normal"
"confounded_sparse_n300_t03_r0014","confounded","sparse",1.9,TRUE,98,1.68308489501001e-06,1439.5672556613,0.787051655336576,0.114435490663405,0.0795353910717938,0.0189774629282253,9,0.0474831317898758,1000,61,"linear_summary_normal"
"binary_sparse_n300_t03_r0014","binary","sparse",1.9,TRUE,54,1.0241934023103e-06,835.990033088607,0.716569057412155,0.177704168070563,0.0697179170161496,0.0360088575011327,13,0.0478755827018808,1000,61,"logistic_summary_normal_extension"
"linear_dense_n300_t03_r0014","linear","dense",1.9,TRUE,79,1.47886461299152e-07,-846.935179126524,0.128000067200342,0.38046608390112,0.25794224813024,0.233591600768297,155,0.0489219789650235,1000,61,"linear_summary_normal"
"confounded_dense_n300_t03_r0014","confounded","dense",1.9,TRUE,80,2.51112854732227e-07,-860.555601376774,0.141437985675328,0.367924147449455,0.245745135884851,0.244892730990366,165,0.049590710674026,1000,61,"linear_summary_normal"
"binary_dense_n300_t03_r0014","binary","dense",1.9,TRUE,50,3.17277519279457e-06,-810.549824282972,0.180325058571613,0.28883298616428,0.222819200004831,0.308022755259276,178,0.0497255425871915,1000,61,"logistic_summary_normal_extension"
"linear_sparse_n300_t01_r0015","linear","sparse",1.3,TRUE,86,3.10741375506574e-05,1583.4162075312,0.677530291754574,0.22669514877312,0.0820660833998492,0.013708476072457,5,0.0391166284495544,1000,61,"linear_summary_normal"
"confounded_sparse_n300_t01_r0015","confounded","sparse",1.3,TRUE,83,2.42858372700994e-06,1640.31252921621,0.802289394246207,0.10096421949543,0.0878909239622071,0.00885546229615676,1,0.0302650877186579,1000,61,"linear_summary_normal"
"binary_sparse_n300_t01_r0015","binary","sparse",1.3,TRUE,403,4.46412680434882e-05,973.385477720733,0.742682004034456,0.112772646172578,0.106302524331865,0.0382428254611006,6,0.0467725902354645,1000,61,"logistic_summary_normal_extension"
"linear_dense_n300_t01_r0015","linear","dense",1.3,TRUE,225,9.76864483392959e-06,-93.5925306654924,0.000184988706090759,0.494911240380092,0.392482322244649,0.112421448669168,36,0.0489192278710703,1000,61,"linear_summary_normal"
"confounded_dense_n300_t01_r0015","confounded","dense",1.3,TRUE,51,1.37309301566635e-05,-107.981638305236,0.0124977095495045,0.482256715444673,0.400614751318969,0.104630823686854,23,0.0476648783426424,1000,61,"linear_summary_normal"
"binary_dense_n300_t01_r0015","binary","dense",1.3,TRUE,223,4.42618286022878e-07,-318.921726029691,1.69904292768092e-25,0.364141672271846,0.333026095654954,0.3028322320732,91,0.0490255668540157,1000,61,"logistic_summary_normal_extension"
"linear_sparse_n300_t02_r0015","linear","sparse",1.5,TRUE,92,6.95094321532252e-05,1601.1112923376,0.700553328942787,0.206380155801098,0.0827868682134175,0.0102796470426972,3,0.0388701528755794,1000,61,"linear_summary_normal"
"confounded_sparse_n300_t02_r0015","confounded","sparse",1.5,TRUE,65,1.12902516034019e-05,1565.45253610889,0.773420369650656,0.126623610287521,0.0959407762449641,0.00401524381685885,1,0.0426790011029085,1000,61,"linear_summary_normal"
"binary_sparse_n300_t02_r0015","binary","sparse",1.5,TRUE,107,6.80703959399231e-06,936.58311060841,0.699670397671697,0.172028344012098,0.104869652725247,0.0234316055909588,7,0.0490145378340561,1000,61,"logistic_summary_normal_extension"
"linear_dense_n300_t02_r0015","linear","dense",1.5,TRUE,59,1.94313232171339e-07,-345.724224253449,4.07689950856068e-06,0.503241087085038,0.351215256665515,0.145539579349938,61,0.0494993519435164,1000,61,"linear_summary_normal"
"confounded_dense_n300_t02_r0015","confounded","dense",1.5,TRUE,87,1.51237321732722e-06,-356.403067253953,0.0619620700597637,0.433654140561269,0.349942582361223,0.154441207017745,74,0.049317319458503,1000,61,"linear_summary_normal"
"binary_dense_n300_t02_r0015","binary","dense",1.5,TRUE,52,1.16639943581465e-05,-526.156754506989,0.0130500361094462,0.408781022352092,0.287578408744034,0.290590532794428,125,0.049492904533749,1000,61,"logistic_summary_normal_extension"
"linear_sparse_n300_t03_r0015","linear","sparse",1.9,TRUE,64,3.57371273018714e-06,1465.87140267167,0.73718203640345,0.169492519180215,0.0742907630942923,0.0190346813220426,8,0.0423894633287489,1000,61,"linear_summary_normal"
"confounded_sparse_n300_t03_r0015","confounded","sparse",1.9,TRUE,125,2.75119723494033e-05,1423.18792802487,0.725438017222427,0.174950034356145,0.0806705054604537,0.0189414429609745,8,0.0483469637514027,1000,61,"linear_summary_normal"
"binary_sparse_n300_t03_r0015","binary","sparse",1.9,TRUE,75,8.14440978591513e-06,827.753038583101,0.757742183013225,0.130109304304621,0.0871329629180682,0.025015549764085,12,0.0313988575115136,1000,61,"logistic_summary_normal_extension"
"linear_dense_n300_t03_r0015","linear","dense",1.9,TRUE,124,1.02953708489562e-05,-869.522440440925,0.120791594831441,0.378035647452399,0.275589999880284,0.225582757835876,140,0.0493062070312753,1000,61,"linear_summary_normal"
"confounded_dense_n300_t03_r0015","confounded","dense",1.9,TRUE,90,6.90394762692392e-07,-819.433624900939,0.132909811529136,0.380503216044361,0.269509266978808,0.217077705447695,131,0.0494655184569073,1000,61,"linear_summary_normal"
"binary_dense_n300_t03_r0015","binary","dense",1.9,TRUE,88,1.64884794062736e-05,-856.191071712144,0.143391683588487,0.290511000193258,0.229693597799853,0.336403718418402,184,0.0495528880303859,1000,61,"logistic_summary_normal_extension"
"linear_sparse_n300_t01_r0016","linear","sparse",1.3,TRUE,104,1.38450726216988e-06,1649.21598341673,0.7499411042591,0.155197122726676,0.0907238269076028,0.00413794610662149,0,,1000,61,"linear_summary_normal"
"confounded_sparse_n300_t01_r0016","confounded","sparse",1.3,TRUE,289,9.72380583321719e-05,1585.27266102077,0.586079206817277,0.171756763565727,0.22952250907837,0.0126415205386263,1,0.0176513311247546,1000,61,"linear_summary_normal"
"binary_sparse_n300_t01_r0016","binary","sparse",1.3,TRUE,203,2.12017682328369e-05,969.58307310096,0.760613789590831,0.0995377189076824,0.105308161142956,0.0345403303585304,7,0.0422016156330648,1000,61,"logistic_summary_normal_extension"
"linear_dense_n300_t01_r0016","linear","dense",1.3,TRUE,121,7.04109090809979e-07,-103.613490370449,7.639388929809e-05,0.494153799814496,0.41433194682676,0.0914378594694459,18,0.0481253472428949,1000,61,"linear_summary_normal"
"confounded_dense_n300_t01_r0016","confounded","dense",1.3,TRUE,80,1.18583774464387e-05,-84.142297419079,0.0542186637429002,0.447481714756928,0.400356417619486,0.0979432038806858,24,0.0476451086673116,1000,61,"linear_summary_normal"
"binary_dense_n300_t01_r0016","binary","dense",1.3,TRUE,189,5.70512089170805e-06,-300.974003550504,1.68074715891208e-06,0.366955335863663,0.346301949677573,0.286741033711605,91,0.0491881176089146,1000,61,"logistic_summary_normal_extension"
"linear_sparse_n300_t02_r0016","linear","sparse",1.5,TRUE,107,3.07354018753703e-05,1539.83986461638,0.637320794085163,0.252993598170995,0.0891001567731302,0.0205854509707116,5,0.0201596351710939,1000,61,"linear_summary_normal"
"confounded_sparse_n300_t02_r0016","confounded","sparse",1.5,TRUE,117,4.07058635443214e-06,1549.45646669352,0.667197148284651,0.233250208352205,0.0903750345313388,0.00917760883180533,0,,1000,61,"linear_summary_normal"
"binary_sparse_n300_t02_r0016","binary","sparse",1.5,TRUE,106,2.20162165631699e-06,960.150025711879,0.783513345136092,0.0973832513515285,0.0901423006185917,0.0289611028937881,4,0.0356542467239234,1000,61,"logistic_summary_normal_extension"
"linear_dense_n300_t02_r0016","linear","dense",1.5,TRUE,73,1.16686797890786e-06,-341.183269489619,0.0809123055072323,0.42336521915778,0.34538044661838,0.150342028716608,62,0.0496626632397996,1000,61,"linear_summary_normal"
"confounded_dense_n300_t02_r0016","confounded","dense",1.5,TRUE,65,1.86607362673286e-07,-331.637653741146,0.0204855098220092,0.483496232759675,0.356093412161808,0.139924845256507,73,0.0488129133636745,1000,61,"linear_summary_normal"
"binary_dense_n300_t02_r0016","binary","dense",1.5,TRUE,48,6.02208081246225e-06,-480.577601025534,0,0.43082101963741,0.288619103048644,0.280559877313946,113,0.0495860256347893,1000,61,"logistic_summary_normal_extension"
"linear_sparse_n300_t03_r0016","linear","sparse",1.9,TRUE,106,4.42248680299073e-06,1439.31641879229,0.780077861071601,0.115511473639411,0.0881687302718262,0.016241935017162,6,0.0348226431209652,1000,61,"linear_summary_normal"
"confounded_sparse_n300_t03_r0016","confounded","sparse",1.9,TRUE,77,3.14737681184063e-06,1411.30514271742,0.747693276649903,0.153584576768921,0.0759122258966836,0.0228099206844916,12,0.0453311028186194,1000,61,"linear_summary_normal"
"binary_sparse_n300_t03_r0016","binary","sparse",1.9,TRUE,66,1.56658179859548e-05,844.935952221269,0.759945424841487,0.124550217750761,0.0859073871674485,0.0295969702403034,11,0.0348490163565442,1000,61,"logistic_summary_normal_extension"
"linear_dense_n300_t03_r0016","linear","dense",1.9,TRUE,35,2.04331789399603e-06,-841.862285680007,0.136306825265185,0.370126676563751,0.265516677981464,0.2280498201896,151,0.0499984737142435,1000,61,"linear_summary_normal"
"confounded_dense_n300_t03_r0016","confounded","dense",1.9,TRUE,56,1.28750873185091e-06,-842.422460250457,0.140743316149036,0.363159411369842,0.264477106138217,0.231620166342905,156,0.0494260481141415,1000,61,"linear_summary_normal"
"binary_dense_n300_t03_r0016","binary","dense",1.9,TRUE,75,1.02786393958443e-05,-848.314397726229,0.121871945723928,0.331352577633928,0.23438098101969,0.312394495622453,180,0.0496230695271071,1000,61,"logistic_summary_normal_extension"
"linear_sparse_n300_t01_r0017","linear","sparse",1.3,TRUE,75,5.38380084291745e-07,1646.84029133168,0.7329174112489,0.172838908999862,0.0929172770606413,0.00132640269059649,0,,1000,61,"linear_summary_normal"
"confounded_sparse_n300_t01_r0017","confounded","sparse",1.3,TRUE,67,1.66432478265754e-06,1659.49821857771,0.825316493112024,0.0747496579130246,0.0921509579205038,0.00778289105444742,3,0.0217375063586829,1000,61,"linear_summary_normal"
"binary_sparse_n300_t01_r0017","binary","sparse",1.3,TRUE,178,3.01572243222026e-05,996.171365621753,0.766409836755064,0.102475690984515,0.089465532953198,0.041648939307223,11,0.0480566129196793,1000,61,"logistic_summary_normal_extension"
"linear_dense_n300_t01_r0017","linear","dense",1.3,TRUE,69,5.10031813960587e-06,-83.186619549511,0.0662339750692941,0.430068481746603,0.405715727347315,0.0979818158367876,28,0.0486399821988216,1000,61,"linear_summary_normal"
"confounded_dense_n300_t01_r0017","confounded","dense",1.3,TRUE,56,7.39027583573915e-08,-100.200166255713,1.2132929736535e-10,0.499038210319068,0.394582370641165,0.106379418918438,38,0.0481012847919818,1000,61,"linear_summary_normal"
"binary_dense_n300_t01_r0017","binary","dense",1.3,TRUE,454,4.36243446468865e-05,-284.665028692571,0.00167069280054691,0.36363157900085,0.353888952822118,0.280808775376485,71,0.0498357385334307,1000,61,"logistic_summary_normal_extension"
"linear_sparse_n300_t02_r0017","linear","sparse",1.5,TRUE,104,2.39978907807803e-05,1529.21138259173,0.747134894870996,0.147651398052722,0.0932159736125216,0.0119977334637605,3,0.00930187371228457,1000,61,"linear_summary_normal"
"confounded_sparse_n300_t02_r0017","confounded","sparse",1.5,TRUE,83,1.79743140371613e-06,1572.92027498895,0.77670612028561,0.126398229758567,0.0879879543830762,0.00890769557274704,1,0.0173133281664025,1000,61,"linear_summary_normal"
"binary_sparse_n300_t02_r0017","binary","sparse",1.5,TRUE,55,4.91253815537718e-06,894.671000400263,0.716707133616562,0.139965726797439,0.095801967891262,0.0475251716947367,11,0.049768394470604,1000,61,"logistic_summary_normal_extension"
"linear_dense_n300_t02_r0017","linear","dense",1.5,TRUE,63,1.71636864387814e-06,-357.131292289688,0.077990196485969,0.425412837023741,0.339974561665715,0.156622404824575,79,0.0492242952485643,1000,61,"linear_summary_normal"
"confounded_dense_n300_t02_r0017","confounded","dense",1.5,TRUE,68,1.98782930060926e-05,-359.920617568263,0.0045044141761258,0.495264634636537,0.357671798399703,0.142559152787635,65,0.0499714033601995,1000,61,"linear_summary_normal"
"binary_dense_n300_t02_r0017","binary","dense",1.5,TRUE,39,1.68674620804055e-06,-561.679198788566,0.0851734605145631,0.345229567312349,0.265058059070628,0.30453891310246,123,0.0495383929529737,1000,61,"logistic_summary_normal_extension"
"linear_sparse_n300_t03_r0017","linear","sparse",1.9,TRUE,56,5.6914307370759e-05,1447.40658597695,0.720558636665824,0.187100380407886,0.0712154062841266,0.0211255766421634,8,0.044207857292282,1000,61,"linear_summary_normal"
"confounded_sparse_n300_t03_r0017","confounded","sparse",1.9,TRUE,62,5.85994163637693e-06,1465.03416582544,0.695774644407412,0.211990332693266,0.0723137735558186,0.0199212493435033,12,0.0492261185993061,1000,61,"linear_summary_normal"
"binary_sparse_n300_t03_r0017","binary","sparse",1.9,TRUE,83,2.84226557778489e-06,859.448015759117,0.725277469762591,0.173110223748894,0.06945085705068,0.0321614494378351,14,0.0417899702127059,1000,61,"logistic_summary_normal_extension"
"linear_dense_n300_t03_r0017","linear","dense",1.9,TRUE,42,1.97406908486464e-06,-854.622985680139,0.12441547313198,0.383459696140078,0.257309969568008,0.234814861159934,160,0.048531539369258,1000,61,"linear_summary_normal"
"confounded_dense_n300_t03_r0017","confounded","dense",1.9,TRUE,57,2.27537647949916e-05,-856.480686394774,0.108727638997554,0.392224676309178,0.277061500393391,0.221986184299876,150,0.0495557147100306,1000,61,"linear_summary_normal"
"binary_dense_n300_t03_r0017","binary","dense",1.9,TRUE,61,2.66153481587317e-06,-823.982696547147,0.155263821543781,0.342227517532619,0.209517329134673,0.292991331788927,183,0.0488913586127094,1000,61,"logistic_summary_normal_extension"
"linear_sparse_n300_t01_r0018","linear","sparse",1.3,TRUE,176,4.87251074465789e-06,1572.50366590172,0.65416218959305,0.249235098494933,0.0839578472481317,0.0126448646638853,1,0.0402110574957517,1000,61,"linear_summary_normal"
"confounded_sparse_n300_t01_r0018","confounded","sparse",1.3,TRUE,58,1.13068953866424e-06,1620.15315438448,0.768488150375501,0.132602812854617,0.0939871013665199,0.0049219354033625,1,0.00466010407131496,1000,61,"linear_summary_normal"
"binary_sparse_n300_t01_r0018","binary","sparse",1.3,TRUE,125,4.68105889872561e-06,973.871643445032,0.699404832937913,0.174535107851478,0.0883935664594798,0.0376664927511297,6,0.0499891571194333,1000,61,"logistic_summary_normal_extension"
"linear_dense_n300_t01_r0018","linear","dense",1.3,TRUE,63,7.60878113847951e-08,-115.351946168983,0,0.491086250269779,0.410415379746462,0.0984983699837592,31,0.0479894522923075,1000,61,"linear_summary_normal"
"confounded_dense_n300_t01_r0018","confounded","dense",1.3,TRUE,84,2.1196390642686e-07,-95.6087872660886,1.36355993830764e-06,0.501224477562969,0.378433942684364,0.120340216192729,44,0.0499069769549301,1000,61,"linear_summary_normal"
"binary_dense_n300_t01_r0018","binary","dense",1.3,TRUE,468,8.74911212234153e-06,-316.156292159656,4.2935110988271e-07,0.346249391695429,0.348451583296688,0.305298595656773,81,0.0493097101756314,1000,61,"logistic_summary_normal_extension"
"linear_sparse_n300_t02_r0018","linear","sparse",1.5,TRUE,100,3.07979633551447e-06,1547.72853038081,0.762124387661837,0.142190510125071,0.0850588143607329,0.0106262878523591,3,0.0374154344050242,1000,61,"linear_summary_normal"
"confounded_sparse_n300_t02_r0018","confounded","sparse",1.5,TRUE,64,8.46577489443945e-06,1581.92692094374,0.808896463486788,0.0944056979979639,0.0851701102853594,0.0115277282298886,4,0.0416676505695994,1000,61,"linear_summary_normal"
"binary_sparse_n300_t02_r0018","binary","sparse",1.5,TRUE,119,2.93118847327634e-06,931.745392760059,0.773143053400092,0.112915291414221,0.0822711164795809,0.031670538706106,8,0.046477410026649,1000,61,"logistic_summary_normal_extension"
"linear_dense_n300_t02_r0018","linear","dense",1.5,TRUE,88,5.12544439779106e-07,-333.332436401464,0.0728002701870554,0.432675138322896,0.34818873924303,0.146335852247018,73,0.048868133506858,1000,61,"linear_summary_normal"
"confounded_dense_n300_t02_r0018","confounded","dense",1.5,TRUE,55,1.34588756717235e-06,-342.144868839199,0.0658261434333549,0.432263020933536,0.357778247455542,0.144132588177567,66,0.0495255402737572,1000,61,"linear_summary_normal"
"binary_dense_n300_t02_r0018","binary","dense",1.5,TRUE,71,4.02837788255894e-05,-524.921876270826,0.00896259311240723,0.427917875201072,0.296828973415132,0.266290558271389,100,0.0492850113970459,1000,61,"logistic_summary_normal_extension"
"linear_sparse_n300_t03_r0018","linear","sparse",1.9,TRUE,110,2.14701555822927e-06,1408.82835128081,0.73183580962651,0.175100261964337,0.0687092534528715,0.0243546749562817,13,0.0447954656510089,1000,61,"linear_summary_normal"
"confounded_sparse_n300_t03_r0018","confounded","sparse",1.9,TRUE,52,2.94455750560196e-06,1441.10523505918,0.741026328189003,0.164991951174456,0.0699630477937571,0.0240186728427839,14,0.0439622365056074,1000,61,"linear_summary_normal"
"binary_sparse_n300_t03_r0018","binary","sparse",1.9,TRUE,60,1.29258581706981e-05,851.058458057158,0.737149375442297,0.159098363790021,0.0716683535945811,0.0320839071731002,14,0.0375257650410536,1000,61,"logistic_summary_normal_extension"
"linear_dense_n300_t03_r0018","linear","dense",1.9,TRUE,66,1.06950102529701e-06,-852.364065716471,0.152689284179123,0.35100126760218,0.261283147936088,0.235026300282609,148,0.0489871530653726,1000,61,"linear_summary_normal"
"confounded_dense_n300_t03_r0018","confounded","dense",1.9,TRUE,51,9.27492750601999e-07,-849.839192461468,0.140192229443824,0.365980755956867,0.263123095433397,0.230703919165912,147,0.0489018209050713,1000,61,"linear_summary_normal"
"binary_dense_n300_t03_r0018","binary","dense",1.9,TRUE,65,3.50297681990241e-05,-836.14582745567,0.149606511068568,0.27971497250286,0.244524867653661,0.326153648774912,190,0.0492621694715939,1000,61,"logistic_summary_normal_extension"
"linear_sparse_n300_t01_r0019","linear","sparse",1.3,TRUE,145,2.7386828759024e-05,1647.24830622034,0.740195835449385,0.165360316453074,0.0881228565795906,0.00632099151794999,2,0.0378251925956471,1000,61,"linear_summary_normal"
"confounded_sparse_n300_t01_r0019","confounded","sparse",1.3,TRUE,82,6.74135277096699e-05,1619.21690931038,0.593727716836707,0.308527533668305,0.0876072635935365,0.0101374859014512,4,0.0345143400136404,1000,61,"linear_summary_normal"
"binary_sparse_n300_t01_r0019","binary","sparse",1.3,TRUE,81,2.27479819492338e-05,995.537887672213,0.767633376318098,0.0900863596111108,0.100343465724256,0.041936798346535,6,0.0407303091409206,1000,61,"logistic_summary_normal_extension"
"linear_dense_n300_t01_r0019","linear","dense",1.3,TRUE,108,2.02677348237756e-08,-84.4152203358784,3.75638611170349e-13,0.498945494563138,0.403852225796918,0.0972022796395687,33,0.0492207432112786,1000,61,"linear_summary_normal"
"confounded_dense_n300_t01_r0019","confounded","dense",1.3,TRUE,126,9.26139025470007e-08,-78.9492152248389,1.77427606892101e-07,0.493965506796102,0.415046204530174,0.0909881112461172,20,0.0485914917488796,1000,61,"linear_summary_normal"
"binary_dense_n300_t01_r0019","binary","dense",1.3,TRUE,163,2.01043481196095e-07,-301.903863904941,1.03670612704068e-15,0.368138357595769,0.365331101775856,0.266530540628374,75,0.0490855683430312,1000,61,"logistic_summary_normal_extension"
"linear_sparse_n300_t02_r0019","linear","sparse",1.5,TRUE,90,5.59917105769081e-06,1587.90715944567,0.810479133630246,0.0948738142134092,0.0764766012415957,0.0181704509147492,9,0.0466299910715724,1000,61,"linear_summary_normal"
"confounded_sparse_n300_t02_r0019","confounded","sparse",1.5,TRUE,94,1.63838793239002e-05,1543.49147537997,0.704326593515375,0.198566968237126,0.0848660898963413,0.0122403483511572,5,0.0242374651795051,1000,61,"linear_summary_normal"
"binary_sparse_n300_t02_r0019","binary","sparse",1.5,TRUE,182,3.62905820150417e-06,969.895988630567,0.705066028073437,0.178633143672396,0.0864997434300524,0.0298010848241144,6,0.0410491296780967,1000,61,"logistic_summary_normal_extension"
"linear_dense_n300_t02_r0019","linear","dense",1.5,TRUE,67,4.62906362219684e-06,-367.257401172391,0.0199325236844569,0.470439707985216,0.370659282643439,0.138968485686889,66,0.0486774693780841,1000,61,"linear_summary_normal"
"confounded_dense_n300_t02_r0019","confounded","dense",1.5,TRUE,58,1.18516330172014e-06,-363.729974465581,0.0426788562196121,0.46320580353489,0.330626535324455,0.163488804921042,78,0.0491000309678183,1000,61,"linear_summary_normal"
"binary_dense_n300_t02_r0019","binary","dense",1.5,TRUE,54,1.18408495386468e-06,-513.559936731584,0.0461023999117681,0.388049701374194,0.267026454298023,0.298821444416014,113,0.0497587651499794,1000,61,"logistic_summary_normal_extension"
"linear_sparse_n300_t03_r0019","linear","sparse",1.9,TRUE,97,2.29616871916249e-06,1447.1137111813,0.784417509435718,0.118146884826258,0.0801824346668962,0.017253171071128,7,0.0469600813480513,1000,61,"linear_summary_normal"
"confounded_sparse_n300_t03_r0019","confounded","sparse",1.9,TRUE,73,2.27295652055481e-06,1443.85178611227,0.743107619450867,0.158210732976275,0.0795493108824122,0.0191323366904462,9,0.0497523889876783,1000,61,"linear_summary_normal"
"binary_sparse_n300_t03_r0019","binary","sparse",1.9,TRUE,75,4.06363790395048e-07,827.833507143701,0.766927633279708,0.131536636395607,0.0660341594671142,0.0355015708575701,17,0.0438673970013097,1000,61,"logistic_summary_normal_extension"
"linear_dense_n300_t03_r0019","linear","dense",1.9,TRUE,46,1.92315083102912e-06,-847.55250953551,0.127089161822602,0.381116406081842,0.260870603616506,0.23092382847905,149,0.0498489593157153,1000,61,"linear_summary_normal"
"confounded_dense_n300_t03_r0019","confounded","dense",1.9,TRUE,64,1.04439590886685e-06,-845.207881833881,0.123965635067421,0.387078718158745,0.260011336449171,0.228944310324663,146,0.0496763347909685,1000,61,"linear_summary_normal"
"binary_dense_n300_t03_r0019","binary","dense",1.9,TRUE,37,1.42000202567605e-05,-803.562406511465,0.149786208817476,0.304168311134471,0.238934941710637,0.307110538337416,174,0.0498205069103508,1000,61,"logistic_summary_normal_extension"
"linear_sparse_n300_t01_r0020","linear","sparse",1.3,TRUE,79,3.39403091833557e-05,1580.98191185367,0.744297991078466,0.155463567944485,0.0929509975833665,0.00728744339368287,0,,1000,61,"linear_summary_normal"
"confounded_sparse_n300_t01_r0020","confounded","sparse",1.3,TRUE,125,9.78187315416879e-05,1555.80290128901,0.617358072404071,0.240053250032915,0.0916622905088661,0.0509263870541483,1,0.0470334031631478,1000,61,"linear_summary_normal"
"binary_sparse_n300_t01_r0020","binary","sparse",1.3,TRUE,363,9.84643739208035e-05,1049.83456938967,0.485443397130231,0.387707776285338,0.108589134392201,0.0182596921922297,1,0.00058293904240607,1000,61,"logistic_summary_normal_extension"
"linear_dense_n300_t01_r0020","linear","dense",1.3,TRUE,55,9.37262032429942e-08,-112.149244905639,0,0.496413303918306,0.404611067458183,0.0989756286235116,24,0.0497278549842662,1000,61,"linear_summary_normal"
"confounded_dense_n300_t01_r0020","confounded","dense",1.3,TRUE,74,9.5305987546368e-09,-104.406100433231,5.50921644214727e-09,0.494236673087424,0.407636518323998,0.0981268030793613,35,0.0496380421251711,1000,61,"linear_summary_normal"
"binary_dense_n300_t01_r0020","binary","dense",1.3,TRUE,126,8.81021427945328e-06,-322.158749861889,3.03482677770188e-12,0.359790175434407,0.331570594115891,0.308639230446667,85,0.0492100736751373,1000,61,"logistic_summary_normal_extension"
"linear_sparse_n300_t02_r0020","linear","sparse",1.5,TRUE,103,1.02330469180512e-05,1526.57224513625,0.754816450581213,0.146090605460771,0.0793447090884488,0.0197482348695674,8,0.0352036153632723,1000,61,"linear_summary_normal"
"confounded_sparse_n300_t02_r0020","confounded","sparse",1.5,TRUE,100,1.91988002331556e-05,1528.36500376636,0.729156699009631,0.162995174908437,0.0911525049662151,0.0166956211157174,5,0.0483097414387521,1000,61,"linear_summary_normal"
"binary_sparse_n300_t02_r0020","binary","sparse",1.5,TRUE,992,3.29208263956104e-05,902.476732609687,0.103349877785284,0.764304024154015,0.0912587583774476,0.0410873396832533,12,0.0417432220104559,1000,61,"logistic_summary_normal_extension"
"linear_dense_n300_t02_r0020","linear","dense",1.5,TRUE,192,7.36700195136386e-06,-320.182017456807,0.0919331628939705,0.412749572867825,0.341752119986019,0.153565144252185,78,0.0497095812072681,1000,61,"linear_summary_normal"
"confounded_dense_n300_t02_r0020","confounded","dense",1.5,TRUE,196,3.0165996980358e-06,-352.573640039483,0.037681312449653,0.462338642702007,0.34694685832421,0.15303318652413,84,0.0489640511660457,1000,61,"linear_summary_normal"
"binary_dense_n300_t02_r0020","binary","dense",1.5,TRUE,105,2.85925210554705e-05,-514.622075181299,0.0853085712380291,0.35546075436091,0.28813652786997,0.271094146531092,111,0.0489914390207184,1000,61,"logistic_summary_normal_extension"
"linear_sparse_n300_t03_r0020","linear","sparse",1.9,TRUE,100,2.2266235286672e-06,1437.81124557727,0.781103101019582,0.12214188771674,0.0761746792171833,0.020580332046495,9,0.0299297140154854,1000,61,"linear_summary_normal"
"confounded_sparse_n300_t03_r0020","confounded","sparse",1.9,TRUE,87,4.13443826419169e-06,1461.8288530893,0.782960042457032,0.120977069427851,0.0725077050334728,0.0235551830816445,13,0.0423624264075043,1000,61,"linear_summary_normal"
"binary_sparse_n300_t03_r0020","binary","sparse",1.9,TRUE,65,1.05351205004212e-06,902.788001530345,0.782213226716268,0.110851731010639,0.0749583614861593,0.0319766807869339,14,0.0334498573831164,1000,61,"logistic_summary_normal_extension"
"linear_dense_n300_t03_r0020","linear","dense",1.9,TRUE,65,7.33337937486311e-07,-840.489913113537,0.14755902580734,0.358569783950861,0.262192982339831,0.231678207901968,153,0.049258346402007,1000,61,"linear_summary_normal"
"confounded_dense_n300_t03_r0020","confounded","dense",1.9,TRUE,33,7.91547877021515e-07,-859.18243987073,0.128651139236975,0.376727872200974,0.260330559934669,0.234290428627383,159,0.0490671005856916,1000,61,"linear_summary_normal"
"binary_dense_n300_t03_r0020","binary","dense",1.9,TRUE,35,1.76535387019783e-06,-812.314052756843,0.179420275468015,0.301255064046001,0.222365151402585,0.296959509083399,181,0.0494257698779833,1000,61,"logistic_summary_normal_extension"
"linear_sparse_n300_t01_r0021","linear","sparse",1.3,TRUE,134,1.10938376918224e-05,1612.34474916987,0.730516730320371,0.171326668541144,0.0931745773196134,0.00498202381887104,1,0.0204332165501212,1000,61,"linear_summary_normal"
"confounded_sparse_n300_t01_r0021","confounded","sparse",1.3,TRUE,181,1.16290964400356e-05,1640.67354665114,0.728310194318858,0.175805913739614,0.0888859243033815,0.00699796763814672,1,0.0470422311777974,1000,61,"linear_summary_normal"
"binary_sparse_n300_t01_r0021","binary","sparse",1.3,TRUE,316,2.7949834944252e-06,987.820745516148,0.703189824720888,0.170463300600883,0.0999373772508391,0.0264094974273904,2,0.0244023924371082,1000,61,"logistic_summary_normal_extension"
"linear_dense_n300_t01_r0021","linear","dense",1.3,TRUE,122,9.20839036133714e-08,-100.390516851959,9.67296928305559e-08,0.492479437967,0.40619551793182,0.101324947371488,25,0.0482587859044825,1000,61,"linear_summary_normal"
"confounded_dense_n300_t01_r0021","confounded","dense",1.3,TRUE,37,8.9033207057998e-06,-81.766771745419,0,0.500316533897816,0.400024493446993,0.0996589726551909,30,0.0480247303836564,1000,61,"linear_summary_normal"
"binary_dense_n300_t01_r0021","binary","dense",1.3,TRUE,157,1.69508574510147e-07,-342.947509798378,2.75457296297713e-15,0.349155054079582,0.347554247804972,0.303290698115443,79,0.0499482045442472,1000,61,"logistic_summary_normal_extension"
"linear_sparse_n300_t02_r0021","linear","sparse",1.5,TRUE,91,5.45085964391845e-05,1536.55504750502,0.74136086559034,0.152304588549192,0.0858913700297567,0.0204431758307111,6,0.0361362652097391,1000,61,"linear_summary_normal"
"confounded_sparse_n300_t02_r0021","confounded","sparse",1.5,TRUE,69,1.72725689207009e-05,1567.26975236152,0.726380089859242,0.175830264415062,0.0852207154361144,0.0125689302895815,3,0.0395293392919488,1000,61,"linear_summary_normal"
"binary_sparse_n300_t02_r0021","binary","sparse",1.5,TRUE,101,2.61065140527705e-06,912.411098577876,0.746751064275469,0.130441140884249,0.0933207382267895,0.0294870566134926,7,0.0464417401282767,1000,61,"logistic_summary_normal_extension"
"linear_dense_n300_t02_r0021","linear","dense",1.5,TRUE,120,6.18758166925915e-08,-359.715541590903,0.0404168593083855,0.463204807461182,0.346405899535955,0.149972433694477,67,0.0490212849880252,1000,61,"linear_summary_normal"
"confounded_dense_n300_t02_r0021","confounded","dense",1.5,TRUE,83,1.67295208197693e-06,-324.09505516562,0.078288941745847,0.423277424926326,0.343866023819269,0.154567609508558,71,0.0479042705086544,1000,61,"linear_summary_normal"
"binary_dense_n300_t02_r0021","binary","dense",1.5,TRUE,107,1.38833444922604e-05,-523.813527436317,0.00543118069169364,0.410391621335529,0.283822238501778,0.300354959471,122,0.0492262473166958,1000,61,"logistic_summary_normal_extension"
"linear_sparse_n300_t03_r0021","linear","sparse",1.9,TRUE,72,4.54821234141534e-06,1459.42266996989,0.71280287258109,0.194027624005966,0.0733635270738708,0.0198059763390733,9,0.0453025168839269,1000,61,"linear_summary_normal"
"confounded_sparse_n300_t03_r0021","confounded","sparse",1.9,TRUE,74,2.39266844248576e-05,1481.10645273503,0.793695962155768,0.112520942426764,0.0755339695404759,0.0182491258769923,10,0.0395536599414841,1000,61,"linear_summary_normal"
"binary_sparse_n300_t03_r0021","binary","sparse",1.9,TRUE,73,1.06091801921337e-06,877.676600478429,0.789584251277988,0.113291273137532,0.0810209086260932,0.0161035669583865,6,0.0393963095863963,1000,61,"logistic_summary_normal_extension"
"linear_dense_n300_t03_r0021","linear","dense",1.9,TRUE,51,1.24680783653019e-06,-866.375817277859,0.129275870471287,0.377321119077594,0.259968419296811,0.233434591154308,152,0.0497457922920616,1000,61,"linear_summary_normal"
"confounded_dense_n300_t03_r0021","confounded","dense",1.9,TRUE,47,4.57558491984145e-07,-854.71083886677,0.136716764800502,0.368831594193037,0.269600799720937,0.224850841285525,142,0.0491491119455384,1000,61,"linear_summary_normal"
"binary_dense_n300_t03_r0021","binary","dense",1.9,TRUE,34,6.52470157458396e-07,-845.699969658706,0.169073323360675,0.282323325822769,0.240299062341946,0.30830428847461,168,0.0491371972339525,1000,61,"logistic_summary_normal_extension"
"linear_sparse_n300_t01_r0022","linear","sparse",1.3,TRUE,122,4.94155359553883e-05,1619.50807479044,0.514744261427933,0.38879497418911,0.0871416241239083,0.00931914025904802,5,0.039185525366875,1000,61,"linear_summary_normal"
"confounded_sparse_n300_t01_r0022","confounded","sparse",1.3,TRUE,142,9.356473704214e-05,1601.11078624951,0.72656656844876,0.106210018994512,0.089702701500334,0.0775207110563936,4,0.0481244218920531,1000,61,"linear_summary_normal"
"binary_sparse_n300_t01_r0022","binary","sparse",1.3,TRUE,191,9.59305469407923e-05,997.313538703608,0.615397731485209,0.254117537397849,0.0964212826250053,0.0340634484919371,6,0.0384386451238362,1000,61,"logistic_summary_normal_extension"
"linear_dense_n300_t01_r0022","linear","dense",1.3,TRUE,67,8.68204041992726e-09,-103.438425204304,0,0.493078810541001,0.404349359713762,0.102571829745236,34,0.0471714215530471,1000,61,"linear_summary_normal"
"confounded_dense_n300_t01_r0022","confounded","dense",1.3,TRUE,118,7.40987016190076e-08,-89.1292241586492,1.61449646592232e-08,0.493143134734518,0.40897185787132,0.0978849912491971,30,0.0497392288195079,1000,61,"linear_summary_normal"
"binary_dense_n300_t01_r0022","binary","dense",1.3,TRUE,204,6.37281637971832e-06,-314.126446010997,1.69009973314901e-15,0.35496192992376,0.352933646427878,0.292104423648361,75,0.0484832204367138,1000,61,"logistic_summary_normal_extension"
"linear_sparse_n300_t02_r0022","linear","sparse",1.5,TRUE,47,1.21245787698676e-06,1565.08510374972,0.760974840777541,0.144116999786442,0.0796896799942246,0.0152184794417924,2,0.0383924465866477,1000,61,"linear_summary_normal"
"confounded_sparse_n300_t02_r0022","confounded","sparse",1.5,TRUE,106,5.58317936927288e-06,1537.39030771751,0.769319868873663,0.119135413094868,0.0920125941434486,0.0195321238880202,12,0.0480798204758338,1000,61,"linear_summary_normal"
"binary_sparse_n300_t02_r0022","binary","sparse",1.5,TRUE,74,1.02713880154592e-05,928.854891517624,0.737180836516305,0.123216292864802,0.112055377526854,0.0275474930920394,1,0.00513450240466645,1000,61,"logistic_summary_normal_extension"
"linear_dense_n300_t02_r0022","linear","dense",1.5,TRUE,123,6.79513791301822e-06,-343.208987016736,0.0799210621431862,0.41246679083314,0.36150957489518,0.146102572128494,60,0.0493173606249686,1000,61,"linear_summary_normal"
"confounded_dense_n300_t02_r0022","confounded","dense",1.5,TRUE,119,1.10809065900774e-06,-340.419685499836,0.0585019044140739,0.449952600883448,0.343189009548195,0.148356485154284,70,0.0499105867237067,1000,61,"linear_summary_normal"
"binary_dense_n300_t02_r0022","binary","dense",1.5,TRUE,64,4.26207857251448e-06,-526.033956932254,0.108529109838774,0.327154536885919,0.280461493184406,0.2838548600909,109,0.049157951711368,1000,61,"logistic_summary_normal_extension"
"linear_sparse_n300_t03_r0022","linear","sparse",1.9,TRUE,115,2.5729259259144e-05,1432.42928419831,0.776742984782633,0.13043650478902,0.0671758228048556,0.0256446876234918,16,0.0375546191996022,1000,61,"linear_summary_normal"
"confounded_sparse_n300_t03_r0022","confounded","sparse",1.9,TRUE,58,1.88815658308528e-06,1452.3287316817,0.787805106892588,0.120593163153893,0.0652946723154681,0.0263070576380517,14,0.0497904933260587,1000,61,"linear_summary_normal"
"binary_sparse_n300_t03_r0022","binary","sparse",1.9,TRUE,57,1.11867311514136e-05,853.399412908796,0.765009336670711,0.124407906541827,0.0807609205865928,0.0298218362008685,11,0.0437067777180078,1000,61,"logistic_summary_normal_extension"
"linear_dense_n300_t03_r0022","linear","dense",1.9,TRUE,36,2.44041289176877e-07,-831.88990933336,0.136485872493093,0.371051057266226,0.265237809538327,0.227225260702354,148,0.0496979698750578,1000,61,"linear_summary_normal"
"confounded_dense_n300_t03_r0022","confounded","dense",1.9,TRUE,93,2.37221772225737e-07,-820.657413265444,0.15143405259745,0.356938292959798,0.259878490814459,0.231749163628293,153,0.0496580746727619,1000,61,"linear_summary_normal"
"binary_dense_n300_t03_r0022","binary","dense",1.9,TRUE,60,4.30495913139595e-07,-845.970808920864,0.148957609026936,0.33033876035265,0.239850273622928,0.280853356997485,162,0.0495347059822781,1000,61,"logistic_summary_normal_extension"
"linear_sparse_n300_t01_r0023","linear","sparse",1.3,TRUE,84,1.3859703059893e-05,1635.24359866113,0.802795697811207,0.0996155038196087,0.0873412079702163,0.0102475903989676,0,,1000,61,"linear_summary_normal"
"confounded_sparse_n300_t01_r0023","confounded","sparse",1.3,TRUE,200,2.14727051468522e-05,1613.16247816022,0.610534669413375,0.289778568876927,0.0929657987524034,0.00672096295729412,0,,1000,61,"linear_summary_normal"
"binary_sparse_n300_t01_r0023","binary","sparse",1.3,TRUE,311,3.06804220318035e-06,1016.6842151933,0.72471587790133,0.135004877769541,0.111922378576535,0.0283568657525931,1,0.0307979004797461,1000,61,"logistic_summary_normal_extension"
"linear_dense_n300_t01_r0023","linear","dense",1.3,TRUE,88,1.17671406150155e-05,-136.727539128057,0.018664159908353,0.468953281102001,0.411823411880451,0.100559147109195,34,0.0483705281223189,1000,61,"linear_summary_normal"
"confounded_dense_n300_t01_r0023","confounded","dense",1.3,TRUE,135,5.60333067012309e-06,-88.8463816666236,0.0163159609177203,0.479981437244427,0.403686069168471,0.100016532669381,25,0.0485021789337856,1000,61,"linear_summary_normal"
"binary_dense_n300_t01_r0023","binary","dense",1.3,TRUE,217,2.69710773868059e-05,-347.228906856876,0.0568643832936423,0.289043199147888,0.346053633716308,0.308038783842162,83,0.0490217366525262,1000,61,"logistic_summary_normal_extension"
"linear_sparse_n300_t02_r0023","linear","sparse",1.5,TRUE,91,8.58098947054131e-06,1545.28060106394,0.675025597374859,0.227736161829293,0.0845699563186624,0.0126682844771861,5,0.0433077047654773,1000,61,"linear_summary_normal"
"confounded_sparse_n300_t02_r0023","confounded","sparse",1.5,TRUE,145,2.95964742138555e-05,1540.08918064615,0.767133840294897,0.105373117833124,0.0852906147182634,0.0422024271537163,8,0.0457414661768616,1000,61,"linear_summary_normal"
"binary_sparse_n300_t02_r0023","binary","sparse",1.5,TRUE,71,3.2333313366717e-06,943.869931246776,0.741717187215952,0.151497599043975,0.0829393334437291,0.0238458802963434,5,0.0483702077567632,1000,61,"logistic_summary_normal_extension"
"linear_dense_n300_t02_r0023","linear","dense",1.5,TRUE,74,1.68120826860019e-06,-375.852168025078,0.0859751430327735,0.414480617067612,0.331069286662977,0.168474953236638,83,0.0496812733643405,1000,61,"linear_summary_normal"
"confounded_dense_n300_t02_r0023","confounded","dense",1.5,TRUE,177,5.06924557441835e-07,-330.460671249749,0.0774154137867233,0.42274079750013,0.353435593147514,0.146408195565632,65,0.0486747407937397,1000,61,"linear_summary_normal"
"binary_dense_n300_t02_r0023","binary","dense",1.5,TRUE,162,1.28300954127525e-06,-486.946131014569,0.114760098256483,0.326423543293365,0.297515221452972,0.26130113699718,87,0.049473712364784,1000,61,"logistic_summary_normal_extension"
"linear_sparse_n300_t03_r0023","linear","sparse",1.9,TRUE,121,4.77660546049918e-06,1412.48096509861,0.773963658849295,0.125861676622189,0.078037860696376,0.0221368038321403,13,0.0461853512149604,1000,61,"linear_summary_normal"
"confounded_sparse_n300_t03_r0023","confounded","sparse",1.9,TRUE,104,9.96053008184283e-06,1382.50950231586,0.698446096468548,0.204544107918545,0.0772334720915601,0.0197763235213467,10,0.045092039881466,1000,61,"linear_summary_normal"
"binary_sparse_n300_t03_r0023","binary","sparse",1.9,TRUE,91,6.44382464742854e-06,889.547667932155,0.735113752856777,0.164377596914145,0.0752566695830342,0.0252519806460435,10,0.044816558222447,1000,61,"logistic_summary_normal_extension"
"linear_dense_n300_t03_r0023","linear","dense",1.9,TRUE,59,3.1186499227509e-07,-849.364449903905,0.126202368136488,0.383753844746894,0.256767157388936,0.233276629727681,156,0.049865594465796,1000,61,"linear_summary_normal"
"confounded_dense_n300_t03_r0023","confounded","dense",1.9,TRUE,64,8.30581274868791e-08,-845.161801189976,0.119409742418153,0.388140537375328,0.265843706899021,0.226606013307498,152,0.0498012324530343,1000,61,"linear_summary_normal"
"binary_dense_n300_t03_r0023","binary","dense",1.9,TRUE,60,1.08675402143987e-06,-834.877228026688,0.13812159055939,0.314935934723826,0.251799988675337,0.295142486041447,156,0.0494182219411952,1000,61,"logistic_summary_normal_extension"
"linear_sparse_n300_t01_r0024","linear","sparse",1.3,TRUE,312,9.87460795225381e-05,1580.82860338618,0.630862493881751,0.123791351034652,0.0915985799210422,0.153747575162555,1,0.000498781229331165,1000,61,"linear_summary_normal"
"confounded_sparse_n300_t01_r0024","confounded","sparse",1.3,TRUE,92,7.22126554575375e-06,1616.92625027174,0.770634647475018,0.132441654330898,0.0863678525067744,0.0105558456873092,2,0.00703597564370063,1000,61,"linear_summary_normal"
"binary_sparse_n300_t01_r0024","binary","sparse",1.3,TRUE,529,9.1255454370831e-06,997.964979769309,0.614947208200317,0.241233317697622,0.0981405799175292,0.0456788941845311,4,0.0434771974238621,1000,61,"logistic_summary_normal_extension"
"linear_dense_n300_t01_r0024","linear","dense",1.3,TRUE,57,3.1704209013661e-07,-85.0467914539632,0,0.492162346287201,0.423627304400197,0.0842103493126013,25,0.0477722337425712,1000,61,"linear_summary_normal"
"confounded_dense_n300_t01_r0024","confounded","dense",1.3,TRUE,80,3.69068846595155e-08,-116.246101381788,1.75882163576496e-06,0.496732635798281,0.394279932304487,0.108985673075596,34,0.04974987423688,1000,61,"linear_summary_normal"
"binary_dense_n300_t01_r0024","binary","dense",1.3,TRUE,178,9.12166343347565e-07,-321.49823194525,2.41440842803798e-06,0.371205988485018,0.365576750012396,0.263214847094158,65,0.0491353235073233,1000,61,"logistic_summary_normal_extension"
"linear_sparse_n300_t02_r0024","linear","sparse",1.5,TRUE,95,4.12532205329441e-06,1562.06998038408,0.781163944028687,0.124012819235317,0.0806478524744228,0.0141753842615736,6,0.0419574598847799,1000,61,"linear_summary_normal"
"confounded_sparse_n300_t02_r0024","confounded","sparse",1.5,TRUE,119,6.60631799842548e-06,1515.73469184918,0.738911187980522,0.122071695747094,0.093394900083818,0.0456222161885658,3,0.0383858592022482,1000,61,"linear_summary_normal"
"binary_sparse_n300_t02_r0024","binary","sparse",1.5,TRUE,150,2.55374779343231e-05,969.964207989946,0.783610052989751,0.105994714654676,0.0816097938337557,0.0287854385218174,8,0.0496464346529226,1000,61,"logistic_summary_normal_extension"
"linear_dense_n300_t02_r0024","linear","dense",1.5,TRUE,89,9.76053609047511e-07,-316.330633808003,0.0973601335635593,0.41073070806491,0.337112013765028,0.154797144606502,72,0.0498448968020484,1000,61,"linear_summary_normal"
"confounded_dense_n300_t02_r0024","confounded","dense",1.5,TRUE,70,1.32057807800123e-07,-353.982259388226,0.0617816293138214,0.437395388164794,0.359902379524473,0.140920602996912,61,0.0496440091385599,1000,61,"linear_summary_normal"
"binary_dense_n300_t02_r0024","binary","dense",1.5,TRUE,121,4.40873760920724e-06,-479.05778575192,0.133612822785212,0.31233398685355,0.283212831367345,0.270840358993894,107,0.0491940688358087,1000,61,"logistic_summary_normal_extension"
"linear_sparse_n300_t03_r0024","linear","sparse",1.9,TRUE,76,1.28894774298338e-06,1469.4081969548,0.794655401606959,0.112047532329019,0.0677305082238192,0.0255665578402029,14,0.0476502768339581,1000,61,"linear_summary_normal"
"confounded_sparse_n300_t03_r0024","confounded","sparse",1.9,TRUE,56,4.13116143960224e-06,1524.98374035031,0.802842095488996,0.10693772678805,0.0678714317981045,0.0223487459248499,12,0.0368114292241345,1000,61,"linear_summary_normal"
"binary_sparse_n300_t03_r0024","binary","sparse",1.9,TRUE,84,2.61805938195359e-06,862.827999063911,0.770018978235521,0.12138011660732,0.0764815493453795,0.032119355811779,17,0.0378783231425457,1000,61,"logistic_summary_normal_extension"
"linear_dense_n300_t03_r0024","linear","dense",1.9,TRUE,51,1.23713144462023e-06,-847.921597769142,0.126561082746504,0.384646203957172,0.257696358511286,0.231096354785038,154,0.0499520836576945,1000,61,"linear_summary_normal"
"confounded_dense_n300_t03_r0024","confounded","dense",1.9,TRUE,61,1.99347989249254e-06,-859.482342544221,0.1359147208018,0.369754174375969,0.254130279835716,0.240200824986515,165,0.0495851434162837,1000,61,"linear_summary_normal"
"binary_dense_n300_t03_r0024","binary","dense",1.9,TRUE,37,7.08393808035446e-06,-839.86089873447,0.150867360945495,0.288746808721382,0.238638335942481,0.321747494390643,178,0.049359712776711,1000,61,"logistic_summary_normal_extension"
"linear_sparse_n300_t01_r0025","linear","sparse",1.3,TRUE,145,3.33064058881671e-05,1600.327020326,0.659053282875782,0.240129175211072,0.0908493296043313,0.00996821230881445,0,,1000,61,"linear_summary_normal"
"confounded_sparse_n300_t01_r0025","confounded","sparse",1.3,TRUE,85,4.35131966753932e-05,1599.1919356966,0.736230094544374,0.136649430037454,0.103239554440749,0.0238809209774222,0,,1000,61,"linear_summary_normal"
"binary_sparse_n300_t01_r0025","binary","sparse",1.3,TRUE,103,4.04087101635309e-05,1025.25481619979,0.78185786540601,0.0843967735497679,0.106034662605293,0.0277106984389288,5,0.028675378719878,1000,61,"logistic_summary_normal_extension"
"linear_dense_n300_t01_r0025","linear","dense",1.3,TRUE,81,3.60587286696301e-08,-80.1753303326865,0,0.492565904199342,0.409787884668174,0.0976462111324839,25,0.04758394113169,1000,61,"linear_summary_normal"
"confounded_dense_n300_t01_r0025","confounded","dense",1.3,TRUE,60,1.17365648000245e-06,-112.90922119527,0,0.49785340958887,0.3883054455399,0.11384114487123,30,0.0499094668837954,1000,61,"linear_summary_normal"
"binary_dense_n300_t01_r0025","binary","dense",1.3,TRUE,134,1.06422217782676e-05,-322.603650877093,2.99586315295464e-10,0.342359358938925,0.379295751933668,0.278344888827821,65,0.0489506835112787,1000,61,"logistic_summary_normal_extension"
"linear_sparse_n300_t02_r0025","linear","sparse",1.5,TRUE,73,1.9748388502272e-06,1546.76690898731,0.770913501677459,0.131721842685582,0.0825450165794586,0.014819639057501,4,0.0323973687194622,1000,61,"linear_summary_normal"
"confounded_sparse_n300_t02_r0025","confounded","sparse",1.5,TRUE,117,9.51054894837711e-06,1584.10644318977,0.726518053912548,0.177484925722748,0.0828305137354265,0.0131665066292781,5,0.035720207528703,1000,61,"linear_summary_normal"
"binary_sparse_n300_t02_r0025","binary","sparse",1.5,TRUE,101,3.35813192640089e-05,949.321188107664,0.808501375229461,0.0805422482689634,0.0710604514256982,0.0398959250758777,15,0.0497503089541312,1000,61,"logistic_summary_normal_extension"
"linear_dense_n300_t02_r0025","linear","dense",1.5,TRUE,59,1.78316493504305e-06,-362.332806442596,0.0651065301310898,0.433575649557334,0.35269723657911,0.148620583732466,72,0.0486026059978256,1000,61,"linear_summary_normal"
"confounded_dense_n300_t02_r0025","confounded","dense",1.5,TRUE,70,2.08197173028335e-05,-355.136109640469,0.0245595133013013,0.480710400238109,0.333446465289211,0.161283621171378,74,0.0499397496095778,1000,61,"linear_summary_normal"
"binary_dense_n300_t02_r0025","binary","dense",1.5,TRUE,147,8.27197205000019e-06,-508.991824762169,0.00181321078738702,0.417010566067499,0.279329700218807,0.301846522926307,128,0.04941034670651,1000,61,"logistic_summary_normal_extension"
"linear_sparse_n300_t03_r0025","linear","sparse",1.9,TRUE,175,9.97962966822197e-05,1408.88332887492,0.688301401529591,0.144984495337137,0.141485313843565,0.0252287892897056,12,0.0421899380551902,1000,61,"linear_summary_normal"
"confounded_sparse_n300_t03_r0025","confounded","sparse",1.9,TRUE,110,6.86030526297898e-06,1425.06642737899,0.777260474108367,0.128068049049109,0.0728658140405911,0.0218056628019331,12,0.0477415043200318,1000,61,"linear_summary_normal"
"binary_sparse_n300_t03_r0025","binary","sparse",1.9,TRUE,56,3.70030957919099e-06,895.819035875815,0.758607536334455,0.134981602218792,0.0665853314186222,0.0398255300281304,17,0.0492863284102955,1000,61,"logistic_summary_normal_extension"
"linear_dense_n300_t03_r0025","linear","dense",1.9,TRUE,77,1.50279832333844e-06,-846.012602574387,0.129653021577457,0.385795080737531,0.247880552668824,0.236671345016187,155,0.049577707988596,1000,61,"linear_summary_normal"
"confounded_dense_n300_t03_r0025","confounded","dense",1.9,TRUE,35,3.77618069702379e-07,-839.380771039021,0.132849619740083,0.375509914723217,0.263294869651108,0.228345595885592,151,0.0494257654797995,1000,61,"linear_summary_normal"
"binary_dense_n300_t03_r0025","binary","dense",1.9,TRUE,43,1.77549829216694e-06,-830.801285151981,0.153914212127598,0.30636313938841,0.229219659654042,0.31050298882995,174,0.0493208960531735,1000,61,"logistic_summary_normal_extension"
"linear_sparse_n300_t01_r0026","linear","sparse",1.3,TRUE,142,6.85808946441213e-05,1601.97418756351,0.674061820044644,0.224807544088274,0.0928822062118181,0.00824842965526384,0,,1000,61,"linear_summary_normal"
"confounded_sparse_n300_t01_r0026","confounded","sparse",1.3,TRUE,105,1.51456852206522e-05,1567.05767991361,0.726087848337019,0.170957401949763,0.0920718722056271,0.0108828775075902,2,0.0253444828746596,1000,61,"linear_summary_normal"
"binary_sparse_n300_t01_r0026","binary","sparse",1.3,TRUE,132,1.18303923948293e-05,998.431962770484,0.737334652924045,0.129728536916127,0.103975731756246,0.0289610784035817,7,0.0423051656226357,1000,61,"logistic_summary_normal_extension"
"linear_dense_n300_t01_r0026","linear","dense",1.3,TRUE,85,5.65517098038981e-07,-109.660116557707,2.26336805517102e-05,0.492305238771285,0.40772507384343,0.0999470537047325,33,0.0486712420700428,1000,61,"linear_summary_normal"
"confounded_dense_n300_t01_r0026","confounded","dense",1.3,TRUE,57,1.88086226593498e-07,-84.7658921755614,1.66194449750355e-06,0.498579441396534,0.393121915301741,0.108296981357228,41,0.0484298608236956,1000,61,"linear_summary_normal"
"binary_dense_n300_t01_r0026","binary","dense",1.3,TRUE,333,3.325227194928e-06,-335.291932726535,9.77145753833165e-10,0.344764949916693,0.343307339108493,0.311927709997668,83,0.0497127866461802,1000,61,"logistic_summary_normal_extension"
"linear_sparse_n300_t02_r0026","linear","sparse",1.5,TRUE,248,9.79860059586724e-05,1524.79070117848,0.650016078610306,0.134076308030326,0.0939572678623678,0.121950345497001,0,,1000,61,"linear_summary_normal"
"confounded_sparse_n300_t02_r0026","confounded","sparse",1.5,TRUE,59,2.48766585653204e-05,1596.07453433928,0.736435818120847,0.170028701475865,0.0835037636459431,0.010031716757344,5,0.0497578627672883,1000,61,"linear_summary_normal"
"binary_sparse_n300_t02_r0026","binary","sparse",1.5,TRUE,104,4.61711365695727e-06,982.471011447456,0.796716721080445,0.0828665689576392,0.0852851223006697,0.035131587661246,7,0.0451663065490773,1000,61,"logistic_summary_normal_extension"
"linear_dense_n300_t02_r0026","linear","dense",1.5,TRUE,97,4.62034230874764e-08,-356.014526659166,0.0404600583439613,0.452884498606267,0.366428084563627,0.140227358486145,67,0.0491794195749411,1000,61,"linear_summary_normal"
"confounded_dense_n300_t02_r0026","confounded","dense",1.5,TRUE,62,1.70283960454487e-05,-314.404017061967,0.0869668660577804,0.413321824452913,0.34088209213475,0.158829217354557,81,0.0496544475366762,1000,61,"linear_summary_normal"
"binary_dense_n300_t02_r0026","binary","dense",1.5,TRUE,49,1.04521132326951e-06,-529.445461693346,0.101867742341987,0.320581362669666,0.277337443876553,0.300213451111795,118,0.0490489638182637,1000,61,"logistic_summary_normal_extension"
"linear_sparse_n300_t03_r0026","linear","sparse",1.9,TRUE,60,2.47597699558622e-05,1480.99460044769,0.796695011577898,0.108274886815315,0.0752698005786112,0.0197603010281767,12,0.0463605354293799,1000,61,"linear_summary_normal"
"confounded_sparse_n300_t03_r0026","confounded","sparse",1.9,TRUE,93,2.23728047776817e-06,1433.81785050853,0.778054823923082,0.120623435740855,0.0818239385503005,0.0194978017857621,5,0.0429270876507023,1000,61,"linear_summary_normal"
"binary_sparse_n300_t03_r0026","binary","sparse",1.9,TRUE,94,6.46160052264477e-06,864.394707256618,0.762506059255611,0.139450458267021,0.0704719440813348,0.027571538396033,12,0.0336081949300883,1000,61,"logistic_summary_normal_extension"
"linear_dense_n300_t03_r0026","linear","dense",1.9,TRUE,106,2.87938723531056e-07,-872.587992079891,0.131311203168527,0.380888467090776,0.243378730774509,0.244421598966188,166,0.0488396336152983,1000,61,"linear_summary_normal"
"confounded_dense_n300_t03_r0026","confounded","dense",1.9,TRUE,46,3.28901242241386e-07,-817.090222555488,0.156932156640258,0.357006927414042,0.245979576809646,0.240081339136053,162,0.049103834970557,1000,61,"linear_summary_normal"
"binary_dense_n300_t03_r0026","binary","dense",1.9,TRUE,41,1.12892055017522e-05,-824.784982602567,0.140638673352494,0.325360735175951,0.216820646315625,0.317179945155931,189,0.0495755175969345,1000,61,"logistic_summary_normal_extension"
"linear_sparse_n300_t01_r0027","linear","sparse",1.3,TRUE,113,2.88633691141182e-05,1580.09150570566,0.697935881927359,0.203820807597923,0.0869991103401178,0.0112442001346006,2,0.0368328463321985,1000,61,"linear_summary_normal"
"confounded_sparse_n300_t01_r0027","confounded","sparse",1.3,TRUE,229,3.13353365060109e-05,1623.82420799117,0.711920157613731,0.195380860106291,0.0823140660858844,0.0103849161940931,2,0.03632068273344,1000,61,"linear_summary_normal"
"binary_sparse_n300_t01_r0027","binary","sparse",1.3,TRUE,111,3.35689687123164e-05,1013.284845414,0.74705778886672,0.118876270409841,0.0935443564771185,0.0405215842463204,9,0.0469680033848011,1000,61,"logistic_summary_normal_extension"
"linear_dense_n300_t01_r0027","linear","dense",1.3,TRUE,95,6.02571578189881e-07,-42.921902445751,0.0675220823146252,0.436599932197994,0.408399563033576,0.0874784224538049,26,0.0472598052502172,1000,61,"linear_summary_normal"
"confounded_dense_n300_t01_r0027","confounded","dense",1.3,TRUE,173,2.51232174175442e-07,-68.084250044221,1.70464548584504e-05,0.501883752526687,0.404303081765468,0.0937961192529867,36,0.0491070334312785,1000,61,"linear_summary_normal"
"binary_dense_n300_t01_r0027","binary","dense",1.3,TRUE,446,1.17046334005e-05,-311.463598050355,0.0147254710762056,0.339429112453533,0.351523238711091,0.294322177759171,90,0.049538414532423,1000,61,"logistic_summary_normal_extension"
"linear_sparse_n300_t02_r0027","linear","sparse",1.5,TRUE,84,9.02856397599905e-06,1529.41941698553,0.634334269354226,0.270946723754916,0.0793509666520116,0.0153680402388461,8,0.0447147915578246,1000,61,"linear_summary_normal"
"confounded_sparse_n300_t02_r0027","confounded","sparse",1.5,TRUE,88,1.26895198793164e-05,1553.43407031201,0.778359928473045,0.123391600732425,0.0878182407364975,0.0104302300580328,4,0.0302501702258696,1000,61,"linear_summary_normal"
"binary_sparse_n300_t02_r0027","binary","sparse",1.5,TRUE,107,1.48736499914204e-05,969.148488377577,0.764377269207935,0.116677567572665,0.093929102079685,0.0250160611397149,5,0.0425139667694854,1000,61,"logistic_summary_normal_extension"
"linear_dense_n300_t02_r0027","linear","dense",1.5,TRUE,160,1.03968083431383e-06,-315.295151148653,0.0649025725929468,0.438689981439861,0.360250872493045,0.136156573474148,58,0.048164583533045,1000,61,"linear_summary_normal"
"confounded_dense_n300_t02_r0027","confounded","dense",1.5,TRUE,72,1.9591896861737e-05,-336.558060996962,0.00862010601515928,0.488051744502369,0.366661716745807,0.136666432736665,60,0.0491052979054852,1000,61,"linear_summary_normal"
"binary_dense_n300_t02_r0027","binary","dense",1.5,TRUE,170,1.69435701002918e-06,-492.673454521804,0.0691500370024912,0.33279499108625,0.298287204651016,0.299767767260243,112,0.0496826817176627,1000,61,"logistic_summary_normal_extension"
"linear_sparse_n300_t03_r0027","linear","sparse",1.9,TRUE,74,8.16314840546006e-06,1440.27507686583,0.73325545319591,0.166013855018754,0.0833609586504289,0.0173697331349066,9,0.0312756438789802,1000,61,"linear_summary_normal"
"confounded_sparse_n300_t03_r0027","confounded","sparse",1.9,TRUE,62,4.51620115970996e-06,1440.27602827051,0.734212321146917,0.17084669050864,0.074601490544297,0.0203394978001464,11,0.0424777470435773,1000,61,"linear_summary_normal"
"binary_sparse_n300_t03_r0027","binary","sparse",1.9,TRUE,56,4.68670244879732e-06,896.724157339403,0.789846627620196,0.111351201175488,0.070390115364118,0.0284120558401979,13,0.0461793736610005,1000,61,"logistic_summary_normal_extension"
"linear_dense_n300_t03_r0027","linear","dense",1.9,TRUE,51,2.04653734736659e-06,-888.164026083288,0.124772507973902,0.379981438185739,0.24874475894142,0.246501294898938,170,0.0489952405504859,1000,61,"linear_summary_normal"
"confounded_dense_n300_t03_r0027","confounded","dense",1.9,TRUE,48,2.23006995758723e-07,-834.375157578959,0.145794879947273,0.371793638063832,0.244512638317278,0.237898843671617,160,0.0490123974474314,1000,61,"linear_summary_normal"
"binary_dense_n300_t03_r0027","binary","dense",1.9,TRUE,50,9.46821804514997e-07,-804.24472919984,0.186238849769006,0.295290105003819,0.216245536415105,0.302225508812069,176,0.0490971591835502,1000,61,"logistic_summary_normal_extension"
"linear_sparse_n300_t01_r0028","linear","sparse",1.3,TRUE,75,1.84689948090622e-06,1673.77718227202,0.82444600799032,0.0707488585875557,0.098091384090147,0.00671374933197767,0,,1000,61,"linear_summary_normal"
"confounded_sparse_n300_t01_r0028","confounded","sparse",1.3,TRUE,92,6.36820194435117e-05,1612.57176385663,0.768841413339995,0.135198579869648,0.086679517116318,0.00928048967403854,3,0.0294659337573072,1000,61,"linear_summary_normal"
"binary_sparse_n300_t01_r0028","binary","sparse",1.3,TRUE,90,1.61564194316455e-05,975.988257309594,0.73481506430823,0.13092938631926,0.114957966094369,0.0192975832781403,5,0.04087818491642,1000,61,"logistic_summary_normal_extension"
"linear_dense_n300_t01_r0028","linear","dense",1.3,TRUE,135,1.85526363516431e-06,-88.8013829204826,0.0658937353923753,0.432130775757221,0.398786145520709,0.103189343329696,40,0.0499363723007198,1000,61,"linear_summary_normal"
"confounded_dense_n300_t01_r0028","confounded","dense",1.3,TRUE,82,1.58623126411683e-07,-97.4695329415741,2.48692510472875e-08,0.496127662951916,0.404123562369689,0.099748749809144,34,0.0491778006876913,1000,61,"linear_summary_normal"
"binary_dense_n300_t01_r0028","binary","dense",1.3,TRUE,250,1.68487653728899e-05,-312.423790024245,0.0103241994395438,0.339755049247373,0.340584869739412,0.309335881573671,76,0.048930807526665,1000,61,"logistic_summary_normal_extension"
"linear_sparse_n300_t02_r0028","linear","sparse",1.5,TRUE,121,3.75862964301366e-05,1579.06353144861,0.738137343562518,0.166015691852196,0.082993202250723,0.0128537623345634,6,0.0218954689669946,1000,61,"linear_summary_normal"
"confounded_sparse_n300_t02_r0028","confounded","sparse",1.5,TRUE,72,1.66788388278327e-06,1553.11210931512,0.779204654810914,0.125434049482081,0.0779126824473355,0.01744861325967,9,0.0278241764342552,1000,61,"linear_summary_normal"
"binary_sparse_n300_t02_r0028","binary","sparse",1.5,TRUE,84,2.78759787342153e-06,944.792201876256,0.765232184443377,0.115804023794921,0.0756339913500844,0.043329800411617,6,0.0435631569983145,1000,61,"logistic_summary_normal_extension"
"linear_dense_n300_t02_r0028","linear","dense",1.5,TRUE,61,3.04951749208193e-06,-354.774985720345,0.0334011518667795,0.469406892111979,0.345875769666221,0.151316186355021,65,0.0497338982986112,1000,61,"linear_summary_normal"
"confounded_dense_n300_t02_r0028","confounded","dense",1.5,TRUE,164,1.1962426729184e-06,-328.854406685251,0.0627292819260643,0.44467322825912,0.336927220679605,0.15567026913521,77,0.0487552003179175,1000,61,"linear_summary_normal"
"binary_dense_n300_t02_r0028","binary","dense",1.5,TRUE,44,2.71753348268788e-07,-506.386533950177,0.124124177647247,0.317720439866372,0.272952158456318,0.285203224030062,123,0.0497782091238974,1000,61,"logistic_summary_normal_extension"
"linear_sparse_n300_t03_r0028","linear","sparse",1.9,TRUE,42,8.51169058702084e-06,1463.69682864369,0.798819152289726,0.0923279372592349,0.0882762954388745,0.0205766150121647,9,0.0398150050653369,1000,61,"linear_summary_normal"
"confounded_sparse_n300_t03_r0028","confounded","sparse",1.9,TRUE,106,1.69136059602337e-06,1455.36690276061,0.802151770215645,0.0986450618500677,0.0786902101134067,0.0205129578208812,8,0.0377509873688875,1000,61,"linear_summary_normal"
"binary_sparse_n300_t03_r0028","binary","sparse",1.9,TRUE,53,1.39806160448508e-06,841.175276657528,0.73841862028096,0.165504454551576,0.0624795674699143,0.0335973576975495,18,0.0355055162502814,1000,61,"logistic_summary_normal_extension"
"linear_dense_n300_t03_r0028","linear","dense",1.9,TRUE,43,6.58507848694256e-07,-838.643453623906,0.129233762707186,0.384111829250582,0.255395534793322,0.23125887324891,152,0.0486885104546252,1000,61,"linear_summary_normal"
"confounded_dense_n300_t03_r0028","confounded","dense",1.9,TRUE,45,8.63205458889738e-07,-805.558572226395,0.145500726184101,0.371346998869824,0.247893163401445,0.235259111544631,154,0.049112154583867,1000,61,"linear_summary_normal"
"binary_dense_n300_t03_r0028","binary","dense",1.9,TRUE,47,4.05020610827478e-07,-780.030352173941,0.187805814815674,0.2890257781264,0.227206255763316,0.29596215129461,164,0.049505245361543,1000,61,"logistic_summary_normal_extension"
"linear_sparse_n300_t01_r0029","linear","sparse",1.3,TRUE,96,3.34891442266283e-06,1584.64188931582,0.682420534502963,0.221823968730503,0.0829577863288258,0.0127977104377085,3,0.0321659368206973,1000,61,"linear_summary_normal"
"confounded_sparse_n300_t01_r0029","confounded","sparse",1.3,TRUE,74,1.22302040335143e-05,1648.27707651072,0.817410651558341,0.0840373713549416,0.0920150905960966,0.00653688649062048,1,0.00164353123118801,1000,61,"linear_summary_normal"
"binary_sparse_n300_t01_r0029","binary","sparse",1.3,TRUE,427,3.72527639647124e-05,968.944552265755,0.0963939272402979,0.773089142326065,0.093022171183893,0.037494759249744,5,0.0427842326990273,1000,61,"logistic_summary_normal_extension"
"linear_dense_n300_t01_r0029","linear","dense",1.3,TRUE,44,1.95272891190257e-08,-133.509830115262,0,0.492610191697423,0.401841487029265,0.105548321273312,34,0.0494253897655815,1000,61,"linear_summary_normal"
"confounded_dense_n300_t01_r0029","confounded","dense",1.3,TRUE,99,4.16375377065847e-07,-113.09483078504,2.16144165186231e-05,0.500721974063846,0.390268072974819,0.108988338544816,36,0.0492451402524063,1000,61,"linear_summary_normal"
"binary_dense_n300_t01_r0029","binary","dense",1.3,TRUE,179,2.09252668601501e-05,-305.461261621866,2.4336251395261e-07,0.356606278177489,0.343423131128818,0.299970347331179,81,0.0494970118087433,1000,61,"logistic_summary_normal_extension"
"linear_sparse_n300_t02_r0029","linear","sparse",1.5,TRUE,333,9.98393516014051e-05,1509.19844331329,0.575507017838763,0.127370591651852,0.279688134271915,0.01743425623747,5,0.0408415149004767,1000,61,"linear_summary_normal"
"confounded_sparse_n300_t02_r0029","confounded","sparse",1.5,TRUE,73,2.75418887962786e-06,1547.23414265924,0.749133511667932,0.157575522527122,0.0783869508590723,0.0149040149458743,3,0.0468274030939523,1000,61,"linear_summary_normal"
"binary_sparse_n300_t02_r0029","binary","sparse",1.5,TRUE,72,1.28512486696764e-06,937.898477556643,0.751567805261687,0.130673586044057,0.0879686976361733,0.0297899110580829,10,0.0441565025810379,1000,61,"logistic_summary_normal_extension"
"linear_dense_n300_t02_r0029","linear","dense",1.5,TRUE,140,1.25163603925671e-07,-364.1588677019,0.0734104607441567,0.425813707978114,0.341027191317092,0.159748639960638,72,0.0497601677044138,1000,61,"linear_summary_normal"
"confounded_dense_n300_t02_r0029","confounded","dense",1.5,TRUE,106,1.26908598518938e-06,-336.044165242736,0.0441491411344973,0.456420533301467,0.357268372700094,0.142161952863942,71,0.0498090793006241,1000,61,"linear_summary_normal"
"binary_dense_n300_t02_r0029","binary","dense",1.5,TRUE,83,1.01238283223282e-06,-521.283537840376,0.0843428405827602,0.35985557417706,0.273928963132375,0.281872622107805,128,0.0497148818238847,1000,61,"logistic_summary_normal_extension"
"linear_sparse_n300_t03_r0029","linear","sparse",1.9,TRUE,71,9.94437578385465e-05,1425.24886996457,0.737691323362703,0.151000224192713,0.0796915241538012,0.0316169282907829,10,0.0315679641129032,1000,61,"linear_summary_normal"
"confounded_sparse_n300_t03_r0029","confounded","sparse",1.9,TRUE,62,4.41893362679302e-06,1427.52985250466,0.772195031291987,0.133130758362419,0.0718342387207232,0.0228399716248706,15,0.0462159086909273,1000,61,"linear_summary_normal"
"binary_sparse_n300_t03_r0029","binary","sparse",1.9,TRUE,95,2.1114183503812e-06,811.804665484515,0.763755044238708,0.122389160545407,0.0780080692566839,0.0358477259592018,15,0.0485921642519066,1000,61,"logistic_summary_normal_extension"
"linear_dense_n300_t03_r0029","linear","dense",1.9,TRUE,44,8.53980496096085e-07,-841.927265535426,0.154655290864695,0.354351837798368,0.251887307893743,0.239105563443194,160,0.0499842556291717,1000,61,"linear_summary_normal"
"confounded_dense_n300_t03_r0029","confounded","dense",1.9,TRUE,41,2.69233824945481e-06,-851.766759815231,0.124443412608209,0.38263486162435,0.259749193917159,0.233172531850281,157,0.0491367785320024,1000,61,"linear_summary_normal"
"binary_dense_n300_t03_r0029","binary","dense",1.9,TRUE,75,4.01671690442029e-06,-799.763442209279,0.181543705164493,0.260793681194062,0.230295500011379,0.327367113630066,178,0.049745476879103,1000,61,"logistic_summary_normal_extension"
"linear_sparse_n300_t01_r0030","linear","sparse",1.3,TRUE,91,8.97520199161228e-06,1659.82791839677,0.782202286381874,0.121184760361355,0.0922746093754007,0.00433834388137073,1,0.0107041426723825,1000,61,"linear_summary_normal"
"confounded_sparse_n300_t01_r0030","confounded","sparse",1.3,TRUE,110,8.25747047494829e-06,1612.04454414753,0.703085984414364,0.19796477935075,0.0967016343481005,0.0022476018867859,0,,1000,61,"linear_summary_normal"
"binary_sparse_n300_t01_r0030","binary","sparse",1.3,TRUE,253,1.92395269513757e-05,971.012506441233,0.650977304501009,0.214160009358659,0.112878789633024,0.0219838965073089,3,0.020242501343653,1000,61,"logistic_summary_normal_extension"
"linear_dense_n300_t01_r0030","linear","dense",1.3,TRUE,37,4.07788030676315e-07,-89.0401519198917,0,0.498592441131014,0.404018452478158,0.0973891063908279,26,0.0456525958600222,1000,61,"linear_summary_normal"
"confounded_dense_n300_t01_r0030","confounded","dense",1.3,TRUE,140,2.1713446196614e-07,-66.1972688313406,2.53468427924288e-05,0.493823777629605,0.400926868049485,0.105224007478117,42,0.0495979071005715,1000,61,"linear_summary_normal"
"binary_dense_n300_t01_r0030","binary","dense",1.3,TRUE,367,1.80217536716043e-06,-324.87361965127,0,0.357078025312352,0.34978462085593,0.293137353831718,68,0.0496816076125717,1000,61,"logistic_summary_normal_extension"
"linear_sparse_n300_t02_r0030","linear","sparse",1.5,TRUE,131,5.41941470721952e-06,1512.22104570303,0.653746104564875,0.245402046073029,0.091160450087557,0.00969139927453907,2,0.016117348095395,1000,61,"linear_summary_normal"
"confounded_sparse_n300_t02_r0030","confounded","sparse",1.5,TRUE,102,1.39615843399721e-05,1560.04778949613,0.768364945758327,0.133453449711594,0.0901795070882507,0.00800209744182771,2,0.0455316948847167,1000,61,"linear_summary_normal"
"binary_sparse_n300_t02_r0030","binary","sparse",1.5,TRUE,52,1.25812995221963e-06,964.884488342321,0.754027692664575,0.125012261499443,0.104803499808649,0.0161565460273329,5,0.0499230853048308,1000,61,"logistic_summary_normal_extension"
"linear_dense_n300_t02_r0030","linear","dense",1.5,TRUE,49,1.99163265390823e-06,-329.346392405898,0.0670512887142172,0.438809833512129,0.352387706150038,0.141751171623616,60,0.0483541341057397,1000,61,"linear_summary_normal"
"confounded_dense_n300_t02_r0030","confounded","dense",1.5,TRUE,120,5.37693511233339e-05,-344.019363246731,0.0258997746558087,0.470810100676971,0.360030805797238,0.143259318869983,58,0.0484150863336113,1000,61,"linear_summary_normal"
"binary_dense_n300_t02_r0030","binary","dense",1.5,TRUE,89,4.79754886262285e-06,-522.993630574014,0.00926491555715077,0.404406896879278,0.28553964343047,0.300788544133102,127,0.0496161319165612,1000,61,"logistic_summary_normal_extension"
"linear_sparse_n300_t03_r0030","linear","sparse",1.9,TRUE,55,3.35089109948505e-06,1410.12068095623,0.767799261617037,0.132925786218396,0.0771606894012914,0.0221142627632756,14,0.0326445253291428,1000,61,"linear_summary_normal"
"confounded_sparse_n300_t03_r0030","confounded","sparse",1.9,TRUE,61,4.31220169638813e-06,1425.39955810667,0.683686879085999,0.221623740959042,0.0732844361813028,0.0214049437736561,12,0.0388512726597264,1000,61,"linear_summary_normal"
"binary_sparse_n300_t03_r0030","binary","sparse",1.9,TRUE,95,9.65276063302767e-07,831.39419632726,0.778685932880534,0.105591295786567,0.0812277964848524,0.0344949748480474,15,0.0445197843369424,1000,61,"logistic_summary_normal_extension"
"linear_dense_n300_t03_r0030","linear","dense",1.9,TRUE,41,6.83141723856195e-07,-819.357261130162,0.145229014875475,0.361739889762455,0.268827496552584,0.224203598809487,148,0.0496871336113198,1000,61,"linear_summary_normal"
"confounded_dense_n300_t03_r0030","confounded","dense",1.9,TRUE,35,5.39169093149994e-07,-849.59827653296,0.140089478691288,0.374355805322552,0.249788420672115,0.235766295314045,157,0.0498152441447137,1000,61,"linear_summary_normal"
"binary_dense_n300_t03_r0030","binary","dense",1.9,TRUE,41,9.74488194360745e-07,-832.052873344548,0.163939576030305,0.295741153820036,0.237038884121157,0.303280386028501,179,0.0490028218903998,1000,61,"logistic_summary_normal_extension"
"linear_sparse_n300_t01_r0031","linear","sparse",1.3,TRUE,163,5.44566537012958e-05,1599.69030977067,0.667512148311902,0.223693085525054,0.100962716368601,0.00783204979444272,2,0.0157230913366139,1000,61,"linear_summary_normal"
"confounded_sparse_n300_t01_r0031","confounded","sparse",1.3,TRUE,208,2.2555340645658e-05,1635.95899839032,0.6400255231453,0.26427264455143,0.0878616357450238,0.0078401965582453,1,0.0137883660001604,1000,61,"linear_summary_normal"
"binary_sparse_n300_t01_r0031","binary","sparse",1.3,TRUE,367,8.20371166332379e-06,1001.39764605401,0.681229644895245,0.191942842784546,0.115853726769436,0.0109737855507728,0,,1000,61,"logistic_summary_normal_extension"
"linear_dense_n300_t01_r0031","linear","dense",1.3,TRUE,77,5.88396109613143e-09,-125.211624601093,2.61614551276674e-08,0.489841752463352,0.398531232872246,0.111626988502947,37,0.0489945111153221,1000,61,"linear_summary_normal"
"confounded_dense_n300_t01_r0031","confounded","dense",1.3,TRUE,82,1.21574002522884e-05,-97.6487021397242,0.0701282841406532,0.435084086850523,0.388837432524996,0.105950196483828,40,0.0478528126115816,1000,61,"linear_summary_normal"
"binary_dense_n300_t01_r0031","binary","dense",1.3,TRUE,153,3.35538915541278e-07,-304.01744585031,5.83222909449366e-09,0.349883528157139,0.361158757273595,0.288957708737036,73,0.0485513319698057,1000,61,"logistic_summary_normal_extension"
"linear_sparse_n300_t02_r0031","linear","sparse",1.5,TRUE,105,3.25122940703082e-06,1597.16770474723,0.669789050124738,0.235628493066408,0.0833672683660855,0.0112151884427684,6,0.0139492798881968,1000,61,"linear_summary_normal"
"confounded_sparse_n300_t02_r0031","confounded","sparse",1.5,TRUE,75,1.28584297316436e-05,1546.17922256144,0.762039377832541,0.139581527842976,0.0902123924518218,0.00816670187266079,2,0.0161591900517969,1000,61,"linear_summary_normal"
"binary_sparse_n300_t02_r0031","binary","sparse",1.5,TRUE,75,6.67192696071073e-05,966.039766162915,0.68462023797165,0.198993994048131,0.0782034805179336,0.0381822874622863,11,0.0468940427486328,1000,61,"logistic_summary_normal_extension"
"linear_dense_n300_t02_r0031","linear","dense",1.5,TRUE,87,8.65818936324203e-07,-304.826230197989,0.0868544922841801,0.410279652332973,0.371454868697085,0.131410986685761,58,0.0498820576228164,1000,61,"linear_summary_normal"
"confounded_dense_n300_t02_r0031","confounded","dense",1.5,TRUE,69,5.11600845687354e-07,-354.784572292802,0.0494639302193322,0.448548437489772,0.367446172479461,0.134541459811435,54,0.0486426456255281,1000,61,"linear_summary_normal"
"binary_dense_n300_t02_r0031","binary","dense",1.5,TRUE,270,1.30250851633207e-05,-540.822376213976,0.0820497593258404,0.315971719101739,0.286103973964973,0.315874547607447,107,0.0495469308684331,1000,61,"logistic_summary_normal_extension"
"linear_sparse_n300_t03_r0031","linear","sparse",1.9,TRUE,69,2.92061338447169e-06,1392.62329789538,0.676843054676069,0.225514052663648,0.0746729657988064,0.0229699268614763,15,0.0476614030387011,1000,61,"linear_summary_normal"
"confounded_sparse_n300_t03_r0031","confounded","sparse",1.9,TRUE,71,4.16344854814454e-06,1422.79219873653,0.731598801548274,0.169096694879325,0.0805521028998277,0.0187524006725736,12,0.0354335220727932,1000,61,"linear_summary_normal"
"binary_sparse_n300_t03_r0031","binary","sparse",1.9,TRUE,88,4.30128415951359e-06,854.567448067564,0.784085663066865,0.11093149529636,0.0728174133387326,0.0321654282980419,14,0.0428133717031211,1000,61,"logistic_summary_normal_extension"
"linear_dense_n300_t03_r0031","linear","dense",1.9,TRUE,43,6.15570224793416e-07,-855.065364719316,0.127983401680607,0.379868371063823,0.258320237558087,0.233827989697484,157,0.0489345378915933,1000,61,"linear_summary_normal"
"confounded_dense_n300_t03_r0031","confounded","dense",1.9,TRUE,36,4.57532344011469e-07,-814.17982741641,0.141936829813759,0.377137131058213,0.242318367287779,0.23860767184025,174,0.0491696609833315,1000,61,"linear_summary_normal"
"binary_dense_n300_t03_r0031","binary","dense",1.9,TRUE,66,7.09762100203903e-08,-841.166666791125,0.14273388309658,0.316664943187846,0.223380091653562,0.317221082062012,177,0.0489086949979109,1000,61,"logistic_summary_normal_extension"
"linear_sparse_n300_t01_r0032","linear","sparse",1.3,TRUE,108,1.37218092046698e-05,1613.57339457238,0.796725102576946,0.0982815521379589,0.0948975080739978,0.010095837211097,1,0.00764574730642157,1000,61,"linear_summary_normal"
"confounded_sparse_n300_t01_r0032","confounded","sparse",1.3,TRUE,113,9.21002674916238e-05,1655.90167987691,0.746612865013185,0.15871871629735,0.0842181832840337,0.0104502354054316,3,0.0268580688142771,1000,61,"linear_summary_normal"
"binary_sparse_n300_t01_r0032","binary","sparse",1.3,TRUE,154,3.88155221715536e-05,954.20437043796,0.667091129080641,0.201821242059291,0.0984624865032305,0.0326251423568374,2,0.0480787648229702,1000,61,"logistic_summary_normal_extension"
"linear_dense_n300_t01_r0032","linear","dense",1.3,TRUE,169,1.18216988276298e-05,-64.7885604281245,0.117128848906028,0.379656250542992,0.405741018617478,0.0974738819335017,31,0.0475345673411321,1000,61,"linear_summary_normal"
"confounded_dense_n300_t01_r0032","confounded","dense",1.3,TRUE,64,9.41962330358592e-08,-74.9982595551852,0,0.49495777562111,0.409416737398235,0.0956254869806547,31,0.0485457345572887,1000,61,"linear_summary_normal"
"binary_dense_n300_t01_r0032","binary","dense",1.3,TRUE,163,2.17492091447724e-07,-327.902507445028,2.17271799101524e-14,0.349658996339703,0.330886795229127,0.319454208431147,98,0.0495112097987755,1000,61,"logistic_summary_normal_extension"
"linear_sparse_n300_t02_r0032","linear","sparse",1.5,TRUE,146,3.51488517913445e-06,1526.01299590546,0.672563971860081,0.224545982348203,0.0920807338464477,0.0108093119452678,5,0.0211605696946126,1000,61,"linear_summary_normal"
"confounded_sparse_n300_t02_r0032","confounded","sparse",1.5,TRUE,103,1.72518517027598e-06,1597.74946589044,0.79392697577352,0.115447245815316,0.0770950205923928,0.0135307578187719,5,0.030767216298509,1000,61,"linear_summary_normal"
"binary_sparse_n300_t02_r0032","binary","sparse",1.5,TRUE,46,1.3964180520798e-06,956.371883737147,0.770952977945389,0.121115133588779,0.0779613382431622,0.0299705502226693,11,0.0472420024105491,1000,61,"logistic_summary_normal_extension"
"linear_dense_n300_t02_r0032","linear","dense",1.5,TRUE,74,2.7180760326706e-05,-317.88599331277,0.00494228925294137,0.491845783044157,0.367942543068493,0.13526938463441,60,0.0482917055473418,1000,61,"linear_summary_normal"
"confounded_dense_n300_t02_r0032","confounded","dense",1.5,TRUE,126,1.12297240439929e-06,-352.40410234801,0.0896141034666547,0.419106275774341,0.329428123184219,0.161851497574786,77,0.048894674791824,1000,61,"linear_summary_normal"
"binary_dense_n300_t02_r0032","binary","dense",1.5,TRUE,81,1.11243686795603e-06,-520.1082489853,0.0907277294425755,0.343639785917274,0.300423541432306,0.265208943207844,99,0.0496407242495531,1000,61,"logistic_summary_normal_extension"
"linear_sparse_n300_t03_r0032","linear","sparse",1.9,TRUE,65,2.36032355460658e-06,1472.49124002354,0.735279462384033,0.172101902493057,0.0697959735260768,0.0228226615968324,14,0.0496664587453966,1000,61,"linear_summary_normal"
"confounded_sparse_n300_t03_r0032","confounded","sparse",1.9,TRUE,370,9.98742320201806e-05,1377.55408215609,0.574522112748162,0.157261485336079,0.24580226970244,0.0224141322133182,7,0.0474361612890813,1000,61,"linear_summary_normal"
"binary_sparse_n300_t03_r0032","binary","sparse",1.9,TRUE,73,3.11817823939187e-06,885.228383874412,0.794670050341729,0.0999078167551961,0.0771081843001308,0.0283139486029437,12,0.0384348872344798,1000,61,"logistic_summary_normal_extension"
"linear_dense_n300_t03_r0032","linear","dense",1.9,TRUE,56,6.24326661480268e-07,-842.437662414794,0.133528545670156,0.373644111816032,0.254956921868958,0.237870420644854,161,0.0487807536450124,1000,61,"linear_summary_normal"
"confounded_dense_n300_t03_r0032","confounded","dense",1.9,TRUE,52,2.03372055573858e-06,-863.303898600929,0.120092789491534,0.393400423643801,0.237458743783302,0.249048043081362,169,0.0497666232250936,1000,61,"linear_summary_normal"
"binary_dense_n300_t03_r0032","binary","dense",1.9,TRUE,45,6.93238916715799e-07,-823.441577760018,0.144215254643894,0.325515025117509,0.238113200532813,0.292156519705784,168,0.0498713092938904,1000,61,"logistic_summary_normal_extension"
"linear_sparse_n300_t01_r0033","linear","sparse",1.3,TRUE,117,6.14544023305186e-05,1560.4812437735,0.706042844315714,0.19734697801234,0.0871931286182804,0.00941704905366479,0,,1000,61,"linear_summary_normal"
"confounded_sparse_n300_t01_r0033","confounded","sparse",1.3,TRUE,95,3.93926137842726e-06,1570.34249700341,0.704028885130788,0.181542478614745,0.0980566567276934,0.0163719795267744,1,0.0375854220908333,1000,61,"linear_summary_normal"
"binary_sparse_n300_t01_r0033","binary","sparse",1.3,TRUE,108,1.72648146179455e-05,978.402409968697,0.525121606262718,0.344954388626352,0.10679620397601,0.0231278011349194,2,0.035795770200124,1000,61,"logistic_summary_normal_extension"
"linear_dense_n300_t01_r0033","linear","dense",1.3,TRUE,113,3.36938879019755e-07,-75.371084949251,5.02879711377031e-08,0.502486201961417,0.378989576038336,0.118524171712276,48,0.0496241794720191,1000,61,"linear_summary_normal"
"confounded_dense_n300_t01_r0033","confounded","dense",1.3,TRUE,58,1.26775018927106e-07,-97.9802169663221,0,0.495196173180608,0.410998474623238,0.093805352196154,23,0.048588309800494,1000,61,"linear_summary_normal"
"binary_dense_n300_t01_r0033","binary","dense",1.3,TRUE,437,1.59546578837322e-06,-316.6499147356,1.61127403403011e-19,0.353908655055077,0.351324964183678,0.294766380761245,78,0.0487809248903085,1000,61,"logistic_summary_normal_extension"
"linear_sparse_n300_t02_r0033","linear","sparse",1.5,TRUE,80,3.97233289750609e-06,1559.52122903071,0.73532363922264,0.165085831772306,0.0879313941360357,0.0116591348690185,4,0.0476840693750733,1000,61,"linear_summary_normal"
"confounded_sparse_n300_t02_r0033","confounded","sparse",1.5,TRUE,126,1.42228429931279e-05,1555.77053884498,0.718506029238823,0.187840340627902,0.0780961978100816,0.0155574323231938,2,0.0287476860313522,1000,61,"linear_summary_normal"
"binary_sparse_n300_t02_r0033","binary","sparse",1.5,TRUE,102,2.5197935036303e-05,965.751984322504,0.768210093794453,0.115318529175531,0.0834499821445206,0.0330213948854955,4,0.0368260713450366,1000,61,"logistic_summary_normal_extension"
"linear_dense_n300_t02_r0033","linear","dense",1.5,TRUE,76,7.18322479720257e-07,-344.415765279034,0.0756127073635652,0.424699554490862,0.347334541169544,0.15235319697603,76,0.0495876405200342,1000,61,"linear_summary_normal"
"confounded_dense_n300_t02_r0033","confounded","dense",1.5,TRUE,87,7.05913559162497e-07,-399.549734945177,0.0324377945182851,0.460778036782727,0.346621456802639,0.160162711896348,80,0.0498433151849241,1000,61,"linear_summary_normal"
"binary_dense_n300_t02_r0033","binary","dense",1.5,TRUE,157,1.70995002339858e-05,-517.775114677049,0.0819905466487756,0.317653229412518,0.289502267636912,0.310853956301794,115,0.0498924511177006,1000,61,"logistic_summary_normal_extension"
"linear_sparse_n300_t03_r0033","linear","sparse",1.9,TRUE,66,4.59040853395543e-05,1442.44763261223,0.75755285799404,0.146110549648639,0.073198789793047,0.0231378025642739,14,0.0458072162869748,1000,61,"linear_summary_normal"
"confounded_sparse_n300_t03_r0033","confounded","sparse",1.9,TRUE,85,1.32474891367806e-05,1469.60603268998,0.732244505396544,0.170747254265166,0.0792378430507081,0.0177703972875821,5,0.0320431870071074,1000,61,"linear_summary_normal"
"binary_sparse_n300_t03_r0033","binary","sparse",1.9,TRUE,52,1.87005037024512e-05,813.90039449403,0.710269395548383,0.190726856423071,0.067645909410719,0.0313578386178275,16,0.0491048888332745,1000,61,"logistic_summary_normal_extension"
"linear_dense_n300_t03_r0033","linear","dense",1.9,TRUE,83,4.11992244542247e-07,-797.700533565413,0.161195125204473,0.36071817913158,0.244746344118027,0.23334035154592,163,0.0489069004324742,1000,61,"linear_summary_normal"
"confounded_dense_n300_t03_r0033","confounded","dense",1.9,TRUE,73,8.94061857881212e-08,-847.278563695042,0.110727717063404,0.398950790447758,0.262762846477089,0.227558646011749,146,0.0494372054932446,1000,61,"linear_summary_normal"
"binary_dense_n300_t03_r0033","binary","dense",1.9,TRUE,50,1.00244126688409e-06,-861.336059418334,0.119245086404313,0.333393062480756,0.232845116389714,0.314516734725216,177,0.0491418107390627,1000,61,"logistic_summary_normal_extension"
"linear_sparse_n300_t01_r0034","linear","sparse",1.3,TRUE,264,9.80997917245929e-05,1595.58268916887,0.558053337667592,0.138225613392916,0.0872776496573512,0.216443399282141,3,0.0285069370965721,1000,61,"linear_summary_normal"
"confounded_sparse_n300_t01_r0034","confounded","sparse",1.3,TRUE,86,1.09595942705543e-05,1597.40221917111,0.773270300415907,0.127488682382629,0.0938265942681979,0.00541442293326602,0,,1000,61,"linear_summary_normal"
"binary_sparse_n300_t01_r0034","binary","sparse",1.3,TRUE,485,2.43760631228884e-05,994.305830762863,0.638091147921825,0.224809397322862,0.101434655484091,0.0356647992712224,3,0.0436220064877174,1000,61,"logistic_summary_normal_extension"
"linear_dense_n300_t01_r0034","linear","dense",1.3,TRUE,169,3.96227783916459e-07,-114.049352568509,1.42330587893625e-09,0.497038931950923,0.389255867749854,0.113705198875917,41,0.0484439421993955,1000,61,"linear_summary_normal"
"confounded_dense_n300_t01_r0034","confounded","dense",1.3,TRUE,45,2.41161481229213e-07,-96.7126499343796,3.14433254589246e-08,0.497784961072312,0.412137367718908,0.0900776397654544,30,0.0498314921081618,1000,61,"linear_summary_normal"
"binary_dense_n300_t01_r0034","binary","dense",1.3,TRUE,224,3.4799157058174e-05,-366.518324009245,0.0662665878841759,0.277621141478473,0.328003095174615,0.328109175462736,98,0.0497916362178813,1000,61,"logistic_summary_normal_extension"
"linear_sparse_n300_t02_r0034","linear","sparse",1.5,TRUE,301,9.91309283575603e-05,1535.01582086937,0.660619152316836,0.125395582997142,0.205728284858617,0.00825697982740514,1,0.0121372802120735,1000,61,"linear_summary_normal"
"confounded_sparse_n300_t02_r0034","confounded","sparse",1.5,TRUE,58,5.86258948676033e-06,1555.32063579231,0.767543485745,0.138331678681236,0.0789981337777431,0.0151267017960213,6,0.0411476176260388,1000,61,"linear_summary_normal"
"binary_sparse_n300_t02_r0034","binary","sparse",1.5,TRUE,95,3.30554942087335e-05,916.170075768204,0.705599151059029,0.174629658540821,0.0997424825135695,0.0200287078865812,7,0.0370716196405338,1000,61,"logistic_summary_normal_extension"
"linear_dense_n300_t02_r0034","linear","dense",1.5,TRUE,63,1.22604678869376e-05,-363.011697147961,0.0882527470531558,0.412313457738607,0.347010449304001,0.152423345904236,69,0.0498556543020736,1000,61,"linear_summary_normal"
"confounded_dense_n300_t02_r0034","confounded","dense",1.5,TRUE,73,1.31522496649161e-06,-350.690903187817,0.0739588527080054,0.425862904147087,0.358232991793222,0.141945251351685,56,0.0486447665387862,1000,61,"linear_summary_normal"
"binary_dense_n300_t02_r0034","binary","dense",1.5,TRUE,81,1.92309602011775e-05,-526.776127521643,0.0687854406614968,0.363476284156975,0.285646699095508,0.28209157608602,110,0.0496154741142747,1000,61,"logistic_summary_normal_extension"
"linear_sparse_n300_t03_r0034","linear","sparse",1.9,TRUE,105,3.58059178551251e-06,1407.57445322551,0.748574421508035,0.157399299163879,0.0675367663212705,0.0264895130068151,15,0.0411205220742226,1000,61,"linear_summary_normal"
"confounded_sparse_n300_t03_r0034","confounded","sparse",1.9,TRUE,126,9.87737511632947e-05,1430.48818530241,0.70374052959865,0.158421483885501,0.118043515937228,0.0197944705786217,9,0.0446608374592563,1000,61,"linear_summary_normal"
"binary_sparse_n300_t03_r0034","binary","sparse",1.9,TRUE,61,7.33058377644369e-06,847.932514940227,0.77699824702658,0.119528411089105,0.0728623270455617,0.0306110148387533,8,0.0397359677885686,1000,61,"logistic_summary_normal_extension"
"linear_dense_n300_t03_r0034","linear","dense",1.9,TRUE,100,4.32528738825155e-07,-827.257870565662,0.131328107016966,0.383343114492507,0.253201941343042,0.232126837147486,158,0.0489841847127537,1000,61,"linear_summary_normal"
"confounded_dense_n300_t03_r0034","confounded","dense",1.9,TRUE,82,8.65557967433261e-06,-822.022106904335,0.130663993294367,0.385163507533411,0.245010772203493,0.239161726968728,164,0.0496509763131528,1000,61,"linear_summary_normal"
"binary_dense_n300_t03_r0034","binary","dense",1.9,TRUE,55,4.68572908696174e-07,-824.318033063745,0.170362026150912,0.319601922456719,0.22559167748958,0.284444373902789,180,0.0498615383993818,1000,61,"logistic_summary_normal_extension"
"linear_sparse_n300_t01_r0035","linear","sparse",1.3,TRUE,559,5.40166598830272e-05,1552.39422941528,0.254410838224539,0.644268129817393,0.0899775092816899,0.0113435226763787,3,0.0382526103659276,1000,61,"linear_summary_normal"
"confounded_sparse_n300_t01_r0035","confounded","sparse",1.3,TRUE,272,9.58255451366519e-06,1573.8574738594,0.461451536422867,0.441432728564507,0.0898034400357855,0.00731229497683999,1,0.0311662004693012,1000,61,"linear_summary_normal"
"binary_sparse_n300_t01_r0035","binary","sparse",1.3,TRUE,308,7.25887543944204e-05,1004.3656936761,0.537263041675142,0.319153118353958,0.107554817864253,0.0360290221066472,2,0.0429302445904456,1000,61,"logistic_summary_normal_extension"
"linear_dense_n300_t01_r0035","linear","dense",1.3,TRUE,110,9.25171275145686e-08,-118.738465266327,5.51242354325474e-10,0.496499721328179,0.39652019338264,0.106980084737939,34,0.0491700227203257,1000,61,"linear_summary_normal"
"confounded_dense_n300_t01_r0035","confounded","dense",1.3,TRUE,58,1.78194066169368e-08,-82.080597282476,0,0.494396909502626,0.416971062418251,0.0886320280791227,25,0.0492374648483057,1000,61,"linear_summary_normal"
"binary_dense_n300_t01_r0035","binary","dense",1.3,TRUE,153,3.03114779942604e-07,-314.473136249172,5.23801275716825e-16,0.362525578096333,0.328470928202072,0.309003493701595,74,0.0491559174744754,1000,61,"logistic_summary_normal_extension"
"linear_sparse_n300_t02_r0035","linear","sparse",1.5,TRUE,91,3.20138759413169e-06,1546.9312259366,0.639662219778939,0.265405027078963,0.092508770417841,0.00242398272425707,0,,1000,61,"linear_summary_normal"
"confounded_sparse_n300_t02_r0035","confounded","sparse",1.5,TRUE,68,1.90100226389323e-05,1534.38648242558,0.638388268287367,0.265144738474194,0.0819285979215407,0.0145383953168984,2,0.0393804763137724,1000,61,"linear_summary_normal"
"binary_sparse_n300_t02_r0035","binary","sparse",1.5,TRUE,69,6.26768479627948e-06,888.851100973217,0.658257345131007,0.211116660960997,0.103999860529593,0.026626133378402,8,0.0479456407138305,1000,61,"logistic_summary_normal_extension"
"linear_dense_n300_t02_r0035","linear","dense",1.5,TRUE,83,1.38545560091075e-06,-358.423598106398,0.0518956083437529,0.452308910576453,0.328095981341681,0.167699499738114,89,0.0491601371734462,1000,61,"linear_summary_normal"
"confounded_dense_n300_t02_r0035","confounded","dense",1.5,TRUE,62,1.63440075806598e-06,-336.902596199095,0.0920048712590798,0.408307855597442,0.351375690740403,0.148311582403075,62,0.0491792546150403,1000,61,"linear_summary_normal"
"binary_dense_n300_t02_r0035","binary","dense",1.5,TRUE,61,1.39798766718435e-06,-519.346190121957,0,0.438734690886429,0.281085673683504,0.280179635430067,109,0.0499953378541871,1000,61,"logistic_summary_normal_extension"
"linear_sparse_n300_t03_r0035","linear","sparse",1.9,TRUE,70,3.96136176417095e-06,1425.01754232197,0.749564273422617,0.156134358465426,0.0720862591055369,0.0222151090064204,14,0.0455144462590454,1000,61,"linear_summary_normal"
"confounded_sparse_n300_t03_r0035","confounded","sparse",1.9,TRUE,76,1.03094957357719e-05,1431.52322458995,0.734303212813543,0.170393152222179,0.076705452940113,0.0185981820241647,10,0.0472318307247444,1000,61,"linear_summary_normal"
"binary_sparse_n300_t03_r0035","binary","sparse",1.9,TRUE,127,1.40184453512049e-06,816.396299233176,0.774347400208082,0.124647921619868,0.0733354497082805,0.02766922846377,10,0.0437355146610523,1000,61,"logistic_summary_normal_extension"
"linear_dense_n300_t03_r0035","linear","dense",1.9,TRUE,76,1.18795343762024e-06,-844.772805615006,0.149264233659552,0.360882410484849,0.251462390045985,0.238390965809614,156,0.049699323848935,1000,61,"linear_summary_normal"
"confounded_dense_n300_t03_r0035","confounded","dense",1.9,TRUE,37,5.61119330777515e-07,-807.600419932658,0.126123607593595,0.37950691652847,0.281501144646166,0.212868331231769,141,0.0489781593276945,1000,61,"linear_summary_normal"
"binary_dense_n300_t03_r0035","binary","dense",1.9,TRUE,61,2.22414494155387e-06,-841.468882941936,0.154677973506776,0.326093901203992,0.223608972740541,0.295619152548691,185,0.0492413611650715,1000,61,"logistic_summary_normal_extension"
"linear_sparse_n300_t01_r0036","linear","sparse",1.3,TRUE,167,8.28410067961194e-05,1627.71594355798,0.509921977391096,0.394316520611045,0.0835102496942185,0.012251252303641,6,0.0495584622608566,1000,61,"linear_summary_normal"
"confounded_sparse_n300_t01_r0036","confounded","sparse",1.3,TRUE,179,1.02940193511536e-05,1653.32139520607,0.76375408889502,0.14179817109027,0.088914947165413,0.00553279284929728,0,,1000,61,"linear_summary_normal"
"binary_sparse_n300_t01_r0036","binary","sparse",1.3,TRUE,256,2.19165806376598e-05,1013.79763695116,0.74808995011608,0.122609261581142,0.0937099213713693,0.0355908669314082,7,0.0355211319427849,1000,61,"logistic_summary_normal_extension"
"linear_dense_n300_t01_r0036","linear","dense",1.3,TRUE,164,3.90692217466793e-07,-101.715726491688,1.54924168014094e-05,0.493505763319437,0.411205888580009,0.0952728556837528,28,0.0477190948838641,1000,61,"linear_summary_normal"
"confounded_dense_n300_t01_r0036","confounded","dense",1.3,TRUE,95,9.11576202100584e-06,-125.203717478036,0.00893673806063652,0.490250115852847,0.386882857899285,0.113930288187232,40,0.0480492721683067,1000,61,"linear_summary_normal"
"binary_dense_n300_t01_r0036","binary","dense",1.3,TRUE,259,4.26951879406445e-07,-282.10766501673,1.28350563994004e-09,0.360799850566167,0.370256617950374,0.268943530199953,68,0.0485051783675433,1000,61,"logistic_summary_normal_extension"
"linear_sparse_n300_t02_r0036","linear","sparse",1.5,TRUE,116,1.86638398491645e-06,1576.70971348209,0.678812284159337,0.227248385493474,0.0840820944349921,0.00985723591219733,4,0.0445839609250345,1000,61,"linear_summary_normal"
"confounded_sparse_n300_t02_r0036","confounded","sparse",1.5,TRUE,113,1.02360597875606e-05,1513.05364840976,0.665343930705284,0.240867981014003,0.0747493975810294,0.0190386906996828,7,0.0270207999538262,1000,61,"linear_summary_normal"
"binary_sparse_n300_t02_r0036","binary","sparse",1.5,TRUE,62,1.30799502244816e-05,925.988033062803,0.627381935540225,0.263066601015313,0.083589773701905,0.0259616897425575,8,0.0463450346390543,1000,61,"logistic_summary_normal_extension"
"linear_dense_n300_t02_r0036","linear","dense",1.5,TRUE,53,4.84155108249062e-06,-402.403980969759,0.0368087998517721,0.453518586208971,0.347497481277897,0.162175132661359,79,0.0492771427603521,1000,61,"linear_summary_normal"
"confounded_dense_n300_t02_r0036","confounded","dense",1.5,TRUE,53,1.60682021288494e-06,-357.362327339679,0.0325384145664777,0.472399259596292,0.358755058532029,0.136307267305201,53,0.0494340684546536,1000,61,"linear_summary_normal"
"binary_dense_n300_t02_r0036","binary","dense",1.5,TRUE,57,8.18182789963373e-07,-525.257567966217,0.0823363681177759,0.3284184335158,0.311051995455747,0.278193202910677,89,0.0494828740472279,1000,61,"logistic_summary_normal_extension"
"linear_sparse_n300_t03_r0036","linear","sparse",1.9,TRUE,79,2.16787503792837e-05,1438.6462747215,0.701715041528977,0.204887106797987,0.0682023295604467,0.0251955221125887,17,0.0420047531766926,1000,61,"linear_summary_normal"
"confounded_sparse_n300_t03_r0036","confounded","sparse",1.9,TRUE,95,2.2984877667831e-06,1408.58957552908,0.770237797244077,0.133073190034433,0.0759414812387226,0.0207475314827674,7,0.0392204623175695,1000,61,"linear_summary_normal"
"binary_sparse_n300_t03_r0036","binary","sparse",1.9,TRUE,51,2.4398285241034e-06,862.694856528973,0.726265675849884,0.164269414973083,0.0835280155560347,0.0259368936209978,12,0.0389857596250379,1000,61,"logistic_summary_normal_extension"
"linear_dense_n300_t03_r0036","linear","dense",1.9,TRUE,61,1.01381908668152e-06,-858.122043982762,0.145368819302928,0.363121110415786,0.246741088064113,0.244768982217173,172,0.048565436275281,1000,61,"linear_summary_normal"
"confounded_dense_n300_t03_r0036","confounded","dense",1.9,TRUE,44,1.78044311516246e-07,-825.098234067493,0.144642381351344,0.372089267198683,0.249608402256407,0.233659949193567,158,0.0495662626435981,1000,61,"linear_summary_normal"
"binary_dense_n300_t03_r0036","binary","dense",1.9,TRUE,32,2.17558748216717e-06,-857.390676817338,0.155458217770412,0.295548757878447,0.232571792995142,0.316421231355999,185,0.0499946121931544,1000,61,"logistic_summary_normal_extension"
"linear_sparse_n300_t01_r0037","linear","sparse",1.3,TRUE,209,1.78673405513141e-05,1626.62048129901,0.597321943215576,0.306037511925227,0.0849274398836451,0.0117131049755524,3,0.0318201454469057,1000,61,"linear_summary_normal"
"confounded_sparse_n300_t01_r0037","confounded","sparse",1.3,TRUE,124,4.30204500978526e-06,1583.56834685479,0.714143880869227,0.18546287851493,0.0898774404984909,0.0105158001173523,4,0.0232132011499384,1000,61,"linear_summary_normal"
"binary_sparse_n300_t01_r0037","binary","sparse",1.3,TRUE,94,6.20527025620987e-05,978.915821121398,0.734732712265569,0.130488756434381,0.103872093347936,0.0309064379521145,0,,1000,61,"logistic_summary_normal_extension"
"linear_dense_n300_t01_r0037","linear","dense",1.3,TRUE,86,1.31883268972288e-07,-117.308044465487,0,0.499931455584172,0.390169088253051,0.109899456162777,38,0.0477550307133632,1000,61,"linear_summary_normal"
"confounded_dense_n300_t01_r0037","confounded","dense",1.3,TRUE,82,2.34743618321431e-07,-122.109722141353,1.09804867633087e-09,0.497045014276288,0.387912894206449,0.115042090419215,42,0.0496507348009373,1000,61,"linear_summary_normal"
"binary_dense_n300_t01_r0037","binary","dense",1.3,TRUE,236,2.09590257671532e-05,-325.149118887329,0.0412937851044375,0.30723764951654,0.355535635520866,0.295932929858156,75,0.0490098107958606,1000,61,"logistic_summary_normal_extension"
"linear_sparse_n300_t02_r0037","linear","sparse",1.5,TRUE,69,5.1180081288571e-06,1555.56149171466,0.697748488689179,0.205367860987122,0.0875341395890574,0.00934951073464189,2,0.0215348656160421,1000,61,"linear_summary_normal"
"confounded_sparse_n300_t02_r0037","confounded","sparse",1.5,TRUE,87,2.67218907445965e-06,1558.05666616142,0.781368593190316,0.122845287126855,0.0827828084809808,0.0130033112018485,7,0.0492341142872674,1000,61,"linear_summary_normal"
"binary_sparse_n300_t02_r0037","binary","sparse",1.5,TRUE,75,3.37313253320204e-05,940.897177851621,0.706065545065765,0.177610209782694,0.0902631435168034,0.0260611016347374,8,0.0465057729961162,1000,61,"logistic_summary_normal_extension"
"linear_dense_n300_t02_r0037","linear","dense",1.5,TRUE,163,2.15006436476983e-06,-386.795113895303,0.0419077733961611,0.458510028582117,0.335047868888054,0.164534329133668,76,0.0486119826962712,1000,61,"linear_summary_normal"
"confounded_dense_n300_t02_r0037","confounded","dense",1.5,TRUE,122,1.23910647182868e-05,-304.430464038564,0.072842848867464,0.43304953161369,0.349865389886651,0.144242229632194,73,0.0496069800320357,1000,61,"linear_summary_normal"
"binary_dense_n300_t02_r0037","binary","dense",1.5,TRUE,132,1.56252614609276e-05,-528.987653237663,0.0813172469614606,0.326497607549279,0.309664975760468,0.282520169728793,101,0.0497734964344186,1000,61,"logistic_summary_normal_extension"
"linear_sparse_n300_t03_r0037","linear","sparse",1.9,TRUE,97,2.66740667997922e-06,1461.13266864245,0.792264134791705,0.108426312537938,0.0782971122878957,0.0210124403824621,9,0.0486875429563328,1000,61,"linear_summary_normal"
"confounded_sparse_n300_t03_r0037","confounded","sparse",1.9,TRUE,75,1.0336864162408e-05,1448.7386744598,0.776124063696384,0.128149533473023,0.0710616658149376,0.0246647370156547,14,0.0315975440495818,1000,61,"linear_summary_normal"
"binary_sparse_n300_t03_r0037","binary","sparse",1.9,TRUE,72,1.90180898340664e-06,866.833088861195,0.760157994601773,0.143640855553776,0.0721609907756787,0.0240401590687722,10,0.0485906018505525,1000,61,"logistic_summary_normal_extension"
"linear_dense_n300_t03_r0037","linear","dense",1.9,TRUE,67,2.34033068258199e-07,-816.5894028449,0.156584868890148,0.358286915020439,0.254381146731478,0.230747069357934,145,0.0493029315782816,1000,61,"linear_summary_normal"
"confounded_dense_n300_t03_r0037","confounded","dense",1.9,TRUE,126,4.31470062878248e-06,-846.276881808506,0.124084993669017,0.387095697666308,0.259320191403543,0.229499117261133,149,0.0491820154501497,1000,61,"linear_summary_normal"
"binary_dense_n300_t03_r0037","binary","dense",1.9,TRUE,51,1.09793031586314e-05,-831.324756756766,0.138644265999669,0.334498254775587,0.233801633385805,0.293055845838939,177,0.0489439853519244,1000,61,"logistic_summary_normal_extension"
"linear_sparse_n300_t01_r0038","linear","sparse",1.3,TRUE,159,2.74235969937031e-05,1594.60573179696,0.608935313057221,0.295661249654728,0.0822172570691141,0.0131861802189365,6,0.0486094746589775,1000,61,"linear_summary_normal"
"confounded_sparse_n300_t01_r0038","confounded","sparse",1.3,TRUE,104,1.31730092436388e-05,1623.13384939491,0.700190203414101,0.206407856640053,0.084651216110708,0.00875072383513783,0,,1000,61,"linear_summary_normal"
"binary_sparse_n300_t01_r0038","binary","sparse",1.3,TRUE,149,9.39211299824105e-05,967.077500909278,0.620626624547119,0.241446798896923,0.107228503113015,0.0306980734429434,5,0.0409540308649092,1000,61,"logistic_summary_normal_extension"
"linear_dense_n300_t01_r0038","linear","dense",1.3,TRUE,94,1.36653842575107e-06,-82.6043584321892,0,0.508605917376413,0.369832142439268,0.121561940184318,45,0.0479773781685427,1000,61,"linear_summary_normal"
"confounded_dense_n300_t01_r0038","confounded","dense",1.3,TRUE,58,4.08977296473267e-09,-121.372280957109,0,0.506988271611197,0.364548861759162,0.128462866629641,44,0.0485971178652454,1000,61,"linear_summary_normal"
"binary_dense_n300_t01_r0038","binary","dense",1.3,TRUE,211,4.24236395346611e-07,-323.439247340855,1.17014438791744e-06,0.354751768754714,0.360703096633348,0.28454396446755,79,0.0499977740823163,1000,61,"logistic_summary_normal_extension"
"linear_sparse_n300_t02_r0038","linear","sparse",1.5,TRUE,156,8.96369950891263e-05,1497.43167595939,0.645498945348073,0.193033958367533,0.0881624585813389,0.0733046377030544,3,0.043870328736717,1000,61,"linear_summary_normal"
"confounded_sparse_n300_t02_r0038","confounded","sparse",1.5,TRUE,454,8.33366475703201e-05,1510.70997881387,0.278406291664436,0.115335600889401,0.589825987302191,0.0164321201439722,6,0.0374488010581312,1000,61,"linear_summary_normal"
"binary_sparse_n300_t02_r0038","binary","sparse",1.5,TRUE,99,3.4955044973195e-05,971.972547035411,0.608542460742843,0.266003219495082,0.104770354905045,0.0206839648570288,7,0.0382385071047567,1000,61,"logistic_summary_normal_extension"
"linear_dense_n300_t02_r0038","linear","dense",1.5,TRUE,92,1.06913856368074e-06,-361.633868958,0.0762020305032226,0.433821236425663,0.315608307325896,0.174368425745218,89,0.0486547317738457,1000,61,"linear_summary_normal"
"confounded_dense_n300_t02_r0038","confounded","dense",1.5,TRUE,86,2.32823165791096e-06,-379.826656566226,0.0675085902217097,0.434253777445894,0.335439034215829,0.162798598116568,76,0.0483327296317367,1000,61,"linear_summary_normal"
"binary_dense_n300_t02_r0038","binary","dense",1.5,TRUE,90,4.17435917232645e-06,-526.152146209899,0.0603391511539438,0.374250040361107,0.284032646097332,0.281378162387617,115,0.0499936829933953,1000,61,"logistic_summary_normal_extension"
"linear_sparse_n300_t03_r0038","linear","sparse",1.9,TRUE,52,7.3019538719965e-06,1492.87136907562,0.764535075665304,0.142975514053729,0.0659712692814659,0.0265181409995005,17,0.0455217387967226,1000,61,"linear_summary_normal"
"confounded_sparse_n300_t03_r0038","confounded","sparse",1.9,TRUE,241,9.88005054405328e-05,1384.3607897115,0.623325230806424,0.143379579661242,0.0914503929573271,0.141844796575007,8,0.0358484175894331,1000,61,"linear_summary_normal"
"binary_sparse_n300_t03_r0038","binary","sparse",1.9,TRUE,65,3.7487008999193e-06,848.138172148899,0.781549168261324,0.113045994192322,0.0751102240174107,0.0302946135289428,15,0.0483440375138084,1000,61,"logistic_summary_normal_extension"
"linear_dense_n300_t03_r0038","linear","dense",1.9,TRUE,62,8.313990540465e-07,-886.999394049348,0.115420988568935,0.383204219401447,0.261715070228599,0.239659721801019,157,0.0495745703427664,1000,61,"linear_summary_normal"
"confounded_dense_n300_t03_r0038","confounded","dense",1.9,TRUE,51,1.599421075138e-06,-864.818366078437,0.138778810940035,0.375548322269678,0.242913210649844,0.242759656140442,166,0.049753996112182,1000,61,"linear_summary_normal"
"binary_dense_n300_t03_r0038","binary","dense",1.9,TRUE,73,1.69179999542912e-06,-838.615886930073,0.152512900367042,0.335196150708116,0.237378970514701,0.274911978410141,157,0.0497281097085416,1000,61,"logistic_summary_normal_extension"
"linear_sparse_n300_t01_r0039","linear","sparse",1.3,TRUE,169,5.23862290235932e-06,1600.23312097002,0.679401383794461,0.222406931968916,0.0925006661805781,0.0056910180560457,1,0.00462948392997976,1000,61,"linear_summary_normal"
"confounded_sparse_n300_t01_r0039","confounded","sparse",1.3,TRUE,73,7.00282026722121e-06,1675.07641997499,0.781327507145357,0.124146474828397,0.0933290225760384,0.00119699545020688,0,,1000,61,"linear_summary_normal"
"binary_sparse_n300_t01_r0039","binary","sparse",1.3,TRUE,469,2.23772822953716e-05,967.583883730117,0.575698711863876,0.299336773178563,0.0940412487605808,0.0309232661969807,5,0.0477239240845343,1000,61,"logistic_summary_normal_extension"
"linear_dense_n300_t01_r0039","linear","dense",1.3,TRUE,91,3.25887146157555e-08,-110.731243675537,0,0.494805845931756,0.396207313698852,0.108986840369392,34,0.0498743865121261,1000,61,"linear_summary_normal"
"confounded_dense_n300_t01_r0039","confounded","dense",1.3,TRUE,75,2.78690927979497e-06,-158.430224228727,0.0540273791035354,0.442041072415524,0.394057677141993,0.109873871338947,24,0.0474813959383804,1000,61,"linear_summary_normal"
"binary_dense_n300_t01_r0039","binary","dense",1.3,TRUE,261,1.96605839544173e-05,-292.38898103145,0.0225075528798545,0.348790795908399,0.339583402192044,0.289118249019703,97,0.049660078206335,1000,61,"logistic_summary_normal_extension"
"linear_sparse_n300_t02_r0039","linear","sparse",1.5,TRUE,134,4.11174615784216e-05,1530.77607418967,0.732543246180585,0.171144704212936,0.0889335920679706,0.00737845753850906,1,0.00459047703240798,1000,61,"linear_summary_normal"
"confounded_sparse_n300_t02_r0039","confounded","sparse",1.5,TRUE,64,3.07654789821754e-06,1579.01865166938,0.813564070860695,0.0837625640728062,0.0875125814132659,0.0151607836532325,6,0.0410860296119208,1000,61,"linear_summary_normal"
"binary_sparse_n300_t02_r0039","binary","sparse",1.5,TRUE,84,2.73000849859706e-06,951.529962958172,0.733612311446248,0.150287443050089,0.0919212948469202,0.024178950656743,4,0.0409288476146166,1000,61,"logistic_summary_normal_extension"
"linear_dense_n300_t02_r0039","linear","dense",1.5,TRUE,63,8.69124421098988e-07,-331.745854109391,0.0354311357803473,0.462731487111024,0.376831597237743,0.125005779870886,55,0.0484397877463319,1000,61,"linear_summary_normal"
"confounded_dense_n300_t02_r0039","confounded","dense",1.5,TRUE,58,3.07703259605496e-06,-379.749148883181,0.033130613635457,0.463570627823966,0.353164211135239,0.150134547405337,65,0.0495370877378646,1000,61,"linear_summary_normal"
"binary_dense_n300_t02_r0039","binary","dense",1.5,TRUE,124,2.41791336685893e-06,-538.886212761096,0.0775638681031383,0.30222639971994,0.311785609051531,0.308424123125391,91,0.049501369454754,1000,61,"logistic_summary_normal_extension"
"linear_sparse_n300_t03_r0039","linear","sparse",1.9,TRUE,116,5.7181914963067e-06,1449.75181223704,0.792764518963052,0.108058589636828,0.0781989327424637,0.0209779586576563,12,0.0455190523186996,1000,61,"linear_summary_normal"
"confounded_sparse_n300_t03_r0039","confounded","sparse",1.9,TRUE,101,2.9238028305123e-06,1453.09096346619,0.788643824559063,0.115023895890084,0.0776094508072702,0.018722828743583,10,0.0487679839910833,1000,61,"linear_summary_normal"
"binary_sparse_n300_t03_r0039","binary","sparse",1.9,TRUE,63,1.91597371346219e-06,909.349882994824,0.735828536261668,0.160874713739087,0.0705440739210128,0.0327526760782322,15,0.0471918605679842,1000,61,"logistic_summary_normal_extension"
"linear_dense_n300_t03_r0039","linear","dense",1.9,TRUE,42,3.48931429594579e-06,-887.293657887832,0.122119844303341,0.383836640874701,0.245219160030569,0.248824354791389,169,0.0491158547979066,1000,61,"linear_summary_normal"
"confounded_dense_n300_t03_r0039","confounded","dense",1.9,TRUE,51,1.52307153755693e-06,-844.793221253894,0.13332476967272,0.377165610567835,0.252591468226488,0.236918151532957,158,0.0493288904905844,1000,61,"linear_summary_normal"
"binary_dense_n300_t03_r0039","binary","dense",1.9,TRUE,41,1.79752868589844e-07,-816.968639141435,0.153097361481172,0.293245812610682,0.236755855463154,0.316900970444992,175,0.0495754597467762,1000,61,"logistic_summary_normal_extension"
"linear_sparse_n300_t01_r0040","linear","sparse",1.3,TRUE,86,3.15826648811246e-06,1626.92997681074,0.826098159814283,0.073863161184814,0.0920906335905945,0.00794804541030861,0,,1000,61,"linear_summary_normal"
"confounded_sparse_n300_t01_r0040","confounded","sparse",1.3,TRUE,421,9.97679729648482e-05,1570.90682187386,0.30475745529511,0.112937564716539,0.100647388474352,0.481657591514,0,,1000,61,"linear_summary_normal"
"binary_sparse_n300_t01_r0040","binary","sparse",1.3,TRUE,60,3.79858278543033e-06,1018.60318311044,0.765076821553075,0.103202000588741,0.100433777071643,0.0312874007865405,3,0.0484775002001403,1000,61,"logistic_summary_normal_extension"
"linear_dense_n300_t01_r0040","linear","dense",1.3,TRUE,152,5.14929165973399e-06,-101.395716715124,0.0703738030802343,0.429023477050341,0.399674801691744,0.100927918177682,34,0.0474603164752725,1000,61,"linear_summary_normal"
"confounded_dense_n300_t01_r0040","confounded","dense",1.3,TRUE,61,4.33722108006407e-07,-136.573288075409,8.82242464673487e-06,0.493610706389556,0.391220918213947,0.115159552971851,41,0.0481678130209755,1000,61,"linear_summary_normal"
"binary_dense_n300_t01_r0040","binary","dense",1.3,TRUE,155,2.01486081596869e-07,-336.856332036129,8.95420496859579e-18,0.3596601255356,0.33423359609813,0.30610627836627,85,0.0493219288058599,1000,61,"logistic_summary_normal_extension"
"linear_sparse_n300_t02_r0040","linear","sparse",1.5,TRUE,91,3.58340646284816e-05,1556.56062028878,0.757526393163237,0.144231129587533,0.0837799823562744,0.0144624948929555,6,0.04816931426796,1000,61,"linear_summary_normal"
"confounded_sparse_n300_t02_r0040","confounded","sparse",1.5,TRUE,66,2.23904849652179e-05,1562.93578393984,0.767512300247705,0.135784589975408,0.0847768209471689,0.0119262888297182,3,0.046359519881736,1000,61,"linear_summary_normal"
"binary_sparse_n300_t02_r0040","binary","sparse",1.5,TRUE,74,1.35033351744696e-06,972.526186321519,0.762745803416077,0.121100140480313,0.0926567780742124,0.0234972780293976,6,0.0468087541486532,1000,61,"logistic_summary_normal_extension"
"linear_dense_n300_t02_r0040","linear","dense",1.5,TRUE,57,1.94654679264161e-06,-354.501770689316,0.0312467470920241,0.468623425379104,0.357725969484491,0.142403858044381,66,0.0494739214191334,1000,61,"linear_summary_normal"
"confounded_dense_n300_t02_r0040","confounded","dense",1.5,TRUE,72,9.22450017970533e-06,-389.426831067435,0.0498236368985397,0.450277537871393,0.344863117570882,0.155035707659185,70,0.0491868305035411,1000,61,"linear_summary_normal"
"binary_dense_n300_t02_r0040","binary","dense",1.5,TRUE,63,3.35538414402148e-05,-483.597620048571,0.0547533584405776,0.357361517089178,0.312495174238984,0.275389950231261,99,0.0497188358720842,1000,61,"logistic_summary_normal_extension"
"linear_sparse_n300_t03_r0040","linear","sparse",1.9,TRUE,66,2.78575612844278e-06,1474.66494080698,0.789286277097649,0.117482489771581,0.0715275838045615,0.0217036493262086,12,0.044939097836457,1000,61,"linear_summary_normal"
"confounded_sparse_n300_t03_r0040","confounded","sparse",1.9,TRUE,98,7.76907596122811e-06,1470.60563088289,0.79958871142568,0.104222758884169,0.0790069929680694,0.0171815367220814,7,0.0487126820247162,1000,61,"linear_summary_normal"
"binary_sparse_n300_t03_r0040","binary","sparse",1.9,TRUE,56,4.55796167431188e-06,859.998508398798,0.749762057212521,0.14237801633,0.0785937854068356,0.0292661410506435,11,0.0360608958559238,1000,61,"logistic_summary_normal_extension"
"linear_dense_n300_t03_r0040","linear","dense",1.9,TRUE,61,6.23653082731934e-07,-833.974240947361,0.159662127136926,0.348566002380968,0.260068004288604,0.231703866193501,157,0.049820081657718,1000,61,"linear_summary_normal"
"confounded_dense_n300_t03_r0040","confounded","dense",1.9,TRUE,58,1.60894747547324e-06,-841.7789362092,0.128460864649129,0.382638027695863,0.25960747837899,0.229293629276019,142,0.049246874004527,1000,61,"linear_summary_normal"
"binary_dense_n300_t03_r0040","binary","dense",1.9,TRUE,54,2.90875641673072e-05,-854.918155632981,0.150259048354796,0.310404254705413,0.222796553794299,0.316540143145492,196,0.049355843007064,1000,61,"logistic_summary_normal_extension"
