"case_id","scenario","mixture","profile","n","m","tau","replicate","seed","method","q","status","cached","elapsed_seconds","warning","error","cache_key","discoveries","false_discoveries","true_discoveries","alternatives","FDP","power"
"linear_sparse_n300_t01_r0013","linear","sparse","paper_adjusted",300,1000,1.3,13,50375859,"ASHMED_Adaptive",0.05,"ok",FALSE,1.16,"","","860cdb4a6ac446283ffa82cdde716bf1",9,0,9,23,0,0.391304347826087
"confounded_sparse_n300_t01_r0013","confounded","sparse","paper_adjusted",300,1000,1.3,13,253985759,"ASHMED_Adaptive",0.05,"ok",FALSE,1.26,"","","33cebb16f00dc41e2164671ea19dc44e",8,0,8,17,0,0.470588235294118
"binary_sparse_n300_t01_r0013","binary","sparse","paper_adjusted",300,1000,1.3,13,15363718,"ASHMED_Adaptive",0.05,"ok",FALSE,1.21,"","","9dadc9bb498ebeeb4e3984b9afe827c0",3,0,3,16,0,0.1875
"linear_dense_n300_t01_r0013","linear","dense","paper_adjusted",300,1000,1.3,13,155957809,"ASHMED_Adaptive",0.05,"ok",FALSE,0.74,"","","ac2bb034ffa64f555c184df4879443e2",180,6,174,220,0.0333333333333333,0.790909090909091
"confounded_dense_n300_t01_r0013","confounded","dense","paper_adjusted",300,1000,1.3,13,181533413,"ASHMED_Adaptive",0.05,"ok",FALSE,0.71,"","","3f76ea949677d5d2a1806a86fd9dbac8",108,3,105,168,0.0277777777777778,0.625
"binary_dense_n300_t01_r0013","binary","dense","paper_adjusted",300,1000,1.3,13,148760379,"ASHMED_Adaptive",0.05,"ok",FALSE,2.39,"","","66189fb8b203d3508bc98959a03020e6",127,3,124,203,0.0236220472440945,0.610837438423645
"linear_sparse_n300_t02_r0013","linear","sparse","paper_adjusted",300,1000,1.5,13,120905546,"ASHMED_Adaptive",0.05,"ok",FALSE,1.58,"","","6cfc112b17dd3b11a4a22f8f3f852010",14,0,14,20,0,0.7
"confounded_sparse_n300_t02_r0013","confounded","sparse","paper_adjusted",300,1000,1.5,13,226150571,"ASHMED_Adaptive",0.05,"ok",FALSE,1.16,"","","90b36fff2e6b4b6bfaf7918abf3f662c",18,0,18,28,0,0.642857142857143
"binary_sparse_n300_t02_r0013","binary","sparse","paper_adjusted",300,1000,1.5,13,44954659,"ASHMED_Adaptive",0.05,"ok",FALSE,1.34,"","","ade07fc12b8a2e586e9a641d3112ee02",12,0,12,22,0,0.545454545454545
"linear_dense_n300_t02_r0013","linear","dense","paper_adjusted",300,1000,1.5,13,108883430,"ASHMED_Adaptive",0.05,"ok",FALSE,0.68,"","","6a0e802ff7c61c19831e8fafd2d9bcdc",177,11,166,200,0.0621468926553672,0.83
"confounded_dense_n300_t02_r0013","confounded","dense","paper_adjusted",300,1000,1.5,13,213957804,"ASHMED_Adaptive",0.05,"ok",FALSE,0.75,"","","11edd2220bd7c9585cc7a017a3454443",181,4,177,197,0.0220994475138122,0.898477157360406
"binary_dense_n300_t02_r0013","binary","dense","paper_adjusted",300,1000,1.5,13,68411160,"ASHMED_Adaptive",0.05,"ok",FALSE,0.69,"","","a73ddee578863c48c8d7df2ded26828e",188,15,173,213,0.0797872340425532,0.812206572769953
"linear_sparse_n300_t03_r0013","linear","sparse","paper_adjusted",300,1000,1.9,13,107145509,"ASHMED_Adaptive",0.05,"ok",FALSE,0.659999999999999,"","","c9372940bf0dd50f9f5557275cb98724",25,2,23,23,0.08,1
"confounded_sparse_n300_t03_r0013","confounded","sparse","paper_adjusted",300,1000,1.9,13,212217105,"ASHMED_Adaptive",0.05,"ok",FALSE,0.65,"","","4660352905b990f09f0fb7e53a6db501",13,1,12,13,0.0769230769230769,0.923076923076923
"binary_sparse_n300_t03_r0013","binary","sparse","paper_adjusted",300,1000,1.9,13,187354452,"ASHMED_Adaptive",0.05,"ok",FALSE,0.659999999999999,"","","c18f90a94e47069c7949cb8e3d459d98",8,0,8,13,0,0.615384615384615
"linear_dense_n300_t03_r0013","linear","dense","paper_adjusted",300,1000,1.9,13,189481098,"ASHMED_Adaptive",0.05,"ok",FALSE,4.75,"","","9c5928203cc8de34014b73896124e7f2",172,7,165,168,0.0406976744186047,0.982142857142857
"confounded_dense_n300_t03_r0013","confounded","dense","paper_adjusted",300,1000,1.9,13,30290979,"ASHMED_Adaptive",0.05,"ok",FALSE,1.7,"","","7b136dbc5b60d6bf74823a90b0e05222",205,12,193,214,0.0585365853658537,0.901869158878505
"binary_dense_n300_t03_r0013","binary","dense","paper_adjusted",300,1000,1.9,13,126014513,"ASHMED_Adaptive",0.05,"ok",FALSE,3.36,"","","e5a286b3675faa9f791d562ab3e96ff0",221,14,207,213,0.0633484162895928,0.971830985915493
"linear_sparse_n300_t01_r0014","linear","sparse","paper_adjusted",300,1000,1.3,14,158106099,"ASHMED_Adaptive",0.05,"ok",FALSE,1.05,"","","1048b685cee4a8e367e0523f4d4dc884",12,0,12,21,0,0.571428571428571
"confounded_sparse_n300_t01_r0014","confounded","sparse","paper_adjusted",300,1000,1.3,14,157552585,"ASHMED_Adaptive",0.05,"ok",FALSE,1.48,"","","2951052295e636229dab2de1041fec0e",8,0,8,25,0,0.32
"binary_sparse_n300_t01_r0014","binary","sparse","paper_adjusted",300,1000,1.3,14,191895824,"ASHMED_Adaptive",0.05,"ok",FALSE,1.38,"","","40d190027541cc5af350ef2ae596832a",8,0,8,20,0,0.4
"linear_dense_n300_t01_r0014","linear","dense","paper_adjusted",300,1000,1.3,14,245053068,"ASHMED_Adaptive",0.05,"ok",FALSE,0.92,"","","55ac243ab0c73c8b7c649c1168711b12",139,5,134,182,0.0359712230215827,0.736263736263736
"confounded_dense_n300_t01_r0014","confounded","dense","paper_adjusted",300,1000,1.3,14,131224149,"ASHMED_Adaptive",0.05,"ok",FALSE,1.05,"","","a8dea999f4b24975f06bd2be67e3cd2a",188,10,178,207,0.0531914893617021,0.859903381642512
"binary_dense_n300_t01_r0014","binary","dense","paper_adjusted",300,1000,1.3,14,195969736,"ASHMED_Adaptive",0.05,"ok",FALSE,4.14,"","","1ac016abb953a9ea5ef60cd02d28082c",108,7,101,206,0.0648148148148148,0.490291262135922
"linear_sparse_n300_t02_r0014","linear","sparse","paper_adjusted",300,1000,1.5,14,169015867,"ASHMED_Adaptive",0.05,"ok",FALSE,1.09,"","","0092c6dafcbb8b23e339a0b8a66158e5",10,2,8,15,0.2,0.533333333333333
"confounded_sparse_n300_t02_r0014","confounded","sparse","paper_adjusted",300,1000,1.5,14,257681083,"ASHMED_Adaptive",0.05,"ok",FALSE,1.46,"","","9a560d6c971a55d97b87683d6e45cd1b",15,0,15,21,0,0.714285714285714
"binary_sparse_n300_t02_r0014","binary","sparse","paper_adjusted",300,1000,1.5,14,50191965,"ASHMED_Adaptive",0.05,"ok",FALSE,1.61,"","","bc8e54f6fc22625b5c1bfccf489e1570",13,2,11,21,0.153846153846154,0.523809523809524
"linear_dense_n300_t02_r0014","linear","dense","paper_adjusted",300,1000,1.5,14,177190803,"ASHMED_Adaptive",0.05,"ok",FALSE,1.14,"","","18fece43fcf79974c6151f7c5d1651b7",185,16,169,208,0.0864864864864865,0.8125
"confounded_dense_n300_t02_r0014","confounded","dense","paper_adjusted",300,1000,1.5,14,135671642,"ASHMED_Adaptive",0.05,"ok",FALSE,2.54,"","","0d6949812cf1e5e96573bb25a51f0a4e",173,5,168,212,0.0289017341040462,0.792452830188679
"binary_dense_n300_t02_r0014","binary","dense","paper_adjusted",300,1000,1.5,14,42171584,"ASHMED_Adaptive",0.05,"ok",FALSE,0.720000000000001,"","","507dfdf3441571e57885bd067ffb82bd",156,7,149,197,0.0448717948717949,0.756345177664975
"linear_sparse_n300_t03_r0014","linear","sparse","paper_adjusted",300,1000,1.9,14,265012438,"ASHMED_Adaptive",0.05,"ok",FALSE,0.69,"","","b7d6c5824cd65f655047faa3eb9d08af",17,0,17,20,0,0.85
"confounded_sparse_n300_t03_r0014","confounded","sparse","paper_adjusted",300,1000,1.9,14,49840837,"ASHMED_Adaptive",0.05,"ok",FALSE,1.32,"","","b3afc5e6efa2851098a75f9f34094f3e",14,0,14,16,0,0.875
"binary_sparse_n300_t03_r0014","binary","sparse","paper_adjusted",300,1000,1.9,14,190602841,"ASHMED_Adaptive",0.05,"ok",FALSE,0.84,"","","614aa0f086f1c3b353477e553e9915d5",17,0,17,18,0,0.944444444444444
"linear_dense_n300_t03_r0014","linear","dense","paper_adjusted",300,1000,1.9,14,3446329,"ASHMED_Adaptive",0.05,"ok",FALSE,1.88,"","","cb5e24a4a0c6a0f7ec0b4277cacb84c5",208,11,197,204,0.0528846153846154,0.965686274509804
"confounded_dense_n300_t03_r0014","confounded","dense","paper_adjusted",300,1000,1.9,14,215777634,"ASHMED_Adaptive",0.05,"ok",FALSE,7,"","","f741e871d64de05cb4b7553da4b43aea",208,7,201,205,0.0336538461538462,0.980487804878049
"binary_dense_n300_t03_r0014","binary","dense","paper_adjusted",300,1000,1.9,14,138664495,"ASHMED_Adaptive",0.05,"ok",FALSE,1.56,"","","bbd155c393dcb76711cd0235223c9502",175,5,170,184,0.0285714285714286,0.923913043478261
"linear_sparse_n300_t01_r0015","linear","sparse","paper_adjusted",300,1000,1.3,15,216097654,"ASHMED_Adaptive",0.05,"ok",FALSE,1.64,"","","42346843ea024a4c5d39eea5332cb16b",10,0,10,20,0,0.5
"confounded_sparse_n300_t01_r0015","confounded","sparse","paper_adjusted",300,1000,1.3,15,130171012,"ASHMED_Adaptive",0.05,"ok",FALSE,1.95,"","","6f4694aafbcba88971569a86f7526c1d",3,0,3,14,0,0.214285714285714
"binary_sparse_n300_t01_r0015","binary","sparse","paper_adjusted",300,1000,1.3,15,122031860,"ASHMED_Adaptive",0.05,"ok",FALSE,2.8,"","","d02553339e65043e4b8f9bc2491a809b",23,4,19,27,0.173913043478261,0.703703703703704
"linear_dense_n300_t01_r0015","linear","dense","paper_adjusted",300,1000,1.3,15,179250318,"ASHMED_Adaptive",0.05,"ok",FALSE,1.19,"","","2bb164229e503c3a539a6d81d76c2496",174,5,169,219,0.028735632183908,0.771689497716895
"confounded_dense_n300_t01_r0015","confounded","dense","paper_adjusted",300,1000,1.3,15,247858178,"ASHMED_Adaptive",0.05,"ok",FALSE,0.550000000000001,"","","f28089b21b4a44f9902cec013cb9eba1",181,12,169,206,0.0662983425414365,0.820388349514563
"binary_dense_n300_t01_r0015","binary","dense","paper_adjusted",300,1000,1.3,15,199113044,"ASHMED_Adaptive",0.05,"ok",FALSE,0.870000000000001,"","","234e77c0c2a40a96a0b38c9e1e03ba2a",155,5,150,201,0.032258064516129,0.746268656716418
"linear_sparse_n300_t02_r0015","linear","sparse","paper_adjusted",300,1000,1.5,15,253309305,"ASHMED_Adaptive",0.05,"ok",FALSE,1.65,"","","9edfd2dcfae208ab06897c930656ab7f",5,0,5,15,0,0.333333333333333
"confounded_sparse_n300_t02_r0015","confounded","sparse","paper_adjusted",300,1000,1.5,15,236704638,"ASHMED_Adaptive",0.05,"ok",FALSE,1.01,"","","133be1ca2d29aefbafdf1ca0dfa80acf",15,0,15,20,0,0.75
"binary_sparse_n300_t02_r0015","binary","sparse","paper_adjusted",300,1000,1.5,15,203505069,"ASHMED_Adaptive",0.05,"ok",FALSE,1.07,"","","0a420cd7cf120ea2bf8f72f7d955fef7",8,0,8,15,0,0.533333333333333
"linear_dense_n300_t02_r0015","linear","dense","paper_adjusted",300,1000,1.5,15,211215864,"ASHMED_Adaptive",0.05,"ok",FALSE,1.21,"","","035a7a40f31a44a05b752cac698607c4",155,9,146,197,0.0580645161290323,0.741116751269036
"confounded_dense_n300_t02_r0015","confounded","dense","paper_adjusted",300,1000,1.5,15,220683061,"ASHMED_Adaptive",0.05,"ok",FALSE,0.690000000000001,"","","139b720e8cf3643fede28cd00f16ff5d",171,11,160,192,0.064327485380117,0.833333333333333
"binary_dense_n300_t02_r0015","binary","dense","paper_adjusted",300,1000,1.5,15,84549946,"ASHMED_Adaptive",0.05,"ok",FALSE,0.460000000000001,"","","9fd5fce3a603108faf8311dbc96ee1df",177,5,172,198,0.0282485875706215,0.868686868686869
"linear_sparse_n300_t03_r0015","linear","sparse","paper_adjusted",300,1000,1.9,15,64682883,"ASHMED_Adaptive",0.05,"ok",FALSE,0.57,"","","cdfb555117244b4e62862bf08bacddb5",21,1,20,21,0.0476190476190476,0.952380952380952
"confounded_sparse_n300_t03_r0015","confounded","sparse","paper_adjusted",300,1000,1.9,15,235978942,"ASHMED_Adaptive",0.05,"ok",FALSE,0.830000000000002,"","","48debd378e74146feb3c32c00202a8b0",23,2,21,24,0.0869565217391304,0.875
"binary_sparse_n300_t03_r0015","binary","sparse","paper_adjusted",300,1000,1.9,15,154669889,"ASHMED_Adaptive",0.05,"ok",FALSE,0.66,"","","421e6ab75a31b97607fcbe2307a69fff",10,0,10,13,0,0.769230769230769
"linear_dense_n300_t03_r0015","linear","dense","paper_adjusted",300,1000,1.9,15,161883823,"ASHMED_Adaptive",0.05,"ok",FALSE,1.32,"","","5cda9cc36100d1350905f13fd210ff27",206,9,197,203,0.0436893203883495,0.970443349753695
"confounded_dense_n300_t03_r0015","confounded","dense","paper_adjusted",300,1000,1.9,15,22926348,"ASHMED_Adaptive",0.05,"ok",FALSE,3.73,"","","c7d7a1b02bf6678f86bc1e0d7e93d18b",197,10,187,202,0.050761421319797,0.925742574257426
"binary_dense_n300_t03_r0015","binary","dense","paper_adjusted",300,1000,1.9,15,221990580,"ASHMED_Adaptive",0.05,"ok",FALSE,1.26,"","","e1bcdd806d337a0b3b3fb259983a9c1d",217,18,199,206,0.0829493087557604,0.966019417475728
"linear_sparse_n300_t01_r0016","linear","sparse","paper_adjusted",300,1000,1.3,16,40750202,"ASHMED_Adaptive",0.05,"ok",FALSE,1.22,"","","98bc3ae06d96418d7735120984ea97a6",11,0,11,22,0,0.5
"confounded_sparse_n300_t01_r0016","confounded","sparse","paper_adjusted",300,1000,1.3,16,228441863,"ASHMED_Adaptive",0.05,"ok",FALSE,0.940000000000001,"","","4525f1f25cf62cfd7fd8c4fa3e098fbd",5,0,5,18,0,0.277777777777778
"binary_sparse_n300_t01_r0016","binary","sparse","paper_adjusted",300,1000,1.3,16,169114951,"ASHMED_Adaptive",0.05,"ok",FALSE,1.61,"","","0ffd08db7eeb67a906c89e32f36f0101",8,0,8,17,0,0.470588235294118
"linear_dense_n300_t01_r0016","linear","dense","paper_adjusted",300,1000,1.3,16,98949684,"ASHMED_Adaptive",0.05,"ok",FALSE,1.34,"","","656e442c3e96c097650d37ef3be55e45",150,8,142,203,0.0533333333333333,0.699507389162562
"confounded_dense_n300_t01_r0016","confounded","dense","paper_adjusted",300,1000,1.3,16,132923322,"ASHMED_Adaptive",0.05,"ok",FALSE,0.719999999999999,"","","1aa6122337e1f08b610d097b19474c36",189,15,174,214,0.0793650793650794,0.813084112149533
"binary_dense_n300_t01_r0016","binary","dense","paper_adjusted",300,1000,1.3,16,72884231,"ASHMED_Adaptive",0.05,"ok",FALSE,5.96,"","","a140e846785fbf28cd2ecb39a8c39c7c",142,8,134,219,0.0563380281690141,0.611872146118721
"linear_sparse_n300_t02_r0016","linear","sparse","paper_adjusted",300,1000,1.5,16,255641255,"ASHMED_Adaptive",0.05,"ok",FALSE,0.880000000000003,"","","3fc4279e79ea8a6b2fe50ce623e1ce40",11,1,10,17,0.0909090909090909,0.588235294117647
"confounded_sparse_n300_t02_r0016","confounded","sparse","paper_adjusted",300,1000,1.5,16,197855516,"ASHMED_Adaptive",0.05,"ok",FALSE,0.719999999999999,"","","0a453498a4e2cf2fc606fd52c03719c4",16,2,14,15,0.125,0.933333333333333
"binary_sparse_n300_t02_r0016","binary","sparse","paper_adjusted",300,1000,1.5,16,44612034,"ASHMED_Adaptive",0.05,"ok",FALSE,0.789999999999999,"","","d17e266c31b0e3f27f30d8305b7d941b",16,0,16,22,0,0.727272727272727
"linear_dense_n300_t02_r0016","linear","dense","paper_adjusted",300,1000,1.5,16,28727954,"ASHMED_Adaptive",0.05,"ok",FALSE,1.28,"","","db2ab8f8ded858a28c433fa14dff8817",162,10,152,190,0.0617283950617284,0.8
"confounded_dense_n300_t02_r0016","confounded","dense","paper_adjusted",300,1000,1.5,16,229508298,"ASHMED_Adaptive",0.05,"ok",FALSE,0.640000000000001,"","","8032ee1331e57b2a6401b8c0f3def98d",171,8,163,198,0.0467836257309941,0.823232323232323
"binary_dense_n300_t02_r0016","binary","dense","paper_adjusted",300,1000,1.5,16,192151669,"ASHMED_Adaptive",0.05,"ok",FALSE,0.939999999999998,"","","0f5ae51f9519fb3cef30a8abad80c72d",166,7,159,199,0.0421686746987952,0.798994974874372
"linear_sparse_n300_t03_r0016","linear","sparse","paper_adjusted",300,1000,1.9,16,154068210,"ASHMED_Adaptive",0.05,"ok",FALSE,1.29,"","","93e47fcaafa6ee0db9312aaaa1cc26c0",16,0,16,17,0,0.941176470588235
"confounded_sparse_n300_t03_r0016","confounded","sparse","paper_adjusted",300,1000,1.9,16,142953445,"ASHMED_Adaptive",0.05,"ok",FALSE,0.479999999999997,"","","953dc27874a4b7639a7701ad0a8ec4a9",19,0,19,21,0,0.904761904761905
"binary_sparse_n300_t03_r0016","binary","sparse","paper_adjusted",300,1000,1.9,16,76488209,"ASHMED_Adaptive",0.05,"ok",FALSE,1.07,"","","e9f05f82a40d259fe31b76f9cb6263e0",20,2,18,24,0.1,0.75
"linear_dense_n300_t03_r0016","linear","dense","paper_adjusted",300,1000,1.9,16,144947955,"ASHMED_Adaptive",0.05,"ok",FALSE,1.83,"","","a6557dfc337dcb00c721e43f87b69c60",205,9,196,198,0.0439024390243902,0.98989898989899
"confounded_dense_n300_t03_r0016","confounded","dense","paper_adjusted",300,1000,1.9,16,175857158,"ASHMED_Adaptive",0.05,"ok",FALSE,6.58,"","","f8fe451041086a20d993a566779bc0d0",212,11,201,218,0.0518867924528302,0.922018348623853
"binary_dense_n300_t03_r0016","binary","dense","paper_adjusted",300,1000,1.9,16,150834339,"ASHMED_Adaptive",0.05,"ok",FALSE,1.72,"","","bbf744737fea13adfef282da47620741",197,13,184,195,0.065989847715736,0.943589743589744
"linear_sparse_n300_t01_r0017","linear","sparse","paper_adjusted",300,1000,1.3,17,234381864,"ASHMED_Adaptive",0.05,"ok",FALSE,0.899999999999999,"","","4200e62a4ab8b5266aa21301d0cbc532",21,2,19,29,0.0952380952380952,0.655172413793103
"confounded_sparse_n300_t01_r0017","confounded","sparse","paper_adjusted",300,1000,1.3,17,110447226,"ASHMED_Adaptive",0.05,"ok",FALSE,1.2,"","","918752aed5dbed4383efd14c378d299d",5,3,2,13,0.6,0.153846153846154
"binary_sparse_n300_t01_r0017","binary","sparse","paper_adjusted",300,1000,1.3,17,257277840,"ASHMED_Adaptive",0.05,"ok",FALSE,1.28,"","","07721ea62a3a8df4d52d5443362032d2",8,0,8,22,0,0.363636363636364
"linear_dense_n300_t01_r0017","linear","dense","paper_adjusted",300,1000,1.3,17,192655131,"ASHMED_Adaptive",0.05,"ok",FALSE,4.43,"","","e1c5a622f7526dc5bfcae2102cfb7f0d",162,12,150,204,0.0740740740740741,0.735294117647059
"confounded_dense_n300_t01_r0017","confounded","dense","paper_adjusted",300,1000,1.3,17,24903848,"ASHMED_Adaptive",0.05,"ok",FALSE,0.670000000000002,"","","85a22866ef796bd6aabace2709f57c32",170,10,160,221,0.0588235294117647,0.723981900452489
"binary_dense_n300_t01_r0017","binary","dense","paper_adjusted",300,1000,1.3,17,129076476,"ASHMED_Adaptive",0.05,"ok",FALSE,0.690000000000005,"","","ee8eb636fd7e1d9b200bcaa6cfbac98b",153,13,140,199,0.0849673202614379,0.703517587939699
"linear_sparse_n300_t02_r0017","linear","sparse","paper_adjusted",300,1000,1.5,17,188979058,"ASHMED_Adaptive",0.05,"ok",FALSE,0.689999999999998,"","","02c9502c42864dae493e5630290856b2",19,1,18,26,0.0526315789473684,0.692307692307692
"confounded_sparse_n300_t02_r0017","confounded","sparse","paper_adjusted",300,1000,1.5,17,184846543,"ASHMED_Adaptive",0.05,"ok",FALSE,1.14,"","","b06496f331e290159894365bd198765a",11,0,11,17,0,0.647058823529412
"binary_sparse_n300_t02_r0017","binary","sparse","paper_adjusted",300,1000,1.5,17,266529541,"ASHMED_Adaptive",0.05,"ok",FALSE,0.969999999999999,"","","e89accf54633e78e84ef6bd699a86f86",17,0,17,21,0,0.80952380952381
"linear_dense_n300_t02_r0017","linear","dense","paper_adjusted",300,1000,1.5,17,209398556,"ASHMED_Adaptive",0.05,"ok",FALSE,1.2,"","","cb33e79b1a35cc63cf49f017f5213810",154,4,150,186,0.025974025974026,0.806451612903226
"confounded_dense_n300_t02_r0017","confounded","dense","paper_adjusted",300,1000,1.5,17,101557836,"ASHMED_Adaptive",0.05,"ok",FALSE,0.870000000000005,"","","3c971cc086b9c9822116e8d427d26a2a",169,7,162,208,0.0414201183431953,0.778846153846154
"binary_dense_n300_t02_r0017","binary","dense","paper_adjusted",300,1000,1.5,17,145304890,"ASHMED_Adaptive",0.05,"ok",FALSE,0.700000000000003,"","","fadaad93fdc9d9362433643825a1a446",137,7,130,180,0.0510948905109489,0.722222222222222
"linear_sparse_n300_t03_r0017","linear","sparse","paper_adjusted",300,1000,1.9,17,196004829,"ASHMED_Adaptive",0.05,"ok",FALSE,1.4,"","","6cf2fe92a5fdd9c2eafe9820df9a1157",10,0,10,11,0,0.909090909090909
"confounded_sparse_n300_t03_r0017","confounded","sparse","paper_adjusted",300,1000,1.9,17,178717797,"ASHMED_Adaptive",0.05,"ok",FALSE,1.1,"","","2f7a465081867dfa5596b52e235eff04",12,1,11,15,0.0833333333333333,0.733333333333333
"binary_sparse_n300_t03_r0017","binary","sparse","paper_adjusted",300,1000,1.9,17,69441725,"ASHMED_Adaptive",0.05,"ok",FALSE,0.520000000000003,"","","7b18056662a6abae143cfc286fc91bdf",17,0,17,17,0,1
"linear_dense_n300_t03_r0017","linear","dense","paper_adjusted",300,1000,1.9,17,37572246,"ASHMED_Adaptive",0.05,"ok",FALSE,2.06,"","","ab2e0ebfef937b9419c0879c4d029d57",198,11,187,195,0.0555555555555556,0.958974358974359
"confounded_dense_n300_t03_r0017","confounded","dense","paper_adjusted",300,1000,1.9,17,41197845,"ASHMED_Adaptive",0.05,"ok",FALSE,5.95,"","","b7491d7294f3f658f860245b79fcd82b",222,12,210,217,0.0540540540540541,0.967741935483871
"binary_dense_n300_t03_r0017","binary","dense","paper_adjusted",300,1000,1.9,17,255344947,"ASHMED_Adaptive",0.05,"ok",FALSE,4.27,"","","5d8b57979f51de9192080bed2460a363",201,4,197,205,0.0199004975124378,0.960975609756098
"linear_sparse_n300_t01_r0018","linear","sparse","paper_adjusted",300,1000,1.3,18,182742863,"ASHMED_Adaptive",0.05,"ok",FALSE,0.919999999999995,"","","ef11ae8e36f742ab782066222f03d0b2",9,0,9,18,0,0.5
"confounded_sparse_n300_t01_r0018","confounded","sparse","paper_adjusted",300,1000,1.3,18,229127539,"ASHMED_Adaptive",0.05,"ok",FALSE,1.24,"","","bf9e0f7604272c425de5be10c3ba7782",8,0,8,24,0,0.333333333333333
"binary_sparse_n300_t01_r0018","binary","sparse","paper_adjusted",300,1000,1.3,18,145713027,"ASHMED_Adaptive",0.05,"ok",FALSE,1.32,"","","54cee43c63afc3078073670f6e2457b0",10,0,10,20,0,0.5
"linear_dense_n300_t01_r0018","linear","dense","paper_adjusted",300,1000,1.3,18,252895290,"ASHMED_Adaptive",0.05,"ok",FALSE,5.77,"","","97ae3c98920f1a1b47606f277b4680df",166,8,158,215,0.0481927710843374,0.734883720930233
"confounded_dense_n300_t01_r0018","confounded","dense","paper_adjusted",300,1000,1.3,18,184708675,"ASHMED_Adaptive",0.05,"ok",FALSE,1.68,"","","7fd12edb66595bf6641684cfaddb2d75",151,7,144,202,0.0463576158940397,0.712871287128713
"binary_dense_n300_t01_r0018","binary","dense","paper_adjusted",300,1000,1.3,18,150536503,"ASHMED_Adaptive",0.05,"ok",FALSE,2.39,"","","b56934962ddd717025bbe84733d90413",43,1,42,209,0.0232558139534884,0.200956937799043
"linear_sparse_n300_t02_r0018","linear","sparse","paper_adjusted",300,1000,1.5,18,212429704,"ASHMED_Adaptive",0.05,"ok",FALSE,0.880000000000003,"","","7ca4047fea404f46de287e4532426246",19,0,19,21,0,0.904761904761905
"confounded_sparse_n300_t02_r0018","confounded","sparse","paper_adjusted",300,1000,1.5,18,147299690,"ASHMED_Adaptive",0.05,"ok",FALSE,1.16,"","","f659f66a9176cdddecd917d04f6caf08",13,0,13,21,0,0.619047619047619
"binary_sparse_n300_t02_r0018","binary","sparse","paper_adjusted",300,1000,1.5,18,180449051,"ASHMED_Adaptive",0.05,"ok",FALSE,1.45,"","","ab3068eff9271410e615f75a80a64646",20,1,19,25,0.05,0.76
"linear_dense_n300_t02_r0018","linear","dense","paper_adjusted",300,1000,1.5,18,21931193,"ASHMED_Adaptive",0.05,"ok",FALSE,0.640000000000001,"","","ba434e946351b14dc72a1f92eafabf29",184,10,174,197,0.0543478260869565,0.883248730964467
"confounded_dense_n300_t02_r0018","confounded","dense","paper_adjusted",300,1000,1.5,18,264848367,"ASHMED_Adaptive",0.05,"ok",FALSE,1.01000000000001,"","","0e11f67211c31f0f735dda269c90d79e",213,12,201,215,0.0563380281690141,0.934883720930233
"binary_dense_n300_t02_r0018","binary","dense","paper_adjusted",300,1000,1.5,18,210931797,"ASHMED_Adaptive",0.05,"ok",FALSE,1.14999999999999,"","","7d7164ee603d46011a1f13e4d74d2488",188,8,180,215,0.0425531914893617,0.837209302325581
"linear_sparse_n300_t03_r0018","linear","sparse","paper_adjusted",300,1000,1.9,18,28285931,"ASHMED_Adaptive",0.05,"ok",FALSE,0.609999999999999,"","","d29b03740948aa2d5fb45849a01fd2db",22,1,21,24,0.0454545454545455,0.875
"confounded_sparse_n300_t03_r0018","confounded","sparse","paper_adjusted",300,1000,1.9,18,82667222,"ASHMED_Adaptive",0.05,"ok",FALSE,0.480000000000004,"","","b7952ff3b818a880ac678a9a905af903",19,1,18,19,0.0526315789473684,0.947368421052632
"binary_sparse_n300_t03_r0018","binary","sparse","paper_adjusted",300,1000,1.9,18,163021772,"ASHMED_Adaptive",0.05,"ok",FALSE,0.719999999999999,"","","d6cda4c7c45cf925e4e9900082224058",28,2,26,26,0.0714285714285714,1
"linear_dense_n300_t03_r0018","linear","dense","paper_adjusted",300,1000,1.9,18,64612631,"ASHMED_Adaptive",0.05,"ok",FALSE,2.38,"","","bd4b57ccc78667461b0915568d9c45c8",178,9,169,182,0.050561797752809,0.928571428571429
"confounded_dense_n300_t03_r0018","confounded","dense","paper_adjusted",300,1000,1.9,18,128819972,"ASHMED_Adaptive",0.05,"ok",FALSE,1.74000000000001,"","","fc99eb5cd5ed1518555ee9f486335f14",199,14,185,195,0.0703517587939698,0.948717948717949
"binary_dense_n300_t03_r0018","binary","dense","paper_adjusted",300,1000,1.9,18,128983627,"ASHMED_Adaptive",0.05,"ok",FALSE,2.26000000000001,"","","b672af5aa005c61efbd94cbf1656e31e",191,7,184,188,0.0366492146596859,0.978723404255319
"linear_sparse_n300_t01_r0019","linear","sparse","paper_adjusted",300,1000,1.3,19,235739588,"ASHMED_Adaptive",0.05,"ok",FALSE,0.75,"","","e3c17077cd54fb5b219161b73528d505",10,0,10,21,0,0.476190476190476
"confounded_sparse_n300_t01_r0019","confounded","sparse","paper_adjusted",300,1000,1.3,19,33646713,"ASHMED_Adaptive",0.05,"ok",FALSE,1.49000000000001,"","","e69f7d1fa3adb321ef742ab05adbf6af",17,0,17,25,0,0.68
"binary_sparse_n300_t01_r0019","binary","sparse","paper_adjusted",300,1000,1.3,19,199047749,"ASHMED_Adaptive",0.05,"ok",FALSE,0.589999999999989,"","","7f0c5396ec269c13a5b5d3575d66e5e9",9,0,9,23,0,0.391304347826087
"linear_dense_n300_t01_r0019","linear","dense","paper_adjusted",300,1000,1.3,19,155301428,"ASHMED_Adaptive",0.05,"ok",FALSE,0.620000000000005,"","","027fc344a153fef6507f811782537b25",160,8,152,210,0.05,0.723809523809524
"confounded_dense_n300_t01_r0019","confounded","dense","paper_adjusted",300,1000,1.3,19,130398686,"ASHMED_Adaptive",0.05,"ok",FALSE,1.12,"","","de98267fd74d67cbfa1913f347c62c9d",173,10,163,211,0.0578034682080925,0.772511848341232
"binary_dense_n300_t01_r0019","binary","dense","paper_adjusted",300,1000,1.3,19,238346455,"ASHMED_Adaptive",0.05,"ok",FALSE,0.780000000000001,"","","991311c71838465a7c545269c90408f2",151,9,142,197,0.0596026490066225,0.720812182741117
"linear_sparse_n300_t02_r0019","linear","sparse","paper_adjusted",300,1000,1.5,19,202600818,"ASHMED_Adaptive",0.05,"ok",FALSE,1.92,"","","47b0feb4e226d5fad31f6f65cb7eb857",13,0,13,23,0,0.565217391304348
"confounded_sparse_n300_t02_r0019","confounded","sparse","paper_adjusted",300,1000,1.5,19,194894024,"ASHMED_Adaptive",0.05,"ok",FALSE,0.810000000000002,"","","a1e7d7bffaf031088ca9e0a1793b954e",6,0,6,20,0,0.3
"binary_sparse_n300_t02_r0019","binary","sparse","paper_adjusted",300,1000,1.5,19,78805915,"ASHMED_Adaptive",0.05,"ok",FALSE,1.04000000000001,"","","f4423473262b0e441930206bf2abba87",18,3,15,19,0.166666666666667,0.789473684210526
"linear_dense_n300_t02_r0019","linear","dense","paper_adjusted",300,1000,1.5,19,158718623,"ASHMED_Adaptive",0.05,"ok",FALSE,0.879999999999995,"","","2a234f5674d32664b6f76a80d035533c",154,8,146,190,0.051948051948052,0.768421052631579
"confounded_dense_n300_t02_r0019","confounded","dense","paper_adjusted",300,1000,1.5,19,198576348,"ASHMED_Adaptive",0.05,"ok",FALSE,0.849999999999994,"","","3204ef943e3cfa228ccadf295251f338",173,9,164,190,0.0520231213872832,0.863157894736842
"binary_dense_n300_t02_r0019","binary","dense","paper_adjusted",300,1000,1.5,19,249901582,"ASHMED_Adaptive",0.05,"ok",FALSE,0.689999999999998,"","","b9d04b0d7c98e134dc40dae19510f9d3",169,10,159,193,0.0591715976331361,0.823834196891192
"linear_sparse_n300_t03_r0019","linear","sparse","paper_adjusted",300,1000,1.9,19,120838014,"ASHMED_Adaptive",0.05,"ok",FALSE,0.580000000000013,"","","2fbb242072a8add9ec145d9d3b3b1816",9,0,9,17,0,0.529411764705882
"confounded_sparse_n300_t03_r0019","confounded","sparse","paper_adjusted",300,1000,1.9,19,4047854,"ASHMED_Adaptive",0.05,"ok",FALSE,0.909999999999997,"","","704dfce2ac4b2558f553b8d8656d78df",10,1,9,13,0.1,0.692307692307692
"binary_sparse_n300_t03_r0019","binary","sparse","paper_adjusted",300,1000,1.9,19,68658966,"ASHMED_Adaptive",0.05,"ok",FALSE,1.48999999999999,"","","be51deabece0367f3cc0a0253cc36582",33,1,32,33,0.0303030303030303,0.96969696969697
"linear_dense_n300_t03_r0019","linear","dense","paper_adjusted",300,1000,1.9,19,259320263,"ASHMED_Adaptive",0.05,"ok",FALSE,2.16999999999999,"","","c275a1a2c053631b2e79e01f8e89e777",198,8,190,208,0.0404040404040404,0.913461538461538
"confounded_dense_n300_t03_r0019","confounded","dense","paper_adjusted",300,1000,1.9,19,243925,"ASHMED_Adaptive",0.05,"ok",FALSE,4.83,"","","7b9a9b4be6c14a4d4d80064dcd365896",227,13,214,223,0.0572687224669604,0.959641255605381
"binary_dense_n300_t03_r0019","binary","dense","paper_adjusted",300,1000,1.9,19,193923431,"ASHMED_Adaptive",0.05,"ok",FALSE,5.30999999999999,"","","76d36342c3b0ff58d0b387e8e901aac9",210,13,197,201,0.0619047619047619,0.980099502487562
"linear_sparse_n300_t01_r0020","linear","sparse","paper_adjusted",300,1000,1.3,20,132087743,"ASHMED_Adaptive",0.05,"ok",FALSE,1.42,"","","a48c419aa99bb07dc7eb07531c825f5e",11,0,11,15,0,0.733333333333333
"confounded_sparse_n300_t01_r0020","confounded","sparse","paper_adjusted",300,1000,1.3,20,49525023,"ASHMED_Adaptive",0.05,"ok",FALSE,3.80000000000001,"","","b8fdd175aeb9b0d180f08e7602f6584a",13,3,10,22,0.230769230769231,0.454545454545455
"binary_sparse_n300_t01_r0020","binary","sparse","paper_adjusted",300,1000,1.3,20,248477798,"ASHMED_Adaptive",0.05,"ok",FALSE,2.08000000000001,"","","3a0cd93f4f16c10156323ac714dd0b5b",10,1,9,21,0.1,0.428571428571429
"linear_dense_n300_t01_r0020","linear","dense","paper_adjusted",300,1000,1.3,20,64924908,"ASHMED_Adaptive",0.05,"ok",FALSE,0.780000000000001,"","","848950fcb5f86b4780ea80edf9439293",160,7,153,201,0.04375,0.761194029850746
"confounded_dense_n300_t01_r0020","confounded","dense","paper_adjusted",300,1000,1.3,20,30454654,"ASHMED_Adaptive",0.05,"ok",FALSE,1.55,"","","f9429ee4e6a00ac48a36ef5eb452d40d",152,10,142,204,0.0657894736842105,0.696078431372549
"binary_dense_n300_t01_r0020","binary","dense","paper_adjusted",300,1000,1.3,20,34941359,"ASHMED_Adaptive",0.05,"ok",FALSE,0.77000000000001,"","","ccad333f61a3bca500747d9d181c98d2",178,4,174,240,0.0224719101123595,0.725
"linear_sparse_n300_t02_r0020","linear","sparse","paper_adjusted",300,1000,1.5,20,246391156,"ASHMED_Adaptive",0.05,"ok",FALSE,1.28,"","","0bc8ac19127eae8a69a0984fb72dc448",17,2,15,17,0.117647058823529,0.882352941176471
"confounded_sparse_n300_t02_r0020","confounded","sparse","paper_adjusted",300,1000,1.5,20,194980614,"ASHMED_Adaptive",0.05,"ok",FALSE,2,"","","51f7b794e7aaf5aa93706338533f1f03",3,0,3,13,0,0.230769230769231
"binary_sparse_n300_t02_r0020","binary","sparse","paper_adjusted",300,1000,1.5,20,24464904,"ASHMED_Adaptive",0.05,"ok",FALSE,1.47,"","","55f967bd61ff30f7e6953f07a8fbaa27",7,0,7,15,0,0.466666666666667
"linear_dense_n300_t02_r0020","linear","dense","paper_adjusted",300,1000,1.5,20,149416233,"ASHMED_Adaptive",0.05,"ok",FALSE,0.920000000000002,"","","1c7e87afc8e1f93400db4143ef2b6564",161,9,152,179,0.0559006211180124,0.849162011173184
"confounded_dense_n300_t02_r0020","confounded","dense","paper_adjusted",300,1000,1.5,20,1758014,"ASHMED_Adaptive",0.05,"ok",FALSE,0.859999999999999,"","","e5e2bfafb5dc6b040072f1fe45fc90ae",175,9,166,197,0.0514285714285714,0.842639593908629
"binary_dense_n300_t02_r0020","binary","dense","paper_adjusted",300,1000,1.5,20,121167527,"ASHMED_Adaptive",0.05,"ok",FALSE,0.910000000000011,"","","7f972491e381dfce4450005a14135b3c",182,8,174,206,0.043956043956044,0.844660194174757
"linear_sparse_n300_t03_r0020","linear","sparse","paper_adjusted",300,1000,1.9,20,244043072,"ASHMED_Adaptive",0.05,"ok",FALSE,1.06,"","","b91b3feb3046382302e0ab0a6a64e5e3",15,1,14,14,0.0666666666666667,1
"confounded_sparse_n300_t03_r0020","confounded","sparse","paper_adjusted",300,1000,1.9,20,177345527,"ASHMED_Adaptive",0.05,"ok",FALSE,1.17999999999999,"","","98bd7644df19ad9cc412fa231471bff8",27,2,25,26,0.0740740740740741,0.961538461538462
"binary_sparse_n300_t03_r0020","binary","sparse","paper_adjusted",300,1000,1.9,20,82442982,"ASHMED_Adaptive",0.05,"ok",FALSE,1.19999999999999,"","","4893b36ca69bde2029e7694aaabfe2ff",10,0,10,13,0,0.769230769230769
"linear_dense_n300_t03_r0020","linear","dense","paper_adjusted",300,1000,1.9,20,227861089,"ASHMED_Adaptive",0.05,"ok",FALSE,1.15000000000001,"","","22d068626a88354ef51d091a109122f7",189,6,183,190,0.0317460317460317,0.963157894736842
"confounded_dense_n300_t03_r0020","confounded","dense","paper_adjusted",300,1000,1.9,20,395464,"ASHMED_Adaptive",0.05,"ok",FALSE,1.55000000000001,"","","32cb243971fa3033f26fe0ffdd9837d0",199,8,191,202,0.0402010050251256,0.945544554455445
"binary_dense_n300_t03_r0020","binary","dense","paper_adjusted",300,1000,1.9,20,47789764,"ASHMED_Adaptive",0.05,"ok",FALSE,2.16000000000001,"","","38e7d54651981de5199fd59cbce8d733",206,7,199,208,0.0339805825242718,0.956730769230769
"linear_sparse_n300_t01_r0021","linear","sparse","paper_adjusted",300,1000,1.3,21,244969227,"ASHMED_Adaptive",0.05,"ok",FALSE,1.44000000000001,"","","66282017861c27134d8886bf228e25af",10,1,9,19,0.1,0.473684210526316
"confounded_sparse_n300_t01_r0021","confounded","sparse","paper_adjusted",300,1000,1.3,21,140340869,"ASHMED_Adaptive",0.05,"ok",FALSE,1.22,"","","ab63d7d5bcb3bc97d30d5b87ea05c0e1",6,1,5,13,0.166666666666667,0.384615384615385
"binary_sparse_n300_t01_r0021","binary","sparse","paper_adjusted",300,1000,1.3,21,159082694,"ASHMED_Adaptive",0.05,"ok",FALSE,2.41000000000001,"","","e860e3917d370dba9f3427e051eb1ca6",6,0,6,16,0,0.375
"linear_dense_n300_t01_r0021","linear","dense","paper_adjusted",300,1000,1.3,21,184300738,"ASHMED_Adaptive",0.05,"ok",FALSE,1.14,"","","52dc9b5a823729e276a705bd9c5839fc",139,6,133,198,0.0431654676258993,0.671717171717172
"confounded_dense_n300_t01_r0021","confounded","dense","paper_adjusted",300,1000,1.3,21,83856174,"ASHMED_Adaptive",0.05,"ok",FALSE,10.93,"","","41992e793fdacb3fe6ab1b26c79a1971",115,7,108,176,0.0608695652173913,0.613636363636364
"binary_dense_n300_t01_r0021","binary","dense","paper_adjusted",300,1000,1.3,21,84276909,"ASHMED_Adaptive",0.05,"ok",FALSE,4.34,"","","5c6a41ced6e532913cfb10308d9376cf",129,5,124,216,0.0387596899224806,0.574074074074074
"linear_sparse_n300_t02_r0021","linear","sparse","paper_adjusted",300,1000,1.5,21,222138521,"ASHMED_Adaptive",0.05,"ok",FALSE,1.11000000000001,"","","75a4d45fbe827ed049ed9aa1daf5a693",5,0,5,15,0,0.333333333333333
"confounded_sparse_n300_t02_r0021","confounded","sparse","paper_adjusted",300,1000,1.5,21,27749416,"ASHMED_Adaptive",0.05,"ok",FALSE,1.56,"","","12851a0925cb978bd6ecf2d7e67d4cf0",13,0,13,25,0,0.52
"binary_sparse_n300_t02_r0021","binary","sparse","paper_adjusted",300,1000,1.5,21,142378755,"ASHMED_Adaptive",0.05,"ok",FALSE,0.700000000000003,"","","f62e37aab2b471bfea81de0e51169a66",9,1,8,13,0.111111111111111,0.615384615384615
"linear_dense_n300_t02_r0021","linear","dense","paper_adjusted",300,1000,1.5,21,252018756,"ASHMED_Adaptive",0.05,"ok",FALSE,0.719999999999999,"","","f1b016a197bc5d437027fb14f17481af",206,12,194,218,0.058252427184466,0.889908256880734
"confounded_dense_n300_t02_r0021","confounded","dense","paper_adjusted",300,1000,1.5,21,52351177,"ASHMED_Adaptive",0.05,"ok",FALSE,0.699999999999989,"","","a6c02d5798d9576142d1d227eca41e06",183,8,175,206,0.0437158469945355,0.849514563106796
"binary_dense_n300_t02_r0021","binary","dense","paper_adjusted",300,1000,1.5,21,117381625,"ASHMED_Adaptive",0.05,"ok",FALSE,0.609999999999999,"","","894fc6e0493025334a97700aa428b6e9",153,12,141,198,0.0784313725490196,0.712121212121212
"linear_sparse_n300_t03_r0021","linear","sparse","paper_adjusted",300,1000,1.9,21,25803462,"ASHMED_Adaptive",0.05,"ok",FALSE,0.660000000000011,"","","1e529793e42063187b0051496d6439cf",22,1,21,25,0.0454545454545455,0.84
"confounded_sparse_n300_t03_r0021","confounded","sparse","paper_adjusted",300,1000,1.9,21,92020252,"ASHMED_Adaptive",0.05,"ok",FALSE,0.819999999999993,"","","aeb508ed2fb7b075afe1a6907ff358a2",19,0,19,23,0,0.826086956521739
"binary_sparse_n300_t03_r0021","binary","sparse","paper_adjusted",300,1000,1.9,21,90270335,"ASHMED_Adaptive",0.05,"ok",FALSE,0.890000000000001,"","","132ea0685584b8fa83e3e72c74c8ebcb",14,1,13,14,0.0714285714285714,0.928571428571429
"linear_dense_n300_t03_r0021","linear","dense","paper_adjusted",300,1000,1.9,21,78037514,"ASHMED_Adaptive",0.05,"ok",FALSE,3.35000000000001,"","","df968fae7e8bd93e76299aea58757cde",192,12,180,199,0.0625,0.904522613065327
"confounded_dense_n300_t03_r0021","confounded","dense","paper_adjusted",300,1000,1.9,21,209897303,"ASHMED_Adaptive",0.05,"ok",FALSE,1.64,"","","9b4c8c7f8d3de3a81afcccbab48d3a11",203,10,193,206,0.0492610837438424,0.936893203883495
"binary_dense_n300_t03_r0021","binary","dense","paper_adjusted",300,1000,1.9,21,79327901,"ASHMED_Adaptive",0.05,"ok",FALSE,2.98,"","","1f411d9954366a4154b2e7e222ebbf4f",219,12,207,210,0.0547945205479452,0.985714285714286
"linear_sparse_n300_t01_r0022","linear","sparse","paper_adjusted",300,1000,1.3,22,258418016,"ASHMED_Adaptive",0.05,"ok",FALSE,1.47,"","","c36ae139118981c6d43a236dfec87847",13,1,12,18,0.0769230769230769,0.666666666666667
"confounded_sparse_n300_t01_r0022","confounded","sparse","paper_adjusted",300,1000,1.3,22,31762507,"ASHMED_Adaptive",0.05,"ok",FALSE,2.37,"","","16265bb1ae41c106ea510129b01d22e5",9,0,9,22,0,0.409090909090909
"binary_sparse_n300_t01_r0022","binary","sparse","paper_adjusted",300,1000,1.3,22,201904479,"ASHMED_Adaptive",0.05,"ok",FALSE,1.56,"","","79f4d5d69ff212e5fb7bd93567be4d3d",7,0,7,20,0,0.35
"linear_dense_n300_t01_r0022","linear","dense","paper_adjusted",300,1000,1.3,22,179818059,"ASHMED_Adaptive",0.05,"ok",FALSE,1.64,"","","2ae1a4ae59531f9d79edd19faa7c85d8",138,4,134,191,0.0289855072463768,0.701570680628272
"confounded_dense_n300_t01_r0022","confounded","dense","paper_adjusted",300,1000,1.3,22,84148822,"ASHMED_Adaptive",0.05,"ok",FALSE,1.70999999999999,"","","e63faa8a048201202a786fe912f72912",162,12,150,198,0.0740740740740741,0.757575757575758
"binary_dense_n300_t01_r0022","binary","dense","paper_adjusted",300,1000,1.3,22,243001552,"ASHMED_Adaptive",0.05,"ok",FALSE,0.780000000000001,"","","8fc70fffbce6f314a3c19f7784eeb657",138,4,134,202,0.0289855072463768,0.663366336633663
"linear_sparse_n300_t02_r0022","linear","sparse","paper_adjusted",300,1000,1.5,22,108469931,"ASHMED_Adaptive",0.05,"ok",FALSE,0.890000000000001,"","","7c2df719d1e755aede2ee653449196f6",4,0,4,19,0,0.210526315789474
"confounded_sparse_n300_t02_r0022","confounded","sparse","paper_adjusted",300,1000,1.5,22,148406190,"ASHMED_Adaptive",0.05,"ok",FALSE,1.29000000000001,"","","f32e0d2f88ff6a30948aaa1ad0ad9cbe",11,1,10,14,0.0909090909090909,0.714285714285714
"binary_sparse_n300_t02_r0022","binary","sparse","paper_adjusted",300,1000,1.5,22,73550746,"ASHMED_Adaptive",0.05,"ok",FALSE,0.839999999999989,"","","a40ee0ab77d587ce3b752e0c7088ae1a",9,0,9,16,0,0.5625
"linear_dense_n300_t02_r0022","linear","dense","paper_adjusted",300,1000,1.5,22,199087583,"ASHMED_Adaptive",0.05,"ok",FALSE,0.719999999999999,"","","421b0a0fbc2faa3c303d3e90d77fbee5",185,14,171,206,0.0756756756756757,0.830097087378641
"confounded_dense_n300_t02_r0022","confounded","dense","paper_adjusted",300,1000,1.5,22,267844481,"ASHMED_Adaptive",0.05,"ok",FALSE,0.609999999999999,"","","5f7d884b4a0dddd9a4928631b3ec5a8f",162,4,158,197,0.0246913580246914,0.802030456852792
"binary_dense_n300_t02_r0022","binary","dense","paper_adjusted",300,1000,1.5,22,175539945,"ASHMED_Adaptive",0.05,"ok",FALSE,0.890000000000001,"","","5b549b2f6681ac1a0d7c606888eef052",147,9,138,187,0.0612244897959184,0.737967914438503
"linear_sparse_n300_t03_r0022","linear","sparse","paper_adjusted",300,1000,1.9,22,126480798,"ASHMED_Adaptive",0.05,"ok",FALSE,1.80000000000001,"","","1a9afad4097c420fa55a2ba851070a4e",9,0,9,12,0,0.75
"confounded_sparse_n300_t03_r0022","confounded","sparse","paper_adjusted",300,1000,1.9,22,212332136,"ASHMED_Adaptive",0.05,"ok",FALSE,1.91,"","","c3ac2cde9382eaa3649e2d28f9899132",18,1,17,22,0.0555555555555556,0.772727272727273
"binary_sparse_n300_t03_r0022","binary","sparse","paper_adjusted",300,1000,1.9,22,124289992,"ASHMED_Adaptive",0.05,"ok",FALSE,1.58,"","","57370537e7b545b4e2c7ef85418a6a70",16,1,15,19,0.0625,0.789473684210526
"linear_dense_n300_t03_r0022","linear","dense","paper_adjusted",300,1000,1.9,22,60591528,"ASHMED_Adaptive",0.05,"ok",FALSE,21.91,"","","ac53c172bbf9dc5e1ebee2ab542f6895",216,15,201,211,0.0694444444444444,0.95260663507109
"confounded_dense_n300_t03_r0022","confounded","dense","paper_adjusted",300,1000,1.9,22,145624862,"ASHMED_Adaptive",0.05,"ok",FALSE,7.2,"","","88302e89507ed3fa871b432cb98b4fae",205,10,195,203,0.0487804878048781,0.960591133004926
"binary_dense_n300_t03_r0022","binary","dense","paper_adjusted",300,1000,1.9,22,167770384,"ASHMED_Adaptive",0.05,"ok",FALSE,1.15000000000001,"","","2fa1fae3c9b989386403e30836036ba9",203,9,194,213,0.0443349753694581,0.910798122065728
"linear_sparse_n300_t01_r0023","linear","sparse","paper_adjusted",300,1000,1.3,23,210325550,"ASHMED_Adaptive",0.05,"ok",FALSE,1.39000000000001,"","","c00c3bbd4ad3d03e413708d6ce5abd2a",14,0,14,23,0,0.608695652173913
"confounded_sparse_n300_t01_r0023","confounded","sparse","paper_adjusted",300,1000,1.3,23,238969350,"ASHMED_Adaptive",0.05,"ok",FALSE,1.67000000000002,"","","5f9b570e7c5d5d9f9cd9a051fa4aa7b4",12,1,11,19,0.0833333333333333,0.578947368421053
"binary_sparse_n300_t01_r0023","binary","sparse","paper_adjusted",300,1000,1.3,23,229935823,"ASHMED_Adaptive",0.05,"ok",FALSE,1.69,"","","ede8ede234dcb0803fbfb7958e7d5846",2,0,2,11,0,0.181818181818182
"linear_dense_n300_t01_r0023","linear","dense","paper_adjusted",300,1000,1.3,23,116207249,"ASHMED_Adaptive",0.05,"ok",FALSE,2.31999999999999,"","","85bfb31c3058376d33c057ebfb13d175",107,7,100,176,0.0654205607476635,0.568181818181818
"confounded_dense_n300_t01_r0023","confounded","dense","paper_adjusted",300,1000,1.3,23,56481870,"ASHMED_Adaptive",0.05,"ok",FALSE,2.25,"","","2b0703e27cecc2a568addc5b60bb7f59",129,6,123,186,0.0465116279069767,0.661290322580645
"binary_dense_n300_t01_r0023","binary","dense","paper_adjusted",300,1000,1.3,23,96716131,"ASHMED_Adaptive",0.05,"ok",FALSE,0.639999999999986,"","","985d3c1073e4d1e625e1df67dc59b888",155,9,146,216,0.0580645161290323,0.675925925925926
"linear_sparse_n300_t02_r0023","linear","sparse","paper_adjusted",300,1000,1.5,23,30493757,"ASHMED_Adaptive",0.05,"ok",FALSE,0.439999999999998,"","","e022112686775fac0f2df9321ba08e96",13,0,13,18,0,0.722222222222222
"confounded_sparse_n300_t02_r0023","confounded","sparse","paper_adjusted",300,1000,1.5,23,229842363,"ASHMED_Adaptive",0.05,"ok",FALSE,0.670000000000016,"","","c9897770b9e1053b66a3800bbc0a6643",22,2,20,29,0.0909090909090909,0.689655172413793
"binary_sparse_n300_t02_r0023","binary","sparse","paper_adjusted",300,1000,1.5,23,162639016,"ASHMED_Adaptive",0.05,"ok",FALSE,0.569999999999993,"","","11b92e7fa77d945f63f5365557e88365",17,1,16,19,0.0588235294117647,0.842105263157895
"linear_dense_n300_t02_r0023","linear","dense","paper_adjusted",300,1000,1.5,23,136723903,"ASHMED_Adaptive",0.05,"ok",FALSE,1.64000000000001,"","","d409bda66b709d7890350c584e30dc35",163,2,161,180,0.0122699386503067,0.894444444444444
"confounded_dense_n300_t02_r0023","confounded","dense","paper_adjusted",300,1000,1.5,23,49727318,"ASHMED_Adaptive",0.05,"ok",FALSE,1.94999999999999,"","","95d7f4923c3a71997d61758f68130c79",130,7,123,168,0.0538461538461538,0.732142857142857
"binary_dense_n300_t02_r0023","binary","dense","paper_adjusted",300,1000,1.5,23,135801676,"ASHMED_Adaptive",0.05,"ok",FALSE,0.780000000000001,"","","8be0e7886e3aabe8eb12b3e750c92abc",184,8,176,209,0.0434782608695652,0.842105263157895
"linear_sparse_n300_t03_r0023","linear","sparse","paper_adjusted",300,1000,1.9,23,50218316,"ASHMED_Adaptive",0.05,"ok",FALSE,0.639999999999986,"","","2c4e2a95acea6821fd33a7a9cb23ca13",23,2,21,24,0.0869565217391304,0.875
"confounded_sparse_n300_t03_r0023","confounded","sparse","paper_adjusted",300,1000,1.9,23,102059774,"ASHMED_Adaptive",0.05,"ok",FALSE,0.580000000000013,"","","7c72639a13a5da489a80fbfe31b4f441",11,1,10,14,0.0909090909090909,0.714285714285714
"binary_sparse_n300_t03_r0023","binary","sparse","paper_adjusted",300,1000,1.9,23,24889943,"ASHMED_Adaptive",0.05,"ok",FALSE,1.41,"","","f635bb78c8aef729eae9ea14e41308e9",21,2,19,20,0.0952380952380952,0.95
"linear_dense_n300_t03_r0023","linear","dense","paper_adjusted",300,1000,1.9,23,57361354,"ASHMED_Adaptive",0.05,"ok",FALSE,1.19,"","","c284519d3606ecdbfbb456a784cb92fb",186,7,179,183,0.0376344086021505,0.978142076502732
"confounded_dense_n300_t03_r0023","confounded","dense","paper_adjusted",300,1000,1.9,23,212540293,"ASHMED_Adaptive",0.05,"ok",FALSE,2.18000000000001,"","","50fb2f5ab73b9692ce5cfd5262151fdd",209,13,196,202,0.062200956937799,0.97029702970297
"binary_dense_n300_t03_r0023","binary","dense","paper_adjusted",300,1000,1.9,23,200353478,"ASHMED_Adaptive",0.05,"ok",FALSE,3.53,"","","af558fa87a3c99c01a4e98ce4b64981f",215,11,204,207,0.0511627906976744,0.985507246376812
"linear_sparse_n300_t01_r0024","linear","sparse","paper_adjusted",300,1000,1.3,24,231253496,"ASHMED_Adaptive",0.05,"ok",FALSE,1,"","","8a5f8db633a40d6815cda1082638e308",10,1,9,18,0.1,0.5
"confounded_sparse_n300_t01_r0024","confounded","sparse","paper_adjusted",300,1000,1.3,24,95190215,"ASHMED_Adaptive",0.05,"ok",FALSE,1.16,"","","68d1b35779236c1a903a78cdaa119313",6,1,5,12,0.166666666666667,0.416666666666667
"binary_sparse_n300_t01_r0024","binary","sparse","paper_adjusted",300,1000,1.3,24,127137367,"ASHMED_Adaptive",0.05,"ok",FALSE,2.94999999999999,"","","bdbbc0b67c1f7899aeabbbe3e55af147",3,0,3,21,0,0.142857142857143
"linear_dense_n300_t01_r0024","linear","dense","paper_adjusted",300,1000,1.3,24,42833983,"ASHMED_Adaptive",0.05,"ok",FALSE,0.550000000000011,"","","5cdf39b0389b220f41f175f5c956d4ce",135,3,132,182,0.0222222222222222,0.725274725274725
"confounded_dense_n300_t01_r0024","confounded","dense","paper_adjusted",300,1000,1.3,24,246417927,"ASHMED_Adaptive",0.05,"ok",FALSE,0.879999999999995,"","","b17fecc1459308dfbfcb543de7a5c521",155,6,149,202,0.0387096774193548,0.737623762376238
"binary_dense_n300_t01_r0024","binary","dense","paper_adjusted",300,1000,1.3,24,146843426,"ASHMED_Adaptive",0.05,"ok",FALSE,6.47,"","","73650284a15a686a5947733f234d67f7",140,5,135,222,0.0357142857142857,0.608108108108108
"linear_sparse_n300_t02_r0024","linear","sparse","paper_adjusted",300,1000,1.5,24,133959996,"ASHMED_Adaptive",0.05,"ok",FALSE,0.719999999999999,"","","76e6122ff9e79c8f3aacc29676d18eee",4,0,4,16,0,0.25
"confounded_sparse_n300_t02_r0024","confounded","sparse","paper_adjusted",300,1000,1.5,24,108401834,"ASHMED_Adaptive",0.05,"ok",FALSE,0.75,"","","921981140b720e0b451dae980a41be24",7,0,7,13,0,0.538461538461538
"binary_sparse_n300_t02_r0024","binary","sparse","paper_adjusted",300,1000,1.5,24,180732930,"ASHMED_Adaptive",0.05,"ok",FALSE,2.07999999999998,"","","a0507c1fddb7c66fc56729f65f2a696a",14,0,14,22,0,0.636363636363636
"linear_dense_n300_t02_r0024","linear","dense","paper_adjusted",300,1000,1.5,24,117835107,"ASHMED_Adaptive",0.05,"ok",FALSE,0.830000000000013,"","","5b936ca7c99512a765c1aa0f62b7694e",171,10,161,192,0.0584795321637427,0.838541666666667
"confounded_dense_n300_t02_r0024","confounded","dense","paper_adjusted",300,1000,1.5,24,8236506,"ASHMED_Adaptive",0.05,"ok",FALSE,1.69,"","","8f8043a30bd8221526f28b32a7598b1f",154,7,147,175,0.0454545454545455,0.84
"binary_dense_n300_t02_r0024","binary","dense","paper_adjusted",300,1000,1.5,24,131987883,"ASHMED_Adaptive",0.05,"ok",FALSE,0.789999999999992,"","","458120a8ee5d2d3e99b65be791f18805",185,8,177,218,0.0432432432432432,0.811926605504587
"linear_sparse_n300_t03_r0024","linear","sparse","paper_adjusted",300,1000,1.9,24,214409751,"ASHMED_Adaptive",0.05,"ok",FALSE,0.5,"","","ac9d2e5dcdcc450ab8269716729b7e0a",23,1,22,22,0.0434782608695652,1
"confounded_sparse_n300_t03_r0024","confounded","sparse","paper_adjusted",300,1000,1.9,24,248513826,"ASHMED_Adaptive",0.05,"ok",FALSE,0.650000000000006,"","","88b20c1dd90d4f68b724633850c1876c",20,1,19,20,0.05,0.95
"binary_sparse_n300_t03_r0024","binary","sparse","paper_adjusted",300,1000,1.9,24,72259113,"ASHMED_Adaptive",0.05,"ok",FALSE,0.840000000000003,"","","7d7949efaec690a149ab78b3d3453bda",19,1,18,24,0.0526315789473684,0.75
"linear_dense_n300_t03_r0024","linear","dense","paper_adjusted",300,1000,1.9,24,111362762,"ASHMED_Adaptive",0.05,"ok",FALSE,4.83000000000001,"","","4c077eeb59084010e0f132f6853ea47c",228,13,215,218,0.0570175438596491,0.986238532110092
"confounded_dense_n300_t03_r0024","confounded","dense","paper_adjusted",300,1000,1.9,24,131184837,"ASHMED_Adaptive",0.05,"ok",FALSE,7.41,"","","c9e62a30afd85ec3cb4d46f5ab8b0bc2",198,10,188,204,0.0505050505050505,0.92156862745098
"binary_dense_n300_t03_r0024","binary","dense","paper_adjusted",300,1000,1.9,24,145184666,"ASHMED_Adaptive",0.05,"ok",FALSE,1.55000000000001,"","","deeadd7e3ed0156aeb4219cc467d0fe0",220,12,208,209,0.0545454545454545,0.995215311004785
"linear_sparse_n300_t01_r0025","linear","sparse","paper_adjusted",300,1000,1.3,25,82530654,"ASHMED_Adaptive",0.05,"ok",FALSE,0.780000000000001,"","","a517afdc3378ce51cff4c8f33372f9bc",11,0,11,28,0,0.392857142857143
"confounded_sparse_n300_t01_r0025","confounded","sparse","paper_adjusted",300,1000,1.3,25,165650772,"ASHMED_Adaptive",0.05,"ok",FALSE,1.87,"","","a097c5d1d18bb0a578722f6743b46c3c",7,0,7,18,0,0.388888888888889
"binary_sparse_n300_t01_r0025","binary","sparse","paper_adjusted",300,1000,1.3,25,115847315,"ASHMED_Adaptive",0.05,"ok",FALSE,1.47,"","","9d06cf79f31a1b66e9ddebd818175a5c",10,0,10,14,0,0.714285714285714
"linear_dense_n300_t01_r0025","linear","dense","paper_adjusted",300,1000,1.3,25,253253423,"ASHMED_Adaptive",0.05,"ok",FALSE,10.04,"","","1f547e8484e03fd4be5d32f22fa41dd2",88,7,81,204,0.0795454545454545,0.397058823529412
"confounded_dense_n300_t01_r0025","confounded","dense","paper_adjusted",300,1000,1.3,25,208012999,"ASHMED_Adaptive",0.05,"ok",FALSE,2.98000000000002,"","","422830b25970f4d612766015bf934d8d",127,11,116,176,0.0866141732283465,0.659090909090909
"binary_dense_n300_t01_r0025","binary","dense","paper_adjusted",300,1000,1.3,25,43257873,"ASHMED_Adaptive",0.05,"ok",FALSE,2.34999999999999,"","","42b8c8d112658d5bf9c5af309e2ab3e1",154,8,146,209,0.051948051948052,0.698564593301435
"linear_sparse_n300_t02_r0025","linear","sparse","paper_adjusted",300,1000,1.5,25,161232945,"ASHMED_Adaptive",0.05,"ok",FALSE,2.03,"","","8da0919081c2ba01cd53b3bc7c805e4f",7,1,6,19,0.142857142857143,0.315789473684211
"confounded_sparse_n300_t02_r0025","confounded","sparse","paper_adjusted",300,1000,1.5,25,134555910,"ASHMED_Adaptive",0.05,"ok",FALSE,1.73999999999998,"","","ebb17a15334cafacbb96e3f297ffbd7c",12,0,12,14,0,0.857142857142857
"binary_sparse_n300_t02_r0025","binary","sparse","paper_adjusted",300,1000,1.5,25,175648367,"ASHMED_Adaptive",0.05,"ok",FALSE,0.810000000000002,"","","016b03d84135ccd91a325af236cadc40",20,0,20,27,0,0.740740740740741
"linear_dense_n300_t02_r0025","linear","dense","paper_adjusted",300,1000,1.5,25,56387926,"ASHMED_Adaptive",0.05,"ok",FALSE,0.639999999999986,"","","d48330b89111774307d2d54d42486494",130,3,127,182,0.0230769230769231,0.697802197802198
"confounded_dense_n300_t02_r0025","confounded","dense","paper_adjusted",300,1000,1.5,25,211493224,"ASHMED_Adaptive",0.05,"ok",FALSE,1.03,"","","1d5ecba211bd9897c67898276382eec0",147,5,142,188,0.0340136054421769,0.75531914893617
"binary_dense_n300_t02_r0025","binary","dense","paper_adjusted",300,1000,1.5,25,226120312,"ASHMED_Adaptive",0.05,"ok",FALSE,1.06999999999999,"","","adb89109ced44eae0e550eae87e509f7",183,10,173,195,0.0546448087431694,0.887179487179487
"linear_sparse_n300_t03_r0025","linear","sparse","paper_adjusted",300,1000,1.9,25,173199521,"ASHMED_Adaptive",0.05,"ok",FALSE,0.539999999999992,"","","51947c0e3bfc6499b662892a91095eaf",26,1,25,26,0.0384615384615385,0.961538461538462
"confounded_sparse_n300_t03_r0025","confounded","sparse","paper_adjusted",300,1000,1.9,25,219851515,"ASHMED_Adaptive",0.05,"ok",FALSE,0.550000000000011,"","","98512a2e460137d3c27bffe3aeabb821",14,1,13,14,0.0714285714285714,0.928571428571429
"binary_sparse_n300_t03_r0025","binary","sparse","paper_adjusted",300,1000,1.9,25,259213523,"ASHMED_Adaptive",0.05,"ok",FALSE,0.939999999999998,"","","eb33efcd3c31c4e38997fd8784c0aca5",14,0,14,19,0,0.736842105263158
"linear_dense_n300_t03_r0025","linear","dense","paper_adjusted",300,1000,1.9,25,120093459,"ASHMED_Adaptive",0.05,"ok",FALSE,5.69,"","","4cb12e0628f2c6da71d521463358732d",144,5,139,165,0.0347222222222222,0.842424242424242
"confounded_dense_n300_t03_r0025","confounded","dense","paper_adjusted",300,1000,1.9,25,139892691,"ASHMED_Adaptive",0.05,"ok",FALSE,3.63999999999999,"","","f3934a4873d883986045978169e2caff",211,12,199,205,0.0568720379146919,0.970731707317073
"binary_dense_n300_t03_r0025","binary","dense","paper_adjusted",300,1000,1.9,25,212275984,"ASHMED_Adaptive",0.05,"ok",FALSE,5.56,"","","d0a1406a63ef9016c2ee6d45d74ff6a1",230,11,219,227,0.0478260869565217,0.964757709251101
"linear_sparse_n300_t01_r0026","linear","sparse","paper_adjusted",300,1000,1.3,26,73507511,"ASHMED_Adaptive",0.05,"ok",FALSE,2.78,"","","ead6998722b5387b3a3720ad6887e4ba",6,0,6,15,0,0.4
"confounded_sparse_n300_t01_r0026","confounded","sparse","paper_adjusted",300,1000,1.3,26,196133483,"ASHMED_Adaptive",0.05,"ok",FALSE,2.03,"","","eee2c725511e3cac7209034a0b2a9f89",23,0,23,29,0,0.793103448275862
"binary_sparse_n300_t01_r0026","binary","sparse","paper_adjusted",300,1000,1.3,26,251703798,"ASHMED_Adaptive",0.05,"ok",FALSE,1.25999999999999,"","","4996aef167e6dd97d6bde5968be8031e",5,0,5,23,0,0.217391304347826
"linear_dense_n300_t01_r0026","linear","dense","paper_adjusted",300,1000,1.3,26,49091116,"ASHMED_Adaptive",0.05,"ok",FALSE,12.32,"","","9ed76af20422e3862cbadd236c45b095",136,6,130,199,0.0441176470588235,0.653266331658292
"confounded_dense_n300_t01_r0026","confounded","dense","paper_adjusted",300,1000,1.3,26,136163291,"ASHMED_Adaptive",0.05,"ok",FALSE,5.56,"","","d2221347f7eae92665529c022b7ffedd",148,5,143,208,0.0337837837837838,0.6875
"binary_dense_n300_t01_r0026","binary","dense","paper_adjusted",300,1000,1.3,26,96878,"ASHMED_Adaptive",0.05,"ok",FALSE,0.810000000000002,"","","045c3aa5cef53868faeeafc584a09637",127,10,117,184,0.078740157480315,0.635869565217391
"linear_sparse_n300_t02_r0026","linear","sparse","paper_adjusted",300,1000,1.5,26,123386673,"ASHMED_Adaptive",0.05,"ok",FALSE,1.39000000000001,"","","cbe182c8ec72489c98f016dbf610f6ac",5,0,5,16,0,0.3125
"confounded_sparse_n300_t02_r0026","confounded","sparse","paper_adjusted",300,1000,1.5,26,172458150,"ASHMED_Adaptive",0.05,"ok",FALSE,0.909999999999997,"","","62d3cd04d619145bb1e47b53e593e7fa",10,0,10,15,0,0.666666666666667
"binary_sparse_n300_t02_r0026","binary","sparse","paper_adjusted",300,1000,1.5,26,101722923,"ASHMED_Adaptive",0.05,"ok",FALSE,0.560000000000002,"","","cc43fd846be3026558e3dfa9edbe3e47",22,0,22,27,0,0.814814814814815
"linear_dense_n300_t02_r0026","linear","dense","paper_adjusted",300,1000,1.5,26,255969987,"ASHMED_Adaptive",0.05,"ok",FALSE,1.46000000000001,"","","ad68fc848b2714994cb51d49e31594ca",149,10,139,189,0.0671140939597315,0.735449735449735
"confounded_dense_n300_t02_r0026","confounded","dense","paper_adjusted",300,1000,1.5,26,11398045,"ASHMED_Adaptive",0.05,"ok",FALSE,0.930000000000007,"","","e3c6bc2e38dbaae0d99f4e286e684894",187,6,181,213,0.0320855614973262,0.849765258215962
"binary_dense_n300_t02_r0026","binary","dense","paper_adjusted",300,1000,1.5,26,77793717,"ASHMED_Adaptive",0.05,"ok",FALSE,0.949999999999989,"","","c8877ad7cd1f54f8c75e13af1ba914b0",169,3,166,213,0.0177514792899408,0.779342723004695
"linear_sparse_n300_t03_r0026","linear","sparse","paper_adjusted",300,1000,1.9,26,4117477,"ASHMED_Adaptive",0.05,"ok",FALSE,2.47,"","","0ce02e6ddaa1e398eb71489e2e2c4f22",20,1,19,19,0.05,1
"confounded_sparse_n300_t03_r0026","confounded","sparse","paper_adjusted",300,1000,1.9,26,265658295,"ASHMED_Adaptive",0.05,"ok",FALSE,0.569999999999993,"","","87a5c3ba26ca4b787913c6cb2e1c5769",16,0,16,20,0,0.8
"binary_sparse_n300_t03_r0026","binary","sparse","paper_adjusted",300,1000,1.9,26,157034796,"ASHMED_Adaptive",0.05,"ok",FALSE,0.939999999999998,"","","18b7c479c016e25ee5fb58f061631b22",17,0,17,21,0,0.80952380952381
"linear_dense_n300_t03_r0026","linear","dense","paper_adjusted",300,1000,1.9,26,249400426,"ASHMED_Adaptive",0.05,"ok",FALSE,3.15000000000001,"","","524d2141829f40329712662a5768520b",191,9,182,199,0.0471204188481675,0.914572864321608
"confounded_dense_n300_t03_r0026","confounded","dense","paper_adjusted",300,1000,1.9,26,60752033,"ASHMED_Adaptive",0.05,"ok",FALSE,11.54,"","","0d77f8f1d7485649e285c29a9f233686",238,9,229,239,0.0378151260504202,0.9581589958159
"binary_dense_n300_t03_r0026","binary","dense","paper_adjusted",300,1000,1.9,26,257849093,"ASHMED_Adaptive",0.05,"ok",FALSE,4.60999999999999,"","","93705c3164c030dcaae4d0be97b6d84f",182,9,173,177,0.0494505494505494,0.977401129943503
"linear_sparse_n300_t01_r0027","linear","sparse","paper_adjusted",300,1000,1.3,27,81158048,"ASHMED_Adaptive",0.05,"ok",FALSE,1.23000000000002,"","","e14e07014fac45d3267c9657b6e9ec28",14,3,11,23,0.214285714285714,0.478260869565217
"confounded_sparse_n300_t01_r0027","confounded","sparse","paper_adjusted",300,1000,1.3,27,97665201,"ASHMED_Adaptive",0.05,"ok",FALSE,3.13,"","","bd40388ce024ab73e45d0f4853be4b2f",13,1,12,25,0.0769230769230769,0.48
"binary_sparse_n300_t01_r0027","binary","sparse","paper_adjusted",300,1000,1.3,27,157933285,"ASHMED_Adaptive",0.05,"ok",FALSE,1.23000000000002,"","","8e165842c7d82b241a305aa45095f308",15,3,12,23,0.2,0.521739130434783
"linear_dense_n300_t01_r0027","linear","dense","paper_adjusted",300,1000,1.3,27,163136381,"ASHMED_Adaptive",0.05,"ok",FALSE,1.09,"","","e3731e5e276ca0db61c68e5b039b9dc6",158,3,155,222,0.0189873417721519,0.698198198198198
"confounded_dense_n300_t01_r0027","confounded","dense","paper_adjusted",300,1000,1.3,27,267705257,"ASHMED_Adaptive",0.05,"ok",FALSE,2.58000000000001,"","","85b5a34179f3840ff354a1b3529464a0",151,5,146,197,0.033112582781457,0.741116751269036
"binary_dense_n300_t01_r0027","binary","dense","paper_adjusted",300,1000,1.3,27,268188995,"ASHMED_Adaptive",0.05,"ok",FALSE,0.95999999999998,"","","b3c865593115346e91564b83e431e6c9",94,2,92,202,0.0212765957446809,0.455445544554455
"linear_sparse_n300_t02_r0027","linear","sparse","paper_adjusted",300,1000,1.5,27,108598194,"ASHMED_Adaptive",0.05,"ok",FALSE,0.739999999999981,"","","63da0f6e9476de7c30a3556b8a677494",17,2,15,21,0.117647058823529,0.714285714285714
"confounded_sparse_n300_t02_r0027","confounded","sparse","paper_adjusted",300,1000,1.5,27,146116056,"ASHMED_Adaptive",0.05,"ok",FALSE,0.650000000000006,"","","9f604cac7e98a3af7ee61aaecf0e68b5",13,2,11,20,0.153846153846154,0.55
"binary_sparse_n300_t02_r0027","binary","sparse","paper_adjusted",300,1000,1.5,27,255967913,"ASHMED_Adaptive",0.05,"ok",FALSE,1.42000000000002,"","","000075c6c2f957372294c0052abc3126",15,0,15,23,0,0.652173913043478
"linear_dense_n300_t02_r0027","linear","dense","paper_adjusted",300,1000,1.5,27,183104041,"ASHMED_Adaptive",0.05,"ok",FALSE,1.28,"","","63adecd8d8b0bcf66bed5e044d6e5454",165,10,155,188,0.0606060606060606,0.824468085106383
"confounded_dense_n300_t02_r0027","confounded","dense","paper_adjusted",300,1000,1.5,27,110239741,"ASHMED_Adaptive",0.05,"ok",FALSE,0.949999999999989,"","","dcb406054094845a55b94715ab459e9e",187,6,181,216,0.0320855614973262,0.837962962962963
"binary_dense_n300_t02_r0027","binary","dense","paper_adjusted",300,1000,1.5,27,114062814,"ASHMED_Adaptive",0.05,"ok",FALSE,0.72999999999999,"","","3f321256247031da8781c6d4f294f3ed",169,12,157,192,0.0710059171597633,0.817708333333333
"linear_sparse_n300_t03_r0027","linear","sparse","paper_adjusted",300,1000,1.9,27,11522001,"ASHMED_Adaptive",0.05,"ok",FALSE,0.689999999999998,"","","07111f294967cb63abcbabcfb2ff9235",10,0,10,12,0,0.833333333333333
"confounded_sparse_n300_t03_r0027","confounded","sparse","paper_adjusted",300,1000,1.9,27,227620936,"ASHMED_Adaptive",0.05,"ok",FALSE,1.59,"","","1837723809e8a550329811e0eb5c26b0",8,0,8,14,0,0.571428571428571
"binary_sparse_n300_t03_r0027","binary","sparse","paper_adjusted",300,1000,1.9,27,135570152,"ASHMED_Adaptive",0.05,"ok",FALSE,0.870000000000005,"","","6029e2eee94e6170afae12021b3756cc",16,1,15,18,0.0625,0.833333333333333
"linear_dense_n300_t03_r0027","linear","dense","paper_adjusted",300,1000,1.9,27,100275334,"ASHMED_Adaptive",0.05,"ok",FALSE,6.92000000000002,"","","53aea692d28505c7b0d8a2808f3d00bb",193,10,183,192,0.0518134715025907,0.953125
"confounded_dense_n300_t03_r0027","confounded","dense","paper_adjusted",300,1000,1.9,27,4912918,"ASHMED_Adaptive",0.05,"ok",FALSE,1.31,"","","a1c4292af13699ab42e9b9f78b993fe7",185,6,179,185,0.0324324324324324,0.967567567567568
"binary_dense_n300_t03_r0027","binary","dense","paper_adjusted",300,1000,1.9,27,69588696,"ASHMED_Adaptive",0.05,"ok",FALSE,1.55000000000001,"","","6e69735f6d67a7e895cb2d5b6e1628ea",206,6,200,210,0.029126213592233,0.952380952380952
"linear_sparse_n300_t01_r0028","linear","sparse","paper_adjusted",300,1000,1.3,28,260476429,"ASHMED_Adaptive",0.05,"ok",FALSE,0.609999999999985,"","","f46af726220b3e36f575507022f8252f",20,3,17,19,0.15,0.894736842105263
"confounded_sparse_n300_t01_r0028","confounded","sparse","paper_adjusted",300,1000,1.3,28,205976857,"ASHMED_Adaptive",0.05,"ok",FALSE,0.859999999999985,"","","4956aa66c4bb90770f872b6f955b7578",11,0,11,19,0,0.578947368421053
"binary_sparse_n300_t01_r0028","binary","sparse","paper_adjusted",300,1000,1.3,28,96752034,"ASHMED_Adaptive",0.05,"ok",FALSE,1.56,"","","53f3d459efd1b6a4209106697be3e831",12,0,12,26,0,0.461538461538462
"linear_dense_n300_t01_r0028","linear","dense","paper_adjusted",300,1000,1.3,28,224040712,"ASHMED_Adaptive",0.05,"ok",FALSE,2.56999999999999,"","","969c384e68e544b8a7ee5afacb2e2735",126,6,120,189,0.0476190476190476,0.634920634920635
"confounded_dense_n300_t01_r0028","confounded","dense","paper_adjusted",300,1000,1.3,28,43870721,"ASHMED_Adaptive",0.05,"ok",FALSE,1.07999999999998,"","","40bc271455f7b840a2397bae0f5221d3",157,7,150,212,0.0445859872611465,0.707547169811321
"binary_dense_n300_t01_r0028","binary","dense","paper_adjusted",300,1000,1.3,28,60701340,"ASHMED_Adaptive",0.05,"ok",FALSE,0.829999999999984,"","","1c85fcb5465a5855143717dfd33c057e",134,1,133,210,0.00746268656716418,0.633333333333333
"linear_sparse_n300_t02_r0028","linear","sparse","paper_adjusted",300,1000,1.5,28,153147369,"ASHMED_Adaptive",0.05,"ok",FALSE,1.19999999999999,"","","131c52b647f0efe6f7b84cb7808876d9",6,0,6,19,0,0.315789473684211
"confounded_sparse_n300_t02_r0028","confounded","sparse","paper_adjusted",300,1000,1.5,28,169943925,"ASHMED_Adaptive",0.05,"ok",FALSE,0.870000000000005,"","","57b09b69b593e9a492734163fb7e3613",9,1,8,17,0.111111111111111,0.470588235294118
"binary_sparse_n300_t02_r0028","binary","sparse","paper_adjusted",300,1000,1.5,28,139657584,"ASHMED_Adaptive",0.05,"ok",FALSE,0.900000000000006,"","","ce1fda9100b9f50e50cfd67b7533640d",10,0,10,14,0,0.714285714285714
"linear_dense_n300_t02_r0028","linear","dense","paper_adjusted",300,1000,1.5,28,172772973,"ASHMED_Adaptive",0.05,"ok",FALSE,2.31999999999999,"","","4f27e5a39df92a07cf0518289ec718c4",140,9,131,174,0.0642857142857143,0.752873563218391
"confounded_dense_n300_t02_r0028","confounded","dense","paper_adjusted",300,1000,1.5,28,31609503,"ASHMED_Adaptive",0.05,"ok",FALSE,1.22,"","","aa29f8c6ca9eab6266c41a8a00469237",215,11,204,234,0.0511627906976744,0.871794871794872
"binary_dense_n300_t02_r0028","binary","dense","paper_adjusted",300,1000,1.5,28,104863860,"ASHMED_Adaptive",0.05,"ok",FALSE,0.700000000000017,"","","c8d57bc9580bbf8999455fd086c53fb3",182,8,174,192,0.043956043956044,0.90625
"linear_sparse_n300_t03_r0028","linear","sparse","paper_adjusted",300,1000,1.9,28,229067411,"ASHMED_Adaptive",0.05,"ok",FALSE,0.659999999999997,"","","39cc2d190f59414a5fd2451a0bd5b83d",19,0,19,19,0,1
"confounded_sparse_n300_t03_r0028","confounded","sparse","paper_adjusted",300,1000,1.9,28,16112092,"ASHMED_Adaptive",0.05,"ok",FALSE,0.580000000000013,"","","fa7f6e25d6aaa659357fb79b85b0403b",17,0,17,20,0,0.85
"binary_sparse_n300_t03_r0028","binary","sparse","paper_adjusted",300,1000,1.9,28,198640009,"ASHMED_Adaptive",0.05,"ok",FALSE,0.75,"","","41ec4438ee70dbacb112ceea4efc9884",20,1,19,19,0.05,1
"linear_dense_n300_t03_r0028","linear","dense","paper_adjusted",300,1000,1.9,28,164617790,"ASHMED_Adaptive",0.05,"ok",FALSE,40.6,"","","12746c21fd0cac694a860ed30b6a18a7",206,6,200,214,0.029126213592233,0.934579439252336
"confounded_dense_n300_t03_r0028","confounded","dense","paper_adjusted",300,1000,1.9,28,259699365,"ASHMED_Adaptive",0.05,"ok",FALSE,1.82999999999998,"","","415f8873083f7980ec6e0731789d80a5",192,14,178,195,0.0729166666666667,0.912820512820513
"binary_dense_n300_t03_r0028","binary","dense","paper_adjusted",300,1000,1.9,28,15617180,"ASHMED_Adaptive",0.05,"ok",FALSE,3.59,"","","d32526f6d134896d77b0b5c87cd84840",196,11,185,189,0.0561224489795918,0.978835978835979
"linear_sparse_n300_t01_r0029","linear","sparse","paper_adjusted",300,1000,1.3,29,28951911,"ASHMED_Adaptive",0.05,"ok",FALSE,2.01999999999998,"","","304afee40438e08b81380af91c0461ff",0,0,0,11,0,0
"confounded_sparse_n300_t01_r0029","confounded","sparse","paper_adjusted",300,1000,1.3,29,84547441,"ASHMED_Adaptive",0.05,"ok",FALSE,0.840000000000032,"","","5d84a591ab25d128181515bc75142eca",21,1,20,22,0.0476190476190476,0.909090909090909
"binary_sparse_n300_t01_r0029","binary","sparse","paper_adjusted",300,1000,1.3,29,199848934,"ASHMED_Adaptive",0.05,"ok",FALSE,2.44999999999999,"","","907602e8a86dc041e07f73ddd6a100df",2,0,2,17,0,0.117647058823529
"linear_dense_n300_t01_r0029","linear","dense","paper_adjusted",300,1000,1.3,29,126913422,"ASHMED_Adaptive",0.05,"ok",FALSE,6.65999999999997,"","","a5d3634ea6a16dc2e059f5f056ed51c7",137,8,129,209,0.0583941605839416,0.617224880382775
"confounded_dense_n300_t01_r0029","confounded","dense","paper_adjusted",300,1000,1.3,29,60439011,"ASHMED_Adaptive",0.05,"ok",FALSE,4.63,"","","cba79f7931104ccb916d4920c56ef9ca",106,7,99,172,0.0660377358490566,0.575581395348837
"binary_dense_n300_t01_r0029","binary","dense","paper_adjusted",300,1000,1.3,29,28210316,"ASHMED_Adaptive",0.05,"ok",FALSE,0.839999999999975,"","","2cfcdc3cf5ef33416e472d371b171881",169,6,163,205,0.0355029585798817,0.795121951219512
"linear_sparse_n300_t02_r0029","linear","sparse","paper_adjusted",300,1000,1.5,29,234512687,"ASHMED_Adaptive",0.05,"ok",FALSE,0.610000000000014,"","","5779565eba4677cd4f51e31ffe18e37e",12,0,12,17,0,0.705882352941177
"confounded_sparse_n300_t02_r0029","confounded","sparse","paper_adjusted",300,1000,1.5,29,249429994,"ASHMED_Adaptive",0.05,"ok",FALSE,1.31,"","","b60870bf0d039d28e0278892e3e8601c",13,1,12,16,0.0769230769230769,0.75
"binary_sparse_n300_t02_r0029","binary","sparse","paper_adjusted",300,1000,1.5,29,208925448,"ASHMED_Adaptive",0.05,"ok",FALSE,2.47000000000003,"","","f8dfb2440e6993ee8dbb093c6875a542",11,0,11,19,0,0.578947368421053
"linear_dense_n300_t02_r0029","linear","dense","paper_adjusted",300,1000,1.5,29,28979523,"ASHMED_Adaptive",0.05,"ok",FALSE,0.610000000000014,"","","2e3f0e25c5ceaf32d933f96b3c16462e",179,9,170,198,0.0502793296089385,0.858585858585859
"confounded_dense_n300_t02_r0029","confounded","dense","paper_adjusted",300,1000,1.5,29,75912574,"ASHMED_Adaptive",0.05,"ok",FALSE,0.769999999999982,"","","1a89dd08365233ce584c923fc04b077c",176,13,163,199,0.0738636363636364,0.819095477386935
"binary_dense_n300_t02_r0029","binary","dense","paper_adjusted",300,1000,1.5,29,175325518,"ASHMED_Adaptive",0.05,"ok",FALSE,1.28000000000003,"","","4dc2d3f776f8d36534f2aa3873fb8a46",148,7,141,190,0.0472972972972973,0.742105263157895
"linear_sparse_n300_t03_r0029","linear","sparse","paper_adjusted",300,1000,1.9,29,258796146,"ASHMED_Adaptive",0.05,"ok",FALSE,0.930000000000007,"","","a1777cedd5c16b1d5563af63d07deda3",18,0,18,18,0,1
"confounded_sparse_n300_t03_r0029","confounded","sparse","paper_adjusted",300,1000,1.9,29,122023336,"ASHMED_Adaptive",0.05,"ok",FALSE,0.740000000000009,"","","133f8c1368c05058d2bb143b7c10f951",19,1,18,21,0.0526315789473684,0.857142857142857
"binary_sparse_n300_t03_r0029","binary","sparse","paper_adjusted",300,1000,1.9,29,54843909,"ASHMED_Adaptive",0.05,"ok",FALSE,0.680000000000007,"","","48db49803423d57d5c25e140531a820b",18,0,18,23,0,0.782608695652174
"linear_dense_n300_t03_r0029","linear","dense","paper_adjusted",300,1000,1.9,29,193162498,"ASHMED_Adaptive",0.05,"ok",FALSE,4.01999999999998,"","","616dcc60d64c96f60d1488cd3c087981",221,9,212,216,0.0407239819004525,0.981481481481482
"confounded_dense_n300_t03_r0029","confounded","dense","paper_adjusted",300,1000,1.9,29,125179154,"ASHMED_Adaptive",0.05,"ok",FALSE,8.48000000000002,"","","bdb94dea70e8acf428375f1707ce571d",210,8,202,209,0.0380952380952381,0.966507177033493
"binary_dense_n300_t03_r0029","binary","dense","paper_adjusted",300,1000,1.9,29,44955600,"ASHMED_Adaptive",0.05,"ok",FALSE,1.31,"","","030fcbb9c9de0c5464110ac384e7c9d4",172,14,158,175,0.0813953488372093,0.902857142857143
"linear_sparse_n300_t01_r0030","linear","sparse","paper_adjusted",300,1000,1.3,30,193107933,"ASHMED_Adaptive",0.05,"ok",FALSE,0.759999999999991,"","","7a0170274d57b44ab4222e9bd508f8b2",16,2,14,22,0.125,0.636363636363636
"confounded_sparse_n300_t01_r0030","confounded","sparse","paper_adjusted",300,1000,1.3,30,28508272,"ASHMED_Adaptive",0.05,"ok",FALSE,1.28000000000003,"","","2811f422b57a9e1e2ff6f6b3674ed677",13,2,11,16,0.153846153846154,0.6875
"binary_sparse_n300_t01_r0030","binary","sparse","paper_adjusted",300,1000,1.3,30,152398759,"ASHMED_Adaptive",0.05,"ok",FALSE,0.920000000000016,"","","7c27966d62d3578ebcdcb398c79a2f58",19,0,19,22,0,0.863636363636364
"linear_dense_n300_t01_r0030","linear","dense","paper_adjusted",300,1000,1.3,30,165104981,"ASHMED_Adaptive",0.05,"ok",FALSE,0.519999999999982,"","","398763e6ae0fddea5a84c9494b476128",171,7,164,210,0.0409356725146199,0.780952380952381
"confounded_dense_n300_t01_r0030","confounded","dense","paper_adjusted",300,1000,1.3,30,71093945,"ASHMED_Adaptive",0.05,"ok",FALSE,5.47000000000003,"","","6dd2492f6f5123283d7f6252a9ab3403",141,9,132,209,0.0638297872340425,0.631578947368421
"binary_dense_n300_t01_r0030","binary","dense","paper_adjusted",300,1000,1.3,30,133897013,"ASHMED_Adaptive",0.05,"ok",FALSE,0.729999999999961,"","","51984c13e981af901eb44b4e502e80c4",116,0,116,174,0,0.666666666666667
"linear_sparse_n300_t02_r0030","linear","sparse","paper_adjusted",300,1000,1.5,30,3113285,"ASHMED_Adaptive",0.05,"ok",FALSE,0.610000000000014,"","","774da7220adcc879d584d91e0b8ecb17",22,1,21,24,0.0454545454545455,0.875
"confounded_sparse_n300_t02_r0030","confounded","sparse","paper_adjusted",300,1000,1.5,30,131065712,"ASHMED_Adaptive",0.05,"ok",FALSE,1.78000000000003,"","","b9f07dba9988e21c4f8d2e03f4d70f04",10,0,10,16,0,0.625
"binary_sparse_n300_t02_r0030","binary","sparse","paper_adjusted",300,1000,1.5,30,267574926,"ASHMED_Adaptive",0.05,"ok",FALSE,0.759999999999991,"","","359354a13034de177311a48de392ada4",14,0,14,20,0,0.7
"linear_dense_n300_t02_r0030","linear","dense","paper_adjusted",300,1000,1.5,30,158909713,"ASHMED_Adaptive",0.05,"ok",FALSE,0.75,"","","7a7f527520dcf6ce6a5eb25c4a619899",208,14,194,219,0.0673076923076923,0.885844748858447
"confounded_dense_n300_t02_r0030","confounded","dense","paper_adjusted",300,1000,1.5,30,40676744,"ASHMED_Adaptive",0.05,"ok",FALSE,0.590000000000032,"","","25ce19d0adf7dfc0a1c55460f2f35785",161,4,157,204,0.0248447204968944,0.769607843137255
"binary_dense_n300_t02_r0030","binary","dense","paper_adjusted",300,1000,1.5,30,257617918,"ASHMED_Adaptive",0.05,"ok",FALSE,0.839999999999975,"","","4baf74f496c95ffb4e46268bbd661411",153,8,145,187,0.0522875816993464,0.775401069518717
"linear_sparse_n300_t03_r0030","linear","sparse","paper_adjusted",300,1000,1.9,30,152635922,"ASHMED_Adaptive",0.05,"ok",FALSE,1.85000000000002,"","","eb84a7bc66399bb26df32bb1e94d1902",24,1,23,24,0.0416666666666667,0.958333333333333
"confounded_sparse_n300_t03_r0030","confounded","sparse","paper_adjusted",300,1000,1.9,30,227080995,"ASHMED_Adaptive",0.05,"ok",FALSE,0.640000000000043,"","","1257b0ad3a562c7f963744473889b1db",23,1,22,24,0.0434782608695652,0.916666666666667
"binary_sparse_n300_t03_r0030","binary","sparse","paper_adjusted",300,1000,1.9,30,215941202,"ASHMED_Adaptive",0.05,"ok",FALSE,0.70999999999998,"","","4b1acf645c8213fe59a6312cb57caa24",21,2,19,22,0.0952380952380952,0.863636363636364
"linear_dense_n300_t03_r0030","linear","dense","paper_adjusted",300,1000,1.9,30,59455059,"ASHMED_Adaptive",0.05,"ok",FALSE,5.17000000000002,"","","cca411f2821311007e283ac8104191ad",204,8,196,198,0.0392156862745098,0.98989898989899
"confounded_dense_n300_t03_r0030","confounded","dense","paper_adjusted",300,1000,1.9,30,162846725,"ASHMED_Adaptive",0.05,"ok",FALSE,3.13,"","","bcb87e2405791c837ce754a814f813a0",166,6,160,167,0.036144578313253,0.958083832335329
"binary_dense_n300_t03_r0030","binary","dense","paper_adjusted",300,1000,1.9,30,119560744,"ASHMED_Adaptive",0.05,"ok",FALSE,1.86000000000001,"","","06e29128fabc8d9a6842ad4a26dd60eb",178,6,172,181,0.0337078651685393,0.950276243093923
"linear_sparse_n300_t01_r0031","linear","sparse","paper_adjusted",300,1000,1.3,31,223326024,"ASHMED_Adaptive",0.05,"ok",FALSE,1.06,"","","d243be1b39d4d9185038ff3a89f19722",16,2,14,18,0.125,0.777777777777778
"confounded_sparse_n300_t01_r0031","confounded","sparse","paper_adjusted",300,1000,1.3,31,19111412,"ASHMED_Adaptive",0.05,"ok",FALSE,1.40999999999997,"","","628a9c25cdec53ab57785a6602dd838b",0,0,0,15,0,0
"binary_sparse_n300_t01_r0031","binary","sparse","paper_adjusted",300,1000,1.3,31,89150362,"ASHMED_Adaptive",0.05,"ok",FALSE,0.779999999999973,"","","20f96dd9d6100ad9ac447c2c580c561f",27,1,26,30,0.037037037037037,0.866666666666667
"linear_dense_n300_t01_r0031","linear","dense","paper_adjusted",300,1000,1.3,31,117655366,"ASHMED_Adaptive",0.05,"ok",FALSE,4.37,"","","cd9473da60a68165dfab728d5169a0db",143,8,135,206,0.0559440559440559,0.655339805825243
"confounded_dense_n300_t01_r0031","confounded","dense","paper_adjusted",300,1000,1.3,31,264180002,"ASHMED_Adaptive",0.05,"ok",FALSE,2.21999999999997,"","","a432d7515f77ec1086ce5d27c436eba8",141,7,134,210,0.049645390070922,0.638095238095238
"binary_dense_n300_t01_r0031","binary","dense","paper_adjusted",300,1000,1.3,31,110770976,"ASHMED_Adaptive",0.05,"ok",FALSE,0.75,"","","9db2445c1f467c94e699e7ebe1924eb0",144,5,139,202,0.0347222222222222,0.688118811881188
"linear_sparse_n300_t02_r0031","linear","sparse","paper_adjusted",300,1000,1.5,31,72255816,"ASHMED_Adaptive",0.05,"ok",FALSE,1,"","","95a3d5c83af7389eca1112d17ce9ebce",12,0,12,15,0,0.8
"confounded_sparse_n300_t02_r0031","confounded","sparse","paper_adjusted",300,1000,1.5,31,262682193,"ASHMED_Adaptive",0.05,"ok",FALSE,0.75,"","","de5227094ada3b42b1d322e65da230b6",19,2,17,27,0.105263157894737,0.62962962962963
"binary_sparse_n300_t02_r0031","binary","sparse","paper_adjusted",300,1000,1.5,31,144317369,"ASHMED_Adaptive",0.05,"ok",FALSE,1.51999999999998,"","","5f39fe92d3ec7a8507e2ce8fe506f198",8,0,8,21,0,0.380952380952381
"linear_dense_n300_t02_r0031","linear","dense","paper_adjusted",300,1000,1.5,31,128167007,"ASHMED_Adaptive",0.05,"ok",FALSE,1.03000000000003,"","","2c340823272098fd337879cf7eb424c5",168,8,160,196,0.0476190476190476,0.816326530612245
"confounded_dense_n300_t02_r0031","confounded","dense","paper_adjusted",300,1000,1.5,31,45675133,"ASHMED_Adaptive",0.05,"ok",FALSE,1.45999999999998,"","","6ded082e8918f71ec5237e8e12babc04",178,7,171,207,0.0393258426966292,0.826086956521739
"binary_dense_n300_t02_r0031","binary","dense","paper_adjusted",300,1000,1.5,31,184643976,"ASHMED_Adaptive",0.05,"ok",FALSE,0.710000000000036,"","","236cc018bce0cc2e4251bfcf6fe640f5",188,12,176,202,0.0638297872340425,0.871287128712871
"linear_sparse_n300_t03_r0031","linear","sparse","paper_adjusted",300,1000,1.9,31,84994150,"ASHMED_Adaptive",0.05,"ok",FALSE,1.19999999999999,"","","dc5e36eabd36564e9be90c0a0e280133",17,0,17,19,0,0.894736842105263
"confounded_sparse_n300_t03_r0031","confounded","sparse","paper_adjusted",300,1000,1.9,31,236284831,"ASHMED_Adaptive",0.05,"ok",FALSE,0.620000000000005,"","","1368159b0e9501957bf67be3120f9020",14,1,13,15,0.0714285714285714,0.866666666666667
"binary_sparse_n300_t03_r0031","binary","sparse","paper_adjusted",300,1000,1.9,31,120252281,"ASHMED_Adaptive",0.05,"ok",FALSE,1.01999999999998,"","","6c69502d7f86daa37de1a7c23c135446",21,2,19,19,0.0952380952380952,1
"linear_dense_n300_t03_r0031","linear","dense","paper_adjusted",300,1000,1.9,31,197879135,"ASHMED_Adaptive",0.05,"ok",FALSE,2.63999999999999,"","","36638ac2e157a783569eb46b05ae20fe",184,6,178,179,0.0326086956521739,0.994413407821229
"confounded_dense_n300_t03_r0031","confounded","dense","paper_adjusted",300,1000,1.9,31,11825750,"ASHMED_Adaptive",0.05,"ok",FALSE,4.56,"","","4717ef7e4bb1c3f1a4a6af0b17fd487e",221,14,207,215,0.0633484162895928,0.962790697674419
"binary_dense_n300_t03_r0031","binary","dense","paper_adjusted",300,1000,1.9,31,28758428,"ASHMED_Adaptive",0.05,"ok",FALSE,0.849999999999966,"","","5db6db59af6795eae3a5bfb40028b403",179,6,173,182,0.0335195530726257,0.950549450549451
"linear_sparse_n300_t01_r0032","linear","sparse","paper_adjusted",300,1000,1.3,32,118117675,"ASHMED_Adaptive",0.05,"ok",FALSE,2.13999999999999,"","","3498795cc1ef475a5633297d0400b9f5",10,1,9,24,0.1,0.375
"confounded_sparse_n300_t01_r0032","confounded","sparse","paper_adjusted",300,1000,1.3,32,116925112,"ASHMED_Adaptive",0.05,"ok",FALSE,2.19,"","","f5ff20f8e950da4e63c39cd256474dc6",5,2,3,20,0.4,0.15
"binary_sparse_n300_t01_r0032","binary","sparse","paper_adjusted",300,1000,1.3,32,124398364,"ASHMED_Adaptive",0.05,"ok",FALSE,0.710000000000036,"","","c60fe3da958e6fed1ed26493ba8da508",14,2,12,18,0.142857142857143,0.666666666666667
"linear_dense_n300_t01_r0032","linear","dense","paper_adjusted",300,1000,1.3,32,230126051,"ASHMED_Adaptive",0.05,"ok",FALSE,0.599999999999966,"","","69e4f61f73a3cad13c4b0baf24a09aa4",155,8,147,183,0.0516129032258065,0.80327868852459
"confounded_dense_n300_t01_r0032","confounded","dense","paper_adjusted",300,1000,1.3,32,76113690,"ASHMED_Adaptive",0.05,"ok",FALSE,4.58000000000004,"","","1e3a2a31f8b2cd8d739230d287e1d5d8",150,7,143,206,0.0466666666666667,0.694174757281553
"binary_dense_n300_t01_r0032","binary","dense","paper_adjusted",300,1000,1.3,32,69722832,"ASHMED_Adaptive",0.05,"ok",FALSE,1.01000000000005,"","","a1556ea8e9a7788a9c1c20b6af54fbe9",162,12,150,195,0.0740740740740741,0.769230769230769
"linear_sparse_n300_t02_r0032","linear","sparse","paper_adjusted",300,1000,1.5,32,253523230,"ASHMED_Adaptive",0.05,"ok",FALSE,0.639999999999986,"","","e924be0234b8b785a8217c55241c4121",17,0,17,18,0,0.944444444444444
"confounded_sparse_n300_t02_r0032","confounded","sparse","paper_adjusted",300,1000,1.5,32,156038060,"ASHMED_Adaptive",0.05,"ok",FALSE,0.75,"","","d55df3550c5a07c906f7764485f3b925",22,2,20,24,0.0909090909090909,0.833333333333333
"binary_sparse_n300_t02_r0032","binary","sparse","paper_adjusted",300,1000,1.5,32,176084695,"ASHMED_Adaptive",0.05,"ok",FALSE,1.01000000000005,"","","57d7b86f8642d4fa2d81d1eb277fa3a7",18,0,18,21,0,0.857142857142857
"linear_dense_n300_t02_r0032","linear","dense","paper_adjusted",300,1000,1.5,32,209631634,"ASHMED_Adaptive",0.05,"ok",FALSE,2.27999999999997,"","","09d6a64efb425d18809f68a6eba9293e",192,11,181,231,0.0572916666666667,0.783549783549784
"confounded_dense_n300_t02_r0032","confounded","dense","paper_adjusted",300,1000,1.5,32,235811259,"ASHMED_Adaptive",0.05,"ok",FALSE,1.07999999999998,"","","254f9a122f63f5ac176ee5b24704088a",178,8,170,197,0.0449438202247191,0.862944162436548
"binary_dense_n300_t02_r0032","binary","dense","paper_adjusted",300,1000,1.5,32,83416821,"ASHMED_Adaptive",0.05,"ok",FALSE,0.920000000000016,"","","db632a15f9f4153c8ff70d34032eb58e",188,12,176,206,0.0638297872340425,0.854368932038835
"linear_sparse_n300_t03_r0032","linear","sparse","paper_adjusted",300,1000,1.9,32,202426826,"ASHMED_Adaptive",0.05,"ok",FALSE,1.5,"","","c2d4194b3a940ea1bfc9bcc6de6459c4",19,0,19,19,0,1
"confounded_sparse_n300_t03_r0032","confounded","sparse","paper_adjusted",300,1000,1.9,32,31566861,"ASHMED_Adaptive",0.05,"ok",FALSE,0.5,"","","352ddade163effee59a3a370900dae4a",14,0,14,15,0,0.933333333333333
"binary_sparse_n300_t03_r0032","binary","sparse","paper_adjusted",300,1000,1.9,32,46762478,"ASHMED_Adaptive",0.05,"ok",FALSE,1.92999999999995,"","","3ba54978501eaaab3a3cc48d11e9676e",20,0,20,21,0,0.952380952380952
"linear_dense_n300_t03_r0032","linear","dense","paper_adjusted",300,1000,1.9,32,166447550,"ASHMED_Adaptive",0.05,"ok",FALSE,3.70999999999998,"","","7617c2c5003c0be87300fca35feedc67",183,9,174,183,0.0491803278688525,0.950819672131147
"confounded_dense_n300_t03_r0032","confounded","dense","paper_adjusted",300,1000,1.9,32,69800138,"ASHMED_Adaptive",0.05,"ok",FALSE,5.5,"","","1b39d807046dda6288ae7131fd809bbe",183,7,176,193,0.0382513661202186,0.911917098445596
"binary_dense_n300_t03_r0032","binary","dense","paper_adjusted",300,1000,1.9,32,140322225,"ASHMED_Adaptive",0.05,"ok",FALSE,2.25,"","","0fcd51af1658651cc937be04e90c1468",207,11,196,201,0.0531400966183575,0.975124378109453
"linear_sparse_n300_t01_r0033","linear","sparse","paper_adjusted",300,1000,1.3,33,191665436,"ASHMED_Adaptive",0.05,"ok",FALSE,2.46000000000004,"","","c4088882f51421f58bd4dff09b19efae",12,1,11,25,0.0833333333333333,0.44
"confounded_sparse_n300_t01_r0033","confounded","sparse","paper_adjusted",300,1000,1.3,33,99379417,"ASHMED_Adaptive",0.05,"ok",FALSE,3,"","","779c7fbeae2e953bfcd38100c8152975",13,1,12,17,0.0769230769230769,0.705882352941177
"binary_sparse_n300_t01_r0033","binary","sparse","paper_adjusted",300,1000,1.3,33,56386756,"ASHMED_Adaptive",0.05,"ok",FALSE,1.77999999999997,"","","b1a37b1c0a02d003fddb4ca4e1e0dafd",15,2,13,23,0.133333333333333,0.565217391304348
"linear_dense_n300_t01_r0033","linear","dense","paper_adjusted",300,1000,1.3,33,177964042,"ASHMED_Adaptive",0.05,"ok",FALSE,4.06,"","","b02f947a2e9ba0672f0385cbc8e4b928",162,4,158,208,0.0246913580246914,0.759615384615385
"confounded_dense_n300_t01_r0033","confounded","dense","paper_adjusted",300,1000,1.3,33,86506857,"ASHMED_Adaptive",0.05,"ok",FALSE,0.580000000000041,"","","a49003d2e6b3ddc77f4ea9d610fcacfd",173,15,158,200,0.0867052023121387,0.79
"binary_dense_n300_t01_r0033","binary","dense","paper_adjusted",300,1000,1.3,33,211163182,"ASHMED_Adaptive",0.05,"ok",FALSE,1.16000000000003,"","","ac7fa84c9f7a762300e846515039b4f7",126,5,121,192,0.0396825396825397,0.630208333333333
"linear_sparse_n300_t02_r0033","linear","sparse","paper_adjusted",300,1000,1.5,33,160525997,"ASHMED_Adaptive",0.05,"ok",FALSE,0.54000000000002,"","","81a3f2071672a0086be2d23ca88ce345",18,0,18,23,0,0.782608695652174
"confounded_sparse_n300_t02_r0033","confounded","sparse","paper_adjusted",300,1000,1.5,33,247808064,"ASHMED_Adaptive",0.05,"ok",FALSE,0.799999999999955,"","","4942c22e0f9e1e5b35223e79c8d4670f",17,2,15,26,0.117647058823529,0.576923076923077
"binary_sparse_n300_t02_r0033","binary","sparse","paper_adjusted",300,1000,1.5,33,52087793,"ASHMED_Adaptive",0.05,"ok",FALSE,1.22000000000003,"","","ab911ad10304f3223f6e520002f05e85",16,1,15,22,0.0625,0.681818181818182
"linear_dense_n300_t02_r0033","linear","dense","paper_adjusted",300,1000,1.5,33,42522626,"ASHMED_Adaptive",0.05,"ok",FALSE,1.23999999999995,"","","866c309b94842758fc37a881ef1ecd95",171,10,161,208,0.0584795321637427,0.774038461538462
"confounded_dense_n300_t02_r0033","confounded","dense","paper_adjusted",300,1000,1.5,33,45219622,"ASHMED_Adaptive",0.05,"ok",FALSE,0.889999999999986,"","","590854c0b6ae800fd1cb024ffb081109",172,7,165,203,0.0406976744186047,0.812807881773399
"binary_dense_n300_t02_r0033","binary","dense","paper_adjusted",300,1000,1.5,33,178167664,"ASHMED_Adaptive",0.05,"ok",FALSE,1.75,"","","c9b42b7f3d03713a42e82d21e1ea43e2",183,6,177,201,0.0327868852459016,0.880597014925373
"linear_sparse_n300_t03_r0033","linear","sparse","paper_adjusted",300,1000,1.9,33,255368019,"ASHMED_Adaptive",0.05,"ok",FALSE,1.52000000000004,"","","402953e4e0ca27f0102da75702a94b2e",18,0,18,22,0,0.818181818181818
"confounded_sparse_n300_t03_r0033","confounded","sparse","paper_adjusted",300,1000,1.9,33,146005899,"ASHMED_Adaptive",0.05,"ok",FALSE,0.560000000000002,"","","8035c0910dedcee6fd967df5683f763a",23,1,22,22,0.0434782608695652,1
"binary_sparse_n300_t03_r0033","binary","sparse","paper_adjusted",300,1000,1.9,33,209644975,"ASHMED_Adaptive",0.05,"ok",FALSE,0.78000000000003,"","","fee3e1bbf899616f854f77961a6146a1",20,1,19,20,0.05,0.95
"linear_dense_n300_t03_r0033","linear","dense","paper_adjusted",300,1000,1.9,33,178425648,"ASHMED_Adaptive",0.05,"ok",FALSE,6.09000000000003,"","","6102190bd474bc2e7ab28c8a4886971a",211,17,194,202,0.0805687203791469,0.96039603960396
"confounded_dense_n300_t03_r0033","confounded","dense","paper_adjusted",300,1000,1.9,33,60947079,"ASHMED_Adaptive",0.05,"ok",FALSE,2.94,"","","a2d2ef94f7e346e0278b1e065825358e",191,6,185,190,0.031413612565445,0.973684210526316
"binary_dense_n300_t03_r0033","binary","dense","paper_adjusted",300,1000,1.9,33,97975669,"ASHMED_Adaptive",0.05,"ok",FALSE,2.67000000000002,"","","020f94b4f5f7b09b155473f1d8913cf6",206,8,198,202,0.0388349514563107,0.98019801980198
"linear_sparse_n300_t01_r0034","linear","sparse","paper_adjusted",300,1000,1.3,34,125064587,"ASHMED_Adaptive",0.05,"ok",FALSE,2.06999999999999,"","","d42348b4dea64da3120a9b343b22f193",0,0,0,15,0,0
"confounded_sparse_n300_t01_r0034","confounded","sparse","paper_adjusted",300,1000,1.3,34,251612288,"ASHMED_Adaptive",0.05,"ok",FALSE,1.57999999999998,"","","398c980c60bfcc47724a727723b2f7ff",0,0,0,16,0,0
"binary_sparse_n300_t01_r0034","binary","sparse","paper_adjusted",300,1000,1.3,34,188797559,"ASHMED_Adaptive",0.05,"ok",FALSE,1.65999999999997,"","","024180d126de4aed527565b336c599f7",15,2,13,18,0.133333333333333,0.722222222222222
"linear_dense_n300_t01_r0034","linear","dense","paper_adjusted",300,1000,1.3,34,110490738,"ASHMED_Adaptive",0.05,"ok",FALSE,3.29999999999995,"","","50c020c2d17f827cc25b1559e2a0d438",153,6,147,191,0.0392156862745098,0.769633507853403
"confounded_dense_n300_t01_r0034","confounded","dense","paper_adjusted",300,1000,1.3,34,117314208,"ASHMED_Adaptive",0.05,"ok",FALSE,4.19999999999999,"","","3e63bfef8b630f53d735907dc41acd16",141,8,133,186,0.0567375886524823,0.71505376344086
"binary_dense_n300_t01_r0034","binary","dense","paper_adjusted",300,1000,1.3,34,214926502,"ASHMED_Adaptive",0.05,"ok",FALSE,0.589999999999975,"","","28edf274b378c41f48dd1c0a6ea83b8c",142,8,134,198,0.0563380281690141,0.676767676767677
"linear_sparse_n300_t02_r0034","linear","sparse","paper_adjusted",300,1000,1.5,34,19180610,"ASHMED_Adaptive",0.05,"ok",FALSE,1.00999999999999,"","","c49a32b434206e05480ca25a4d687ee5",8,0,8,11,0,0.727272727272727
"confounded_sparse_n300_t02_r0034","confounded","sparse","paper_adjusted",300,1000,1.5,34,215120777,"ASHMED_Adaptive",0.05,"ok",FALSE,0.640000000000043,"","","d92ec85784c17650f26cf50d342a341a",12,0,12,19,0,0.631578947368421
"binary_sparse_n300_t02_r0034","binary","sparse","paper_adjusted",300,1000,1.5,34,16980918,"ASHMED_Adaptive",0.05,"ok",FALSE,1.69999999999999,"","","827950ebe4dca9e54b2ac9d54cfc6c45",12,2,10,16,0.166666666666667,0.625
"linear_dense_n300_t02_r0034","linear","dense","paper_adjusted",300,1000,1.5,34,89123374,"ASHMED_Adaptive",0.05,"ok",FALSE,0.920000000000016,"","","7df349be2fea64069207e8179da09a21",188,9,179,223,0.0478723404255319,0.802690582959641
"confounded_dense_n300_t02_r0034","confounded","dense","paper_adjusted",300,1000,1.5,34,208675179,"ASHMED_Adaptive",0.05,"ok",FALSE,0.910000000000025,"","","feb3115e79796fdce56a9f96b44f1c62",176,6,170,220,0.0340909090909091,0.772727272727273
"binary_dense_n300_t02_r0034","binary","dense","paper_adjusted",300,1000,1.5,34,134531877,"ASHMED_Adaptive",0.05,"ok",FALSE,1.58999999999997,"","","32f61f3b4c0c699623d921c20b038307",208,6,202,223,0.0288461538461538,0.905829596412556
"linear_sparse_n300_t03_r0034","linear","sparse","paper_adjusted",300,1000,1.9,34,175218562,"ASHMED_Adaptive",0.05,"ok",FALSE,0.620000000000005,"","","0c7ca0378250d467451701d6748c1588",6,0,6,13,0,0.461538461538462
"confounded_sparse_n300_t03_r0034","confounded","sparse","paper_adjusted",300,1000,1.9,34,28900979,"ASHMED_Adaptive",0.05,"ok",FALSE,1.80000000000001,"","","dfa39819cea8b0acd29add2430908a92",17,1,16,17,0.0588235294117647,0.941176470588235
"binary_sparse_n300_t03_r0034","binary","sparse","paper_adjusted",300,1000,1.9,34,39187463,"ASHMED_Adaptive",0.05,"ok",FALSE,0.550000000000011,"","","ac4b57b8af4d174e7a6f55e10c57ddb9",18,1,17,19,0.0555555555555556,0.894736842105263
"linear_dense_n300_t03_r0034","linear","dense","paper_adjusted",300,1000,1.9,34,239239847,"ASHMED_Adaptive",0.05,"ok",FALSE,1.51999999999998,"","","98fcd8b204c3aef91c24619f2fa270ce",150,4,146,177,0.0266666666666667,0.824858757062147
"confounded_dense_n300_t03_r0034","confounded","dense","paper_adjusted",300,1000,1.9,34,118473418,"ASHMED_Adaptive",0.05,"ok",FALSE,3.08999999999997,"","","889790d89737a39beccc2e302da63e03",191,11,180,187,0.0575916230366492,0.962566844919786
"binary_dense_n300_t03_r0034","binary","dense","paper_adjusted",300,1000,1.9,34,113903429,"ASHMED_Adaptive",0.05,"ok",FALSE,0.949999999999989,"","","36fe6f59d7545ad0c50df6af88ee0972",222,14,208,223,0.0630630630630631,0.932735426008969
"linear_sparse_n300_t01_r0035","linear","sparse","paper_adjusted",300,1000,1.3,35,91355037,"ASHMED_Adaptive",0.05,"ok",FALSE,1.18000000000001,"","","a9292decd8c58be160cd0dc9193be91f",16,1,15,28,0.0625,0.535714285714286
"confounded_sparse_n300_t01_r0035","confounded","sparse","paper_adjusted",300,1000,1.3,35,121658004,"ASHMED_Adaptive",0.05,"ok",FALSE,0.819999999999993,"","","3f98daea8536e1724e2a0b5397e63dab",13,1,12,23,0.0769230769230769,0.521739130434783
"binary_sparse_n300_t01_r0035","binary","sparse","paper_adjusted",300,1000,1.3,35,182101711,"ASHMED_Adaptive",0.05,"ok",FALSE,2.75999999999999,"","","a2b785fdb7e369a843b5b0fa0ec0dc14",6,0,6,20,0,0.3
"linear_dense_n300_t01_r0035","linear","dense","paper_adjusted",300,1000,1.3,35,257458139,"ASHMED_Adaptive",0.05,"ok",FALSE,3.51000000000005,"","","3b4e3f01cab49daaa41edd3941a5da8f",131,2,129,185,0.0152671755725191,0.697297297297297
"confounded_dense_n300_t01_r0035","confounded","dense","paper_adjusted",300,1000,1.3,35,40059813,"ASHMED_Adaptive",0.05,"ok",FALSE,3.71999999999997,"","","37d20b6e2140507aafcbadb8d0eb9516",150,9,141,214,0.06,0.658878504672897
"binary_dense_n300_t01_r0035","binary","dense","paper_adjusted",300,1000,1.3,35,264915204,"ASHMED_Adaptive",0.05,"ok",FALSE,7.06,"","","e2c19e02583b501234d7e5c994e4f7e8",136,10,126,200,0.0735294117647059,0.63
"linear_sparse_n300_t02_r0035","linear","sparse","paper_adjusted",300,1000,1.5,35,23720451,"ASHMED_Adaptive",0.05,"ok",FALSE,1.76999999999998,"","","450bbf01d701aea5a474a4a1a11b02ae",7,0,7,17,0,0.411764705882353
"confounded_sparse_n300_t02_r0035","confounded","sparse","paper_adjusted",300,1000,1.5,35,267380685,"ASHMED_Adaptive",0.05,"ok",FALSE,1.46000000000004,"","","5c0b98f56b3f28264cfcc3e9318737af",8,0,8,22,0,0.363636363636364
"binary_sparse_n300_t02_r0035","binary","sparse","paper_adjusted",300,1000,1.5,35,55056773,"ASHMED_Adaptive",0.05,"ok",FALSE,1.08999999999997,"","","6e0cf6bf873ec7fcef6d86f644aea574",7,0,7,11,0,0.636363636363636
"linear_dense_n300_t02_r0035","linear","dense","paper_adjusted",300,1000,1.5,35,9235678,"ASHMED_Adaptive",0.05,"ok",FALSE,1.34000000000003,"","","6bec203d9b7ab349d32ebde14dac5cc7",175,14,161,192,0.08,0.838541666666667
"confounded_dense_n300_t02_r0035","confounded","dense","paper_adjusted",300,1000,1.5,35,1926158,"ASHMED_Adaptive",0.05,"ok",FALSE,1.07999999999998,"","","05b9970eadc1b03f380f94ef31ae03c2",156,5,151,177,0.032051282051282,0.853107344632768
"binary_dense_n300_t02_r0035","binary","dense","paper_adjusted",300,1000,1.5,35,110195674,"ASHMED_Adaptive",0.05,"ok",FALSE,0.870000000000005,"","","59a8d3d4870c7f43062330078adc7287",189,6,183,228,0.0317460317460317,0.802631578947368
"linear_sparse_n300_t03_r0035","linear","sparse","paper_adjusted",300,1000,1.9,35,239395628,"ASHMED_Adaptive",0.05,"ok",FALSE,0.599999999999966,"","","5a1128134405bf46a5d1f3f6db1afa08",19,2,17,22,0.105263157894737,0.772727272727273
"confounded_sparse_n300_t03_r0035","confounded","sparse","paper_adjusted",300,1000,1.9,35,216871927,"ASHMED_Adaptive",0.05,"ok",FALSE,0.860000000000014,"","","4a8c7dedb327994f69a11494f1a55f70",16,0,16,21,0,0.761904761904762
"binary_sparse_n300_t03_r0035","binary","sparse","paper_adjusted",300,1000,1.9,35,184406421,"ASHMED_Adaptive",0.05,"ok",FALSE,0.860000000000014,"","","5a5933bacf241bbf65ca9d2465eb1a54",17,2,15,21,0.117647058823529,0.714285714285714
"linear_dense_n300_t03_r0035","linear","dense","paper_adjusted",300,1000,1.9,35,175142461,"ASHMED_Adaptive",0.05,"ok",FALSE,1.13,"","","6a1b41416818ddf85da6def5c77649c7",224,10,214,234,0.0446428571428571,0.914529914529915
"confounded_dense_n300_t03_r0035","confounded","dense","paper_adjusted",300,1000,1.9,35,236379365,"ASHMED_Adaptive",0.05,"ok",FALSE,2.5,"","","5cdccb96a427ec1af982a1447942bb95",168,8,160,205,0.0476190476190476,0.780487804878049
"binary_dense_n300_t03_r0035","binary","dense","paper_adjusted",300,1000,1.9,35,176359426,"ASHMED_Adaptive",0.05,"ok",FALSE,0.889999999999986,"","","5625997dc8aa76cbc73ba396ec5b1a1e",159,5,154,175,0.0314465408805031,0.88
"linear_sparse_n300_t01_r0036","linear","sparse","paper_adjusted",300,1000,1.3,36,51425066,"ASHMED_Adaptive",0.05,"ok",FALSE,1.78000000000003,"","","ea7bbe3e85d9ac98d17e8c030dbfbff3",19,1,18,29,0.0526315789473684,0.620689655172414
"confounded_sparse_n300_t01_r0036","confounded","sparse","paper_adjusted",300,1000,1.3,36,143448895,"ASHMED_Adaptive",0.05,"ok",FALSE,0.640000000000043,"","","47a561c3ce03802834c7e2acdaad3376",14,0,14,24,0,0.583333333333333
"binary_sparse_n300_t01_r0036","binary","sparse","paper_adjusted",300,1000,1.3,36,189430917,"ASHMED_Adaptive",0.05,"ok",FALSE,1.63,"","","3f9ab3cd705398bd995a4b956d3427c9",4,0,4,12,0,0.333333333333333
"linear_dense_n300_t01_r0036","linear","dense","paper_adjusted",300,1000,1.3,36,260720971,"ASHMED_Adaptive",0.05,"ok",FALSE,0.950000000000045,"","","12a6546a7ee800cf493f1bd211eca944",173,4,169,211,0.023121387283237,0.800947867298578
"confounded_dense_n300_t01_r0036","confounded","dense","paper_adjusted",300,1000,1.3,36,12430066,"ASHMED_Adaptive",0.05,"ok",FALSE,6.06999999999999,"","","dd60558375b5f76fcb1eeabc81a2f056",114,4,110,201,0.0350877192982456,0.54726368159204
"binary_dense_n300_t01_r0036","binary","dense","paper_adjusted",300,1000,1.3,36,200969587,"ASHMED_Adaptive",0.05,"ok",FALSE,2.75,"","","530868d990bfc0338278006cda63fd20",115,6,109,191,0.0521739130434783,0.570680628272251
"linear_sparse_n300_t02_r0036","linear","sparse","paper_adjusted",300,1000,1.5,36,164955485,"ASHMED_Adaptive",0.05,"ok",FALSE,0.5,"","","2c5373bde3e6adaa64fe7b8de103dac1",16,0,16,18,0,0.888888888888889
"confounded_sparse_n300_t02_r0036","confounded","sparse","paper_adjusted",300,1000,1.5,36,31817653,"ASHMED_Adaptive",0.05,"ok",FALSE,0.680000000000007,"","","cc5e3e07d6ffb9a3a99af7495c6328b0",17,1,16,18,0.0588235294117647,0.888888888888889
"binary_sparse_n300_t02_r0036","binary","sparse","paper_adjusted",300,1000,1.5,36,50506209,"ASHMED_Adaptive",0.05,"ok",FALSE,1.65999999999997,"","","86b4b6d413dc8e02440eae4711d275c1",12,1,11,15,0.0833333333333333,0.733333333333333
"linear_dense_n300_t02_r0036","linear","dense","paper_adjusted",300,1000,1.5,36,49684407,"ASHMED_Adaptive",0.05,"ok",FALSE,0.640000000000043,"","","e80740ed9a6ffde2d52c70d1274ab1a5",193,16,177,197,0.0829015544041451,0.898477157360406
"confounded_dense_n300_t02_r0036","confounded","dense","paper_adjusted",300,1000,1.5,36,19529984,"ASHMED_Adaptive",0.05,"ok",FALSE,0.779999999999973,"","","5dda609f6eb2309bbf7b708f99d8fecc",198,15,183,213,0.0757575757575758,0.859154929577465
"binary_dense_n300_t02_r0036","binary","dense","paper_adjusted",300,1000,1.5,36,40600526,"ASHMED_Adaptive",0.05,"ok",FALSE,0.800000000000011,"","","4475859b95cd03f604b00c68483519f7",160,5,155,176,0.03125,0.880681818181818
"linear_sparse_n300_t03_r0036","linear","sparse","paper_adjusted",300,1000,1.9,36,245763936,"ASHMED_Adaptive",0.05,"ok",FALSE,0.610000000000014,"","","3fdfbf076f8003d8ae99fe65a54fe9bf",19,0,19,26,0,0.730769230769231
"confounded_sparse_n300_t03_r0036","confounded","sparse","paper_adjusted",300,1000,1.9,36,252723831,"ASHMED_Adaptive",0.05,"ok",FALSE,0.699999999999989,"","","9cdc51e4fc5952cd6a3cbadd3f9fafcd",23,1,22,25,0.0434782608695652,0.88
"binary_sparse_n300_t03_r0036","binary","sparse","paper_adjusted",300,1000,1.9,36,40008429,"ASHMED_Adaptive",0.05,"ok",FALSE,2.43000000000001,"","","8a58fff953fe651d3ab131cd689166e0",21,0,21,22,0,0.954545454545455
"linear_dense_n300_t03_r0036","linear","dense","paper_adjusted",300,1000,1.9,36,237383496,"ASHMED_Adaptive",0.05,"ok",FALSE,5.03000000000003,"","","fb0e116663df89f45d67e86fe8f4b0c5",187,7,180,188,0.0374331550802139,0.957446808510638
"confounded_dense_n300_t03_r0036","confounded","dense","paper_adjusted",300,1000,1.9,36,79265669,"ASHMED_Adaptive",0.05,"ok",FALSE,2.43000000000001,"","","bb6e4457a0d500604bd62cfbe51d69ea",204,13,191,192,0.0637254901960784,0.994791666666667
"binary_dense_n300_t03_r0036","binary","dense","paper_adjusted",300,1000,1.9,36,196369007,"ASHMED_Adaptive",0.05,"ok",FALSE,2.97999999999996,"","","781340d29ed3ecadd43982006e7eb37c",213,8,205,208,0.0375586854460094,0.985576923076923
"linear_sparse_n300_t01_r0037","linear","sparse","paper_adjusted",300,1000,1.3,37,111527428,"ASHMED_Adaptive",0.05,"ok",FALSE,2.18000000000001,"","","a45d5e980a3ab1312422b64ea2083275",6,0,6,19,0,0.315789473684211
"confounded_sparse_n300_t01_r0037","confounded","sparse","paper_adjusted",300,1000,1.3,37,103277847,"ASHMED_Adaptive",0.05,"ok",FALSE,1.75999999999999,"","","2cd87f49709b498f609a00028beccbaa",4,0,4,22,0,0.181818181818182
"binary_sparse_n300_t01_r0037","binary","sparse","paper_adjusted",300,1000,1.3,37,80453475,"ASHMED_Adaptive",0.05,"ok",FALSE,4.22000000000003,"","","63e43a848706a47b82ad2f9aca195424",13,0,13,19,0,0.684210526315789
"linear_dense_n300_t01_r0037","linear","dense","paper_adjusted",300,1000,1.3,37,223839204,"ASHMED_Adaptive",0.05,"ok",FALSE,5.81,"","","788874e10d2d4b86ac22cf1453fcf0e4",141,11,130,203,0.0780141843971631,0.640394088669951
"confounded_dense_n300_t01_r0037","confounded","dense","paper_adjusted",300,1000,1.3,37,254229989,"ASHMED_Adaptive",0.05,"ok",FALSE,0.789999999999964,"","","af344ea9f0738df7916054dd674dbd23",151,7,144,184,0.0463576158940397,0.782608695652174
"binary_dense_n300_t01_r0037","binary","dense","paper_adjusted",300,1000,1.3,37,127186864,"ASHMED_Adaptive",0.05,"ok",FALSE,0.949999999999989,"","","8d0191f60a57c3fd00e1f727892cc101",152,3,149,196,0.0197368421052632,0.760204081632653
"linear_sparse_n300_t02_r0037","linear","sparse","paper_adjusted",300,1000,1.5,37,166047792,"ASHMED_Adaptive",0.05,"ok",FALSE,1.53000000000003,"","","2b897cb7ac47f33b3c5b21a4494f936c",16,0,16,19,0,0.842105263157895
"confounded_sparse_n300_t02_r0037","confounded","sparse","paper_adjusted",300,1000,1.5,37,74429435,"ASHMED_Adaptive",0.05,"ok",FALSE,0.960000000000036,"","","03dcddfb5d623edf7baddaebf23acb07",5,0,5,17,0,0.294117647058824
"binary_sparse_n300_t02_r0037","binary","sparse","paper_adjusted",300,1000,1.5,37,255489545,"ASHMED_Adaptive",0.05,"ok",FALSE,0.950000000000045,"","","6a3f59d8bead654d292f945a1b598802",9,0,9,16,0,0.5625
"linear_dense_n300_t02_r0037","linear","dense","paper_adjusted",300,1000,1.5,37,204293582,"ASHMED_Adaptive",0.05,"ok",FALSE,6.94,"","","59b83175f30e45dd5c7e740128a1ff47",139,3,136,205,0.0215827338129496,0.663414634146341
"confounded_dense_n300_t02_r0037","confounded","dense","paper_adjusted",300,1000,1.5,37,99407983,"ASHMED_Adaptive",0.05,"ok",FALSE,0.889999999999986,"","","912ea773ae78eb0a93ac64786ed20e71",206,15,191,215,0.0728155339805825,0.888372093023256
"binary_dense_n300_t02_r0037","binary","dense","paper_adjusted",300,1000,1.5,37,225964774,"ASHMED_Adaptive",0.05,"ok",FALSE,2.06,"","","8e306a6a47e81fe174dd1767728e3f9a",171,3,168,195,0.0175438596491228,0.861538461538462
"linear_sparse_n300_t03_r0037","linear","sparse","paper_adjusted",300,1000,1.9,37,195418704,"ASHMED_Adaptive",0.05,"ok",FALSE,0.54000000000002,"","","7f61846d427420b992fdcce77c7a6160",22,2,20,23,0.0909090909090909,0.869565217391304
"confounded_sparse_n300_t03_r0037","confounded","sparse","paper_adjusted",300,1000,1.9,37,49444096,"ASHMED_Adaptive",0.05,"ok",FALSE,3.18000000000001,"","","7e502abec9771250c68383e4cad5ea4c",24,1,23,25,0.0416666666666667,0.92
"binary_sparse_n300_t03_r0037","binary","sparse","paper_adjusted",300,1000,1.9,37,160239099,"ASHMED_Adaptive",0.05,"ok",FALSE,0.560000000000002,"","","6f903accaef8bbb4185320e956d692d2",11,0,11,15,0,0.733333333333333
"linear_dense_n300_t03_r0037","linear","dense","paper_adjusted",300,1000,1.9,37,224549121,"ASHMED_Adaptive",0.05,"ok",FALSE,8.77000000000004,"","","1a4c4cd2fa345b8fe84a844e490d5d32",178,6,172,178,0.0337078651685393,0.966292134831461
"confounded_dense_n300_t03_r0037","confounded","dense","paper_adjusted",300,1000,1.9,37,240233280,"ASHMED_Adaptive",0.05,"ok",FALSE,5.97000000000003,"","","700d20bc570b6c2740ed6c06a0093008",206,10,196,212,0.0485436893203883,0.924528301886792
"binary_dense_n300_t03_r0037","binary","dense","paper_adjusted",300,1000,1.9,37,262157219,"ASHMED_Adaptive",0.05,"ok",FALSE,4.24000000000001,"","","0a13fc589296f4aba880b047e6c5fac1",192,5,187,189,0.0260416666666667,0.989417989417989
"linear_sparse_n300_t01_r0038","linear","sparse","paper_adjusted",300,1000,1.3,38,7316853,"ASHMED_Adaptive",0.05,"ok",FALSE,1.20000000000005,"","","a9639ea26bb44041b8f2210d07b9bf00",7,0,7,16,0,0.4375
"confounded_sparse_n300_t01_r0038","confounded","sparse","paper_adjusted",300,1000,1.3,38,152513465,"ASHMED_Adaptive",0.05,"ok",FALSE,2.44,"","","76e36014920e779f0aeb0e81bdfaa6b4",3,0,3,13,0,0.230769230769231
"binary_sparse_n300_t01_r0038","binary","sparse","paper_adjusted",300,1000,1.3,38,2837002,"ASHMED_Adaptive",0.05,"ok",FALSE,2.09999999999997,"","","cf34ff83145351bd57a1625f436a0eac",8,0,8,23,0,0.347826086956522
"linear_dense_n300_t01_r0038","linear","dense","paper_adjusted",300,1000,1.3,38,142665865,"ASHMED_Adaptive",0.05,"ok",FALSE,3.56999999999999,"","","13e0a628cc48f397ae8d6b21cfa42c91",102,3,99,182,0.0294117647058824,0.543956043956044
"confounded_dense_n300_t01_r0038","confounded","dense","paper_adjusted",300,1000,1.3,38,198231047,"ASHMED_Adaptive",0.05,"ok",FALSE,0.589999999999975,"","","3d084b7abd3ddc1118572604804f01e2",151,6,145,196,0.0397350993377483,0.739795918367347
"binary_dense_n300_t01_r0038","binary","dense","paper_adjusted",300,1000,1.3,38,227911989,"ASHMED_Adaptive",0.05,"ok",FALSE,4.36000000000001,"","","fa4f87bc15dc3b13879088ef1bc5a49f",110,5,105,195,0.0454545454545455,0.538461538461538
"linear_sparse_n300_t02_r0038","linear","sparse","paper_adjusted",300,1000,1.5,38,54670366,"ASHMED_Adaptive",0.05,"ok",FALSE,1.47000000000003,"","","de92d575a363354a77499cd6d1b42a08",14,0,14,15,0,0.933333333333333
"confounded_sparse_n300_t02_r0038","confounded","sparse","paper_adjusted",300,1000,1.5,38,173582133,"ASHMED_Adaptive",0.05,"ok",FALSE,1.29999999999995,"","","57f634ee72f05f176824f67b62c20031",7,0,7,13,0,0.538461538461538
"binary_sparse_n300_t02_r0038","binary","sparse","paper_adjusted",300,1000,1.5,38,136518747,"ASHMED_Adaptive",0.05,"ok",FALSE,1.90999999999997,"","","b83f5f3781df8c518b11ed7c68545ddb",8,0,8,21,0,0.380952380952381
"linear_dense_n300_t02_r0038","linear","dense","paper_adjusted",300,1000,1.5,38,41083048,"ASHMED_Adaptive",0.05,"ok",FALSE,1.93000000000001,"","","f226c392d58cebcd7bd50221ddabb006",185,12,173,204,0.0648648648648649,0.848039215686274
"confounded_dense_n300_t02_r0038","confounded","dense","paper_adjusted",300,1000,1.5,38,184750723,"ASHMED_Adaptive",0.05,"ok",FALSE,0.75,"","","126610c923a0430d66f3f50056c27fbe",162,6,156,194,0.037037037037037,0.804123711340206
"binary_dense_n300_t02_r0038","binary","dense","paper_adjusted",300,1000,1.5,38,170862967,"ASHMED_Adaptive",0.05,"ok",FALSE,0.639999999999986,"","","55059f1c97328dc3b189faa76cb555bb",198,8,190,212,0.0404040404040404,0.89622641509434
"linear_sparse_n300_t03_r0038","linear","sparse","paper_adjusted",300,1000,1.9,38,198834079,"ASHMED_Adaptive",0.05,"ok",FALSE,0.689999999999998,"","","a6fc802d0e1e0c88fd58ae9ec1a002e5",16,1,15,19,0.0625,0.789473684210526
"confounded_sparse_n300_t03_r0038","confounded","sparse","paper_adjusted",300,1000,1.9,38,79500548,"ASHMED_Adaptive",0.05,"ok",FALSE,0.800000000000011,"","","231abaf4e139875550d1c92676786dc9",26,1,25,26,0.0384615384615385,0.961538461538462
"binary_sparse_n300_t03_r0038","binary","sparse","paper_adjusted",300,1000,1.9,38,124870292,"ASHMED_Adaptive",0.05,"ok",FALSE,0.740000000000009,"","","d33cb1c181fd246dab87c290ad88e708",16,2,14,18,0.125,0.777777777777778
"linear_dense_n300_t03_r0038","linear","dense","paper_adjusted",300,1000,1.9,38,258094647,"ASHMED_Adaptive",0.05,"ok",FALSE,1.25,"","","94cc5dd98f5d667ec99f1e6f22152bbb",200,12,188,193,0.06,0.974093264248705
"confounded_dense_n300_t03_r0038","confounded","dense","paper_adjusted",300,1000,1.9,38,225566576,"ASHMED_Adaptive",0.05,"ok",FALSE,1.55000000000001,"","","c9f01bfdcf3f4ed545a79858099e5430",223,13,210,215,0.0582959641255605,0.976744186046512
"binary_dense_n300_t03_r0038","binary","dense","paper_adjusted",300,1000,1.9,38,217906577,"ASHMED_Adaptive",0.05,"ok",FALSE,3.07999999999998,"","","3cced525e59bf9a2efd93e9d53d4f2c6",183,5,178,188,0.0273224043715847,0.946808510638298
"linear_sparse_n300_t01_r0039","linear","sparse","paper_adjusted",300,1000,1.3,39,169996550,"ASHMED_Adaptive",0.05,"ok",FALSE,1.28000000000003,"","","a4866853a2ea2288a9ec2696d284a9b3",13,1,12,23,0.0769230769230769,0.521739130434783
"confounded_sparse_n300_t01_r0039","confounded","sparse","paper_adjusted",300,1000,1.3,39,255517092,"ASHMED_Adaptive",0.05,"ok",FALSE,1.56999999999999,"","","4792b5794c94ba43c707067f83848396",16,2,14,23,0.125,0.608695652173913
"binary_sparse_n300_t01_r0039","binary","sparse","paper_adjusted",300,1000,1.3,39,233653561,"ASHMED_Adaptive",0.05,"ok",FALSE,1.73000000000002,"","","0f27c1010af1a0a1250b09e9f4afc8a2",6,0,6,19,0,0.315789473684211
"linear_dense_n300_t01_r0039","linear","dense","paper_adjusted",300,1000,1.3,39,113165513,"ASHMED_Adaptive",0.05,"ok",FALSE,0.660000000000025,"","","19abf977637c12de2b3941d2e06b9866",157,5,152,209,0.0318471337579618,0.727272727272727
"confounded_dense_n300_t01_r0039","confounded","dense","paper_adjusted",300,1000,1.3,39,28945394,"ASHMED_Adaptive",0.05,"ok",FALSE,1.20000000000005,"","","c5684e21b2acb34a60dcf8d211ca6b93",120,6,114,177,0.05,0.644067796610169
"binary_dense_n300_t01_r0039","binary","dense","paper_adjusted",300,1000,1.3,39,43600941,"ASHMED_Adaptive",0.05,"ok",FALSE,0.939999999999998,"","","6f1c9a3267eb8309f386ac5031a032c4",167,10,157,203,0.0598802395209581,0.773399014778325
"linear_sparse_n300_t02_r0039","linear","sparse","paper_adjusted",300,1000,1.5,39,217948898,"ASHMED_Adaptive",0.05,"ok",FALSE,0.670000000000016,"","","e1e255a3ded1cd43a27405028c3362c3",16,0,16,22,0,0.727272727272727
"confounded_sparse_n300_t02_r0039","confounded","sparse","paper_adjusted",300,1000,1.5,39,54175939,"ASHMED_Adaptive",0.05,"ok",FALSE,0.579999999999984,"","","5dd9b03cf2b9f425d5e007357195b2d4",19,0,19,24,0,0.791666666666667
"binary_sparse_n300_t02_r0039","binary","sparse","paper_adjusted",300,1000,1.5,39,253060792,"ASHMED_Adaptive",0.05,"ok",FALSE,0.979999999999961,"","","058926e8d9eae5a1705b80bb06e2a5ea",21,1,20,22,0.0476190476190476,0.909090909090909
"linear_dense_n300_t02_r0039","linear","dense","paper_adjusted",300,1000,1.5,39,242687475,"ASHMED_Adaptive",0.05,"ok",FALSE,0.53000000000003,"","","71d8adcb3e9f0b6157ac8afa5ce327fb",173,9,164,200,0.0520231213872832,0.82
"confounded_dense_n300_t02_r0039","confounded","dense","paper_adjusted",300,1000,1.5,39,82116224,"ASHMED_Adaptive",0.05,"ok",FALSE,1.63,"","","064de4f6859d16b6fe57d10c9972ae7c",205,14,191,228,0.0682926829268293,0.837719298245614
"binary_dense_n300_t02_r0039","binary","dense","paper_adjusted",300,1000,1.5,39,138345566,"ASHMED_Adaptive",0.05,"ok",FALSE,0.800000000000011,"","","9579391c9aae713cf06b6a8f74413e06",150,1,149,183,0.00666666666666667,0.814207650273224
"linear_sparse_n300_t03_r0039","linear","sparse","paper_adjusted",300,1000,1.9,39,153068488,"ASHMED_Adaptive",0.05,"ok",FALSE,1.57999999999998,"","","c243d7a33fdc9d24916c34f00e021ef0",19,1,18,19,0.0526315789473684,0.947368421052632
"confounded_sparse_n300_t03_r0039","confounded","sparse","paper_adjusted",300,1000,1.9,39,47425897,"ASHMED_Adaptive",0.05,"ok",FALSE,1.36000000000001,"","","a931ea03c3e76103d8cc16b798af60b4",16,1,15,16,0.0625,0.9375
"binary_sparse_n300_t03_r0039","binary","sparse","paper_adjusted",300,1000,1.9,39,206761094,"ASHMED_Adaptive",0.05,"ok",FALSE,1.06,"","","2d0ef37ddade5af8af942b09a1f64a46",15,1,14,15,0.0666666666666667,0.933333333333333
"linear_dense_n300_t03_r0039","linear","dense","paper_adjusted",300,1000,1.9,39,21192623,"ASHMED_Adaptive",0.05,"ok",FALSE,0.92999999999995,"","","20d0b67daf0be451db336f7cf255bd8a",209,12,197,212,0.0574162679425837,0.929245283018868
"confounded_dense_n300_t03_r0039","confounded","dense","paper_adjusted",300,1000,1.9,39,104852546,"ASHMED_Adaptive",0.05,"ok",FALSE,2.70000000000005,"","","54fcaed384ede2f1a2bc99e88748fd27",186,8,178,185,0.043010752688172,0.962162162162162
"binary_dense_n300_t03_r0039","binary","dense","paper_adjusted",300,1000,1.9,39,96232423,"ASHMED_Adaptive",0.05,"ok",FALSE,1.73000000000002,"","","fed0f73ad7ce6149dd4281007f92cbab",202,11,191,202,0.0544554455445545,0.945544554455445
"linear_sparse_n300_t01_r0040","linear","sparse","paper_adjusted",300,1000,1.3,40,265184275,"ASHMED_Adaptive",0.05,"ok",FALSE,2.06999999999999,"","","c8a6ef00f31bc54788146afc73d09853",7,0,7,19,0,0.368421052631579
"confounded_sparse_n300_t01_r0040","confounded","sparse","paper_adjusted",300,1000,1.3,40,168953461,"ASHMED_Adaptive",0.05,"ok",FALSE,1,"","","226cb620a4640c5e8c4db32d3bcb8021",18,2,16,21,0.111111111111111,0.761904761904762
"binary_sparse_n300_t01_r0040","binary","sparse","paper_adjusted",300,1000,1.3,40,232061404,"ASHMED_Adaptive",0.05,"ok",FALSE,1.55000000000001,"","","9ef49d00e0175cdcb5bc83b2faec95a9",13,1,12,17,0.0769230769230769,0.705882352941177
"linear_dense_n300_t01_r0040","linear","dense","paper_adjusted",300,1000,1.3,40,56615891,"ASHMED_Adaptive",0.05,"ok",FALSE,0.610000000000014,"","","10d8ed8aa08aedc8cf40939e6903d088",147,6,141,200,0.0408163265306122,0.705
"confounded_dense_n300_t01_r0040","confounded","dense","paper_adjusted",300,1000,1.3,40,117400874,"ASHMED_Adaptive",0.05,"ok",FALSE,1.15000000000003,"","","c3216979d6b4bca164572415eb788c23",146,7,139,205,0.0479452054794521,0.678048780487805
"binary_dense_n300_t01_r0040","binary","dense","paper_adjusted",300,1000,1.3,40,253522116,"ASHMED_Adaptive",0.05,"ok",FALSE,0.740000000000009,"","","51bb8063f1341850f369f9757883e03a",138,6,132,231,0.0434782608695652,0.571428571428571
"linear_sparse_n300_t02_r0040","linear","sparse","paper_adjusted",300,1000,1.5,40,210340618,"ASHMED_Adaptive",0.05,"ok",FALSE,2.65999999999997,"","","23cd6c29da65acb9ec2ba775ce933b92",3,0,3,15,0,0.2
"confounded_sparse_n300_t02_r0040","confounded","sparse","paper_adjusted",300,1000,1.5,40,36908002,"ASHMED_Adaptive",0.05,"ok",FALSE,0.989999999999952,"","","e9feaf1b22882cb60da35d6807030106",11,0,11,19,0,0.578947368421053
"binary_sparse_n300_t02_r0040","binary","sparse","paper_adjusted",300,1000,1.5,40,101594879,"ASHMED_Adaptive",0.05,"ok",FALSE,1.91999999999996,"","","bd01fd9d9ec088c6836b4944ae007b18",11,1,10,18,0.0909090909090909,0.555555555555556
"linear_dense_n300_t02_r0040","linear","dense","paper_adjusted",300,1000,1.5,40,226460064,"ASHMED_Adaptive",0.05,"ok",FALSE,0.5,"","","8fdf4d7e031cc5563d73b146f9397a36",156,9,147,191,0.0576923076923077,0.769633507853403
"confounded_dense_n300_t02_r0040","confounded","dense","paper_adjusted",300,1000,1.5,40,193937148,"ASHMED_Adaptive",0.05,"ok",FALSE,1.76999999999998,"","","f7f6391d26576f39e64d3f869c61df35",169,7,162,193,0.0414201183431953,0.839378238341969
"binary_dense_n300_t02_r0040","binary","dense","paper_adjusted",300,1000,1.5,40,37279287,"ASHMED_Adaptive",0.05,"ok",FALSE,0.839999999999975,"","","d9857d54148846d9d4db0b3d70f2b438",183,9,174,210,0.0491803278688525,0.828571428571429
"linear_sparse_n300_t03_r0040","linear","sparse","paper_adjusted",300,1000,1.9,40,127872135,"ASHMED_Adaptive",0.05,"ok",FALSE,1.02000000000004,"","","4a2d9e4831836834374200ef20663b32",24,0,24,24,0,1
"confounded_sparse_n300_t03_r0040","confounded","sparse","paper_adjusted",300,1000,1.9,40,204726958,"ASHMED_Adaptive",0.05,"ok",FALSE,0.78000000000003,"","","f4ef8ebdc9bcd4f05089f22452864a86",17,1,16,20,0.0588235294117647,0.8
"binary_sparse_n300_t03_r0040","binary","sparse","paper_adjusted",300,1000,1.9,40,219248227,"ASHMED_Adaptive",0.05,"ok",FALSE,0.889999999999986,"","","b8867897e3d17b5845b42f635d32686a",20,2,18,22,0.1,0.818181818181818
"linear_dense_n300_t03_r0040","linear","dense","paper_adjusted",300,1000,1.9,40,53565183,"ASHMED_Adaptive",0.05,"ok",FALSE,6.08999999999997,"","","8b81e4111e2981c8b6c5992e80af2b50",190,8,182,196,0.0421052631578947,0.928571428571429
"confounded_dense_n300_t03_r0040","confounded","dense","paper_adjusted",300,1000,1.9,40,138648963,"ASHMED_Adaptive",0.05,"ok",FALSE,1,"","","ca9f0efd5dcb62d64b28835246f36832",182,11,171,197,0.0604395604395604,0.868020304568528
"binary_dense_n300_t03_r0040","binary","dense","paper_adjusted",300,1000,1.9,40,205680175,"ASHMED_Adaptive",0.05,"ok",FALSE,0.509999999999991,"","","758af6d9d87923159d1a34e6d32034de",206,13,193,203,0.0631067961165049,0.950738916256158
