"case_id","converged","iterations","mu","theta","kappa","psi","pi00","pi10","pi01","pi11","selected_start","loglik"
"linear_sparse_n300_t01_r0001",TRUE,369,0.109449346848748,-0.657605325349933,0.0256370678692097,0.0134039789132533,0.788332368648331,0.133660670933795,0.0252510283773744,0.0527559320405,3,-4370.59358203269
"confounded_sparse_n300_t01_r0001",TRUE,102,0.188283506121168,-0.655266116768255,0,0.0129661516271657,0.813220440200597,0.108770463017925,0.0452328825157137,0.0327762142657637,2,-4610.42333512383
"binary_sparse_n300_t01_r0001",TRUE,343,0.0335346533430421,-0.648429120360846,0.0268625587703992,0.0110454661215984,0.749670360322885,0.182569755553975,0.0121636628128049,0.0555962213103355,2,-5010.61536737858
"linear_dense_n300_t01_r0001",TRUE,123,0.255125486733449,-0.651059357995381,0.0062004747747686,0.0112368262663724,0.429174196405499,0.192806412845069,0.181876866562882,0.19614252418655,1,-5141.6730321724
"confounded_dense_n300_t01_r0001",TRUE,134,0.251335924781755,-0.646525750313349,0.00312558547398809,0.0137663650753713,0.428870461404145,0.191942399229597,0.195582474435451,0.183604664930807,3,-5167.67307136125
"binary_dense_n300_t01_r0001",TRUE,62,0.25961020071388,-0.630056996675024,0,0.0163401513420134,0.356578265551404,0.221537364898553,0.204654915682461,0.217229453867583,3,-5881.11811988629
"linear_sparse_n300_t02_r0001",TRUE,49,0.285692920086204,-0.770236531583862,0,0.0104527927153768,0.861241648146563,0.073758344249582,0.0449557706607117,0.0200442369431432,1,-4321.13377793395
"confounded_sparse_n300_t02_r0001",TRUE,16,0.26607725722447,-0.720051221074083,0,0.0116468864681981,0.843762790141174,0.084236750110935,0.039068633403834,0.0329318263440571,2,-4471.59900512651
"binary_sparse_n300_t02_r0001",TRUE,62,0.296935782113795,-0.754366793358027,0,0.0064621375865878,0.860957171759639,0.067913598994105,0.0504812716734238,0.0206479575728326,3,-5169.47429303672
"linear_dense_n300_t02_r0001",TRUE,37,0.320572773841107,-0.755725393289254,0,0.0132357217562586,0.41841331559378,0.204586033728612,0.188270322208248,0.188730328469359,1,-5290.64557187778
"confounded_dense_n300_t02_r0001",TRUE,175,0.262253023108121,-0.757759079355915,0.00666725003979422,0.0158431458246363,0.366345271546147,0.203617872533873,0.176011741722385,0.254025114197595,3,-5378.60397549178
"binary_dense_n300_t02_r0001",TRUE,28,0.310915752770161,-0.772609055475698,0,0.0112191985989833,0.399411220740355,0.209056179753106,0.222134850808817,0.169397748697722,2,-5783.85517000995
"linear_sparse_n300_t03_r0001",TRUE,59,0.374924835591747,-0.947886521456311,0.00333303630505106,0.0133136820918623,0.881261194021356,0.046738804662222,0.0469384640199274,0.0250615372964948,3,-4312.22231470415
"confounded_sparse_n300_t03_r0001",TRUE,27,0.505072863105279,-0.934963830703154,0,0.0114183881339204,0.907517761666573,0.0284822382854504,0.0565701887636546,0.00742981128432164,3,-4546.2892434019
"binary_sparse_n300_t03_r0001",TRUE,34,0.344249461404533,-0.935734693481546,0.000360928916880657,0.0266399551905659,0.872602750901435,0.0537173684288292,0.0469876578691394,0.0266922228005965,1,-5151.76488830911
"linear_dense_n300_t03_r0001",TRUE,29,0.360180170403273,-0.943636106200635,0,0.0132379464188415,0.392815278106885,0.178184713938869,0.187535270915546,0.2414647370387,2,-5411.24995870646
"confounded_dense_n300_t03_r0001",TRUE,170,0.328186640208599,-0.947794531613216,0.0209527484120097,0.0133142463489174,0.367128043180514,0.223871956752108,0.164857726790878,0.244142273276499,1,-5457.4345867385
"binary_dense_n300_t03_r0001",TRUE,51,0.363113989711506,-0.933507966425911,0.00448013062483964,0.0117156015242712,0.368313912059394,0.218844443967672,0.198824259096396,0.214017384876538,2,-5984.2300356506
"linear_sparse_n300_t01_r0002",TRUE,21,0.348521851037281,-0.642313428319566,0,0.0113757417587004,0.901397665703694,0.0245973759803317,0.0587853036138394,0.0152196547021348,3,-4419.05851668776
"confounded_sparse_n300_t01_r0002",TRUE,318,0.0970276728756111,-0.687568095508017,0,0.0125746912068647,0.826681882158486,0.10231463578064,0.000299994846427161,0.0707034872144471,1,-4419.18805420113
"binary_sparse_n300_t01_r0002",TRUE,41,0.23485218411211,-0.676056476554839,0.00470523406800158,0.00446178171891235,0.902206672742342,0.0248946117832763,0.04929758255268,0.0236011329217019,1,-5050.21027878942
"linear_dense_n300_t01_r0002",TRUE,208,0.235592073319522,-0.658473872389053,0.0162277237358546,0.0110565557182206,0.341468781892587,0.250509560745176,0.220976386163254,0.187045271198982,2,-5313.45447351653
"confounded_dense_n300_t01_r0002",TRUE,45,0.281789561912702,-0.641845289221088,0,0.012099879651171,0.398859909177163,0.193917271980563,0.217033216794696,0.190189602047578,3,-5261.57234456531
"binary_dense_n300_t01_r0002",TRUE,53,0.266778797677057,-0.642646691257523,0.000339696901518664,0.0111593701630594,0.380303256693255,0.181882897832673,0.240314538805741,0.197499306668331,3,-5730.96124399884
"linear_sparse_n300_t02_r0002",TRUE,161,0.202488326180744,-0.740311852534221,0.015113039638226,0.0164877159593022,0.836291242926018,0.0917069824195139,0.0495862922028786,0.0224154824515897,1,-4457.1533433559
"confounded_sparse_n300_t02_r0002",TRUE,49,0.294789056785775,-0.740551344885437,0,0.0142185240945355,0.851310434346408,0.0816881069674957,0.0524912387013284,0.0145102199847678,3,-4448.81313526495
"binary_sparse_n300_t02_r0002",TRUE,134,0.244787615274688,-0.738936162378412,0.0166308550466329,0.0119520039605205,0.856270447984279,0.0712314741488423,0.0422951783720084,0.0302028994948704,1,-5146.22216658973
"linear_dense_n300_t02_r0002",TRUE,123,0.359201431404345,-0.754153110806087,0.00677972758961396,0.011919262350839,0.452618246926496,0.144378504297535,0.223970736713616,0.179032512062352,1,-5409.61970458837
"confounded_dense_n300_t02_r0002",TRUE,36,0.338562210402445,-0.736029499640166,0,0.0132520834873074,0.429512145806058,0.185486767902436,0.242054924413156,0.14294616187835,1,-5374.7391525419
"binary_dense_n300_t02_r0002",TRUE,42,0.30082982973675,-0.753748684592479,0,0.0117680573155288,0.373912192294074,0.193094928508377,0.205431730198275,0.227561148999274,2,-5870.14612553355
"linear_sparse_n300_t03_r0002",TRUE,98,0.319647227383764,-0.929022636857618,0.00871428204423541,0.00968809990448377,0.859494855173245,0.0725051448222784,0.0440131755796157,0.0239868244248611,3,-4330.10046607571
"confounded_sparse_n300_t03_r0002",TRUE,18,0.342656606806895,-0.979283013976543,0.00951213565175993,0.011328103598382,0.880506446401569,0.0584935535914744,0.0464659360457145,0.0145340639612419,2,-4422.36025781684
"binary_sparse_n300_t03_r0002",TRUE,47,0.41192143427802,-0.933875946192769,0,0.0130684936350556,0.905778930043166,0.0273169654155994,0.0533565423033045,0.0135475622379299,2,-5102.37877890642
"linear_dense_n300_t03_r0002",TRUE,42,0.348692364270259,-0.946916521918895,0.00254624914697103,0.0120774615323581,0.387980989372587,0.202019010239728,0.195147709280261,0.214852291107424,2,-5250.74715938884
"confounded_dense_n300_t03_r0002",TRUE,81,0.340428143547116,-0.942698819957315,0.0129813885594396,0.0159808837963881,0.389557181203677,0.206442812108367,0.168828085244417,0.235171921443539,2,-5369.85393957386
"binary_dense_n300_t03_r0002",TRUE,31,0.397185842780606,-0.947404260480567,0,0.0149136055402886,0.371581845481717,0.202681849604903,0.212887202688646,0.212849102224734,2,-6101.3821326955
"linear_sparse_n300_t01_r0003",TRUE,28,0.362374585486776,-0.63782497860963,8.48440178877731e-05,0.0156824117498819,0.892800981214193,0.0321339018687186,0.0614608415164915,0.0136042754005966,3,-4326.95970199617
"confounded_sparse_n300_t01_r0003",TRUE,140,0.182755303989463,-0.664076321758629,0.00963835506822774,0.0099040462582218,0.858031010281798,0.0609655599078318,0.0293892105909214,0.0516142192194484,2,-4360.22315978827
"binary_sparse_n300_t01_r0003",TRUE,52,0.375496888238884,-0.639198465333379,0,0.010132499956731,0.878256111526941,0.0400477975305053,0.0688903192729397,0.012805771669614,2,-5146.89826914092
"linear_dense_n300_t01_r0003",TRUE,230,0.222809434049046,-0.646351222680151,0.0106911783097909,0.0133876653992461,0.355946290744604,0.266934886154898,0.147638334755359,0.229480488345138,1,-5210.14576771362
"confounded_dense_n300_t01_r0003",TRUE,89,0.289511777674231,-0.657008100462619,0.00227791765092481,0.0114706785855523,0.438885089631442,0.149055256277579,0.209137634393409,0.20292201969757,3,-5260.99351772826
"binary_dense_n300_t01_r0003",TRUE,47,0.285452341899537,-0.645709124150617,0,0.0136895203618279,0.403155404580678,0.162386884811188,0.257804427710599,0.176653282897535,2,-5860.53278545667
"linear_sparse_n300_t02_r0003",TRUE,42,0.324035473039541,-0.797387504421583,0,0.0128776119665902,0.901518666938682,0.0254812798016441,0.0497894840638778,0.0232105691957957,3,-4512.42753310527
"confounded_sparse_n300_t02_r0003",TRUE,33,0.325723114704124,-0.753070070896234,0,0.00982115743792595,0.895030300929201,0.0509696847681,0.0351773016861494,0.0188227126165497,2,-4312.49524576217
"binary_sparse_n300_t02_r0003",TRUE,40,0.351109247967269,-0.768811744164405,0,0.00514388077081736,0.879965541134356,0.0567023024412171,0.0431598313381983,0.0201723250862285,3,-5184.61003581844
"linear_dense_n300_t02_r0003",TRUE,80,0.298874822657705,-0.741626734278256,0.00186586500135569,0.014135172805279,0.428892355953535,0.191100759537477,0.185555885953314,0.194450998555674,3,-5299.49170170723
"confounded_dense_n300_t02_r0003",TRUE,30,0.298854459781133,-0.745662035537072,0,0.0115734526054992,0.385805032544303,0.208192263509615,0.173822875881996,0.232179828064086,3,-5200.30794430503
"binary_dense_n300_t02_r0003",TRUE,49,0.314894754052524,-0.749981278177608,0.000836605492466118,0.0136815335774396,0.418911879971493,0.183619606373352,0.178112866998743,0.219355646656413,1,-5811.36292519715
"linear_sparse_n300_t03_r0003",TRUE,29,0.404237034277323,-0.976240156486421,0,0.0114456556164943,0.885374206016289,0.0506257939831025,0.0392637798533301,0.0247362201472787,3,-4414.99305775504
"confounded_sparse_n300_t03_r0003",TRUE,147,0.301657186835668,-0.936001897856356,0.0303981518585483,0.0151541354297899,0.867185942863293,0.0648140555941134,0.0401066785604692,0.0278933229821248,3,-4597.74154194492
"binary_sparse_n300_t03_r0003",TRUE,29,0.412011398941333,-0.932460522311482,0,0.00274833957705818,0.89005631690176,0.0549276387527292,0.0410003780860661,0.014015666259445,3,-5092.70245200971
"linear_dense_n300_t03_r0003",TRUE,63,0.381037240532341,-0.945166985414924,0.00352723174151345,0.0134320659865282,0.397300969657617,0.201699027484192,0.186436818517374,0.214563184340817,1,-5411.04890977448
"confounded_dense_n300_t03_r0003",TRUE,20,0.429358978769305,-0.956521817551972,0,0.0152798920442539,0.433227630854269,0.173772365176061,0.221532273897388,0.171467730072282,3,-5460.11154664761
"binary_dense_n300_t03_r0003",TRUE,41,0.390337697742655,-0.934586086798482,0.00239163940632992,0.0123830471036541,0.410755966693851,0.197597470379686,0.19667793294116,0.194968629985303,1,-5977.57547693384
"linear_sparse_n300_t01_r0004",TRUE,537,0.053849356868513,-0.660353655527229,0.0267663695810513,0.0248184190249189,0.696147484047895,0.242705955734141,0.00879236922199425,0.0523541909959701,2,-4478.98157645469
"confounded_sparse_n300_t01_r0004",TRUE,313,0.277038934741704,-0.642067844680018,0,0.0116278386361276,0.886811413781601,0.033145371013316,0.0584326003760092,0.0216106148290737,2,-4400.90184281042
"binary_sparse_n300_t01_r0004",TRUE,55,0.268731725369465,-0.666573199631888,0,0.00415607215008021,0.869744763105047,0.0783696394297133,0.042480563159085,0.00940503430615476,1,-5101.72112133305
"linear_dense_n300_t01_r0004",TRUE,51,0.288892721873215,-0.647256017773317,0,0.0151425145460499,0.436439978701842,0.179189616506259,0.242906507297618,0.141463897494281,1,-5302.63955907039
"confounded_dense_n300_t01_r0004",TRUE,39,0.288816861622799,-0.653145143555617,0,0.0150997731845663,0.422886014752939,0.166040177994868,0.218537839398028,0.192535967854165,3,-5212.44052286248
"binary_dense_n300_t01_r0004",TRUE,209,0.227556342143722,-0.649414973434607,0.010312136629974,0.0125005388542594,0.376819950104284,0.234461147936438,0.145216112690286,0.243502789268991,2,-5770.86972150521
"linear_sparse_n300_t02_r0004",TRUE,39,0.328625423379476,-0.73728201955048,0,0.0187991354737876,0.874561201335892,0.0544252659480847,0.0483176369690191,0.022695895747004,1,-4404.4150411951
"confounded_sparse_n300_t02_r0004",TRUE,27,0.305206282054881,-0.761951523549677,0.0347375791585859,0.0111511510198679,0.86358381296286,0.0664155522679662,0.0544139685413628,0.015586666227811,2,-4781.97422491116
"binary_sparse_n300_t02_r0004",TRUE,150,0.259530553421404,-0.747445722904725,0.00797855246519431,0.0124896835337837,0.823761512525893,0.113504116331224,0.0529972694173489,0.00973710172553445,1,-5067.80893500609
"linear_dense_n300_t02_r0004",TRUE,33,0.283958941293135,-0.750473981229493,0,0.0134547125557116,0.414396789617431,0.198398479709173,0.17512811250639,0.212076618167007,3,-5217.54777280155
"confounded_dense_n300_t02_r0004",TRUE,72,0.327365957686499,-0.749970514701644,0.00386459524948924,0.0146959782753297,0.412832924373485,0.197165449748316,0.217570443187068,0.172431182691131,2,-5274.88113442906
"binary_dense_n300_t02_r0004",TRUE,65,0.295186050394985,-0.750768234220025,0.00356010247260177,0.016297817187043,0.409107531972287,0.183925733250725,0.210819363946913,0.196147370830075,1,-5757.7707544317
"linear_sparse_n300_t03_r0004",TRUE,215,0.264646025747834,-0.950334554801448,0.0147964856485536,0.0134856469558332,0.827279289103358,0.108720710736644,0.0381630547613632,0.0258369453986355,3,-4464.83126789609
"confounded_sparse_n300_t03_r0004",TRUE,33,0.435647370698641,-0.920461646320455,0,0.0100465578084754,0.907912179532017,0.0240878204335722,0.0496559781422917,0.0183440218921187,1,-4485.01391971375
"binary_sparse_n300_t03_r0004",TRUE,7,0.517328661575335,-0.971659729579849,0,0.0135370381608483,0.901892089178396,0.0382009302492312,0.0434730159393128,0.0164339646330602,1,-5300.29182341246
"linear_dense_n300_t03_r0004",TRUE,32,0.379939156767656,-0.955114983823804,0.00055515447984095,0.0137269893483868,0.409456151255409,0.162543848466288,0.210814691048589,0.217185309229714,3,-5300.74940037163
"confounded_dense_n300_t03_r0004",TRUE,20,0.416820152220881,-0.943874623447055,0,0.0152265526511078,0.435474051116053,0.17052594639631,0.21412666954678,0.179873332940857,2,-5395.56815326045
"binary_dense_n300_t03_r0004",TRUE,94,0.344392424611763,-0.944620996785603,0.0146463028637868,0.0123784243548334,0.382786498646019,0.25809016673666,0.166244319397326,0.192879015219995,2,-5989.66108350921
"linear_sparse_n300_t01_r0005",TRUE,63,0.193680939594886,-0.640496636482379,0,0.0172322697909546,0.821215081996584,0.107701370190258,0.033917958479158,0.0371655893340003,2,-4414.62694985815
"confounded_sparse_n300_t01_r0005",TRUE,358,0.13879619208074,-0.650472068257723,0.00810173018523741,0.0166116869180447,0.823798360271334,0.118853130378801,0.014913684947654,0.0424348244022111,2,-4299.96414699944
"binary_sparse_n300_t01_r0005",TRUE,29,0.417547667419306,-0.642562239611739,0,0.000621417722068751,0.918734896539945,0.0167195057861543,0.0559837811318055,0.00856181654209526,3,-4946.06099352002
"linear_dense_n300_t01_r0005",TRUE,169,0.261783643600035,-0.668824408616651,0.0113333485580428,0.0107306891848763,0.351054692846491,0.210929706440588,0.199265920232783,0.238749680480139,3,-5285.35501403957
"confounded_dense_n300_t01_r0005",TRUE,260,0.207064253887369,-0.663422331560407,0.013687111791145,0.013269817758697,0.353784927094133,0.261163995849651,0.170155271513484,0.214895805542732,1,-5144.79194400313
"binary_dense_n300_t01_r0005",TRUE,254,0.215799809829556,-0.638874176203504,0.0210591772766501,0.0144719399744724,0.360451826441367,0.254709615302656,0.119670021476223,0.265168536779753,1,-5790.31925582439
"linear_sparse_n300_t02_r0005",TRUE,75,0.334692788567233,-0.740363878224857,0,0.00948769190105787,0.886672753243038,0.0363272169055905,0.0594085852511454,0.0175914446002259,2,-4485.9382883717
"confounded_sparse_n300_t02_r0005",TRUE,103,0.177297284507827,-0.745874015003327,0,0.0137372341529613,0.855725066014107,0.0711876240712339,0.0386029087856531,0.0344844011290064,2,-4548.81832735258
"binary_sparse_n300_t02_r0005",TRUE,66,0.282003751345151,-0.750612672142672,0,0.00572977601251117,0.883629144605057,0.0568285479659397,0.0405323357161873,0.0190099717128156,3,-5040.32900686329
"linear_dense_n300_t02_r0005",TRUE,63,0.306040374302841,-0.756813381245994,0.00381753028325481,0.0132252777803997,0.421732595566101,0.189265978165681,0.180945516790318,0.208055909477901,3,-5252.90901055359
"confounded_dense_n300_t02_r0005",TRUE,66,0.306024865965213,-0.744597006196804,0.00265380550898263,0.0117251609775478,0.377721302746155,0.211761074546947,0.201087141896093,0.209430480810806,2,-5253.55879558467
"binary_dense_n300_t02_r0005",TRUE,148,0.245909243167781,-0.755568314956696,0.0128932924784253,0.00805166391165437,0.394209534450604,0.207953114352341,0.122847755514314,0.274989595682741,3,-5709.87830316248
"linear_sparse_n300_t03_r0005",TRUE,15,0.41838894919562,-0.949250130115368,0.00932183938186711,0.0165403650949013,0.873469005034419,0.0505309937029626,0.0521177488998836,0.0238822523627349,2,-4555.73045248733
"confounded_sparse_n300_t03_r0005",TRUE,26,0.300066076415092,-0.930430513103414,0.00876545030589887,0.0136831917576465,0.867023175235763,0.0609768211550429,0.0499083063211267,0.0220916972880676,2,-4650.8541653756
"binary_sparse_n300_t03_r0005",TRUE,111,0.324151342331572,-0.932125247366793,0.019332850127576,0.0262461361193564,0.862486450977424,0.0617654319265249,0.0428785461701527,0.0328695709258983,3,-5120.71890977613
"linear_dense_n300_t03_r0005",TRUE,33,0.383000176059762,-0.964850798884252,0.00145421710079062,0.0152681063617329,0.401913786418008,0.198086212155283,0.200037544675244,0.199962456751466,1,-5280.78117955503
"confounded_dense_n300_t03_r0005",TRUE,28,0.390046738329484,-0.956863385646905,0,0.0145750112970149,0.411439598957925,0.191560397186669,0.199717709004134,0.197282294851271,3,-5491.02623028431
"binary_dense_n300_t03_r0005",TRUE,23,0.379094862808533,-0.946917352457542,0,0.0102560771132077,0.417150323454458,0.185226153389457,0.204205739132836,0.193417784023249,1,-5907.48447649564
"linear_sparse_n300_t01_r0006",TRUE,52,0.159799795318752,-0.663316979745763,0.00325301531373434,0.0140100835132892,0.87491531612841,0.0481531275238371,0.0500016305169879,0.0269299258307651,2,-4449.83646871561
"confounded_sparse_n300_t01_r0006",TRUE,125,0.246002959478368,-0.624089506990236,0.00903313304290461,0.0134116383932625,0.90569995333921,0.0253016347505217,0.0378335025478277,0.0311649093624402,3,-4261.94741766215
"binary_sparse_n300_t01_r0006",TRUE,541,0.127240145678113,-0.666423462127779,0.0271112686948118,0,0.789853440193669,0.148138393339766,0.0268701665401159,0.0351379999264492,1,-5258.36210929188
"linear_dense_n300_t01_r0006",TRUE,47,0.259523964713753,-0.662271723052231,0,0.0115279149957048,0.453050606931784,0.148942371268169,0.220745565300894,0.177261456499153,2,-5225.36939611202
"confounded_dense_n300_t01_r0006",TRUE,49,0.266815601141603,-0.664093451568153,0,0.0134022217659605,0.403143680027594,0.234742666492364,0.156257465494147,0.205856187985895,2,-5282.82229093157
"binary_dense_n300_t01_r0006",TRUE,37,0.269397467230066,-0.653294936339528,0,0.0149233025247157,0.38449321023023,0.220618522860153,0.180416459761952,0.214471807147664,2,-5723.78498868761
"linear_sparse_n300_t02_r0006",TRUE,24,0.232382448446507,-0.730951740163117,0.00940889610363313,0.015232946123835,0.861415216340654,0.0725809136419811,0.0592302961406203,0.00677357387674455,2,-4365.95833799756
"confounded_sparse_n300_t02_r0006",TRUE,45,0.318502735473355,-0.764213955332195,0,0.0148172417287612,0.863134000033725,0.0768646968843571,0.0499917718290297,0.0100095312528879,3,-4422.76060064374
"binary_sparse_n300_t02_r0006",TRUE,68,0.301708954834734,-0.728980218310121,0,0.0156266485091808,0.860600788386025,0.07568953853481,0.0451998919782862,0.0185097811008788,3,-5250.80293234261
"linear_dense_n300_t02_r0006",TRUE,25,0.334086595995248,-0.747502377871804,0,0.0148922539771627,0.419675965953237,0.200320221066971,0.179473664726787,0.200530148253004,2,-5199.13958007977
"confounded_dense_n300_t02_r0006",TRUE,189,0.23382853516404,-0.761038765560181,0.00788105245369325,0.0145615657792436,0.365553580756359,0.255438253188612,0.1087229353622,0.270285230692829,2,-5221.53395265861
"binary_dense_n300_t02_r0006",TRUE,809,0.201933123786835,-0.740977623473234,0.0196801700109126,0.00813436160319196,0.258969727964418,0.333437128014062,0.102657091756454,0.304936052265066,2,-5851.92519028366
"linear_sparse_n300_t03_r0006",TRUE,80,0.398290045103729,-0.957819739026837,0.0396189344686381,0.0112004871374679,0.877145066530412,0.03885493345716,0.066952879973184,0.0170471200392435,1,-4507.11777074627
"confounded_sparse_n300_t03_r0006",TRUE,46,0.3215646753619,-0.952213294508826,0,0.0183144166525407,0.87575361623725,0.050246376167929,0.0441354406142267,0.0298645669805945,3,-4465.91491691294
"binary_sparse_n300_t03_r0006",TRUE,28,0.418692915747313,-0.918131242048717,0,0.012314013767064,0.90481751797792,0.0347355538113264,0.0434980400416473,0.0169488881691065,2,-5101.98678658934
"linear_dense_n300_t03_r0006",TRUE,125,0.319321343789299,-0.943967326913807,0.0237464693956977,0.0152644961841925,0.30195784291998,0.278042136265606,0.169836401456206,0.250163619358208,2,-5395.76037622216
"confounded_dense_n300_t03_r0006",TRUE,23,0.389231984467411,-0.952527944143602,0,0.0139799143364214,0.399700785649715,0.213299214031023,0.205265478045518,0.181734522273744,1,-5331.5392098354
"binary_dense_n300_t03_r0006",TRUE,22,0.373817305479268,-0.934831948556357,0,0.0127094520953862,0.441033689630986,0.180367389947834,0.171690317107194,0.206908603313985,1,-5869.09986251357
"linear_sparse_n300_t01_r0007",TRUE,63,0.280877174189281,-0.682121576253143,0,0.00923374324044201,0.872159210510111,0.0738403469722031,0.0343058181587089,0.0196946243589769,1,-4501.65271962714
"confounded_sparse_n300_t01_r0007",TRUE,221,0.147811196216361,-0.65763504939757,0.00784739856382355,0.0115680436097308,0.872667165449129,0.0633312045555869,0.0324033074100303,0.0315983225852536,1,-4288.91227104037
"binary_sparse_n300_t01_r0007",TRUE,262,0.157275112664609,-0.633192240654355,0.0062562983723801,0.00968508863645655,0.82322066496095,0.104048059915895,0.0341401112791147,0.0385911638440405,1,-5013.93433569711
"linear_dense_n300_t01_r0007",TRUE,39,0.303690190849314,-0.645920752988287,0,0.0127993712788987,0.414625291838085,0.196317848828283,0.21646924692308,0.172587612410552,1,-5301.89622263528
"confounded_dense_n300_t01_r0007",TRUE,42,0.307913981199966,-0.656325652465914,0,0.0132510647583151,0.412747571118832,0.185215304618315,0.245590159167283,0.156446965095571,2,-5383.56989064224
"binary_dense_n300_t01_r0007",TRUE,431,0.197306104210954,-0.643353981403141,0.0128025158765056,0.0131322203312076,0.33654438651392,0.266771199554866,0.142655899374194,0.254028514557021,3,-5795.71927704457
"linear_sparse_n300_t02_r0007",TRUE,53,0.262820103541202,-0.7814931020887,0,0.0108177267651871,0.891017892644757,0.0429820925561895,0.0483264028026527,0.0176736119964006,3,-4323.56443835261
"confounded_sparse_n300_t02_r0007",TRUE,45,0.281771103805613,-0.756283968106274,0,0.00746211419554457,0.845844758317161,0.076155240870841,0.0683381275771852,0.00966187323481267,2,-4361.6028052049
"binary_sparse_n300_t02_r0007",TRUE,21,0.35580022223901,-0.773963022169053,0,0.0230441867461035,0.872978948594631,0.0534004254864818,0.0669383568835828,0.00668226903530465,1,-5122.56172049939
"linear_dense_n300_t02_r0007",TRUE,37,0.305339196172901,-0.749380496496684,0,0.0117974665181375,0.418993099291381,0.202007412694508,0.192252698866152,0.186746789147959,2,-5230.07147316827
"confounded_dense_n300_t02_r0007",TRUE,32,0.298024944752426,-0.748576816496049,0,0.0128812280813953,0.414274521716232,0.185724116580955,0.180861500714353,0.21913986098846,1,-5225.8932073109
"binary_dense_n300_t02_r0007",TRUE,317,0.226897040238867,-0.75637077158446,0.0199018005673689,0.0166936934329083,0.324930244365275,0.28300733886337,0.14975475000139,0.242307666769965,3,-5853.46281425665
"linear_sparse_n300_t03_r0007",TRUE,70,0.309176279816146,-0.937872521807354,0,0.0150379759638275,0.854375762386092,0.0836242361088163,0.0296722169933101,0.0323277845117814,3,-4652.85125688836
"confounded_sparse_n300_t03_r0007",TRUE,21,0.404050005610717,-0.952986905818947,0,0.0164597584692231,0.882193238101106,0.0468067595177519,0.0511894771905387,0.0198105251906033,1,-4517.0463961992
"binary_sparse_n300_t03_r0007",TRUE,7,0.418860457820228,-0.913693930592722,0,0.0135717963654265,0.883366372402651,0.0376453570289437,0.0564371585165901,0.0225511120518148,1,-5132.35590715756
"linear_dense_n300_t03_r0007",TRUE,98,0.355020377364521,-0.950794729861019,0.00553038322462682,0.0143538489525192,0.366178428363758,0.223821556865513,0.183474236310997,0.226525778459731,1,-5559.76225750274
"confounded_dense_n300_t03_r0007",TRUE,20,0.378960195231329,-0.942540757320962,0,0.013838739941631,0.402112903824084,0.17288708094612,0.23802466964957,0.186975345580226,1,-5339.61018912225
"binary_dense_n300_t03_r0007",TRUE,52,0.353022820061483,-0.938277045354977,0.005450433237673,0.0113764958048608,0.398251178100655,0.209344964719309,0.18074570286932,0.211658154310716,3,-5881.29068597693
"linear_sparse_n300_t01_r0008",TRUE,266,0.144997133579423,-0.66625021575922,0.00456761136090945,0.00941243816319567,0.844159160826348,0.0817956092511295,0.0181632735004825,0.0558819564220396,1,-4342.52305155105
"confounded_sparse_n300_t01_r0008",TRUE,100,0.196879279794757,-0.641354785716289,0,0.00830139296838698,0.807583068197187,0.121414417831221,0.0357314091316379,0.0352711048399542,1,-4350.6784836668
"binary_sparse_n300_t01_r0008",TRUE,17,0.278198816902131,-0.649951445719319,2.54497531431556e-05,0.0156253534038317,0.850609228510688,0.0699126360875632,0.0536265782115495,0.0258515571901995,2,-5115.86944963242
"linear_dense_n300_t01_r0008",TRUE,115,0.258142473043012,-0.646703693968487,0.0031719052365595,0.0130509610493486,0.385524226224265,0.179745463916442,0.198838713824454,0.235891596034839,3,-5326.99777280063
"confounded_dense_n300_t01_r0008",TRUE,42,0.250068724629949,-0.639924240914653,0,0.0117292224025746,0.44254445829629,0.190597838260156,0.173838077636089,0.193019625807464,3,-5102.51963417219
"binary_dense_n300_t01_r0008",TRUE,35,0.287154068246388,-0.64948520586758,0,0.0101629546537888,0.437537524390551,0.197186472398814,0.204523839732322,0.160752163478313,3,-5660.68373471406
"linear_sparse_n300_t02_r0008",TRUE,193,0.216347552149772,-0.758554533834223,0.0300383807554704,0.0179406757126562,0.88797506720907,0.0470227220709307,0.0435698832750459,0.021432327444953,1,-4310.35159628105
"confounded_sparse_n300_t02_r0008",TRUE,138,0.370250877747263,-0.750340043604288,0,0.0177441851143408,0.90044773604203,0.0445501561252649,0.0480972153364292,0.006904892496276,2,-4386.54570234699
"binary_sparse_n300_t02_r0008",TRUE,234,0.172949410840197,-0.767892922171676,0.00614802774382479,0,0.830099587725006,0.104747264762205,0.0263330913354009,0.0388200561773878,2,-5136.0028894927
"linear_dense_n300_t02_r0008",TRUE,33,0.328081729298574,-0.748604456393925,0,0.0152676397633201,0.453822934896506,0.141981261401237,0.22229250018071,0.181903303521547,1,-5333.99928975402
"confounded_dense_n300_t02_r0008",TRUE,38,0.289220023972474,-0.754732527067849,0,0.0151306841394622,0.403679548171521,0.216316544854361,0.194321003614228,0.18568290335989,2,-5222.90445978115
"binary_dense_n300_t02_r0008",TRUE,53,0.299711586499915,-0.732809324636194,0.000691194459959489,0.00946821100616503,0.366309079461473,0.199227234034848,0.203512761632027,0.230950924871652,1,-5753.98542738073
"linear_sparse_n300_t03_r0008",TRUE,23,0.396151735692514,-0.950529329859407,0.000162926042066013,0.00950063942287085,0.885237045253382,0.0417629547462288,0.0453073596927936,0.0276926403075955,1,-4427.73778365192
"confounded_sparse_n300_t03_r0008",TRUE,37,0.3980633081179,-0.924843306273398,0,0.00787878235764901,0.887562525936292,0.0484374740636312,0.0538950928679692,0.0101049071321074,3,-4492.56861444056
"binary_sparse_n300_t03_r0008",TRUE,20,0.413711898592937,-0.928536447946566,0,0.0064466658015589,0.872125883989381,0.047796544458304,0.0636835248854797,0.0163940466668349,3,-5082.86127373143
"linear_dense_n300_t03_r0008",TRUE,60,0.363190583557039,-0.947539817302653,0.0134177860748437,0.0128282715684928,0.395423284060727,0.247576715839014,0.142529638175408,0.214470361924851,2,-5260.05399575472
"confounded_dense_n300_t03_r0008",TRUE,27,0.385521963937372,-0.958876086520292,0.000126351170137585,0.0162687069697444,0.414477421058389,0.182522363347064,0.190359488790905,0.212640726803643,3,-5379.22766901044
"binary_dense_n300_t03_r0008",TRUE,46,0.389401564827085,-0.950852004902686,0.00575848724896449,0.00971634463143936,0.435273412378873,0.172196109216009,0.218073049735354,0.174457428669764,1,-5904.06348243555
"linear_sparse_n300_t01_r0009",TRUE,30,0.355580646773542,-0.633154821105901,0.000134564950704668,0.0163841801278966,0.907422088003892,0.0215479336247053,0.0570259727486879,0.0140040056227148,3,-4403.98907254562
"confounded_sparse_n300_t01_r0009",TRUE,20,0.330528403584988,-0.647114556233651,0.011057823296446,0.0134182424927692,0.861462505052377,0.0615273888651419,0.0589721514862595,0.0180379545962212,2,-4554.83240610471
"binary_sparse_n300_t01_r0009",TRUE,41,0.190158183949151,-0.622193567879723,0.00144908255557883,0.0115536928748601,0.866090596943457,0.0631304707878157,0.0404062840194348,0.0303726482492925,2,-4996.02088548079
"linear_dense_n300_t01_r0009",TRUE,218,0.203474321178877,-0.647099867661019,0.0185150709019778,0.012880641659146,0.330574101116119,0.260641736429346,0.134590877910255,0.27419328454428,3,-5232.227539564
"confounded_dense_n300_t01_r0009",TRUE,105,0.285481349042492,-0.659093221791323,0.00635188876019102,0.0128629008241557,0.407130617058537,0.186653330897164,0.201906701613998,0.204309350430301,1,-5280.12378831778
"binary_dense_n300_t01_r0009",TRUE,45,0.264549923643615,-0.645246863970864,0,0.00707618312643464,0.38766333284088,0.205771140674129,0.201631562174516,0.204933964310474,3,-5722.77435100469
"linear_sparse_n300_t02_r0009",TRUE,144,0.228052098107723,-0.746431404351804,0.00145669764077638,0.00796248525107805,0.836310562759071,0.0956894172007008,0.0486386089209391,0.0193614111192892,1,-4338.2573963286
"confounded_sparse_n300_t02_r0009",TRUE,24,0.421691729029695,-0.752892957477511,0,0.0141695662254115,0.902357357110684,0.0256418216584741,0.0559952374481506,0.0160055837826911,3,-4466.40625979743
"binary_sparse_n300_t02_r0009",TRUE,19,0.276977040436705,-0.762032618792,0.00921685337226226,0,0.866240087996334,0.0697944730354431,0.0523309428100775,0.0116344961581452,2,-5055.97477798214
"linear_dense_n300_t02_r0009",TRUE,36,0.313703055729247,-0.747719554688925,0,0.0128160087880033,0.425556555684914,0.17744114409183,0.209742003475873,0.187260296747383,3,-5265.62264097737
"confounded_dense_n300_t02_r0009",TRUE,103,0.302642971444033,-0.733136633154221,0.00653523150122318,0.0138161318667873,0.41384996042969,0.218140475945848,0.160689223881973,0.207320339742489,3,-5328.26942336575
"binary_dense_n300_t02_r0009",TRUE,125,0.279568122764545,-0.747536849239949,0.00967359372688458,0.0116095873850742,0.369089673436336,0.227503160853093,0.1858160067199,0.21759115899067,1,-5796.32260463171
"linear_sparse_n300_t03_r0009",TRUE,50,0.356169051164262,-0.951072196574903,0.00276818403430986,0.0106284585757121,0.856822576550514,0.0671774234451015,0.0536766969663993,0.0223233030379848,1,-4400.62950826816
"confounded_sparse_n300_t03_r0009",TRUE,39,0.351511191549852,-0.970447224294489,0,0.0131124923532274,0.902769849570886,0.0312301500328535,0.0512544271969201,0.0147455731993407,1,-4360.00047768129
"binary_sparse_n300_t03_r0009",TRUE,31,0.364952782794684,-0.986144997090455,0,0.0123260425118613,0.875250810269109,0.0507060701990137,0.0506092773533171,0.0234338421785598,3,-5149.77228959336
"linear_dense_n300_t03_r0009",TRUE,51,0.384455289750248,-0.933435708048757,0.00265855634223228,0.0120900259865693,0.379779131067188,0.225220865303802,0.206844790719972,0.188155212909038,2,-5423.83756172981
"confounded_dense_n300_t03_r0009",TRUE,45,0.386045671201079,-0.951206190486195,0.0028571193900054,0.0113109805301248,0.391200569747326,0.20179943024588,0.216735451661723,0.190264548345072,1,-5340.99368510432
"binary_dense_n300_t03_r0009",TRUE,23,0.378441924920016,-0.931538071800743,0,0.0157659112814939,0.384573698076944,0.2065344281384,0.213502456535875,0.195389417248781,1,-5938.0489139826
"linear_sparse_n300_t01_r0010",TRUE,146,0.191164992281827,-0.65690294906265,0.00894340273329526,0.0105342387910759,0.838620634200619,0.0854535139022286,0.0626457523773276,0.0132800995198244,2,-4468.99423326641
"confounded_sparse_n300_t01_r0010",TRUE,11,0.3098400504048,-0.645002726238943,0,0.0134201324327765,0.878574091963382,0.0413891507229628,0.0690181696036798,0.0110185877099754,1,-4510.97841043529
"binary_sparse_n300_t01_r0010",TRUE,241,0.0875392758033696,-0.646445463199189,0.0287116723809233,0.0167110759677037,0.863316813650087,0.064933155529774,0.00429975894996951,0.06745027187017,2,-4959.38925816006
"linear_dense_n300_t01_r0010",TRUE,270,0.199027535698706,-0.649797233304392,0.0124261168630058,0.013368161354632,0.376810994457991,0.200520256813721,0.110355538924587,0.312313209803701,1,-5126.13876870186
"confounded_dense_n300_t01_r0010",TRUE,51,0.28839883093399,-0.65399041190602,0,0.0121068536793948,0.373895176204293,0.20907883108221,0.231495465373023,0.185530527340474,1,-5351.89465011295
"binary_dense_n300_t01_r0010",TRUE,53,0.259009033941879,-0.653766574464614,0,0.0116107975301575,0.400375609000591,0.190978735443877,0.191660905912965,0.216984749642567,3,-5780.97721384811
"linear_sparse_n300_t02_r0010",TRUE,37,0.288051117003244,-0.751298358314933,0,0.0085521429305163,0.877136835686518,0.068863062552314,0.0383343579099346,0.0156657438512333,1,-4237.12687762717
"confounded_sparse_n300_t02_r0010",TRUE,182,0.321141111342,-0.784352525858178,0,0.0146707722579861,0.909257881443778,0.0257407669691364,0.0495617138272803,0.0154396377598052,2,-4365.45589673272
"binary_sparse_n300_t02_r0010",TRUE,58,0.411832524450287,-0.753320237183139,0.00392058585384579,0.0110993329714598,0.883381801792536,0.0561464427743541,0.0500297359995657,0.0104420194335444,1,-5237.29622219277
"linear_dense_n300_t02_r0010",TRUE,199,0.249096262078644,-0.760336279064961,0.0155900423589779,0.0132724849928314,0.358187553506205,0.246807386216655,0.132877279533156,0.262127780743984,2,-5361.96776479055
"confounded_dense_n300_t02_r0010",TRUE,35,0.327174283506153,-0.745515104170705,0,0.0130953633878607,0.411681786245811,0.185312876343969,0.198045893660061,0.204959443750159,2,-5365.20019510557
"binary_dense_n300_t02_r0010",TRUE,41,0.296651260437018,-0.751060216010965,0,0.0123986747619028,0.377528532990224,0.218924360023149,0.210550076389294,0.192997030597334,3,-5845.69315654386
"linear_sparse_n300_t03_r0010",TRUE,46,0.4245932343495,-0.956152080836182,0.0148625968368325,0.00911657201486477,0.891132630801657,0.0418673691982032,0.0518555989779149,0.0151444010222247,1,-4476.95545581084
"confounded_sparse_n300_t03_r0010",TRUE,24,0.446969864575693,-0.933649828615537,0,0.0127213636611864,0.890380685094079,0.0416193097150624,0.0459914813738261,0.0220085238170321,2,-4556.56359617999
"binary_sparse_n300_t03_r0010",TRUE,469,0.171749592608027,-0.945345157464396,0.0284972547618305,0.00702332325113169,0.797167714115649,0.135180551604549,0.0387475535787579,0.0289041807010441,2,-5106.06525196721
"linear_dense_n300_t03_r0010",TRUE,76,0.362934007794431,-0.936429733871308,0.00983670674210241,0.0137629531545663,0.422364992496436,0.189635002328677,0.194200907211271,0.193799097963616,3,-5351.61316093919
"confounded_dense_n300_t03_r0010",TRUE,100,0.32718976203128,-0.951675704624383,0.0143327425929814,0.0120099026826984,0.342385288874021,0.260614710714897,0.173795249486895,0.223204750924188,3,-5328.14253626362
"binary_dense_n300_t03_r0010",TRUE,104,0.332080243452962,-0.956430247081007,0.0124487304044817,0.00819701519395168,0.383558386838564,0.228422377133063,0.181199585124138,0.206819650904234,2,-5934.47258552384
"linear_sparse_n300_t01_r0011",TRUE,70,0.154225128163495,-0.67388348323721,0,0.00985243239422771,0.862575698196267,0.0724237927903669,0.0278035031452387,0.0371970058681275,2,-4392.81975467215
"confounded_sparse_n300_t01_r0011",TRUE,104,0.24581691085453,-0.643918973392685,0,0.00923730222266982,0.907117783536727,0.0318801752548924,0.0455619426688677,0.0154400985395131,3,-4508.36143422288
"binary_sparse_n300_t01_r0011",TRUE,61,0.270551778293214,-0.668686544304155,0.0185683733614263,0.018463200862685,0.900488326597525,0.0328599667407128,0.0367863058608831,0.0298654008008794,2,-5224.8415391825
"linear_dense_n300_t01_r0011",TRUE,171,0.24498331930229,-0.649999345275903,0.00849867056922747,0.013993678592292,0.352142643466894,0.236128962917681,0.186599352610615,0.22512904100481,1,-5228.16663618856
"confounded_dense_n300_t01_r0011",TRUE,46,0.270849930533367,-0.648190615867723,0,0.0122728287635527,0.403177482581326,0.195783301574812,0.204973109087685,0.196066106756178,2,-5245.66709932214
"binary_dense_n300_t01_r0011",TRUE,51,0.315762757863588,-0.631099570362358,0.000303961616001773,0.0157465851264683,0.420130445347167,0.189592246634994,0.227938781861849,0.162338526155991,1,-5851.15686493023
"linear_sparse_n300_t02_r0011",TRUE,165,0.243738869403179,-0.753469522057609,0.012042403083474,0.0145401676260493,0.834700967809959,0.0852984753879331,0.0590899418594861,0.020910614942622,2,-4455.10627871475
"confounded_sparse_n300_t02_r0011",TRUE,267,0.154147917536387,-0.740382085317906,0.0045051473394756,0.00950575695672864,0.860365485088234,0.0806248108696354,0.0331970607487046,0.0258126432934264,1,-4263.47192869524
"binary_sparse_n300_t02_r0011",TRUE,59,0.261716177571412,-0.732175717263827,0,0.00234729770972235,0.861372467538903,0.0571963538742325,0.0602839909420282,0.0211471876448364,3,-5078.57187516971
"linear_dense_n300_t02_r0011",TRUE,32,0.299977191719619,-0.742457955639112,0,0.0121961879410796,0.397794117991669,0.193205491334816,0.196685243449488,0.212315147224028,2,-5193.93538741983
"confounded_dense_n300_t02_r0011",TRUE,34,0.325265064486206,-0.746185964387793,0,0.0105632709403447,0.434628201998794,0.165369939058449,0.221254601660999,0.178747257281758,3,-5304.63805532028
"binary_dense_n300_t02_r0011",TRUE,118,0.278896777739075,-0.744533051482902,0.00740853852200102,0.0127713355855001,0.368566955208407,0.232901334090391,0.155977777009571,0.242553933691631,1,-5812.47689965582
"linear_sparse_n300_t03_r0011",TRUE,43,0.471941426601515,-0.962513684846472,0,0.0173155363444668,0.901161167552014,0.0228388308338785,0.0574797870462343,0.0185202145678732,1,-4489.34121561663
"confounded_sparse_n300_t03_r0011",TRUE,22,0.388119307649901,-0.946564460073931,0.00853485443716103,0.0129988934002676,0.887009125229831,0.0459908740016689,0.0410871171274771,0.0259128836410225,2,-4702.78738002901
"binary_sparse_n300_t03_r0011",TRUE,31,0.391128231521535,-0.945053665995986,0,0.0127546782040862,0.871247718146167,0.0597617923190292,0.0531723133456345,0.0158181761891696,2,-5255.8466375208
"linear_dense_n300_t03_r0011",TRUE,55,0.364571104725101,-0.951330970003907,0.00431955821754095,0.0123945152033285,0.399057750134111,0.208942209354228,0.199394164130937,0.192605876380725,3,-5358.27097572511
"confounded_dense_n300_t03_r0011",TRUE,30,0.375260426160753,-0.941391545412418,0.000138572547771581,0.0143113605853834,0.381987995067387,0.196012003316886,0.213031559647698,0.208968441968029,1,-5395.06971462766
"binary_dense_n300_t03_r0011",TRUE,62,0.358983636108275,-0.935284324476152,0.0102321239737253,0.0102373381933885,0.402763304196767,0.210720249808843,0.184750793944787,0.201765652049603,3,-5917.18916218864
"linear_sparse_n300_t01_r0012",TRUE,50,0.37822146212806,-0.625605812908025,0,0.014086276086953,0.909182409227485,0.0217735004648641,0.0487585683993894,0.0202855219082611,1,-4528.51880647342
"confounded_sparse_n300_t01_r0012",TRUE,55,0.416195859288785,-0.654412691750485,0.00303238300067097,0.015875195519136,0.901318224584431,0.0246129414600631,0.0619528971458461,0.0121159368096594,3,-4440.00370192084
"binary_sparse_n300_t01_r0012",TRUE,43,0.330332925664026,-0.66122230644431,0,0.00584699149965804,0.862368518247308,0.0613710691059753,0.0604540037502546,0.0158064088964622,3,-5163.22774791347
"linear_dense_n300_t01_r0012",TRUE,127,0.243898596162421,-0.650019818008697,0.00527881485094595,0.0134128714561056,0.39959340663955,0.193252142962444,0.228557088527501,0.178597361870505,3,-5174.97041214837
"confounded_dense_n300_t01_r0012",TRUE,84,0.266454833021425,-0.653828537716855,0.00139650117045701,0.0132157611033716,0.396005468014344,0.203956661919578,0.219691084073965,0.180346785992113,2,-5237.7145712507
"binary_dense_n300_t01_r0012",TRUE,72,0.279481580729258,-0.642391647647996,0.00174329616046787,0.0129226471822806,0.423915371072219,0.193162080893563,0.206562154821388,0.17636039321283,1,-5672.01263267995
"linear_sparse_n300_t02_r0012",TRUE,93,0.224234919522522,-0.745483614630515,0.00293685977812015,0.0117934691069866,0.8312611137103,0.112738826211761,0.0368848227451134,0.0191152373328252,2,-4355.96978966041
"confounded_sparse_n300_t02_r0012",TRUE,34,0.378147002118135,-0.745100827314299,0,0.0112448572431211,0.897714160335675,0.0262852318146223,0.0553336992880238,0.0206669085616794,3,-4528.84931341956
"binary_sparse_n300_t02_r0012",TRUE,67,0.243154982616466,-0.762688494159756,0,0.00550415727471228,0.863228163203775,0.076450938724444,0.0420513987016645,0.0182694993701166,1,-5025.06292892648
"linear_dense_n300_t02_r0012",TRUE,28,0.322765228451269,-0.739673846566023,0,0.0137850407352887,0.39874023648401,0.1842540799669,0.22441916051838,0.19258652303071,2,-5271.74583616002
"confounded_dense_n300_t02_r0012",TRUE,52,0.310279137743895,-0.745492982572305,0.000316323082308165,0.0120387198886784,0.398936819437097,0.206061157687678,0.221605200730715,0.17339682214451,3,-5271.02914513762
"binary_dense_n300_t02_r0012",TRUE,63,0.319631116256169,-0.749813894557401,0.00368507159490952,0.0068339456752571,0.415250400383902,0.189304498516771,0.17980032928375,0.215644771815578,3,-5805.09742856969
"linear_sparse_n300_t03_r0012",TRUE,13,0.407804271445909,-0.956218011881111,0,0.00940338587190415,0.886478448441945,0.0415215508518234,0.0552995341842717,0.0167004665219598,1,-4516.25672597917
"confounded_sparse_n300_t03_r0012",TRUE,41,0.440905558637189,-0.934312509146069,0,0.0125721477945017,0.883488287262046,0.0395117126811843,0.0609206354073414,0.0160793646494285,2,-4574.53535100079
"binary_sparse_n300_t03_r0012",TRUE,27,0.400205965326263,-0.950598539161108,0,0.0175674388718621,0.884045141079419,0.0518826842035397,0.0503160367886207,0.0137561379284206,3,-5126.72801651645
"linear_dense_n300_t03_r0012",TRUE,20,0.398680876603185,-0.940771463342864,0,0.0137549715714723,0.399245480874006,0.197754514637404,0.229680937355011,0.173319067133579,1,-5389.47285190024
"confounded_dense_n300_t03_r0012",TRUE,22,0.371800805293191,-0.953507975412393,0,0.0124593755659626,0.385290473540826,0.21870952542694,0.191749100497607,0.204250900534626,2,-5333.89464656757
"binary_dense_n300_t03_r0012",TRUE,18,0.424816403802484,-0.93534186522743,0,0.0141362243150925,0.415141377500345,0.215012558406178,0.217482561881154,0.152363502212324,1,-5944.05253521103
"linear_sparse_n300_t01_r0013",TRUE,191,0.169822620896639,-0.659194507257073,0.00866429683013546,0.0130810504828088,0.87114325459102,0.0518509670552552,0.0395507434777051,0.0374550348760202,3,-4373.0260408108
"confounded_sparse_n300_t01_r0013",TRUE,58,0.299274171241342,-0.653305118661899,0,0.0178172715562868,0.873268013545546,0.051863729389374,0.0650996237689525,0.00976863329612785,3,-4500.95054660729
"binary_sparse_n300_t01_r0013",TRUE,36,0.215701306465342,-0.598921256362231,0.0115455545855551,0.0100223880148091,0.870226623969428,0.0607398408973763,0.0536479600887671,0.0153855750444287,2,-4994.56068209717
"linear_dense_n300_t01_r0013",TRUE,75,0.285462862113558,-0.642220329002007,0.00229434094698613,0.0134678312931291,0.36922782476019,0.210795593679167,0.20261999130047,0.217356590260173,1,-5262.45235113676
"confounded_dense_n300_t01_r0013",TRUE,93,0.274880734569122,-0.653953761698083,0.00209491605784173,0.0140087249588984,0.419643115998361,0.215269008370357,0.232549261010968,0.132538614620313,3,-5161.95826002524
"binary_dense_n300_t01_r0013",TRUE,35,0.309118857238758,-0.655909498450254,0,0.00954552640116456,0.412454081864606,0.171445595998428,0.253467807743992,0.162632514392974,2,-5826.5300318132
"linear_sparse_n300_t02_r0013",TRUE,352,0.207695339057419,-0.773438905512518,0.0231314018546817,0.0153098877332207,0.787196673753965,0.139801296726847,0.0489503597865747,0.0240516697326128,2,-4405.62884419171
"confounded_sparse_n300_t02_r0013",TRUE,142,0.17272061812256,-0.729142442410406,0.0427865250174172,0.0114964417365203,0.864871407957218,0.0601281197318605,0.0336174106681815,0.0413830616427404,1,-4453.72801297458
"binary_sparse_n300_t02_r0013",TRUE,147,0.21310576007842,-0.771622176669467,0.0186108069953003,0.00809460310404349,0.824848340765926,0.113885230473013,0.0298442911497186,0.0314221376113419,2,-5120.35216212027
"linear_dense_n300_t02_r0013",TRUE,90,0.301440926763714,-0.747364471035521,0.00364485341551485,0.0122504309868484,0.419430301696244,0.164564125498146,0.207974016563539,0.208031556242071,1,-5282.64648347657
"confounded_dense_n300_t02_r0013",TRUE,27,0.319394498393907,-0.750085630061685,0,0.0134753294924547,0.40959282588653,0.192405692726943,0.219079572778138,0.178921908608389,1,-5223.17529250072
"binary_dense_n300_t02_r0013",TRUE,35,0.320952830755245,-0.742829468248749,0,0.00773248779457397,0.405645232800784,0.176855526954474,0.193998118477176,0.223501121767565,1,-5874.31276746419
"linear_sparse_n300_t03_r0013",TRUE,31,0.335466097147185,-0.930248885371452,0,0.0111161064483036,0.881319170050813,0.0426808295699604,0.0488053395667301,0.0271946608124962,3,-4374.30279447724
"confounded_sparse_n300_t03_r0013",TRUE,21,0.48943380398609,-0.921326737609727,0,0.00892641300903285,0.90166631466213,0.0363336853222397,0.0509409396697836,0.0110590603458472,3,-4474.50382745316
"binary_sparse_n300_t03_r0013",TRUE,34,0.375263938413557,-0.948573370093673,0.00151491160818788,0.0116633901018537,0.896906768659822,0.0490371708988913,0.0473021381680945,0.00675392227319196,1,-5057.16367393928
"linear_dense_n300_t03_r0013",TRUE,21,0.383539119873138,-0.937502985187051,0,0.0126477623773876,0.441843976024635,0.188156023134363,0.203647923727776,0.166352077113225,3,-5268.30341703773
"confounded_dense_n300_t03_r0013",TRUE,27,0.389835730174008,-0.953386561417778,0,0.0135404924949776,0.404930603136444,0.201069396010783,0.194732534972041,0.199267465880732,3,-5420.9998740089
"binary_dense_n300_t03_r0013",TRUE,61,0.362478889954982,-0.959773406545003,0.0106707231423863,0.0118086319865804,0.361076409061973,0.212807067783764,0.193790291851896,0.232326231302367,2,-5927.17784238068
"linear_sparse_n300_t01_r0014",TRUE,215,0.198771079260709,-0.643642997639095,0.00629021810577581,0.0110383263250558,0.855522466482302,0.0875934585559854,0.0304877821436589,0.0263962928180533,1,-4316.35912512418
"confounded_sparse_n300_t01_r0014",TRUE,29,0.316586134129794,-0.656111640323458,0,0.0105986472655088,0.88085533007796,0.0471340853867833,0.061525411054188,0.0104851734810689,1,-4483.09309439942
"binary_sparse_n300_t01_r0014",TRUE,114,0.33610513985742,-0.61805060727818,0,0.00604120673111323,0.894609412147515,0.0391130944037129,0.0554861090125203,0.0107913844362522,2,-5053.97567546049
"linear_dense_n300_t01_r0014",TRUE,98,0.248951651522338,-0.645490872074565,0.00143425141738323,0.0122038234678667,0.371999883827569,0.23589208541681,0.17385993109874,0.218248099656881,1,-5233.90279395546
"confounded_dense_n300_t01_r0014",TRUE,807,0.185938172567714,-0.651173743043429,0.0163660366779635,0.0130763210143235,0.305672477285228,0.285629516776494,0.0985781413645388,0.310119864573739,2,-5144.75566744571
"binary_dense_n300_t01_r0014",TRUE,66,0.288083486380102,-0.651937345889396,0.000127728855676975,0.0120976687643407,0.392802368593371,0.199698304228313,0.225019123615512,0.182480203562804,3,-5886.08998567492
"linear_sparse_n300_t02_r0014",TRUE,29,0.360640718720348,-0.761964521211436,3.31140518354122e-05,0.013724425920582,0.889751718925429,0.0462480524277211,0.0490848907985132,0.0149153378483363,1,-4474.58940912487
"confounded_sparse_n300_t02_r0014",TRUE,65,0.267164535319288,-0.75629903761259,0,0.0151915420893115,0.831503690341687,0.0964879786599872,0.0497039098503237,0.0223044211480023,3,-4564.68762604133
"binary_sparse_n300_t02_r0014",TRUE,262,0.221160009094124,-0.742895475230066,0.01346289367453,0.010430875353327,0.818826029482591,0.107628685725103,0.0417710137285608,0.0317742710637452,3,-5226.80950551116
"linear_dense_n300_t02_r0014",TRUE,38,0.314299189607593,-0.754121108617431,0,0.0134397414802834,0.456493361402761,0.157500992115954,0.172367429720985,0.2136382167603,2,-5298.96768708135
"confounded_dense_n300_t02_r0014",TRUE,151,0.262170291828462,-0.749094925586648,0.0145626234085711,0.0110808819427686,0.321518102046914,0.249479618664845,0.211932419545799,0.217069859742442,1,-5292.78606790917
"binary_dense_n300_t02_r0014",TRUE,38,0.311315145836797,-0.736328016118986,0,0.0132135872102007,0.411991274522798,0.180993784822468,0.215844528894618,0.191170411760116,3,-5908.28940396219
"linear_sparse_n300_t03_r0014",TRUE,24,0.313096549119865,-0.935345374235454,0.0350149450770934,0.0122909856337644,0.873459097254761,0.0515409023176152,0.0524497502921687,0.0225502501354546,2,-4533.77491862234
"confounded_sparse_n300_t03_r0014",TRUE,493,0.141887887217699,-0.928355737574532,0.0387414059046476,0.0160893042439966,0.783952278002124,0.147047718806153,0.0114133173969063,0.0575866857948173,3,-4560.76792412401
"binary_sparse_n300_t03_r0014",TRUE,24,0.389632152131523,-0.947372261855261,0,0.0133439759979814,0.888232591764244,0.044793182251512,0.050114378016004,0.01685984796824,1,-5086.00179944896
"linear_dense_n300_t03_r0014",TRUE,34,0.399888752897518,-0.94986325095146,0.0015333932464106,0.0119892166389976,0.383683620548072,0.221316379408496,0.203055884316479,0.191944115726953,3,-5374.77295109964
"confounded_dense_n300_t03_r0014",TRUE,35,0.390148001807954,-0.954394518793796,0.00420002391399332,0.0123579752509457,0.372260489745179,0.230739510190785,0.202738845374634,0.194261154689402,2,-5349.81520789327
"binary_dense_n300_t03_r0014",TRUE,90,0.340726575441304,-0.957569589418556,0.00741069345706179,0.0161533095116251,0.394387916312932,0.226928617458889,0.187201419963932,0.191482046264247,3,-5929.90707936654
"linear_sparse_n300_t01_r0015",TRUE,21,0.280480512965669,-0.662656190237717,0.0263979649802517,0.0121638552472806,0.90594624172126,0.0260426719006783,0.0488855185377981,0.0191255678402636,1,-4389.54593275788
"confounded_sparse_n300_t01_r0015",TRUE,61,0.155319862893875,-0.669311556293003,0,0.0125456538281881,0.913048855468112,0.0277672922106098,0.0457990942504686,0.0133847580708098,1,-4424.90720314592
"binary_sparse_n300_t01_r0015",TRUE,195,0.223531074614804,-0.68862846659535,0.00754081411230015,0.00311477633141298,0.871318148685189,0.0593187667046116,0.0198505520251897,0.0495125325850092,3,-5113.07539354655
"linear_dense_n300_t01_r0015",TRUE,98,0.275254061309868,-0.647134014792564,0.00463220053844238,0.0125733926172647,0.396983547041386,0.185726559091861,0.213803151569519,0.203486742297235,3,-5211.90634657242
"confounded_dense_n300_t01_r0015",TRUE,85,0.270286760207411,-0.646725385531783,0.00319333005225414,0.0119475838288547,0.421429536862782,0.181366396835115,0.178123383301186,0.219080683000916,1,-5172.33644261235
"binary_dense_n300_t01_r0015",TRUE,40,0.254637449934661,-0.650552759118241,0,0.00790685513990475,0.409272530165609,0.188102710711369,0.213238941574406,0.189385817548616,2,-5674.72101447414
"linear_sparse_n300_t02_r0015",TRUE,275,0.142042613350635,-0.750025591866451,0.0131010766741769,0.0145143225714333,0.840745271899723,0.0972537408162055,0.0388949938664453,0.0231059934176266,3,-4333.65990031934
"confounded_sparse_n300_t02_r0015",TRUE,67,0.322216090891908,-0.740732783429966,0.00484352382334498,0.0103862786643273,0.867301185180742,0.0606986380091812,0.0554337888611811,0.0165663879488962,1,-4472.27534985289
"binary_sparse_n300_t02_r0015",TRUE,287,0.193025669267106,-0.767861638376878,0.020666217806962,0.00740311860139089,0.839818968747558,0.0950865246094726,0.0447933575465939,0.0203011490963756,1,-5044.75047566037
"linear_dense_n300_t02_r0015",TRUE,34,0.336926577332848,-0.761207037684194,0,0.0124133600442742,0.415574729372427,0.181486107712574,0.229104845206178,0.173834317708821,2,-5330.56146606837
"confounded_dense_n300_t02_r0015",TRUE,29,0.329415170590288,-0.752247207343871,0,0.0148819013885792,0.456849861277916,0.139142680228626,0.238183029943921,0.165824428549537,2,-5286.43169265048
"binary_dense_n300_t02_r0015",TRUE,33,0.293800574325452,-0.753502868973728,0,0.0106661312548517,0.413694826460495,0.184707510959194,0.191947386461894,0.209650276118417,2,-5779.43316266512
"linear_sparse_n300_t03_r0015",TRUE,27,0.370306429792136,-0.93612581007361,0,0.00914248794019097,0.876215847414973,0.0567841525847882,0.0434736111224366,0.0235263888778019,1,-4472.00115141477
"confounded_sparse_n300_t03_r0015",TRUE,69,0.360297536718473,-0.949428807786153,0.00428887484416103,0.0144029471693716,0.887181859861353,0.0448181394357714,0.0414975709562687,0.0265024297466071,3,-4528.69722274654
"binary_sparse_n300_t03_r0015",TRUE,44,0.407313347726471,-0.970632872955029,0,0.0190747477449048,0.882551225851344,0.0569518279408468,0.0523888883704239,0.00810805783738499,3,-5239.71618817502
"linear_dense_n300_t03_r0015",TRUE,19,0.391745351438266,-0.947503887098794,0,0.0130012894162033,0.396333783518121,0.199666215807325,0.202257256825337,0.201742743849217,1,-5297.25008274016
"confounded_dense_n300_t03_r0015",TRUE,26,0.401514877576991,-0.961507193257209,0,0.0140785373483897,0.41507895748499,0.175921002992556,0.195964685896355,0.213035353626099,3,-5463.43799128955
"binary_dense_n300_t03_r0015",TRUE,108,0.325829895172649,-0.955647346515439,0.0142722855683143,0.0102615937237169,0.34334177463238,0.242626275618504,0.137471708814778,0.276560240934338,1,-5939.8123541587
"linear_sparse_n300_t01_r0016",TRUE,90,0.276757618681794,-0.663551650537975,0,0.0170862552267242,0.882619141666253,0.0443045734605852,0.0546284003203538,0.0184478845528077,3,-4508.53114255125
"confounded_sparse_n300_t01_r0016",TRUE,596,0.0635897484762748,-0.634621526520794,0.0314710667161035,0.0127345652684577,0.834225339080362,0.107711111433142,0.0414202586139108,0.0166432908725845,1,-4350.78046777553
"binary_sparse_n300_t01_r0016",TRUE,61,0.285963295218964,-0.657352356551806,0,0.00231545201191,0.871216649755333,0.0671940114914366,0.0434853606925608,0.0181039780606693,3,-5136.74245660598
"linear_dense_n300_t01_r0016",TRUE,39,0.299620565812134,-0.653672217054168,0,0.0148566539944363,0.418113638495499,0.190810342513279,0.204502806371512,0.18657321261971,1,-5310.38444730894
"confounded_dense_n300_t01_r0016",TRUE,36,0.266639749059643,-0.647013548419347,0,0.0146730624925787,0.38933600268289,0.202155659402765,0.193545534269558,0.214962803644788,1,-5218.54794108797
"binary_dense_n300_t01_r0016",TRUE,199,0.220113076657619,-0.651383404711202,0.00606681601317453,0.0145529714396652,0.42635354534045,0.167677207548705,0.174151758419554,0.231817488691292,2,-5728.07816445251
"linear_sparse_n300_t02_r0016",TRUE,5,0.437156651155031,-0.733591217800615,0,0.0101948823414097,0.913274249489936,0.0217251530594397,0.0520896871506549,0.0129109102999692,3,-4417.96979075369
"confounded_sparse_n300_t02_r0016",TRUE,39,0.342049405856491,-0.752042527632063,0,0.013054817748811,0.898229547016364,0.0337699128760068,0.0518584506523695,0.0161420894552598,2,-4341.66270356717
"binary_sparse_n300_t02_r0016",TRUE,25,0.293887827445977,-0.751467618362332,0.00417290604331457,0.0146564963373673,0.897701106199998,0.031153995273928,0.0507275376448391,0.020417360881235,1,-5068.76958962176
"linear_dense_n300_t02_r0016",TRUE,92,0.303558660291252,-0.739563270618864,0.00355445414631145,0.0140738793670855,0.389844711895121,0.20013204904735,0.222092637321662,0.187930601735866,3,-5286.44362265263
"confounded_dense_n300_t02_r0016",TRUE,50,0.335944719428351,-0.755746270956081,0.000711554468122407,0.0126513576313788,0.415447446213761,0.18055215368749,0.217149159445648,0.186851240653102,1,-5337.20521528585
"binary_dense_n300_t02_r0016",TRUE,156,0.251606884081914,-0.775529169207216,0.0124415594689397,0.0132038252614999,0.354758766474466,0.246887748375258,0.156466908982383,0.241886576167893,1,-5795.6777154245
"linear_sparse_n300_t03_r0016",TRUE,36,0.340728438660177,-0.935431703260386,0,0.0115663559471443,0.852237844427789,0.073762155515075,0.0535662286548653,0.020433771402271,3,-4440.07806010045
"confounded_sparse_n300_t03_r0016",TRUE,17,0.427023396357903,-0.939889643210395,0,0.00932219715857513,0.902873611476364,0.0341263885212413,0.0439376861207705,0.0190623138816241,1,-4364.16822401396
"binary_sparse_n300_t03_r0016",TRUE,36,0.339808853194238,-0.962462857408677,0,0.0118924806829791,0.85895301120163,0.0613221154034568,0.0553924879278991,0.0243323854670145,1,-5270.17348959542
"linear_dense_n300_t03_r0016",TRUE,35,0.382779142176316,-0.946993516184173,0.00394135726085305,0.0138219556417094,0.413414674400877,0.201585324358958,0.181877207877844,0.203122793362321,2,-5284.90428415415
"confounded_dense_n300_t03_r0016",TRUE,69,0.352315169076015,-0.954982388177466,0.00753657644954046,0.0131850770701346,0.377888962851362,0.200111036212173,0.198599407481142,0.223400593455322,2,-5408.62714335358
"binary_dense_n300_t03_r0016",TRUE,57,0.387858393264919,-0.952507454365362,0.00527553732621018,0.0130663857077938,0.424446009908827,0.186097841964006,0.190669248409801,0.198786899717366,3,-5930.0853416237
"linear_sparse_n300_t01_r0017",TRUE,102,0.186561504006582,-0.641862602428559,0,0.0140506880174138,0.835106801601712,0.0937938389914545,0.0205493733347503,0.0505499860720834,3,-4397.49448282983
"confounded_sparse_n300_t01_r0017",TRUE,12,0.385880995707368,-0.636803947044207,0,0.0172013419696339,0.91478381785789,0.0203482826601437,0.0565998627825312,0.00826803669943503,3,-4359.43583749627
"binary_sparse_n300_t01_r0017",TRUE,48,0.292254136063321,-0.631409356754943,0,0.0129314044257518,0.871697254300729,0.0512863787964015,0.0549939514932241,0.0220224154096455,1,-5179.89808920938
"linear_dense_n300_t01_r0017",TRUE,393,0.183850833658204,-0.647047552222386,0.0186557849385143,0.0117912093628623,0.289851063674221,0.330102707766036,0.0600710217711149,0.319975206788628,1,-5204.18811647795
"confounded_dense_n300_t01_r0017",TRUE,78,0.302936257982862,-0.650225093743061,0.00247419676594421,0.0136255785924459,0.423571817198897,0.166292719187876,0.216631797237148,0.193503666376079,3,-5237.62069406588
"binary_dense_n300_t01_r0017",TRUE,51,0.252236088355523,-0.638268497632991,0,0.0122074588991778,0.432927720810438,0.186886329562918,0.166955491539536,0.213230458087108,3,-5707.48209426546
"linear_sparse_n300_t02_r0017",TRUE,44,0.289734710625116,-0.742885227851989,0,0.0179980629113091,0.866650035878175,0.0543417563013066,0.0597134283684732,0.0192947794520455,3,-4441.1824811085
"confounded_sparse_n300_t02_r0017",TRUE,13,0.343258977600208,-0.742289876081525,0,0.0188058249965198,0.9151591656217,0.0208361518346522,0.0517975660622708,0.0122071164813769,3,-4341.31597890206
"binary_sparse_n300_t02_r0017",TRUE,43,0.293009788873138,-0.729620213343037,0.00307661428250611,0.0131293171887076,0.868250869978957,0.0617765697694874,0.0402973096091848,0.0296752506423707,2,-5057.85736814657
"linear_dense_n300_t02_r0017",TRUE,36,0.303535111708457,-0.740211308461129,0,0.0119247511663753,0.422041187676626,0.20195327940783,0.21288123808762,0.163124294827924,2,-5202.24807905588
"confounded_dense_n300_t02_r0017",TRUE,126,0.285562857883525,-0.764345105900388,0.00895041635369935,0.0142906816321277,0.408808862655703,0.180187305178061,0.204098465346611,0.206905366819626,1,-5298.42998840313
"binary_dense_n300_t02_r0017",TRUE,35,0.314911430354039,-0.746781885807909,0,0.0134187380767425,0.391026015556324,0.218638295155284,0.248596487627108,0.141739201661283,3,-5795.40991099641
"linear_sparse_n300_t03_r0017",TRUE,295,0.153988774639111,-0.973250623521008,0.0432247857871961,0.00808137966280294,0.829191104589501,0.111808895410364,0.0351940908145988,0.0238059091855365,2,-4374.21803789454
"confounded_sparse_n300_t03_r0017",TRUE,17,0.33410783767056,-0.989054267359616,0.0140479552295812,0.0125216215133609,0.882077271728549,0.0489227282675822,0.0538364994799016,0.0151635005239667,2,-4416.41571932385
"binary_sparse_n300_t03_r0017",TRUE,19,0.396449739514695,-0.936800991001532,0,0.00879511245324754,0.885645974407901,0.0575856539031018,0.0370909037986847,0.0196774678903124,2,-5044.00256443598
"linear_dense_n300_t03_r0017",TRUE,39,0.387875569386507,-0.948840598557874,0.000938550505727813,0.0129988580919076,0.388567614675091,0.197432384839884,0.22674125665218,0.187258743832845,2,-5350.29726849355
"confounded_dense_n300_t03_r0017",TRUE,25,0.357247923339908,-0.941946515420284,0,0.0135955568219273,0.378833625707063,0.196166365340372,0.205004151668943,0.219995857283623,1,-5364.6076314174
"binary_dense_n300_t03_r0017",TRUE,20,0.408390686609956,-0.941558331303087,0,0.00934785300435984,0.388030663519443,0.199396146962527,0.233384670318159,0.179188519199871,2,-5967.60513239436
"linear_sparse_n300_t01_r0018",TRUE,71,0.303275617225373,-0.639133955014726,0.0197628614349055,0.0110339247551858,0.906698609536787,0.00826888337253357,0.0606330385579156,0.024399468532764,1,-4601.94434343571
"confounded_sparse_n300_t01_r0018",TRUE,37,0.194942817676412,-0.661035350845989,0.013865414775182,0.0105069130607227,0.875856980705131,0.0541872074296783,0.0522006878846844,0.0177551239805065,2,-4353.44460595998
"binary_sparse_n300_t01_r0018",TRUE,36,0.190339254214704,-0.643288564756631,0.0231294741012925,0.01451786416714,0.881022141289178,0.0456139981302077,0.0473777414466172,0.0259861191339971,2,-5055.29522186348
"linear_dense_n300_t01_r0018",TRUE,114,0.256608282167576,-0.645405028481497,0.00479671848049241,0.0123645653686245,0.408765672803335,0.188262180507206,0.178553378738395,0.224418767951063,3,-5206.98399980902
"confounded_dense_n300_t01_r0018",TRUE,47,0.267884589071677,-0.658024269748241,0,0.0126717434903193,0.420899915635746,0.182075696342485,0.204838427228042,0.192185960793728,1,-5184.93844814019
"binary_dense_n300_t01_r0018",TRUE,72,0.307513270224421,-0.64173357415182,0,0.00991248745063631,0.417643113600945,0.166676761431797,0.279383812857639,0.136296312109619,1,-6013.520445197
"linear_sparse_n300_t02_r0018",TRUE,39,0.274156426529518,-0.731492832366688,0,0.018354704179882,0.878761432194279,0.0431848848386879,0.0492591983437369,0.0287944846232964,1,-4402.01032807579
"confounded_sparse_n300_t02_r0018",TRUE,21,0.349202449554272,-0.743607735376064,1.33453304954559e-05,0.013833100423358,0.868963293551127,0.0440357968328108,0.0687386116079532,0.0182622980081089,1,-4500.78053033029
"binary_sparse_n300_t02_r0018",TRUE,143,0.211360982446328,-0.785882822443516,0.0330706946537254,0.0197937570695526,0.844360162754579,0.0825035107926769,0.0376241992768184,0.0355121271759259,2,-5087.93375478501
"linear_dense_n300_t02_r0018",TRUE,54,0.313819383486678,-0.758741949778513,0.00129165881336149,0.0141666899315114,0.387239663828504,0.228760316435582,0.199187979979529,0.184812039756385,1,-5215.9174056739
"confounded_dense_n300_t02_r0018",TRUE,129,0.261307087209689,-0.745391911371315,0.0100546861636449,0.0138166738700677,0.337898504515778,0.248100480475701,0.154386230399049,0.259614784609472,3,-5182.98753068433
"binary_dense_n300_t02_r0018",TRUE,76,0.310860637765486,-0.757097691737411,0.0026939197301812,0.0144073220247655,0.427451657435007,0.160140101437976,0.20268652360339,0.209721717523627,3,-5829.04485197211
"linear_sparse_n300_t03_r0018",TRUE,15,0.358039346782235,-0.954833044284216,0.00825756407950175,0.0116815823137725,0.880369097042045,0.0536309029334121,0.038706052909866,0.027293947114677,2,-4411.83320463831
"confounded_sparse_n300_t03_r0018",TRUE,23,0.409923735325816,-0.960272095095278,0,0.0124887996376696,0.886952181434315,0.0440478176248776,0.0501941711691939,0.0188058297716134,3,-4442.03309646876
"binary_sparse_n300_t03_r0018",TRUE,70,0.314645577775001,-0.95927857819462,0.00472776342933692,0.0220024382414073,0.8772646752464,0.0495866799179173,0.0413265477168498,0.0318220971188329,3,-5119.82431906847
"linear_dense_n300_t03_r0018",TRUE,53,0.379245742278989,-0.950282494741735,0.00459751602250363,0.0149172001078217,0.420871793781041,0.187128204094767,0.212537042075309,0.179462960048883,1,-5398.33353204702
"confounded_dense_n300_t03_r0018",TRUE,23,0.390745953091839,-0.961801713372821,0,0.0155902656226256,0.401771503734636,0.19922849229177,0.20552793638946,0.193472067584134,3,-5400.95139265466
"binary_dense_n300_t03_r0018",TRUE,45,0.369594485035972,-0.930073757262688,0.00346657096891798,0.00882752875907655,0.404476533430817,0.197862073514841,0.21612252811554,0.181538864938802,3,-5866.1879294853
"linear_sparse_n300_t01_r0019",TRUE,27,0.251228539097592,-0.617843388571701,0.00272546769770719,0.0116540570996795,0.859655716455637,0.0653079891158455,0.05544874717207,0.0195875472564475,2,-4419.53913014433
"confounded_sparse_n300_t01_r0019",TRUE,19,0.313418928126522,-0.664743275070137,0,0.0118375257760978,0.879038997557969,0.0439538546766405,0.0521028444994165,0.0249043032659743,1,-4503.75136282511
"binary_sparse_n300_t01_r0019",TRUE,37,0.357976473036543,-0.661224513809541,0,0.00845215577501568,0.887948539638212,0.033754433375824,0.0676943843592227,0.0106026426267411,1,-4922.94645685712
"linear_dense_n300_t01_r0019",TRUE,49,0.258365117732538,-0.651969410708744,0,0.0130968452386058,0.366411196489199,0.236231655413457,0.19545466556693,0.201902482530414,2,-5224.30346065003
"confounded_dense_n300_t01_r0019",TRUE,64,0.293187986474197,-0.641927262803263,0.00152317491798692,0.014577175852469,0.450350410591639,0.135481239914507,0.225795579419317,0.188372770074537,3,-5202.31386310766
"binary_dense_n300_t01_r0019",TRUE,158,0.234534173879895,-0.654224922423308,0.00716795240205039,0.015313107714247,0.375382968791286,0.248911597514154,0.164889592755519,0.210815840939042,3,-5686.44548120573
"linear_sparse_n300_t02_r0019",TRUE,188,0.238368435627215,-0.76013281227318,0.0090969857969236,0.0145214901590129,0.855271056098607,0.0707277382294406,0.049591472651617,0.0244097330203354,3,-4495.10109698703
"confounded_sparse_n300_t02_r0019",TRUE,46,0.342101910689442,-0.732621330899276,0,0.0108742476390246,0.888993154792611,0.032006706696813,0.0674650125131564,0.0115351259974199,3,-4471.26195057892
"binary_sparse_n300_t02_r0019",TRUE,38,0.338424008191669,-0.771506152045333,0,0.0162473956675722,0.890513259928473,0.0503359608660357,0.037320392246406,0.0218303869590857,2,-5124.83950793984
"linear_dense_n300_t02_r0019",TRUE,135,0.28552483723787,-0.758232485001174,0.0056938101885946,0.0136156055204442,0.39279788677039,0.211199842231292,0.198080256460787,0.197922014537531,3,-5307.91001958324
"confounded_dense_n300_t02_r0019",TRUE,33,0.29931125476102,-0.74653448506963,0,0.0116267417359551,0.430427663445594,0.174571158368885,0.213960894031344,0.181040284154178,1,-5163.77187863197
"binary_dense_n300_t02_r0019",TRUE,34,0.304559490307301,-0.760061938604664,0,0.0189132836931959,0.387804395048847,0.223109335550799,0.19739099950122,0.191695269899133,1,-5840.50557300728
"linear_sparse_n300_t03_r0019",TRUE,42,0.331403490384628,-0.947736074297878,0,0.014750573104532,0.852070376454198,0.0869296120878142,0.0465966884006251,0.0144033230573622,3,-4398.8629301056
"confounded_sparse_n300_t03_r0019",TRUE,149,0.298462128271845,-0.976001421674777,0.0228111213896293,0.0153076030017808,0.881761508142139,0.0602384914786759,0.0369844955869678,0.0210155047922173,3,-4457.72812696354
"binary_sparse_n300_t03_r0019",TRUE,25,0.367466592029634,-0.966864390960465,0,0.00386355262762693,0.873696626084007,0.0574991243938917,0.0363556681178001,0.0324485814043014,2,-5134.90927609938
"linear_dense_n300_t03_r0019",TRUE,151,0.317431101656532,-0.941763436998277,0.0189445758163576,0.014067739826919,0.368406318798778,0.242593680321858,0.119374389888834,0.26962561099053,3,-5424.09605711915
"confounded_dense_n300_t03_r0019",TRUE,39,0.392216874559598,-0.959680128532386,0.00306146731358089,0.0158778161464202,0.399389773566116,0.171610219789256,0.195762068499355,0.233237938145273,2,-5450.76376370709
"binary_dense_n300_t03_r0019",TRUE,23,0.389253060671301,-0.951859142095496,6.07633150985086e-05,0.0088486107821028,0.412867650907037,0.191440804123657,0.190191562514489,0.205499982454817,2,-5865.64414797741
"linear_sparse_n300_t01_r0020",TRUE,38,0.310174074666758,-0.628303353486229,0,0.015602477886208,0.877351878170122,0.0638252477308005,0.04502899990911,0.0137938741899675,1,-4451.07496341533
"confounded_sparse_n300_t01_r0020",TRUE,56,0.348009566207891,-0.648717158104295,0.0163408273139075,0.00846607209864692,0.910886869733698,0.0141126101023929,0.0536027307539361,0.0213977894099735,3,-4414.07226590976
"binary_sparse_n300_t01_r0020",TRUE,208,0.247344147596601,-0.647479976069543,0,0.0134891243385041,0.927935376048504,0.00035425875772178,0.0433778785314955,0.0283324866622784,1,-5045.08770394757
"linear_dense_n300_t01_r0020",TRUE,34,0.271525637222649,-0.654455963828745,0,0.0115087976372303,0.374946186517162,0.21404669583133,0.240923488422446,0.170083629229062,2,-5132.26650397747
"confounded_dense_n300_t01_r0020",TRUE,171,0.244648743409534,-0.652095874969043,0.00558363176248956,0.0141273750079718,0.396073738721097,0.192348588062576,0.172617947078535,0.238959726137792,1,-5286.92013396369
"binary_dense_n300_t01_r0020",TRUE,202,0.23222004579182,-0.651142210654608,0.0108351900580575,0.0106699895075118,0.335251042907995,0.218388795196195,0.176039640028347,0.270320521867462,1,-5740.13008174468
"linear_sparse_n300_t02_r0020",TRUE,68,0.272609552107426,-0.75890926429771,0,0.0122019760308004,0.896985829199579,0.0440138311762781,0.0250160917178561,0.0339842479062863,3,-4470.88499594387
"confounded_sparse_n300_t02_r0020",TRUE,22,0.335911456026194,-0.759678243817711,0.00259544817390976,0.0135285587358896,0.90098015336502,0.0420196173983429,0.0500427201051863,0.00695750913145033,1,-4493.76489933729
"binary_sparse_n300_t02_r0020",TRUE,37,0.308334329367691,-0.71159727193778,0,0.0138012345953727,0.870544993501839,0.0553661158882968,0.0595591681225191,0.0145297224873446,1,-5162.9867260043
"linear_dense_n300_t02_r0020",TRUE,195,0.234610230842051,-0.745905710276255,0.0145281278307328,0.0117659345936864,0.355164207920837,0.260835257915365,0.133549974309929,0.250450559853868,3,-5207.57366227143
"confounded_dense_n300_t02_r0020",TRUE,276,0.240827778290708,-0.749269453470965,0.0153807453280282,0.0135393550288709,0.334166284138595,0.251828167397648,0.168759111905119,0.245246436558638,3,-5280.66666245458
"binary_dense_n300_t02_r0020",TRUE,34,0.302324667621401,-0.734472301163445,0,0.015013037462923,0.396578453842105,0.209068470362962,0.196935087671565,0.197417988123367,3,-5798.69197352247
"linear_sparse_n300_t03_r0020",TRUE,19,0.347065731138769,-0.939022205349957,0.013734130522871,0.0132575794708069,0.882638262060121,0.0583617332629893,0.0401513069331607,0.0188486977437291,2,-4491.86789481259
"confounded_sparse_n300_t03_r0020",TRUE,146,0.308347488470361,-0.95520185432375,0.0243964232301377,0.0147554842393893,0.850066339758884,0.0829336570486445,0.0267242259285695,0.0402757772639021,3,-4491.95674427267
"binary_sparse_n300_t03_r0020",TRUE,15,0.364170295987586,-0.917436153443883,0.0040117849066817,0.0108708921184914,0.876511164101871,0.0524926383633666,0.0653854343732918,0.00561076316147058,1,-5180.09460674747
"linear_dense_n300_t03_r0020",TRUE,48,0.355669921606476,-0.950970746399756,0.00161370229009139,0.0135809582754034,0.403108850100147,0.217891149155376,0.184133469659547,0.194866531084931,1,-5280.46737467846
"confounded_dense_n300_t03_r0020",TRUE,64,0.370379033798036,-0.941399563707253,0.00384538098491453,0.012333925971735,0.383737460067942,0.193262539678624,0.22634120899,0.196658791263434,1,-5390.37936735479
"binary_dense_n300_t03_r0020",TRUE,45,0.397786512230782,-0.94895512006626,0.00318102502439857,0.013770118926223,0.402943339512887,0.174125458310323,0.230892461804811,0.19203874037198,1,-5948.47916663594
"linear_sparse_n300_t01_r0021",TRUE,43,0.294686567515131,-0.654989373451689,0,0.0172841673793457,0.872345070607735,0.0566074663754903,0.0576616152959321,0.013385847720843,1,-4403.89421389487
"confounded_sparse_n300_t01_r0021",TRUE,16,0.27726451854702,-0.637633506036929,0,0.0145218721991563,0.926695259336503,0.0182841067650866,0.0423026494185786,0.0127179844798316,3,-4311.73581232496
"binary_sparse_n300_t01_r0021",TRUE,55,0.28512495377791,-0.628038329028746,0,0.00886017298735707,0.882037446438985,0.0422892953426863,0.0639055849939442,0.011767673224385,3,-5027.45524835589
"linear_dense_n300_t01_r0021",TRUE,40,0.294821426054625,-0.647786327033537,0,0.0148513041938638,0.406743591569413,0.174602733884565,0.234687607598309,0.183966066947713,3,-5398.26967476831
"confounded_dense_n300_t01_r0021",TRUE,50,0.251367412132671,-0.646649871092858,0,0.0138258322798734,0.464873065687567,0.161919181542299,0.197400418503324,0.17580733426681,2,-5203.70277439866
"binary_dense_n300_t01_r0021",TRUE,67,0.244924081887241,-0.653558447684645,0,0.00781060796618361,0.420603695085532,0.181593505092114,0.168260852513441,0.229541947308913,1,-5797.45782069575
"linear_sparse_n300_t02_r0021",TRUE,330,0.0702677237573127,-0.783312444753232,0.03659932740751,0.0173174927875648,0.80056555747666,0.12243285948218,0.0365615132090814,0.0404400698320787,2,-4609.05370992917
"confounded_sparse_n300_t02_r0021",TRUE,37,0.279322259814188,-0.74004303418864,0,0.00931330332326091,0.867572008734914,0.0644279661070983,0.0428581480086292,0.0251418771493581,2,-4520.11093416399
"binary_sparse_n300_t02_r0021",TRUE,13,0.343936245849867,-0.764830957407981,0,0.00825353483749378,0.920856817324498,0.0178927511115142,0.048002604204199,0.0132478273597892,3,-5081.22623297632
"linear_dense_n300_t02_r0021",TRUE,128,0.268380634518009,-0.755703649741452,0.00854416568835622,0.0123809208746484,0.383442286327155,0.204556677440965,0.167378616306175,0.244622419925705,1,-5182.26951481254
"confounded_dense_n300_t02_r0021",TRUE,173,0.244814375887497,-0.760303400865069,0.00924298568138683,0.0139777285938813,0.342503843604661,0.258494991775367,0.14882351277199,0.250177651847982,1,-5206.09685615478
"binary_dense_n300_t02_r0021",TRUE,42,0.296935086125579,-0.743350132212633,0,0.00851746225557839,0.376566214390236,0.221372070653281,0.21063017335046,0.191431541606022,3,-5848.48299602615
"linear_sparse_n300_t03_r0021",TRUE,272,0.197477556960147,-0.965406248652436,0.0419206373463627,0.015064408084765,0.779065694398332,0.142934305144176,0.0255606396117188,0.0524393608457739,1,-4545.95503907602
"confounded_sparse_n300_t03_r0021",TRUE,34,0.40313717070563,-0.962699071358945,0,0.0170621621078708,0.874609902511259,0.0493900873545201,0.0619429093140743,0.0140571008201469,3,-4503.41945498197
"binary_sparse_n300_t03_r0021",TRUE,7,0.383086684103458,-0.914868650002997,0,0.00592516465906505,0.878187046898491,0.0498600222213137,0.0591222398821541,0.0128306909980409,1,-5147.39998048813
"linear_dense_n300_t03_r0021",TRUE,33,0.368063283147022,-0.939597521278421,0,0.0135597589740703,0.390301817733826,0.223698181805973,0.180076630211922,0.205923370248278,3,-5445.52736483082
"confounded_dense_n300_t03_r0021",TRUE,54,0.384264988934338,-0.94467063200198,0.00315329595010568,0.0146916882195069,0.416200067914078,0.209799931240128,0.174165304315392,0.199834696530401,3,-5381.39802574161
"binary_dense_n300_t03_r0021",TRUE,44,0.397805898505393,-0.939731726591627,0.00719246492022551,0.0117888728258933,0.411289158983232,0.190838552080651,0.187878171073596,0.209994117862521,2,-5919.33134424839
"linear_sparse_n300_t01_r0022",TRUE,230,0.192034498735707,-0.645523804053341,0.00798910612290325,0.0122701526216338,0.817267994894045,0.124643860805526,0.0270601124848804,0.0310280318155483,2,-4396.4812799663
"confounded_sparse_n300_t01_r0022",TRUE,103,0.191048811198908,-0.622869216366712,0,0.011523020172278,0.820069162762724,0.102911642917368,0.0410048607088343,0.0360143336110731,2,-4534.60707690679
"binary_sparse_n300_t01_r0022",TRUE,646,0.0718243433064448,-0.653738942683874,0.0126410810346609,0.0216742577448863,0.849982457700528,0.0834447338929026,0.0123049006084204,0.0542679077981493,2,-5118.62032204201
"linear_dense_n300_t01_r0022",TRUE,38,0.294901765835384,-0.651717904841499,0,0.0133156002963433,0.468982403193873,0.139931260818385,0.22729044885904,0.163795887128702,3,-5214.59884173331
"confounded_dense_n300_t01_r0022",TRUE,94,0.241035936159262,-0.651527949879232,0.00163228831280538,0.0145326328125156,0.40313154274697,0.211195079906749,0.153656340133111,0.232017037213171,2,-5185.50297235373
"binary_dense_n300_t01_r0022",TRUE,35,0.285213643831429,-0.64363406696283,0,0.0136303643271248,0.446434686788059,0.1638956978206,0.223146204397087,0.166523410994254,2,-5716.26221471707
"linear_sparse_n300_t02_r0022",TRUE,12,0.23449443200006,-0.767879690141451,0,0.0161802146469711,0.837994701098048,0.090998954004988,0.0630831721931108,0.00792317270385289,2,-4482.87214677672
"confounded_sparse_n300_t02_r0022",TRUE,46,0.388494544730762,-0.766098279247504,0.000683589738573928,0.0130639732315633,0.885777949493518,0.0492217102559267,0.052984275236287,0.0120160650142684,3,-4423.21177444524
"binary_sparse_n300_t02_r0022",TRUE,189,0.195504150069342,-0.741602870707945,0.0253465191128319,0.0111342396149917,0.883206350290899,0.0596105904057384,0.0305011390562171,0.0266819202471452,3,-4960.39436305441
"linear_dense_n300_t02_r0022",TRUE,77,0.315670765682431,-0.759170280153871,0.00382488216090925,0.0134609157187444,0.444672460955535,0.161936885805276,0.199877635878069,0.19351301736112,3,-5279.68672581049
"confounded_dense_n300_t02_r0022",TRUE,31,0.317920993918974,-0.741894120038655,0,0.0135523484101798,0.417291239224541,0.188705767854874,0.224407087601611,0.169595905318973,1,-5263.30335095163
"binary_dense_n300_t02_r0022",TRUE,117,0.290720648437766,-0.744318052512295,0.00632416028756372,0.0128819817626448,0.394524974067034,0.212122178348089,0.20278153522244,0.190571312362436,3,-5884.51364102463
"linear_sparse_n300_t03_r0022",TRUE,10,0.310186402420681,-0.93718714940474,0,0.0149433547181482,0.845119443563472,0.0868805556913626,0.054608698742974,0.0133913020021916,2,-4475.15428484869
"confounded_sparse_n300_t03_r0022",TRUE,217,0.225162403909028,-0.952323396758806,0.0367091013132349,0.00995759574133583,0.833157891372617,0.0918421086270919,0.0376824357297167,0.0373175642705747,2,-4606.96309357225
"binary_sparse_n300_t03_r0022",TRUE,62,0.413853700195535,-0.955496320128345,0.00783526508330624,0.0198739392238193,0.895936731137227,0.0432370744226526,0.0431398280899168,0.0176863663502032,1,-5187.35713438608
"linear_dense_n300_t03_r0022",TRUE,72,0.345244192511451,-0.9461003733129,0.0105133335483495,0.0134312493378348,0.359136889040587,0.225863109733083,0.182064653004656,0.232935348221674,2,-5399.95437261774
"confounded_dense_n300_t03_r0022",TRUE,43,0.384077103902452,-0.954357602536189,0.0028921046101391,0.012689533766459,0.386348496153236,0.186651503489472,0.241604355965959,0.185395644391333,2,-5322.92456106029
"binary_dense_n300_t03_r0022",TRUE,23,0.417955880690191,-0.960520499948687,0,0.00979179918884331,0.419530969564918,0.17587185480262,0.214328921786265,0.190268253846196,3,-5981.30048848898
"linear_sparse_n300_t01_r0023",TRUE,308,0.128965112318761,-0.64942644040282,0.00468284208480215,0.0104430789440104,0.814392869680507,0.108596835719506,0.0330318954349591,0.043978399165028,3,-4300.53924392375
"confounded_sparse_n300_t01_r0023",TRUE,171,0.237837020971556,-0.665695123962736,0.0173588342398188,0.00925689944689498,0.854901743701625,0.0740905636207964,0.049130325298853,0.0218773673787256,1,-4416.09184877759
"binary_sparse_n300_t01_r0023",TRUE,20,0.259253096774443,-0.687468808587141,0.000219182960862636,0.000696232152965103,0.872255173028061,0.0673884513621216,0.0416812658971293,0.0186751097126882,2,-5088.95049789668
"linear_dense_n300_t01_r0023",TRUE,78,0.265172062814613,-0.640687727287203,0.000683521840012374,0.0127968824911616,0.401635686525064,0.224328378139294,0.217471098187681,0.15656483714796,1,-5237.86418466131
"confounded_dense_n300_t01_r0023",TRUE,185,0.239477891812091,-0.648562316032796,0.00624935213684876,0.0136479884791107,0.350991124882581,0.267965322631138,0.169747617398322,0.211295935087959,2,-5279.39717752195
"binary_dense_n300_t01_r0023",TRUE,48,0.294131882265191,-0.667475602651017,8.02071393865265e-05,0.00498360717770956,0.429743690553047,0.179104490756769,0.177059251702217,0.214092566987968,2,-5784.22395840126
"linear_sparse_n300_t02_r0023",TRUE,45,0.37820988482533,-0.751772538309708,0,0.0127438862584173,0.887779102858468,0.0522201891651756,0.046086422558753,0.0139142854176033,2,-4371.44618616181
"confounded_sparse_n300_t02_r0023",TRUE,51,0.324435156349727,-0.7502531234811,0,0.014384224056766,0.890106879110789,0.0358889779842174,0.0507034630774533,0.02330067982754,2,-4468.40870026698
"binary_sparse_n300_t02_r0023",TRUE,30,0.32380615191336,-0.737368381967777,0,0.0197583711170788,0.91261083529569,0.0237684558435317,0.0441181933073295,0.0195025155534488,3,-5020.82048243482
"linear_dense_n300_t02_r0023",TRUE,26,0.317143205183352,-0.7553170223836,0,0.0140543768720036,0.421225537840304,0.189769421868658,0.222689833158602,0.166315207132436,2,-5206.55335725272
"confounded_dense_n300_t02_r0023",TRUE,99,0.277076161724191,-0.748037319415752,0.00424578209915759,0.0121178366428272,0.426718284048083,0.194255923491396,0.208043485080399,0.170982307380121,3,-5253.6956601796
"binary_dense_n300_t02_r0023",TRUE,124,0.272590243352427,-0.758499965397031,0.00711274925316345,0.0126639368922735,0.407761396541387,0.204369582468035,0.143430646170648,0.24443837481993,3,-5840.25895127119
"linear_sparse_n300_t03_r0023",TRUE,30,0.43823928039261,-0.943200711503359,0,0.0110904838840042,0.872982537213895,0.0530174627714786,0.0517398664091862,0.0222601336054403,3,-4499.1553656714
"confounded_sparse_n300_t03_r0023",TRUE,5,0.449016324430493,-0.941990683823633,0,0.0205101319587744,0.879694795576721,0.0493051600534721,0.0593680612982861,0.0116319830715209,1,-4451.35163999178
"binary_sparse_n300_t03_r0023",TRUE,22,0.433257113788925,-0.942603327756046,0,0.0153481504673795,0.906256042025032,0.0339216139565841,0.0404953441313601,0.019326999887024,3,-5090.30375201844
"linear_dense_n300_t03_r0023",TRUE,50,0.369191723397836,-0.955561680698911,0.00809958582174888,0.0126914772066276,0.37876752877201,0.24523247105713,0.19635318337608,0.179646816794781,3,-5243.83683780273
"confounded_dense_n300_t03_r0023",TRUE,37,0.388779599563647,-0.948717068382131,0.00183225712602964,0.0142477399176993,0.375016223652547,0.209983775141041,0.200623605610785,0.214376395595626,2,-5352.78631281639
"binary_dense_n300_t03_r0023",TRUE,37,0.37671070596747,-0.952433596592742,0.0046923922130196,0.00951371819223492,0.40923703461485,0.193287840023057,0.183467519689703,0.21400760567239,2,-5886.94705826336
"linear_sparse_n300_t01_r0024",TRUE,61,0.14759751465585,-0.665056877014265,0.0121247534207546,0.0120101633370141,0.89611673112886,0.0408320523665877,0.0247799276489458,0.038271288855606,2,-4324.72339171984
"confounded_sparse_n300_t01_r0024",TRUE,59,0.265564511831299,-0.644977545448033,0,0.00863894518268218,0.912657959870329,0.0243395368980026,0.0512722705019293,0.011730232729739,3,-4409.99136818963
"binary_sparse_n300_t01_r0024",TRUE,17,0.293593134700091,-0.625505788491792,0,0.0151908901248073,0.852877990312571,0.0802933712003711,0.0526326581521021,0.0141959803349556,2,-5181.35457416457
"linear_dense_n300_t01_r0024",TRUE,151,0.231793518398785,-0.651851821187439,0.00447781223101164,0.0127527261596836,0.410181466571888,0.223787718557985,0.16608307014567,0.199947744724457,2,-5146.27467520753
"confounded_dense_n300_t01_r0024",TRUE,111,0.271348155584477,-0.637958293903192,0.00684581151112625,0.0129471348326197,0.398186405946285,0.202580644972792,0.216387592336616,0.182845356744307,3,-5206.75795293493
"binary_dense_n300_t01_r0024",TRUE,148,0.25194774891346,-0.657328876472564,0.00526291926108502,0.0134663689421093,0.384558353993305,0.214439715649168,0.190828270493849,0.210173659863677,3,-5787.63108064754
"linear_sparse_n300_t02_r0024",TRUE,137,0.112181975848681,-0.719141572357986,0.0545331308589782,0.0103132575084735,0.855430091898296,0.086569711761926,0.0489664627368014,0.00903373360297614,2,-4351.0063076582
"confounded_sparse_n300_t02_r0024",TRUE,78,0.326792235660494,-0.744671675617265,0.00681488418727639,0.0182684211862489,0.894187657244893,0.0498242909006293,0.049026659799662,0.00696139205481592,1,-4360.55809546975
"binary_sparse_n300_t02_r0024",TRUE,204,0.163247618188049,-0.749454681819774,0.012286102853876,0.0156158786197094,0.828561342854231,0.108010432640305,0.0325827290874031,0.0308454954180612,2,-5061.67375861604
"linear_dense_n300_t02_r0024",TRUE,515,0.185899263106102,-0.750068931637311,0.0245513444673171,0.0118371588940528,0.286475150950961,0.32551890019884,0.0599394078714567,0.328066540978742,1,-5257.52143192274
"confounded_dense_n300_t02_r0024",TRUE,92,0.296866951191663,-0.741680327119074,0.00339850098291842,0.0129820374589947,0.382035624643628,0.22846135862522,0.187901247187495,0.201601769543656,1,-5246.94478713573
"binary_dense_n300_t02_r0024",TRUE,37,0.321474592301144,-0.750364242899398,0,0.0129418056966489,0.401295219768754,0.199846484769844,0.182500420931934,0.216357874529468,3,-5917.34792767289
"linear_sparse_n300_t03_r0024",TRUE,109,0.312279634212978,-0.974827804786888,0.0103554410768382,0.0111685491922958,0.843138365993206,0.085861634002817,0.0392865529539351,0.0317134470500419,2,-4372.80914672961
"confounded_sparse_n300_t03_r0024",TRUE,88,0.298551979677951,-0.913948616932073,0.00321442859782851,0.0133461054134899,0.841746734018141,0.0802532657406493,0.0453871826953237,0.0326128175458859,3,-4547.78011629846
"binary_sparse_n300_t03_r0024",TRUE,22,0.280136826654819,-0.944323599834626,0.000528508320611187,0.0176001239031356,0.852245974294651,0.0636389147182518,0.0588414042868033,0.0252737067002943,2,-5296.30781603596
"linear_dense_n300_t03_r0024",TRUE,38,0.387108191276632,-0.951407933118082,0.00498110833566498,0.0145184097193351,0.430226703598479,0.151773282309535,0.200733617715425,0.217266396376561,2,-5309.19712205214
"confounded_dense_n300_t03_r0024",TRUE,49,0.395339047629549,-0.959331457444277,0.00225141285909461,0.01529327443497,0.389700976085376,0.206299020529242,0.201214902298143,0.202785101087239,2,-5405.87172374123
"binary_dense_n300_t03_r0024",TRUE,41,0.377882284867795,-0.952058322497922,0.00610170165279434,0.0161569189337281,0.391633206845654,0.208772908597822,0.172898886234988,0.226694998321537,3,-5947.36721354949
"linear_sparse_n300_t01_r0025",TRUE,31,0.213764631133482,-0.661831460083058,0.015677976702207,0.0144561347537126,0.877031490126976,0.046738760486672,0.0562466218794373,0.0199831275069148,2,-4406.09525512448
"confounded_sparse_n300_t01_r0025",TRUE,411,0.102039993090887,-0.666628508741659,0.00285374073338351,0.0116725306945028,0.815641278779271,0.113344268103971,0.0124088341123549,0.058605619004404,3,-4358.50630579508
"binary_sparse_n300_t01_r0025",TRUE,102,0.238134940857584,-0.655707968102832,0,0.00507986339967982,0.891263779476645,0.0481202491323438,0.0428575644115306,0.017758406979481,3,-5002.72046110125
"linear_dense_n300_t01_r0025",TRUE,81,0.252240358548264,-0.652517889309986,0,0.0126940792624925,0.375034606868446,0.217228201245164,0.210289246561215,0.197447945325175,1,-5413.49138866538
"confounded_dense_n300_t01_r0025",TRUE,196,0.205035605806187,-0.646521462457362,0.0119417126904451,0.0135525224169136,0.344128552844195,0.268907730751969,0.16250332568468,0.224460390719157,3,-5191.67257447676
"binary_dense_n300_t01_r0025",TRUE,240,0.209448549286834,-0.641772178896722,0.0111510063689611,0.0108557978890794,0.323721559447078,0.258018563693106,0.142598121155727,0.275661755704089,3,-5726.62116182425
"linear_sparse_n300_t02_r0025",TRUE,216,0.180347749712929,-0.751030875279566,0.0134414552948032,0.0120011292706795,0.83386327791082,0.103136004853908,0.031128038608255,0.0318726786270174,3,-4481.45067054311
"confounded_sparse_n300_t02_r0025",TRUE,46,0.310691791683399,-0.75182491054932,0,0.0158788281216055,0.872482220840671,0.054514087055068,0.0559744138186288,0.0170292782856321,3,-4448.44841363863
"binary_sparse_n300_t02_r0025",TRUE,68,0.264152696061959,-0.733316907766678,0.00309540189153056,0.0107964429119866,0.846083674887628,0.0788180822563954,0.0544607180876449,0.0206375247683314,2,-5039.95135609501
"linear_dense_n300_t02_r0025",TRUE,65,0.31465293196016,-0.75384293438006,0.00102366419864325,0.0146066050043675,0.389811953982778,0.20918313390567,0.240922419648076,0.160082492463476,3,-5373.10746342314
"confounded_dense_n300_t02_r0025",TRUE,34,0.340268926723883,-0.749763092349983,0,0.0119229499196931,0.417001234619211,0.189997355591718,0.227696468522355,0.165304941266715,1,-5373.93359859994
"binary_dense_n300_t02_r0025",TRUE,62,0.330840517559256,-0.758155877554319,0.0036333887901494,0.00639122688271368,0.416847228737159,0.17185483547762,0.213218093022632,0.19807984276259,1,-5804.8626743184
"linear_sparse_n300_t03_r0025",TRUE,17,0.444784545964067,-0.940923179495423,0,0.0144324265705396,0.890044236096277,0.0329557632243208,0.0510374556741409,0.0259625450052612,1,-4413.57736396486
"confounded_sparse_n300_t03_r0025",TRUE,140,0.270205938727768,-0.954717645184361,0.0228934851252954,0.0124362810345355,0.847094373331318,0.078905626622799,0.0516559021250654,0.0223440979208173,3,-4392.39174072126
"binary_sparse_n300_t03_r0025",TRUE,12,0.440203619834124,-0.956548273842895,0.0343474536955324,0.0101514717438284,0.879269922198451,0.0426939020844012,0.0630965287210576,0.0149396469960898,2,-5246.84236340524
"linear_dense_n300_t03_r0025",TRUE,49,0.379687507247881,-0.959965366314624,0.00122674737730468,0.0141301825143201,0.409693890498862,0.199306108888845,0.234017310213157,0.156982690399136,2,-5367.38327949137
"confounded_dense_n300_t03_r0025",TRUE,61,0.363021132147475,-0.964118367626491,0.00734200307398641,0.0116858439924412,0.378570912224005,0.212429087697293,0.192270904127247,0.216729095951455,3,-5329.52483430173
"binary_dense_n300_t03_r0025",TRUE,22,0.386948423272046,-0.968540219597205,0,0.0167536356525116,0.384792784416723,0.194532015952983,0.211363448221643,0.209311751408651,3,-5958.07194765948
"linear_sparse_n300_t01_r0026",TRUE,28,0.155447959276491,-0.657698593025121,0,0.00839307669023143,0.84489179805414,0.0921078573072035,0.0408731075778893,0.0221272370607668,2,-4344.00635550205
"confounded_sparse_n300_t01_r0026",TRUE,150,0.231545845278284,-0.63896787163972,0.00360989245968353,0.0084037966711231,0.816680345559961,0.106317605964496,0.044800634436338,0.0322014140392053,2,-4412.82534647425
"binary_sparse_n300_t01_r0026",TRUE,156,0.165600995975743,-0.644624261302136,0,0.00776092594307888,0.824171686654356,0.094162438912289,0.0448655963082727,0.0368002781250824,3,-5120.5769362986
"linear_dense_n300_t01_r0026",TRUE,44,0.280418509242174,-0.642791556663033,0,0.0155044145159718,0.422402319519661,0.171505388884375,0.217202964206031,0.188889327389933,1,-5310.7313173414
"confounded_dense_n300_t01_r0026",TRUE,58,0.29668474229789,-0.657395074352697,0.000770572305028663,0.0130461989856852,0.426852642868303,0.166833387418384,0.217148349814321,0.189165619898993,2,-5293.16402340319
"binary_dense_n300_t01_r0026",TRUE,37,0.307138865012111,-0.653813457206609,0,0.0135144477037312,0.451686269305304,0.158921674847059,0.225760731502544,0.163631324345092,3,-5769.70392047735
"linear_sparse_n300_t02_r0026",TRUE,37,0.379116170256591,-0.750929500142684,0,0.0133705676280602,0.883000732530262,0.0459987914833013,0.0673021499172959,0.00369832606914089,3,-4522.67947870665
"confounded_sparse_n300_t02_r0026",TRUE,15,0.38049231972092,-0.726567964533461,0,0.00893661811500646,0.890492668047144,0.0455072832574151,0.0507058655937187,0.0132941831017218,1,-4554.1582308024
"binary_sparse_n300_t02_r0026",TRUE,47,0.327189909318667,-0.739197388278609,0,0.0117465315345811,0.879082869929997,0.0493010997327601,0.0452861371268078,0.0263298932104355,2,-5063.75502884932
"linear_dense_n300_t02_r0026",TRUE,39,0.297184448548358,-0.742826151424626,0,0.0136204306830222,0.413415279876459,0.198494027774964,0.213017191808091,0.175073500540486,3,-5282.81098334947
"confounded_dense_n300_t02_r0026",TRUE,139,0.27585017979081,-0.739729397094698,0.0108764119867989,0.0120346951477446,0.341586650946724,0.238474035733557,0.184816263965508,0.235123049354211,1,-5283.86846592103
"binary_dense_n300_t02_r0026",TRUE,143,0.281094854971519,-0.755247143344903,0.00800249243252754,0.0113518808771943,0.383554264727581,0.208424269420912,0.166152726508052,0.241868739343455,1,-5870.76458618472
"linear_sparse_n300_t03_r0026",TRUE,32,0.396171295379335,-0.972435245067861,0,0.0117764318973001,0.89099637058272,0.0470036294120804,0.0425820781648583,0.0194179218403415,3,-4441.70373825638
"confounded_sparse_n300_t03_r0026",TRUE,24,0.446507591140298,-0.95500222666695,0.00118045100160161,0.00865876523935983,0.906981922266518,0.0240180777333704,0.0568460979565912,0.0121539020435206,3,-4445.47968425396
"binary_sparse_n300_t03_r0026",TRUE,27,0.403365047657188,-1.02421132417019,0,0.0248722766332843,0.86815224277401,0.0586925630506879,0.0610391501966301,0.0121160439786715,2,-5187.54338967638
"linear_dense_n300_t03_r0026",TRUE,113,0.348953086841187,-0.9491051647423,0.0144296597806024,0.0119181075770689,0.406155860136388,0.213844137134064,0.157470183452598,0.222529819276951,1,-5431.02509083627
"confounded_dense_n300_t03_r0026",TRUE,24,0.393353352429985,-0.956647904820259,0,0.0149224368143863,0.380739626574765,0.180260372035434,0.211604283044825,0.227395718344975,3,-5421.54599648029
"binary_dense_n300_t03_r0026",TRUE,36,0.373598320797177,-0.933208722242345,0.00138057108234819,0.00775603231922593,0.402914632299437,0.1983864324254,0.218835000736837,0.179863934538326,1,-5855.16093684534
"linear_sparse_n300_t01_r0027",TRUE,51,0.258071712168971,-0.652764668323454,0,0.0114717887467237,0.87210708245653,0.0448915480454293,0.0523476737638843,0.0306536957341561,1,-4534.21772621246
"confounded_sparse_n300_t01_r0027",TRUE,72,0.321315456735733,-0.668675849116697,0,0.0122779582417039,0.909077433862439,0.0119270469283686,0.0578109734502887,0.0211845457589037,3,-4501.63999933228
"binary_sparse_n300_t01_r0027",TRUE,87,0.449353622065141,-0.652681616071516,0,0.00958141454422086,0.915796387566413,0.0104487881576338,0.0590090901258867,0.0147457341500665,2,-5104.59592926565
"linear_dense_n300_t01_r0027",TRUE,37,0.307492182325477,-0.647068682303236,0,0.013602178781743,0.409410846329025,0.157494249575133,0.268639038076184,0.164455866019658,3,-5266.6868785058
"confounded_dense_n300_t01_r0027",TRUE,223,0.217124595292686,-0.653740929184136,0.0135866622022779,0.0147468111143831,0.327826012448947,0.269983571432574,0.154154163094216,0.248036253024263,2,-5248.49575749769
"binary_dense_n300_t01_r0027",TRUE,46,0.309288899966612,-0.644298756624063,0,0.0140217069488355,0.442224381205305,0.149370800714432,0.269032160614564,0.139372657465699,2,-5889.63013023174
"linear_sparse_n300_t02_r0027",TRUE,116,0.303155888261938,-0.738879966469382,0.0229287709932238,0.0175763446501273,0.873400725195688,0.056594098186556,0.0454048545376745,0.0246003220800815,1,-4439.3827676242
"confounded_sparse_n300_t02_r0027",TRUE,60,0.331456617026629,-0.760223323271703,0,0.0150255795730177,0.880564091901984,0.0434319579846955,0.0599713926182038,0.0160325574951167,2,-4504.18053706603
"binary_sparse_n300_t02_r0027",TRUE,134,0.222634524590769,-0.756932547976852,0,0.0046872311429773,0.880478537916308,0.0511869455659764,0.042093295595316,0.0262412209223999,3,-5070.14149781893
"linear_dense_n300_t02_r0027",TRUE,132,0.278445158614382,-0.744266752520439,0.0111630269153718,0.0127101682836894,0.401845003256807,0.213118169474334,0.182250917475825,0.202785909793034,2,-5227.48687026374
"confounded_dense_n300_t02_r0027",TRUE,74,0.297432464669228,-0.75822038991316,0.0037520514397771,0.0119018650619116,0.3833108759432,0.195687167217835,0.214477972074973,0.206523984763992,2,-5222.64423930614
"binary_dense_n300_t02_r0027",TRUE,122,0.291383507707442,-0.748968259859261,0.0100433642331032,0.0147438439307044,0.374663232264907,0.223978712330903,0.189761902543253,0.211596152860938,2,-5867.06009857404
"linear_sparse_n300_t03_r0027",TRUE,11,0.400714036385806,-0.945070844107083,0,0.0136500437014415,0.876317005929303,0.053682993799689,0.0634863771782639,0.00651362309274385,1,-4418.83848531467
"confounded_sparse_n300_t03_r0027",TRUE,24,0.394121333368074,-0.941147737594061,0,0.0193062748091225,0.883732314476042,0.0462676519401015,0.0590544694536881,0.010945564130168,1,-4525.89170618815
"binary_sparse_n300_t03_r0027",TRUE,52,0.304558692738101,-0.913085157182967,0,0.00812683479760094,0.840231987903018,0.0865472338715913,0.0550224023659398,0.0181983758594513,3,-5109.46887476621
"linear_dense_n300_t03_r0027",TRUE,20,0.382915663540824,-0.948402537913456,0,0.0149633996735557,0.436795247065867,0.159204751342558,0.218444919854763,0.185555081736812,1,-5312.92536575297
"confounded_dense_n300_t03_r0027",TRUE,46,0.392329461943687,-0.943327741040944,0.00595798385567882,0.0138071253152877,0.425050663466556,0.188949334699291,0.221701423300728,0.164298578533424,3,-5302.84608638165
"binary_dense_n300_t03_r0027",TRUE,32,0.417875830494643,-0.952419389875502,0.000843101262881069,0.0106787222622555,0.364490224341346,0.218516625830463,0.225022826733317,0.191970323094875,1,-6028.03108459821
"linear_sparse_n300_t01_r0028",TRUE,35,0.322495287225116,-0.691548905311675,0,0.0123338773420704,0.888670486320489,0.0483285860307321,0.0326990249285089,0.03030190272027,3,-4300.4761188887
"confounded_sparse_n300_t01_r0028",TRUE,38,0.251475822055427,-0.635287615337975,0,0.0129401548221227,0.888356010625584,0.0485789876838667,0.044915509642566,0.0181494920479828,1,-4425.15541944903
"binary_sparse_n300_t01_r0028",TRUE,768,0.132837148157585,-0.683246059772512,0.0109356692216786,0.000527251370012681,0.807124931026036,0.117213233479731,0.008552461823331,0.0671093736709015,2,-5143.35870655282
"linear_dense_n300_t01_r0028",TRUE,309,0.1720964893698,-0.667718144633193,0.0178414463526714,0.0118893798831572,0.317582330122602,0.298346235931993,0.126329234750294,0.257742199195112,1,-5195.37433452353
"confounded_dense_n300_t01_r0028",TRUE,362,0.178049341557674,-0.657317394819854,0.0250618911152672,0.0122333595127146,0.288762041979392,0.2892288005201,0.113916125844216,0.308093031656292,2,-5248.48077999569
"binary_dense_n300_t01_r0028",TRUE,131,0.261900023029253,-0.641698991357186,0.00524693810643401,0.0121851796405559,0.360984888377238,0.219551238806926,0.23138973534338,0.188074137472456,3,-5794.65971741799
"linear_sparse_n300_t02_r0028",TRUE,129,0.205877341766124,-0.780369132409737,0.0141491523294353,0.0109602776762572,0.846487007797479,0.0845580185474286,0.0512356423389216,0.0177193313161712,2,-4563.53802242837
"confounded_sparse_n300_t02_r0028",TRUE,53,0.327548024223284,-0.749251194253471,0,0.0166130070353298,0.869405689945178,0.0645765934307485,0.0455441569592656,0.0204735596648083,3,-4624.64046219884
"binary_sparse_n300_t02_r0028",TRUE,171,0.0808953714101358,-0.749464508304991,0.0425516874348368,0.00937080390533566,0.817772133218165,0.130148686141748,0.0174304064760142,0.0346487741640726,2,-4986.69131952939
"linear_dense_n300_t02_r0028",TRUE,738,0.194841411359823,-0.746417278608302,0.0280724815621773,0.0113552346709749,0.373404655249022,0.239594980127789,0.102453611840847,0.284546752782342,1,-5256.29280587647
"confounded_dense_n300_t02_r0028",TRUE,65,0.29577979849167,-0.752688384632116,0.00346422412419286,0.0117802790524216,0.38798351370943,0.170016133030684,0.210500729061823,0.231499624198064,2,-5261.96401238835
"binary_dense_n300_t02_r0028",TRUE,30,0.335862424439034,-0.755522961441248,8.06607406112516e-06,0.0151530928695274,0.457299065673513,0.161670567233345,0.192458275487293,0.188572091605849,1,-5832.30523570671
"linear_sparse_n300_t03_r0028",TRUE,104,0.328814376275924,-0.95574192693276,0.0189885425811133,0.0118085585459002,0.915508317467181,0.0274916824791101,0.0380024343395396,0.018997565714169,3,-4373.62853306829
"confounded_sparse_n300_t03_r0028",TRUE,73,0.360565543943676,-0.922544036731949,0.0206773304231255,0.0119035236500097,0.881634216211557,0.0543657836545173,0.0448103176509627,0.0191896824829634,2,-4369.80631250647
"binary_sparse_n300_t03_r0028",TRUE,15,0.400265168912223,-0.957437376227963,0.0125767019815749,0.0155585167416186,0.883210056640655,0.0497475953530852,0.0491781886963626,0.0178641593098974,2,-5115.68132562916
"linear_dense_n300_t03_r0028",TRUE,68,0.357779467513225,-0.94368626894299,0.00553109159996832,0.0145725866035705,0.385492754855354,0.202507243781645,0.195553125644679,0.216446875718322,1,-5410.07615489494
"confounded_dense_n300_t03_r0028",TRUE,27,0.380765677885847,-0.954918728917483,0,0.0123253414080299,0.387475289910644,0.208524710058266,0.202573398560201,0.201426601470889,1,-5422.64517283444
"binary_dense_n300_t03_r0028",TRUE,36,0.406630066190039,-0.943984483021931,0.00310219014437348,0.0176651330084679,0.428037409697564,0.199380307980263,0.185389801567402,0.187192480754771,3,-5974.87957288253
"linear_sparse_n300_t01_r0029",TRUE,139,0.137506103755793,-0.647793557523679,0,0.0165658557879555,0.825722202472346,0.117212248271854,0.0370680403759906,0.0199975088798094,2,-4475.83150235319
"confounded_sparse_n300_t01_r0029",TRUE,13,0.264412974208567,-0.629663885253976,0,0.0168062831113311,0.853804305035122,0.0831075360124729,0.0349791415786969,0.0281090173737082,2,-4413.37386324713
"binary_sparse_n300_t01_r0029",TRUE,71,0.225903159480854,-0.653861723436033,0,0.00486317414886316,0.883962431106406,0.0452593414136929,0.0557586496690268,0.0150195778108738,1,-5204.09138273612
"linear_dense_n300_t01_r0029",TRUE,134,0.246941468307791,-0.646012147729128,0.00351489719265288,0.0140500934207429,0.401504067968411,0.221523685227524,0.172715669058505,0.20425657774556,3,-5257.36301782104
"confounded_dense_n300_t01_r0029",TRUE,818,0.152262309995438,-0.652059042161839,0.0201600625599206,0.0143294124285185,0.346837594589545,0.307960967122349,0.0394500308925233,0.305751407395582,1,-5266.66472338506
"binary_dense_n300_t01_r0029",TRUE,605,0.171668701843386,-0.65530563396878,0.0157475671623653,0.00772950315601428,0.34485127889055,0.248891745072188,0.0758034038911922,0.330453572146069,1,-5702.89061377319
"linear_sparse_n300_t02_r0029",TRUE,53,0.370262971004255,-0.744108546554016,0,0.010338849071676,0.904789534201248,0.035209206861232,0.0494909916721062,0.0105102672654141,2,-4397.04686595352
"confounded_sparse_n300_t02_r0029",TRUE,78,0.34064372838712,-0.7417958621567,0,0.0152071134380463,0.903270479810539,0.0267277761902412,0.0512503407378419,0.0187514032613782,2,-4442.89477662854
"binary_sparse_n300_t02_r0029",TRUE,266,0.203637469310611,-0.69267237957218,0.0136504839250273,0.0204860067407569,0.805171833351575,0.120365151935689,0.0400624111803049,0.0344006035324316,3,-5164.10072521147
"linear_dense_n300_t02_r0029",TRUE,99,0.290696961708,-0.757191084934486,0.00826591592111381,0.0139501484358195,0.430145005403173,0.170845337098596,0.192637241357878,0.206372416140354,1,-5284.61738437211
"confounded_dense_n300_t02_r0029",TRUE,111,0.27442924290055,-0.755487850142293,0.00486440878867772,0.0144702830799217,0.420427390460779,0.168424517129029,0.166121370130194,0.245026722279998,1,-5315.01495542555
"binary_dense_n300_t02_r0029",TRUE,250,0.248455238491326,-0.74471164776509,0.0156139008362578,0.0157897699492379,0.41007351888696,0.212756598640404,0.153194268419263,0.223975614053372,1,-5846.63287006636
"linear_sparse_n300_t03_r0029",TRUE,35,0.409424269277602,-0.939376200954659,0.00475737074932349,0.0118977602425179,0.877605378573575,0.0563946213884046,0.0453584862884545,0.0206415137495662,2,-4483.01801748044
"confounded_sparse_n300_t03_r0029",TRUE,98,0.347308694698607,-0.97582005835502,0.00659975007931873,0.0176662561163131,0.839996898834418,0.0910030890254114,0.042067612118091,0.0269324000220797,3,-4572.19448414088
"binary_sparse_n300_t03_r0029",TRUE,172,0.316968945192686,-0.969049465300904,0.0155623704806917,0.019617823629233,0.850691053553296,0.0873751635085756,0.0428979984444852,0.0190357844936434,3,-5256.89917987457
"linear_dense_n300_t03_r0029",TRUE,28,0.396197879884907,-0.951871126350955,0.00102922743665145,0.0130557630736378,0.408072397494473,0.183927601672868,0.194749801604259,0.2132501992284,2,-5325.26501039561
"confounded_dense_n300_t03_r0029",TRUE,52,0.380381997393859,-0.949638095896803,0.00829115503220105,0.0138264915519495,0.404209180124575,0.18979057343798,0.201149720330496,0.204850526106949,3,-5397.40742733442
"binary_dense_n300_t03_r0029",TRUE,26,0.404116047416278,-0.943689248110894,0,0.0183296847030608,0.386911527446307,0.235279656964562,0.203218879903632,0.174589935685499,3,-6101.95044167502
"linear_sparse_n300_t01_r0030",TRUE,55,0.276154328169826,-0.645368228879538,0,0.010055969778698,0.897041547564736,0.0419572817568824,0.0351567171405852,0.0258444535377968,3,-4371.85536678326
"confounded_sparse_n300_t01_r0030",TRUE,52,0.298036524571646,-0.63574568212864,0,0.010993671275062,0.861493076078908,0.0635016488491131,0.058126387827275,0.0168788872447035,3,-4428.813462026
"binary_sparse_n300_t01_r0030",TRUE,22,0.31806922024936,-0.663176785867321,0.00543115456843888,0.00215471916961514,0.91082320125981,0.0352864555849612,0.0327941515574993,0.0210961915977293,1,-4893.67625653581
"linear_dense_n300_t01_r0030",TRUE,40,0.256914273704491,-0.655107144973982,0,0.0124828217414176,0.422936028215183,0.175374154549351,0.188051111621604,0.213638705613862,2,-5135.313366852
"confounded_dense_n300_t01_r0030",TRUE,259,0.20610496601813,-0.65404973769055,0.0194997599876529,0.0139954404526246,0.332447790149263,0.257499611941825,0.155513533005248,0.254539064903665,3,-5317.46398052692
"binary_dense_n300_t01_r0030",TRUE,182,0.247396965845132,-0.635238135901391,0.00889873318609873,0.0138775856022993,0.410007505495939,0.185572473288462,0.200413822996296,0.204006198219304,3,-5755.02018343382
"linear_sparse_n300_t02_r0030",TRUE,23,0.322233446671852,-0.742653202337051,0,0.0147207798429832,0.864318785015958,0.0646805540800043,0.0425288873852274,0.0284717735188107,2,-4407.98647313481
"confounded_sparse_n300_t02_r0030",TRUE,113,0.311001600917484,-0.760183803742926,0,0.0155230648183653,0.880806153150471,0.0491929958886829,0.0523561514233027,0.0176446995375439,2,-4517.75170217675
"binary_sparse_n300_t02_r0030",TRUE,36,0.297817579979126,-0.748681364824763,0,0.00426531222526445,0.878772927694438,0.055350325400829,0.0504154250185074,0.0154613218862256,1,-4985.78713259119
"linear_dense_n300_t02_r0030",TRUE,54,0.315290670493294,-0.747913744455557,0.00144884294651523,0.0144901990423919,0.399281276011205,0.183701856171821,0.185231189835573,0.231785677981401,1,-5340.32227778043
"confounded_dense_n300_t02_r0030",TRUE,35,0.324068875370791,-0.750680678083485,0,0.0140709668593571,0.407074529725338,0.176911172099534,0.250298231257589,0.16571606691754,3,-5366.02451354247
"binary_dense_n300_t02_r0030",TRUE,653,0.163932364519643,-0.747218340867905,0.0197790144532374,0.0109331228486648,0.284450136830288,0.334460228167962,0.0520125652795155,0.329077069722235,3,-5759.34599973623
"linear_sparse_n300_t03_r0030",TRUE,16,0.390620155416492,-0.971237237041935,0,0.0111520706793167,0.893674472511754,0.0423255274880366,0.037995335458235,0.0260046645419742,1,-4319.77322704102
"confounded_sparse_n300_t03_r0030",TRUE,25,0.392108090839513,-0.959608529825553,0.0017622095104505,0.0152262944157315,0.877996520532877,0.0430034781049258,0.0581278647706119,0.020872136591585,1,-4448.99465173799
"binary_sparse_n300_t03_r0030",TRUE,35,0.395415223211322,-0.942696722303087,0,0.0101933873585357,0.869779246014912,0.0551116547450374,0.0479890500995179,0.0271200491405324,3,-5255.51472030972
"linear_dense_n300_t03_r0030",TRUE,52,0.367879565621505,-0.946340934292243,0.00631493619695877,0.0122450185172573,0.401606230349201,0.200393767341022,0.198864110218752,0.199135892091026,2,-5343.28386270456
"confounded_dense_n300_t03_r0030",TRUE,39,0.387867051315906,-0.953848750000352,0.00384989744075351,0.0117637025186657,0.440350282167615,0.18964971781364,0.213910329385261,0.156089670633484,2,-5240.99913866066
"binary_dense_n300_t03_r0030",TRUE,21,0.402598634572227,-0.971694289338485,0,0.0132864245754912,0.377429920060586,0.219382188530372,0.244410428036923,0.158777463372119,2,-5971.06497047973
"linear_sparse_n300_t01_r0031",TRUE,72,0.259815819221462,-0.647795644180752,0,0.0165502302981168,0.903706048598881,0.0350302222746279,0.0307539335910457,0.0305097955354456,2,-4324.04706650504
"confounded_sparse_n300_t01_r0031",TRUE,109,0.197645356831532,-0.681216614310604,0,0.0122341334284747,0.806102208420297,0.124919146925265,0.0488048555487147,0.0201737891057229,1,-4515.94593367567
"binary_sparse_n300_t01_r0031",TRUE,31,0.294474756983793,-0.678822413242718,0,0.00520568004823032,0.874438867826225,0.047755774956614,0.0429199809117678,0.0348853763053936,1,-5093.75736991755
"linear_dense_n300_t01_r0031",TRUE,273,0.195869446998665,-0.642440079966207,0.00524992466873368,0.0131096155455549,0.287492534983395,0.28789778181956,0.154371013349405,0.27023866984764,3,-5242.99840006031
"confounded_dense_n300_t01_r0031",TRUE,65,0.239637265152925,-0.644882002262778,0,0.01487425728759,0.378876707828145,0.219300884366644,0.180875886383287,0.220946521421924,2,-5272.93566541013
"binary_dense_n300_t01_r0031",TRUE,159,0.229989424989648,-0.64545817509302,0.00521857252588159,0.0136504003190716,0.347446029801832,0.229732560358779,0.190799794537636,0.232021615301754,1,-5710.13335069484
"linear_sparse_n300_t02_r0031",TRUE,34,0.332547870101204,-0.755875398455723,0,0.0100561619830449,0.858260141009859,0.0707397784768874,0.0583359814896173,0.0126640990236361,2,-4443.40521141384
"confounded_sparse_n300_t02_r0031",TRUE,46,0.314798841272329,-0.72912492892558,0.000719021052027104,0.0151855528373129,0.876823227475008,0.0411719377967966,0.0477016934952335,0.0343031412329623,1,-4531.86556602663
"binary_sparse_n300_t02_r0031",TRUE,24,0.263940782477857,-0.736253965655736,0,0.0171260298727163,0.882907291629479,0.0319132591507762,0.0682847469353403,0.0168947022844042,1,-5227.97717830219
"linear_dense_n300_t02_r0031",TRUE,264,0.248511344118292,-0.756056437650361,0.0173264226546433,0.0166541343017848,0.404107778968391,0.217885040709058,0.11806621994969,0.259940960372861,2,-5294.38102923734
"confounded_dense_n300_t02_r0031",TRUE,51,0.310087462411749,-0.769547028179021,0.000387494438413764,0.0123725069209462,0.410388438487891,0.186611297172004,0.200463958466476,0.202536305873629,1,-5275.31635678112
"binary_dense_n300_t02_r0031",TRUE,148,0.223653491511638,-0.751333688769559,0.019159194034932,0.0113203931549554,0.336588207992258,0.244691177740848,0.132294627031895,0.286425987234998,3,-5739.38161330488
"linear_sparse_n300_t03_r0031",TRUE,36,0.369008767705162,-0.936777757567955,0,0.0118909274883322,0.872748942431246,0.0642510575485021,0.0483749736376374,0.0146250263826144,3,-4427.99687406399
"confounded_sparse_n300_t03_r0031",TRUE,112,0.241555449201507,-0.932774751832691,0.0211379013893939,0.018182167274981,0.870839198770952,0.0681607969646568,0.0291240904886194,0.0318759137757718,2,-4475.44036819906
"binary_sparse_n300_t03_r0031",TRUE,138,0.262203221348883,-0.974474194740582,0.0174561738699489,0.00550037513354702,0.863293821453532,0.0657104913869898,0.0290860994065523,0.0419095877529258,1,-5124.92846634836
"linear_dense_n300_t03_r0031",TRUE,99,0.334428964499302,-0.942566572348299,0.016695098686624,0.0112776181004359,0.335682817180697,0.277317182183748,0.174227983515498,0.212772017120057,3,-5290.53561606252
"confounded_dense_n300_t03_r0031",TRUE,58,0.350411050932362,-0.950272742289632,0.00650647726422923,0.0133384086876573,0.358674922953343,0.232325075570681,0.163514076899599,0.245485924576377,2,-5328.8115107043
"binary_dense_n300_t03_r0031",TRUE,42,0.382203880101697,-0.941054199197341,0.00268105658788263,0.0134800111158425,0.43290584103079,0.174024440267934,0.217841995313961,0.175227723387316,1,-5881.3183962739
"linear_sparse_n300_t01_r0032",TRUE,55,0.30881858322795,-0.645386773026364,0,0.0110725386203992,0.877567128550648,0.0504303363269466,0.0587390238469104,0.0132635112754952,3,-4439.99583096729
"confounded_sparse_n300_t01_r0032",TRUE,40,0.153561009194994,-0.640425935043124,0,0.0151829822303095,0.856418902836539,0.0735590690638762,0.0444112740493674,0.0256107540502175,2,-4504.38173792605
"binary_sparse_n300_t01_r0032",TRUE,41,0.293639695403727,-0.607939496760737,0,0.0102561502180584,0.884204482519543,0.0454286227445799,0.049088430339546,0.0212784643963316,2,-4969.19876000976
"linear_dense_n300_t01_r0032",TRUE,87,0.25645111135529,-0.647113011667058,0.00161460200232748,0.0163166642953746,0.42043823977574,0.188148380480772,0.210892521000458,0.18052085874303,3,-5133.139725213
"confounded_dense_n300_t01_r0032",TRUE,48,0.262718705722338,-0.655839203552639,0,0.0129963436096205,0.402202417178798,0.201375933648964,0.179732709065313,0.216688940106925,3,-5237.29839359014
"binary_dense_n300_t01_r0032",TRUE,128,0.251956811888052,-0.665060088579099,0.00581530069611726,0.0135105726872791,0.438021748730579,0.199961548420765,0.142301931192779,0.219714771655877,1,-5706.86437464016
"linear_sparse_n300_t02_r0032",TRUE,189,0.15099581667792,-0.754831651394758,0.0422989294613883,0.0119821513322933,0.842497614604484,0.0815023324658167,0.036833671807985,0.0391663811217145,1,-4360.40552221961
"confounded_sparse_n300_t02_r0032",TRUE,22,0.262884316145093,-0.783991246090407,0,0.018313438506058,0.849368855526226,0.0696277029131413,0.0479752720087283,0.0330281695519046,2,-4373.765840806
"binary_sparse_n300_t02_r0032",TRUE,32,0.341207881975344,-0.786890623848102,0,0,0.892099421714477,0.0513406000748962,0.037370225346901,0.0191897528637254,2,-5041.40016121043
"linear_dense_n300_t02_r0032",TRUE,220,0.249515455571379,-0.75114460833879,0.0117348295512397,0.0128301040031624,0.312808705159083,0.257182038543137,0.131276407974707,0.298732848323074,1,-5368.31138901966
"confounded_dense_n300_t02_r0032",TRUE,29,0.307335059089933,-0.75407220261198,0,0.0111886986369805,0.393964573415083,0.191035306590126,0.227885226445315,0.187114893549477,2,-5204.06649432549
"binary_dense_n300_t02_r0032",TRUE,89,0.300725046038451,-0.745988887107558,0.0068009997848904,0.0108497300915631,0.400304635608173,0.189019381217739,0.202061944397429,0.208614038776659,2,-5799.91364779334
"linear_sparse_n300_t03_r0032",TRUE,30,0.41072132788939,-0.952108079341211,0,0.015352483019049,0.881328842797841,0.0526711507570426,0.0474092247393403,0.0185907817057763,3,-4528.97990973412
"confounded_sparse_n300_t03_r0032",TRUE,24,0.363878947358305,-0.96653707245235,0,0.0145882930180377,0.86010755741795,0.0778924415004994,0.0379917082640702,0.0240082928174806,2,-4473.66552851418
"binary_sparse_n300_t03_r0032",TRUE,103,0.295626594638189,-0.985253597115608,0.00946334432591009,0.0162108366707805,0.825783233833315,0.0953004361323199,0.0589045146279275,0.0200118154064372,2,-5217.22246791949
"linear_dense_n300_t03_r0032",TRUE,59,0.371522522140169,-0.960307558296183,0.00719226118646459,0.0153439264837986,0.409562837707363,0.213437160707982,0.17554266270237,0.201457338882284,1,-5379.42848864466
"confounded_dense_n300_t03_r0032",TRUE,45,0.400440723720148,-0.960768904736248,0.00194588735457152,0.0133476046201815,0.422516350853313,0.178483648712087,0.230136668008709,0.16886333242589,3,-5394.70562100151
"binary_dense_n300_t03_r0032",TRUE,50,0.366445300462383,-0.947883834731798,0.00809885944414913,0.0117204339108051,0.371172341722482,0.207454020442421,0.201774417997534,0.219599219837562,2,-5927.8826725303
"linear_sparse_n300_t01_r0033",TRUE,103,0.166266746249647,-0.64748713678655,0.00513413378883176,0.0139938485974887,0.889162293875795,0.0327895740599702,0.0226886123655654,0.0553595196986694,2,-4473.80314496051
"confounded_sparse_n300_t01_r0033",TRUE,159,0.181755760317946,-0.62015175754498,0.0102393081057652,0.0154923649583773,0.856376393630787,0.0789593527663746,0.0161171780270767,0.0485470755757622,2,-4462.78851486284
"binary_sparse_n300_t01_r0033",TRUE,65,0.250460075944051,-0.672587781496296,0,0.017363205821125,0.875536778753506,0.0538362604684088,0.0386303316012952,0.0319966291767903,3,-5177.06841847339
"linear_dense_n300_t01_r0033",TRUE,56,0.253123471673905,-0.65519836289192,0,0.0140160975610718,0.373493807245292,0.243307887266539,0.151861226561568,0.231337078926602,3,-5220.06881226364
"confounded_dense_n300_t01_r0033",TRUE,35,0.304252667466892,-0.661705780156132,0,0.0131579961974928,0.46219236029777,0.147593038441578,0.188537321992605,0.201677279268046,2,-5195.47315527764
"binary_dense_n300_t01_r0033",TRUE,177,0.229274739108707,-0.652315662336275,0.0071425802893914,0.0120378203413551,0.352779685730167,0.251938080603831,0.184801006681574,0.210481226984428,2,-5726.01376116419
"linear_sparse_n300_t02_r0033",TRUE,17,0.31526060356585,-0.766360699696012,0,0.0134378217968533,0.911130352628817,0.0268688340193357,0.0357370665021177,0.0262637468497293,1,-4342.49150279731
"confounded_sparse_n300_t02_r0033",TRUE,42,0.442012178203251,-0.722662943426649,0,0.00984109199634779,0.894014142049084,0.0309827895663251,0.0632101087140829,0.0117929596705079,1,-4471.31824330859
"binary_sparse_n300_t02_r0033",TRUE,128,0.245171354308799,-0.707956646283554,0.00642539471950245,0.0108346968624591,0.863133304139159,0.0689648873252295,0.0434830338800448,0.0244187746555668,3,-5054.44694809271
"linear_dense_n300_t02_r0033",TRUE,45,0.296758895941736,-0.755396939633992,0,0.013415684871513,0.43718389863158,0.16580942799968,0.181840346638091,0.21516632673065,3,-5296.96648660501
"confounded_dense_n300_t02_r0033",TRUE,105,0.297602294566459,-0.748116305969907,0.00663782234245667,0.0118462532611933,0.396302606021169,0.202698871551526,0.187476391672006,0.213522130755299,1,-5288.38711969989
"binary_dense_n300_t02_r0033",TRUE,82,0.295644854614149,-0.751534411872123,0.00737090582549634,0.010930513945048,0.414603119120675,0.200604614799754,0.184738665563853,0.200053600515717,1,-5749.53090719679
"linear_sparse_n300_t03_r0033",TRUE,17,0.307762828418397,-0.957484933465926,0.0243145579249582,0.0153485767451331,0.88529336338143,0.0397066354405586,0.0598297127843162,0.0151702883936953,2,-4341.91705277456
"confounded_sparse_n300_t03_r0033",TRUE,29,0.354903690282882,-0.961677346677925,0,0.0143105888588431,0.874637454688896,0.0503625423403529,0.050828713140932,0.024171289829819,3,-4365.57534246823
"binary_sparse_n300_t03_r0033",TRUE,38,0.340471231482372,-0.93862502797833,0,0.0135971634011166,0.865327484887195,0.0734859960881937,0.042660059760363,0.0185264592642486,3,-5109.71973798739
"linear_dense_n300_t03_r0033",TRUE,26,0.377532135281083,-0.947120191589707,0,0.0141685767695893,0.375328055186986,0.235671944433766,0.171570007225683,0.217429993153565,3,-5380.83170297108
"confounded_dense_n300_t03_r0033",TRUE,86,0.362328199126315,-0.952908867853103,0.0167851762312838,0.0113308683443147,0.384008267262373,0.234991732698332,0.17195819979597,0.209041800243325,1,-5398.12334244918
"binary_dense_n300_t03_r0033",TRUE,22,0.379039848348663,-0.940470930740984,0,0.0153130603834368,0.411055050585867,0.179326665863145,0.213172444527384,0.196445839023604,2,-5959.44367377591
"linear_sparse_n300_t01_r0034",TRUE,28,0.161719625639576,-0.642763003869195,0.000727592148432162,0.0104841329553669,0.842213214294919,0.0897845879296856,0.0600989176776706,0.00790328009772443,2,-4465.43951106299
"confounded_sparse_n300_t01_r0034",TRUE,224,0.149431450942288,-0.607560261762532,0.00518380390891925,0.010274164125373,0.852718303166592,0.0852381771311853,0.0378581222624513,0.0241853974397714,2,-4478.31328523385
"binary_sparse_n300_t01_r0034",TRUE,130,0.230590398111852,-0.673993085845251,0.0105999681344025,0.00935122754587718,0.869755034342714,0.0652652932311833,0.0264373727335967,0.0385422996925061,2,-4994.39263723485
"linear_dense_n300_t01_r0034",TRUE,83,0.25408207004923,-0.641876959770101,0.00136692419507427,0.0143601138871232,0.419800809423428,0.204177144225621,0.17253178139609,0.20349026495486,1,-5184.33720630434
"confounded_dense_n300_t01_r0034",TRUE,385,0.195428764732095,-0.65395213880361,0.0217114475771324,0.0140991322663816,0.28367037843336,0.344628797309846,0.085684177809435,0.286016646447359,2,-5290.63892124426
"binary_dense_n300_t01_r0034",TRUE,185,0.211862938041169,-0.650626437725905,0.00956488953056793,0.0106730499122125,0.315339848086321,0.279415152632146,0.177321917639319,0.227923081642214,2,-5693.15619157138
"linear_sparse_n300_t02_r0034",TRUE,63,0.303181375817782,-0.780258159980929,0,0.0158818390803973,0.886400915561026,0.0595977258270648,0.0422600533877383,0.0117413052241706,2,-4305.21373503633
"confounded_sparse_n300_t02_r0034",TRUE,35,0.301705287308446,-0.74485045938322,0,0.0126768425282624,0.874628893615906,0.049369690516474,0.0533319981887818,0.0226694176788379,2,-4381.20661856551
"binary_sparse_n300_t02_r0034",TRUE,137,0.308007520469404,-0.742488621797798,0.0111799511218871,0.0161092564320476,0.881917344527935,0.0588669468147563,0.0337676117287668,0.025448096928542,3,-5218.80634069637
"linear_dense_n300_t02_r0034",TRUE,58,0.343110031668615,-0.748515170550164,0.00226355140331838,0.0140962501193626,0.402650756097504,0.189451049805368,0.20971675669933,0.198181437397799,1,-5327.02458948054
"confounded_dense_n300_t02_r0034",TRUE,78,0.305471128865774,-0.740435046526641,0.00231117132305102,0.0156508758472901,0.393449048302462,0.19654456336665,0.197989176642771,0.212017211688117,1,-5369.07468663949
"binary_dense_n300_t02_r0034",TRUE,32,0.302545634113378,-0.763241784215325,0,0.0114718154495512,0.401543741983169,0.193327993982483,0.184852474622076,0.220275789412272,1,-5781.54044604339
"linear_sparse_n300_t03_r0034",TRUE,39,0.378228650362564,-0.944545908971838,0,0.00803385762292704,0.88575486537821,0.0442451346217454,0.0634227440258316,0.00657725597421327,3,-4502.76890031272
"confounded_sparse_n300_t03_r0034",TRUE,26,0.347741707506214,-0.944448462103868,0,0.0170493818645011,0.882086976143389,0.0509130200255454,0.041425056189659,0.0255749476414064,1,-4412.41217946303
"binary_sparse_n300_t03_r0034",TRUE,157,0.27995276883324,-0.927881514183721,0.0145740007199144,0.0201157354683218,0.845575075923187,0.0793235229502687,0.0445400258147699,0.030561375311774,1,-5154.78879646373
"linear_dense_n300_t03_r0034",TRUE,77,0.397108705521689,-0.945495141717629,0.005146477269024,0.0140715325235263,0.429453470600697,0.185546252049351,0.226625705664252,0.158374571685699,2,-5463.68106102006
"confounded_dense_n300_t03_r0034",TRUE,19,0.41690432776233,-0.954277557168255,0,0.0131730972090854,0.438527943987016,0.179472055563473,0.21129606061091,0.170703939838602,1,-5338.96095024172
"binary_dense_n300_t03_r0034",TRUE,57,0.375382861223935,-0.956227773480774,0.00390074594979116,0.0121202526595744,0.393211088298543,0.21771394987263,0.171680564021879,0.217394397806948,1,-5981.64117089285
"linear_sparse_n300_t01_r0035",TRUE,32,0.327992414867527,-0.657490333803066,0,0.00705487353062714,0.908320242600115,0.0206796168685528,0.0507251194018138,0.0202750211295182,3,-4554.226928414
"confounded_sparse_n300_t01_r0035",TRUE,16,0.378209941419479,-0.659310814319089,0.010260200387364,0.0158385551208012,0.915187387701481,0.0156769883375615,0.0554407991152322,0.0136948248457255,3,-4420.75012769823
"binary_sparse_n300_t01_r0035",TRUE,271,0.173962035341207,-0.634165251462215,0.00990341050989152,0.0101501898393761,0.81525716188118,0.125732983383373,0.0341403886556249,0.0248694660798219,2,-5079.73972157722
"linear_dense_n300_t01_r0035",TRUE,75,0.258743602710298,-0.644058651774921,0.00120462252492384,0.0137314540633632,0.412886497879358,0.183886620722643,0.213673258243491,0.189553623154507,1,-5215.00710241936
"confounded_dense_n300_t01_r0035",TRUE,366,0.201077761485758,-0.650136785413796,0.0146509876010035,0.0146281631897139,0.391349902680236,0.206408317634714,0.109609165198977,0.292632614486074,2,-5323.69117739227
"binary_dense_n300_t01_r0035",TRUE,56,0.255664784632216,-0.649424069368444,0,0.0143947111253438,0.413375904024539,0.189375359568686,0.174128243583276,0.223120492823498,2,-5782.69252059339
"linear_sparse_n300_t02_r0035",TRUE,30,0.279570111479055,-0.743195191599544,0.0242004280344653,0.0156624480212315,0.888871026078675,0.0371280137308545,0.0559819438296294,0.0180190163608409,2,-4438.49368842208
"confounded_sparse_n300_t02_r0035",TRUE,57,0.265350051367165,-0.754726245056777,0,0.0116823744460417,0.863970832693677,0.0660288576663999,0.0534066084029911,0.0165937012369317,1,-4554.31016188123
"binary_sparse_n300_t02_r0035",TRUE,33,0.366764027335281,-0.764846863448627,0,0.00255357010726379,0.911202950106548,0.0324305822175458,0.0460300276104798,0.0103364400654265,3,-4986.1868794994
"linear_dense_n300_t02_r0035",TRUE,26,0.356361889191092,-0.762917460235653,0,0.0118831942401168,0.478806359715765,0.132162862874679,0.22108693768666,0.167943839722896,2,-5252.78900980136
"confounded_dense_n300_t02_r0035",TRUE,32,0.308774392988704,-0.753522673799654,0,0.0149026646666749,0.381601658612477,0.228397345468873,0.221528812839804,0.168472183078846,1,-5245.8004935088
"binary_dense_n300_t02_r0035",TRUE,84,0.297284381677863,-0.740370531711248,0.00322009825711841,0.0168939981685681,0.395190770732742,0.186356233527111,0.21432918679594,0.204123808944208,1,-5839.79533048493
"linear_sparse_n300_t03_r0035",TRUE,42,0.451671308956186,-0.931788241228459,0.00903833581774042,0.0121903732997838,0.906005326998338,0.0219946727656451,0.0535349440916938,0.0184650561443236,3,-4510.83717878933
"confounded_sparse_n300_t03_r0035",TRUE,35,0.404385882990234,-0.938447067080319,0,0.00852273155589817,0.87944995006487,0.0375500499343929,0.0657601686350275,0.0172398313657097,2,-4443.49702212356
"binary_sparse_n300_t03_r0035",TRUE,34,0.294431852883009,-0.961678364892513,0,0.00983454323294305,0.836025540623489,0.0879816625894084,0.0459750725312679,0.0300177242558344,2,-5185.74592384083
"linear_dense_n300_t03_r0035",TRUE,25,0.401331766284238,-0.946957096206166,0,0.0124689342310748,0.399258033461298,0.178741965997276,0.211060837811978,0.210939162729447,2,-5458.01403766185
"confounded_dense_n300_t03_r0035",TRUE,77,0.37135040795906,-0.943088065242096,0.00361441223083836,0.0109931130062753,0.357650760475324,0.247349239495446,0.210303057323893,0.184696942705337,1,-5415.68027592043
"binary_dense_n300_t03_r0035",TRUE,126,0.326363716193255,-0.961928597385682,0.0149827715359676,0.0137537947475179,0.367426256043204,0.26050167211035,0.18379060414129,0.188281467705156,1,-5954.47860287738
"linear_sparse_n300_t01_r0036",TRUE,63,0.214764258271767,-0.646710929590529,0.0275129690417116,0.0101049593721758,0.875630944021774,0.0403677037518797,0.0476965835893384,0.0363047686370078,2,-4516.09936879309
"confounded_sparse_n300_t01_r0036",TRUE,328,0.0789118447663732,-0.627012776445754,0.0356978842511503,0.0131118988884455,0.859217727474269,0.0607673760334714,0.00118316724018737,0.0788317292520724,2,-4472.53033645691
"binary_sparse_n300_t01_r0036",TRUE,27,0.211052120375248,-0.590168994803331,0.00877989174259214,0.0233561188776187,0.869454134552983,0.0536694802689349,0.0664716172363824,0.0104047679416996,2,-4978.99335504551
"linear_dense_n300_t01_r0036",TRUE,32,0.30032503863867,-0.652637912742198,0,0.0145553113178342,0.447667485406962,0.154268890702856,0.220154344615727,0.177909279274455,2,-5179.97408558371
"confounded_dense_n300_t01_r0036",TRUE,57,0.284764984553725,-0.643031177504544,0,0.0132284264478021,0.413204761773665,0.202846112038326,0.195996894992889,0.187952231195121,1,-5369.40112564987
"binary_dense_n300_t01_r0036",TRUE,139,0.236955979338767,-0.649942801657562,0.00371248878690328,0.00934768671506694,0.392686911722495,0.203459120822297,0.197658879876078,0.206195087579129,2,-5754.60400763389
"linear_sparse_n300_t02_r0036",TRUE,57,0.351080262899608,-0.776559315599171,0.00529586812354215,0.0152801039124261,0.889972531911988,0.0450252459082516,0.0492179992472799,0.0157842229324803,3,-4308.88390023312
"confounded_sparse_n300_t02_r0036",TRUE,41,0.392278153285738,-0.766683778776913,0,0.0135135749746365,0.902379728485532,0.0316200412376665,0.0470538638592663,0.0189463664175351,2,-4374.92581728922
"binary_sparse_n300_t02_r0036",TRUE,223,0.14321768626824,-0.747295342195917,0.00711941436015724,0.00952295469176045,0.778871938148858,0.155757023776418,0.0244360143920388,0.040935023682685,1,-4997.36645674826
"linear_dense_n300_t02_r0036",TRUE,77,0.311417889275831,-0.741857425652327,0.00723684623354089,0.0112837325166576,0.404348832853608,0.187647356830731,0.195503970149002,0.212499840166659,3,-5198.64036188958
"confounded_dense_n300_t02_r0036",TRUE,42,0.331441148903384,-0.752414726758353,0.000167989135289786,0.0132998092271352,0.414583327808809,0.193415525284852,0.173351865360515,0.218649281545823,1,-5333.35924906489
"binary_dense_n300_t02_r0036",TRUE,70,0.306907351273994,-0.743026398850582,0.00596391927634636,0.0130692052396794,0.423286658630018,0.196527292060481,0.202181866573452,0.178004182736049,1,-5747.44623751622
"linear_sparse_n300_t03_r0036",TRUE,175,0.307711627596925,-0.982406877127806,0.0152779901821367,0.0182243323399306,0.8429992713645,0.0700007276316352,0.0542306222482883,0.0327693787555765,3,-4572.86752282332
"confounded_sparse_n300_t03_r0036",TRUE,282,0.224869361092465,-0.979750658645511,0.036168536204154,0.0112145899257019,0.830235896764347,0.0877641032324715,0.0344331514218916,0.0475668485812898,3,-4580.49082892187
"binary_sparse_n300_t03_r0036",TRUE,48,0.424790981831829,-0.942699314656548,0,0.00333678724916154,0.908132053666412,0.0218617233170469,0.0526488706637664,0.0173573523527746,2,-5097.55062653681
"linear_dense_n300_t03_r0036",TRUE,42,0.378612304593316,-0.96322463038377,0.00260278321631838,0.014757769132455,0.373772240058058,0.222227758816292,0.213711009825941,0.190288991299708,2,-5376.2429692117
"confounded_dense_n300_t03_r0036",TRUE,31,0.387848328372385,-0.943119052422956,0.000923063669098576,0.0120507391469553,0.398616292880763,0.207383706789317,0.209776951815034,0.184223048514886,2,-5276.91888090927
"binary_dense_n300_t03_r0036",TRUE,21,0.389248530000574,-0.948336597031906,0,0.010103722349377,0.413569539189268,0.194158643162868,0.193337322112614,0.198934495535249,3,-5888.91784754752
"linear_sparse_n300_t01_r0037",TRUE,20,0.226215114704163,-0.660570770390124,3.9692666507555e-05,0.01308275968267,0.846089419001148,0.0869094661499469,0.0502612523071252,0.0167398625417797,2,-4336.76825043002
"confounded_sparse_n300_t01_r0037",TRUE,120,0.262321560485602,-0.646978090910307,0.0014700682862275,0.0126046336231969,0.875011434547988,0.0509505730407413,0.062403689977857,0.011634302433414,3,-4506.39849760404
"binary_sparse_n300_t01_r0037",TRUE,126,0.169529608705231,-0.649099314193461,0,0.0210495100052556,0.82702857626558,0.103950732108606,0.0349239665894712,0.0340967250363429,3,-5002.64640367599
"linear_dense_n300_t01_r0037",TRUE,37,0.312673669058091,-0.643191769749631,0,0.0138447698914803,0.441293428992175,0.13964117740002,0.241749995515193,0.177315398092612,3,-5324.29720825891
"confounded_dense_n300_t01_r0037",TRUE,60,0.277368223806239,-0.659398693528652,0.000618964421040167,0.0119622727114727,0.417908318473719,0.197076560276241,0.215816072586652,0.169199048663389,3,-5153.25197266058
"binary_dense_n300_t01_r0037",TRUE,155,0.232801697650896,-0.643333442701337,0.00560024898054756,0.014569213576135,0.409145413919788,0.188000698144085,0.184772580483549,0.218081307452578,3,-5657.70552455763
"linear_sparse_n300_t02_r0037",TRUE,137,0.247481477074219,-0.759269626645086,0.0101215558744229,0.0175593832342963,0.909628124676499,0.0263673714784208,0.0378703487425515,0.0261341551025291,3,-4315.26701610859
"confounded_sparse_n300_t02_r0037",TRUE,290,0.166086417755749,-0.73590605586528,0.00416010711426748,0.0120803777927069,0.792487578946897,0.133511515569496,0.0636368026068611,0.010364102876745,3,-4381.60913206069
"binary_sparse_n300_t02_r0037",TRUE,18,0.299410952812767,-0.743544706150896,0,0.0116856358943873,0.900897982472775,0.0406268147302801,0.0437319294372443,0.0147432733597008,1,-5082.86806416306
"linear_dense_n300_t02_r0037",TRUE,52,0.298124537994581,-0.741561097355239,0,0.0132139421221394,0.393463517169163,0.214535619248977,0.19116962819872,0.20083123538314,3,-5391.42087116818
"confounded_dense_n300_t02_r0037",TRUE,102,0.302843596790502,-0.755171936202226,0.00827528351709927,0.0145858572304155,0.427988170516847,0.162009882653302,0.176949485764934,0.233052461064917,2,-5311.46708014215
"binary_dense_n300_t02_r0037",TRUE,79,0.30586379646147,-0.764190201752864,0.00541506674590212,0.0132360078226511,0.42056809316415,0.189999569644454,0.212498402159599,0.176933935031797,2,-5795.48715203298
"linear_sparse_n300_t03_r0037",TRUE,12,0.435849073138025,-0.957409119569885,0,0.0123947633794688,0.879874282460358,0.0381257174822848,0.0606078526641184,0.0213921473932386,1,-4489.56888951242
"confounded_sparse_n300_t03_r0037",TRUE,35,0.345739097262354,-0.917869621390547,0,0.0104356403399093,0.857697696874934,0.069302303107867,0.0471623011187527,0.0258376988984464,1,-4439.88056641815
"binary_sparse_n300_t03_r0037",TRUE,149,0.222074020445832,-0.933058765842611,0.012566253817306,0.0109494936302153,0.861105110410446,0.0749022918775755,0.0287149729393084,0.0352776247726706,1,-5060.36932706547
"linear_dense_n300_t03_r0037",TRUE,55,0.360977148123739,-0.941776756566467,0.00470699032914052,0.0124086842370555,0.380940758920076,0.225059237166071,0.204485956756707,0.189514047157146,2,-5323.91407641125
"confounded_dense_n300_t03_r0037",TRUE,49,0.37809465173401,-0.956817376347779,0.00216922686129369,0.0136058467670242,0.364796258627306,0.227203739503502,0.196974724483117,0.211025277386075,1,-5465.45809445154
"binary_dense_n300_t03_r0037",TRUE,32,0.386687032438057,-0.952490150020721,0.000472707719461444,0.0128845262095633,0.427174084163153,0.206744592750593,0.187994029836932,0.178087293249322,1,-5873.51170979942
"linear_sparse_n300_t01_r0038",TRUE,47,0.186737860315035,-0.660823792832856,0.0236772785148997,0.0190100370641173,0.893965409738968,0.0489436741099004,0.042371973853996,0.0147189422971351,2,-4302.35325438423
"confounded_sparse_n300_t01_r0038",TRUE,46,0.275606236748122,-0.672701276511494,0,0.0130686099501124,0.875341975567158,0.071653670241186,0.0482463976516565,0.00475795653999926,1,-4388.2285570514
"binary_sparse_n300_t01_r0038",TRUE,35,0.22942480523759,-0.637948873311605,0,0.00280501532107225,0.863757159001729,0.0752729000763794,0.0406405154383739,0.0203294254835178,2,-5132.63018708089
"linear_dense_n300_t01_r0038",TRUE,67,0.238366042973992,-0.642848171179121,0,0.012509543617708,0.37509210978614,0.26439484342496,0.192723400977504,0.167789645811396,2,-5204.43350230843
"confounded_dense_n300_t01_r0038",TRUE,48,0.262873183771804,-0.649437978940473,0,0.0160735360749729,0.364653274234317,0.212984008325743,0.21729174184787,0.20507097559207,2,-5312.08289812456
"binary_dense_n300_t01_r0038",TRUE,130,0.257128128952014,-0.657388366767623,0.00261357100266594,0.00778102764386614,0.368141717062342,0.236036057127118,0.213960831745945,0.181861394064595,2,-5782.82625649001
"linear_sparse_n300_t02_r0038",TRUE,158,0.215481210551085,-0.778046893527802,0.0130739877608909,0.0132934878706764,0.832597422836728,0.10640286995483,0.030689638776239,0.0303100684322025,3,-4312.60589650508
"confounded_sparse_n300_t02_r0038",TRUE,37,0.354601422729383,-0.73933699710463,0,0.0185191702745035,0.904180091509838,0.0297307245734341,0.0566831694391064,0.00940601447762129,3,-4456.00436609814
"binary_sparse_n300_t02_r0038",TRUE,13,0.372362156318891,-0.723463157229196,0.00332101626593277,0.0108903952542476,0.885156667282407,0.0427745779421822,0.0576237824526778,0.0144449723227333,1,-5136.14669313058
"linear_dense_n300_t02_r0038",TRUE,67,0.298210234538732,-0.749877193787335,0.000983488405143688,0.0117044567147227,0.438447036276186,0.173551848386848,0.1574777759541,0.230523339382866,3,-5212.60216197715
"confounded_dense_n300_t02_r0038",TRUE,28,0.334721954960449,-0.746703402347661,0,0.0129051314372686,0.429656325014736,0.194339316021008,0.211997000067549,0.164007358896707,2,-5237.39985537676
"binary_dense_n300_t02_r0038",TRUE,77,0.299006979174147,-0.755497016876101,0.00627293843116464,0.012626858779902,0.43082927421097,0.163641854467339,0.184071778292707,0.221457093028985,1,-5829.02835205114
"linear_sparse_n300_t03_r0038",TRUE,115,0.263420339045341,-0.954990632195875,0.00725773762856571,0.0142459405560101,0.84086512834586,0.0751348713135603,0.0499670971472639,0.0340329031933156,2,-4511.22395429908
"confounded_sparse_n300_t03_r0038",TRUE,74,0.393425751955156,-0.919740323485203,0.0106707865569399,0.0141739417897331,0.868214425656478,0.0577855726948327,0.0450663476027735,0.0289336540459156,3,-4497.49044194301
"binary_sparse_n300_t03_r0038",TRUE,48,0.435030083319765,-0.905154485487693,0,0.00339106236494083,0.891922063276208,0.0432292330501544,0.0503544199197553,0.0144942837538821,2,-5212.4975754069
"linear_dense_n300_t03_r0038",TRUE,85,0.356940343439481,-0.952624694961328,0.0106397231638659,0.0129597257721576,0.399856321734121,0.202143666419206,0.171546951136692,0.226453060709982,3,-5361.57941198848
"confounded_dense_n300_t03_r0038",TRUE,76,0.339484107036906,-0.960319819100873,0.0143174855864274,0.0140738134406083,0.363677360557754,0.228322638899077,0.173019428478671,0.234980572064499,2,-5369.41096526405
"binary_dense_n300_t03_r0038",TRUE,26,0.367104578161339,-0.952310894280155,0,0.0112663293281309,0.403803202816465,0.191965053520341,0.231315830432525,0.172915913230669,2,-5919.66778056921
"linear_sparse_n300_t01_r0039",TRUE,20,0.322122184407499,-0.638591409646937,0,0.0113674969540607,0.907595721978399,0.0173811274349378,0.0543420013382974,0.0206811492483659,3,-4474.07852958697
"confounded_sparse_n300_t01_r0039",TRUE,52,0.273872643159524,-0.650217123023363,0.000634486952885088,0.00762140672263928,0.878189089950487,0.0498089147084621,0.0506250059725646,0.0213769893684865,1,-4386.85505203219
"binary_sparse_n300_t01_r0039",TRUE,46,0.374675234171746,-0.662256867981085,0,0.00818019255695968,0.89662004985489,0.0311047245528131,0.0669643692116658,0.00531085638063141,3,-5118.78953423914
"linear_dense_n300_t01_r0039",TRUE,208,0.201287179652292,-0.646927041272755,0.00944592408985356,0.0123672551403113,0.329904492725086,0.259696336019176,0.16578178853292,0.244617382722818,2,-5141.04983119293
"confounded_dense_n300_t01_r0039",TRUE,44,0.268018157542469,-0.661591138926671,0,0.0109571867459337,0.424643594761523,0.205807780975653,0.221909910864141,0.147638713398683,1,-5099.21511061297
"binary_dense_n300_t01_r0039",TRUE,214,0.218134953616186,-0.646647897807731,0.0122161261752693,0.0118030327017114,0.340410813732685,0.251187486524442,0.138517535540474,0.269884164202399,1,-5715.3448577769
"linear_sparse_n300_t02_r0039",TRUE,8,0.337650119625379,-0.746401811110704,0,0.0155469845643074,0.872858166659396,0.0471407516732167,0.0640880739181401,0.0159130077492475,1,-4457.92998393617
"confounded_sparse_n300_t02_r0039",TRUE,48,0.289299594634847,-0.772337648476327,0,0.00959325817659593,0.867824363532516,0.0501755065789111,0.0573965648381403,0.0246035650504324,3,-4460.12149546735
"binary_sparse_n300_t02_r0039",TRUE,30,0.338150008861309,-0.732156850915036,0,0.00752136882718839,0.876320343661897,0.0595384703431854,0.038641291613601,0.0254998943813163,1,-5066.61134564475
"linear_dense_n300_t02_r0039",TRUE,80,0.309402132138618,-0.761323532388606,0.00408542761192543,0.0124658957548579,0.42456713034754,0.173429340407314,0.186693500601624,0.215310028643522,3,-5369.99775314807
"confounded_dense_n300_t02_r0039",TRUE,30,0.330291200105086,-0.748585884136637,0,0.0117983208992012,0.420158356428287,0.166840906267918,0.20067538289061,0.212325354413186,1,-5281.94333467625
"binary_dense_n300_t02_r0039",TRUE,41,0.268643791269906,-0.752128730419925,0,0.0125958579545643,0.386692831738907,0.22997386928304,0.187183253253209,0.196150045724844,1,-5750.39589816279
"linear_sparse_n300_t03_r0039",TRUE,32,0.371607855726345,-0.96325313531011,0.00848646883514652,0.0140016852967946,0.880758518347698,0.0562414810090404,0.0435200798804665,0.0194799207627946,2,-4386.29737119801
"confounded_sparse_n300_t03_r0039",TRUE,10,0.351087433465582,-0.941183147956564,0,0.014345614900286,0.889345513824043,0.0496544848443499,0.0420955635129659,0.0189044378186411,1,-4404.83683553161
"binary_sparse_n300_t03_r0039",TRUE,35,0.442585677050038,-0.953455492435145,0,0.0107506375795613,0.900569376006997,0.0334339377632747,0.0512143947428295,0.0147822914868992,2,-5124.57697725381
"linear_dense_n300_t03_r0039",TRUE,205,0.308026145167066,-0.945821227937366,0.0268964836975057,0.0141857734582035,0.327280328981394,0.261719630478529,0.135723265006125,0.275276775533952,2,-5419.34278230923
"confounded_dense_n300_t03_r0039",TRUE,55,0.391229185060419,-0.951997419938479,0.00911749317874363,0.0123590242972315,0.393689550646093,0.212310448978829,0.224922343599061,0.169077656776017,2,-5327.47453430821
"binary_dense_n300_t03_r0039",TRUE,22,0.396645885060778,-0.9406384459306,0,0.0154289654499074,0.387624818231513,0.188338241817252,0.225422344822356,0.198614595128879,1,-5983.66935134449
"linear_sparse_n300_t01_r0040",TRUE,235,0.138828180085624,-0.637220880385498,0.00692871514798061,0.0148569425162831,0.80501435241589,0.121942057092528,0.033560837179359,0.0394827533122227,2,-4444.37138640682
"confounded_sparse_n300_t01_r0040",TRUE,61,0.238259786390756,-0.653941146385618,0,0.0122083212030672,0.872912186540801,0.0560840507180159,0.0334785888556246,0.0375251738855587,3,-4333.35524417105
"binary_sparse_n300_t01_r0040",TRUE,11,0.329478809606821,-0.65935588926513,0,0.000409994464427385,0.893026059850197,0.042786179445562,0.0461328889164399,0.0180548717878015,1,-5063.57623881602
"linear_dense_n300_t01_r0040",TRUE,72,0.290852608793249,-0.645582895130317,0.00187539559142866,0.0134994248958664,0.404013282891021,0.187662318491696,0.239596156563159,0.168728242054123,1,-5264.39543531892
"confounded_dense_n300_t01_r0040",TRUE,67,0.325303068506126,-0.651387295280163,0.00140319685628941,0.0107887218799442,0.452278511982787,0.156654608437604,0.216011623403746,0.175055256175864,1,-5268.03535740226
"binary_dense_n300_t01_r0040",TRUE,49,0.274731653758753,-0.64445328608613,0,0.0135391883852043,0.391583328910474,0.188875197206511,0.211371232326651,0.208170241556364,2,-5877.05912197156
"linear_sparse_n300_t02_r0040",TRUE,32,0.19533712865702,-0.761695443088038,0.023672695850365,0.0121292432780674,0.87171700671646,0.0592827640604957,0.0558419797879419,0.0131582494351023,2,-4356.48247101937
"confounded_sparse_n300_t02_r0040",TRUE,48,0.373026135780847,-0.745256939245976,0.000238984445881639,0.0127640968151157,0.900494300513977,0.0355046281176515,0.0557753426002765,0.0082257287680954,3,-4456.21493196763
"binary_sparse_n300_t02_r0040",TRUE,42,0.370122251180749,-0.723697424614306,0,0.00391827023931559,0.892454361993545,0.0424257269788368,0.0473118939315312,0.0178080170960868,3,-5201.70630608026
"linear_dense_n300_t02_r0040",TRUE,148,0.276498879423837,-0.749343813628886,0.00801080665912084,0.014665511548684,0.391954838665334,0.215043927108033,0.174372267973025,0.218628966253607,1,-5285.1752548589
"confounded_dense_n300_t02_r0040",TRUE,33,0.29175832156539,-0.745156478172001,0,0.0140413311481803,0.356419467562096,0.239536298426879,0.225228797334092,0.178815436676932,2,-5308.14108140884
"binary_dense_n300_t02_r0040",TRUE,117,0.287256617063757,-0.753883418425811,0.00754365070711338,0.0135217201766493,0.394761651852557,0.204390424844656,0.179681127499402,0.221166795803385,1,-5852.84312778331
"linear_sparse_n300_t03_r0040",TRUE,91,0.326206643992946,-0.936578531459797,0.0152592490432709,0.00966981471122809,0.86922228075539,0.0627777191722291,0.0294314866536482,0.0385685134187331,2,-4478.93699412013
"confounded_sparse_n300_t03_r0040",TRUE,26,0.285810955172213,-0.961725517553699,0.00832922151484167,0.0134447392760873,0.864054019428576,0.0679459797799029,0.0469256830122506,0.0210743177792704,2,-4544.86655155316
"binary_sparse_n300_t03_r0040",TRUE,26,0.386115059483939,-0.968429290123998,1.65296380496749e-05,0.0141538223524557,0.882118677112863,0.0446426586321999,0.0539723869780038,0.0192662772769337,3,-5048.40009175834
"linear_dense_n300_t03_r0040",TRUE,23,0.400070422233264,-0.961861170626351,0,0.0128932113021376,0.426392060085695,0.180607939609153,0.205915154653407,0.187084845651744,3,-5327.54273158454
"confounded_dense_n300_t03_r0040",TRUE,55,0.377751784393806,-0.94155477125574,0.00359818708262473,0.0107821751959824,0.392530978081416,0.238469021636642,0.188246796477167,0.180753203804775,3,-5391.69471574876
"binary_dense_n300_t03_r0040",TRUE,30,0.34600874376835,-0.941867222458458,0,0.0134820600897914,0.355896331669764,0.243034034079205,0.167802147987202,0.233267486263829,3,-5971.83619240853
