"case_id","scenario","mixture","profile","n","m","tau","replicate","seed","method","q","status","cached","elapsed_seconds","warning","error","cache_key","discoveries","false_discoveries","true_discoveries","alternatives","FDP","power"
"linear_sparse_n300_t01_r0001","linear","sparse","paper_adjusted",300,1000,1.3,1,133625349,"HDMT",0.05,"ok",FALSE,0.0299999999999999,"ties should not be present for the one-sample Kolmogorov-Smirnov test","","513e9c527924ff27e48bf3fdf5ef6284",4,1,3,18,0.25,0.166666666666667
"linear_sparse_n300_t01_r0001","linear","sparse","paper_adjusted",300,1000,1.3,1,133625349,"MDACT",0.05,"ok",FALSE,0.04,"ties should not be present for the one-sample Kolmogorov-Smirnov test","","35fce3b68b3def87df39e6aa50fdb6e6",3,0,3,18,0,0.166666666666667
"linear_sparse_n300_t01_r0001","linear","sparse","paper_adjusted",300,1000,1.3,1,133625349,"MLFDR",0.05,"ok",FALSE,3.72,"","","5ee11887b8c7ad23a776f606dacc69b6",6,0,6,18,0,0.333333333333333
"confounded_sparse_n300_t01_r0001","confounded","sparse","paper_adjusted",300,1000,1.3,1,80128897,"HDMT",0.05,"ok",FALSE,0.0499999999999998,"ties should not be present for the one-sample Kolmogorov-Smirnov test","","03f19de43e5093c41847682bfe49621e",0,0,0,19,0,0
"confounded_sparse_n300_t01_r0001","confounded","sparse","paper_adjusted",300,1000,1.3,1,80128897,"MDACT",0.05,"ok",FALSE,0.109999999999999,"ties should not be present for the one-sample Kolmogorov-Smirnov test","","94dbbfe2206197f9ad1aab5d696d6649",0,0,0,19,0,0
"confounded_sparse_n300_t01_r0001","confounded","sparse","paper_adjusted",300,1000,1.3,1,80128897,"MLFDR",0.05,"ok",FALSE,2.2,"","","dd605a7b40462a8f4e3ea6384976aa41",0,0,0,19,0,0
"binary_sparse_n300_t01_r0001","binary","sparse","paper_adjusted",300,1000,1.3,1,19375970,"HDMT",0.05,"ok",FALSE,0.0900000000000003,"","","4d065e4901ed384bac05fb755d0982b7",0,0,0,23,0,0
"binary_sparse_n300_t01_r0001","binary","sparse","paper_adjusted",300,1000,1.3,1,19375970,"MDACT",0.05,"ok",FALSE,0.12,"","","fa5ecf1dd496772a8e232917c6295704",0,0,0,23,0,0
"binary_sparse_n300_t01_r0001","binary","sparse","paper_adjusted",300,1000,1.3,1,19375970,"MLFDR",0.05,"ok",FALSE,1.82,"","","462c967533c33752f4316a1d0c5a2b79",4,0,4,23,0,0.173913043478261
"linear_dense_n300_t01_r0001","linear","dense","paper_adjusted",300,1000,1.3,1,37380408,"HDMT",0.05,"ok",FALSE,0.04,"ties should not be present for the one-sample Kolmogorov-Smirnov test","","0bdcee5738b44499dedc7727d210c7fc",4,0,4,191,0,0.0209424083769634
"linear_dense_n300_t01_r0001","linear","dense","paper_adjusted",300,1000,1.3,1,37380408,"MDACT",0.05,"ok",FALSE,0.0599999999999999,"ties should not be present for the one-sample Kolmogorov-Smirnov test","","7d5ebdb1cdb3a879a4f67bc9f900e386",4,0,4,191,0,0.0209424083769634
"linear_dense_n300_t01_r0001","linear","dense","paper_adjusted",300,1000,1.3,1,37380408,"MLFDR",0.05,"ok",FALSE,1.27,"","","0bf1e7e4d3e7377e34b3ec4035320bd6",43,1,42,191,0.0232558139534884,0.219895287958115
"confounded_dense_n300_t01_r0001","confounded","dense","paper_adjusted",300,1000,1.3,1,240700725,"HDMT",0.05,"ok",FALSE,0.04,"ties should not be present for the one-sample Kolmogorov-Smirnov test","","3f579d133b1c31a787b1eadca786c4a9",4,0,4,191,0,0.0209424083769634
"confounded_dense_n300_t01_r0001","confounded","dense","paper_adjusted",300,1000,1.3,1,240700725,"MDACT",0.05,"ok",FALSE,0.0600000000000001,"ties should not be present for the one-sample Kolmogorov-Smirnov test","","9df7ab2a2f133d29dd0bec07b65f888a",4,0,4,191,0,0.0209424083769634
"confounded_dense_n300_t01_r0001","confounded","dense","paper_adjusted",300,1000,1.3,1,240700725,"MLFDR",0.05,"ok",FALSE,1.86,"","","229584700462a35372351da21fcf2802",25,2,23,191,0.08,0.120418848167539
"binary_dense_n300_t01_r0001","binary","dense","paper_adjusted",300,1000,1.3,1,41537166,"HDMT",0.05,"ok",FALSE,0.1,"","","6ca265bc68aaa4c5362f08ed7437a98f",0,0,0,210,0,0
"binary_dense_n300_t01_r0001","binary","dense","paper_adjusted",300,1000,1.3,1,41537166,"MDACT",0.05,"ok",FALSE,0.12,"","","a09622745015fa50a875b6c98571a442",0,0,0,210,0,0
"binary_dense_n300_t01_r0001","binary","dense","paper_adjusted",300,1000,1.3,1,41537166,"MLFDR",0.05,"ok",FALSE,0.95,"","","449b51f41ad9ac9e2188769003907c15",11,0,11,210,0,0.0523809523809524
"linear_sparse_n300_t02_r0001","linear","sparse","paper_adjusted",300,1000,1.5,1,199651532,"HDMT",0.05,"ok",FALSE,0.0299999999999998,"ties should not be present for the one-sample Kolmogorov-Smirnov test","","f1b0f6a5894e2328d0b846f864999588",0,0,0,16,0,0
"linear_sparse_n300_t02_r0001","linear","sparse","paper_adjusted",300,1000,1.5,1,199651532,"MDACT",0.05,"ok",FALSE,0.0800000000000001,"ties should not be present for the one-sample Kolmogorov-Smirnov test","","51bb6acbe4c56408c118e8b1cb62f37e",1,0,1,16,0,0.0625
"linear_sparse_n300_t02_r0001","linear","sparse","paper_adjusted",300,1000,1.5,1,199651532,"MLFDR",0.05,"ok",FALSE,0.81,"","","210a7276a9b8f934191898ada9eb99e5",3,0,3,16,0,0.1875
"confounded_sparse_n300_t02_r0001","confounded","sparse","paper_adjusted",300,1000,1.5,1,100474234,"HDMT",0.05,"ok",FALSE,0.0299999999999994,"ties should not be present for the one-sample Kolmogorov-Smirnov test","","ca3acd3b550644c80a28e07cc6ca2c6c",0,0,0,27,0,0
"confounded_sparse_n300_t02_r0001","confounded","sparse","paper_adjusted",300,1000,1.5,1,100474234,"MDACT",0.05,"ok",FALSE,0.0800000000000001,"ties should not be present for the one-sample Kolmogorov-Smirnov test","","f28650adb79e75fa4cc18a8a0cd4154d",0,0,0,27,0,0
"confounded_sparse_n300_t02_r0001","confounded","sparse","paper_adjusted",300,1000,1.5,1,100474234,"MLFDR",0.05,"ok",FALSE,0.81,"","","c875058d0f13af6d2c1b6ee4a137a38a",3,0,3,27,0,0.111111111111111
"binary_sparse_n300_t02_r0001","binary","sparse","paper_adjusted",300,1000,1.5,1,217720686,"HDMT",0.05,"ok",FALSE,0.0300000000000002,"","","175bf285e4c944e10d64b0cbd338460d",2,0,2,16,0,0.125
"binary_sparse_n300_t02_r0001","binary","sparse","paper_adjusted",300,1000,1.5,1,217720686,"MDACT",0.05,"ok",FALSE,0,"","","df0ca001142ca9ff9ca15ccbb54f7a0c",1,0,1,16,0,0.0625
"binary_sparse_n300_t02_r0001","binary","sparse","paper_adjusted",300,1000,1.5,1,217720686,"MLFDR",0.05,"ok",FALSE,0.56,"","","6c5090297cc38390f441ec03a6387e8a",2,0,2,16,0,0.125
"linear_dense_n300_t02_r0001","linear","dense","paper_adjusted",300,1000,1.5,1,108037747,"HDMT",0.05,"ok",FALSE,0.0300000000000002,"ties should not be present for the one-sample Kolmogorov-Smirnov test","","e7de35eff4f7a4db44a3190aea84e41c",4,0,4,191,0,0.0209424083769634
"linear_dense_n300_t02_r0001","linear","dense","paper_adjusted",300,1000,1.5,1,108037747,"MDACT",0.05,"ok",FALSE,0,"ties should not be present for the one-sample Kolmogorov-Smirnov test","","90f3a4338df02f5bcffa3b61d2cae726",7,0,7,191,0,0.0366492146596859
"linear_dense_n300_t02_r0001","linear","dense","paper_adjusted",300,1000,1.5,1,108037747,"MLFDR",0.05,"ok",FALSE,0.71,"","","29e0f074caec8cd36a5012d1ff028d3e",50,4,46,191,0.08,0.240837696335079
"confounded_dense_n300_t02_r0001","confounded","dense","paper_adjusted",300,1000,1.5,1,249443297,"HDMT",0.05,"ok",FALSE,0.04,"ties should not be present for the one-sample Kolmogorov-Smirnov test","","55dc306415bc100c52656730ae633015",3,0,3,221,0,0.0135746606334842
"confounded_dense_n300_t02_r0001","confounded","dense","paper_adjusted",300,1000,1.5,1,249443297,"MDACT",0.05,"ok",FALSE,0.0199999999999996,"ties should not be present for the one-sample Kolmogorov-Smirnov test","","cf77e677a08168cc71bc28aae5a86a2f",11,0,11,221,0,0.0497737556561086
"confounded_dense_n300_t02_r0001","confounded","dense","paper_adjusted",300,1000,1.5,1,249443297,"MLFDR",0.05,"ok",FALSE,2.63,"","","58748a517ef9d025c59b4ad14265664f",52,1,51,221,0.0192307692307692,0.230769230769231
"binary_dense_n300_t02_r0001","binary","dense","paper_adjusted",300,1000,1.5,1,244269150,"HDMT",0.05,"ok",FALSE,0.0299999999999994,"","","737a3172641d51115934517a406f4c08",10,0,10,201,0,0.0497512437810945
"binary_dense_n300_t02_r0001","binary","dense","paper_adjusted",300,1000,1.5,1,244269150,"MDACT",0.05,"ok",FALSE,0.00999999999999979,"","","594d56648fb514922dfb80d1e6af7fd7",20,0,20,201,0,0.0995024875621891
"binary_dense_n300_t02_r0001","binary","dense","paper_adjusted",300,1000,1.5,1,244269150,"MLFDR",0.05,"ok",FALSE,0.309999999999999,"","","f35943f3acbdbde3e0d6ae8f972b5eae",53,2,51,201,0.0377358490566038,0.253731343283582
"linear_sparse_n300_t03_r0001","linear","sparse","paper_adjusted",300,1000,1.9,1,64710089,"HDMT",0.05,"ok",FALSE,0.00999999999999979,"ties should not be present for the one-sample Kolmogorov-Smirnov test","","ef99465259ec8038105eebb42405644d",15,3,12,23,0.2,0.521739130434783
"linear_sparse_n300_t03_r0001","linear","sparse","paper_adjusted",300,1000,1.9,1,64710089,"MDACT",0.05,"ok",FALSE,0.0199999999999996,"ties should not be present for the one-sample Kolmogorov-Smirnov test","","67bbfdeaef8e02157ebeaf8367b717ff",4,0,4,23,0,0.173913043478261
"linear_sparse_n300_t03_r0001","linear","sparse","paper_adjusted",300,1000,1.9,1,64710089,"MLFDR",0.05,"ok",FALSE,0.649999999999999,"","","fc0950c4c315a3ca3bdbe8753548679b",11,0,11,23,0,0.478260869565217
"confounded_sparse_n300_t03_r0001","confounded","sparse","paper_adjusted",300,1000,1.9,1,126157381,"HDMT",0.05,"ok",FALSE,0.0300000000000011,"ties should not be present for the one-sample Kolmogorov-Smirnov test","","291318a52662e6b268a097a959abae22",5,1,4,15,0.2,0.266666666666667
"confounded_sparse_n300_t03_r0001","confounded","sparse","paper_adjusted",300,1000,1.9,1,126157381,"MDACT",0.05,"ok",FALSE,0.0199999999999996,"ties should not be present for the one-sample Kolmogorov-Smirnov test","","1f40d69be04d8e5f52c594c4eebdc38b",2,0,2,15,0,0.133333333333333
"confounded_sparse_n300_t03_r0001","confounded","sparse","paper_adjusted",300,1000,1.9,1,126157381,"MLFDR",0.05,"ok",FALSE,0.819999999999999,"","","cd4fdc869283c3c8256fa9d45c5eb8fe",2,0,2,15,0,0.133333333333333
"binary_sparse_n300_t03_r0001","binary","sparse","paper_adjusted",300,1000,1.9,1,111938410,"HDMT",0.05,"ok",FALSE,0.0399999999999991,"","","491875b1cf21d2c4fe0b897a0ce6e559",1,0,1,20,0,0.05
"binary_sparse_n300_t03_r0001","binary","sparse","paper_adjusted",300,1000,1.9,1,111938410,"MDACT",0.05,"ok",FALSE,0.0199999999999996,"","","f349ebf25e99e8fd08cfb85f077af8c6",1,0,1,20,0,0.05
"binary_sparse_n300_t03_r0001","binary","sparse","paper_adjusted",300,1000,1.9,1,111938410,"MLFDR",0.05,"ok",FALSE,0.640000000000001,"","","364aef75c0f9c2d0013909d55c2df785",5,0,5,20,0,0.25
"linear_dense_n300_t03_r0001","linear","dense","paper_adjusted",300,1000,1.9,1,265272256,"HDMT",0.05,"ok",FALSE,0.0300000000000011,"ties should not be present for the one-sample Kolmogorov-Smirnov test","","b014a114c9fe8f00f15c01bf63881912",16,0,16,207,0,0.0772946859903382
"linear_dense_n300_t03_r0001","linear","dense","paper_adjusted",300,1000,1.9,1,265272256,"MDACT",0.05,"ok",FALSE,0.0199999999999996,"ties should not be present for the one-sample Kolmogorov-Smirnov test","","01f35428fca9d4123f6fb5ae07cc8cf7",34,0,34,207,0,0.164251207729469
"linear_dense_n300_t03_r0001","linear","dense","paper_adjusted",300,1000,1.9,1,265272256,"MLFDR",0.05,"ok",FALSE,0.530000000000001,"","","9fc306d8db27465349ef1f49871c1544",96,6,90,207,0.0625,0.434782608695652
"confounded_dense_n300_t03_r0001","confounded","dense","paper_adjusted",300,1000,1.9,1,134899529,"HDMT",0.05,"ok",FALSE,0.0300000000000011,"ties should not be present for the one-sample Kolmogorov-Smirnov test","","9ce221f8faa956ed68d654e435a08832",11,0,11,211,0,0.0521327014218009
"confounded_dense_n300_t03_r0001","confounded","dense","paper_adjusted",300,1000,1.9,1,134899529,"MDACT",0.05,"ok",FALSE,0,"ties should not be present for the one-sample Kolmogorov-Smirnov test","","80f86547c160696ab2c49894777910b3",12,0,12,211,0,0.0568720379146919
"confounded_dense_n300_t03_r0001","confounded","dense","paper_adjusted",300,1000,1.9,1,134899529,"MLFDR",0.05,"ok",FALSE,2.39,"","","7cd9fd66a6b97403f35a71a7b4768744",80,5,75,211,0.0625,0.355450236966825
"binary_dense_n300_t03_r0001","binary","dense","paper_adjusted",300,1000,1.9,1,216187563,"HDMT",0.05,"ok",FALSE,0.0399999999999991,"","","f25b5d02958228f210d0bcc9be38df63",31,0,31,200,0,0.155
"binary_dense_n300_t03_r0001","binary","dense","paper_adjusted",300,1000,1.9,1,216187563,"MDACT",0.05,"ok",FALSE,0.0100000000000016,"","","86d579c45cb5bc9bc00d39d615548012",42,0,42,200,0,0.21
"binary_dense_n300_t03_r0001","binary","dense","paper_adjusted",300,1000,1.9,1,216187563,"MLFDR",0.05,"ok",FALSE,0.75,"","","60bea95af674950992c944f5aa606ea8",103,7,96,200,0.0679611650485437,0.48
"linear_sparse_n300_t01_r0002","linear","sparse","paper_adjusted",300,1000,1.3,2,55663362,"HDMT",0.05,"ok",FALSE,0.0300000000000011,"ties should not be present for the one-sample Kolmogorov-Smirnov test","","33adf72f7496900c343695aa75fd91a4",0,0,0,22,0,0
"linear_sparse_n300_t01_r0002","linear","sparse","paper_adjusted",300,1000,1.3,2,55663362,"MDACT",0.05,"ok",FALSE,0,"ties should not be present for the one-sample Kolmogorov-Smirnov test","","0cb013d68f412e301d163dd8b58313a4",0,0,0,22,0,0
"linear_sparse_n300_t01_r0002","linear","sparse","paper_adjusted",300,1000,1.3,2,55663362,"MLFDR",0.05,"ok",FALSE,0.569999999999999,"","","05f8ad6f11df9ad66b9ae3e17864c4b9",0,0,0,22,0,0
"confounded_sparse_n300_t01_r0002","confounded","sparse","paper_adjusted",300,1000,1.3,2,120712994,"HDMT",0.05,"ok",FALSE,0.0300000000000011,"ties should not be present for the one-sample Kolmogorov-Smirnov test","","d266ff719d63a8accd6e8f932181ba49",0,0,0,21,0,0
"confounded_sparse_n300_t01_r0002","confounded","sparse","paper_adjusted",300,1000,1.3,2,120712994,"MDACT",0.05,"ok",FALSE,0.0199999999999996,"ties should not be present for the one-sample Kolmogorov-Smirnov test","","9f52ab107bfe8199499d016c63734e36",1,0,1,21,0,0.0476190476190476
"confounded_sparse_n300_t01_r0002","confounded","sparse","paper_adjusted",300,1000,1.3,2,120712994,"MLFDR",0.05,"ok",FALSE,4.75,"","","2164c1d2e987bda00c401faf90bf5c0e",74,53,21,21,0.716216216216216,1
"binary_sparse_n300_t01_r0002","binary","sparse","paper_adjusted",300,1000,1.3,2,254114510,"HDMT",0.05,"ok",FALSE,0.0399999999999991,"","","30b98a1a122cb7285360354040669cdc",0,0,0,18,0,0
"binary_sparse_n300_t01_r0002","binary","sparse","paper_adjusted",300,1000,1.3,2,254114510,"MDACT",0.05,"ok",FALSE,0.0199999999999996,"","","e9ce4c539967599ee2c72d394c95b33f",0,0,0,18,0,0
"binary_sparse_n300_t01_r0002","binary","sparse","paper_adjusted",300,1000,1.3,2,254114510,"MLFDR",0.05,"ok",FALSE,0.830000000000002,"","","14851f4131eaf0588777545d4e836d20",0,0,0,18,0,0
"linear_dense_n300_t01_r0002","linear","dense","paper_adjusted",300,1000,1.3,2,100511572,"HDMT",0.05,"ok",FALSE,0.0499999999999989,"ties should not be present for the one-sample Kolmogorov-Smirnov test","","985343710860e4e82a661bfce927ec1c",1,0,1,193,0,0.00518134715025907
"linear_dense_n300_t01_r0002","linear","dense","paper_adjusted",300,1000,1.3,2,100511572,"MDACT",0.05,"ok",FALSE,0.00999999999999979,"ties should not be present for the one-sample Kolmogorov-Smirnov test","","7c712b13272a5f680eeb340f6d85c39d",1,0,1,193,0,0.00518134715025907
"linear_dense_n300_t01_r0002","linear","dense","paper_adjusted",300,1000,1.3,2,100511572,"MLFDR",0.05,"ok",FALSE,2.83,"","","a96d95fbe2b82c9deaac7081c9e5d08f",14,0,14,193,0,0.0725388601036269
"confounded_dense_n300_t01_r0002","confounded","dense","paper_adjusted",300,1000,1.3,2,199989868,"HDMT",0.05,"ok",FALSE,0.0300000000000011,"ties should not be present for the one-sample Kolmogorov-Smirnov test","","c2a99a01e8844d046199fb94f8483703",1,0,1,220,0,0.00454545454545455
"confounded_dense_n300_t01_r0002","confounded","dense","paper_adjusted",300,1000,1.3,2,199989868,"MDACT",0.05,"ok",FALSE,0,"ties should not be present for the one-sample Kolmogorov-Smirnov test","","2e8b4cc6b7729ec5d92d9ab04fe81de0",1,0,1,220,0,0.00454545454545455
"confounded_dense_n300_t01_r0002","confounded","dense","paper_adjusted",300,1000,1.3,2,199989868,"MLFDR",0.05,"ok",FALSE,0.890000000000001,"","","88000703d7403574085e67962a8ccdfe",35,0,35,220,0,0.159090909090909
"binary_dense_n300_t01_r0002","binary","dense","paper_adjusted",300,1000,1.3,2,203709560,"HDMT",0.05,"ok",FALSE,0.0100000000000016,"","","2aa5594019a7abfad0b7873ca6c3004a",9,0,9,231,0,0.038961038961039
"binary_dense_n300_t01_r0002","binary","dense","paper_adjusted",300,1000,1.3,2,203709560,"MDACT",0.05,"ok",FALSE,0.00999999999999979,"","","19401d52f167f8728ad77cf599618d8f",13,2,11,231,0.153846153846154,0.0476190476190476
"binary_dense_n300_t01_r0002","binary","dense","paper_adjusted",300,1000,1.3,2,203709560,"MLFDR",0.05,"ok",FALSE,0.65,"","","90e1258a106d165b5d5f2eb84541c652",46,2,44,231,0.0434782608695652,0.19047619047619
"linear_sparse_n300_t02_r0002","linear","sparse","paper_adjusted",300,1000,1.5,2,230046918,"HDMT",0.05,"ok",FALSE,0.0300000000000011,"ties should not be present for the one-sample Kolmogorov-Smirnov test","","d92c1522912fa513baba813c024d9847",0,0,0,18,0,0
"linear_sparse_n300_t02_r0002","linear","sparse","paper_adjusted",300,1000,1.5,2,230046918,"MDACT",0.05,"ok",FALSE,0,"ties should not be present for the one-sample Kolmogorov-Smirnov test","","9e830edcad35606432e9bf3b613ddf77",2,0,2,18,0,0.111111111111111
"linear_sparse_n300_t02_r0002","linear","sparse","paper_adjusted",300,1000,1.5,2,230046918,"MLFDR",0.05,"ok",FALSE,1.82,"","","98b3cfc94124d43ffd4c7fb528faf488",2,0,2,18,0,0.111111111111111
"confounded_sparse_n300_t02_r0002","confounded","sparse","paper_adjusted",300,1000,1.5,2,105851128,"HDMT",0.05,"ok",FALSE,0.0800000000000018,"ties should not be present for the one-sample Kolmogorov-Smirnov test","","56b8deeba68c7877f39db24436790a7d",0,0,0,18,0,0
"confounded_sparse_n300_t02_r0002","confounded","sparse","paper_adjusted",300,1000,1.5,2,105851128,"MDACT",0.05,"ok",FALSE,0.0199999999999996,"ties should not be present for the one-sample Kolmogorov-Smirnov test","","fafe80edcb703c4a6a7cccdf6ba63230",0,0,0,18,0,0
"confounded_sparse_n300_t02_r0002","confounded","sparse","paper_adjusted",300,1000,1.5,2,105851128,"MLFDR",0.05,"ok",FALSE,0.539999999999999,"","","07eadb2be283a8b48e02e941c26fe766",0,0,0,18,0,0
"binary_sparse_n300_t02_r0002","binary","sparse","paper_adjusted",300,1000,1.5,2,25945361,"HDMT",0.05,"ok",FALSE,0.0300000000000011,"","","e26e887ae677a714ae69c2c07a0a04ad",4,0,4,22,0,0.181818181818182
"binary_sparse_n300_t02_r0002","binary","sparse","paper_adjusted",300,1000,1.5,2,25945361,"MDACT",0.05,"ok",FALSE,0.0199999999999996,"","","b2869c2ed6ab35199294b02a663d3dc0",4,0,4,22,0,0.181818181818182
"binary_sparse_n300_t02_r0002","binary","sparse","paper_adjusted",300,1000,1.5,2,25945361,"MLFDR",0.05,"ok",FALSE,1.32,"","","53e9f73690b25acb66ce80ca7cf82897",5,0,5,22,0,0.227272727272727
"linear_dense_n300_t02_r0002","linear","dense","paper_adjusted",300,1000,1.5,2,237568371,"HDMT",0.05,"ok",FALSE,0.0299999999999976,"ties should not be present for the one-sample Kolmogorov-Smirnov test","","1d8525af1ee8a9cc22c3eba5e353c438",2,0,2,219,0,0.0091324200913242
"linear_dense_n300_t02_r0002","linear","dense","paper_adjusted",300,1000,1.5,2,237568371,"MDACT",0.05,"ok",FALSE,0.0199999999999996,"ties should not be present for the one-sample Kolmogorov-Smirnov test","","0fb4ff75d021f91d9c80288f78bc809a",0,0,0,219,0,0
"linear_dense_n300_t02_r0002","linear","dense","paper_adjusted",300,1000,1.5,2,237568371,"MLFDR",0.05,"ok",FALSE,1.48,"","","09fd5ec157558be02a4bce923e02d9d1",44,1,43,219,0.0227272727272727,0.19634703196347
"confounded_dense_n300_t02_r0002","confounded","dense","paper_adjusted",300,1000,1.5,2,217348234,"HDMT",0.05,"ok",FALSE,0.00999999999999801,"ties should not be present for the one-sample Kolmogorov-Smirnov test","","ae9b094fad380c3c1ebd37fdd2a916fc",0,0,0,182,0,0
"confounded_dense_n300_t02_r0002","confounded","dense","paper_adjusted",300,1000,1.5,2,217348234,"MDACT",0.05,"ok",FALSE,0.0100000000000016,"ties should not be present for the one-sample Kolmogorov-Smirnov test","","e594a676d6c09fe6fae60273c4afc861",0,0,0,182,0,0
"confounded_dense_n300_t02_r0002","confounded","dense","paper_adjusted",300,1000,1.5,2,217348234,"MLFDR",0.05,"ok",FALSE,0.530000000000001,"","","74b2d3a4c54f7d415b8293ec5b43b7ae",15,0,15,182,0,0.0824175824175824
"binary_dense_n300_t02_r0002","binary","dense","paper_adjusted",300,1000,1.5,2,153466329,"HDMT",0.05,"ok",FALSE,0.0299999999999976,"","","6058d16b99fdbbbd58ccedf6b950aeae",8,0,8,222,0,0.036036036036036
"binary_dense_n300_t02_r0002","binary","dense","paper_adjusted",300,1000,1.5,2,153466329,"MDACT",0.05,"ok",FALSE,0.0199999999999996,"","","d618e10140d2f066b9775b95a1196ba4",9,0,9,222,0,0.0405405405405405
"binary_dense_n300_t02_r0002","binary","dense","paper_adjusted",300,1000,1.5,2,153466329,"MLFDR",0.05,"ok",FALSE,0.640000000000001,"","","bd40473cfdaf99c4d5180da30d9374a0",51,0,51,222,0,0.22972972972973
"linear_sparse_n300_t03_r0002","linear","sparse","paper_adjusted",300,1000,1.9,2,76035443,"HDMT",0.05,"ok",FALSE,0.0399999999999991,"ties should not be present for the one-sample Kolmogorov-Smirnov test","","4fb40eb6aeaf4408d63d72f1bfe89a18",4,0,4,18,0,0.222222222222222
"linear_sparse_n300_t03_r0002","linear","sparse","paper_adjusted",300,1000,1.9,2,76035443,"MDACT",0.05,"ok",FALSE,0.00999999999999801,"ties should not be present for the one-sample Kolmogorov-Smirnov test","","ee5a04a9180bc23ad45bb1a9efb8b857",6,0,6,18,0,0.333333333333333
"linear_sparse_n300_t03_r0002","linear","sparse","paper_adjusted",300,1000,1.9,2,76035443,"MLFDR",0.05,"ok",FALSE,0.800000000000001,"","","4d613f6aed489a6b224bfd5341e12e16",10,0,10,18,0,0.555555555555556
"confounded_sparse_n300_t03_r0002","confounded","sparse","paper_adjusted",300,1000,1.9,2,262757570,"HDMT",0.05,"ok",FALSE,0.0300000000000011,"ties should not be present for the one-sample Kolmogorov-Smirnov test","","c781bc50fdd00054e0abb49553a1a449",0,0,0,20,0,0
"confounded_sparse_n300_t03_r0002","confounded","sparse","paper_adjusted",300,1000,1.9,2,262757570,"MDACT",0.05,"ok",FALSE,0.0100000000000016,"ties should not be present for the one-sample Kolmogorov-Smirnov test","","ede6a84b1896f5b19ad68676e8b83a0b",1,0,1,20,0,0.05
"confounded_sparse_n300_t03_r0002","confounded","sparse","paper_adjusted",300,1000,1.9,2,262757570,"MLFDR",0.05,"ok",FALSE,0.559999999999999,"","","9cc308df5441e1aaaf7a44a62e27a623",3,0,3,20,0,0.15
"binary_sparse_n300_t03_r0002","binary","sparse","paper_adjusted",300,1000,1.9,2,26975324,"HDMT",0.05,"ok",FALSE,0.0199999999999996,"","","97926d461985f8318c30a889208f34fd",1,0,1,19,0,0.0526315789473684
"binary_sparse_n300_t03_r0002","binary","sparse","paper_adjusted",300,1000,1.9,2,26975324,"MDACT",0.05,"ok",FALSE,0,"","","cb6b4baa1c55da323a7378ee655f55f0",1,0,1,19,0,0.0526315789473684
"binary_sparse_n300_t03_r0002","binary","sparse","paper_adjusted",300,1000,1.9,2,26975324,"MLFDR",0.05,"ok",FALSE,0.329999999999998,"","","31c6459b79de4ac6cfaadb11fc26e812",5,0,5,19,0,0.263157894736842
"linear_dense_n300_t03_r0002","linear","dense","paper_adjusted",300,1000,1.9,2,43669795,"HDMT",0.05,"ok",FALSE,0.00999999999999801,"ties should not be present for the one-sample Kolmogorov-Smirnov test","","f42e2dcaa6b246235d9ba1c4e53d7d0e",65,6,59,205,0.0923076923076923,0.28780487804878
"linear_dense_n300_t03_r0002","linear","dense","paper_adjusted",300,1000,1.9,2,43669795,"MDACT",0.05,"ok",FALSE,0.0199999999999996,"ties should not be present for the one-sample Kolmogorov-Smirnov test","","593827577248ae2d8b9e54475472739a",73,6,67,205,0.0821917808219178,0.326829268292683
"linear_dense_n300_t03_r0002","linear","dense","paper_adjusted",300,1000,1.9,2,43669795,"MLFDR",0.05,"ok",FALSE,0.449999999999999,"","","4d783fbaaf9f326a78eef2f84d724432",139,6,133,205,0.0431654676258993,0.648780487804878
"confounded_dense_n300_t03_r0002","confounded","dense","paper_adjusted",300,1000,1.9,2,22613508,"HDMT",0.05,"ok",FALSE,0.0299999999999976,"ties should not be present for the one-sample Kolmogorov-Smirnov test","","92d9087cdb2bb9d5befc2e7e2835b395",60,3,57,216,0.05,0.263888888888889
"confounded_dense_n300_t03_r0002","confounded","dense","paper_adjusted",300,1000,1.9,2,22613508,"MDACT",0.05,"ok",FALSE,0,"ties should not be present for the one-sample Kolmogorov-Smirnov test","","7b9358d064bd12dafd3372fad8dda29d",67,4,63,216,0.0597014925373134,0.291666666666667
"confounded_dense_n300_t03_r0002","confounded","dense","paper_adjusted",300,1000,1.9,2,22613508,"MLFDR",0.05,"ok",FALSE,0.75,"","","030ee1ce7fa77d514d6dafe74c7c8195",121,6,115,216,0.0495867768595041,0.532407407407407
"binary_dense_n300_t03_r0002","binary","dense","paper_adjusted",300,1000,1.9,2,153935093,"HDMT",0.05,"ok",FALSE,0.0199999999999996,"","","105ebfbee4d77e3b9b467f4884e36353",4,0,4,207,0,0.0193236714975845
"binary_dense_n300_t03_r0002","binary","dense","paper_adjusted",300,1000,1.9,2,153935093,"MDACT",0.05,"ok",FALSE,0,"","","ded09c040b4ec48eeae431f15e1ba264",11,0,11,207,0,0.0531400966183575
"binary_dense_n300_t03_r0002","binary","dense","paper_adjusted",300,1000,1.9,2,153935093,"MLFDR",0.05,"ok",FALSE,0.34,"","","ecd6c5c4f54d88e61d760ea3d6f8d1f5",64,6,58,207,0.09375,0.280193236714976
"linear_sparse_n300_t01_r0003","linear","sparse","paper_adjusted",300,1000,1.3,3,75113861,"HDMT",0.05,"ok",FALSE,0.0300000000000011,"ties should not be present for the one-sample Kolmogorov-Smirnov test","","babdf07830e46f511a6a00d04a56d8b9",1,0,1,23,0,0.0434782608695652
"linear_sparse_n300_t01_r0003","linear","sparse","paper_adjusted",300,1000,1.3,3,75113861,"MDACT",0.05,"ok",FALSE,0,"ties should not be present for the one-sample Kolmogorov-Smirnov test","","2542061fa9bcd11b46468783abccdaf9",1,0,1,23,0,0.0434782608695652
"linear_sparse_n300_t01_r0003","linear","sparse","paper_adjusted",300,1000,1.3,3,75113861,"MLFDR",0.05,"ok",FALSE,0.48,"","","a86561c83f94b5b81f4695982f6fc883",4,0,4,23,0,0.173913043478261
"confounded_sparse_n300_t01_r0003","confounded","sparse","paper_adjusted",300,1000,1.3,3,59493961,"HDMT",0.05,"ok",FALSE,0.0299999999999976,"ties should not be present for the one-sample Kolmogorov-Smirnov test","","7a66c694104cbaccaa69a2cbf27b83d8",1,0,1,30,0,0.0333333333333333
"confounded_sparse_n300_t01_r0003","confounded","sparse","paper_adjusted",300,1000,1.3,3,59493961,"MDACT",0.05,"ok",FALSE,0,"ties should not be present for the one-sample Kolmogorov-Smirnov test","","cd1d1a9ce771b7f77a96899eefb791d8",1,0,1,30,0,0.0333333333333333
"confounded_sparse_n300_t01_r0003","confounded","sparse","paper_adjusted",300,1000,1.3,3,59493961,"MLFDR",0.05,"ok",FALSE,1.45,"","","0c5e4bf723a90bf7b1c324dcbc8645f0",6,2,4,30,0.333333333333333,0.133333333333333
"binary_sparse_n300_t01_r0003","binary","sparse","paper_adjusted",300,1000,1.3,3,238396303,"HDMT",0.05,"ok",FALSE,0.0300000000000011,"","","211d790694472ca5278a6e307b643127",1,0,1,22,0,0.0454545454545455
"binary_sparse_n300_t01_r0003","binary","sparse","paper_adjusted",300,1000,1.3,3,238396303,"MDACT",0.05,"ok",FALSE,0,"","","b23ac673b9269bd0d75ad54587d08f9b",1,0,1,22,0,0.0454545454545455
"binary_sparse_n300_t01_r0003","binary","sparse","paper_adjusted",300,1000,1.3,3,238396303,"MLFDR",0.05,"ok",FALSE,0.359999999999999,"","","22cce0bbd5f15a050101870bd35dac39",1,0,1,22,0,0.0454545454545455
"linear_dense_n300_t01_r0003","linear","dense","paper_adjusted",300,1000,1.3,3,162559780,"HDMT",0.05,"ok",FALSE,0.0199999999999996,"ties should not be present for the one-sample Kolmogorov-Smirnov test","","e352344f7b8e9a18a7c06f50b0918850",5,0,5,200,0,0.025
"linear_dense_n300_t01_r0003","linear","dense","paper_adjusted",300,1000,1.3,3,162559780,"MDACT",0.05,"ok",FALSE,0.0199999999999996,"ties should not be present for the one-sample Kolmogorov-Smirnov test","","db33693b8838ac9a0c0f1f101ae1dc4e",6,0,6,200,0,0.03
"linear_dense_n300_t01_r0003","linear","dense","paper_adjusted",300,1000,1.3,3,162559780,"MLFDR",0.05,"ok",FALSE,2.24,"","","4ee71988402545d521c5a12e5428cd59",40,5,35,200,0.125,0.175
"confounded_dense_n300_t01_r0003","confounded","dense","paper_adjusted",300,1000,1.3,3,66460266,"HDMT",0.05,"ok",FALSE,0.0300000000000011,"ties should not be present for the one-sample Kolmogorov-Smirnov test","","cce26022994f20c490c4bcb9a45185fa",20,3,17,217,0.15,0.0783410138248848
"confounded_dense_n300_t01_r0003","confounded","dense","paper_adjusted",300,1000,1.3,3,66460266,"MDACT",0.05,"ok",FALSE,0.0199999999999996,"ties should not be present for the one-sample Kolmogorov-Smirnov test","","194086aa275709627046d03b5eac1029",13,1,12,217,0.0769230769230769,0.0552995391705069
"confounded_dense_n300_t01_r0003","confounded","dense","paper_adjusted",300,1000,1.3,3,66460266,"MLFDR",0.05,"ok",FALSE,0.879999999999999,"","","facd55781987332d516acf69307e25ab",41,3,38,217,0.0731707317073171,0.175115207373272
"binary_dense_n300_t01_r0003","binary","dense","paper_adjusted",300,1000,1.3,3,14614744,"HDMT",0.05,"ok",FALSE,0.0299999999999976,"","","76ca6d6889b360ffec8de4cb52ae522c",0,0,0,214,0,0
"binary_dense_n300_t01_r0003","binary","dense","paper_adjusted",300,1000,1.3,3,14614744,"MDACT",0.05,"ok",FALSE,0.0199999999999996,"","","002559a6845f7259764c9b1dcee5a01a",0,0,0,214,0,0
"binary_dense_n300_t01_r0003","binary","dense","paper_adjusted",300,1000,1.3,3,14614744,"MLFDR",0.05,"ok",FALSE,0.560000000000002,"","","53f5c8b2dc527cad50467c8a70e16118",8,0,8,214,0,0.0373831775700935
"linear_sparse_n300_t02_r0003","linear","sparse","paper_adjusted",300,1000,1.5,3,194132323,"HDMT",0.05,"ok",FALSE,0.0300000000000011,"ties should not be present for the one-sample Kolmogorov-Smirnov test","","70d248fc8a9946f982deaf1979eee190",2,0,2,20,0,0.1
"linear_sparse_n300_t02_r0003","linear","sparse","paper_adjusted",300,1000,1.5,3,194132323,"MDACT",0.05,"ok",FALSE,0,"ties should not be present for the one-sample Kolmogorov-Smirnov test","","f0c103e45a76d064398a072723cb4057",1,0,1,20,0,0.05
"linear_sparse_n300_t02_r0003","linear","sparse","paper_adjusted",300,1000,1.5,3,194132323,"MLFDR",0.05,"ok",FALSE,0.539999999999999,"","","f960e8e401ebabd0a002aeda22fc544b",3,0,3,20,0,0.15
"confounded_sparse_n300_t02_r0003","confounded","sparse","paper_adjusted",300,1000,1.5,3,238108711,"HDMT",0.05,"ok",FALSE,0.0300000000000011,"ties should not be present for the one-sample Kolmogorov-Smirnov test","","a2c3220c79e148eebc089caaba82ae84",1,0,1,14,0,0.0714285714285714
"confounded_sparse_n300_t02_r0003","confounded","sparse","paper_adjusted",300,1000,1.5,3,238108711,"MDACT",0.05,"ok",FALSE,0,"ties should not be present for the one-sample Kolmogorov-Smirnov test","","a0bb3fde548a9d2a2fedda0496ef4c4e",1,0,1,14,0,0.0714285714285714
"confounded_sparse_n300_t02_r0003","confounded","sparse","paper_adjusted",300,1000,1.5,3,238108711,"MLFDR",0.05,"ok",FALSE,0.34,"","","177d70e4b4af0467a3412d4d510016ce",7,2,5,14,0.285714285714286,0.357142857142857
"binary_sparse_n300_t02_r0003","binary","sparse","paper_adjusted",300,1000,1.5,3,227249596,"HDMT",0.05,"ok",FALSE,0.0199999999999996,"","","29f0e6b2dd7dfd4cc156b2636f96d98b",0,0,0,20,0,0
"binary_sparse_n300_t02_r0003","binary","sparse","paper_adjusted",300,1000,1.5,3,227249596,"MDACT",0.05,"ok",FALSE,0,"","","7f8b7322bbe0cb224c216fd90f31c02c",1,0,1,20,0,0.05
"binary_sparse_n300_t02_r0003","binary","sparse","paper_adjusted",300,1000,1.5,3,227249596,"MLFDR",0.05,"ok",FALSE,0.41,"","","9f9374098272399d87db2cc21e40279d",5,0,5,20,0,0.25
"linear_dense_n300_t02_r0003","linear","dense","paper_adjusted",300,1000,1.5,3,74168178,"HDMT",0.05,"ok",FALSE,0.0299999999999976,"ties should not be present for the one-sample Kolmogorov-Smirnov test","","e42bb95671182e6776a50a485f2c3766",12,0,12,184,0,0.0652173913043478
"linear_dense_n300_t02_r0003","linear","dense","paper_adjusted",300,1000,1.5,3,74168178,"MDACT",0.05,"ok",FALSE,0.0100000000000016,"ties should not be present for the one-sample Kolmogorov-Smirnov test","","1d79e6e0a848193885b49a29bfe99c57",17,1,16,184,0.0588235294117647,0.0869565217391304
"linear_dense_n300_t02_r0003","linear","dense","paper_adjusted",300,1000,1.5,3,74168178,"MLFDR",0.05,"ok",FALSE,0.800000000000001,"","","0c0a43883e54c3f19fac76437111cdee",40,3,37,184,0.075,0.201086956521739
"confounded_dense_n300_t02_r0003","confounded","dense","paper_adjusted",300,1000,1.5,3,26188402,"HDMT",0.05,"ok",FALSE,0.0200000000000031,"ties should not be present for the one-sample Kolmogorov-Smirnov test","","01394243c548cda46cc35aded7a72573",0,0,0,217,0,0
"confounded_dense_n300_t02_r0003","confounded","dense","paper_adjusted",300,1000,1.5,3,26188402,"MDACT",0.05,"ok",FALSE,0,"ties should not be present for the one-sample Kolmogorov-Smirnov test","","fcf2f5ab41ef26cf2c1b70854e699bab",13,0,13,217,0,0.0599078341013825
"confounded_dense_n300_t02_r0003","confounded","dense","paper_adjusted",300,1000,1.5,3,26188402,"MLFDR",0.05,"ok",FALSE,0.34,"","","3710626fd8218d0884e8df007f0c0a1b",90,8,82,217,0.0888888888888889,0.377880184331797
"binary_dense_n300_t02_r0003","binary","dense","paper_adjusted",300,1000,1.5,3,120495201,"HDMT",0.05,"ok",FALSE,0.0199999999999996,"","","a92d679295a64bb5875e3d3ec844e5da",24,0,24,210,0,0.114285714285714
"binary_dense_n300_t02_r0003","binary","dense","paper_adjusted",300,1000,1.5,3,120495201,"MDACT",0.05,"ok",FALSE,0.00999999999999801,"","","b849a6633df191035ad009b64c237b80",36,0,36,210,0,0.171428571428571
"binary_dense_n300_t02_r0003","binary","dense","paper_adjusted",300,1000,1.5,3,120495201,"MLFDR",0.05,"ok",FALSE,0.469999999999999,"","","39f21604222e953bee472e5d617a622d",95,7,88,210,0.0736842105263158,0.419047619047619
"linear_sparse_n300_t03_r0003","linear","sparse","paper_adjusted",300,1000,1.9,3,247479014,"HDMT",0.05,"ok",FALSE,0.0300000000000011,"ties should not be present for the one-sample Kolmogorov-Smirnov test","","83692cf3e571c3aebfac6cf38dfa23e2",5,0,5,23,0,0.217391304347826
"linear_sparse_n300_t03_r0003","linear","sparse","paper_adjusted",300,1000,1.9,3,247479014,"MDACT",0.05,"ok",FALSE,0.00999999999999801,"ties should not be present for the one-sample Kolmogorov-Smirnov test","","3e58adcb6a15fe7c05542044579af74e",5,0,5,23,0,0.217391304347826
"linear_sparse_n300_t03_r0003","linear","sparse","paper_adjusted",300,1000,1.9,3,247479014,"MLFDR",0.05,"ok",FALSE,0.360000000000003,"","","35d40cdbe3eeab325157b624df4b9947",14,0,14,23,0,0.608695652173913
"confounded_sparse_n300_t03_r0003","confounded","sparse","paper_adjusted",300,1000,1.9,3,187452368,"HDMT",0.05,"ok",FALSE,0.0300000000000011,"ties should not be present for the one-sample Kolmogorov-Smirnov test","","1e711bdac1006912d1ce1c2ed82c6145",0,0,0,29,0,0
"confounded_sparse_n300_t03_r0003","confounded","sparse","paper_adjusted",300,1000,1.9,3,187452368,"MDACT",0.05,"ok",FALSE,0.0199999999999996,"ties should not be present for the one-sample Kolmogorov-Smirnov test","","e9fbaecd64f5ccf9714c1896cf289f27",0,0,0,29,0,0
"confounded_sparse_n300_t03_r0003","confounded","sparse","paper_adjusted",300,1000,1.9,3,187452368,"MLFDR",0.05,"ok",FALSE,1.3,"","","69bfbbb2fe341c17de2b0eb198daab1b",3,0,3,29,0,0.103448275862069
"binary_sparse_n300_t03_r0003","binary","sparse","paper_adjusted",300,1000,1.9,3,96357160,"HDMT",0.05,"ok",FALSE,0.0199999999999996,"","","836d64326efffe446830ac57dd70f1e6",2,0,2,13,0,0.153846153846154
"binary_sparse_n300_t03_r0003","binary","sparse","paper_adjusted",300,1000,1.9,3,96357160,"MDACT",0.05,"ok",FALSE,0.0500000000000007,"","","6e48dfd74a999df1f20705b84dd40393",4,0,4,13,0,0.307692307692308
"binary_sparse_n300_t03_r0003","binary","sparse","paper_adjusted",300,1000,1.9,3,96357160,"MLFDR",0.05,"ok",FALSE,0.369999999999997,"","","30afcbba7e256ec0a37ef7277b8bacdc",5,1,4,13,0.2,0.307692307692308
"linear_dense_n300_t03_r0003","linear","dense","paper_adjusted",300,1000,1.9,3,183548073,"HDMT",0.05,"ok",FALSE,0.00999999999999801,"ties should not be present for the one-sample Kolmogorov-Smirnov test","","e09d880a90910325d6618755228852db",26,0,26,217,0,0.119815668202765
"linear_dense_n300_t03_r0003","linear","dense","paper_adjusted",300,1000,1.9,3,183548073,"MDACT",0.05,"ok",FALSE,0.0100000000000016,"ties should not be present for the one-sample Kolmogorov-Smirnov test","","4849e19782866fbd12b74fc52d5d0014",39,1,38,217,0.0256410256410256,0.175115207373272
"linear_dense_n300_t03_r0003","linear","dense","paper_adjusted",300,1000,1.9,3,183548073,"MLFDR",0.05,"ok",FALSE,0.640000000000001,"","","015b3c71d3747defa53f454acc16d82a",93,4,89,217,0.043010752688172,0.410138248847926
"confounded_dense_n300_t03_r0003","confounded","dense","paper_adjusted",300,1000,1.9,3,239230002,"HDMT",0.05,"ok",FALSE,0.0300000000000011,"ties should not be present for the one-sample Kolmogorov-Smirnov test","","987b724553bc86784b1986ac4f68816f",34,1,33,197,0.0294117647058824,0.16751269035533
"confounded_dense_n300_t03_r0003","confounded","dense","paper_adjusted",300,1000,1.9,3,239230002,"MDACT",0.05,"ok",FALSE,0.0199999999999996,"ties should not be present for the one-sample Kolmogorov-Smirnov test","","9939ae5ed3d81fb2487c01a77d60e57a",42,2,40,197,0.0476190476190476,0.203045685279188
"confounded_dense_n300_t03_r0003","confounded","dense","paper_adjusted",300,1000,1.9,3,239230002,"MLFDR",0.05,"ok",FALSE,0.25,"","","e45ce946dacf9135cf6afae0f3a8be1f",87,4,83,197,0.0459770114942529,0.421319796954315
"binary_dense_n300_t03_r0003","binary","dense","paper_adjusted",300,1000,1.9,3,28705935,"HDMT",0.05,"ok",FALSE,0.0100000000000016,"","","b2006f627437c019f5eea3067a185f0d",41,0,41,191,0,0.214659685863874
"binary_dense_n300_t03_r0003","binary","dense","paper_adjusted",300,1000,1.9,3,28705935,"MDACT",0.05,"ok",FALSE,0,"","","36a97b20bbe764c04795e22f9f7492d2",66,3,63,191,0.0454545454545455,0.329842931937173
"binary_dense_n300_t03_r0003","binary","dense","paper_adjusted",300,1000,1.9,3,28705935,"MLFDR",0.05,"ok",FALSE,0.390000000000001,"","","0ab657aaaa19287e691fc9a852745f93",116,5,111,191,0.0431034482758621,0.581151832460733
"linear_sparse_n300_t01_r0004","linear","sparse","paper_adjusted",300,1000,1.3,4,95484633,"HDMT",0.05,"ok",FALSE,0.0300000000000011,"ties should not be present for the one-sample Kolmogorov-Smirnov test","","50d7719a3651f3988b17ffc42cb16d42",1,0,1,17,0,0.0588235294117647
"linear_sparse_n300_t01_r0004","linear","sparse","paper_adjusted",300,1000,1.3,4,95484633,"MDACT",0.05,"ok",FALSE,0,"ties should not be present for the one-sample Kolmogorov-Smirnov test","","f0bc906f60ac2bf715b0e3d9c4ea345f",1,0,1,17,0,0.0588235294117647
"linear_sparse_n300_t01_r0004","linear","sparse","paper_adjusted",300,1000,1.3,4,95484633,"MLFDR",0.05,"ok",FALSE,2.22,"","","01176e5a89ab199baa565dc67ae89431",7,1,6,17,0.142857142857143,0.352941176470588
"confounded_sparse_n300_t01_r0004","confounded","sparse","paper_adjusted",300,1000,1.3,4,198353107,"HDMT",0.05,"ok",FALSE,0.0300000000000011,"ties should not be present for the one-sample Kolmogorov-Smirnov test","","db003718147e7178a209abc0ef6e88d5",3,0,3,22,0,0.136363636363636
"confounded_sparse_n300_t01_r0004","confounded","sparse","paper_adjusted",300,1000,1.3,4,198353107,"MDACT",0.05,"ok",FALSE,0,"ties should not be present for the one-sample Kolmogorov-Smirnov test","","09e92963679d71fda5c9de2366635008",3,0,3,22,0,0.136363636363636
"confounded_sparse_n300_t01_r0004","confounded","sparse","paper_adjusted",300,1000,1.3,4,198353107,"MLFDR",0.05,"ok",FALSE,1.49,"","","1d2eaef5a5f82904f0bdf6da2225fdbf",4,1,3,22,0.25,0.136363636363636
"binary_sparse_n300_t01_r0004","binary","sparse","paper_adjusted",300,1000,1.3,4,48050431,"HDMT",0.05,"ok",FALSE,0.0300000000000011,"","","2d4daf3be81f71ba52690173b24299d9",0,0,0,15,0,0
"binary_sparse_n300_t01_r0004","binary","sparse","paper_adjusted",300,1000,1.3,4,48050431,"MDACT",0.05,"ok",FALSE,0,"","","e6f8bb9d75ec198c7e82fd7641316622",0,0,0,15,0,0
"binary_sparse_n300_t01_r0004","binary","sparse","paper_adjusted",300,1000,1.3,4,48050431,"MLFDR",0.05,"ok",FALSE,0.609999999999999,"","","87e601a92dd7cb730e87d8cea3208587",0,0,0,15,0,0
"linear_dense_n300_t01_r0004","linear","dense","paper_adjusted",300,1000,1.3,4,223643334,"HDMT",0.05,"ok",FALSE,0.0299999999999976,"ties should not be present for the one-sample Kolmogorov-Smirnov test","","64393c4f71d287d789d4635dc02257e4",0,0,0,181,0,0
"linear_dense_n300_t01_r0004","linear","dense","paper_adjusted",300,1000,1.3,4,223643334,"MDACT",0.05,"ok",FALSE,0,"ties should not be present for the one-sample Kolmogorov-Smirnov test","","05a49472656056d4f5bfed3ab429c0fd",1,0,1,181,0,0.00552486187845304
"linear_dense_n300_t01_r0004","linear","dense","paper_adjusted",300,1000,1.3,4,223643334,"MLFDR",0.05,"ok",FALSE,0.590000000000003,"","","a8be6be8be279da92039c3d084dba90b",7,1,6,181,0.142857142857143,0.0331491712707182
"confounded_dense_n300_t01_r0004","confounded","dense","paper_adjusted",300,1000,1.3,4,25681988,"HDMT",0.05,"ok",FALSE,0.0199999999999996,"ties should not be present for the one-sample Kolmogorov-Smirnov test","","bdf16e217cdf3f5b5e9101e19cbbb113",9,0,9,215,0,0.0418604651162791
"confounded_dense_n300_t01_r0004","confounded","dense","paper_adjusted",300,1000,1.3,4,25681988,"MDACT",0.05,"ok",FALSE,0,"ties should not be present for the one-sample Kolmogorov-Smirnov test","","9fd6ddadb7e2b3b2b31cd3ad971a90df",14,0,14,215,0,0.0651162790697674
"confounded_dense_n300_t01_r0004","confounded","dense","paper_adjusted",300,1000,1.3,4,25681988,"MLFDR",0.05,"ok",FALSE,0.440000000000005,"","","94ffb56c741fe03f664ea4613ffdc85f",53,2,51,215,0.0377358490566038,0.237209302325581
"binary_dense_n300_t01_r0004","binary","dense","paper_adjusted",300,1000,1.3,4,65613215,"HDMT",0.05,"ok",FALSE,0.0399999999999991,"","","6e3e4d5aed96cdcea53d5d38362c9273",5,0,5,207,0,0.0241545893719807
"binary_dense_n300_t01_r0004","binary","dense","paper_adjusted",300,1000,1.3,4,65613215,"MDACT",0.05,"ok",FALSE,0.0200000000000031,"","","23ee50d1dd4a0aeeec173a7a71502e0d",5,0,5,207,0,0.0241545893719807
"binary_dense_n300_t01_r0004","binary","dense","paper_adjusted",300,1000,1.3,4,65613215,"MLFDR",0.05,"ok",FALSE,1.77,"","","17e696900ae87f5f91ed0d8418a3b73c",46,2,44,207,0.0434782608695652,0.21256038647343
"linear_sparse_n300_t02_r0004","linear","sparse","paper_adjusted",300,1000,1.5,4,176109856,"HDMT",0.05,"ok",FALSE,0.0399999999999991,"ties should not be present for the one-sample Kolmogorov-Smirnov test","","9c0f530b409da05ad45e64579efeb821",0,0,0,23,0,0
"linear_sparse_n300_t02_r0004","linear","sparse","paper_adjusted",300,1000,1.5,4,176109856,"MDACT",0.05,"ok",FALSE,0.0200000000000031,"ties should not be present for the one-sample Kolmogorov-Smirnov test","","ca60035bf5ddbaa52542e06f26f66d35",1,0,1,23,0,0.0434782608695652
"linear_sparse_n300_t02_r0004","linear","sparse","paper_adjusted",300,1000,1.5,4,176109856,"MLFDR",0.05,"ok",FALSE,0.410000000000004,"","","61de5ce47ab23b6ce2218d08aa12553a",3,1,2,23,0.333333333333333,0.0869565217391304
"confounded_sparse_n300_t02_r0004","confounded","sparse","paper_adjusted",300,1000,1.5,4,122233610,"HDMT",0.05,"ok",FALSE,0.0200000000000031,"ties should not be present for the one-sample Kolmogorov-Smirnov test","","7dc762bbbcf9b53ea5f4fa978aabadc3",1,0,1,19,0,0.0526315789473684
"confounded_sparse_n300_t02_r0004","confounded","sparse","paper_adjusted",300,1000,1.5,4,122233610,"MDACT",0.05,"ok",FALSE,0,"ties should not be present for the one-sample Kolmogorov-Smirnov test","","d37bac293cb02fdc4dc2c68d0ee022db",1,0,1,19,0,0.0526315789473684
"confounded_sparse_n300_t02_r0004","confounded","sparse","paper_adjusted",300,1000,1.5,4,122233610,"MLFDR",0.05,"ok",FALSE,1.05,"","","1ea0ddd3c73239fb20873256e48eaacb",1,0,1,19,0,0.0526315789473684
"binary_sparse_n300_t02_r0004","binary","sparse","paper_adjusted",300,1000,1.5,4,217127518,"HDMT",0.05,"ok",FALSE,0.0300000000000011,"","","0a9e29382e2da2c7bdaeee66831d2cf8",1,0,1,16,0,0.0625
"binary_sparse_n300_t02_r0004","binary","sparse","paper_adjusted",300,1000,1.5,4,217127518,"MDACT",0.05,"ok",FALSE,0.019999999999996,"","","ddcba8074b145727f58b1024718e2321",2,0,2,16,0,0.125
"binary_sparse_n300_t02_r0004","binary","sparse","paper_adjusted",300,1000,1.5,4,217127518,"MLFDR",0.05,"ok",FALSE,1.28,"","","f559813db715bb119430ca91468e9dab",1,0,1,16,0,0.0625
"linear_dense_n300_t02_r0004","linear","dense","paper_adjusted",300,1000,1.5,4,235422568,"HDMT",0.05,"ok",FALSE,0.00999999999999801,"ties should not be present for the one-sample Kolmogorov-Smirnov test","","a612aa2388b24e199ec7be234a65ac84",5,0,5,199,0,0.0251256281407035
"linear_dense_n300_t02_r0004","linear","dense","paper_adjusted",300,1000,1.5,4,235422568,"MDACT",0.05,"ok",FALSE,0.00999999999999801,"ties should not be present for the one-sample Kolmogorov-Smirnov test","","49443555ba69dbfd483ae3757e53359a",7,0,7,199,0,0.0351758793969849
"linear_dense_n300_t02_r0004","linear","dense","paper_adjusted",300,1000,1.5,4,235422568,"MLFDR",0.05,"ok",FALSE,0.410000000000004,"","","f225f467b15fcb818cb7db7cbb35244d",64,2,62,199,0.03125,0.311557788944724
"confounded_dense_n300_t02_r0004","confounded","dense","paper_adjusted",300,1000,1.5,4,86221430,"HDMT",0.05,"ok",FALSE,0.0200000000000031,"ties should not be present for the one-sample Kolmogorov-Smirnov test","","a68f53295fa50503ccd2808bd5060042",21,1,20,191,0.0476190476190476,0.104712041884817
"confounded_dense_n300_t02_r0004","confounded","dense","paper_adjusted",300,1000,1.5,4,86221430,"MDACT",0.05,"ok",FALSE,0,"ties should not be present for the one-sample Kolmogorov-Smirnov test","","cce2509c46badbd3a1852773bb18d9c1",31,1,30,191,0.032258064516129,0.157068062827225
"confounded_dense_n300_t02_r0004","confounded","dense","paper_adjusted",300,1000,1.5,4,86221430,"MLFDR",0.05,"ok",FALSE,0.699999999999996,"","","e6c28a3f4c72e4aed1e610682d17c37b",62,4,58,191,0.0645161290322581,0.303664921465969
"binary_dense_n300_t02_r0004","binary","dense","paper_adjusted",300,1000,1.5,4,212064024,"HDMT",0.05,"ok",FALSE,0.0300000000000011,"","","5c5207f9b81615fcc5cf75233e592dfc",20,0,20,198,0,0.101010101010101
"binary_dense_n300_t02_r0004","binary","dense","paper_adjusted",300,1000,1.5,4,212064024,"MDACT",0.05,"ok",FALSE,0,"","","2af44faef7bd1c2ebb3e0a609aceadd6",22,0,22,198,0,0.111111111111111
"binary_dense_n300_t02_r0004","binary","dense","paper_adjusted",300,1000,1.5,4,212064024,"MLFDR",0.05,"ok",FALSE,0.619999999999997,"","","187e83054697fe9047dddc606d63440f",72,1,71,198,0.0138888888888889,0.358585858585859
"linear_sparse_n300_t03_r0004","linear","sparse","paper_adjusted",300,1000,1.9,4,175675833,"HDMT",0.05,"ok",FALSE,0.029999999999994,"ties should not be present for the one-sample Kolmogorov-Smirnov test","","fb7ae162ec2ef6b95f85c887ab873709",1,0,1,15,0,0.0666666666666667
"linear_sparse_n300_t03_r0004","linear","sparse","paper_adjusted",300,1000,1.9,4,175675833,"MDACT",0.05,"ok",FALSE,0.00999999999999801,"ties should not be present for the one-sample Kolmogorov-Smirnov test","","04022de9c7d97f48b58791c3b775ed9a",1,0,1,15,0,0.0666666666666667
"linear_sparse_n300_t03_r0004","linear","sparse","paper_adjusted",300,1000,1.9,4,175675833,"MLFDR",0.05,"ok",FALSE,1.81,"","","09d18db32637531f99ae8a212406de1a",3,1,2,15,0.333333333333333,0.133333333333333
"confounded_sparse_n300_t03_r0004","confounded","sparse","paper_adjusted",300,1000,1.9,4,109295095,"HDMT",0.05,"ok",FALSE,0.029999999999994,"ties should not be present for the one-sample Kolmogorov-Smirnov test","","5a8c6faee325cd531e3984ca27785271",2,0,2,21,0,0.0952380952380952
"confounded_sparse_n300_t03_r0004","confounded","sparse","paper_adjusted",300,1000,1.9,4,109295095,"MDACT",0.05,"ok",FALSE,0.00999999999999801,"ties should not be present for the one-sample Kolmogorov-Smirnov test","","54aa79634852b209352f6877efc277f6",2,0,2,21,0,0.0952380952380952
"confounded_sparse_n300_t03_r0004","confounded","sparse","paper_adjusted",300,1000,1.9,4,109295095,"MLFDR",0.05,"ok",FALSE,0.359999999999999,"","","654d491608fd4600c533a58ce5b4b86d",5,0,5,21,0,0.238095238095238
"binary_sparse_n300_t03_r0004","binary","sparse","paper_adjusted",300,1000,1.9,4,99358646,"HDMT",0.05,"ok",FALSE,0.0399999999999991,"","","debdd49de0cc91e309b3af1a365ff589",0,0,0,24,0,0
"binary_sparse_n300_t03_r0004","binary","sparse","paper_adjusted",300,1000,1.9,4,99358646,"MDACT",0.05,"ok",FALSE,0.0200000000000031,"","","4ac2935b8a969d06c454a582a340036d",1,0,1,24,0,0.0416666666666667
"binary_sparse_n300_t03_r0004","binary","sparse","paper_adjusted",300,1000,1.9,4,99358646,"MLFDR",0.05,"ok",FALSE,0.270000000000003,"","","51eb580004b29f4bc7149e0a186cf4df",9,0,9,24,0,0.375
"linear_dense_n300_t03_r0004","linear","dense","paper_adjusted",300,1000,1.9,4,215274922,"HDMT",0.05,"ok",FALSE,0.0200000000000031,"ties should not be present for the one-sample Kolmogorov-Smirnov test","","9d18a4559634b07c1227d193bfe0862e",60,0,60,226,0,0.265486725663717
"linear_dense_n300_t03_r0004","linear","dense","paper_adjusted",300,1000,1.9,4,215274922,"MDACT",0.05,"ok",FALSE,0.019999999999996,"ties should not be present for the one-sample Kolmogorov-Smirnov test","","58f4517b51b3547f66758e6dac4e3b10",71,1,70,226,0.0140845070422535,0.309734513274336
"linear_dense_n300_t03_r0004","linear","dense","paper_adjusted",300,1000,1.9,4,215274922,"MLFDR",0.05,"ok",FALSE,0.330000000000005,"","","0c05f0752b7bbf16b40bbcca3c4186b1",144,6,138,226,0.0416666666666667,0.610619469026549
"confounded_dense_n300_t03_r0004","confounded","dense","paper_adjusted",300,1000,1.9,4,181025285,"HDMT",0.05,"ok",FALSE,0.0200000000000031,"ties should not be present for the one-sample Kolmogorov-Smirnov test","","fdc510d9355a9a58fb59c7299d61d86a",42,1,41,198,0.0238095238095238,0.207070707070707
"confounded_dense_n300_t03_r0004","confounded","dense","paper_adjusted",300,1000,1.9,4,181025285,"MDACT",0.05,"ok",FALSE,0,"ties should not be present for the one-sample Kolmogorov-Smirnov test","","383bc8c4a9b33f26b23fced6816f25ac",59,3,56,198,0.0508474576271186,0.282828282828283
"confounded_dense_n300_t03_r0004","confounded","dense","paper_adjusted",300,1000,1.9,4,181025285,"MLFDR",0.05,"ok",FALSE,0.25,"","","25a747101af5b8a83b92c9e28af86728",101,1,100,198,0.0099009900990099,0.505050505050505
"binary_dense_n300_t03_r0004","binary","dense","paper_adjusted",300,1000,1.9,4,14618708,"HDMT",0.05,"ok",FALSE,0.00999999999999801,"","","99f22525abd886363c32bfc32eb54895",29,1,28,184,0.0344827586206897,0.152173913043478
"binary_dense_n300_t03_r0004","binary","dense","paper_adjusted",300,1000,1.9,4,14618708,"MDACT",0.05,"ok",FALSE,0,"","","95398e9436632e1afa43b9eec639d611",31,1,30,184,0.032258064516129,0.16304347826087
"binary_dense_n300_t03_r0004","binary","dense","paper_adjusted",300,1000,1.9,4,14618708,"MLFDR",0.05,"ok",FALSE,0.780000000000001,"","","2b1e28053b9bc6b469c0833d25b81455",80,3,77,184,0.0375,0.418478260869565
"linear_sparse_n300_t01_r0005","linear","sparse","paper_adjusted",300,1000,1.3,5,10847831,"HDMT",0.05,"ok",FALSE,0.0300000000000011,"ties should not be present for the one-sample Kolmogorov-Smirnov test","","2e4081e2786fe697caae465e8619a4e8",0,0,0,25,0,0
"linear_sparse_n300_t01_r0005","linear","sparse","paper_adjusted",300,1000,1.3,5,10847831,"MDACT",0.05,"ok",FALSE,0.019999999999996,"ties should not be present for the one-sample Kolmogorov-Smirnov test","","a1af99222c43eefce13569a0b2e1e5e5",0,0,0,25,0,0
"linear_sparse_n300_t01_r0005","linear","sparse","paper_adjusted",300,1000,1.3,5,10847831,"MLFDR",0.05,"ok",FALSE,0.979999999999997,"","","c5f3f0626d7d4c18fd738852724215f4",0,0,0,25,0,0
"confounded_sparse_n300_t01_r0005","confounded","sparse","paper_adjusted",300,1000,1.3,5,172144086,"HDMT",0.05,"ok",FALSE,0.0399999999999991,"ties should not be present for the one-sample Kolmogorov-Smirnov test","","6d99ce0990daa90af04676aab2135517",0,0,0,20,0,0
"confounded_sparse_n300_t01_r0005","confounded","sparse","paper_adjusted",300,1000,1.3,5,172144086,"MDACT",0.05,"ok",FALSE,0,"ties should not be present for the one-sample Kolmogorov-Smirnov test","","f1c39995a5ff1c68b148c799bfbcb045",0,0,0,20,0,0
"confounded_sparse_n300_t01_r0005","confounded","sparse","paper_adjusted",300,1000,1.3,5,172144086,"MLFDR",0.05,"ok",FALSE,3.33,"","","834eb4bcb28ed91b8f557547d50c874d",4,2,2,20,0.5,0.1
"binary_sparse_n300_t01_r0005","binary","sparse","paper_adjusted",300,1000,1.3,5,61711300,"HDMT",0.05,"ok",FALSE,0.0300000000000011,"","","fba95f53aad5005bd1c6d3b730834ffd",1,0,1,23,0,0.0434782608695652
"binary_sparse_n300_t01_r0005","binary","sparse","paper_adjusted",300,1000,1.3,5,61711300,"MDACT",0.05,"ok",FALSE,0,"","","0b750faaad035a25498b17dd6a485084",1,0,1,23,0,0.0434782608695652
"binary_sparse_n300_t01_r0005","binary","sparse","paper_adjusted",300,1000,1.3,5,61711300,"MLFDR",0.05,"ok",FALSE,0.719999999999999,"","","547dbaea61e2f8c7f3a4759537255779",3,0,3,23,0,0.130434782608696
"linear_dense_n300_t01_r0005","linear","dense","paper_adjusted",300,1000,1.3,5,108837877,"HDMT",0.05,"ok",FALSE,0.0300000000000011,"ties should not be present for the one-sample Kolmogorov-Smirnov test","","d194b92e55b2920dcf923a49a2d758fc",8,0,8,217,0,0.0368663594470046
"linear_dense_n300_t01_r0005","linear","dense","paper_adjusted",300,1000,1.3,5,108837877,"MDACT",0.05,"ok",FALSE,0.00999999999999801,"ties should not be present for the one-sample Kolmogorov-Smirnov test","","8481556e85574e05c33b85153feccb49",8,0,8,217,0,0.0368663594470046
"linear_dense_n300_t01_r0005","linear","dense","paper_adjusted",300,1000,1.3,5,108837877,"MLFDR",0.05,"ok",FALSE,1.58,"","","d4774c4a1597dc29b603e3ec66f9b581",58,5,53,217,0.0862068965517241,0.244239631336406
"confounded_dense_n300_t01_r0005","confounded","dense","paper_adjusted",300,1000,1.3,5,134199027,"HDMT",0.05,"ok",FALSE,0.0600000000000023,"ties should not be present for the one-sample Kolmogorov-Smirnov test","","5f6d557f9302749ba75eba25182eba51",6,0,6,187,0,0.0320855614973262
"confounded_dense_n300_t01_r0005","confounded","dense","paper_adjusted",300,1000,1.3,5,134199027,"MDACT",0.05,"ok",FALSE,0,"ties should not be present for the one-sample Kolmogorov-Smirnov test","","832dfebd6756fbfb60cfab40b41d514f",12,1,11,187,0.0833333333333333,0.0588235294117647
"confounded_dense_n300_t01_r0005","confounded","dense","paper_adjusted",300,1000,1.3,5,134199027,"MLFDR",0.05,"ok",FALSE,2.36000000000001,"","","1f3c6090e606605d29b05afd9040c62c",44,2,42,187,0.0454545454545455,0.224598930481283
"binary_dense_n300_t01_r0005","binary","dense","paper_adjusted",300,1000,1.3,5,253312943,"HDMT",0.05,"ok",FALSE,0.0300000000000011,"","","dfaa09283022508f550e84aa65486cee",12,1,11,212,0.0833333333333333,0.0518867924528302
"binary_dense_n300_t01_r0005","binary","dense","paper_adjusted",300,1000,1.3,5,253312943,"MDACT",0.05,"ok",FALSE,0.0200000000000031,"","","1b5fc20a2ae572c13c4e17fd41fe6466",22,2,20,212,0.0909090909090909,0.0943396226415094
"binary_dense_n300_t01_r0005","binary","dense","paper_adjusted",300,1000,1.3,5,253312943,"MLFDR",0.05,"ok",FALSE,2.29,"","","0367e9d5e620b164fcc4046c3f813e38",72,5,67,212,0.0694444444444444,0.316037735849057
"linear_sparse_n300_t02_r0005","linear","sparse","paper_adjusted",300,1000,1.5,5,197566384,"HDMT",0.05,"ok",FALSE,0.0300000000000011,"ties should not be present for the one-sample Kolmogorov-Smirnov test","","792e01874dd58f7154369cdbffd4c93c",0,0,0,20,0,0
"linear_sparse_n300_t02_r0005","linear","sparse","paper_adjusted",300,1000,1.5,5,197566384,"MDACT",0.05,"ok",FALSE,0.00999999999999801,"ties should not be present for the one-sample Kolmogorov-Smirnov test","","c6286276cd9897a02f11881c038d2a80",1,0,1,20,0,0.05
"linear_sparse_n300_t02_r0005","linear","sparse","paper_adjusted",300,1000,1.5,5,197566384,"MLFDR",0.05,"ok",FALSE,0.590000000000003,"","","fadb43e1f825926c497c150b1bd437ad",1,0,1,20,0,0.05
"confounded_sparse_n300_t02_r0005","confounded","sparse","paper_adjusted",300,1000,1.5,5,68426988,"HDMT",0.05,"ok",FALSE,0.0200000000000031,"ties should not be present for the one-sample Kolmogorov-Smirnov test","","7c31a3d1e00e7b505e536bd57a88291a",0,0,0,26,0,0
"confounded_sparse_n300_t02_r0005","confounded","sparse","paper_adjusted",300,1000,1.5,5,68426988,"MDACT",0.05,"ok",FALSE,0,"ties should not be present for the one-sample Kolmogorov-Smirnov test","","cb4007928b93482c214ad17ea4b109b8",0,0,0,26,0,0
"confounded_sparse_n300_t02_r0005","confounded","sparse","paper_adjusted",300,1000,1.5,5,68426988,"MLFDR",0.05,"ok",FALSE,1.63,"","","fdfc0dc2a30a992725a8f637d23df3d8",0,0,0,26,0,0
"binary_sparse_n300_t02_r0005","binary","sparse","paper_adjusted",300,1000,1.5,5,160077102,"HDMT",0.05,"ok",FALSE,0.00999999999999801,"","","026823b94545ff3ab75db7304b545890",0,0,0,18,0,0
"binary_sparse_n300_t02_r0005","binary","sparse","paper_adjusted",300,1000,1.5,5,160077102,"MDACT",0.05,"ok",FALSE,0.00999999999999801,"","","3a3e09f770cca064a8e0661d4f024b4b",0,0,0,18,0,0
"binary_sparse_n300_t02_r0005","binary","sparse","paper_adjusted",300,1000,1.5,5,160077102,"MLFDR",0.05,"ok",FALSE,0.659999999999997,"","","5082f7f0c0d24b1f150d76ba124f5d02",0,0,0,18,0,0
"linear_dense_n300_t02_r0005","linear","dense","paper_adjusted",300,1000,1.5,5,10202655,"HDMT",0.05,"ok",FALSE,0.0300000000000011,"ties should not be present for the one-sample Kolmogorov-Smirnov test","","0dfec57cd6294a0827098f6915ed57dd",25,1,24,203,0.04,0.118226600985222
"linear_dense_n300_t02_r0005","linear","dense","paper_adjusted",300,1000,1.5,5,10202655,"MDACT",0.05,"ok",FALSE,0.019999999999996,"ties should not be present for the one-sample Kolmogorov-Smirnov test","","fa6d0909fdde440bf8d0982fe2a2326c",32,1,31,203,0.03125,0.152709359605911
"linear_dense_n300_t02_r0005","linear","dense","paper_adjusted",300,1000,1.5,5,10202655,"MLFDR",0.05,"ok",FALSE,0.590000000000003,"","","724ed65e51801946bd8c7768d964f3ed",94,7,87,203,0.074468085106383,0.428571428571429
"confounded_dense_n300_t02_r0005","confounded","dense","paper_adjusted",300,1000,1.5,5,22355573,"HDMT",0.05,"ok",FALSE,0.0300000000000011,"ties should not be present for the one-sample Kolmogorov-Smirnov test","","69434660d3f14a240e8feeac57fc80d2",14,0,14,204,0,0.0686274509803922
"confounded_dense_n300_t02_r0005","confounded","dense","paper_adjusted",300,1000,1.5,5,22355573,"MDACT",0.05,"ok",FALSE,0.019999999999996,"ties should not be present for the one-sample Kolmogorov-Smirnov test","","cb45f280fdb30e454e900b7a9b0056ce",32,2,30,204,0.0625,0.147058823529412
"confounded_dense_n300_t02_r0005","confounded","dense","paper_adjusted",300,1000,1.5,5,22355573,"MLFDR",0.05,"ok",FALSE,0.630000000000003,"","","5b30eccb31d05c683f052a1b3a9d907c",69,5,64,204,0.072463768115942,0.313725490196078
"binary_dense_n300_t02_r0005","binary","dense","paper_adjusted",300,1000,1.5,5,59561594,"HDMT",0.05,"ok",FALSE,0.0300000000000011,"","","79890456a1c424a6a7e143edf13dcce6",30,2,28,219,0.0666666666666667,0.127853881278539
"binary_dense_n300_t02_r0005","binary","dense","paper_adjusted",300,1000,1.5,5,59561594,"MDACT",0.05,"ok",FALSE,0.0200000000000031,"","","facb18358c98ad26300c44b22db047a2",30,2,28,219,0.0666666666666667,0.127853881278539
"binary_dense_n300_t02_r0005","binary","dense","paper_adjusted",300,1000,1.5,5,59561594,"MLFDR",0.05,"ok",FALSE,1.24,"","","72eeab326df3bf20f0b35a3f1a0d9eaf",108,12,96,219,0.111111111111111,0.438356164383562
"linear_sparse_n300_t03_r0005","linear","sparse","paper_adjusted",300,1000,1.9,5,40372452,"HDMT",0.05,"ok",FALSE,0.00999999999999801,"ties should not be present for the one-sample Kolmogorov-Smirnov test","","4abdfcd87b653d6717467ac561653ce8",2,0,2,24,0,0.0833333333333333
"linear_sparse_n300_t03_r0005","linear","sparse","paper_adjusted",300,1000,1.9,5,40372452,"MDACT",0.05,"ok",FALSE,0.00999999999999801,"ties should not be present for the one-sample Kolmogorov-Smirnov test","","80d249b951651d318e7718b9ad7857bf",2,0,2,24,0,0.0833333333333333
"linear_sparse_n300_t03_r0005","linear","sparse","paper_adjusted",300,1000,1.9,5,40372452,"MLFDR",0.05,"ok",FALSE,0.450000000000003,"","","91f1d47fb9eb155deb2a1ec3e2c475fd",8,0,8,24,0,0.333333333333333
"confounded_sparse_n300_t03_r0005","confounded","sparse","paper_adjusted",300,1000,1.9,5,201186306,"HDMT",0.05,"ok",FALSE,0.0300000000000011,"ties should not be present for the one-sample Kolmogorov-Smirnov test","","280f5349cae1a8a1590f7f661ec63d49",0,0,0,18,0,0
"confounded_sparse_n300_t03_r0005","confounded","sparse","paper_adjusted",300,1000,1.9,5,201186306,"MDACT",0.05,"ok",FALSE,0.0200000000000031,"ties should not be present for the one-sample Kolmogorov-Smirnov test","","b0495255d8a5c0ace05915e0c370ad40",0,0,0,18,0,0
"confounded_sparse_n300_t03_r0005","confounded","sparse","paper_adjusted",300,1000,1.9,5,201186306,"MLFDR",0.05,"ok",FALSE,1.28,"","","a709d5a87ded4ebe1fd9f125edd74e6f",0,0,0,18,0,0
"binary_sparse_n300_t03_r0005","binary","sparse","paper_adjusted",300,1000,1.9,5,42540023,"HDMT",0.05,"ok",FALSE,0.0200000000000031,"","","db12fa16edaa01d03258bc0f08e81ce7",7,0,7,23,0,0.304347826086957
"binary_sparse_n300_t03_r0005","binary","sparse","paper_adjusted",300,1000,1.9,5,42540023,"MDACT",0.05,"ok",FALSE,0,"","","a00f66d8e482c9c8f163da5647ca39d6",6,0,6,23,0,0.260869565217391
"binary_sparse_n300_t03_r0005","binary","sparse","paper_adjusted",300,1000,1.9,5,42540023,"MLFDR",0.05,"ok",FALSE,0.910000000000004,"","","1d4222020c63dfe5ad15f2fc264696c2",9,1,8,23,0.111111111111111,0.347826086956522
"linear_dense_n300_t03_r0005","linear","dense","paper_adjusted",300,1000,1.9,5,152598682,"HDMT",0.05,"ok",FALSE,0.00999999999999801,"ties should not be present for the one-sample Kolmogorov-Smirnov test","","7861128c10324d8af4279248eacd2c88",65,2,63,212,0.0307692307692308,0.297169811320755
"linear_dense_n300_t03_r0005","linear","dense","paper_adjusted",300,1000,1.9,5,152598682,"MDACT",0.05,"ok",FALSE,0,"ties should not be present for the one-sample Kolmogorov-Smirnov test","","c5920685ca32539e46ad483031252dc0",69,2,67,212,0.0289855072463768,0.316037735849057
"linear_dense_n300_t03_r0005","linear","dense","paper_adjusted",300,1000,1.9,5,152598682,"MLFDR",0.05,"ok",FALSE,0.350000000000001,"","","faa92abf2f0d3112b27c97a7efe2dc57",142,6,136,212,0.0422535211267606,0.641509433962264
"confounded_dense_n300_t03_r0005","confounded","dense","paper_adjusted",300,1000,1.9,5,70790343,"HDMT",0.05,"ok",FALSE,0.0300000000000011,"ties should not be present for the one-sample Kolmogorov-Smirnov test","","5fcee1eff29b81ab1a2441a0c3da2114",8,0,8,205,0,0.0390243902439024
"confounded_dense_n300_t03_r0005","confounded","dense","paper_adjusted",300,1000,1.9,5,70790343,"MDACT",0.05,"ok",FALSE,0,"ties should not be present for the one-sample Kolmogorov-Smirnov test","","db32ee51cd0da8e1a79d9a8ea6bd34aa",24,0,24,205,0,0.117073170731707
"confounded_dense_n300_t03_r0005","confounded","dense","paper_adjusted",300,1000,1.9,5,70790343,"MLFDR",0.05,"ok",FALSE,0.359999999999999,"","","e1e2362a93ca725f593fc12028a18ec5",82,0,82,205,0,0.4
"binary_dense_n300_t03_r0005","binary","dense","paper_adjusted",300,1000,1.9,5,93734395,"HDMT",0.05,"ok",FALSE,0.0200000000000031,"","","b1274d6197524139fde9deaecbc9d082",43,2,41,192,0.0465116279069767,0.213541666666667
"binary_dense_n300_t03_r0005","binary","dense","paper_adjusted",300,1000,1.9,5,93734395,"MDACT",0.05,"ok",FALSE,0,"","","cf576289c815fc4291aa0c9507660e68",56,3,53,192,0.0535714285714286,0.276041666666667
"binary_dense_n300_t03_r0005","binary","dense","paper_adjusted",300,1000,1.9,5,93734395,"MLFDR",0.05,"ok",FALSE,0.310000000000002,"","","2839c7ee5dbaba95b7ccc6d2975d62a0",110,6,104,192,0.0545454545454545,0.541666666666667
"linear_sparse_n300_t01_r0006","linear","sparse","paper_adjusted",300,1000,1.3,6,31488383,"HDMT",0.05,"ok",FALSE,0.0799999999999983,"ties should not be present for the one-sample Kolmogorov-Smirnov test","","e500f492d58118bb484b3d474ccd057f",0,0,0,25,0,0
"linear_sparse_n300_t01_r0006","linear","sparse","paper_adjusted",300,1000,1.3,6,31488383,"MDACT",0.05,"ok",FALSE,0.00999999999999801,"ties should not be present for the one-sample Kolmogorov-Smirnov test","","efd01a4d7021f6c3e652b8eb432490f3",0,0,0,25,0,0
"linear_sparse_n300_t01_r0006","linear","sparse","paper_adjusted",300,1000,1.3,6,31488383,"MLFDR",0.05,"ok",FALSE,0.890000000000001,"","","711ce8602a57151eac98e9da17cfc241",0,0,0,25,0,0
"confounded_sparse_n300_t01_r0006","confounded","sparse","paper_adjusted",300,1000,1.3,6,136007483,"HDMT",0.05,"ok",FALSE,0.0200000000000031,"ties should not be present for the one-sample Kolmogorov-Smirnov test","","b39e697826a3eff48a8e65be1bbd8ea4",7,1,6,24,0.142857142857143,0.25
"confounded_sparse_n300_t01_r0006","confounded","sparse","paper_adjusted",300,1000,1.3,6,136007483,"MDACT",0.05,"ok",FALSE,0,"ties should not be present for the one-sample Kolmogorov-Smirnov test","","40ba15cb7d1270ad412c632f35d7e587",3,0,3,24,0,0.125
"confounded_sparse_n300_t01_r0006","confounded","sparse","paper_adjusted",300,1000,1.3,6,136007483,"MLFDR",0.05,"ok",FALSE,0.800000000000004,"","","e7b3529b6c98f19782912b17516bb4a2",6,1,5,24,0.166666666666667,0.208333333333333
"binary_sparse_n300_t01_r0006","binary","sparse","paper_adjusted",300,1000,1.3,6,249507088,"HDMT",0.05,"ok",FALSE,0.0200000000000031,"","","b3aac7ae2a58cdea066ad18ae09adc37",0,0,0,21,0,0
"binary_sparse_n300_t01_r0006","binary","sparse","paper_adjusted",300,1000,1.3,6,249507088,"MDACT",0.05,"ok",FALSE,0,"","","3fc26dde34e6a064fb1c57ec60d453a2",0,0,0,21,0,0
"binary_sparse_n300_t01_r0006","binary","sparse","paper_adjusted",300,1000,1.3,6,249507088,"MLFDR",0.05,"ok",FALSE,5.11,"","","4677a6c56d30e109656d867ace6d861a",1,0,1,21,0,0.0476190476190476
"linear_dense_n300_t01_r0006","linear","dense","paper_adjusted",300,1000,1.3,6,140641956,"HDMT",0.05,"ok",FALSE,0.0300000000000011,"ties should not be present for the one-sample Kolmogorov-Smirnov test","","9355bbc8dab9c32f8b5130fe85aea551",0,0,0,214,0,0
"linear_dense_n300_t01_r0006","linear","dense","paper_adjusted",300,1000,1.3,6,140641956,"MDACT",0.05,"ok",FALSE,0.0200000000000031,"ties should not be present for the one-sample Kolmogorov-Smirnov test","","e430c9baf11a7c5cdefed84896216e77",1,0,1,214,0,0.00467289719626168
"linear_dense_n300_t01_r0006","linear","dense","paper_adjusted",300,1000,1.3,6,140641956,"MLFDR",0.05,"ok",FALSE,0.590000000000003,"","","00cb6642ac6f1f58d70c6e5dff85def8",9,0,9,214,0,0.0420560747663551
"confounded_dense_n300_t01_r0006","confounded","dense","paper_adjusted",300,1000,1.3,6,58653702,"HDMT",0.05,"ok",FALSE,0.0300000000000011,"ties should not be present for the one-sample Kolmogorov-Smirnov test","","921dbc38ad6b3691c7bcdf17c2087765",2,0,2,184,0,0.0108695652173913
"confounded_dense_n300_t01_r0006","confounded","dense","paper_adjusted",300,1000,1.3,6,58653702,"MDACT",0.05,"ok",FALSE,0,"ties should not be present for the one-sample Kolmogorov-Smirnov test","","b03acb86f03cd8c6cf063d7058b3f502",5,0,5,184,0,0.0271739130434783
"confounded_dense_n300_t01_r0006","confounded","dense","paper_adjusted",300,1000,1.3,6,58653702,"MLFDR",0.05,"ok",FALSE,0.619999999999997,"","","b7e98a2726c8198b7453a952efd089cf",24,1,23,184,0.0416666666666667,0.125
"binary_dense_n300_t01_r0006","binary","dense","paper_adjusted",300,1000,1.3,6,46564766,"HDMT",0.05,"ok",FALSE,0.0300000000000011,"","","b6dc46865b911b996cc3e1d90f6e0b00",0,0,0,213,0,0
"binary_dense_n300_t01_r0006","binary","dense","paper_adjusted",300,1000,1.3,6,46564766,"MDACT",0.05,"ok",FALSE,0,"","","df817bd506c4cec692bbbd9fc1bcdacf",8,0,8,213,0,0.0375586854460094
"binary_dense_n300_t01_r0006","binary","dense","paper_adjusted",300,1000,1.3,6,46564766,"MLFDR",0.05,"ok",FALSE,0.399999999999999,"","","47d72c8aea94cac8cbf184dcde02e795",50,2,48,213,0.04,0.225352112676056
"linear_sparse_n300_t02_r0006","linear","sparse","paper_adjusted",300,1000,1.5,6,137367047,"HDMT",0.05,"ok",FALSE,0.00999999999999801,"ties should not be present for the one-sample Kolmogorov-Smirnov test","","e1dd4086c4dd0df1288631fbbd950125",1,0,1,15,0,0.0666666666666667
"linear_sparse_n300_t02_r0006","linear","sparse","paper_adjusted",300,1000,1.5,6,137367047,"MDACT",0.05,"ok",FALSE,0.00999999999999801,"ties should not be present for the one-sample Kolmogorov-Smirnov test","","4844de9743bc9d3bb08fdd2d1b085d31",1,0,1,15,0,0.0666666666666667
"linear_sparse_n300_t02_r0006","linear","sparse","paper_adjusted",300,1000,1.5,6,137367047,"MLFDR",0.05,"ok",FALSE,1.13999999999999,"","","99641cdbd4e105aac890b522f0564312",1,0,1,15,0,0.0666666666666667
"confounded_sparse_n300_t02_r0006","confounded","sparse","paper_adjusted",300,1000,1.5,6,172920684,"HDMT",0.05,"ok",FALSE,0.029999999999994,"ties should not be present for the one-sample Kolmogorov-Smirnov test","","60b968b78214584b92bea669ab06ec6d",0,0,0,19,0,0
"confounded_sparse_n300_t02_r0006","confounded","sparse","paper_adjusted",300,1000,1.5,6,172920684,"MDACT",0.05,"ok",FALSE,0.00999999999999801,"ties should not be present for the one-sample Kolmogorov-Smirnov test","","9e434c6a192b4fc9655be52edfa0bd5d",0,0,0,19,0,0
"confounded_sparse_n300_t02_r0006","confounded","sparse","paper_adjusted",300,1000,1.5,6,172920684,"MLFDR",0.05,"ok",FALSE,0.420000000000002,"","","a714c125311e460da72f47a96d1a48dc",0,0,0,19,0,0
"binary_sparse_n300_t02_r0006","binary","sparse","paper_adjusted",300,1000,1.5,6,32880415,"HDMT",0.05,"ok",FALSE,0.029999999999994,"","","7e424fa1c2b8e05de7dd18b09c2a4afb",2,1,1,17,0.5,0.0588235294117647
"binary_sparse_n300_t02_r0006","binary","sparse","paper_adjusted",300,1000,1.5,6,32880415,"MDACT",0.05,"ok",FALSE,0,"","","91720dffb76852756a779990adcbd52b",2,1,1,17,0.5,0.0588235294117647
"binary_sparse_n300_t02_r0006","binary","sparse","paper_adjusted",300,1000,1.5,6,32880415,"MLFDR",0.05,"ok",FALSE,0.640000000000001,"","","9399915c86ee71e45864dca045987aef",2,1,1,17,0.5,0.0588235294117647
"linear_dense_n300_t02_r0006","linear","dense","paper_adjusted",300,1000,1.5,6,247898289,"HDMT",0.05,"ok",FALSE,0.0300000000000011,"ties should not be present for the one-sample Kolmogorov-Smirnov test","","347ad8810af4636679997423db4f4884",20,0,20,196,0,0.102040816326531
"linear_dense_n300_t02_r0006","linear","dense","paper_adjusted",300,1000,1.5,6,247898289,"MDACT",0.05,"ok",FALSE,0.0200000000000031,"ties should not be present for the one-sample Kolmogorov-Smirnov test","","78cce98aadd525f35fa76df6507d3947",29,0,29,196,0,0.147959183673469
"linear_dense_n300_t02_r0006","linear","dense","paper_adjusted",300,1000,1.5,6,247898289,"MLFDR",0.05,"ok",FALSE,0.289999999999999,"","","a81e8d6c275737d839083e236302a4a0",100,5,95,196,0.05,0.48469387755102
"confounded_dense_n300_t02_r0006","confounded","dense","paper_adjusted",300,1000,1.5,6,77226566,"HDMT",0.05,"ok",FALSE,0.0300000000000011,"ties should not be present for the one-sample Kolmogorov-Smirnov test","","47738f72d136632dc79cb1cf555174c1",4,0,4,196,0,0.0204081632653061
"confounded_dense_n300_t02_r0006","confounded","dense","paper_adjusted",300,1000,1.5,6,77226566,"MDACT",0.05,"ok",FALSE,0.00999999999999801,"ties should not be present for the one-sample Kolmogorov-Smirnov test","","ba564805a507287d0426397ce08eb97f",8,0,8,196,0,0.0408163265306122
"confounded_dense_n300_t02_r0006","confounded","dense","paper_adjusted",300,1000,1.5,6,77226566,"MLFDR",0.05,"ok",FALSE,1.73,"","","e4ee683c71ed794bee34156642756cd6",95,12,83,196,0.126315789473684,0.423469387755102
"binary_dense_n300_t02_r0006","binary","dense","paper_adjusted",300,1000,1.5,6,210656461,"HDMT",0.05,"ok",FALSE,0.029999999999994,"","","356c134c05de49efb18f594f5e2601dc",12,0,12,199,0,0.0603015075376884
"binary_dense_n300_t02_r0006","binary","dense","paper_adjusted",300,1000,1.5,6,210656461,"MDACT",0.05,"ok",FALSE,0,"","","25ab020b7aed49003b11ad626ae8a77f",16,1,15,199,0.0625,0.0753768844221105
"binary_dense_n300_t02_r0006","binary","dense","paper_adjusted",300,1000,1.5,6,210656461,"MLFDR",0.05,"ok",FALSE,6.86000000000001,"","","0fe8a09c62088fd8fdd2f0ff5f92194b",80,10,70,199,0.125,0.351758793969849
"linear_sparse_n300_t03_r0006","linear","sparse","paper_adjusted",300,1000,1.9,6,13699505,"HDMT",0.05,"ok",FALSE,0.0300000000000011,"ties should not be present for the one-sample Kolmogorov-Smirnov test","","c583638f3c1cd21a074ec68392efb105",2,0,2,26,0,0.0769230769230769
"linear_sparse_n300_t03_r0006","linear","sparse","paper_adjusted",300,1000,1.9,6,13699505,"MDACT",0.05,"ok",FALSE,0.019999999999996,"ties should not be present for the one-sample Kolmogorov-Smirnov test","","9b8a37f99bbeb02873d5fe1551e703fe",4,0,4,26,0,0.153846153846154
"linear_sparse_n300_t03_r0006","linear","sparse","paper_adjusted",300,1000,1.9,6,13699505,"MLFDR",0.05,"ok",FALSE,0.590000000000003,"","","1b985a3f3a103a06b026cccc63030642",5,0,5,26,0,0.192307692307692
"confounded_sparse_n300_t03_r0006","confounded","sparse","paper_adjusted",300,1000,1.9,6,234008246,"HDMT",0.05,"ok",FALSE,0.0300000000000011,"ties should not be present for the one-sample Kolmogorov-Smirnov test","","67856bba5fb256f8a69e558c5e98bcc6",0,0,0,26,0,0
"confounded_sparse_n300_t03_r0006","confounded","sparse","paper_adjusted",300,1000,1.9,6,234008246,"MDACT",0.05,"ok",FALSE,0.00999999999999801,"ties should not be present for the one-sample Kolmogorov-Smirnov test","","1441e7014ce49167d196db3431154aca",2,0,2,26,0,0.0769230769230769
"confounded_sparse_n300_t03_r0006","confounded","sparse","paper_adjusted",300,1000,1.9,6,234008246,"MLFDR",0.05,"ok",FALSE,0.509999999999998,"","","d3216b0dec745f12361c1ebce1d7cfcc",8,1,7,26,0.125,0.269230769230769
"binary_sparse_n300_t03_r0006","binary","sparse","paper_adjusted",300,1000,1.9,6,14832615,"HDMT",0.05,"ok",FALSE,0.00999999999999801,"","","d9e3f9e0d9c797f0606d206c853ff43d",4,0,4,21,0,0.19047619047619
"binary_sparse_n300_t03_r0006","binary","sparse","paper_adjusted",300,1000,1.9,6,14832615,"MDACT",0.05,"ok",FALSE,0,"","","46a72a9392bac6549761ba03a8c3a6cb",5,0,5,21,0,0.238095238095238
"binary_sparse_n300_t03_r0006","binary","sparse","paper_adjusted",300,1000,1.9,6,14832615,"MLFDR",0.05,"ok",FALSE,0.230000000000004,"","","ecfebce853b4801dd7b427eb3044ad01",9,0,9,21,0,0.428571428571429
"linear_dense_n300_t03_r0006","linear","dense","paper_adjusted",300,1000,1.9,6,104382079,"HDMT",0.05,"ok",FALSE,0.029999999999994,"ties should not be present for the one-sample Kolmogorov-Smirnov test","","13c48faef79adb0172dec50acb6d68b9",50,0,50,221,0,0.226244343891403
"linear_dense_n300_t03_r0006","linear","dense","paper_adjusted",300,1000,1.9,6,104382079,"MDACT",0.05,"ok",FALSE,0,"ties should not be present for the one-sample Kolmogorov-Smirnov test","","0615acb223d91ac5987cd9cfbff73788",56,1,55,221,0.0178571428571429,0.248868778280543
"linear_dense_n300_t03_r0006","linear","dense","paper_adjusted",300,1000,1.9,6,104382079,"MLFDR",0.05,"ok",FALSE,1.14,"","","7a3e4a1e292cde0340fab3e3761fd51c",129,4,125,221,0.0310077519379845,0.565610859728507
"confounded_dense_n300_t03_r0006","confounded","dense","paper_adjusted",300,1000,1.9,6,174690890,"HDMT",0.05,"ok",FALSE,0.019999999999996,"ties should not be present for the one-sample Kolmogorov-Smirnov test","","129b1dd31e4380b3c1bf79fe86b6ee6d",31,0,31,186,0,0.166666666666667
"confounded_dense_n300_t03_r0006","confounded","dense","paper_adjusted",300,1000,1.9,6,174690890,"MDACT",0.05,"ok",FALSE,0.00999999999999801,"ties should not be present for the one-sample Kolmogorov-Smirnov test","","4480b400e8b7912a5a0e22ece8a405e1",34,0,34,186,0,0.182795698924731
"confounded_dense_n300_t03_r0006","confounded","dense","paper_adjusted",300,1000,1.9,6,174690890,"MLFDR",0.05,"ok",FALSE,0.280000000000001,"","","cad1c02da618680ffc68f059e94ba478",93,4,89,186,0.043010752688172,0.478494623655914
"binary_dense_n300_t03_r0006","binary","dense","paper_adjusted",300,1000,1.9,6,13417686,"HDMT",0.05,"ok",FALSE,0.0300000000000011,"","","83e03f933dddefff91490e81931df270",84,1,83,211,0.0119047619047619,0.393364928909953
"binary_dense_n300_t03_r0006","binary","dense","paper_adjusted",300,1000,1.9,6,13417686,"MDACT",0.05,"ok",FALSE,0.0200000000000031,"","","dce901bf5895b706c4665979b7d228f6",91,4,87,211,0.043956043956044,0.412322274881517
"binary_dense_n300_t03_r0006","binary","dense","paper_adjusted",300,1000,1.9,6,13417686,"MLFDR",0.05,"ok",FALSE,0.25,"","","67b52d6c40bff26f4d78b628d793558a",133,3,130,211,0.0225563909774436,0.616113744075829
"linear_sparse_n300_t01_r0007","linear","sparse","paper_adjusted",300,1000,1.3,7,227711122,"HDMT",0.05,"ok",FALSE,0.019999999999996,"ties should not be present for the one-sample Kolmogorov-Smirnov test","","0905e9b7540f109471c975d1212c9e6b",0,0,0,16,0,0
"linear_sparse_n300_t01_r0007","linear","sparse","paper_adjusted",300,1000,1.3,7,227711122,"MDACT",0.05,"ok",FALSE,0,"ties should not be present for the one-sample Kolmogorov-Smirnov test","","d9aeda8485068b4cf6429fcff3a4b752",0,0,0,16,0,0
"linear_sparse_n300_t01_r0007","linear","sparse","paper_adjusted",300,1000,1.3,7,227711122,"MLFDR",0.05,"ok",FALSE,0.660000000000011,"","","07e99dac292c84db519010f3f157b02a",0,0,0,16,0,0
"confounded_sparse_n300_t01_r0007","confounded","sparse","paper_adjusted",300,1000,1.3,7,185695362,"HDMT",0.05,"ok",FALSE,0.0300000000000011,"ties should not be present for the one-sample Kolmogorov-Smirnov test","","a8937ebd58e4b89c4a3cd56715032be2",0,0,0,19,0,0
"confounded_sparse_n300_t01_r0007","confounded","sparse","paper_adjusted",300,1000,1.3,7,185695362,"MDACT",0.05,"ok",FALSE,0.0100000000000051,"ties should not be present for the one-sample Kolmogorov-Smirnov test","","aac8afbea82470733c55797dc0706671",0,0,0,19,0,0
"confounded_sparse_n300_t01_r0007","confounded","sparse","paper_adjusted",300,1000,1.3,7,185695362,"MLFDR",0.05,"ok",FALSE,1.73,"","","9c0fbfa38c3270dd979526c22943ae4d",0,0,0,19,0,0
"binary_sparse_n300_t01_r0007","binary","sparse","paper_adjusted",300,1000,1.3,7,70257972,"HDMT",0.05,"ok",FALSE,0.00999999999999091,"","","63b1e311cda3f43902e34f5a7a5a331a",0,0,0,19,0,0
"binary_sparse_n300_t01_r0007","binary","sparse","paper_adjusted",300,1000,1.3,7,70257972,"MDACT",0.05,"ok",FALSE,0,"","","06460f2f78b7085cf2613c38e4ccd2bd",0,0,0,19,0,0
"binary_sparse_n300_t01_r0007","binary","sparse","paper_adjusted",300,1000,1.3,7,70257972,"MLFDR",0.05,"ok",FALSE,2.15000000000001,"","","2c2e8c3bf5a7dcb4f7561fc068ea6529",0,0,0,19,0,0
"linear_dense_n300_t01_r0007","linear","dense","paper_adjusted",300,1000,1.3,7,241217592,"HDMT",0.05,"ok",FALSE,0.0300000000000011,"ties should not be present for the one-sample Kolmogorov-Smirnov test","","f9784ea61e62f51b9cefa2eebb25649b",0,0,0,187,0,0
"linear_dense_n300_t01_r0007","linear","dense","paper_adjusted",300,1000,1.3,7,241217592,"MDACT",0.05,"ok",FALSE,0,"ties should not be present for the one-sample Kolmogorov-Smirnov test","","04c28c7519d68eb7d436590248aa9214",8,1,7,187,0.125,0.0374331550802139
"linear_dense_n300_t01_r0007","linear","dense","paper_adjusted",300,1000,1.3,7,241217592,"MLFDR",0.05,"ok",FALSE,0.47999999999999,"","","546470e457f1b42273fba89fb98b7f99",33,0,33,187,0,0.176470588235294
"confounded_dense_n300_t01_r0007","confounded","dense","paper_adjusted",300,1000,1.3,7,89235431,"HDMT",0.05,"ok",FALSE,0.0400000000000063,"ties should not be present for the one-sample Kolmogorov-Smirnov test","","9aab22c314f3f7dc89a1fce0b6406297",4,0,4,187,0,0.0213903743315508
"confounded_dense_n300_t01_r0007","confounded","dense","paper_adjusted",300,1000,1.3,7,89235431,"MDACT",0.05,"ok",FALSE,0.019999999999996,"ties should not be present for the one-sample Kolmogorov-Smirnov test","","fd131686ad0fa189e49a0d65b085f646",4,0,4,187,0,0.0213903743315508
"confounded_dense_n300_t01_r0007","confounded","dense","paper_adjusted",300,1000,1.3,7,89235431,"MLFDR",0.05,"ok",FALSE,0.519999999999996,"","","9c3b456973f8cceba0a087f8c4f4a6e8",14,0,14,187,0,0.0748663101604278
"binary_dense_n300_t01_r0007","binary","dense","paper_adjusted",300,1000,1.3,7,116258530,"HDMT",0.05,"ok",FALSE,0.0600000000000023,"","","409eb4458f312133c4b401313ef34f26",2,0,2,189,0,0.0105820105820106
"binary_dense_n300_t01_r0007","binary","dense","paper_adjusted",300,1000,1.3,7,116258530,"MDACT",0.05,"ok",FALSE,0.0100000000000051,"","","8c214567eb93caabd4354bc1ba969189",2,0,2,189,0,0.0105820105820106
"binary_dense_n300_t01_r0007","binary","dense","paper_adjusted",300,1000,1.3,7,116258530,"MLFDR",0.05,"ok",FALSE,3.69,"","","74dbeba7a16be08fa18272b34e028e72",24,1,23,189,0.0416666666666667,0.121693121693122
"linear_sparse_n300_t02_r0007","linear","sparse","paper_adjusted",300,1000,1.5,7,134744444,"HDMT",0.05,"ok",FALSE,0.019999999999996,"ties should not be present for the one-sample Kolmogorov-Smirnov test","","9e89ccc3df9abc6fd10ad82df42b445e",0,0,0,9,0,0
"linear_sparse_n300_t02_r0007","linear","sparse","paper_adjusted",300,1000,1.5,7,134744444,"MDACT",0.05,"ok",FALSE,0.019999999999996,"ties should not be present for the one-sample Kolmogorov-Smirnov test","","1be06f83c666f2949e9ff091a101ecb1",0,0,0,9,0,0
"linear_sparse_n300_t02_r0007","linear","sparse","paper_adjusted",300,1000,1.5,7,134744444,"MLFDR",0.05,"ok",FALSE,0.570000000000007,"","","45aa0c6db7a92c1465cdb8679effbbe9",0,0,0,9,0,0
"confounded_sparse_n300_t02_r0007","confounded","sparse","paper_adjusted",300,1000,1.5,7,189890030,"HDMT",0.05,"ok",FALSE,0.0100000000000051,"ties should not be present for the one-sample Kolmogorov-Smirnov test","","aedd1e53bfd091f1ccddb9f8fd9a997b",0,0,0,13,0,0
"confounded_sparse_n300_t02_r0007","confounded","sparse","paper_adjusted",300,1000,1.5,7,189890030,"MDACT",0.05,"ok",FALSE,0,"ties should not be present for the one-sample Kolmogorov-Smirnov test","","ea830c027d9a2cadaa0c46b1412a1eee",0,0,0,13,0,0
"confounded_sparse_n300_t02_r0007","confounded","sparse","paper_adjusted",300,1000,1.5,7,189890030,"MLFDR",0.05,"ok",FALSE,0.5,"","","aadd4f7eea449effc259a1e08ddd8993",0,0,0,13,0,0
"binary_sparse_n300_t02_r0007","binary","sparse","paper_adjusted",300,1000,1.5,7,266586441,"HDMT",0.05,"ok",FALSE,0.0200000000000102,"","","0dad4f228391febdf49868da1aa853bf",0,0,0,17,0,0
"binary_sparse_n300_t02_r0007","binary","sparse","paper_adjusted",300,1000,1.5,7,266586441,"MDACT",0.05,"ok",FALSE,0,"","","c73be8e97ee3d931b4ab9823c4f19152",0,0,0,17,0,0
"binary_sparse_n300_t02_r0007","binary","sparse","paper_adjusted",300,1000,1.5,7,266586441,"MLFDR",0.05,"ok",FALSE,0.439999999999998,"","","1d81f7a551d70db956f38dbe2c0135bd",0,0,0,17,0,0
"linear_dense_n300_t02_r0007","linear","dense","paper_adjusted",300,1000,1.5,7,91328463,"HDMT",0.05,"ok",FALSE,0.0300000000000011,"ties should not be present for the one-sample Kolmogorov-Smirnov test","","61a4083b01ed13f36176e98eed0e0e9a",6,0,6,197,0,0.0304568527918782
"linear_dense_n300_t02_r0007","linear","dense","paper_adjusted",300,1000,1.5,7,91328463,"MDACT",0.05,"ok",FALSE,0.0100000000000051,"ties should not be present for the one-sample Kolmogorov-Smirnov test","","a40fdb5f0aabbd251f6c450c6f6c8a1f",17,0,17,197,0,0.0862944162436548
"linear_dense_n300_t02_r0007","linear","dense","paper_adjusted",300,1000,1.5,7,91328463,"MLFDR",0.05,"ok",FALSE,0.480000000000004,"","","9833e2a56bb8bb2d8d4967a4dbae7fc0",46,6,40,197,0.130434782608696,0.203045685279188
"confounded_dense_n300_t02_r0007","confounded","dense","paper_adjusted",300,1000,1.5,7,160308905,"HDMT",0.05,"ok",FALSE,0.019999999999996,"ties should not be present for the one-sample Kolmogorov-Smirnov test","","66b31b559e3fa279d21c096d9cad6892",6,0,6,218,0,0.0275229357798165
"confounded_dense_n300_t02_r0007","confounded","dense","paper_adjusted",300,1000,1.5,7,160308905,"MDACT",0.05,"ok",FALSE,0.019999999999996,"ties should not be present for the one-sample Kolmogorov-Smirnov test","","4712add400695a356b6e22279c88816b",20,0,20,218,0,0.0917431192660551
"confounded_dense_n300_t02_r0007","confounded","dense","paper_adjusted",300,1000,1.5,7,160308905,"MLFDR",0.05,"ok",FALSE,0.38000000000001,"","","b46d28764aa8d86b9f6e5a0f124b2047",79,2,77,218,0.0253164556962025,0.353211009174312
"binary_dense_n300_t02_r0007","binary","dense","paper_adjusted",300,1000,1.5,7,55158131,"HDMT",0.05,"ok",FALSE,0.019999999999996,"","","dde0c9ea19c92460044ba3c4059fd310",17,1,16,188,0.0588235294117647,0.0851063829787234
"binary_dense_n300_t02_r0007","binary","dense","paper_adjusted",300,1000,1.5,7,55158131,"MDACT",0.05,"ok",FALSE,0.019999999999996,"","","6a708fb16d7bb43f4cf1a60d22750699",22,1,21,188,0.0454545454545455,0.111702127659574
"binary_dense_n300_t02_r0007","binary","dense","paper_adjusted",300,1000,1.5,7,55158131,"MLFDR",0.05,"ok",FALSE,2.5,"","","5b50f0b6549d4c0740205eae39a17962",65,1,64,188,0.0153846153846154,0.340425531914894
"linear_sparse_n300_t03_r0007","linear","sparse","paper_adjusted",300,1000,1.9,7,227978865,"HDMT",0.05,"ok",FALSE,0.0100000000000051,"ties should not be present for the one-sample Kolmogorov-Smirnov test","","812f21de0bdbc2bf2c37b60ed89da8a6",0,0,0,21,0,0
"linear_sparse_n300_t03_r0007","linear","sparse","paper_adjusted",300,1000,1.9,7,227978865,"MDACT",0.05,"ok",FALSE,0.00999999999999091,"ties should not be present for the one-sample Kolmogorov-Smirnov test","","85c4941190cacf7096dec0c3e0f13315",0,0,0,21,0,0
"linear_sparse_n300_t03_r0007","linear","sparse","paper_adjusted",300,1000,1.9,7,227978865,"MLFDR",0.05,"ok",FALSE,0.719999999999999,"","","e1a04eaf247242e09b33dcd05bde69f7",1,0,1,21,0,0.0476190476190476
"confounded_sparse_n300_t03_r0007","confounded","sparse","paper_adjusted",300,1000,1.9,7,109260165,"HDMT",0.05,"ok",FALSE,0.0300000000000011,"ties should not be present for the one-sample Kolmogorov-Smirnov test","","f1d793ba914391162a82779d22b63721",0,0,0,19,0,0
"confounded_sparse_n300_t03_r0007","confounded","sparse","paper_adjusted",300,1000,1.9,7,109260165,"MDACT",0.05,"ok",FALSE,0,"ties should not be present for the one-sample Kolmogorov-Smirnov test","","f5eee5fc958739b690caba95a8de84c5",0,0,0,19,0,0
"confounded_sparse_n300_t03_r0007","confounded","sparse","paper_adjusted",300,1000,1.9,7,109260165,"MLFDR",0.05,"ok",FALSE,0.290000000000006,"","","7b7a73308b9cdc3adc23f4d991bc221f",3,0,3,19,0,0.157894736842105
"binary_sparse_n300_t03_r0007","binary","sparse","paper_adjusted",300,1000,1.9,7,196537243,"HDMT",0.05,"ok",FALSE,0.00999999999999091,"","","c51b8c860e4e961b18662d195dcf6907",8,0,8,29,0,0.275862068965517
"binary_sparse_n300_t03_r0007","binary","sparse","paper_adjusted",300,1000,1.9,7,196537243,"MDACT",0.05,"ok",FALSE,0,"","","24d7f35a8782233dc5c911292f627060",8,0,8,29,0,0.275862068965517
"binary_sparse_n300_t03_r0007","binary","sparse","paper_adjusted",300,1000,1.9,7,196537243,"MLFDR",0.05,"ok",FALSE,0.219999999999999,"","","6460c5bc90668e35f23c71fa4dd1b023",13,0,13,29,0,0.448275862068966
"linear_dense_n300_t03_r0007","linear","dense","paper_adjusted",300,1000,1.9,7,118954621,"HDMT",0.05,"ok",FALSE,0.0300000000000011,"ties should not be present for the one-sample Kolmogorov-Smirnov test","","6d1478de43f8b2dfa6434eb13e887c94",5,0,5,212,0,0.0235849056603774
"linear_dense_n300_t03_r0007","linear","dense","paper_adjusted",300,1000,1.9,7,118954621,"MDACT",0.05,"ok",FALSE,0.0200000000000102,"ties should not be present for the one-sample Kolmogorov-Smirnov test","","e1b644e0b2629c5e801dc19d7b2bfdba",5,0,5,212,0,0.0235849056603774
"linear_dense_n300_t03_r0007","linear","dense","paper_adjusted",300,1000,1.9,7,118954621,"MLFDR",0.05,"ok",FALSE,1.01000000000001,"","","cf02831e34a0c99a695f149fb3cb682d",58,0,58,212,0,0.273584905660377
"confounded_dense_n300_t03_r0007","confounded","dense","paper_adjusted",300,1000,1.9,7,181621925,"HDMT",0.05,"ok",FALSE,0.0300000000000011,"ties should not be present for the one-sample Kolmogorov-Smirnov test","","93803a3d9ae570ea2a0b582060ae80b9",57,4,53,201,0.0701754385964912,0.263681592039801
"confounded_dense_n300_t03_r0007","confounded","dense","paper_adjusted",300,1000,1.9,7,181621925,"MDACT",0.05,"ok",FALSE,0,"ties should not be present for the one-sample Kolmogorov-Smirnov test","","3cef1b5cdd734685884967e09a45f65d",73,7,66,201,0.0958904109589041,0.328358208955224
"confounded_dense_n300_t03_r0007","confounded","dense","paper_adjusted",300,1000,1.9,7,181621925,"MLFDR",0.05,"ok",FALSE,0.25,"","","a5ad8c0080b3edd8fae84fccfedff23a",111,7,104,201,0.0630630630630631,0.517412935323383
"binary_dense_n300_t03_r0007","binary","dense","paper_adjusted",300,1000,1.9,7,25976497,"HDMT",0.05,"ok",FALSE,0.0300000000000011,"","","5ea3890b7a14e67a239e56e39fc0a70b",56,3,53,198,0.0535714285714286,0.267676767676768
"binary_dense_n300_t03_r0007","binary","dense","paper_adjusted",300,1000,1.9,7,25976497,"MDACT",0.05,"ok",FALSE,0.0100000000000051,"","","d1924b1bc802440ac3e972406593b598",71,4,67,198,0.0563380281690141,0.338383838383838
"binary_dense_n300_t03_r0007","binary","dense","paper_adjusted",300,1000,1.9,7,25976497,"MLFDR",0.05,"ok",FALSE,0.469999999999999,"","","ef7a212e3fa23d32e05eb99ffe81da45",128,9,119,198,0.0703125,0.601010101010101
"linear_sparse_n300_t01_r0008","linear","sparse","paper_adjusted",300,1000,1.3,8,4369987,"HDMT",0.05,"ok",FALSE,0.0300000000000011,"ties should not be present for the one-sample Kolmogorov-Smirnov test","","9fd0e9296fdf7a475f509651c47ddd58",0,0,0,25,0,0
"linear_sparse_n300_t01_r0008","linear","sparse","paper_adjusted",300,1000,1.3,8,4369987,"MDACT",0.05,"ok",FALSE,0.019999999999996,"ties should not be present for the one-sample Kolmogorov-Smirnov test","","19ac2d8389cb00835809557cdca54d3c",0,0,0,25,0,0
"linear_sparse_n300_t01_r0008","linear","sparse","paper_adjusted",300,1000,1.3,8,4369987,"MLFDR",0.05,"ok",FALSE,2.35000000000001,"","","a48c0afa54ec5e3f564febd72a37dd89",7,1,6,25,0.142857142857143,0.24
"confounded_sparse_n300_t01_r0008","confounded","sparse","paper_adjusted",300,1000,1.3,8,211724716,"HDMT",0.05,"ok",FALSE,0.0300000000000011,"ties should not be present for the one-sample Kolmogorov-Smirnov test","","14d065a0048e42d9aa3c64434c525e1c",0,0,0,26,0,0
"confounded_sparse_n300_t01_r0008","confounded","sparse","paper_adjusted",300,1000,1.3,8,211724716,"MDACT",0.05,"ok",FALSE,0.0100000000000051,"ties should not be present for the one-sample Kolmogorov-Smirnov test","","0f314ecf9c2592343d5be2834323f158",0,0,0,26,0,0
"confounded_sparse_n300_t01_r0008","confounded","sparse","paper_adjusted",300,1000,1.3,8,211724716,"MLFDR",0.05,"ok",FALSE,1.08,"","","f3fcf7c5173abe126e34f50eda20e4ee",1,1,0,26,1,0
"binary_sparse_n300_t01_r0008","binary","sparse","paper_adjusted",300,1000,1.3,8,179267389,"HDMT",0.05,"ok",FALSE,0.0300000000000011,"","","e61fc3dd67837423cbf5d9a76a26fbc1",0,0,0,30,0,0
"binary_sparse_n300_t01_r0008","binary","sparse","paper_adjusted",300,1000,1.3,8,179267389,"MDACT",0.05,"ok",FALSE,0.019999999999996,"","","0bba1beff869901d51aaa81f6bab8ec3",0,0,0,30,0,0
"binary_sparse_n300_t01_r0008","binary","sparse","paper_adjusted",300,1000,1.3,8,179267389,"MLFDR",0.05,"ok",FALSE,0.430000000000007,"","","f9ea7d5f17575909bb00864690e0b9cb",0,0,0,30,0,0
"linear_dense_n300_t01_r0008","linear","dense","paper_adjusted",300,1000,1.3,8,38768928,"HDMT",0.05,"ok",FALSE,0.0100000000000051,"ties should not be present for the one-sample Kolmogorov-Smirnov test","","2e14fa9836b2c10e0316bd830bb3f5c1",8,1,7,221,0.125,0.0316742081447964
"linear_dense_n300_t01_r0008","linear","dense","paper_adjusted",300,1000,1.3,8,38768928,"MDACT",0.05,"ok",FALSE,0.0100000000000051,"ties should not be present for the one-sample Kolmogorov-Smirnov test","","54ee5da0a947775e7d1322f300cac439",8,1,7,221,0.125,0.0316742081447964
"linear_dense_n300_t01_r0008","linear","dense","paper_adjusted",300,1000,1.3,8,38768928,"MLFDR",0.05,"ok",FALSE,1.16000000000001,"","","8ed5630890b0fe37f93499ba473bb1ba",33,2,31,221,0.0606060606060606,0.14027149321267
"confounded_dense_n300_t01_r0008","confounded","dense","paper_adjusted",300,1000,1.3,8,123819269,"HDMT",0.05,"ok",FALSE,0.0400000000000063,"ties should not be present for the one-sample Kolmogorov-Smirnov test","","bbcfbca5061dfec30750f34b671e369e",2,0,2,200,0,0.01
"confounded_dense_n300_t01_r0008","confounded","dense","paper_adjusted",300,1000,1.3,8,123819269,"MDACT",0.05,"ok",FALSE,0.0100000000000051,"ties should not be present for the one-sample Kolmogorov-Smirnov test","","c9411e986a43dfb0ff3bd58aeaba06b0",2,0,2,200,0,0.01
"confounded_dense_n300_t01_r0008","confounded","dense","paper_adjusted",300,1000,1.3,8,123819269,"MLFDR",0.05,"ok",FALSE,0.469999999999999,"","","4f8481c323bc127053460417f2f79fe7",35,2,33,200,0.0571428571428571,0.165
"binary_dense_n300_t01_r0008","binary","dense","paper_adjusted",300,1000,1.3,8,211752150,"HDMT",0.05,"ok",FALSE,0.019999999999996,"","","36e05c756fd1c86976651ed53da4352d",7,0,7,184,0,0.0380434782608696
"binary_dense_n300_t01_r0008","binary","dense","paper_adjusted",300,1000,1.3,8,211752150,"MDACT",0.05,"ok",FALSE,0,"","","f97f3cdc97a75ce8b514bdb204e81485",16,1,15,184,0.0625,0.0815217391304348
"binary_dense_n300_t01_r0008","binary","dense","paper_adjusted",300,1000,1.3,8,211752150,"MLFDR",0.05,"ok",FALSE,0.36999999999999,"","","3b0ae22da709c850989601d319e025c5",40,0,40,184,0,0.217391304347826
"linear_sparse_n300_t02_r0008","linear","sparse","paper_adjusted",300,1000,1.5,8,201766340,"HDMT",0.05,"ok",FALSE,0.0100000000000051,"ties should not be present for the one-sample Kolmogorov-Smirnov test","","dc20a52ce8f8163d8a54167d10a1f77b",2,0,2,18,0,0.111111111111111
"linear_sparse_n300_t02_r0008","linear","sparse","paper_adjusted",300,1000,1.5,8,201766340,"MDACT",0.05,"ok",FALSE,0.0200000000000102,"ties should not be present for the one-sample Kolmogorov-Smirnov test","","26de0098de37df136a9c3a10a86a7a0e",1,0,1,18,0,0.0555555555555556
"linear_sparse_n300_t02_r0008","linear","sparse","paper_adjusted",300,1000,1.5,8,201766340,"MLFDR",0.05,"ok",FALSE,1.40000000000001,"","","6eadcf779de00214d896f2b266cf0c28",4,0,4,18,0,0.222222222222222
"confounded_sparse_n300_t02_r0008","confounded","sparse","paper_adjusted",300,1000,1.5,8,185306473,"HDMT",0.05,"ok",FALSE,0.0300000000000011,"ties should not be present for the one-sample Kolmogorov-Smirnov test","","839799dfea07651ffc105393b16ddddc",0,0,0,11,0,0
"confounded_sparse_n300_t02_r0008","confounded","sparse","paper_adjusted",300,1000,1.5,8,185306473,"MDACT",0.05,"ok",FALSE,0,"ties should not be present for the one-sample Kolmogorov-Smirnov test","","d66e617f1ca028cf7a2aedc8979d28db",0,0,0,11,0,0
"confounded_sparse_n300_t02_r0008","confounded","sparse","paper_adjusted",300,1000,1.5,8,185306473,"MLFDR",0.05,"ok",FALSE,0.649999999999991,"","","bd6f723f1b9d63b2b0e5c6d578986fa0",0,0,0,11,0,0
"binary_sparse_n300_t02_r0008","binary","sparse","paper_adjusted",300,1000,1.5,8,3574882,"HDMT",0.05,"ok",FALSE,0.0400000000000063,"","","b1bfa07a5e6af89d8fc4b85aadad5572",0,0,0,18,0,0
"binary_sparse_n300_t02_r0008","binary","sparse","paper_adjusted",300,1000,1.5,8,3574882,"MDACT",0.05,"ok",FALSE,0,"","","889ae738d4b5482fb20cde557f93981d",0,0,0,18,0,0
"binary_sparse_n300_t02_r0008","binary","sparse","paper_adjusted",300,1000,1.5,8,3574882,"MLFDR",0.05,"ok",FALSE,3.06999999999999,"","","4b5bab9afc80ca59000696e9a76a5d48",0,0,0,18,0,0
"linear_dense_n300_t02_r0008","linear","dense","paper_adjusted",300,1000,1.5,8,159279603,"HDMT",0.05,"ok",FALSE,0.0300000000000011,"ties should not be present for the one-sample Kolmogorov-Smirnov test","","3cb6d82459c0b273a47336820a310a50",4,0,4,201,0,0.0199004975124378
"linear_dense_n300_t02_r0008","linear","dense","paper_adjusted",300,1000,1.5,8,159279603,"MDACT",0.05,"ok",FALSE,0.0100000000000051,"ties should not be present for the one-sample Kolmogorov-Smirnov test","","f34a2f107fa38b484da512261904083a",12,0,12,201,0,0.0597014925373134
"linear_dense_n300_t02_r0008","linear","dense","paper_adjusted",300,1000,1.5,8,159279603,"MLFDR",0.05,"ok",FALSE,0.390000000000001,"","","5e4bb3fcd9571d03d6261ea640584247",49,4,45,201,0.0816326530612245,0.223880597014925
"confounded_dense_n300_t02_r0008","confounded","dense","paper_adjusted",300,1000,1.5,8,250136339,"HDMT",0.05,"ok",FALSE,0.019999999999996,"ties should not be present for the one-sample Kolmogorov-Smirnov test","","e791c5b0c632f2a714c938c43a360ef9",8,0,8,182,0,0.043956043956044
"confounded_dense_n300_t02_r0008","confounded","dense","paper_adjusted",300,1000,1.5,8,250136339,"MDACT",0.05,"ok",FALSE,0,"ties should not be present for the one-sample Kolmogorov-Smirnov test","","dde9334cd664ebc3a7e159560a1f4410",8,0,8,182,0,0.043956043956044
"confounded_dense_n300_t02_r0008","confounded","dense","paper_adjusted",300,1000,1.5,8,250136339,"MLFDR",0.05,"ok",FALSE,0.450000000000003,"","","55cb11ccafdc6552c54811f1504cd0f4",43,2,41,182,0.0465116279069767,0.225274725274725
"binary_dense_n300_t02_r0008","binary","dense","paper_adjusted",300,1000,1.5,8,263476049,"HDMT",0.05,"ok",FALSE,0.0100000000000051,"","","318d711616274dcf1eb35c5acf76a354",20,1,19,228,0.05,0.0833333333333333
"binary_dense_n300_t02_r0008","binary","dense","paper_adjusted",300,1000,1.5,8,263476049,"MDACT",0.05,"ok",FALSE,0.019999999999996,"","","a68595f02a812bb7e0c6cf2cbbcb3e35",28,1,27,228,0.0357142857142857,0.118421052631579
"binary_dense_n300_t02_r0008","binary","dense","paper_adjusted",300,1000,1.5,8,263476049,"MLFDR",0.05,"ok",FALSE,0.550000000000011,"","","670696602b325db741e93ff6f40b5b89",82,4,78,228,0.0487804878048781,0.342105263157895
"linear_sparse_n300_t03_r0008","linear","sparse","paper_adjusted",300,1000,1.9,8,143284182,"HDMT",0.05,"ok",FALSE,0.0300000000000011,"ties should not be present for the one-sample Kolmogorov-Smirnov test","","cd3422ca853900282d6a65c3a3f54e0b",3,0,3,24,0,0.125
"linear_sparse_n300_t03_r0008","linear","sparse","paper_adjusted",300,1000,1.9,8,143284182,"MDACT",0.05,"ok",FALSE,0.00999999999999091,"ties should not be present for the one-sample Kolmogorov-Smirnov test","","5269a755b8aa54414a137a30264374d7",4,0,4,24,0,0.166666666666667
"linear_sparse_n300_t03_r0008","linear","sparse","paper_adjusted",300,1000,1.9,8,143284182,"MLFDR",0.05,"ok",FALSE,0.359999999999999,"","","54b539ebf4fc3ba19730d9434ae0b072",13,3,10,24,0.230769230769231,0.416666666666667
"confounded_sparse_n300_t03_r0008","confounded","sparse","paper_adjusted",300,1000,1.9,8,39674992,"HDMT",0.05,"ok",FALSE,0.0200000000000102,"ties should not be present for the one-sample Kolmogorov-Smirnov test","","33b40b7b7237f073c7c3504da39ecf95",1,0,1,16,0,0.0625
"confounded_sparse_n300_t03_r0008","confounded","sparse","paper_adjusted",300,1000,1.9,8,39674992,"MDACT",0.05,"ok",FALSE,0.0100000000000051,"ties should not be present for the one-sample Kolmogorov-Smirnov test","","27428dc959bdef3ff34423c1cc1a8dd2",1,0,1,16,0,0.0625
"confounded_sparse_n300_t03_r0008","confounded","sparse","paper_adjusted",300,1000,1.9,8,39674992,"MLFDR",0.05,"ok",FALSE,0.450000000000003,"","","b11271a467de8df56aef783cd0aa7fec",1,0,1,16,0,0.0625
"binary_sparse_n300_t03_r0008","binary","sparse","paper_adjusted",300,1000,1.9,8,262009797,"HDMT",0.05,"ok",FALSE,0.019999999999996,"","","207187972589fc2ef730aef956d25dc5",8,1,7,24,0.125,0.291666666666667
"binary_sparse_n300_t03_r0008","binary","sparse","paper_adjusted",300,1000,1.9,8,262009797,"MDACT",0.05,"ok",FALSE,0.019999999999996,"","","acb4439ba6a4a3c91aa4dd30499867af",12,3,9,24,0.25,0.375
"binary_sparse_n300_t03_r0008","binary","sparse","paper_adjusted",300,1000,1.9,8,262009797,"MLFDR",0.05,"ok",FALSE,0.239999999999995,"","","0ec821991cd4f2f70a6b4a66ba6a2ff3",9,1,8,24,0.111111111111111,0.333333333333333
"linear_dense_n300_t03_r0008","linear","dense","paper_adjusted",300,1000,1.9,8,23206418,"HDMT",0.05,"ok",FALSE,0.0300000000000011,"ties should not be present for the one-sample Kolmogorov-Smirnov test","","32f37823a6cee348100bf4e0f6326fd1",58,2,56,205,0.0344827586206897,0.273170731707317
"linear_dense_n300_t03_r0008","linear","dense","paper_adjusted",300,1000,1.9,8,23206418,"MDACT",0.05,"ok",FALSE,0.0100000000000051,"ties should not be present for the one-sample Kolmogorov-Smirnov test","","24600ae881c12236b03fceb4d515e7be",68,3,65,205,0.0441176470588235,0.317073170731707
"linear_dense_n300_t03_r0008","linear","dense","paper_adjusted",300,1000,1.9,8,23206418,"MLFDR",0.05,"ok",FALSE,0.540000000000006,"","","d7f20f7c4ce2734c63fdf73c446d7960",141,8,133,205,0.0567375886524823,0.648780487804878
"confounded_dense_n300_t03_r0008","confounded","dense","paper_adjusted",300,1000,1.9,8,42570098,"HDMT",0.05,"ok",FALSE,0.0300000000000011,"ties should not be present for the one-sample Kolmogorov-Smirnov test","","c1717e053dac04a4c0ad28daa7ca80fe",47,0,47,208,0,0.225961538461538
"confounded_dense_n300_t03_r0008","confounded","dense","paper_adjusted",300,1000,1.9,8,42570098,"MDACT",0.05,"ok",FALSE,0.00999999999999091,"ties should not be present for the one-sample Kolmogorov-Smirnov test","","0ad1b3a1beccaa5113f67fa7d918041f",60,0,60,208,0,0.288461538461538
"confounded_dense_n300_t03_r0008","confounded","dense","paper_adjusted",300,1000,1.9,8,42570098,"MLFDR",0.05,"ok",FALSE,0.280000000000001,"","","ba11981a9e101c5c4034ea5d672a63ac",119,4,115,208,0.0336134453781513,0.552884615384615
"binary_dense_n300_t03_r0008","binary","dense","paper_adjusted",300,1000,1.9,8,189388040,"HDMT",0.05,"ok",FALSE,0.0300000000000011,"","","63ac9e871e7add526bef6987fefab425",40,0,40,183,0,0.218579234972678
"binary_dense_n300_t03_r0008","binary","dense","paper_adjusted",300,1000,1.9,8,189388040,"MDACT",0.05,"ok",FALSE,0.0100000000000051,"","","e0db34eb1fa7faf31ffb051dad171dea",41,0,41,183,0,0.224043715846995
"binary_dense_n300_t03_r0008","binary","dense","paper_adjusted",300,1000,1.9,8,189388040,"MLFDR",0.05,"ok",FALSE,0.420000000000002,"","","21a5558d7eedd217c3bba1e86321e3aa",96,3,93,183,0.03125,0.508196721311475
"linear_sparse_n300_t01_r0009","linear","sparse","paper_adjusted",300,1000,1.3,9,142876051,"HDMT",0.05,"ok",FALSE,0.0400000000000063,"ties should not be present for the one-sample Kolmogorov-Smirnov test","","1e0bdd6be88143c227887e9317f7721c",1,0,1,23,0,0.0434782608695652
"linear_sparse_n300_t01_r0009","linear","sparse","paper_adjusted",300,1000,1.3,9,142876051,"MDACT",0.05,"ok",FALSE,0,"ties should not be present for the one-sample Kolmogorov-Smirnov test","","53a6c8035674b8a7ea2857513d0ebd98",1,0,1,23,0,0.0434782608695652
"linear_sparse_n300_t01_r0009","linear","sparse","paper_adjusted",300,1000,1.3,9,142876051,"MLFDR",0.05,"ok",FALSE,0.439999999999998,"","","2b6607d663da24fbc52e63a137f855d0",2,0,2,23,0,0.0869565217391304
"confounded_sparse_n300_t01_r0009","confounded","sparse","paper_adjusted",300,1000,1.3,9,165262279,"HDMT",0.05,"ok",FALSE,0.019999999999996,"ties should not be present for the one-sample Kolmogorov-Smirnov test","","6c0fbd01176fd78f6ac045a6d4b2d390",1,0,1,22,0,0.0454545454545455
"confounded_sparse_n300_t01_r0009","confounded","sparse","paper_adjusted",300,1000,1.3,9,165262279,"MDACT",0.05,"ok",FALSE,0.0200000000000102,"ties should not be present for the one-sample Kolmogorov-Smirnov test","","c49a6dd0080d2eda2b86d406d057d285",1,0,1,22,0,0.0454545454545455
"confounded_sparse_n300_t01_r0009","confounded","sparse","paper_adjusted",300,1000,1.3,9,165262279,"MLFDR",0.05,"ok",FALSE,0.75,"","","e21ca48e7a7fb563c9bec371620883fc",2,0,2,22,0,0.0909090909090909
"binary_sparse_n300_t01_r0009","binary","sparse","paper_adjusted",300,1000,1.3,9,228224096,"HDMT",0.05,"ok",FALSE,0.0300000000000011,"","","2b085042173c203d676be3d27ac187e6",0,0,0,13,0,0
"binary_sparse_n300_t01_r0009","binary","sparse","paper_adjusted",300,1000,1.3,9,228224096,"MDACT",0.05,"ok",FALSE,0,"","","63878ae8f77f046af35f89d13bd88a6a",0,0,0,13,0,0
"binary_sparse_n300_t01_r0009","binary","sparse","paper_adjusted",300,1000,1.3,9,228224096,"MLFDR",0.05,"ok",FALSE,1,"","","9a0c9b05c560fe793cf769057214ac1f",0,0,0,13,0,0
"linear_dense_n300_t01_r0009","linear","dense","paper_adjusted",300,1000,1.3,9,60526811,"HDMT",0.05,"ok",FALSE,0.00999999999999091,"ties should not be present for the one-sample Kolmogorov-Smirnov test","","06a0147bc213fa6e9244d78b9fcdd883",26,0,26,219,0,0.118721461187215
"linear_dense_n300_t01_r0009","linear","dense","paper_adjusted",300,1000,1.3,9,60526811,"MDACT",0.05,"ok",FALSE,0,"ties should not be present for the one-sample Kolmogorov-Smirnov test","","3ef6f47b3ca1656bfe0c443bf34844e9",27,0,27,219,0,0.123287671232877
"linear_dense_n300_t01_r0009","linear","dense","paper_adjusted",300,1000,1.3,9,60526811,"MLFDR",0.05,"ok",FALSE,1.92999999999999,"","","83c979653fab809c20274facef568c3d",71,3,68,219,0.0422535211267606,0.310502283105023
"confounded_dense_n300_t01_r0009","confounded","dense","paper_adjusted",300,1000,1.3,9,77534457,"HDMT",0.05,"ok",FALSE,0.019999999999996,"ties should not be present for the one-sample Kolmogorov-Smirnov test","","9e63e73fbcf0843fa839bb717e329954",15,0,15,211,0,0.0710900473933649
"confounded_dense_n300_t01_r0009","confounded","dense","paper_adjusted",300,1000,1.3,9,77534457,"MDACT",0.05,"ok",FALSE,0,"ties should not be present for the one-sample Kolmogorov-Smirnov test","","17f0540493346899c660ff6bc93d5d77",19,0,19,211,0,0.0900473933649289
"confounded_dense_n300_t01_r0009","confounded","dense","paper_adjusted",300,1000,1.3,9,77534457,"MLFDR",0.05,"ok",FALSE,0.939999999999998,"","","5462757e45001067c6a0ba26cafdb190",56,5,51,211,0.0892857142857143,0.241706161137441
"binary_dense_n300_t01_r0009","binary","dense","paper_adjusted",300,1000,1.3,9,109985445,"HDMT",0.05,"ok",FALSE,0.0300000000000011,"","","4054690bb772df3fb601dd71f70d442b",8,0,8,211,0,0.037914691943128
"binary_dense_n300_t01_r0009","binary","dense","paper_adjusted",300,1000,1.3,9,109985445,"MDACT",0.05,"ok",FALSE,0.0200000000000102,"","","a3de74d265d0a2a9ee770140b4607c0d",13,0,13,211,0,0.0616113744075829
"binary_dense_n300_t01_r0009","binary","dense","paper_adjusted",300,1000,1.3,9,109985445,"MLFDR",0.05,"ok",FALSE,0.530000000000001,"","","ae74941189ff4d558fadcc2a1d7eb281",36,3,33,211,0.0833333333333333,0.156398104265403
"linear_sparse_n300_t02_r0009","linear","sparse","paper_adjusted",300,1000,1.5,9,145901807,"HDMT",0.05,"ok",FALSE,0.019999999999996,"ties should not be present for the one-sample Kolmogorov-Smirnov test","","df3f80c45e79a9b50f37bbaf644fe61a",0,0,0,14,0,0
"linear_sparse_n300_t02_r0009","linear","sparse","paper_adjusted",300,1000,1.5,9,145901807,"MDACT",0.05,"ok",FALSE,0.019999999999996,"ties should not be present for the one-sample Kolmogorov-Smirnov test","","1d1c517211a8592aa0b8168370d80781",0,0,0,14,0,0
"linear_sparse_n300_t02_r0009","linear","sparse","paper_adjusted",300,1000,1.5,9,145901807,"MLFDR",0.05,"ok",FALSE,1.3,"","","15059766e0475b677737ddabddc7f8b6",0,0,0,14,0,0
"confounded_sparse_n300_t02_r0009","confounded","sparse","paper_adjusted",300,1000,1.5,9,90107356,"HDMT",0.05,"ok",FALSE,0.0300000000000011,"ties should not be present for the one-sample Kolmogorov-Smirnov test","","0fe509e28788b9109fac67030983c3e6",5,0,5,22,0,0.227272727272727
"confounded_sparse_n300_t02_r0009","confounded","sparse","paper_adjusted",300,1000,1.5,9,90107356,"MDACT",0.05,"ok",FALSE,0.00999999999999091,"ties should not be present for the one-sample Kolmogorov-Smirnov test","","0e55e06fd1f988809316ff0de8fdb288",4,0,4,22,0,0.181818181818182
"confounded_sparse_n300_t02_r0009","confounded","sparse","paper_adjusted",300,1000,1.5,9,90107356,"MLFDR",0.05,"ok",FALSE,0.590000000000003,"","","e73a4526fc4aae8e46e2e9225bd8cee6",7,0,7,22,0,0.318181818181818
"binary_sparse_n300_t02_r0009","binary","sparse","paper_adjusted",300,1000,1.5,9,156240950,"HDMT",0.05,"ok",FALSE,0.019999999999996,"","","9c6e9836c395fdf0fc9612ebaba9da00",1,0,1,16,0,0.0625
"binary_sparse_n300_t02_r0009","binary","sparse","paper_adjusted",300,1000,1.5,9,156240950,"MDACT",0.05,"ok",FALSE,0.0200000000000102,"","","f438a129ed92000b66650ef8a11da532",1,0,1,16,0,0.0625
"binary_sparse_n300_t02_r0009","binary","sparse","paper_adjusted",300,1000,1.5,9,156240950,"MLFDR",0.05,"ok",FALSE,1.03,"","","973491a6d9aab2c19b1fe6817bc8777e",1,0,1,16,0,0.0625
"linear_dense_n300_t02_r0009","linear","dense","paper_adjusted",300,1000,1.5,9,172297180,"HDMT",0.05,"ok",FALSE,0.0100000000000051,"ties should not be present for the one-sample Kolmogorov-Smirnov test","","7511b4a2ad215ecd98d6e086532e1006",2,0,2,196,0,0.0102040816326531
"linear_dense_n300_t02_r0009","linear","dense","paper_adjusted",300,1000,1.5,9,172297180,"MDACT",0.05,"ok",FALSE,0.0100000000000051,"ties should not be present for the one-sample Kolmogorov-Smirnov test","","ff32a625bd730faad79f5f6575c5b4d1",2,0,2,196,0,0.0102040816326531
"linear_dense_n300_t02_r0009","linear","dense","paper_adjusted",300,1000,1.5,9,172297180,"MLFDR",0.05,"ok",FALSE,0.420000000000002,"","","41cb7aeb4911c71b8efe835c39d76a8b",52,1,51,196,0.0192307692307692,0.260204081632653
"confounded_dense_n300_t02_r0009","confounded","dense","paper_adjusted",300,1000,1.5,9,120084552,"HDMT",0.05,"ok",FALSE,0.0300000000000011,"ties should not be present for the one-sample Kolmogorov-Smirnov test","","e4cf7679cedbf72ab3b557fd4756655c",22,1,21,186,0.0454545454545455,0.112903225806452
"confounded_dense_n300_t02_r0009","confounded","dense","paper_adjusted",300,1000,1.5,9,120084552,"MDACT",0.05,"ok",FALSE,0.019999999999996,"ties should not be present for the one-sample Kolmogorov-Smirnov test","","531ea18c707fd25350f2a791a53bf930",24,2,22,186,0.0833333333333333,0.118279569892473
"confounded_dense_n300_t02_r0009","confounded","dense","paper_adjusted",300,1000,1.5,9,120084552,"MLFDR",0.05,"ok",FALSE,0.939999999999998,"","","217fbf47f87445ecf67989435316db7e",60,4,56,186,0.0666666666666667,0.301075268817204
"binary_dense_n300_t02_r0009","binary","dense","paper_adjusted",300,1000,1.5,9,142460817,"HDMT",0.05,"ok",FALSE,0.019999999999996,"","","f2bf932c8f475913197e1cbe56a7987d",8,0,8,198,0,0.0404040404040404
"binary_dense_n300_t02_r0009","binary","dense","paper_adjusted",300,1000,1.5,9,142460817,"MDACT",0.05,"ok",FALSE,0.019999999999996,"","","495b57072e4f1db73557ba2c4a0987c6",16,0,16,198,0,0.0808080808080808
"binary_dense_n300_t02_r0009","binary","dense","paper_adjusted",300,1000,1.5,9,142460817,"MLFDR",0.05,"ok",FALSE,1.06999999999999,"","","b2b89d1b9ae4e75e95c8a5ca7a4fc120",72,5,67,198,0.0694444444444444,0.338383838383838
"linear_sparse_n300_t03_r0009","linear","sparse","paper_adjusted",300,1000,1.9,9,155667381,"HDMT",0.05,"ok",FALSE,0.0100000000000051,"ties should not be present for the one-sample Kolmogorov-Smirnov test","","95a758c2585441a1d81c11f2d30ba10a",1,0,1,25,0,0.04
"linear_sparse_n300_t03_r0009","linear","sparse","paper_adjusted",300,1000,1.9,9,155667381,"MDACT",0.05,"ok",FALSE,0.0100000000000051,"ties should not be present for the one-sample Kolmogorov-Smirnov test","","15ed4accc5c7bc15a58adb50b41367fc",1,0,1,25,0,0.04
"linear_sparse_n300_t03_r0009","linear","sparse","paper_adjusted",300,1000,1.9,9,155667381,"MLFDR",0.05,"ok",FALSE,0.420000000000002,"","","68baf645e4db215043587c1c253ed483",4,0,4,25,0,0.16
"confounded_sparse_n300_t03_r0009","confounded","sparse","paper_adjusted",300,1000,1.9,9,19511273,"HDMT",0.05,"ok",FALSE,0.0300000000000011,"ties should not be present for the one-sample Kolmogorov-Smirnov test","","f52a54122dfca6860e6b4cced28f5c49",0,0,0,18,0,0
"confounded_sparse_n300_t03_r0009","confounded","sparse","paper_adjusted",300,1000,1.9,9,19511273,"MDACT",0.05,"ok",FALSE,0,"ties should not be present for the one-sample Kolmogorov-Smirnov test","","7d942d40ef15a5452be5f29b2c18d415",0,0,0,18,0,0
"confounded_sparse_n300_t03_r0009","confounded","sparse","paper_adjusted",300,1000,1.9,9,19511273,"MLFDR",0.05,"ok",FALSE,0.510000000000005,"","","0fb7501461d79c6e5aeca57edb7d7652",3,0,3,18,0,0.166666666666667
"binary_sparse_n300_t03_r0009","binary","sparse","paper_adjusted",300,1000,1.9,9,37604745,"HDMT",0.05,"ok",FALSE,0.00999999999999091,"","","517af41b541a0876745b4ee79ce41158",1,0,1,23,0,0.0434782608695652
"binary_sparse_n300_t03_r0009","binary","sparse","paper_adjusted",300,1000,1.9,9,37604745,"MDACT",0.05,"ok",FALSE,0,"","","d26e00e728aaa9d360fb7574073a6244",1,0,1,23,0,0.0434782608695652
"binary_sparse_n300_t03_r0009","binary","sparse","paper_adjusted",300,1000,1.9,9,37604745,"MLFDR",0.05,"ok",FALSE,0.319999999999993,"","","0ffbe8d114d7bd89e6dd13629f4de9e9",8,0,8,23,0,0.347826086956522
"linear_dense_n300_t03_r0009","linear","dense","paper_adjusted",300,1000,1.9,9,17803050,"HDMT",0.05,"ok",FALSE,0.0300000000000011,"ties should not be present for the one-sample Kolmogorov-Smirnov test","","815787203a6c67575c12ef69fe5e0da1",13,0,13,189,0,0.0687830687830688
"linear_dense_n300_t03_r0009","linear","dense","paper_adjusted",300,1000,1.9,9,17803050,"MDACT",0.05,"ok",FALSE,0,"ties should not be present for the one-sample Kolmogorov-Smirnov test","","26aa7264a94b5aa1f950355684988051",15,0,15,189,0,0.0793650793650794
"linear_dense_n300_t03_r0009","linear","dense","paper_adjusted",300,1000,1.9,9,17803050,"MLFDR",0.05,"ok",FALSE,0.5,"","","d95cc475f2579515f59120840151cb76",72,5,67,189,0.0694444444444444,0.354497354497354
"confounded_dense_n300_t03_r0009","confounded","dense","paper_adjusted",300,1000,1.9,9,50826736,"HDMT",0.05,"ok",FALSE,0.0300000000000011,"ties should not be present for the one-sample Kolmogorov-Smirnov test","","a576629102780d171ff60fe76ed85563",28,1,27,187,0.0357142857142857,0.144385026737968
"confounded_dense_n300_t03_r0009","confounded","dense","paper_adjusted",300,1000,1.9,9,50826736,"MDACT",0.05,"ok",FALSE,0.0100000000000051,"ties should not be present for the one-sample Kolmogorov-Smirnov test","","b28b0f1a58d21a9689b760da6e72ce66",46,1,45,187,0.0217391304347826,0.240641711229947
"confounded_dense_n300_t03_r0009","confounded","dense","paper_adjusted",300,1000,1.9,9,50826736,"MLFDR",0.05,"ok",FALSE,0.5,"","","de199b927e48a472512b77319b143e4a",109,8,101,187,0.073394495412844,0.540106951871658
"binary_dense_n300_t03_r0009","binary","dense","paper_adjusted",300,1000,1.9,9,209670366,"HDMT",0.05,"ok",FALSE,0.0300000000000011,"","","c350270f09e43b93b33fcef9635a8ab5",38,0,38,192,0,0.197916666666667
"binary_dense_n300_t03_r0009","binary","dense","paper_adjusted",300,1000,1.9,9,209670366,"MDACT",0.05,"ok",FALSE,0.0200000000000102,"","","18321de599584d75da84ba933783c0ed",50,4,46,192,0.08,0.239583333333333
"binary_dense_n300_t03_r0009","binary","dense","paper_adjusted",300,1000,1.9,9,209670366,"MLFDR",0.05,"ok",FALSE,0.280000000000001,"","","c529e91f6a3d3e3f211464261607de6a",116,6,110,192,0.0517241379310345,0.572916666666667
"linear_sparse_n300_t01_r0010","linear","sparse","paper_adjusted",300,1000,1.3,10,140886206,"HDMT",0.05,"ok",FALSE,0.0300000000000011,"ties should not be present for the one-sample Kolmogorov-Smirnov test","","f23bcd7224f125fca17990fafcf73e83",3,1,2,24,0.333333333333333,0.0833333333333333
"linear_sparse_n300_t01_r0010","linear","sparse","paper_adjusted",300,1000,1.3,10,140886206,"MDACT",0.05,"ok",FALSE,0.019999999999996,"ties should not be present for the one-sample Kolmogorov-Smirnov test","","42a58f7aa354fdbceffe6af0242fc268",3,1,2,24,0.333333333333333,0.0833333333333333
"linear_sparse_n300_t01_r0010","linear","sparse","paper_adjusted",300,1000,1.3,10,140886206,"MLFDR",0.05,"ok",FALSE,2.19,"","","7ce8e556f5925cb0bd6060e473f9aec3",0,0,0,24,0,0
"confounded_sparse_n300_t01_r0010","confounded","sparse","paper_adjusted",300,1000,1.3,10,266927061,"HDMT",0.05,"ok",FALSE,0.0300000000000011,"ties should not be present for the one-sample Kolmogorov-Smirnov test","","98eeab0fb4d48a8e77c9a5fe95b8fb77",0,0,0,23,0,0
"confounded_sparse_n300_t01_r0010","confounded","sparse","paper_adjusted",300,1000,1.3,10,266927061,"MDACT",0.05,"ok",FALSE,0.019999999999996,"ties should not be present for the one-sample Kolmogorov-Smirnov test","","f92aacc66d8c2fc5be7fe9b2e2247730",0,0,0,23,0,0
"confounded_sparse_n300_t01_r0010","confounded","sparse","paper_adjusted",300,1000,1.3,10,266927061,"MLFDR",0.05,"ok",FALSE,0.570000000000007,"","","0a46137154c743a242d56dd4c1ff9a9d",0,0,0,23,0,0
"binary_sparse_n300_t01_r0010","binary","sparse","paper_adjusted",300,1000,1.3,10,219416018,"HDMT",0.05,"ok",FALSE,0.019999999999996,"","","9348a3f9821d6b5fb495dafc96c4cf81",2,0,2,25,0,0.08
"binary_sparse_n300_t01_r0010","binary","sparse","paper_adjusted",300,1000,1.3,10,219416018,"MDACT",0.05,"ok",FALSE,0,"","","62ef40a006f76a2ea1f7a0becb48d4ed",1,0,1,25,0,0.04
"binary_sparse_n300_t01_r0010","binary","sparse","paper_adjusted",300,1000,1.3,10,219416018,"MLFDR",0.05,"ok",FALSE,0.890000000000001,"","","683c25a227ffa440b8bd6864ce33937b",46,24,22,25,0.521739130434783,0.88
"linear_dense_n300_t01_r0010","linear","dense","paper_adjusted",300,1000,1.3,10,107804595,"HDMT",0.05,"ok",FALSE,0.0299999999999869,"ties should not be present for the one-sample Kolmogorov-Smirnov test","","9efc00e88f7399b85dec6f7b21d1644f",32,0,32,232,0,0.137931034482759
"linear_dense_n300_t01_r0010","linear","dense","paper_adjusted",300,1000,1.3,10,107804595,"MDACT",0.05,"ok",FALSE,0.019999999999996,"ties should not be present for the one-sample Kolmogorov-Smirnov test","","d8b8a534a509210fc82706b784d56e34",33,0,33,232,0,0.142241379310345
"linear_dense_n300_t01_r0010","linear","dense","paper_adjusted",300,1000,1.3,10,107804595,"MLFDR",0.05,"ok",FALSE,2.41,"","","be70f1f1fa72ef58d4179cca76ebca55",129,10,119,232,0.0775193798449612,0.512931034482759
"confounded_dense_n300_t01_r0010","confounded","dense","paper_adjusted",300,1000,1.3,10,237537235,"HDMT",0.05,"ok",FALSE,0.0300000000000011,"ties should not be present for the one-sample Kolmogorov-Smirnov test","","b622da51db8985de542bfb51583073e5",3,0,3,210,0,0.0142857142857143
"confounded_dense_n300_t01_r0010","confounded","dense","paper_adjusted",300,1000,1.3,10,237537235,"MDACT",0.05,"ok",FALSE,0,"ties should not be present for the one-sample Kolmogorov-Smirnov test","","e237b57bd5d14c914415e9be1d71c11d",1,0,1,210,0,0.00476190476190476
"confounded_dense_n300_t01_r0010","confounded","dense","paper_adjusted",300,1000,1.3,10,237537235,"MLFDR",0.05,"ok",FALSE,0.609999999999999,"","","7ef6334582da5b9d3b48758eb4c163e4",14,0,14,210,0,0.0666666666666667
"binary_dense_n300_t01_r0010","binary","dense","paper_adjusted",300,1000,1.3,10,236151310,"HDMT",0.05,"ok",FALSE,0.0100000000000051,"","","df24e68a5ec0b8e06450595b689c964f",3,0,3,205,0,0.0146341463414634
"binary_dense_n300_t01_r0010","binary","dense","paper_adjusted",300,1000,1.3,10,236151310,"MDACT",0.05,"ok",FALSE,0,"","","f559d6b38254773b42078b7c497a5228",3,0,3,205,0,0.0146341463414634
"binary_dense_n300_t01_r0010","binary","dense","paper_adjusted",300,1000,1.3,10,236151310,"MLFDR",0.05,"ok",FALSE,0.590000000000003,"","","99a7efb1133fdbdfc16970834356dbfe",25,1,24,205,0.04,0.117073170731707
"linear_sparse_n300_t02_r0010","linear","sparse","paper_adjusted",300,1000,1.5,10,176942814,"HDMT",0.05,"ok",FALSE,0.0300000000000011,"ties should not be present for the one-sample Kolmogorov-Smirnov test","","035208691af18f697b0b49aa51cfe775",0,0,0,16,0,0
"linear_sparse_n300_t02_r0010","linear","sparse","paper_adjusted",300,1000,1.5,10,176942814,"MDACT",0.05,"ok",FALSE,0.00999999999999091,"ties should not be present for the one-sample Kolmogorov-Smirnov test","","ce7efc362dfcf65abb034544660eae12",0,0,0,16,0,0
"linear_sparse_n300_t02_r0010","linear","sparse","paper_adjusted",300,1000,1.5,10,176942814,"MLFDR",0.05,"ok",FALSE,0.47999999999999,"","","56a984718445ebe3bb492531e3b4010f",1,1,0,16,1,0
"confounded_sparse_n300_t02_r0010","confounded","sparse","paper_adjusted",300,1000,1.5,10,82975549,"HDMT",0.05,"ok",FALSE,0.0300000000000011,"ties should not be present for the one-sample Kolmogorov-Smirnov test","","e852e77515427f8762d9bb8c3284f4b0",1,0,1,20,0,0.05
"confounded_sparse_n300_t02_r0010","confounded","sparse","paper_adjusted",300,1000,1.5,10,82975549,"MDACT",0.05,"ok",FALSE,0,"ties should not be present for the one-sample Kolmogorov-Smirnov test","","e42ef2a665fec58bbd5b8ff6da63b77a",1,0,1,20,0,0.05
"confounded_sparse_n300_t02_r0010","confounded","sparse","paper_adjusted",300,1000,1.5,10,82975549,"MLFDR",0.05,"ok",FALSE,0.939999999999998,"","","1a9f867a9f3e78cda56ad18a9fd42363",2,0,2,20,0,0.1
"binary_sparse_n300_t02_r0010","binary","sparse","paper_adjusted",300,1000,1.5,10,250882807,"HDMT",0.05,"ok",FALSE,0.0300000000000011,"","","bb6521dff226de6347faeda8a9a1fb76",2,0,2,22,0,0.0909090909090909
"binary_sparse_n300_t02_r0010","binary","sparse","paper_adjusted",300,1000,1.5,10,250882807,"MDACT",0.05,"ok",FALSE,0.0100000000000051,"","","e715da659122848c7b9b4d1844ebcc77",2,0,2,22,0,0.0909090909090909
"binary_sparse_n300_t02_r0010","binary","sparse","paper_adjusted",300,1000,1.5,10,250882807,"MLFDR",0.05,"ok",FALSE,0.530000000000001,"","","d2cd91631a3eebac5a9289d7dc1433a4",3,1,2,22,0.333333333333333,0.0909090909090909
"linear_dense_n300_t02_r0010","linear","dense","paper_adjusted",300,1000,1.5,10,32823322,"HDMT",0.05,"ok",FALSE,0.0300000000000011,"ties should not be present for the one-sample Kolmogorov-Smirnov test","","8290ead8b46642a78d4c9dee375b31ac",7,0,7,207,0,0.0338164251207729
"linear_dense_n300_t02_r0010","linear","dense","paper_adjusted",300,1000,1.5,10,32823322,"MDACT",0.05,"ok",FALSE,0,"ties should not be present for the one-sample Kolmogorov-Smirnov test","","fab1b37bf29a9627dbf73dddf90dd4c8",11,0,11,207,0,0.0531400966183575
"linear_dense_n300_t02_r0010","linear","dense","paper_adjusted",300,1000,1.5,10,32823322,"MLFDR",0.05,"ok",FALSE,1.91,"","","44b8ea1ac54854d7618417e9de57bfdd",68,3,65,207,0.0441176470588235,0.314009661835749
"confounded_dense_n300_t02_r0010","confounded","dense","paper_adjusted",300,1000,1.5,10,4822906,"HDMT",0.05,"ok",FALSE,0.0300000000000011,"ties should not be present for the one-sample Kolmogorov-Smirnov test","","9f4904e6fd74945061c8ac3b47b49f78",3,0,3,205,0,0.0146341463414634
"confounded_dense_n300_t02_r0010","confounded","dense","paper_adjusted",300,1000,1.5,10,4822906,"MDACT",0.05,"ok",FALSE,0,"ties should not be present for the one-sample Kolmogorov-Smirnov test","","0e5c500d3b444567e54b57dfece84a80",1,0,1,205,0,0.0048780487804878
"confounded_dense_n300_t02_r0010","confounded","dense","paper_adjusted",300,1000,1.5,10,4822906,"MLFDR",0.05,"ok",FALSE,0.459999999999994,"","","2039e1f151f6a51072b9c561c371ec10",55,3,52,205,0.0545454545454545,0.253658536585366
"binary_dense_n300_t02_r0010","binary","dense","paper_adjusted",300,1000,1.5,10,212239450,"HDMT",0.05,"ok",FALSE,0.0300000000000011,"","","0f5e55da7e8825d26051466068d06a4b",3,0,3,217,0,0.0138248847926267
"binary_dense_n300_t02_r0010","binary","dense","paper_adjusted",300,1000,1.5,10,212239450,"MDACT",0.05,"ok",FALSE,0,"","","4269dfe193f39a666cf3c84ff0bc1c1f",8,0,8,217,0,0.0368663594470046
"binary_dense_n300_t02_r0010","binary","dense","paper_adjusted",300,1000,1.5,10,212239450,"MLFDR",0.05,"ok",FALSE,0.489999999999995,"","","2e8106dce40d64c42d1f525df5dfcd4a",36,2,34,217,0.0555555555555556,0.15668202764977
"linear_sparse_n300_t03_r0010","linear","sparse","paper_adjusted",300,1000,1.9,10,98830660,"HDMT",0.05,"ok",FALSE,0.019999999999996,"ties should not be present for the one-sample Kolmogorov-Smirnov test","","17add8ab3ea75db3e14ff62e40fef6e6",0,0,0,19,0,0
"linear_sparse_n300_t03_r0010","linear","sparse","paper_adjusted",300,1000,1.9,10,98830660,"MDACT",0.05,"ok",FALSE,0.019999999999996,"ties should not be present for the one-sample Kolmogorov-Smirnov test","","818dbf4ddae30526b8e7b236ec8df931",0,0,0,19,0,0
"linear_sparse_n300_t03_r0010","linear","sparse","paper_adjusted",300,1000,1.9,10,98830660,"MLFDR",0.05,"ok",FALSE,0.579999999999998,"","","1fdfef8747d0c73b085a848c427c5ba5",3,0,3,19,0,0.157894736842105
"confounded_sparse_n300_t03_r0010","confounded","sparse","paper_adjusted",300,1000,1.9,10,164746765,"HDMT",0.05,"ok",FALSE,0.0300000000000011,"ties should not be present for the one-sample Kolmogorov-Smirnov test","","123e7e8228f6b418e4c591c060c974dd",3,0,3,26,0,0.115384615384615
"confounded_sparse_n300_t03_r0010","confounded","sparse","paper_adjusted",300,1000,1.9,10,164746765,"MDACT",0.05,"ok",FALSE,0.019999999999996,"ties should not be present for the one-sample Kolmogorov-Smirnov test","","24cf839439bd817a9f9413be3d556484",3,0,3,26,0,0.115384615384615
"confounded_sparse_n300_t03_r0010","confounded","sparse","paper_adjusted",300,1000,1.9,10,164746765,"MLFDR",0.05,"ok",FALSE,0.25,"","","c06565391b532c17a28439836d06f939",10,0,10,26,0,0.384615384615385
"binary_sparse_n300_t03_r0010","binary","sparse","paper_adjusted",300,1000,1.9,10,241255075,"HDMT",0.05,"ok",FALSE,0.0300000000000011,"","","e1842b22469ba6a81a6136b29773d604",1,0,1,17,0,0.0588235294117647
"binary_sparse_n300_t03_r0010","binary","sparse","paper_adjusted",300,1000,1.9,10,241255075,"MDACT",0.05,"ok",FALSE,0.0100000000000051,"","","21dcdb48bef3c9de9892a7ce52094f12",1,0,1,17,0,0.0588235294117647
"binary_sparse_n300_t03_r0010","binary","sparse","paper_adjusted",300,1000,1.9,10,241255075,"MLFDR",0.05,"ok",FALSE,4.44000000000001,"","","360f967b677ad218770279fff45950ad",1,0,1,17,0,0.0588235294117647
"linear_dense_n300_t03_r0010","linear","dense","paper_adjusted",300,1000,1.9,10,88402562,"HDMT",0.05,"ok",FALSE,0.0300000000000011,"ties should not be present for the one-sample Kolmogorov-Smirnov test","","2f1c400f4149d820c2d23535030d4aaa",24,0,24,186,0,0.129032258064516
"linear_dense_n300_t03_r0010","linear","dense","paper_adjusted",300,1000,1.9,10,88402562,"MDACT",0.05,"ok",FALSE,0.0100000000000051,"ties should not be present for the one-sample Kolmogorov-Smirnov test","","8d1a2d2ad193bad0e833a290018fdcbc",29,1,28,186,0.0344827586206897,0.150537634408602
"linear_dense_n300_t03_r0010","linear","dense","paper_adjusted",300,1000,1.9,10,88402562,"MLFDR",0.05,"ok",FALSE,0.700000000000003,"","","1a2f46c0e15c5898d0cfe66808b78f43",87,4,83,186,0.0459770114942529,0.446236559139785
"confounded_dense_n300_t03_r0010","confounded","dense","paper_adjusted",300,1000,1.9,10,247456714,"HDMT",0.05,"ok",FALSE,0.0300000000000011,"ties should not be present for the one-sample Kolmogorov-Smirnov test","","1e8147d181b886ea2111588ba313ed2c",42,1,41,196,0.0238095238095238,0.209183673469388
"confounded_dense_n300_t03_r0010","confounded","dense","paper_adjusted",300,1000,1.9,10,247456714,"MDACT",0.05,"ok",FALSE,0,"ties should not be present for the one-sample Kolmogorov-Smirnov test","","801ea9836f86d2e63e97caadea7f0a1a",54,1,53,196,0.0185185185185185,0.270408163265306
"confounded_dense_n300_t03_r0010","confounded","dense","paper_adjusted",300,1000,1.9,10,247456714,"MLFDR",0.05,"ok",FALSE,0.930000000000007,"","","c8eb1a7e9c5fcdfdfefd6def305f29ef",110,8,102,196,0.0727272727272727,0.520408163265306
"binary_dense_n300_t03_r0010","binary","dense","paper_adjusted",300,1000,1.9,10,187884150,"HDMT",0.05,"ok",FALSE,0.0300000000000011,"","","ec109b5a327984c9456c880bf7deee06",23,1,22,187,0.0434782608695652,0.117647058823529
"binary_dense_n300_t03_r0010","binary","dense","paper_adjusted",300,1000,1.9,10,187884150,"MDACT",0.05,"ok",FALSE,0.019999999999996,"","","9a7dbaafda1604a103c27d8516d84645",33,2,31,187,0.0606060606060606,0.165775401069519
"binary_dense_n300_t03_r0010","binary","dense","paper_adjusted",300,1000,1.9,10,187884150,"MLFDR",0.05,"ok",FALSE,1.02000000000001,"","","48c6ac86b3ecf5e12de3d6e93fef6018",81,5,76,187,0.0617283950617284,0.406417112299465
"linear_sparse_n300_t01_r0011","linear","sparse","paper_adjusted",300,1000,1.3,11,36126080,"HDMT",0.05,"ok",FALSE,0.0300000000000011,"ties should not be present for the one-sample Kolmogorov-Smirnov test","","9d0e19fdd66f1a231ab881af1c67025a",0,0,0,18,0,0
"linear_sparse_n300_t01_r0011","linear","sparse","paper_adjusted",300,1000,1.3,11,36126080,"MDACT",0.05,"ok",FALSE,0.019999999999996,"ties should not be present for the one-sample Kolmogorov-Smirnov test","","8ccd53afd32610bc1534445c2f35b6c2",0,0,0,18,0,0
"linear_sparse_n300_t01_r0011","linear","sparse","paper_adjusted",300,1000,1.3,11,36126080,"MLFDR",0.05,"ok",FALSE,1.58,"","","dd2ef8cb86946a9b6c434d2d1706fa2c",0,0,0,18,0,0
"confounded_sparse_n300_t01_r0011","confounded","sparse","paper_adjusted",300,1000,1.3,11,50125100,"HDMT",0.05,"ok",FALSE,0.0300000000000011,"ties should not be present for the one-sample Kolmogorov-Smirnov test","","56fb47b9c3fb92ae107b77338dd64b72",0,0,0,10,0,0
"confounded_sparse_n300_t01_r0011","confounded","sparse","paper_adjusted",300,1000,1.3,11,50125100,"MDACT",0.05,"ok",FALSE,0.0100000000000051,"ties should not be present for the one-sample Kolmogorov-Smirnov test","","53f16795b4bad6bec4888a74dd9ec2bf",0,0,0,10,0,0
"confounded_sparse_n300_t01_r0011","confounded","sparse","paper_adjusted",300,1000,1.3,11,50125100,"MLFDR",0.05,"ok",FALSE,1.2,"","","533edb1bf9e4177657d0b0c2b8d431df",0,0,0,10,0,0
"binary_sparse_n300_t01_r0011","binary","sparse","paper_adjusted",300,1000,1.3,11,192646908,"HDMT",0.05,"ok",FALSE,0.019999999999996,"","","e4c015fcdaa5d5e8ee86c2aff3697680",0,0,0,21,0,0
"binary_sparse_n300_t01_r0011","binary","sparse","paper_adjusted",300,1000,1.3,11,192646908,"MDACT",0.05,"ok",FALSE,0.0100000000000051,"","","07d1d31fccecfd74696aa32fa0aff1a6",1,0,1,21,0,0.0476190476190476
"binary_sparse_n300_t01_r0011","binary","sparse","paper_adjusted",300,1000,1.3,11,192646908,"MLFDR",0.05,"ok",FALSE,0.890000000000001,"","","dc1d4bfe7c4c3c78ab7c3fc12aa58f21",5,1,4,21,0.2,0.19047619047619
"linear_dense_n300_t01_r0011","linear","dense","paper_adjusted",300,1000,1.3,11,86093870,"HDMT",0.05,"ok",FALSE,0.0100000000000051,"ties should not be present for the one-sample Kolmogorov-Smirnov test","","437746e96f54e5027ea1647d4c8878f5",11,0,11,207,0,0.0531400966183575
"linear_dense_n300_t01_r0011","linear","dense","paper_adjusted",300,1000,1.3,11,86093870,"MDACT",0.05,"ok",FALSE,0.019999999999996,"ties should not be present for the one-sample Kolmogorov-Smirnov test","","ffd067eb8c35eeec31937dc2638af77b",11,0,11,207,0,0.0531400966183575
"linear_dense_n300_t01_r0011","linear","dense","paper_adjusted",300,1000,1.3,11,86093870,"MLFDR",0.05,"ok",FALSE,1.54000000000001,"","","989668dadeea4d3300c13d3bdc70b5a6",47,4,43,207,0.0851063829787234,0.207729468599034
"confounded_dense_n300_t01_r0011","confounded","dense","paper_adjusted",300,1000,1.3,11,163927055,"HDMT",0.05,"ok",FALSE,0.019999999999996,"ties should not be present for the one-sample Kolmogorov-Smirnov test","","b355cfeb9d0f9f22e230b96bdbf55ec6",6,0,6,204,0,0.0294117647058824
"confounded_dense_n300_t01_r0011","confounded","dense","paper_adjusted",300,1000,1.3,11,163927055,"MDACT",0.05,"ok",FALSE,0.0100000000000051,"ties should not be present for the one-sample Kolmogorov-Smirnov test","","c1ab138f7ae3fd31b4cd7ad74df4497f",6,0,6,204,0,0.0294117647058824
"confounded_dense_n300_t01_r0011","confounded","dense","paper_adjusted",300,1000,1.3,11,163927055,"MLFDR",0.05,"ok",FALSE,0.560000000000002,"","","1baf084f3255fd1d6a89f21e88becafe",30,1,29,204,0.0333333333333333,0.142156862745098
"binary_dense_n300_t01_r0011","binary","dense","paper_adjusted",300,1000,1.3,11,30923975,"HDMT",0.05,"ok",FALSE,0.019999999999996,"","","01aa0fde2aa7bc284ffbb6ca894dffe0",1,0,1,188,0,0.00531914893617021
"binary_dense_n300_t01_r0011","binary","dense","paper_adjusted",300,1000,1.3,11,30923975,"MDACT",0.05,"ok",FALSE,0,"","","2f269e935ba24825f9fceea767f6c79a",1,0,1,188,0,0.00531914893617021
"binary_dense_n300_t01_r0011","binary","dense","paper_adjusted",300,1000,1.3,11,30923975,"MLFDR",0.05,"ok",FALSE,0.530000000000001,"","","71629083ab83a9532a54163913bb5f4e",24,0,24,188,0,0.127659574468085
"linear_sparse_n300_t02_r0011","linear","sparse","paper_adjusted",300,1000,1.5,11,222763503,"HDMT",0.05,"ok",FALSE,0.0100000000000051,"ties should not be present for the one-sample Kolmogorov-Smirnov test","","716872c3b599be6ff971ed6e0049669d",0,0,0,24,0,0
"linear_sparse_n300_t02_r0011","linear","sparse","paper_adjusted",300,1000,1.5,11,222763503,"MDACT",0.05,"ok",FALSE,0.0100000000000051,"ties should not be present for the one-sample Kolmogorov-Smirnov test","","7ac5a1b24cdfa5403c4015ae5c4a82be",0,0,0,24,0,0
"linear_sparse_n300_t02_r0011","linear","sparse","paper_adjusted",300,1000,1.5,11,222763503,"MLFDR",0.05,"ok",FALSE,1.7,"","","45b53304854b82acab4b8e601730b6b2",0,0,0,24,0,0
"confounded_sparse_n300_t02_r0011","confounded","sparse","paper_adjusted",300,1000,1.5,11,39676855,"HDMT",0.05,"ok",FALSE,0.0300000000000011,"ties should not be present for the one-sample Kolmogorov-Smirnov test","","bc4cc34ae0b51299538bbdece78ca8b5",2,1,1,13,0.5,0.0769230769230769
"confounded_sparse_n300_t02_r0011","confounded","sparse","paper_adjusted",300,1000,1.5,11,39676855,"MDACT",0.05,"ok",FALSE,0.0100000000000051,"ties should not be present for the one-sample Kolmogorov-Smirnov test","","289ae91e8423716d7c8d1912dc5fc763",0,0,0,13,0,0
"confounded_sparse_n300_t02_r0011","confounded","sparse","paper_adjusted",300,1000,1.5,11,39676855,"MLFDR",0.05,"ok",FALSE,2.09999999999999,"","","524fb346f45ca4fdce852a55212739c7",0,0,0,13,0,0
"binary_sparse_n300_t02_r0011","binary","sparse","paper_adjusted",300,1000,1.5,11,138412866,"HDMT",0.05,"ok",FALSE,0.0300000000000011,"","","d89956a5c204087a7c183e8a8c60c479",0,0,0,20,0,0
"binary_sparse_n300_t02_r0011","binary","sparse","paper_adjusted",300,1000,1.5,11,138412866,"MDACT",0.05,"ok",FALSE,0.019999999999996,"","","4200c766824d3b18a7f59054220b7a8f",0,0,0,20,0,0
"binary_sparse_n300_t02_r0011","binary","sparse","paper_adjusted",300,1000,1.5,11,138412866,"MLFDR",0.05,"ok",FALSE,0.569999999999993,"","","f3330d9a025f223f6b6aed8a2d19b7f5",0,0,0,20,0,0
"linear_dense_n300_t02_r0011","linear","dense","paper_adjusted",300,1000,1.5,11,234090260,"HDMT",0.05,"ok",FALSE,0.0100000000000051,"ties should not be present for the one-sample Kolmogorov-Smirnov test","","f88456fab4b2002a656a3e85beed3269",5,0,5,208,0,0.0240384615384615
"linear_dense_n300_t02_r0011","linear","dense","paper_adjusted",300,1000,1.5,11,234090260,"MDACT",0.05,"ok",FALSE,0.019999999999996,"ties should not be present for the one-sample Kolmogorov-Smirnov test","","18e5870d477ff8a73546cfdbb8bb51fa",13,0,13,208,0,0.0625
"linear_dense_n300_t02_r0011","linear","dense","paper_adjusted",300,1000,1.5,11,234090260,"MLFDR",0.05,"ok",FALSE,0.38000000000001,"","","826c39e5f6c08b4853fffc9ed8a9c89d",69,1,68,208,0.0144927536231884,0.326923076923077
"confounded_dense_n300_t02_r0011","confounded","dense","paper_adjusted",300,1000,1.5,11,123577974,"HDMT",0.05,"ok",FALSE,0.0300000000000011,"ties should not be present for the one-sample Kolmogorov-Smirnov test","","d6601f679e60f5edd34edbce6005e65c",1,0,1,194,0,0.00515463917525773
"confounded_dense_n300_t02_r0011","confounded","dense","paper_adjusted",300,1000,1.5,11,123577974,"MDACT",0.05,"ok",FALSE,0.019999999999996,"ties should not be present for the one-sample Kolmogorov-Smirnov test","","704e207824a57b1c2e1a50f78c2ded51",1,0,1,194,0,0.00515463917525773
"confounded_dense_n300_t02_r0011","confounded","dense","paper_adjusted",300,1000,1.5,11,123577974,"MLFDR",0.05,"ok",FALSE,0.370000000000005,"","","3fd7054d6b6b29a3dc2d3b35a748b5b9",38,5,33,194,0.131578947368421,0.170103092783505
"binary_dense_n300_t02_r0011","binary","dense","paper_adjusted",300,1000,1.5,11,78663835,"HDMT",0.05,"ok",FALSE,0.019999999999996,"","","b896de246a0f1be8fe6440b3a11d083c",20,0,20,197,0,0.101522842639594
"binary_dense_n300_t02_r0011","binary","dense","paper_adjusted",300,1000,1.5,11,78663835,"MDACT",0.05,"ok",FALSE,0,"","","d92f37ab94085bf7fcec5e90d62e92e3",21,0,21,197,0,0.106598984771574
"binary_dense_n300_t02_r0011","binary","dense","paper_adjusted",300,1000,1.5,11,78663835,"MLFDR",0.05,"ok",FALSE,1.03,"","","c6602d9c45b2ccf89460eb4728978cc3",81,4,77,197,0.0493827160493827,0.390862944162437
"linear_sparse_n300_t03_r0011","linear","sparse","paper_adjusted",300,1000,1.9,11,215808894,"HDMT",0.05,"ok",FALSE,0.0300000000000011,"ties should not be present for the one-sample Kolmogorov-Smirnov test","","8c64b43c4dcdbf1de7d7b13d566cddaf",3,0,3,22,0,0.136363636363636
"linear_sparse_n300_t03_r0011","linear","sparse","paper_adjusted",300,1000,1.9,11,215808894,"MDACT",0.05,"ok",FALSE,0,"ties should not be present for the one-sample Kolmogorov-Smirnov test","","944bb95beb4bddb304a0c7753de555b4",3,0,3,22,0,0.136363636363636
"linear_sparse_n300_t03_r0011","linear","sparse","paper_adjusted",300,1000,1.9,11,215808894,"MLFDR",0.05,"ok",FALSE,0.420000000000002,"","","19bb3bb4a39e2c1e51e3f2faefd1f74a",9,0,9,22,0,0.409090909090909
"confounded_sparse_n300_t03_r0011","confounded","sparse","paper_adjusted",300,1000,1.9,11,110117734,"HDMT",0.05,"ok",FALSE,0.0300000000000011,"ties should not be present for the one-sample Kolmogorov-Smirnov test","","f9fbb0d03fa56a6ec8fb6b059f4282db",3,0,3,24,0,0.125
"confounded_sparse_n300_t03_r0011","confounded","sparse","paper_adjusted",300,1000,1.9,11,110117734,"MDACT",0.05,"ok",FALSE,0,"ties should not be present for the one-sample Kolmogorov-Smirnov test","","59aa9da8ba03d3ec34a54ada15e23e0c",1,0,1,24,0,0.0416666666666667
"confounded_sparse_n300_t03_r0011","confounded","sparse","paper_adjusted",300,1000,1.9,11,110117734,"MLFDR",0.05,"ok",FALSE,0.620000000000005,"","","68e7ca04b17a8a00fd926d24e7bcb5ec",4,0,4,24,0,0.166666666666667
"binary_sparse_n300_t03_r0011","binary","sparse","paper_adjusted",300,1000,1.9,11,61079019,"HDMT",0.05,"ok",FALSE,0.0299999999999869,"","","3e5441d6972e406095614cc59ff60305",0,0,0,19,0,0
"binary_sparse_n300_t03_r0011","binary","sparse","paper_adjusted",300,1000,1.9,11,61079019,"MDACT",0.05,"ok",FALSE,0.019999999999996,"","","ac14c107019f1287f324cb124e82f61d",0,0,0,19,0,0
"binary_sparse_n300_t03_r0011","binary","sparse","paper_adjusted",300,1000,1.9,11,61079019,"MLFDR",0.05,"ok",FALSE,0.359999999999999,"","","11f0ed5243ddfe75199454835ef87e69",0,0,0,19,0,0
"linear_dense_n300_t03_r0011","linear","dense","paper_adjusted",300,1000,1.9,11,72725005,"HDMT",0.05,"ok",FALSE,0.019999999999996,"ties should not be present for the one-sample Kolmogorov-Smirnov test","","bdb50fa1036e185766b2a534b7f8d9d6",25,1,24,186,0.04,0.129032258064516
"linear_dense_n300_t03_r0011","linear","dense","paper_adjusted",300,1000,1.9,11,72725005,"MDACT",0.05,"ok",FALSE,0,"ties should not be present for the one-sample Kolmogorov-Smirnov test","","e5b599c05dc6f0b0286a87566a135f30",29,1,28,186,0.0344827586206897,0.150537634408602
"linear_dense_n300_t03_r0011","linear","dense","paper_adjusted",300,1000,1.9,11,72725005,"MLFDR",0.05,"ok",FALSE,0.530000000000001,"","","0b82e0e0bcfd71928a770629ff745e18",73,4,69,186,0.0547945205479452,0.370967741935484
"confounded_dense_n300_t03_r0011","confounded","dense","paper_adjusted",300,1000,1.9,11,267660904,"HDMT",0.05,"ok",FALSE,0.0300000000000011,"ties should not be present for the one-sample Kolmogorov-Smirnov test","","48fdf6e1d1e95f742cfc5cf2894e0bdc",26,1,25,219,0.0384615384615385,0.114155251141553
"confounded_dense_n300_t03_r0011","confounded","dense","paper_adjusted",300,1000,1.9,11,267660904,"MDACT",0.05,"ok",FALSE,0.0100000000000051,"ties should not be present for the one-sample Kolmogorov-Smirnov test","","0f81b10c0299cbf2f94c18d0088d0189",29,1,28,219,0.0344827586206897,0.127853881278539
"confounded_dense_n300_t03_r0011","confounded","dense","paper_adjusted",300,1000,1.9,11,267660904,"MLFDR",0.05,"ok",FALSE,0.330000000000013,"","","3bd7c51a184702c30641200f3f39f0a1",94,2,92,219,0.0212765957446809,0.420091324200913
"binary_dense_n300_t03_r0011","binary","dense","paper_adjusted",300,1000,1.9,11,73424719,"HDMT",0.05,"ok",FALSE,0.0300000000000011,"","","f362deb239131368a72a1607f9376c15",45,2,43,195,0.0444444444444444,0.220512820512821
"binary_dense_n300_t03_r0011","binary","dense","paper_adjusted",300,1000,1.9,11,73424719,"MDACT",0.05,"ok",FALSE,0.00999999999999091,"","","c0095f6c2316b4e89aed825b4de9c216",56,3,53,195,0.0535714285714286,0.271794871794872
"binary_dense_n300_t03_r0011","binary","dense","paper_adjusted",300,1000,1.9,11,73424719,"MLFDR",0.05,"ok",FALSE,0.589999999999989,"","","eb8653dc934d26c670122e7cfae5ec9b",110,5,105,195,0.0454545454545455,0.538461538461538
"linear_sparse_n300_t01_r0012","linear","sparse","paper_adjusted",300,1000,1.3,12,201848793,"HDMT",0.05,"ok",FALSE,0.0300000000000011,"ties should not be present for the one-sample Kolmogorov-Smirnov test","","e43ea9940d03e983a617b612ab6782ea",0,0,0,19,0,0
"linear_sparse_n300_t01_r0012","linear","sparse","paper_adjusted",300,1000,1.3,12,201848793,"MDACT",0.05,"ok",FALSE,0.019999999999996,"ties should not be present for the one-sample Kolmogorov-Smirnov test","","9cfa4a6ab2cc807fed23c896ac9df096",1,0,1,19,0,0.0526315789473684
"linear_sparse_n300_t01_r0012","linear","sparse","paper_adjusted",300,1000,1.3,12,201848793,"MLFDR",0.05,"ok",FALSE,0.570000000000007,"","","ae470db08ecf545eba192dd1a1b348c4",4,0,4,19,0,0.210526315789474
"confounded_sparse_n300_t01_r0012","confounded","sparse","paper_adjusted",300,1000,1.3,12,220910518,"HDMT",0.05,"ok",FALSE,0.0699999999999932,"ties should not be present for the one-sample Kolmogorov-Smirnov test","","d930d4a81387a42ea61e2930b2a9ee1b",1,0,1,19,0,0.0526315789473684
"confounded_sparse_n300_t01_r0012","confounded","sparse","paper_adjusted",300,1000,1.3,12,220910518,"MDACT",0.05,"ok",FALSE,0.019999999999996,"ties should not be present for the one-sample Kolmogorov-Smirnov test","","0d8a2877af584e027142f44809a2a400",1,0,1,19,0,0.0526315789473684
"confounded_sparse_n300_t01_r0012","confounded","sparse","paper_adjusted",300,1000,1.3,12,220910518,"MLFDR",0.05,"ok",FALSE,0.75,"","","c3d7f2b2a97d8bef9fa2ab022c95bc07",2,0,2,19,0,0.105263157894737
"binary_sparse_n300_t01_r0012","binary","sparse","paper_adjusted",300,1000,1.3,12,107284408,"HDMT",0.05,"ok",FALSE,0.0300000000000011,"","","0ffbefd2d3da9eae5b8a0906740ccf60",1,0,1,18,0,0.0555555555555556
"binary_sparse_n300_t01_r0012","binary","sparse","paper_adjusted",300,1000,1.3,12,107284408,"MDACT",0.05,"ok",FALSE,0.0100000000000051,"","","a08362ab94848c143550275c429f888b",1,0,1,18,0,0.0555555555555556
"binary_sparse_n300_t01_r0012","binary","sparse","paper_adjusted",300,1000,1.3,12,107284408,"MLFDR",0.05,"ok",FALSE,0.420000000000002,"","","4023b02fffa02363cb3db7c345114bf4",2,0,2,18,0,0.111111111111111
"linear_dense_n300_t01_r0012","linear","dense","paper_adjusted",300,1000,1.3,12,36277315,"HDMT",0.05,"ok",FALSE,0.019999999999996,"ties should not be present for the one-sample Kolmogorov-Smirnov test","","a09fd3ae6ddbc809b188c8b8dad997ed",14,0,14,173,0,0.0809248554913295
"linear_dense_n300_t01_r0012","linear","dense","paper_adjusted",300,1000,1.3,12,36277315,"MDACT",0.05,"ok",FALSE,0.019999999999996,"ties should not be present for the one-sample Kolmogorov-Smirnov test","","1c4aefc319f364b7c7c049a777aef313",14,0,14,173,0,0.0809248554913295
"linear_dense_n300_t01_r0012","linear","dense","paper_adjusted",300,1000,1.3,12,36277315,"MLFDR",0.05,"ok",FALSE,1.19,"","","23ab3dadd5eff569481c19ef26480bec",34,0,34,173,0,0.196531791907514
"confounded_dense_n300_t01_r0012","confounded","dense","paper_adjusted",300,1000,1.3,12,222579121,"HDMT",0.05,"ok",FALSE,0.0300000000000011,"ties should not be present for the one-sample Kolmogorov-Smirnov test","","73a18f1b8565f25448bcff3a3f8c68c9",6,0,6,195,0,0.0307692307692308
"confounded_dense_n300_t01_r0012","confounded","dense","paper_adjusted",300,1000,1.3,12,222579121,"MDACT",0.05,"ok",FALSE,0.0100000000000051,"ties should not be present for the one-sample Kolmogorov-Smirnov test","","07ca0e0703817eef05d46e60fe188eff",6,0,6,195,0,0.0307692307692308
"confounded_dense_n300_t01_r0012","confounded","dense","paper_adjusted",300,1000,1.3,12,222579121,"MLFDR",0.05,"ok",FALSE,0.859999999999999,"","","e7bdd639187123a48ff240b499c20cbc",30,1,29,195,0.0333333333333333,0.148717948717949
"binary_dense_n300_t01_r0012","binary","dense","paper_adjusted",300,1000,1.3,12,111191420,"HDMT",0.05,"ok",FALSE,0.0100000000000051,"","","d5efefa5bbcad27d9e5aa9c33a547086",13,1,12,189,0.0769230769230769,0.0634920634920635
"binary_dense_n300_t01_r0012","binary","dense","paper_adjusted",300,1000,1.3,12,111191420,"MDACT",0.05,"ok",FALSE,0,"","","54d5b0d2fa5f641de8ba0f73d92e0d43",15,1,14,189,0.0666666666666667,0.0740740740740741
"binary_dense_n300_t01_r0012","binary","dense","paper_adjusted",300,1000,1.3,12,111191420,"MLFDR",0.05,"ok",FALSE,0.659999999999997,"","","48ea98dbe550543df578939570feb2f0",40,3,37,189,0.075,0.195767195767196
"linear_sparse_n300_t02_r0012","linear","sparse","paper_adjusted",300,1000,1.5,12,218481438,"HDMT",0.05,"ok",FALSE,0.0300000000000011,"ties should not be present for the one-sample Kolmogorov-Smirnov test","","a865644201c014cc09577f835425593b",0,0,0,13,0,0
"linear_sparse_n300_t02_r0012","linear","sparse","paper_adjusted",300,1000,1.5,12,218481438,"MDACT",0.05,"ok",FALSE,0.0100000000000051,"ties should not be present for the one-sample Kolmogorov-Smirnov test","","f8e63434fdc1d1fb9110e4c7b1509751",0,0,0,13,0,0
"linear_sparse_n300_t02_r0012","linear","sparse","paper_adjusted",300,1000,1.5,12,218481438,"MLFDR",0.05,"ok",FALSE,1.09,"","","e9de224bf1e128274e5f6476eeb27949",0,0,0,13,0,0
"confounded_sparse_n300_t02_r0012","confounded","sparse","paper_adjusted",300,1000,1.5,12,94563371,"HDMT",0.05,"ok",FALSE,0.0299999999999869,"ties should not be present for the one-sample Kolmogorov-Smirnov test","","65dd62fdbeca3063da000aa9440850e7",0,0,0,24,0,0
"confounded_sparse_n300_t02_r0012","confounded","sparse","paper_adjusted",300,1000,1.5,12,94563371,"MDACT",0.05,"ok",FALSE,0.019999999999996,"ties should not be present for the one-sample Kolmogorov-Smirnov test","","8ead8c126b8a867b6f3fdb454b719ab2",0,0,0,24,0,0
"confounded_sparse_n300_t02_r0012","confounded","sparse","paper_adjusted",300,1000,1.5,12,94563371,"MLFDR",0.05,"ok",FALSE,0.489999999999995,"","","61c12901f6c7dc90cb117ddba67c300e",2,0,2,24,0,0.0833333333333333
"binary_sparse_n300_t02_r0012","binary","sparse","paper_adjusted",300,1000,1.5,12,54830902,"HDMT",0.05,"ok",FALSE,0.0300000000000011,"","","086d3e3216ceff9f1b8c7d68522a265d",0,0,0,21,0,0
"binary_sparse_n300_t02_r0012","binary","sparse","paper_adjusted",300,1000,1.5,12,54830902,"MDACT",0.05,"ok",FALSE,0.019999999999996,"","","63454ba8cac3517d0eea53d40aa7772f",0,0,0,21,0,0
"binary_sparse_n300_t02_r0012","binary","sparse","paper_adjusted",300,1000,1.5,12,54830902,"MLFDR",0.05,"ok",FALSE,0.659999999999997,"","","82b355aba43246d4e5c2b9d2f9a95b69",0,0,0,21,0,0
"linear_dense_n300_t02_r0012","linear","dense","paper_adjusted",300,1000,1.5,12,189687734,"HDMT",0.05,"ok",FALSE,0.0400000000000063,"ties should not be present for the one-sample Kolmogorov-Smirnov test","","0f938a58dcf6ba7e39aac98e119e1695",3,0,3,191,0,0.0157068062827225
"linear_dense_n300_t02_r0012","linear","dense","paper_adjusted",300,1000,1.5,12,189687734,"MDACT",0.05,"ok",FALSE,0.019999999999996,"ties should not be present for the one-sample Kolmogorov-Smirnov test","","3f15bd8974e5a57d648f04d02513273f",35,2,33,191,0.0571428571428571,0.172774869109948
"linear_dense_n300_t02_r0012","linear","dense","paper_adjusted",300,1000,1.5,12,189687734,"MLFDR",0.05,"ok",FALSE,0.349999999999994,"","","3f72fae992c292bde085a4f4709bbefa",71,3,68,191,0.0422535211267606,0.356020942408377
"confounded_dense_n300_t02_r0012","confounded","dense","paper_adjusted",300,1000,1.5,12,235699983,"HDMT",0.05,"ok",FALSE,0.0300000000000011,"ties should not be present for the one-sample Kolmogorov-Smirnov test","","78e9375ee49d43ae7297726094ddfcda",2,0,2,192,0,0.0104166666666667
"confounded_dense_n300_t02_r0012","confounded","dense","paper_adjusted",300,1000,1.5,12,235699983,"MDACT",0.05,"ok",FALSE,0.0100000000000051,"ties should not be present for the one-sample Kolmogorov-Smirnov test","","a09e5ef7bf7d5cf6130f00f9da9f183a",1,0,1,192,0,0.00520833333333333
"confounded_dense_n300_t02_r0012","confounded","dense","paper_adjusted",300,1000,1.5,12,235699983,"MLFDR",0.05,"ok",FALSE,0.560000000000002,"","","01e895c016b6b9a23d0d29c7705a0c3b",39,2,37,192,0.0512820512820513,0.192708333333333
"binary_dense_n300_t02_r0012","binary","dense","paper_adjusted",300,1000,1.5,12,67511930,"HDMT",0.05,"ok",FALSE,0.0300000000000011,"","","2c2fc4c190ce7d47da3cb2a9d2d44b38",35,1,34,208,0.0285714285714286,0.163461538461538
"binary_dense_n300_t02_r0012","binary","dense","paper_adjusted",300,1000,1.5,12,67511930,"MDACT",0.05,"ok",FALSE,0.0100000000000051,"","","94f5300916c7c3cf7d6f4466a8d10b58",36,1,35,208,0.0277777777777778,0.168269230769231
"binary_dense_n300_t02_r0012","binary","dense","paper_adjusted",300,1000,1.5,12,67511930,"MLFDR",0.05,"ok",FALSE,0.640000000000001,"","","e271fa3c2621697fa0fc9985640a9a59",82,6,76,208,0.0731707317073171,0.365384615384615
"linear_sparse_n300_t03_r0012","linear","sparse","paper_adjusted",300,1000,1.9,12,228304345,"HDMT",0.05,"ok",FALSE,0.019999999999996,"ties should not be present for the one-sample Kolmogorov-Smirnov test","","ba8eb3bf54d7d726d9bfe01e8df4a558",1,1,0,24,1,0
"linear_sparse_n300_t03_r0012","linear","sparse","paper_adjusted",300,1000,1.9,12,228304345,"MDACT",0.05,"ok",FALSE,0.019999999999996,"ties should not be present for the one-sample Kolmogorov-Smirnov test","","442478358b8e8fd5d54b90c81e558b4d",1,1,0,24,1,0
"linear_sparse_n300_t03_r0012","linear","sparse","paper_adjusted",300,1000,1.9,12,228304345,"MLFDR",0.05,"ok",FALSE,0.299999999999997,"","","a059ecff3187605e28467224d6ef160a",3,0,3,24,0,0.125
"confounded_sparse_n300_t03_r0012","confounded","sparse","paper_adjusted",300,1000,1.9,12,160802140,"HDMT",0.05,"ok",FALSE,0.0300000000000011,"ties should not be present for the one-sample Kolmogorov-Smirnov test","","675d3c845da2b6edc594d1fb1dc25f9d",4,0,4,23,0,0.173913043478261
"confounded_sparse_n300_t03_r0012","confounded","sparse","paper_adjusted",300,1000,1.9,12,160802140,"MDACT",0.05,"ok",FALSE,0.00999999999999091,"ties should not be present for the one-sample Kolmogorov-Smirnov test","","ec2608eb7e0dbe541888ad98aa593fe0",2,0,2,23,0,0.0869565217391304
"confounded_sparse_n300_t03_r0012","confounded","sparse","paper_adjusted",300,1000,1.9,12,160802140,"MLFDR",0.05,"ok",FALSE,0.310000000000002,"","","9d6c136a10be0ae8b156fa1b8d0857ff",6,0,6,23,0,0.260869565217391
"binary_sparse_n300_t03_r0012","binary","sparse","paper_adjusted",300,1000,1.9,12,21103981,"HDMT",0.05,"ok",FALSE,0.0300000000000011,"","","778c447e8a7aaaa7a07c478d252f1fe4",0,0,0,17,0,0
"binary_sparse_n300_t03_r0012","binary","sparse","paper_adjusted",300,1000,1.9,12,21103981,"MDACT",0.05,"ok",FALSE,0.019999999999996,"","","de2c11825ce68b1f6b3e9af48db20a42",1,0,1,17,0,0.0588235294117647
"binary_sparse_n300_t03_r0012","binary","sparse","paper_adjusted",300,1000,1.9,12,21103981,"MLFDR",0.05,"ok",FALSE,0.25,"","","78d378902a247bdc88249038c9c91ee8",3,0,3,17,0,0.176470588235294
"linear_dense_n300_t03_r0012","linear","dense","paper_adjusted",300,1000,1.9,12,104926843,"HDMT",0.05,"ok",FALSE,0.019999999999996,"ties should not be present for the one-sample Kolmogorov-Smirnov test","","db74d5fdf5b9e03dec4057facbbea7e6",35,0,35,193,0,0.181347150259067
"linear_dense_n300_t03_r0012","linear","dense","paper_adjusted",300,1000,1.9,12,104926843,"MDACT",0.05,"ok",FALSE,0,"ties should not be present for the one-sample Kolmogorov-Smirnov test","","7f7405ad801bcf5dd603cd7d283b7b48",45,0,45,193,0,0.233160621761658
"linear_dense_n300_t03_r0012","linear","dense","paper_adjusted",300,1000,1.9,12,104926843,"MLFDR",0.05,"ok",FALSE,0.22999999999999,"","","c91a89c2481e003484cb8ebc106f0a86",93,4,89,193,0.043010752688172,0.461139896373057
"confounded_dense_n300_t03_r0012","confounded","dense","paper_adjusted",300,1000,1.9,12,146013129,"HDMT",0.05,"ok",FALSE,0.0100000000000051,"ties should not be present for the one-sample Kolmogorov-Smirnov test","","2bf93767f7caf19aa8e765b39c8f1f2e",40,1,39,189,0.025,0.206349206349206
"confounded_dense_n300_t03_r0012","confounded","dense","paper_adjusted",300,1000,1.9,12,146013129,"MDACT",0.05,"ok",FALSE,0,"ties should not be present for the one-sample Kolmogorov-Smirnov test","","4f4ae85ec5aa273fc079916a67e1e4d8",54,2,52,189,0.037037037037037,0.275132275132275
"confounded_dense_n300_t03_r0012","confounded","dense","paper_adjusted",300,1000,1.9,12,146013129,"MLFDR",0.05,"ok",FALSE,0.25,"","","b92d4647cacf239358295b372095dcf9",112,7,105,189,0.0625,0.555555555555556
"binary_dense_n300_t03_r0012","binary","dense","paper_adjusted",300,1000,1.9,12,122055263,"HDMT",0.05,"ok",FALSE,0.0300000000000011,"","","db3984806b90bd064905f7574e8ca7d2",39,0,39,182,0,0.214285714285714
"binary_dense_n300_t03_r0012","binary","dense","paper_adjusted",300,1000,1.9,12,122055263,"MDACT",0.05,"ok",FALSE,0.0100000000000051,"","","3fa97fed13368fddfb154dc495223a82",49,0,49,182,0,0.269230769230769
"binary_dense_n300_t03_r0012","binary","dense","paper_adjusted",300,1000,1.9,12,122055263,"MLFDR",0.05,"ok",FALSE,0.179999999999993,"","","68fb3d80e462ba2b3ccfddc5776b30a8",101,1,100,182,0.0099009900990099,0.549450549450549
"linear_sparse_n300_t01_r0013","linear","sparse","paper_adjusted",300,1000,1.3,13,50375859,"HDMT",0.05,"ok",FALSE,0.0200000000000102,"ties should not be present for the one-sample Kolmogorov-Smirnov test","","263af81b4d8400412b1c40c6ab7fb118",1,0,1,23,0,0.0434782608695652
"linear_sparse_n300_t01_r0013","linear","sparse","paper_adjusted",300,1000,1.3,13,50375859,"MDACT",0.05,"ok",FALSE,0,"ties should not be present for the one-sample Kolmogorov-Smirnov test","","ec8e1520b3f25f2e431cf19516535e45",1,0,1,23,0,0.0434782608695652
"linear_sparse_n300_t01_r0013","linear","sparse","paper_adjusted",300,1000,1.3,13,50375859,"MLFDR",0.05,"ok",FALSE,1.31,"","","1ebb23d6410f664f8c2e2b714294cf67",1,0,1,23,0,0.0434782608695652
"confounded_sparse_n300_t01_r0013","confounded","sparse","paper_adjusted",300,1000,1.3,13,253985759,"HDMT",0.05,"ok",FALSE,0.0400000000000063,"ties should not be present for the one-sample Kolmogorov-Smirnov test","","9b70271efd152336f9015e3c11d58cdd",0,0,0,17,0,0
"confounded_sparse_n300_t01_r0013","confounded","sparse","paper_adjusted",300,1000,1.3,13,253985759,"MDACT",0.05,"ok",FALSE,0,"ties should not be present for the one-sample Kolmogorov-Smirnov test","","4453b28bf1c057acac3c0bda6ba81b9a",0,0,0,17,0,0
"confounded_sparse_n300_t01_r0013","confounded","sparse","paper_adjusted",300,1000,1.3,13,253985759,"MLFDR",0.05,"ok",FALSE,0.609999999999999,"","","827cd5a301a95ee1938d8a930f496ab0",0,0,0,17,0,0
"binary_sparse_n300_t01_r0013","binary","sparse","paper_adjusted",300,1000,1.3,13,15363718,"HDMT",0.05,"ok",FALSE,0.0300000000000011,"","","35d47e5a2d3f436e0b94f5db1a695de2",0,0,0,16,0,0
"binary_sparse_n300_t01_r0013","binary","sparse","paper_adjusted",300,1000,1.3,13,15363718,"MDACT",0.05,"ok",FALSE,0,"","","a01d9f63c90384be5c637958d0413415",0,0,0,16,0,0
"binary_sparse_n300_t01_r0013","binary","sparse","paper_adjusted",300,1000,1.3,13,15363718,"MLFDR",0.05,"ok",FALSE,1.28999999999999,"","","f1eb476ea1c3cfb2874ced468dade647",0,0,0,16,0,0
"linear_dense_n300_t01_r0013","linear","dense","paper_adjusted",300,1000,1.3,13,155957809,"HDMT",0.05,"ok",FALSE,0.0200000000000102,"ties should not be present for the one-sample Kolmogorov-Smirnov test","","f9a7e3c8e13a2a8877807622e5021afb",7,0,7,220,0,0.0318181818181818
"linear_dense_n300_t01_r0013","linear","dense","paper_adjusted",300,1000,1.3,13,155957809,"MDACT",0.05,"ok",FALSE,0,"ties should not be present for the one-sample Kolmogorov-Smirnov test","","e8cee1af67722730de6158efacab9c90",7,0,7,220,0,0.0318181818181818
"linear_dense_n300_t01_r0013","linear","dense","paper_adjusted",300,1000,1.3,13,155957809,"MLFDR",0.05,"ok",FALSE,0.75,"","","beab2b5c07aa09d44d94859bebb8c70f",48,1,47,220,0.0208333333333333,0.213636363636364
"confounded_dense_n300_t01_r0013","confounded","dense","paper_adjusted",300,1000,1.3,13,181533413,"HDMT",0.05,"ok",FALSE,0.0300000000000011,"ties should not be present for the one-sample Kolmogorov-Smirnov test","","9ebd0a0ed4d36d8286cf6d7e2de0b61f",0,0,0,168,0,0
"confounded_dense_n300_t01_r0013","confounded","dense","paper_adjusted",300,1000,1.3,13,181533413,"MDACT",0.05,"ok",FALSE,0.0100000000000051,"ties should not be present for the one-sample Kolmogorov-Smirnov test","","b62df3392ee75ec641739ba46828a111",0,0,0,168,0,0
"confounded_dense_n300_t01_r0013","confounded","dense","paper_adjusted",300,1000,1.3,13,181533413,"MLFDR",0.05,"ok",FALSE,0.939999999999998,"","","4c56e46f96005f0c2b51a66df830ffea",18,2,16,168,0.111111111111111,0.0952380952380952
"binary_dense_n300_t01_r0013","binary","dense","paper_adjusted",300,1000,1.3,13,148760379,"HDMT",0.05,"ok",FALSE,0.0300000000000011,"","","42bc3483388157d2aa29942ea9b5db1c",0,0,0,203,0,0
"binary_dense_n300_t01_r0013","binary","dense","paper_adjusted",300,1000,1.3,13,148760379,"MDACT",0.05,"ok",FALSE,0.0100000000000051,"","","61cee65be77cd7ea930d3d985310d5c7",0,0,0,203,0,0
"binary_dense_n300_t01_r0013","binary","dense","paper_adjusted",300,1000,1.3,13,148760379,"MLFDR",0.05,"ok",FALSE,0.450000000000003,"","","4dfbaaa19798d3727f71ead1604e8cce",13,1,12,203,0.0769230769230769,0.0591133004926108
"linear_sparse_n300_t02_r0013","linear","sparse","paper_adjusted",300,1000,1.5,13,120905546,"HDMT",0.05,"ok",FALSE,0.0100000000000051,"ties should not be present for the one-sample Kolmogorov-Smirnov test","","7e6271982ccc15eaf944808af8e27f17",3,0,3,20,0,0.15
"linear_sparse_n300_t02_r0013","linear","sparse","paper_adjusted",300,1000,1.5,13,120905546,"MDACT",0.05,"ok",FALSE,0.019999999999996,"ties should not be present for the one-sample Kolmogorov-Smirnov test","","2732ee10bd13116bdc1087e02651e1db",3,0,3,20,0,0.15
"linear_sparse_n300_t02_r0013","linear","sparse","paper_adjusted",300,1000,1.5,13,120905546,"MLFDR",0.05,"ok",FALSE,2.94,"","","2b54691513a4c9154bee3801bfd5c501",6,0,6,20,0,0.3
"confounded_sparse_n300_t02_r0013","confounded","sparse","paper_adjusted",300,1000,1.5,13,226150571,"HDMT",0.05,"ok",FALSE,0.0300000000000011,"ties should not be present for the one-sample Kolmogorov-Smirnov test","","be03dd599c6d12b8ef85f5264aebc61a",2,0,2,28,0,0.0714285714285714
"confounded_sparse_n300_t02_r0013","confounded","sparse","paper_adjusted",300,1000,1.5,13,226150571,"MDACT",0.05,"ok",FALSE,0.0100000000000051,"ties should not be present for the one-sample Kolmogorov-Smirnov test","","1a8bd471e4bcbc8231122fdcc5bd28a2",2,0,2,28,0,0.0714285714285714
"confounded_sparse_n300_t02_r0013","confounded","sparse","paper_adjusted",300,1000,1.5,13,226150571,"MLFDR",0.05,"ok",FALSE,1.12,"","","7355b526d96678a7ade92af5f1ec194a",8,0,8,28,0,0.285714285714286
"binary_sparse_n300_t02_r0013","binary","sparse","paper_adjusted",300,1000,1.5,13,44954659,"HDMT",0.05,"ok",FALSE,0.0200000000000102,"","","6831ec88eddce8f042d9b1b45e791e0a",5,0,5,22,0,0.227272727272727
"binary_sparse_n300_t02_r0013","binary","sparse","paper_adjusted",300,1000,1.5,13,44954659,"MDACT",0.05,"ok",FALSE,0.0100000000000051,"","","9d45b873c9ea6c4378e01f1aa3db62f4",1,0,1,22,0,0.0454545454545455
"binary_sparse_n300_t02_r0013","binary","sparse","paper_adjusted",300,1000,1.5,13,44954659,"MLFDR",0.05,"ok",FALSE,1.25999999999999,"","","a540116daff6d9fdc0b49a7ec7d2d8eb",7,0,7,22,0,0.318181818181818
"linear_dense_n300_t02_r0013","linear","dense","paper_adjusted",300,1000,1.5,13,108883430,"HDMT",0.05,"ok",FALSE,0.0400000000000063,"ties should not be present for the one-sample Kolmogorov-Smirnov test","","bcb40509dd832271429d16a9dec92f22",13,1,12,200,0.0769230769230769,0.06
"linear_dense_n300_t02_r0013","linear","dense","paper_adjusted",300,1000,1.5,13,108883430,"MDACT",0.05,"ok",FALSE,0.019999999999996,"ties should not be present for the one-sample Kolmogorov-Smirnov test","","9db0c7891640f4f0da882eba3bf41923",17,2,15,200,0.117647058823529,0.075
"linear_dense_n300_t02_r0013","linear","dense","paper_adjusted",300,1000,1.5,13,108883430,"MLFDR",0.05,"ok",FALSE,0.849999999999994,"","","cc1f9d62d7122569988fe0f2737b75e1",51,5,46,200,0.0980392156862745,0.23
"confounded_dense_n300_t02_r0013","confounded","dense","paper_adjusted",300,1000,1.5,13,213957804,"HDMT",0.05,"ok",FALSE,0.0300000000000011,"ties should not be present for the one-sample Kolmogorov-Smirnov test","","79a18dc1ea243d257367414275037fde",30,0,30,197,0,0.152284263959391
"confounded_dense_n300_t02_r0013","confounded","dense","paper_adjusted",300,1000,1.5,13,213957804,"MDACT",0.05,"ok",FALSE,0,"ties should not be present for the one-sample Kolmogorov-Smirnov test","","31444cdabf6170ed0d06801e4a0c525c",39,0,39,197,0,0.197969543147208
"confounded_dense_n300_t02_r0013","confounded","dense","paper_adjusted",300,1000,1.5,13,213957804,"MLFDR",0.05,"ok",FALSE,0.319999999999993,"","","9e8289b3f9854a8f26ffdb0136a0b3bf",76,1,75,197,0.0131578947368421,0.380710659898477
"binary_dense_n300_t02_r0013","binary","dense","paper_adjusted",300,1000,1.5,13,68411160,"HDMT",0.05,"ok",FALSE,0.0300000000000011,"","","3a930ddf911cf24baa7b18084cb2e3f0",9,0,9,213,0,0.0422535211267606
"binary_dense_n300_t02_r0013","binary","dense","paper_adjusted",300,1000,1.5,13,68411160,"MDACT",0.05,"ok",FALSE,0.0200000000000102,"","","5985b7eb88d9b1167e3dddc9be737e3d",22,1,21,213,0.0454545454545455,0.0985915492957746
"binary_dense_n300_t02_r0013","binary","dense","paper_adjusted",300,1000,1.5,13,68411160,"MLFDR",0.05,"ok",FALSE,0.390000000000001,"","","740ba5c8a9467fbb79160df9d8cbcf76",69,7,62,213,0.101449275362319,0.291079812206573
"linear_sparse_n300_t03_r0013","linear","sparse","paper_adjusted",300,1000,1.9,13,107145509,"HDMT",0.05,"ok",FALSE,0.039999999999992,"ties should not be present for the one-sample Kolmogorov-Smirnov test","","656cebd9a8250bbddbfd53348a643937",0,0,0,23,0,0
"linear_sparse_n300_t03_r0013","linear","sparse","paper_adjusted",300,1000,1.9,13,107145509,"MDACT",0.05,"ok",FALSE,0.0200000000000102,"ties should not be present for the one-sample Kolmogorov-Smirnov test","","31056c325d5abd2aff04d228f2c3e559",0,0,0,23,0,0
"linear_sparse_n300_t03_r0013","linear","sparse","paper_adjusted",300,1000,1.9,13,107145509,"MLFDR",0.05,"ok",FALSE,0.280000000000001,"","","cae0cf761e3ea25c088db65b1a2287ca",9,1,8,23,0.111111111111111,0.347826086956522
"confounded_sparse_n300_t03_r0013","confounded","sparse","paper_adjusted",300,1000,1.9,13,212217105,"HDMT",0.05,"ok",FALSE,0.0300000000000011,"ties should not be present for the one-sample Kolmogorov-Smirnov test","","106fd111592555df7fa8202fe703bf2c",9,4,5,13,0.444444444444444,0.384615384615385
"confounded_sparse_n300_t03_r0013","confounded","sparse","paper_adjusted",300,1000,1.9,13,212217105,"MDACT",0.05,"ok",FALSE,0.0199999999999818,"ties should not be present for the one-sample Kolmogorov-Smirnov test","","20aab6245dd01fd01cff4695cd6e56f3",1,1,0,13,1,0
"confounded_sparse_n300_t03_r0013","confounded","sparse","paper_adjusted",300,1000,1.9,13,212217105,"MLFDR",0.05,"ok",FALSE,0.299999999999983,"","","28043a5ec55b01496a8512279524b76f",4,1,3,13,0.25,0.230769230769231
"binary_sparse_n300_t03_r0013","binary","sparse","paper_adjusted",300,1000,1.9,13,187354452,"HDMT",0.05,"ok",FALSE,0.039999999999992,"","","a2b394053a211abc8ffc720b68d24552",0,0,0,13,0,0
"binary_sparse_n300_t03_r0013","binary","sparse","paper_adjusted",300,1000,1.9,13,187354452,"MDACT",0.05,"ok",FALSE,0.0200000000000102,"","","cf613e9f78417c6337113d31a634f21b",0,0,0,13,0,0
"binary_sparse_n300_t03_r0013","binary","sparse","paper_adjusted",300,1000,1.9,13,187354452,"MLFDR",0.05,"ok",FALSE,0.550000000000011,"","","1c8b07818aa8aff8ed562d4ad1b2cd22",0,0,0,13,0,0
"linear_dense_n300_t03_r0013","linear","dense","paper_adjusted",300,1000,1.9,13,189481098,"HDMT",0.05,"ok",FALSE,0.0300000000000011,"ties should not be present for the one-sample Kolmogorov-Smirnov test","","a9af1c97943d8b812be023647ce3a14b",33,0,33,168,0,0.196428571428571
"linear_dense_n300_t03_r0013","linear","dense","paper_adjusted",300,1000,1.9,13,189481098,"MDACT",0.05,"ok",FALSE,0.0100000000000193,"ties should not be present for the one-sample Kolmogorov-Smirnov test","","d587966c336e2a2f8dcffe63e22854e8",37,1,36,168,0.027027027027027,0.214285714285714
"linear_dense_n300_t03_r0013","linear","dense","paper_adjusted",300,1000,1.9,13,189481098,"MLFDR",0.05,"ok",FALSE,0.25,"","","ce0b6fb5a14f90d02a6f32804f1341b5",98,2,96,168,0.0204081632653061,0.571428571428571
"confounded_dense_n300_t03_r0013","confounded","dense","paper_adjusted",300,1000,1.9,13,30290979,"HDMT",0.05,"ok",FALSE,0.0300000000000011,"ties should not be present for the one-sample Kolmogorov-Smirnov test","","c289430b6b29e4ca1c883082de663dde",16,0,16,214,0,0.0747663551401869
"confounded_dense_n300_t03_r0013","confounded","dense","paper_adjusted",300,1000,1.9,13,30290979,"MDACT",0.05,"ok",FALSE,0.0200000000000102,"ties should not be present for the one-sample Kolmogorov-Smirnov test","","09fae092cef02e04ea33554a066e6679",23,0,23,214,0,0.107476635514019
"confounded_dense_n300_t03_r0013","confounded","dense","paper_adjusted",300,1000,1.9,13,30290979,"MLFDR",0.05,"ok",FALSE,0.330000000000013,"","","4f3073886c26028209bbb7a23fe15536",72,5,67,214,0.0694444444444444,0.313084112149533
"binary_dense_n300_t03_r0013","binary","dense","paper_adjusted",300,1000,1.9,13,126014513,"HDMT",0.05,"ok",FALSE,0.00999999999999091,"","","8fe8c1e6f4e098f36a0e477dcaad5194",62,2,60,213,0.032258064516129,0.28169014084507
"binary_dense_n300_t03_r0013","binary","dense","paper_adjusted",300,1000,1.9,13,126014513,"MDACT",0.05,"ok",FALSE,0,"","","fcd50226c2f6a2faa48b8967dddeb6b0",70,2,68,213,0.0285714285714286,0.31924882629108
"binary_dense_n300_t03_r0013","binary","dense","paper_adjusted",300,1000,1.9,13,126014513,"MLFDR",0.05,"ok",FALSE,0.569999999999993,"","","34293561f02e3fb666709d27443fa0e1",135,7,128,213,0.0518518518518519,0.60093896713615
"linear_sparse_n300_t01_r0014","linear","sparse","paper_adjusted",300,1000,1.3,14,158106099,"HDMT",0.05,"ok",FALSE,0.00999999999999091,"ties should not be present for the one-sample Kolmogorov-Smirnov test","","707ac070f1762de87988a284b8e0930e",0,0,0,21,0,0
"linear_sparse_n300_t01_r0014","linear","sparse","paper_adjusted",300,1000,1.3,14,158106099,"MDACT",0.05,"ok",FALSE,0,"ties should not be present for the one-sample Kolmogorov-Smirnov test","","c216fc9fdaff793c22720c8026740681",0,0,0,21,0,0
"linear_sparse_n300_t01_r0014","linear","sparse","paper_adjusted",300,1000,1.3,14,158106099,"MLFDR",0.05,"ok",FALSE,1.70999999999998,"","","d151eee835fec90d0e5a64791a018c88",0,0,0,21,0,0
"confounded_sparse_n300_t01_r0014","confounded","sparse","paper_adjusted",300,1000,1.3,14,157552585,"HDMT",0.05,"ok",FALSE,0.00999999999999091,"ties should not be present for the one-sample Kolmogorov-Smirnov test","","5d8ee31714b30fdb6abd276030973ba1",0,0,0,25,0,0
"confounded_sparse_n300_t01_r0014","confounded","sparse","paper_adjusted",300,1000,1.3,14,157552585,"MDACT",0.05,"ok",FALSE,0,"ties should not be present for the one-sample Kolmogorov-Smirnov test","","9b66a9a618f6a30145ab38714ca4abd8",1,0,1,25,0,0.04
"confounded_sparse_n300_t01_r0014","confounded","sparse","paper_adjusted",300,1000,1.3,14,157552585,"MLFDR",0.05,"ok",FALSE,0.580000000000013,"","","aab7fcbe134210781ebea6f36b97e840",0,0,0,25,0,0
"binary_sparse_n300_t01_r0014","binary","sparse","paper_adjusted",300,1000,1.3,14,191895824,"HDMT",0.05,"ok",FALSE,0.0300000000000011,"","","80a5c2f79934c8b37cd880d2f6f464aa",1,0,1,20,0,0.05
"binary_sparse_n300_t01_r0014","binary","sparse","paper_adjusted",300,1000,1.3,14,191895824,"MDACT",0.05,"ok",FALSE,0,"","","42530a1483236ad12e093d2569c452c1",1,0,1,20,0,0.05
"binary_sparse_n300_t01_r0014","binary","sparse","paper_adjusted",300,1000,1.3,14,191895824,"MLFDR",0.05,"ok",FALSE,0.629999999999995,"","","8fe31a9d95df9e0fba3fafa8a11fc915",1,0,1,20,0,0.05
"linear_dense_n300_t01_r0014","linear","dense","paper_adjusted",300,1000,1.3,14,245053068,"HDMT",0.05,"ok",FALSE,0.0199999999999818,"ties should not be present for the one-sample Kolmogorov-Smirnov test","","d7393ad2e94dd21445a3e4d51bab5478",3,0,3,182,0,0.0164835164835165
"linear_dense_n300_t01_r0014","linear","dense","paper_adjusted",300,1000,1.3,14,245053068,"MDACT",0.05,"ok",FALSE,0,"ties should not be present for the one-sample Kolmogorov-Smirnov test","","9e9a10e3688061d5c163807ca77a85ae",4,0,4,182,0,0.021978021978022
"linear_dense_n300_t01_r0014","linear","dense","paper_adjusted",300,1000,1.3,14,245053068,"MLFDR",0.05,"ok",FALSE,0.960000000000008,"","","c1dc9536f252f7996e6043b9a314b9f6",25,1,24,182,0.04,0.131868131868132
"confounded_dense_n300_t01_r0014","confounded","dense","paper_adjusted",300,1000,1.3,14,131224149,"HDMT",0.05,"ok",FALSE,0.0600000000000023,"ties should not be present for the one-sample Kolmogorov-Smirnov test","","542dcec860b58a524922f785f28b2e5f",12,1,11,207,0.0833333333333333,0.0531400966183575
"confounded_dense_n300_t01_r0014","confounded","dense","paper_adjusted",300,1000,1.3,14,131224149,"MDACT",0.05,"ok",FALSE,0.0200000000000102,"ties should not be present for the one-sample Kolmogorov-Smirnov test","","1d0db32f18bb8d9de175aca69bae006f",23,2,21,207,0.0869565217391304,0.101449275362319
"confounded_dense_n300_t01_r0014","confounded","dense","paper_adjusted",300,1000,1.3,14,131224149,"MLFDR",0.05,"ok",FALSE,6.74000000000001,"","","aaa764cbd9d2a4de77de3a65dd313b2f",122,13,109,207,0.10655737704918,0.526570048309179
"binary_dense_n300_t01_r0014","binary","dense","paper_adjusted",300,1000,1.3,14,195969736,"HDMT",0.05,"ok",FALSE,0.039999999999992,"","","1125faf3996e4a51735abd73b1a9e693",0,0,0,206,0,0
"binary_dense_n300_t01_r0014","binary","dense","paper_adjusted",300,1000,1.3,14,195969736,"MDACT",0.05,"ok",FALSE,0.0200000000000102,"","","10eccd31dd5e8effb418333d003d8786",0,0,0,206,0,0
"binary_dense_n300_t01_r0014","binary","dense","paper_adjusted",300,1000,1.3,14,195969736,"MLFDR",0.05,"ok",FALSE,0.670000000000016,"","","edc787b3930579f8086c93e05f979acf",5,2,3,206,0.4,0.0145631067961165
"linear_sparse_n300_t02_r0014","linear","sparse","paper_adjusted",300,1000,1.5,14,169015867,"HDMT",0.05,"ok",FALSE,0.0300000000000011,"ties should not be present for the one-sample Kolmogorov-Smirnov test","","237d340b53a495f19ee7a5eb206e0fe0",0,0,0,15,0,0
"linear_sparse_n300_t02_r0014","linear","sparse","paper_adjusted",300,1000,1.5,14,169015867,"MDACT",0.05,"ok",FALSE,0,"ties should not be present for the one-sample Kolmogorov-Smirnov test","","34372581f07fc447d7cdb359334900c8",1,0,1,15,0,0.0666666666666667
"linear_sparse_n300_t02_r0014","linear","sparse","paper_adjusted",300,1000,1.5,14,169015867,"MLFDR",0.05,"ok",FALSE,0.620000000000005,"","","2c236a5f593daaf537f49ae0fb5feb94",2,0,2,15,0,0.133333333333333
"confounded_sparse_n300_t02_r0014","confounded","sparse","paper_adjusted",300,1000,1.5,14,257681083,"HDMT",0.05,"ok",FALSE,0.00999999999999091,"ties should not be present for the one-sample Kolmogorov-Smirnov test","","5e82a9669bd897125a1b9fe189aace4e",0,0,0,21,0,0
"confounded_sparse_n300_t02_r0014","confounded","sparse","paper_adjusted",300,1000,1.5,14,257681083,"MDACT",0.05,"ok",FALSE,0.0199999999999818,"ties should not be present for the one-sample Kolmogorov-Smirnov test","","bd324597552edb3bc8a2e4f7eeb2092e",0,0,0,21,0,0
"confounded_sparse_n300_t02_r0014","confounded","sparse","paper_adjusted",300,1000,1.5,14,257681083,"MLFDR",0.05,"ok",FALSE,0.689999999999998,"","","568988f124da84374bb6e8e7aefe0794",0,0,0,21,0,0
"binary_sparse_n300_t02_r0014","binary","sparse","paper_adjusted",300,1000,1.5,14,50191965,"HDMT",0.05,"ok",FALSE,0.0300000000000011,"","","fc3995adc8748c90f58710b96a937961",1,0,1,21,0,0.0476190476190476
"binary_sparse_n300_t02_r0014","binary","sparse","paper_adjusted",300,1000,1.5,14,50191965,"MDACT",0.05,"ok",FALSE,0,"","","aa5021a3542331bdda9851ce8f60686a",1,0,1,21,0,0.0476190476190476
"binary_sparse_n300_t02_r0014","binary","sparse","paper_adjusted",300,1000,1.5,14,50191965,"MLFDR",0.05,"ok",FALSE,2.14000000000001,"","","4300389a9605e06d8bf75cf9a561e735",3,1,2,21,0.333333333333333,0.0952380952380952
"linear_dense_n300_t02_r0014","linear","dense","paper_adjusted",300,1000,1.5,14,177190803,"HDMT",0.05,"ok",FALSE,0.0300000000000011,"ties should not be present for the one-sample Kolmogorov-Smirnov test","","e79ac3f321a7685d9abf23ce0543135f",3,0,3,208,0,0.0144230769230769
"linear_dense_n300_t02_r0014","linear","dense","paper_adjusted",300,1000,1.5,14,177190803,"MDACT",0.05,"ok",FALSE,0.0100000000000193,"ties should not be present for the one-sample Kolmogorov-Smirnov test","","e8e0e967f8a4ffe2f73077f551c3505a",1,0,1,208,0,0.00480769230769231
"linear_dense_n300_t02_r0014","linear","dense","paper_adjusted",300,1000,1.5,14,177190803,"MLFDR",0.05,"ok",FALSE,0.469999999999999,"","","d1b96bbd9f7ec2d77ba17e1cabe329d0",59,5,54,208,0.0847457627118644,0.259615384615385
"confounded_dense_n300_t02_r0014","confounded","dense","paper_adjusted",300,1000,1.5,14,135671642,"HDMT",0.05,"ok",FALSE,0.0300000000000011,"ties should not be present for the one-sample Kolmogorov-Smirnov test","","9debfcba384dda9efe9c274eba589113",15,0,15,212,0,0.0707547169811321
"confounded_dense_n300_t02_r0014","confounded","dense","paper_adjusted",300,1000,1.5,14,135671642,"MDACT",0.05,"ok",FALSE,0,"ties should not be present for the one-sample Kolmogorov-Smirnov test","","1f188eaacc681002fbabfb1159bd90e9",15,0,15,212,0,0.0707547169811321
"confounded_dense_n300_t02_r0014","confounded","dense","paper_adjusted",300,1000,1.5,14,135671642,"MLFDR",0.05,"ok",FALSE,1.38999999999999,"","","cba026c6dbe0e0c5c9c9d7e8030711ef",52,3,49,212,0.0576923076923077,0.231132075471698
"binary_dense_n300_t02_r0014","binary","dense","paper_adjusted",300,1000,1.5,14,42171584,"HDMT",0.05,"ok",FALSE,0.0299999999999727,"","","8c22e210948c07abfa9279f746dab2bf",0,0,0,197,0,0
"binary_dense_n300_t02_r0014","binary","dense","paper_adjusted",300,1000,1.5,14,42171584,"MDACT",0.05,"ok",FALSE,0.0199999999999818,"","","7a46327a1b27580a3023fb2c76f3ef86",1,0,1,197,0,0.0050761421319797
"binary_dense_n300_t02_r0014","binary","dense","paper_adjusted",300,1000,1.5,14,42171584,"MLFDR",0.05,"ok",FALSE,0.469999999999999,"","","31cf765a89c5db532256b04ca12a88e7",34,2,32,197,0.0588235294117647,0.16243654822335
"linear_sparse_n300_t03_r0014","linear","sparse","paper_adjusted",300,1000,1.9,14,265012438,"HDMT",0.05,"ok",FALSE,0.039999999999992,"ties should not be present for the one-sample Kolmogorov-Smirnov test","","580e368420e27a0113d955d0897a6828",1,0,1,20,0,0.05
"linear_sparse_n300_t03_r0014","linear","sparse","paper_adjusted",300,1000,1.9,14,265012438,"MDACT",0.05,"ok",FALSE,0,"ties should not be present for the one-sample Kolmogorov-Smirnov test","","fb36a266ade83b3bedd1c7eab17dd0e8",1,0,1,20,0,0.05
"linear_sparse_n300_t03_r0014","linear","sparse","paper_adjusted",300,1000,1.9,14,265012438,"MLFDR",0.05,"ok",FALSE,0.800000000000011,"","","818c690b2910ea8d6533efd4a8d862fc",5,0,5,20,0,0.25
"confounded_sparse_n300_t03_r0014","confounded","sparse","paper_adjusted",300,1000,1.9,14,49840837,"HDMT",0.05,"ok",FALSE,0.0200000000000102,"ties should not be present for the one-sample Kolmogorov-Smirnov test","","ea34b88325443b35b0be0a67c9209357",3,0,3,16,0,0.1875
"confounded_sparse_n300_t03_r0014","confounded","sparse","paper_adjusted",300,1000,1.9,14,49840837,"MDACT",0.05,"ok",FALSE,0.0200000000000102,"ties should not be present for the one-sample Kolmogorov-Smirnov test","","47d12d9de8feb2d0265bb763541164df",5,0,5,16,0,0.3125
"confounded_sparse_n300_t03_r0014","confounded","sparse","paper_adjusted",300,1000,1.9,14,49840837,"MLFDR",0.05,"ok",FALSE,4.05000000000001,"","","ed317abea47d3ea5ce36cc0921fe52e0",17,7,10,16,0.411764705882353,0.625
"binary_sparse_n300_t03_r0014","binary","sparse","paper_adjusted",300,1000,1.9,14,190602841,"HDMT",0.05,"ok",FALSE,0.0300000000000011,"","","965cfaec345ccdff97940b0144c2f467",5,0,5,18,0,0.277777777777778
"binary_sparse_n300_t03_r0014","binary","sparse","paper_adjusted",300,1000,1.9,14,190602841,"MDACT",0.05,"ok",FALSE,0.0100000000000193,"","","0f23d6289ed1733d2ae129823a6b0a72",7,0,7,18,0,0.388888888888889
"binary_sparse_n300_t03_r0014","binary","sparse","paper_adjusted",300,1000,1.9,14,190602841,"MLFDR",0.05,"ok",FALSE,0.330000000000013,"","","fc1b727a10c97d561b5f39cc2b32d44b",9,0,9,18,0,0.5
"linear_dense_n300_t03_r0014","linear","dense","paper_adjusted",300,1000,1.9,14,3446329,"HDMT",0.05,"ok",FALSE,0.0200000000000102,"ties should not be present for the one-sample Kolmogorov-Smirnov test","","b45a2ed63ab7dc65ed284a8e21860412",52,1,51,204,0.0192307692307692,0.25
"linear_dense_n300_t03_r0014","linear","dense","paper_adjusted",300,1000,1.9,14,3446329,"MDACT",0.05,"ok",FALSE,0,"ties should not be present for the one-sample Kolmogorov-Smirnov test","","f2ee9fbef209d6c38445ef60d5483636",60,1,59,204,0.0166666666666667,0.28921568627451
"linear_dense_n300_t03_r0014","linear","dense","paper_adjusted",300,1000,1.9,14,3446329,"MLFDR",0.05,"ok",FALSE,0.349999999999994,"","","35e946726ce9049c15d14fb91f27da3c",123,7,116,204,0.0569105691056911,0.568627450980392
"confounded_dense_n300_t03_r0014","confounded","dense","paper_adjusted",300,1000,1.9,14,215777634,"HDMT",0.05,"ok",FALSE,0.0199999999999818,"ties should not be present for the one-sample Kolmogorov-Smirnov test","","bed50caa73c0ca8c6274238c647c094d",64,1,63,205,0.015625,0.307317073170732
"confounded_dense_n300_t03_r0014","confounded","dense","paper_adjusted",300,1000,1.9,14,215777634,"MDACT",0.05,"ok",FALSE,0,"ties should not be present for the one-sample Kolmogorov-Smirnov test","","f5c8e07e6f25c046bb39332c4ed96128",74,1,73,205,0.0135135135135135,0.35609756097561
"confounded_dense_n300_t03_r0014","confounded","dense","paper_adjusted",300,1000,1.9,14,215777634,"MLFDR",0.05,"ok",FALSE,0.340000000000003,"","","21aa9fd5c12c4b8de9a8c094da47bef8",130,0,130,205,0,0.634146341463415
"binary_dense_n300_t03_r0014","binary","dense","paper_adjusted",300,1000,1.9,14,138664495,"HDMT",0.05,"ok",FALSE,0.0200000000000102,"","","3f7c6f48e90b3a2d3706058a8f3d0da0",15,0,15,184,0,0.0815217391304348
"binary_dense_n300_t03_r0014","binary","dense","paper_adjusted",300,1000,1.9,14,138664495,"MDACT",0.05,"ok",FALSE,0,"","","5a1b6c15a06e46afc2c6aa6144d6e568",15,0,15,184,0,0.0815217391304348
"binary_dense_n300_t03_r0014","binary","dense","paper_adjusted",300,1000,1.9,14,138664495,"MLFDR",0.05,"ok",FALSE,0.799999999999983,"","","9291000282122852a6f8c85572c19ebe",62,2,60,184,0.032258064516129,0.326086956521739
"linear_sparse_n300_t01_r0015","linear","sparse","paper_adjusted",300,1000,1.3,15,216097654,"HDMT",0.05,"ok",FALSE,0.0299999999999727,"ties should not be present for the one-sample Kolmogorov-Smirnov test","","afc658271f473f947d30f7ff2c2b701a",5,0,5,20,0,0.25
"linear_sparse_n300_t01_r0015","linear","sparse","paper_adjusted",300,1000,1.3,15,216097654,"MDACT",0.05,"ok",FALSE,0.0199999999999818,"ties should not be present for the one-sample Kolmogorov-Smirnov test","","05bc9bee2fc7225cc1deb90edf3652f4",1,0,1,20,0,0.05
"linear_sparse_n300_t01_r0015","linear","sparse","paper_adjusted",300,1000,1.3,15,216097654,"MLFDR",0.05,"ok",FALSE,0.590000000000003,"","","68420d2f18483dc9169c4a966b14b606",1,0,1,20,0,0.05
"confounded_sparse_n300_t01_r0015","confounded","sparse","paper_adjusted",300,1000,1.3,15,130171012,"HDMT",0.05,"ok",FALSE,0.0100000000000193,"ties should not be present for the one-sample Kolmogorov-Smirnov test","","007ce8873976bcd7db57bb5a8ca5bfc1",0,0,0,14,0,0
"confounded_sparse_n300_t01_r0015","confounded","sparse","paper_adjusted",300,1000,1.3,15,130171012,"MDACT",0.05,"ok",FALSE,0,"ties should not be present for the one-sample Kolmogorov-Smirnov test","","1333f05f0db20660a3aba8f84507548b",0,0,0,14,0,0
"confounded_sparse_n300_t01_r0015","confounded","sparse","paper_adjusted",300,1000,1.3,15,130171012,"MLFDR",0.05,"ok",FALSE,1.06999999999999,"","","8917488d0dc43fbe356365a3c1db8338",0,0,0,14,0,0
"binary_sparse_n300_t01_r0015","binary","sparse","paper_adjusted",300,1000,1.3,15,122031860,"HDMT",0.05,"ok",FALSE,0.0300000000000011,"","","4018e21805db266659b96cbc3fb12db8",1,0,1,27,0,0.037037037037037
"binary_sparse_n300_t01_r0015","binary","sparse","paper_adjusted",300,1000,1.3,15,122031860,"MDACT",0.05,"ok",FALSE,0.0199999999999818,"","","b7dad60c07e05ed9c28fff2873f93cc1",1,0,1,27,0,0.037037037037037
"binary_sparse_n300_t01_r0015","binary","sparse","paper_adjusted",300,1000,1.3,15,122031860,"MLFDR",0.05,"ok",FALSE,1.47,"","","f15b4e9c04d90210dcfcb7b6fcba3948",14,4,10,27,0.285714285714286,0.37037037037037
"linear_dense_n300_t01_r0015","linear","dense","paper_adjusted",300,1000,1.3,15,179250318,"HDMT",0.05,"ok",FALSE,0.0100000000000193,"ties should not be present for the one-sample Kolmogorov-Smirnov test","","5af10a319f8946626c099d9d69d476ea",22,1,21,219,0.0454545454545455,0.0958904109589041
"linear_dense_n300_t01_r0015","linear","dense","paper_adjusted",300,1000,1.3,15,179250318,"MDACT",0.05,"ok",FALSE,0,"ties should not be present for the one-sample Kolmogorov-Smirnov test","","4bed2f7b23ab6fc0ad36b04e5bfe2eda",24,1,23,219,0.0416666666666667,0.105022831050228
"linear_dense_n300_t01_r0015","linear","dense","paper_adjusted",300,1000,1.3,15,179250318,"MLFDR",0.05,"ok",FALSE,0.920000000000016,"","","66b524efa307289f88c3dbf821ffa872",50,2,48,219,0.04,0.219178082191781
"confounded_dense_n300_t01_r0015","confounded","dense","paper_adjusted",300,1000,1.3,15,247858178,"HDMT",0.05,"ok",FALSE,0.0300000000000011,"ties should not be present for the one-sample Kolmogorov-Smirnov test","","fbc2fb0dc5ed879f778eaf770d170fb6",25,0,25,206,0,0.121359223300971
"confounded_dense_n300_t01_r0015","confounded","dense","paper_adjusted",300,1000,1.3,15,247858178,"MDACT",0.05,"ok",FALSE,0.0200000000000102,"ties should not be present for the one-sample Kolmogorov-Smirnov test","","a1cebb2821cbf7d03efbeace89b42733",25,0,25,206,0,0.121359223300971
"confounded_dense_n300_t01_r0015","confounded","dense","paper_adjusted",300,1000,1.3,15,247858178,"MLFDR",0.05,"ok",FALSE,0.830000000000013,"","","48dcb8226e0d22f7561882c8bf092186",67,5,62,206,0.0746268656716418,0.300970873786408
"binary_dense_n300_t01_r0015","binary","dense","paper_adjusted",300,1000,1.3,15,199113044,"HDMT",0.05,"ok",FALSE,0.0100000000000193,"","","9c6998a0a0cdd140cba4a57e4113daa4",2,0,2,201,0,0.00995024875621891
"binary_dense_n300_t01_r0015","binary","dense","paper_adjusted",300,1000,1.3,15,199113044,"MDACT",0.05,"ok",FALSE,0,"","","16276dadf6a299e7f1d003d16565f956",4,0,4,201,0,0.0199004975124378
"binary_dense_n300_t01_r0015","binary","dense","paper_adjusted",300,1000,1.3,15,199113044,"MLFDR",0.05,"ok",FALSE,0.5,"","","a2a0c58bd355c06a0fb79e862371cde4",31,0,31,201,0,0.154228855721393
"linear_sparse_n300_t02_r0015","linear","sparse","paper_adjusted",300,1000,1.5,15,253309305,"HDMT",0.05,"ok",FALSE,0.0300000000000011,"ties should not be present for the one-sample Kolmogorov-Smirnov test","","e475ec33fab61b81938b829f0b94af4f",0,0,0,15,0,0
"linear_sparse_n300_t02_r0015","linear","sparse","paper_adjusted",300,1000,1.5,15,253309305,"MDACT",0.05,"ok",FALSE,0.0200000000000102,"ties should not be present for the one-sample Kolmogorov-Smirnov test","","6b6e09fda731db907a2d276381a4766e",0,0,0,15,0,0
"linear_sparse_n300_t02_r0015","linear","sparse","paper_adjusted",300,1000,1.5,15,253309305,"MLFDR",0.05,"ok",FALSE,2.03999999999999,"","","df6a86e351dac12b8044153a22f54f77",0,0,0,15,0,0
"confounded_sparse_n300_t02_r0015","confounded","sparse","paper_adjusted",300,1000,1.5,15,236704638,"HDMT",0.05,"ok",FALSE,0.0100000000000193,"ties should not be present for the one-sample Kolmogorov-Smirnov test","","d2eca85373259b09e8735fde8565a32a",1,0,1,20,0,0.05
"confounded_sparse_n300_t02_r0015","confounded","sparse","paper_adjusted",300,1000,1.5,15,236704638,"MDACT",0.05,"ok",FALSE,0.0200000000000102,"ties should not be present for the one-sample Kolmogorov-Smirnov test","","e22ec0bfe6e92b3ef79c895e0a64d8c1",1,0,1,20,0,0.05
"confounded_sparse_n300_t02_r0015","confounded","sparse","paper_adjusted",300,1000,1.5,15,236704638,"MLFDR",0.05,"ok",FALSE,0.600000000000023,"","","5e28719e00412caeb9a77a498f1ee5f1",2,0,2,20,0,0.1
"binary_sparse_n300_t02_r0015","binary","sparse","paper_adjusted",300,1000,1.5,15,203505069,"HDMT",0.05,"ok",FALSE,0.00999999999999091,"","","e782e0bce50138eea85c9a802fc6559f",0,0,0,15,0,0
"binary_sparse_n300_t02_r0015","binary","sparse","paper_adjusted",300,1000,1.5,15,203505069,"MDACT",0.05,"ok",FALSE,0.0100000000000193,"","","87bd82b21f90cb6f3a70ab4117d34e32",1,0,1,15,0,0.0666666666666667
"binary_sparse_n300_t02_r0015","binary","sparse","paper_adjusted",300,1000,1.5,15,203505069,"MLFDR",0.05,"ok",FALSE,2.23000000000002,"","","f77b98f94cd7c5d8f8e06649c31be518",1,0,1,15,0,0.0666666666666667
"linear_dense_n300_t02_r0015","linear","dense","paper_adjusted",300,1000,1.5,15,211215864,"HDMT",0.05,"ok",FALSE,0.0300000000000011,"ties should not be present for the one-sample Kolmogorov-Smirnov test","","2fa7534f2331f6d518ec5f83b02382f5",11,0,11,197,0,0.0558375634517767
"linear_dense_n300_t02_r0015","linear","dense","paper_adjusted",300,1000,1.5,15,211215864,"MDACT",0.05,"ok",FALSE,0.00999999999999091,"ties should not be present for the one-sample Kolmogorov-Smirnov test","","760bfa190eab7fb9df7fb2b117c8244b",18,0,18,197,0,0.0913705583756345
"linear_dense_n300_t02_r0015","linear","dense","paper_adjusted",300,1000,1.5,15,211215864,"MLFDR",0.05,"ok",FALSE,0.419999999999987,"","","976ea33f205016b74bdeb69c2e6264c1",45,4,41,197,0.0888888888888889,0.208121827411168
"confounded_dense_n300_t02_r0015","confounded","dense","paper_adjusted",300,1000,1.5,15,220683061,"HDMT",0.05,"ok",FALSE,0.0300000000000011,"ties should not be present for the one-sample Kolmogorov-Smirnov test","","db3b2865ed6f9893790796d7f8fa214c",10,1,9,192,0.1,0.046875
"confounded_dense_n300_t02_r0015","confounded","dense","paper_adjusted",300,1000,1.5,15,220683061,"MDACT",0.05,"ok",FALSE,0.0200000000000102,"ties should not be present for the one-sample Kolmogorov-Smirnov test","","25a284098353f2f34f7aae379f48d5fa",12,2,10,192,0.166666666666667,0.0520833333333333
"confounded_dense_n300_t02_r0015","confounded","dense","paper_adjusted",300,1000,1.5,15,220683061,"MLFDR",0.05,"ok",FALSE,0.319999999999993,"","","31d8599078239fcb49d2a517df7399a8",49,3,46,192,0.0612244897959184,0.239583333333333
"binary_dense_n300_t02_r0015","binary","dense","paper_adjusted",300,1000,1.5,15,84549946,"HDMT",0.05,"ok",FALSE,0.039999999999992,"","","c616f40d1a41bd884ad429f2d3309bd6",2,0,2,198,0,0.0101010101010101
"binary_dense_n300_t02_r0015","binary","dense","paper_adjusted",300,1000,1.5,15,84549946,"MDACT",0.05,"ok",FALSE,0,"","","4e5f12deafd56bcf883e969393af27f8",5,1,4,198,0.2,0.0202020202020202
"binary_dense_n300_t02_r0015","binary","dense","paper_adjusted",300,1000,1.5,15,84549946,"MLFDR",0.05,"ok",FALSE,0.390000000000015,"","","b701c84f1f614e025165278d9428c688",60,3,57,198,0.05,0.287878787878788
"linear_sparse_n300_t03_r0015","linear","sparse","paper_adjusted",300,1000,1.9,15,64682883,"HDMT",0.05,"ok",FALSE,0.0300000000000011,"ties should not be present for the one-sample Kolmogorov-Smirnov test","","eb862ea505595473acd859ee3b029ee5",0,0,0,21,0,0
"linear_sparse_n300_t03_r0015","linear","sparse","paper_adjusted",300,1000,1.9,15,64682883,"MDACT",0.05,"ok",FALSE,0.0200000000000102,"ties should not be present for the one-sample Kolmogorov-Smirnov test","","0849ece1383c8bd943f593805be09685",0,0,0,21,0,0
"linear_sparse_n300_t03_r0015","linear","sparse","paper_adjusted",300,1000,1.9,15,64682883,"MLFDR",0.05,"ok",FALSE,0.319999999999993,"","","4c4c16e02c373da034ac8f43bd7dd4b0",4,0,4,21,0,0.19047619047619
"confounded_sparse_n300_t03_r0015","confounded","sparse","paper_adjusted",300,1000,1.9,15,235978942,"HDMT",0.05,"ok",FALSE,0.0300000000000011,"ties should not be present for the one-sample Kolmogorov-Smirnov test","","c8b279787bacf298c93d8e04604b2f6b",4,0,4,24,0,0.166666666666667
"confounded_sparse_n300_t03_r0015","confounded","sparse","paper_adjusted",300,1000,1.9,15,235978942,"MDACT",0.05,"ok",FALSE,0.00999999999999091,"ties should not be present for the one-sample Kolmogorov-Smirnov test","","ad3dd787290ea8b90f4c46200e4cf487",5,0,5,24,0,0.208333333333333
"confounded_sparse_n300_t03_r0015","confounded","sparse","paper_adjusted",300,1000,1.9,15,235978942,"MLFDR",0.05,"ok",FALSE,0.560000000000002,"","","7e1b497b951dca8d17a5b70f8076d893",9,1,8,24,0.111111111111111,0.333333333333333
"binary_sparse_n300_t03_r0015","binary","sparse","paper_adjusted",300,1000,1.9,15,154669889,"HDMT",0.05,"ok",FALSE,0.0300000000000011,"","","c08bb605ef2df328678e058afa8948ce",2,0,2,13,0,0.153846153846154
"binary_sparse_n300_t03_r0015","binary","sparse","paper_adjusted",300,1000,1.9,15,154669889,"MDACT",0.05,"ok",FALSE,0,"","","580324703b1a9dc1d4fce4efcf2d6dc9",2,0,2,13,0,0.153846153846154
"binary_sparse_n300_t03_r0015","binary","sparse","paper_adjusted",300,1000,1.9,15,154669889,"MLFDR",0.05,"ok",FALSE,0.510000000000019,"","","3701542f4e830b01daf7879cee099645",2,0,2,13,0,0.153846153846154
"linear_dense_n300_t03_r0015","linear","dense","paper_adjusted",300,1000,1.9,15,161883823,"HDMT",0.05,"ok",FALSE,0.0300000000000011,"ties should not be present for the one-sample Kolmogorov-Smirnov test","","06f146e64586373bc8c907726e09c17f",89,4,85,203,0.0449438202247191,0.41871921182266
"linear_dense_n300_t03_r0015","linear","dense","paper_adjusted",300,1000,1.9,15,161883823,"MDACT",0.05,"ok",FALSE,0.0200000000000102,"ties should not be present for the one-sample Kolmogorov-Smirnov test","","03862f7ae4953f07c90cbf8a1e07b766",97,5,92,203,0.0515463917525773,0.45320197044335
"linear_dense_n300_t03_r0015","linear","dense","paper_adjusted",300,1000,1.9,15,161883823,"MLFDR",0.05,"ok",FALSE,0.25,"","","17103808267bb0acbb296f667b1ca4ee",142,9,133,203,0.0633802816901408,0.655172413793103
"confounded_dense_n300_t03_r0015","confounded","dense","paper_adjusted",300,1000,1.9,15,22926348,"HDMT",0.05,"ok",FALSE,0.00999999999999091,"ties should not be present for the one-sample Kolmogorov-Smirnov test","","6e862ef085e6d5edccf9f5bf3c4ce57e",32,1,31,202,0.03125,0.153465346534653
"confounded_dense_n300_t03_r0015","confounded","dense","paper_adjusted",300,1000,1.9,15,22926348,"MDACT",0.05,"ok",FALSE,0.0200000000000102,"ties should not be present for the one-sample Kolmogorov-Smirnov test","","33a08fba031c9b5fe88a1152ab6c81bd",38,1,37,202,0.0263157894736842,0.183168316831683
"confounded_dense_n300_t03_r0015","confounded","dense","paper_adjusted",300,1000,1.9,15,22926348,"MLFDR",0.05,"ok",FALSE,0.330000000000013,"","","bb9dfb8ef8d6b2009ad0720bbe81fbf4",97,8,89,202,0.0824742268041237,0.440594059405941
"binary_dense_n300_t03_r0015","binary","dense","paper_adjusted",300,1000,1.9,15,221990580,"HDMT",0.05,"ok",FALSE,0.0199999999999818,"","","67c9c4a375e9284a9eb4952b09a69220",44,0,44,206,0,0.213592233009709
"binary_dense_n300_t03_r0015","binary","dense","paper_adjusted",300,1000,1.9,15,221990580,"MDACT",0.05,"ok",FALSE,0,"","","012fbfc730668758325ec2cd07629c27",60,1,59,206,0.0166666666666667,0.286407766990291
"binary_dense_n300_t03_r0015","binary","dense","paper_adjusted",300,1000,1.9,15,221990580,"MLFDR",0.05,"ok",FALSE,1.03,"","","1b9d715d50e99ef01d1479b69778b0f4",150,19,131,206,0.126666666666667,0.635922330097087
"linear_sparse_n300_t01_r0016","linear","sparse","paper_adjusted",300,1000,1.3,16,40750202,"HDMT",0.05,"ok",FALSE,0.0300000000000011,"ties should not be present for the one-sample Kolmogorov-Smirnov test","","5026164e3280bf05669c3cbd5e52ec53",0,0,0,22,0,0
"linear_sparse_n300_t01_r0016","linear","sparse","paper_adjusted",300,1000,1.3,16,40750202,"MDACT",0.05,"ok",FALSE,0,"ties should not be present for the one-sample Kolmogorov-Smirnov test","","2f636f997e935512b27d8bc7560e580f",0,0,0,22,0,0
"linear_sparse_n300_t01_r0016","linear","sparse","paper_adjusted",300,1000,1.3,16,40750202,"MLFDR",0.05,"ok",FALSE,0.899999999999977,"","","b340277909194398744bd2137a3cfcc4",0,0,0,22,0,0
"confounded_sparse_n300_t01_r0016","confounded","sparse","paper_adjusted",300,1000,1.3,16,228441863,"HDMT",0.05,"ok",FALSE,0.0300000000000011,"ties should not be present for the one-sample Kolmogorov-Smirnov test","","ecb0fb55f7256ed445987490b58ae3a5",0,0,0,18,0,0
"confounded_sparse_n300_t01_r0016","confounded","sparse","paper_adjusted",300,1000,1.3,16,228441863,"MDACT",0.05,"ok",FALSE,0,"ties should not be present for the one-sample Kolmogorov-Smirnov test","","03ec50b81ffc66ca2e5295afb0b8caec",0,0,0,18,0,0
"confounded_sparse_n300_t01_r0016","confounded","sparse","paper_adjusted",300,1000,1.3,16,228441863,"MLFDR",0.05,"ok",FALSE,4.38,"","","5b1cc098c93afe05013e4ba2fc622649",0,0,0,18,0,0
"binary_sparse_n300_t01_r0016","binary","sparse","paper_adjusted",300,1000,1.3,16,169114951,"HDMT",0.05,"ok",FALSE,0.0199999999999818,"","","7b3073242caeaf2c34028c746add8421",0,0,0,17,0,0
"binary_sparse_n300_t01_r0016","binary","sparse","paper_adjusted",300,1000,1.3,16,169114951,"MDACT",0.05,"ok",FALSE,0,"","","06f89f5de26cbfc30ef0c665ee0c8b3d",0,0,0,17,0,0
"binary_sparse_n300_t01_r0016","binary","sparse","paper_adjusted",300,1000,1.3,16,169114951,"MLFDR",0.05,"ok",FALSE,0.550000000000011,"","","ccbdcdc5f20169c812487da36e5fb286",0,0,0,17,0,0
"linear_dense_n300_t01_r0016","linear","dense","paper_adjusted",300,1000,1.3,16,98949684,"HDMT",0.05,"ok",FALSE,0.0300000000000011,"ties should not be present for the one-sample Kolmogorov-Smirnov test","","c2d466f54d7f7529e9e7a1acbfed59e5",3,1,2,203,0.333333333333333,0.00985221674876847
"linear_dense_n300_t01_r0016","linear","dense","paper_adjusted",300,1000,1.3,16,98949684,"MDACT",0.05,"ok",FALSE,0.0200000000000102,"ties should not be present for the one-sample Kolmogorov-Smirnov test","","6ca970bba2e15d628595010c029d00cd",10,1,9,203,0.1,0.0443349753694581
"linear_dense_n300_t01_r0016","linear","dense","paper_adjusted",300,1000,1.3,16,98949684,"MLFDR",0.05,"ok",FALSE,0.449999999999989,"","","77b7e08b28bf2e71a7ad79e01a11f2f6",38,2,36,203,0.0526315789473684,0.177339901477833
"confounded_dense_n300_t01_r0016","confounded","dense","paper_adjusted",300,1000,1.3,16,132923322,"HDMT",0.05,"ok",FALSE,0.0299999999999727,"ties should not be present for the one-sample Kolmogorov-Smirnov test","","d0d159dd24ef4b27a25f4b60fe93ebfe",8,0,8,214,0,0.0373831775700935
"confounded_dense_n300_t01_r0016","confounded","dense","paper_adjusted",300,1000,1.3,16,132923322,"MDACT",0.05,"ok",FALSE,0.0199999999999818,"ties should not be present for the one-sample Kolmogorov-Smirnov test","","ff81ac3d8129c088b8b3f2cf7e0ebca3",9,0,9,214,0,0.0420560747663551
"confounded_dense_n300_t01_r0016","confounded","dense","paper_adjusted",300,1000,1.3,16,132923322,"MLFDR",0.05,"ok",FALSE,0.409999999999997,"","","f1e23bfbad695a7ea4801c83c2c56f6a",46,2,44,214,0.0434782608695652,0.205607476635514
"binary_dense_n300_t01_r0016","binary","dense","paper_adjusted",300,1000,1.3,16,72884231,"HDMT",0.05,"ok",FALSE,0.00999999999999091,"","","bbd718475e09aad82ec127c1ff922e4a",0,0,0,219,0,0
"binary_dense_n300_t01_r0016","binary","dense","paper_adjusted",300,1000,1.3,16,72884231,"MDACT",0.05,"ok",FALSE,0,"","","5c5b2932e5486b0ac74faad9d025b3e9",0,0,0,219,0,0
"binary_dense_n300_t01_r0016","binary","dense","paper_adjusted",300,1000,1.3,16,72884231,"MLFDR",0.05,"ok",FALSE,1.73999999999998,"","","9c8f5aa8cedec3ee03171ea4a1ad033d",21,1,20,219,0.0476190476190476,0.091324200913242
"linear_sparse_n300_t02_r0016","linear","sparse","paper_adjusted",300,1000,1.5,16,255641255,"HDMT",0.05,"ok",FALSE,0.0200000000000102,"ties should not be present for the one-sample Kolmogorov-Smirnov test","","3db9a98b3858aa3f374f2f6e50dd4995",3,0,3,17,0,0.176470588235294
"linear_sparse_n300_t02_r0016","linear","sparse","paper_adjusted",300,1000,1.5,16,255641255,"MDACT",0.05,"ok",FALSE,0,"ties should not be present for the one-sample Kolmogorov-Smirnov test","","3fbd62b7b480a73f9adbe41e776616c0",3,0,3,17,0,0.176470588235294
"linear_sparse_n300_t02_r0016","linear","sparse","paper_adjusted",300,1000,1.5,16,255641255,"MLFDR",0.05,"ok",FALSE,0.349999999999994,"","","257a8684266b069c6d404210453d3822",8,1,7,17,0.125,0.411764705882353
"confounded_sparse_n300_t02_r0016","confounded","sparse","paper_adjusted",300,1000,1.5,16,197855516,"HDMT",0.05,"ok",FALSE,0.039999999999992,"ties should not be present for the one-sample Kolmogorov-Smirnov test","","3a57905b0052a3197cf5ed4fbea6b5f3",2,0,2,15,0,0.133333333333333
"confounded_sparse_n300_t02_r0016","confounded","sparse","paper_adjusted",300,1000,1.5,16,197855516,"MDACT",0.05,"ok",FALSE,0,"ties should not be present for the one-sample Kolmogorov-Smirnov test","","16df8a0b0acc9ddfe6f82bd46af8b17d",1,0,1,15,0,0.0666666666666667
"confounded_sparse_n300_t02_r0016","confounded","sparse","paper_adjusted",300,1000,1.5,16,197855516,"MLFDR",0.05,"ok",FALSE,0.359999999999985,"","","0e7fdb5c89d9c54d86572fe3783173a4",3,1,2,15,0.333333333333333,0.133333333333333
"binary_sparse_n300_t02_r0016","binary","sparse","paper_adjusted",300,1000,1.5,16,44612034,"HDMT",0.05,"ok",FALSE,0.00999999999999091,"","","6b3da30d35ab9579295113dca6cede13",2,0,2,22,0,0.0909090909090909
"binary_sparse_n300_t02_r0016","binary","sparse","paper_adjusted",300,1000,1.5,16,44612034,"MDACT",0.05,"ok",FALSE,0,"","","3538e93cb3ec389cf78f10a15e6ca47c",2,0,2,22,0,0.0909090909090909
"binary_sparse_n300_t02_r0016","binary","sparse","paper_adjusted",300,1000,1.5,16,44612034,"MLFDR",0.05,"ok",FALSE,0.759999999999991,"","","681a7893319775412df9149f3421f282",4,0,4,22,0,0.181818181818182
"linear_dense_n300_t02_r0016","linear","dense","paper_adjusted",300,1000,1.5,16,28727954,"HDMT",0.05,"ok",FALSE,0.0200000000000102,"ties should not be present for the one-sample Kolmogorov-Smirnov test","","f31ea6cb08cbbd17758967bd31edb23c",22,2,20,190,0.0909090909090909,0.105263157894737
"linear_dense_n300_t02_r0016","linear","dense","paper_adjusted",300,1000,1.5,16,28727954,"MDACT",0.05,"ok",FALSE,0,"ties should not be present for the one-sample Kolmogorov-Smirnov test","","b545141fd1b1531b44ad4ba4917fe12c",23,2,21,190,0.0869565217391304,0.110526315789474
"linear_dense_n300_t02_r0016","linear","dense","paper_adjusted",300,1000,1.5,16,28727954,"MLFDR",0.05,"ok",FALSE,0.919999999999987,"","","f8a15a552e262bcec9c05aa302c9404d",54,8,46,190,0.148148148148148,0.242105263157895
"confounded_dense_n300_t02_r0016","confounded","dense","paper_adjusted",300,1000,1.5,16,229508298,"HDMT",0.05,"ok",FALSE,0.0200000000000102,"ties should not be present for the one-sample Kolmogorov-Smirnov test","","1e9502792e7e2a8b8130f916fa7905e5",19,3,16,198,0.157894736842105,0.0808080808080808
"confounded_dense_n300_t02_r0016","confounded","dense","paper_adjusted",300,1000,1.5,16,229508298,"MDACT",0.05,"ok",FALSE,0,"ties should not be present for the one-sample Kolmogorov-Smirnov test","","bba810f78d49e515cc84be05ed39b244",22,3,19,198,0.136363636363636,0.095959595959596
"confounded_dense_n300_t02_r0016","confounded","dense","paper_adjusted",300,1000,1.5,16,229508298,"MLFDR",0.05,"ok",FALSE,0.530000000000001,"","","c0d63739e0b02f35d20064ed648ffc10",55,5,50,198,0.0909090909090909,0.252525252525253
"binary_dense_n300_t02_r0016","binary","dense","paper_adjusted",300,1000,1.5,16,192151669,"HDMT",0.05,"ok",FALSE,0.0300000000000011,"","","c278c479886a00c8c9708b04a888ab79",5,0,5,199,0,0.0251256281407035
"binary_dense_n300_t02_r0016","binary","dense","paper_adjusted",300,1000,1.5,16,192151669,"MDACT",0.05,"ok",FALSE,0.0100000000000193,"","","009ed22571114b4147332d3a3091683a",5,0,5,199,0,0.0251256281407035
"binary_dense_n300_t02_r0016","binary","dense","paper_adjusted",300,1000,1.5,16,192151669,"MLFDR",0.05,"ok",FALSE,1.41999999999999,"","","6ea4b28fd67eb784cabf49a9d693a8f5",62,4,58,199,0.0645161290322581,0.291457286432161
"linear_sparse_n300_t03_r0016","linear","sparse","paper_adjusted",300,1000,1.9,16,154068210,"HDMT",0.05,"ok",FALSE,0.0300000000000011,"ties should not be present for the one-sample Kolmogorov-Smirnov test","","eb398f9ad89d30d7fd081cef9e295be6",1,0,1,17,0,0.0588235294117647
"linear_sparse_n300_t03_r0016","linear","sparse","paper_adjusted",300,1000,1.9,16,154068210,"MDACT",0.05,"ok",FALSE,0.00999999999999091,"ties should not be present for the one-sample Kolmogorov-Smirnov test","","f77a3a7d41da35cc82a2049d1b6f280f",4,0,4,17,0,0.235294117647059
"linear_sparse_n300_t03_r0016","linear","sparse","paper_adjusted",300,1000,1.9,16,154068210,"MLFDR",0.05,"ok",FALSE,0.310000000000002,"","","d7db2feaab577dd1fe2bf44304e7012a",5,0,5,17,0,0.294117647058824
"confounded_sparse_n300_t03_r0016","confounded","sparse","paper_adjusted",300,1000,1.9,16,142953445,"HDMT",0.05,"ok",FALSE,0.0300000000000011,"ties should not be present for the one-sample Kolmogorov-Smirnov test","","a5a43c7a2905a43b81f7213d1d68fb38",3,0,3,21,0,0.142857142857143
"confounded_sparse_n300_t03_r0016","confounded","sparse","paper_adjusted",300,1000,1.9,16,142953445,"MDACT",0.05,"ok",FALSE,0,"ties should not be present for the one-sample Kolmogorov-Smirnov test","","6e833138936e96149f51707e0bb444fd",3,0,3,21,0,0.142857142857143
"confounded_sparse_n300_t03_r0016","confounded","sparse","paper_adjusted",300,1000,1.9,16,142953445,"MLFDR",0.05,"ok",FALSE,0.27000000000001,"","","fdfe5f0b3d32fe9c057fe3998a34ea81",9,0,9,21,0,0.428571428571429
"binary_sparse_n300_t03_r0016","binary","sparse","paper_adjusted",300,1000,1.9,16,76488209,"HDMT",0.05,"ok",FALSE,0.0199999999999818,"","","1a6469db42e400d8532fa9c7c2233707",0,0,0,24,0,0
"binary_sparse_n300_t03_r0016","binary","sparse","paper_adjusted",300,1000,1.9,16,76488209,"MDACT",0.05,"ok",FALSE,0,"","","00427e09d8c7c99ca1e1d6d2679e8c04",0,0,0,24,0,0
"binary_sparse_n300_t03_r0016","binary","sparse","paper_adjusted",300,1000,1.9,16,76488209,"MLFDR",0.05,"ok",FALSE,0.380000000000024,"","","3e4e0bca14a63a33d3795c9959166045",0,0,0,24,0,0
"linear_dense_n300_t03_r0016","linear","dense","paper_adjusted",300,1000,1.9,16,144947955,"HDMT",0.05,"ok",FALSE,0.00999999999999091,"ties should not be present for the one-sample Kolmogorov-Smirnov test","","fc78a2ccc6fae5308f07d71e1331450e",73,4,69,198,0.0547945205479452,0.348484848484849
"linear_dense_n300_t03_r0016","linear","dense","paper_adjusted",300,1000,1.9,16,144947955,"MDACT",0.05,"ok",FALSE,0,"ties should not be present for the one-sample Kolmogorov-Smirnov test","","2d48d92daa2fc2ecc221214f4a2aa45b",77,4,73,198,0.051948051948052,0.368686868686869
"linear_dense_n300_t03_r0016","linear","dense","paper_adjusted",300,1000,1.9,16,144947955,"MLFDR",0.05,"ok",FALSE,0.339999999999975,"","","1acbf61367adff67f1d4e876a88b6dd1",143,5,138,198,0.034965034965035,0.696969696969697
"confounded_dense_n300_t03_r0016","confounded","dense","paper_adjusted",300,1000,1.9,16,175857158,"HDMT",0.05,"ok",FALSE,0.0199999999999818,"ties should not be present for the one-sample Kolmogorov-Smirnov test","","647bd5e861cdd8ef2c35a958787543f1",50,0,50,218,0,0.229357798165138
"confounded_dense_n300_t03_r0016","confounded","dense","paper_adjusted",300,1000,1.9,16,175857158,"MDACT",0.05,"ok",FALSE,0,"ties should not be present for the one-sample Kolmogorov-Smirnov test","","045b7fc62a3adcfecb53cf6ccd6c52f9",58,3,55,218,0.0517241379310345,0.252293577981651
"confounded_dense_n300_t03_r0016","confounded","dense","paper_adjusted",300,1000,1.9,16,175857158,"MLFDR",0.05,"ok",FALSE,0.659999999999997,"","","413a0c523f41db0b525789fc3f408e5e",105,6,99,218,0.0571428571428571,0.454128440366972
"binary_dense_n300_t03_r0016","binary","dense","paper_adjusted",300,1000,1.9,16,150834339,"HDMT",0.05,"ok",FALSE,0.0100000000000193,"","","6584d49968949e2b19630aee10f2e229",44,0,44,195,0,0.225641025641026
"binary_dense_n300_t03_r0016","binary","dense","paper_adjusted",300,1000,1.9,16,150834339,"MDACT",0.05,"ok",FALSE,0,"","","2f064031c813709d6a20aab9d8852f0b",47,0,47,195,0,0.241025641025641
"binary_dense_n300_t03_r0016","binary","dense","paper_adjusted",300,1000,1.9,16,150834339,"MLFDR",0.05,"ok",FALSE,0.47999999999999,"","","b9b1d715174c4f9bb5eae302304f9ea3",112,9,103,195,0.0803571428571429,0.528205128205128
"linear_sparse_n300_t01_r0017","linear","sparse","paper_adjusted",300,1000,1.3,17,234381864,"HDMT",0.05,"ok",FALSE,0.0199999999999818,"ties should not be present for the one-sample Kolmogorov-Smirnov test","","2db0e959692df81b04f98d2b1b41cdc9",0,0,0,29,0,0
"linear_sparse_n300_t01_r0017","linear","sparse","paper_adjusted",300,1000,1.3,17,234381864,"MDACT",0.05,"ok",FALSE,0,"ties should not be present for the one-sample Kolmogorov-Smirnov test","","d6d843c71ab53bec1718ec9bd17b1c71",0,0,0,29,0,0
"linear_sparse_n300_t01_r0017","linear","sparse","paper_adjusted",300,1000,1.3,17,234381864,"MLFDR",0.05,"ok",FALSE,1.03999999999999,"","","b2234cf90bcc88f26f2a076ae5313550",7,1,6,29,0.142857142857143,0.206896551724138
"confounded_sparse_n300_t01_r0017","confounded","sparse","paper_adjusted",300,1000,1.3,17,110447226,"HDMT",0.05,"ok",FALSE,0.0300000000000011,"ties should not be present for the one-sample Kolmogorov-Smirnov test","","a73e2841457a389c6d50d8294a9a1496",2,1,1,13,0.5,0.0769230769230769
"confounded_sparse_n300_t01_r0017","confounded","sparse","paper_adjusted",300,1000,1.3,17,110447226,"MDACT",0.05,"ok",FALSE,0,"ties should not be present for the one-sample Kolmogorov-Smirnov test","","87c0bf597fc6292772da836337089ade",0,0,0,13,0,0
"confounded_sparse_n300_t01_r0017","confounded","sparse","paper_adjusted",300,1000,1.3,17,110447226,"MLFDR",0.05,"ok",FALSE,0.639999999999986,"","","ba4da5cba276d437026d0cbe9e30c0ff",1,0,1,13,0,0.0769230769230769
"binary_sparse_n300_t01_r0017","binary","sparse","paper_adjusted",300,1000,1.3,17,257277840,"HDMT",0.05,"ok",FALSE,0.0199999999999818,"","","a4c904eaa6ce33d7afe9c701100ca02a",0,0,0,22,0,0
"binary_sparse_n300_t01_r0017","binary","sparse","paper_adjusted",300,1000,1.3,17,257277840,"MDACT",0.05,"ok",FALSE,0,"","","2ffc828dd4389b10d13dc4ae60933861",0,0,0,22,0,0
"binary_sparse_n300_t01_r0017","binary","sparse","paper_adjusted",300,1000,1.3,17,257277840,"MLFDR",0.05,"ok",FALSE,0.610000000000014,"","","41c009d0de2b0e18ddf16982fc22e34b",0,0,0,22,0,0
"linear_dense_n300_t01_r0017","linear","dense","paper_adjusted",300,1000,1.3,17,192655131,"HDMT",0.05,"ok",FALSE,0.039999999999992,"ties should not be present for the one-sample Kolmogorov-Smirnov test","","b6103425de4a0f504bb0415cf9065b8f",11,0,11,204,0,0.053921568627451
"linear_dense_n300_t01_r0017","linear","dense","paper_adjusted",300,1000,1.3,17,192655131,"MDACT",0.05,"ok",FALSE,0.0200000000000102,"ties should not be present for the one-sample Kolmogorov-Smirnov test","","6ed78231865578d24fddf5513febb0e2",11,0,11,204,0,0.053921568627451
"linear_dense_n300_t01_r0017","linear","dense","paper_adjusted",300,1000,1.3,17,192655131,"MLFDR",0.05,"ok",FALSE,3.58000000000001,"","","47188363a342b9b6a98e1b6ea6532e09",131,26,105,204,0.198473282442748,0.514705882352941
"confounded_dense_n300_t01_r0017","confounded","dense","paper_adjusted",300,1000,1.3,17,24903848,"HDMT",0.05,"ok",FALSE,0.0199999999999818,"ties should not be present for the one-sample Kolmogorov-Smirnov test","","6a5a9f972e3553ba8678b4c92422b67d",27,1,26,221,0.037037037037037,0.117647058823529
"confounded_dense_n300_t01_r0017","confounded","dense","paper_adjusted",300,1000,1.3,17,24903848,"MDACT",0.05,"ok",FALSE,0,"ties should not be present for the one-sample Kolmogorov-Smirnov test","","3135b9f5bbbe6427c47112f5652399c9",27,1,26,221,0.037037037037037,0.117647058823529
"confounded_dense_n300_t01_r0017","confounded","dense","paper_adjusted",300,1000,1.3,17,24903848,"MLFDR",0.05,"ok",FALSE,0.740000000000009,"","","aa0def920c4e670e5a2921cc7f4c699e",56,3,53,221,0.0535714285714286,0.239819004524887
"binary_dense_n300_t01_r0017","binary","dense","paper_adjusted",300,1000,1.3,17,129076476,"HDMT",0.05,"ok",FALSE,0.0300000000000011,"","","6edbe714efdf39b16a259a9270d834d5",1,0,1,199,0,0.0050251256281407
"binary_dense_n300_t01_r0017","binary","dense","paper_adjusted",300,1000,1.3,17,129076476,"MDACT",0.05,"ok",FALSE,0,"","","5732b0a4096bc6008613190dd376b5da",1,0,1,199,0,0.0050251256281407
"binary_dense_n300_t01_r0017","binary","dense","paper_adjusted",300,1000,1.3,17,129076476,"MLFDR",0.05,"ok",FALSE,0.579999999999984,"","","38b2b50ea9409265586e6a8a5e308f11",29,2,27,199,0.0689655172413793,0.135678391959799
"linear_sparse_n300_t02_r0017","linear","sparse","paper_adjusted",300,1000,1.5,17,188979058,"HDMT",0.05,"ok",FALSE,0.0300000000000011,"ties should not be present for the one-sample Kolmogorov-Smirnov test","","c01cadeee2394a0c32d0fff11ba53fa0",0,0,0,26,0,0
"linear_sparse_n300_t02_r0017","linear","sparse","paper_adjusted",300,1000,1.5,17,188979058,"MDACT",0.05,"ok",FALSE,0,"ties should not be present for the one-sample Kolmogorov-Smirnov test","","1cf177218d71ac4c3faa3f29e7479613",0,0,0,26,0,0
"linear_sparse_n300_t02_r0017","linear","sparse","paper_adjusted",300,1000,1.5,17,188979058,"MLFDR",0.05,"ok",FALSE,0.469999999999999,"","","d8d101efd15be5d42a42630d511862bd",0,0,0,26,0,0
"confounded_sparse_n300_t02_r0017","confounded","sparse","paper_adjusted",300,1000,1.5,17,184846543,"HDMT",0.05,"ok",FALSE,0.039999999999992,"ties should not be present for the one-sample Kolmogorov-Smirnov test","","bddd89d24ca6f1cba94d54c10f1047e3",0,0,0,17,0,0
"confounded_sparse_n300_t02_r0017","confounded","sparse","paper_adjusted",300,1000,1.5,17,184846543,"MDACT",0.05,"ok",FALSE,0,"ties should not be present for the one-sample Kolmogorov-Smirnov test","","c9d38adf19652dbe117f0af4bf24c3e9",0,0,0,17,0,0
"confounded_sparse_n300_t02_r0017","confounded","sparse","paper_adjusted",300,1000,1.5,17,184846543,"MLFDR",0.05,"ok",FALSE,0.609999999999985,"","","313867f322d58915ee9cfb31fa8ea913",2,0,2,17,0,0.117647058823529
"binary_sparse_n300_t02_r0017","binary","sparse","paper_adjusted",300,1000,1.5,17,266529541,"HDMT",0.05,"ok",FALSE,0.0300000000000011,"","","f030e74d08036bf69969366160ce8c31",4,0,4,21,0,0.19047619047619
"binary_sparse_n300_t02_r0017","binary","sparse","paper_adjusted",300,1000,1.5,17,266529541,"MDACT",0.05,"ok",FALSE,0.0100000000000193,"","","42750a15700ba638f201ffc5c2e9c42b",5,0,5,21,0,0.238095238095238
"binary_sparse_n300_t02_r0017","binary","sparse","paper_adjusted",300,1000,1.5,17,266529541,"MLFDR",0.05,"ok",FALSE,0.480000000000018,"","","364015fad288742915d25b9a9093da5a",7,0,7,21,0,0.333333333333333
"linear_dense_n300_t02_r0017","linear","dense","paper_adjusted",300,1000,1.5,17,209398556,"HDMT",0.05,"ok",FALSE,0.0800000000000125,"ties should not be present for the one-sample Kolmogorov-Smirnov test","","9d91526f6c3718f13ad4cddbbc15ccd1",0,0,0,186,0,0
"linear_dense_n300_t02_r0017","linear","dense","paper_adjusted",300,1000,1.5,17,209398556,"MDACT",0.05,"ok",FALSE,0,"ties should not be present for the one-sample Kolmogorov-Smirnov test","","96e03c0c8cdd4e7508c67c0e9a624c83",0,0,0,186,0,0
"linear_dense_n300_t02_r0017","linear","dense","paper_adjusted",300,1000,1.5,17,209398556,"MLFDR",0.05,"ok",FALSE,0.449999999999989,"","","0e8f0b0e15c861b21cb1b4ba56cd09a4",42,0,42,186,0,0.225806451612903
"confounded_dense_n300_t02_r0017","confounded","dense","paper_adjusted",300,1000,1.5,17,101557836,"HDMT",0.05,"ok",FALSE,0.0300000000000011,"ties should not be present for the one-sample Kolmogorov-Smirnov test","","bb8be4abdbdc8a450cc7133eb2951251",8,0,8,208,0,0.0384615384615385
"confounded_dense_n300_t02_r0017","confounded","dense","paper_adjusted",300,1000,1.5,17,101557836,"MDACT",0.05,"ok",FALSE,0,"ties should not be present for the one-sample Kolmogorov-Smirnov test","","b9656d22ff6589eab44e472088d29b23",9,0,9,208,0,0.0432692307692308
"confounded_dense_n300_t02_r0017","confounded","dense","paper_adjusted",300,1000,1.5,17,101557836,"MLFDR",0.05,"ok",FALSE,1.17000000000002,"","","4fcd7f02cb1680d5c1163cc5c52c749c",49,1,48,208,0.0204081632653061,0.230769230769231
"binary_dense_n300_t02_r0017","binary","dense","paper_adjusted",300,1000,1.5,17,145304890,"HDMT",0.05,"ok",FALSE,0.0299999999999727,"","","f2b61f1a400050726db0a03be08c6cea",2,0,2,180,0,0.0111111111111111
"binary_dense_n300_t02_r0017","binary","dense","paper_adjusted",300,1000,1.5,17,145304890,"MDACT",0.05,"ok",FALSE,0,"","","9c1d232eaf4da46380ee5f39fe83e71f",11,0,11,180,0,0.0611111111111111
"binary_dense_n300_t02_r0017","binary","dense","paper_adjusted",300,1000,1.5,17,145304890,"MLFDR",0.05,"ok",FALSE,0.370000000000005,"","","6f51b27390b36eae19af90a30e566228",35,0,35,180,0,0.194444444444444
"linear_sparse_n300_t03_r0017","linear","sparse","paper_adjusted",300,1000,1.9,17,196004829,"HDMT",0.05,"ok",FALSE,0.0100000000000193,"ties should not be present for the one-sample Kolmogorov-Smirnov test","","75a4911779a2af758f1e5207903b1310",1,0,1,11,0,0.0909090909090909
"linear_sparse_n300_t03_r0017","linear","sparse","paper_adjusted",300,1000,1.9,17,196004829,"MDACT",0.05,"ok",FALSE,0.0100000000000193,"ties should not be present for the one-sample Kolmogorov-Smirnov test","","677744b3a12dba8921539bb22a013ab2",1,0,1,11,0,0.0909090909090909
"linear_sparse_n300_t03_r0017","linear","sparse","paper_adjusted",300,1000,1.9,17,196004829,"MLFDR",0.05,"ok",FALSE,3.43000000000001,"","","e5815fb2478149a766c3c17c9e0570f2",2,0,2,11,0,0.181818181818182
"confounded_sparse_n300_t03_r0017","confounded","sparse","paper_adjusted",300,1000,1.9,17,178717797,"HDMT",0.05,"ok",FALSE,0.0300000000000011,"ties should not be present for the one-sample Kolmogorov-Smirnov test","","952419acf5a4f991020f73aa5394d85a",2,0,2,15,0,0.133333333333333
"confounded_sparse_n300_t03_r0017","confounded","sparse","paper_adjusted",300,1000,1.9,17,178717797,"MDACT",0.05,"ok",FALSE,0,"ties should not be present for the one-sample Kolmogorov-Smirnov test","","8ec77754d6bd6f299652d125908065fc",2,0,2,15,0,0.133333333333333
"confounded_sparse_n300_t03_r0017","confounded","sparse","paper_adjusted",300,1000,1.9,17,178717797,"MLFDR",0.05,"ok",FALSE,0.530000000000001,"","","0b07bbefe8352eca731393b3f5bce784",3,0,3,15,0,0.2
"binary_sparse_n300_t03_r0017","binary","sparse","paper_adjusted",300,1000,1.9,17,69441725,"HDMT",0.05,"ok",FALSE,0.0199999999999818,"","","aaa4f956f0a6c97a65e24b5bc93f538f",4,1,3,17,0.25,0.176470588235294
"binary_sparse_n300_t03_r0017","binary","sparse","paper_adjusted",300,1000,1.9,17,69441725,"MDACT",0.05,"ok",FALSE,0.0199999999999818,"","","505457da91d037b987c59a6017af72e7",10,1,9,17,0.1,0.529411764705882
"binary_sparse_n300_t03_r0017","binary","sparse","paper_adjusted",300,1000,1.9,17,69441725,"MLFDR",0.05,"ok",FALSE,0.25,"","","9e300addd0b6dc0211258dbbe334a9df",13,0,13,17,0,0.764705882352941
"linear_dense_n300_t03_r0017","linear","dense","paper_adjusted",300,1000,1.9,17,37572246,"HDMT",0.05,"ok",FALSE,0.0300000000000011,"ties should not be present for the one-sample Kolmogorov-Smirnov test","","04693468923c89aaae3c21175577a74f",45,2,43,195,0.0444444444444444,0.220512820512821
"linear_dense_n300_t03_r0017","linear","dense","paper_adjusted",300,1000,1.9,17,37572246,"MDACT",0.05,"ok",FALSE,0.00999999999999091,"ties should not be present for the one-sample Kolmogorov-Smirnov test","","33f24dc02edda04d25dd2c8ffb122c85",64,4,60,195,0.0625,0.307692307692308
"linear_dense_n300_t03_r0017","linear","dense","paper_adjusted",300,1000,1.9,17,37572246,"MLFDR",0.05,"ok",FALSE,0.439999999999998,"","","801679493a33d88c3c465f20de8663b2",101,6,95,195,0.0594059405940594,0.487179487179487
"confounded_dense_n300_t03_r0017","confounded","dense","paper_adjusted",300,1000,1.9,17,41197845,"HDMT",0.05,"ok",FALSE,0.0300000000000011,"ties should not be present for the one-sample Kolmogorov-Smirnov test","","3931a41b452fac0cfbcfb30cb8a83bfc",32,1,31,217,0.03125,0.142857142857143
"confounded_dense_n300_t03_r0017","confounded","dense","paper_adjusted",300,1000,1.9,17,41197845,"MDACT",0.05,"ok",FALSE,0.0100000000000193,"ties should not be present for the one-sample Kolmogorov-Smirnov test","","b056df25c63ba3ce0efda4614ea8c672",46,2,44,217,0.0434782608695652,0.202764976958525
"confounded_dense_n300_t03_r0017","confounded","dense","paper_adjusted",300,1000,1.9,17,41197845,"MLFDR",0.05,"ok",FALSE,0.310000000000002,"","","adbb5cae16b8fcb673fd498d4bc755c7",109,4,105,217,0.036697247706422,0.483870967741935
"binary_dense_n300_t03_r0017","binary","dense","paper_adjusted",300,1000,1.9,17,255344947,"HDMT",0.05,"ok",FALSE,0.0300000000000011,"","","902590a3c4bf889239df55119481e19d",37,0,37,205,0,0.180487804878049
"binary_dense_n300_t03_r0017","binary","dense","paper_adjusted",300,1000,1.9,17,255344947,"MDACT",0.05,"ok",FALSE,0.0200000000000102,"","","157eb652bc629c2a30a4a6707fa8be06",53,1,52,205,0.0188679245283019,0.253658536585366
"binary_dense_n300_t03_r0017","binary","dense","paper_adjusted",300,1000,1.9,17,255344947,"MLFDR",0.05,"ok",FALSE,0.27000000000001,"","","de97865e8d6d65dc4f6c0f30317d8de5",110,2,108,205,0.0181818181818182,0.526829268292683
"linear_sparse_n300_t01_r0018","linear","sparse","paper_adjusted",300,1000,1.3,18,182742863,"HDMT",0.05,"ok",FALSE,0.0100000000000193,"ties should not be present for the one-sample Kolmogorov-Smirnov test","","5999f5a053f2703a5b91ca93bc1275be",1,0,1,18,0,0.0555555555555556
"linear_sparse_n300_t01_r0018","linear","sparse","paper_adjusted",300,1000,1.3,18,182742863,"MDACT",0.05,"ok",FALSE,0.0100000000000193,"ties should not be present for the one-sample Kolmogorov-Smirnov test","","74e7785f27a057fe15cd20d4dc052d32",1,0,1,18,0,0.0555555555555556
"linear_sparse_n300_t01_r0018","linear","sparse","paper_adjusted",300,1000,1.3,18,182742863,"MLFDR",0.05,"ok",FALSE,0.840000000000003,"","","349baa28e7a63cd47d1dca5cf93af1de",1,0,1,18,0,0.0555555555555556
"confounded_sparse_n300_t01_r0018","confounded","sparse","paper_adjusted",300,1000,1.3,18,229127539,"HDMT",0.05,"ok",FALSE,0.0300000000000011,"ties should not be present for the one-sample Kolmogorov-Smirnov test","","10d5ba9b52896128ae64fa945720e189",0,0,0,24,0,0
"confounded_sparse_n300_t01_r0018","confounded","sparse","paper_adjusted",300,1000,1.3,18,229127539,"MDACT",0.05,"ok",FALSE,0.0100000000000193,"ties should not be present for the one-sample Kolmogorov-Smirnov test","","a7542b2a76085d1538491dc4dc4be28d",0,0,0,24,0,0
"confounded_sparse_n300_t01_r0018","confounded","sparse","paper_adjusted",300,1000,1.3,18,229127539,"MLFDR",0.05,"ok",FALSE,1.39000000000001,"","","741166634f24743e2f23ac1a2b60ac78",0,0,0,24,0,0
"binary_sparse_n300_t01_r0018","binary","sparse","paper_adjusted",300,1000,1.3,18,145713027,"HDMT",0.05,"ok",FALSE,0.0300000000000011,"","","3349c820d37fb1e9f6c593cae78c976c",1,0,1,20,0,0.05
"binary_sparse_n300_t01_r0018","binary","sparse","paper_adjusted",300,1000,1.3,18,145713027,"MDACT",0.05,"ok",FALSE,0,"","","f784a31e26f455531143b4b5d8b0eeb5",1,0,1,20,0,0.05
"binary_sparse_n300_t01_r0018","binary","sparse","paper_adjusted",300,1000,1.3,18,145713027,"MLFDR",0.05,"ok",FALSE,0.840000000000003,"","","ae2f37a30c0b5d97dbc52995294e0812",1,0,1,20,0,0.05
"linear_dense_n300_t01_r0018","linear","dense","paper_adjusted",300,1000,1.3,18,252895290,"HDMT",0.05,"ok",FALSE,0.0299999999999727,"ties should not be present for the one-sample Kolmogorov-Smirnov test","","7f295e66a49dc3f0ea9f7e370e181ead",2,0,2,215,0,0.00930232558139535
"linear_dense_n300_t01_r0018","linear","dense","paper_adjusted",300,1000,1.3,18,252895290,"MDACT",0.05,"ok",FALSE,0.0199999999999818,"ties should not be present for the one-sample Kolmogorov-Smirnov test","","61260ee313503f709592ced156e9024c",2,0,2,215,0,0.00930232558139535
"linear_dense_n300_t01_r0018","linear","dense","paper_adjusted",300,1000,1.3,18,252895290,"MLFDR",0.05,"ok",FALSE,1.07999999999998,"","","1744c80dce769d3e3da722ab5b0bcd34",35,2,33,215,0.0571428571428571,0.153488372093023
"confounded_dense_n300_t01_r0018","confounded","dense","paper_adjusted",300,1000,1.3,18,184708675,"HDMT",0.05,"ok",FALSE,0.0300000000000011,"ties should not be present for the one-sample Kolmogorov-Smirnov test","","3efedac259cbb08e5d2019bd895c26f5",1,0,1,202,0,0.00495049504950495
"confounded_dense_n300_t01_r0018","confounded","dense","paper_adjusted",300,1000,1.3,18,184708675,"MDACT",0.05,"ok",FALSE,0,"ties should not be present for the one-sample Kolmogorov-Smirnov test","","4cef7d7967a6e008ce71caa00c3ca673",1,0,1,202,0,0.00495049504950495
"confounded_dense_n300_t01_r0018","confounded","dense","paper_adjusted",300,1000,1.3,18,184708675,"MLFDR",0.05,"ok",FALSE,0.550000000000011,"","","a79c78155217874f33b780f805615111",20,1,19,202,0.05,0.0940594059405941
"binary_dense_n300_t01_r0018","binary","dense","paper_adjusted",300,1000,1.3,18,150536503,"HDMT",0.05,"ok",FALSE,0.0300000000000011,"","","b0752ad9f5d4c392fffe1a5c276a4afe",0,0,0,209,0,0
"binary_dense_n300_t01_r0018","binary","dense","paper_adjusted",300,1000,1.3,18,150536503,"MDACT",0.05,"ok",FALSE,0.0199999999999818,"","","81c679e222fc91c7671038a022cc95e1",0,0,0,209,0,0
"binary_dense_n300_t01_r0018","binary","dense","paper_adjusted",300,1000,1.3,18,150536503,"MLFDR",0.05,"ok",FALSE,0.789999999999992,"","","6e15dd77e8e97cb00a5828c8938e3c82",0,0,0,209,0,0
"linear_sparse_n300_t02_r0018","linear","sparse","paper_adjusted",300,1000,1.5,18,212429704,"HDMT",0.05,"ok",FALSE,0.0299999999999727,"ties should not be present for the one-sample Kolmogorov-Smirnov test","","51b947779e939b2a6d27e362afbc3815",5,2,3,21,0.4,0.142857142857143
"linear_sparse_n300_t02_r0018","linear","sparse","paper_adjusted",300,1000,1.5,18,212429704,"MDACT",0.05,"ok",FALSE,0.0199999999999818,"ties should not be present for the one-sample Kolmogorov-Smirnov test","","cb0eb7fcb43e41c67d22c5c956fe5f65",0,0,0,21,0,0
"linear_sparse_n300_t02_r0018","linear","sparse","paper_adjusted",300,1000,1.5,18,212429704,"MLFDR",0.05,"ok",FALSE,0.530000000000001,"","","1ec24ccea4fdccdcaca51f104b2d05ad",2,0,2,21,0,0.0952380952380952
"confounded_sparse_n300_t02_r0018","confounded","sparse","paper_adjusted",300,1000,1.5,18,147299690,"HDMT",0.05,"ok",FALSE,0.0300000000000011,"ties should not be present for the one-sample Kolmogorov-Smirnov test","","5709831c97c57ca39fd36932970ef90e",1,0,1,21,0,0.0476190476190476
"confounded_sparse_n300_t02_r0018","confounded","sparse","paper_adjusted",300,1000,1.5,18,147299690,"MDACT",0.05,"ok",FALSE,0,"ties should not be present for the one-sample Kolmogorov-Smirnov test","","a1f37a7bd6974aa2c150657336217a0d",1,0,1,21,0,0.0476190476190476
"confounded_sparse_n300_t02_r0018","confounded","sparse","paper_adjusted",300,1000,1.5,18,147299690,"MLFDR",0.05,"ok",FALSE,0.590000000000003,"","","53317b0907a9fe90b152a08c2dfd799c",3,0,3,21,0,0.142857142857143
"binary_sparse_n300_t02_r0018","binary","sparse","paper_adjusted",300,1000,1.5,18,180449051,"HDMT",0.05,"ok",FALSE,0.0299999999999727,"","","d137279450f9c5ec4abc9bdc709c5197",3,0,3,25,0,0.12
"binary_sparse_n300_t02_r0018","binary","sparse","paper_adjusted",300,1000,1.5,18,180449051,"MDACT",0.05,"ok",FALSE,0.0199999999999818,"","","5c3ddd740af35228d4f82843b96d9665",3,0,3,25,0,0.12
"binary_sparse_n300_t02_r0018","binary","sparse","paper_adjusted",300,1000,1.5,18,180449051,"MLFDR",0.05,"ok",FALSE,1.31999999999999,"","","04562e10ffb46a7bbedbe70f07acedc6",8,0,8,25,0,0.32
"linear_dense_n300_t02_r0018","linear","dense","paper_adjusted",300,1000,1.5,18,21931193,"HDMT",0.05,"ok",FALSE,0.0199999999999818,"ties should not be present for the one-sample Kolmogorov-Smirnov test","","6660e37aa751a28c684384df3e15e0b1",19,1,18,197,0.0526315789473684,0.0913705583756345
"linear_dense_n300_t02_r0018","linear","dense","paper_adjusted",300,1000,1.5,18,21931193,"MDACT",0.05,"ok",FALSE,0.0199999999999818,"ties should not be present for the one-sample Kolmogorov-Smirnov test","","a79f0ebf91b962e25ee9074f563b2013",39,1,38,197,0.0256410256410256,0.192893401015228
"linear_dense_n300_t02_r0018","linear","dense","paper_adjusted",300,1000,1.5,18,21931193,"MLFDR",0.05,"ok",FALSE,0.530000000000001,"","","e47530ae72deefa6d38d66e9cac06c9d",69,3,66,197,0.0434782608695652,0.33502538071066
"confounded_dense_n300_t02_r0018","confounded","dense","paper_adjusted",300,1000,1.5,18,264848367,"HDMT",0.05,"ok",FALSE,0.0300000000000011,"ties should not be present for the one-sample Kolmogorov-Smirnov test","","ab34b147b85a58148c77767f7a59c5a8",39,1,38,215,0.0256410256410256,0.176744186046512
"confounded_dense_n300_t02_r0018","confounded","dense","paper_adjusted",300,1000,1.5,18,264848367,"MDACT",0.05,"ok",FALSE,0.0200000000000102,"ties should not be present for the one-sample Kolmogorov-Smirnov test","","0f3b02a18f07bb66904da502a2a9113e",54,4,50,215,0.0740740740740741,0.232558139534884
"confounded_dense_n300_t02_r0018","confounded","dense","paper_adjusted",300,1000,1.5,18,264848367,"MLFDR",0.05,"ok",FALSE,1.19,"","","5b6568bc1bc9fdc53df417fba772fe9f",109,6,103,215,0.055045871559633,0.47906976744186
"binary_dense_n300_t02_r0018","binary","dense","paper_adjusted",300,1000,1.5,18,210931797,"HDMT",0.05,"ok",FALSE,0.0300000000000011,"","","d8baad08617a03de50d01bb96e315cc5",13,0,13,215,0,0.0604651162790698
"binary_dense_n300_t02_r0018","binary","dense","paper_adjusted",300,1000,1.5,18,210931797,"MDACT",0.05,"ok",FALSE,0.0199999999999818,"","","e502d08ada9b51da947b61630b02d72a",13,0,13,215,0,0.0604651162790698
"binary_dense_n300_t02_r0018","binary","dense","paper_adjusted",300,1000,1.5,18,210931797,"MLFDR",0.05,"ok",FALSE,0.710000000000008,"","","795d26bee84643719787d89c1e3c0484",68,2,66,215,0.0294117647058824,0.306976744186047
"linear_sparse_n300_t03_r0018","linear","sparse","paper_adjusted",300,1000,1.9,18,28285931,"HDMT",0.05,"ok",FALSE,0.0300000000000011,"ties should not be present for the one-sample Kolmogorov-Smirnov test","","3905c7b606267f71e215008583cd3a45",4,0,4,24,0,0.166666666666667
"linear_sparse_n300_t03_r0018","linear","sparse","paper_adjusted",300,1000,1.9,18,28285931,"MDACT",0.05,"ok",FALSE,0,"ties should not be present for the one-sample Kolmogorov-Smirnov test","","8ab3462df11111a6e44cbbf4e8886b3e",5,0,5,24,0,0.208333333333333
"linear_sparse_n300_t03_r0018","linear","sparse","paper_adjusted",300,1000,1.9,18,28285931,"MLFDR",0.05,"ok",FALSE,0.450000000000017,"","","5b12438e77f00891a3201e2aeb76e931",12,0,12,24,0,0.5
"confounded_sparse_n300_t03_r0018","confounded","sparse","paper_adjusted",300,1000,1.9,18,82667222,"HDMT",0.05,"ok",FALSE,0.0300000000000011,"ties should not be present for the one-sample Kolmogorov-Smirnov test","","ad79e0ee2df0f194bd8e02146a361552",1,0,1,19,0,0.0526315789473684
"confounded_sparse_n300_t03_r0018","confounded","sparse","paper_adjusted",300,1000,1.9,18,82667222,"MDACT",0.05,"ok",FALSE,0.0100000000000193,"ties should not be present for the one-sample Kolmogorov-Smirnov test","","ec835cc55a68aa65d26ec4ed6a1ba505",1,0,1,19,0,0.0526315789473684
"confounded_sparse_n300_t03_r0018","confounded","sparse","paper_adjusted",300,1000,1.9,18,82667222,"MLFDR",0.05,"ok",FALSE,0.27000000000001,"","","d45d6edcce9ac1168f26b614b902779b",6,0,6,19,0,0.315789473684211
"binary_sparse_n300_t03_r0018","binary","sparse","paper_adjusted",300,1000,1.9,18,163021772,"HDMT",0.05,"ok",FALSE,0.0300000000000011,"","","0d77c20ef14548bce7308c4f94a6b1a4",6,0,6,26,0,0.230769230769231
"binary_sparse_n300_t03_r0018","binary","sparse","paper_adjusted",300,1000,1.9,18,163021772,"MDACT",0.05,"ok",FALSE,0.0200000000000102,"","","fdea8c71abce6852107083c54714b287",5,0,5,26,0,0.192307692307692
"binary_sparse_n300_t03_r0018","binary","sparse","paper_adjusted",300,1000,1.9,18,163021772,"MLFDR",0.05,"ok",FALSE,0.5,"","","652dd2fa8ffc9354c2e043c63d9076ac",9,1,8,26,0.111111111111111,0.307692307692308
"linear_dense_n300_t03_r0018","linear","dense","paper_adjusted",300,1000,1.9,18,64612631,"HDMT",0.05,"ok",FALSE,0.0200000000000102,"ties should not be present for the one-sample Kolmogorov-Smirnov test","","e55f08b884e1d4c0d87d727fa27c3868",34,1,33,182,0.0294117647058824,0.181318681318681
"linear_dense_n300_t03_r0018","linear","dense","paper_adjusted",300,1000,1.9,18,64612631,"MDACT",0.05,"ok",FALSE,0.0200000000000102,"ties should not be present for the one-sample Kolmogorov-Smirnov test","","960911c0f2587d2860aa874789ccb5f9",40,1,39,182,0.025,0.214285714285714
"linear_dense_n300_t03_r0018","linear","dense","paper_adjusted",300,1000,1.9,18,64612631,"MLFDR",0.05,"ok",FALSE,0.509999999999991,"","","c9e0bae14f8599a3a3e1871f04013abd",79,5,74,182,0.0632911392405063,0.406593406593407
"confounded_dense_n300_t03_r0018","confounded","dense","paper_adjusted",300,1000,1.9,18,128819972,"HDMT",0.05,"ok",FALSE,0.00999999999999091,"ties should not be present for the one-sample Kolmogorov-Smirnov test","","4077fcf3ee954bf7fdc2c497890817f3",28,3,25,195,0.107142857142857,0.128205128205128
"confounded_dense_n300_t03_r0018","confounded","dense","paper_adjusted",300,1000,1.9,18,128819972,"MDACT",0.05,"ok",FALSE,0,"ties should not be present for the one-sample Kolmogorov-Smirnov test","","d6c86422950712e9aced2c4629fbe517",34,3,31,195,0.0882352941176471,0.158974358974359
"confounded_dense_n300_t03_r0018","confounded","dense","paper_adjusted",300,1000,1.9,18,128819972,"MLFDR",0.05,"ok",FALSE,0.25,"","","d039a7cfd663068a44ee1b6b00209f1f",104,10,94,195,0.0961538461538462,0.482051282051282
"binary_dense_n300_t03_r0018","binary","dense","paper_adjusted",300,1000,1.9,18,128983627,"HDMT",0.05,"ok",FALSE,0.0300000000000011,"","","660345d61d3a5a50eab5eb67c05c2c25",53,2,51,188,0.0377358490566038,0.271276595744681
"binary_dense_n300_t03_r0018","binary","dense","paper_adjusted",300,1000,1.9,18,128983627,"MDACT",0.05,"ok",FALSE,0,"","","07486517a22e38296d8b18798b44e683",64,3,61,188,0.046875,0.324468085106383
"binary_dense_n300_t03_r0018","binary","dense","paper_adjusted",300,1000,1.9,18,128983627,"MLFDR",0.05,"ok",FALSE,0.400000000000006,"","","b08d7d0e046c23707070fba09c85ff10",102,4,98,188,0.0392156862745098,0.521276595744681
"linear_sparse_n300_t01_r0019","linear","sparse","paper_adjusted",300,1000,1.3,19,235739588,"HDMT",0.05,"ok",FALSE,0.0300000000000011,"ties should not be present for the one-sample Kolmogorov-Smirnov test","","6506778076185a843da01c7282785b7e",0,0,0,21,0,0
"linear_sparse_n300_t01_r0019","linear","sparse","paper_adjusted",300,1000,1.3,19,235739588,"MDACT",0.05,"ok",FALSE,0,"ties should not be present for the one-sample Kolmogorov-Smirnov test","","ba769fd9df89bd8a71e230cb0eef48f3",1,0,1,21,0,0.0476190476190476
"linear_sparse_n300_t01_r0019","linear","sparse","paper_adjusted",300,1000,1.3,19,235739588,"MLFDR",0.05,"ok",FALSE,0.590000000000003,"","","bcfe7ae2626cdb91fce50f0a34e57085",0,0,0,21,0,0
"confounded_sparse_n300_t01_r0019","confounded","sparse","paper_adjusted",300,1000,1.3,19,33646713,"HDMT",0.05,"ok",FALSE,0.0200000000000102,"ties should not be present for the one-sample Kolmogorov-Smirnov test","","d3a29c932aa02c47814504bc02a4839d",2,0,2,25,0,0.08
"confounded_sparse_n300_t01_r0019","confounded","sparse","paper_adjusted",300,1000,1.3,19,33646713,"MDACT",0.05,"ok",FALSE,0,"ties should not be present for the one-sample Kolmogorov-Smirnov test","","b46a629ca156a59c7bfe643d3b9e9a02",2,0,2,25,0,0.08
"confounded_sparse_n300_t01_r0019","confounded","sparse","paper_adjusted",300,1000,1.3,19,33646713,"MLFDR",0.05,"ok",FALSE,0.530000000000001,"","","4a69c5b94233e796a3a620d0804f3924",2,0,2,25,0,0.08
"binary_sparse_n300_t01_r0019","binary","sparse","paper_adjusted",300,1000,1.3,19,199047749,"HDMT",0.05,"ok",FALSE,0.0300000000000011,"","","dd39ab9aab4345f41f41545cd35e4534",2,0,2,23,0,0.0869565217391304
"binary_sparse_n300_t01_r0019","binary","sparse","paper_adjusted",300,1000,1.3,19,199047749,"MDACT",0.05,"ok",FALSE,0.00999999999999091,"","","de8ad1d67ed349a62a285a90db824126",1,0,1,23,0,0.0434782608695652
"binary_sparse_n300_t01_r0019","binary","sparse","paper_adjusted",300,1000,1.3,19,199047749,"MLFDR",0.05,"ok",FALSE,0.449999999999989,"","","e0eb8968c97d6dfe78852878a5feeab5",3,0,3,23,0,0.130434782608696
"linear_dense_n300_t01_r0019","linear","dense","paper_adjusted",300,1000,1.3,19,155301428,"HDMT",0.05,"ok",FALSE,0.00999999999999091,"ties should not be present for the one-sample Kolmogorov-Smirnov test","","576b422f70bd5169c0696788221acc0d",0,0,0,210,0,0
"linear_dense_n300_t01_r0019","linear","dense","paper_adjusted",300,1000,1.3,19,155301428,"MDACT",0.05,"ok",FALSE,0.0200000000000102,"ties should not be present for the one-sample Kolmogorov-Smirnov test","","b476097790590535668a69f5249e8799",0,0,0,210,0,0
"linear_dense_n300_t01_r0019","linear","dense","paper_adjusted",300,1000,1.3,19,155301428,"MLFDR",0.05,"ok",FALSE,0.629999999999995,"","","8bf1468977fca0bdaacf421e92937f57",24,2,22,210,0.0833333333333333,0.104761904761905
"confounded_dense_n300_t01_r0019","confounded","dense","paper_adjusted",300,1000,1.3,19,130398686,"HDMT",0.05,"ok",FALSE,0.0200000000000102,"ties should not be present for the one-sample Kolmogorov-Smirnov test","","e2911d08f98d58576d6f2433aa1f4263",19,0,19,211,0,0.0900473933649289
"confounded_dense_n300_t01_r0019","confounded","dense","paper_adjusted",300,1000,1.3,19,130398686,"MDACT",0.05,"ok",FALSE,0,"ties should not be present for the one-sample Kolmogorov-Smirnov test","","1d0e10a58b3df44db3da745050bbd3b7",19,0,19,211,0,0.0900473933649289
"confounded_dense_n300_t01_r0019","confounded","dense","paper_adjusted",300,1000,1.3,19,130398686,"MLFDR",0.05,"ok",FALSE,0.640000000000015,"","","1363a72179f4728a743a955d6e9bcdea",59,3,56,211,0.0508474576271186,0.265402843601896
"binary_dense_n300_t01_r0019","binary","dense","paper_adjusted",300,1000,1.3,19,238346455,"HDMT",0.05,"ok",FALSE,0.00999999999999091,"","","62602c65fd0a3659eb72efe21e1cb978",2,0,2,197,0,0.0101522842639594
"binary_dense_n300_t01_r0019","binary","dense","paper_adjusted",300,1000,1.3,19,238346455,"MDACT",0.05,"ok",FALSE,0.0200000000000102,"","","9a9bfb644fa8c713bbf7007aba16d889",8,0,8,197,0,0.0406091370558376
"binary_dense_n300_t01_r0019","binary","dense","paper_adjusted",300,1000,1.3,19,238346455,"MLFDR",0.05,"ok",FALSE,1.44,"","","b8e1a82a31a80160a52b7a7bfe95cf80",46,3,43,197,0.0652173913043478,0.218274111675127
"linear_sparse_n300_t02_r0019","linear","sparse","paper_adjusted",300,1000,1.5,19,202600818,"HDMT",0.05,"ok",FALSE,0.0100000000000193,"ties should not be present for the one-sample Kolmogorov-Smirnov test","","5819cf79f226c017a7ef0be90018a884",1,0,1,23,0,0.0434782608695652
"linear_sparse_n300_t02_r0019","linear","sparse","paper_adjusted",300,1000,1.5,19,202600818,"MDACT",0.05,"ok",FALSE,0,"ties should not be present for the one-sample Kolmogorov-Smirnov test","","a6731336517b5797734a8c7a6677c1a7",1,0,1,23,0,0.0434782608695652
"linear_sparse_n300_t02_r0019","linear","sparse","paper_adjusted",300,1000,1.5,19,202600818,"MLFDR",0.05,"ok",FALSE,1.41999999999999,"","","65213a7cf6452a8ea772627193f0f3ed",1,0,1,23,0,0.0434782608695652
"confounded_sparse_n300_t02_r0019","confounded","sparse","paper_adjusted",300,1000,1.5,19,194894024,"HDMT",0.05,"ok",FALSE,0.0300000000000011,"ties should not be present for the one-sample Kolmogorov-Smirnov test","","2c62f8da340167313b6dc9180fed11c3",0,0,0,20,0,0
"confounded_sparse_n300_t02_r0019","confounded","sparse","paper_adjusted",300,1000,1.5,19,194894024,"MDACT",0.05,"ok",FALSE,0.0200000000000102,"ties should not be present for the one-sample Kolmogorov-Smirnov test","","09f6eb47c209a08dd7d058dd8f351fc2",0,0,0,20,0,0
"confounded_sparse_n300_t02_r0019","confounded","sparse","paper_adjusted",300,1000,1.5,19,194894024,"MLFDR",0.05,"ok",FALSE,0.600000000000023,"","","7dbe99f96daf5193cee968fa69daa217",0,0,0,20,0,0
"binary_sparse_n300_t02_r0019","binary","sparse","paper_adjusted",300,1000,1.5,19,78805915,"HDMT",0.05,"ok",FALSE,0.0300000000000011,"","","9581e5126a252f043713df3cb89b7544",0,0,0,19,0,0
"binary_sparse_n300_t02_r0019","binary","sparse","paper_adjusted",300,1000,1.5,19,78805915,"MDACT",0.05,"ok",FALSE,0,"","","56529dbfa8c68cd555a3ae0ee0b46be1",0,0,0,19,0,0
"binary_sparse_n300_t02_r0019","binary","sparse","paper_adjusted",300,1000,1.5,19,78805915,"MLFDR",0.05,"ok",FALSE,0.360000000000014,"","","72e25b1fdaf1d7cc487d2df02168fe30",3,0,3,19,0,0.157894736842105
"linear_dense_n300_t02_r0019","linear","dense","paper_adjusted",300,1000,1.5,19,158718623,"HDMT",0.05,"ok",FALSE,0.0199999999999818,"ties should not be present for the one-sample Kolmogorov-Smirnov test","","bb4d053272e57505b267369e5ecd23e0",13,1,12,190,0.0769230769230769,0.0631578947368421
"linear_dense_n300_t02_r0019","linear","dense","paper_adjusted",300,1000,1.5,19,158718623,"MDACT",0.05,"ok",FALSE,0.0200000000000102,"ties should not be present for the one-sample Kolmogorov-Smirnov test","","82211142e4d8d0ed4603dd000a27c3cf",13,1,12,190,0.0769230769230769,0.0631578947368421
"linear_dense_n300_t02_r0019","linear","dense","paper_adjusted",300,1000,1.5,19,158718623,"MLFDR",0.05,"ok",FALSE,1.30000000000001,"","","77531ffd946629c079bb40fa7dd57224",43,1,42,190,0.0232558139534884,0.221052631578947
"confounded_dense_n300_t02_r0019","confounded","dense","paper_adjusted",300,1000,1.5,19,198576348,"HDMT",0.05,"ok",FALSE,0.0300000000000011,"ties should not be present for the one-sample Kolmogorov-Smirnov test","","625e72375d936979092f4671c86f2824",12,0,12,190,0,0.0631578947368421
"confounded_dense_n300_t02_r0019","confounded","dense","paper_adjusted",300,1000,1.5,19,198576348,"MDACT",0.05,"ok",FALSE,0.00999999999999091,"ties should not be present for the one-sample Kolmogorov-Smirnov test","","315547ef0b0d3a8f9c078ca2a415fe4c",13,0,13,190,0,0.068421052631579
"confounded_dense_n300_t02_r0019","confounded","dense","paper_adjusted",300,1000,1.5,19,198576348,"MLFDR",0.05,"ok",FALSE,0.390000000000015,"","","cbabe5e7f370840dfa57f448a11abd09",55,0,55,190,0,0.289473684210526
"binary_dense_n300_t02_r0019","binary","dense","paper_adjusted",300,1000,1.5,19,249901582,"HDMT",0.05,"ok",FALSE,0.0300000000000011,"","","5fb0f8912924dce6125409b875fe8dd1",10,0,10,193,0,0.0518134715025907
"binary_dense_n300_t02_r0019","binary","dense","paper_adjusted",300,1000,1.5,19,249901582,"MDACT",0.05,"ok",FALSE,0,"","","43dbf6617786f4ab120c9ae8df55e93e",10,0,10,193,0,0.0518134715025907
"binary_dense_n300_t02_r0019","binary","dense","paper_adjusted",300,1000,1.5,19,249901582,"MLFDR",0.05,"ok",FALSE,0.360000000000014,"","","3ab3efce18a3bb9cc9300c9307f0e418",45,2,43,193,0.0444444444444444,0.22279792746114
"linear_sparse_n300_t03_r0019","linear","sparse","paper_adjusted",300,1000,1.9,19,120838014,"HDMT",0.05,"ok",FALSE,0.0199999999999818,"ties should not be present for the one-sample Kolmogorov-Smirnov test","","d1369c1deefd050e42c17400e48189e4",0,0,0,17,0,0
"linear_sparse_n300_t03_r0019","linear","sparse","paper_adjusted",300,1000,1.9,19,120838014,"MDACT",0.05,"ok",FALSE,0.0199999999999818,"ties should not be present for the one-sample Kolmogorov-Smirnov test","","4340e705bbac1cd2afeeef0aae3423f9",0,0,0,17,0,0
"linear_sparse_n300_t03_r0019","linear","sparse","paper_adjusted",300,1000,1.9,19,120838014,"MLFDR",0.05,"ok",FALSE,0.380000000000024,"","","4ab03c949ac43e03f32e99f64e91041b",0,0,0,17,0,0
"confounded_sparse_n300_t03_r0019","confounded","sparse","paper_adjusted",300,1000,1.9,19,4047854,"HDMT",0.05,"ok",FALSE,0.0300000000000011,"ties should not be present for the one-sample Kolmogorov-Smirnov test","","958952776f4c19a536ed6e8296f76586",6,1,5,13,0.166666666666667,0.384615384615385
"confounded_sparse_n300_t03_r0019","confounded","sparse","paper_adjusted",300,1000,1.9,19,4047854,"MDACT",0.05,"ok",FALSE,0.0200000000000102,"ties should not be present for the one-sample Kolmogorov-Smirnov test","","15c31bf4f813042ef5f63bdca87e76d7",1,0,1,13,0,0.0769230769230769
"confounded_sparse_n300_t03_r0019","confounded","sparse","paper_adjusted",300,1000,1.9,19,4047854,"MLFDR",0.05,"ok",FALSE,1.05000000000001,"","","74a12ee2b9045aadd19891b3f028d2a1",5,0,5,13,0,0.384615384615385
"binary_sparse_n300_t03_r0019","binary","sparse","paper_adjusted",300,1000,1.9,19,68658966,"HDMT",0.05,"ok",FALSE,0.0300000000000011,"","","e427e63a66bb3340ba5069f3cb900311",0,0,0,33,0,0
"binary_sparse_n300_t03_r0019","binary","sparse","paper_adjusted",300,1000,1.9,19,68658966,"MDACT",0.05,"ok",FALSE,0.0199999999999818,"","","2edbe3c46d0b7a1568ef9ae88cd28923",1,0,1,33,0,0.0303030303030303
"binary_sparse_n300_t03_r0019","binary","sparse","paper_adjusted",300,1000,1.9,19,68658966,"MLFDR",0.05,"ok",FALSE,0.299999999999983,"","","796107b00e6d6473f3ee6699af8822a2",15,0,15,33,0,0.454545454545455
"linear_dense_n300_t03_r0019","linear","dense","paper_adjusted",300,1000,1.9,19,259320263,"HDMT",0.05,"ok",FALSE,0.0300000000000011,"ties should not be present for the one-sample Kolmogorov-Smirnov test","","e919f045dbdd4054f4bcbae21d42ff66",17,0,17,208,0,0.0817307692307692
"linear_dense_n300_t03_r0019","linear","dense","paper_adjusted",300,1000,1.9,19,259320263,"MDACT",0.05,"ok",FALSE,0,"ties should not be present for the one-sample Kolmogorov-Smirnov test","","a84081dbc24d30a3412909ef6063f817",26,0,26,208,0,0.125
"linear_dense_n300_t03_r0019","linear","dense","paper_adjusted",300,1000,1.9,19,259320263,"MLFDR",0.05,"ok",FALSE,1.48000000000002,"","","fad08c8d32d897d3dac753140c22fbe0",125,9,116,208,0.072,0.557692307692308
"confounded_dense_n300_t03_r0019","confounded","dense","paper_adjusted",300,1000,1.9,19,243925,"HDMT",0.05,"ok",FALSE,0.0300000000000011,"ties should not be present for the one-sample Kolmogorov-Smirnov test","","f1d9ffa225eda08416aa178607bf13f3",76,3,73,223,0.0394736842105263,0.327354260089686
"confounded_dense_n300_t03_r0019","confounded","dense","paper_adjusted",300,1000,1.9,19,243925,"MDACT",0.05,"ok",FALSE,0.0200000000000102,"ties should not be present for the one-sample Kolmogorov-Smirnov test","","161f0f632c064ab0b6c1ad07a288b974",95,5,90,223,0.0526315789473684,0.403587443946188
"confounded_dense_n300_t03_r0019","confounded","dense","paper_adjusted",300,1000,1.9,19,243925,"MLFDR",0.05,"ok",FALSE,0.389999999999986,"","","33219ab80d39bbe7022777c96ec7f5b3",147,10,137,223,0.0680272108843537,0.614349775784753
"binary_dense_n300_t03_r0019","binary","dense","paper_adjusted",300,1000,1.9,19,193923431,"HDMT",0.05,"ok",FALSE,0.0300000000000011,"","","4d295713b45101c892f9c11476153096",55,2,53,201,0.0363636363636364,0.263681592039801
"binary_dense_n300_t03_r0019","binary","dense","paper_adjusted",300,1000,1.9,19,193923431,"MDACT",0.05,"ok",FALSE,0.0199999999999818,"","","36c04813c07f3a54ab5ad4cfd54320e2",65,3,62,201,0.0461538461538462,0.308457711442786
"binary_dense_n300_t03_r0019","binary","dense","paper_adjusted",300,1000,1.9,19,193923431,"MLFDR",0.05,"ok",FALSE,0.269999999999982,"","","64ee5fcffef10713108e8617e8e5d8d6",132,7,125,201,0.053030303030303,0.621890547263682
"linear_sparse_n300_t01_r0020","linear","sparse","paper_adjusted",300,1000,1.3,20,132087743,"HDMT",0.05,"ok",FALSE,0.00999999999999091,"ties should not be present for the one-sample Kolmogorov-Smirnov test","","69cd9f9851e994963b9a188e09db8a45",1,0,1,15,0,0.0666666666666667
"linear_sparse_n300_t01_r0020","linear","sparse","paper_adjusted",300,1000,1.3,20,132087743,"MDACT",0.05,"ok",FALSE,0,"ties should not be present for the one-sample Kolmogorov-Smirnov test","","ad4f8237b8e8acbb68dc137a79b5f160",1,0,1,15,0,0.0666666666666667
"linear_sparse_n300_t01_r0020","linear","sparse","paper_adjusted",300,1000,1.3,20,132087743,"MLFDR",0.05,"ok",FALSE,0.54000000000002,"","","d71eac8a64abfae0da8277c092d75da1",1,0,1,15,0,0.0666666666666667
"confounded_sparse_n300_t01_r0020","confounded","sparse","paper_adjusted",300,1000,1.3,20,49525023,"HDMT",0.05,"ok",FALSE,0.0199999999999818,"ties should not be present for the one-sample Kolmogorov-Smirnov test","","9d826c8c4c9bdf91570e7ac5bdcfae69",4,1,3,22,0.25,0.136363636363636
"confounded_sparse_n300_t01_r0020","confounded","sparse","paper_adjusted",300,1000,1.3,20,49525023,"MDACT",0.05,"ok",FALSE,0,"ties should not be present for the one-sample Kolmogorov-Smirnov test","","228d61fa6ca3421b1af8175dbe9a4409",5,1,4,22,0.2,0.181818181818182
"confounded_sparse_n300_t01_r0020","confounded","sparse","paper_adjusted",300,1000,1.3,20,49525023,"MLFDR",0.05,"ok",FALSE,0.719999999999999,"","","32af07aeb9cde1cef3514fcab3753916",6,2,4,22,0.333333333333333,0.181818181818182
"binary_sparse_n300_t01_r0020","binary","sparse","paper_adjusted",300,1000,1.3,20,248477798,"HDMT",0.05,"ok",FALSE,0.0200000000000102,"","","b6685f1a1d87de4061afc8ee182b1afa",0,0,0,21,0,0
"binary_sparse_n300_t01_r0020","binary","sparse","paper_adjusted",300,1000,1.3,20,248477798,"MDACT",0.05,"ok",FALSE,0,"","","408a92eb10eef98c67b3fab2df96e038",0,0,0,21,0,0
"binary_sparse_n300_t01_r0020","binary","sparse","paper_adjusted",300,1000,1.3,20,248477798,"MLFDR",0.05,"ok",FALSE,2.47,"","","a66f1e255d6a59085c1db4470d7a0ec9",0,0,0,21,0,0
"linear_dense_n300_t01_r0020","linear","dense","paper_adjusted",300,1000,1.3,20,64924908,"HDMT",0.05,"ok",FALSE,0.0199999999999818,"ties should not be present for the one-sample Kolmogorov-Smirnov test","","a76d43801f642c88ddde4baad5d9fffd",8,0,8,201,0,0.0398009950248756
"linear_dense_n300_t01_r0020","linear","dense","paper_adjusted",300,1000,1.3,20,64924908,"MDACT",0.05,"ok",FALSE,0.00999999999999091,"ties should not be present for the one-sample Kolmogorov-Smirnov test","","4e17626257a61175a5dedb8df2ce8d0e",8,0,8,201,0,0.0398009950248756
"linear_dense_n300_t01_r0020","linear","dense","paper_adjusted",300,1000,1.3,20,64924908,"MLFDR",0.05,"ok",FALSE,0.400000000000006,"","","765783c93731847e57600145961d5a09",34,0,34,201,0,0.169154228855721
"confounded_dense_n300_t01_r0020","confounded","dense","paper_adjusted",300,1000,1.3,20,30454654,"HDMT",0.05,"ok",FALSE,0.0300000000000011,"ties should not be present for the one-sample Kolmogorov-Smirnov test","","dda45f8c859209bac2052d916109146f",3,0,3,204,0,0.0147058823529412
"confounded_dense_n300_t01_r0020","confounded","dense","paper_adjusted",300,1000,1.3,20,30454654,"MDACT",0.05,"ok",FALSE,0.00999999999999091,"ties should not be present for the one-sample Kolmogorov-Smirnov test","","73df3404f62b71e8e3aa78c683478bcc",3,0,3,204,0,0.0147058823529412
"confounded_dense_n300_t01_r0020","confounded","dense","paper_adjusted",300,1000,1.3,20,30454654,"MLFDR",0.05,"ok",FALSE,1.58000000000001,"","","58d21e9e205b29453ce12227bacce679",36,5,31,204,0.138888888888889,0.151960784313725
"binary_dense_n300_t01_r0020","binary","dense","paper_adjusted",300,1000,1.3,20,34941359,"HDMT",0.05,"ok",FALSE,0.0199999999999818,"","","187bc8e6956040ee7ea55de6128cff4b",7,0,7,240,0,0.0291666666666667
"binary_dense_n300_t01_r0020","binary","dense","paper_adjusted",300,1000,1.3,20,34941359,"MDACT",0.05,"ok",FALSE,0.0199999999999818,"","","a24d4667336b7acd1b2cabd71793973e",12,0,12,240,0,0.05
"binary_dense_n300_t01_r0020","binary","dense","paper_adjusted",300,1000,1.3,20,34941359,"MLFDR",0.05,"ok",FALSE,1.69,"","","dcb4e0ea0ba3765afdde05a8614fdad7",58,1,57,240,0.0172413793103448,0.2375
"linear_sparse_n300_t02_r0020","linear","sparse","paper_adjusted",300,1000,1.5,20,246391156,"HDMT",0.05,"ok",FALSE,0.00999999999999091,"ties should not be present for the one-sample Kolmogorov-Smirnov test","","28517efee14f07fc8fbb1e413e988fe5",0,0,0,17,0,0
"linear_sparse_n300_t02_r0020","linear","sparse","paper_adjusted",300,1000,1.5,20,246391156,"MDACT",0.05,"ok",FALSE,0,"ties should not be present for the one-sample Kolmogorov-Smirnov test","","31645d6a74e07965c9aa8065441f28da",0,0,0,17,0,0
"linear_sparse_n300_t02_r0020","linear","sparse","paper_adjusted",300,1000,1.5,20,246391156,"MLFDR",0.05,"ok",FALSE,0.640000000000015,"","","b3cc5db6630fd7175926eca515cee6db",2,0,2,17,0,0.117647058823529
"confounded_sparse_n300_t02_r0020","confounded","sparse","paper_adjusted",300,1000,1.5,20,194980614,"HDMT",0.05,"ok",FALSE,0.0200000000000102,"ties should not be present for the one-sample Kolmogorov-Smirnov test","","9a4f64a40402e0307e494ca6b201e040",0,0,0,13,0,0
"confounded_sparse_n300_t02_r0020","confounded","sparse","paper_adjusted",300,1000,1.5,20,194980614,"MDACT",0.05,"ok",FALSE,0,"ties should not be present for the one-sample Kolmogorov-Smirnov test","","0b039cb5b554f45e5e3f956bd4b0766b",0,0,0,13,0,0
"confounded_sparse_n300_t02_r0020","confounded","sparse","paper_adjusted",300,1000,1.5,20,194980614,"MLFDR",0.05,"ok",FALSE,0.810000000000002,"","","761567c0a49505d57d4b5c0d0d921f1c",0,0,0,13,0,0
"binary_sparse_n300_t02_r0020","binary","sparse","paper_adjusted",300,1000,1.5,20,24464904,"HDMT",0.05,"ok",FALSE,0.0200000000000102,"","","ea9caa5cf52f8c33bf01656be5822e4e",2,0,2,15,0,0.133333333333333
"binary_sparse_n300_t02_r0020","binary","sparse","paper_adjusted",300,1000,1.5,20,24464904,"MDACT",0.05,"ok",FALSE,0.00999999999999091,"","","30a7956c7850366efebe395a075cc0b5",3,0,3,15,0,0.2
"binary_sparse_n300_t02_r0020","binary","sparse","paper_adjusted",300,1000,1.5,20,24464904,"MLFDR",0.05,"ok",FALSE,0.47999999999999,"","","ed70401ba63cae159f9fc7b2b31e34a9",3,0,3,15,0,0.2
"linear_dense_n300_t02_r0020","linear","dense","paper_adjusted",300,1000,1.5,20,149416233,"HDMT",0.05,"ok",FALSE,0.0300000000000011,"ties should not be present for the one-sample Kolmogorov-Smirnov test","","b13be7a5f3b08f09d3b1778c36ebcd3d",10,0,10,179,0,0.0558659217877095
"linear_dense_n300_t02_r0020","linear","dense","paper_adjusted",300,1000,1.5,20,149416233,"MDACT",0.05,"ok",FALSE,0.0199999999999818,"ties should not be present for the one-sample Kolmogorov-Smirnov test","","e780e764291bc0e492d0a314c43d0f86",17,1,16,179,0.0588235294117647,0.0893854748603352
"linear_dense_n300_t02_r0020","linear","dense","paper_adjusted",300,1000,1.5,20,149416233,"MLFDR",0.05,"ok",FALSE,1.77000000000001,"","","455b4733f2356909830d5effce041913",70,7,63,179,0.1,0.35195530726257
"confounded_dense_n300_t02_r0020","confounded","dense","paper_adjusted",300,1000,1.5,20,1758014,"HDMT",0.05,"ok",FALSE,0.0199999999999818,"ties should not be present for the one-sample Kolmogorov-Smirnov test","","9a718749949d759f11ac7fd8700795fc",8,0,8,197,0,0.0406091370558376
"confounded_dense_n300_t02_r0020","confounded","dense","paper_adjusted",300,1000,1.5,20,1758014,"MDACT",0.05,"ok",FALSE,0,"ties should not be present for the one-sample Kolmogorov-Smirnov test","","09c75802935e571164c2a47ac5f53545",17,0,17,197,0,0.0862944162436548
"confounded_dense_n300_t02_r0020","confounded","dense","paper_adjusted",300,1000,1.5,20,1758014,"MLFDR",0.05,"ok",FALSE,2.45000000000002,"","","82a5d2d1f186fc7c7420857f60a41b48",58,5,53,197,0.0862068965517241,0.269035532994924
"binary_dense_n300_t02_r0020","binary","dense","paper_adjusted",300,1000,1.5,20,121167527,"HDMT",0.05,"ok",FALSE,0.0100000000000193,"","","daa4b444ecb919b929ba60379869f638",2,0,2,206,0,0.00970873786407767
"binary_dense_n300_t02_r0020","binary","dense","paper_adjusted",300,1000,1.5,20,121167527,"MDACT",0.05,"ok",FALSE,0,"","","19765b1aaf2b8894a4e78961ae703ce4",10,0,10,206,0,0.0485436893203883
"binary_dense_n300_t02_r0020","binary","dense","paper_adjusted",300,1000,1.5,20,121167527,"MLFDR",0.05,"ok",FALSE,0.359999999999985,"","","35ab2ee40c2ececfe72c27486c83e24e",52,3,49,206,0.0576923076923077,0.237864077669903
"linear_sparse_n300_t03_r0020","linear","sparse","paper_adjusted",300,1000,1.9,20,244043072,"HDMT",0.05,"ok",FALSE,0.0300000000000011,"ties should not be present for the one-sample Kolmogorov-Smirnov test","","77636ba03f68cf7cd472b6c04af90171",0,0,0,14,0,0
"linear_sparse_n300_t03_r0020","linear","sparse","paper_adjusted",300,1000,1.9,20,244043072,"MDACT",0.05,"ok",FALSE,0.0200000000000102,"ties should not be present for the one-sample Kolmogorov-Smirnov test","","cd7c1ba1872903eadcdf81b80f17a4b3",0,0,0,14,0,0
"linear_sparse_n300_t03_r0020","linear","sparse","paper_adjusted",300,1000,1.9,20,244043072,"MLFDR",0.05,"ok",FALSE,0.609999999999985,"","","1a1d2e323d8a3fe5d12814da656afc61",3,0,3,14,0,0.214285714285714
"confounded_sparse_n300_t03_r0020","confounded","sparse","paper_adjusted",300,1000,1.9,20,177345527,"HDMT",0.05,"ok",FALSE,0.0300000000000011,"ties should not be present for the one-sample Kolmogorov-Smirnov test","","a1432c7070da20fd0fa436b5f0ee223a",16,3,13,26,0.1875,0.5
"confounded_sparse_n300_t03_r0020","confounded","sparse","paper_adjusted",300,1000,1.9,20,177345527,"MDACT",0.05,"ok",FALSE,0.0200000000000102,"ties should not be present for the one-sample Kolmogorov-Smirnov test","","3c15b7954841f593d01e44bde0cea2e2",12,1,11,26,0.0833333333333333,0.423076923076923
"confounded_sparse_n300_t03_r0020","confounded","sparse","paper_adjusted",300,1000,1.9,20,177345527,"MLFDR",0.05,"ok",FALSE,1.19999999999999,"","","3967e984ed9fb7b6e3d580e2ef8f3378",17,3,14,26,0.176470588235294,0.538461538461538
"binary_sparse_n300_t03_r0020","binary","sparse","paper_adjusted",300,1000,1.9,20,82442982,"HDMT",0.05,"ok",FALSE,0.0299999999999727,"","","7ac986712b7dc20f58ada373f4a06744",0,0,0,13,0,0
"binary_sparse_n300_t03_r0020","binary","sparse","paper_adjusted",300,1000,1.9,20,82442982,"MDACT",0.05,"ok",FALSE,0.0199999999999818,"","","2f7e3bbcfe1001393105443ec46b3e39",0,0,0,13,0,0
"binary_sparse_n300_t03_r0020","binary","sparse","paper_adjusted",300,1000,1.9,20,82442982,"MLFDR",0.05,"ok",FALSE,0.599999999999994,"","","ac975c8d66faf44eb41264327a27f7f5",0,0,0,13,0,0
"linear_dense_n300_t03_r0020","linear","dense","paper_adjusted",300,1000,1.9,20,227861089,"HDMT",0.05,"ok",FALSE,0.0200000000000102,"ties should not be present for the one-sample Kolmogorov-Smirnov test","","7c32df3707d0e99bf5ded74dba431b7f",23,0,23,190,0,0.121052631578947
"linear_dense_n300_t03_r0020","linear","dense","paper_adjusted",300,1000,1.9,20,227861089,"MDACT",0.05,"ok",FALSE,0.0200000000000102,"ties should not be present for the one-sample Kolmogorov-Smirnov test","","bf6b073cd6c5f17c54001487487ee60e",31,1,30,190,0.032258064516129,0.157894736842105
"linear_dense_n300_t03_r0020","linear","dense","paper_adjusted",300,1000,1.9,20,227861089,"MLFDR",0.05,"ok",FALSE,0.490000000000009,"","","f133f21f7b7f38c242dcc316ce5d3c00",95,3,92,190,0.0315789473684211,0.484210526315789
"confounded_dense_n300_t03_r0020","confounded","dense","paper_adjusted",300,1000,1.9,20,395464,"HDMT",0.05,"ok",FALSE,0.0300000000000011,"ties should not be present for the one-sample Kolmogorov-Smirnov test","","1e117c1acc83013ee0b154a9490c8ef0",20,0,20,202,0,0.099009900990099
"confounded_dense_n300_t03_r0020","confounded","dense","paper_adjusted",300,1000,1.9,20,395464,"MDACT",0.05,"ok",FALSE,0.0200000000000102,"ties should not be present for the one-sample Kolmogorov-Smirnov test","","8d271d65947006ae34fa70e9bb60caba",28,0,28,202,0,0.138613861386139
"confounded_dense_n300_t03_r0020","confounded","dense","paper_adjusted",300,1000,1.9,20,395464,"MLFDR",0.05,"ok",FALSE,0.610000000000014,"","","649059d2f571c55aa922d93d30f2565d",80,3,77,202,0.0375,0.381188118811881
"binary_dense_n300_t03_r0020","binary","dense","paper_adjusted",300,1000,1.9,20,47789764,"HDMT",0.05,"ok",FALSE,0.00999999999999091,"","","8cb89d05e24aea4bcea9dbe10d9f1797",40,0,40,208,0,0.192307692307692
"binary_dense_n300_t03_r0020","binary","dense","paper_adjusted",300,1000,1.9,20,47789764,"MDACT",0.05,"ok",FALSE,0.0100000000000193,"","","5e65aebc3a62d371e5ece6d1a961d761",43,0,43,208,0,0.206730769230769
"binary_dense_n300_t03_r0020","binary","dense","paper_adjusted",300,1000,1.9,20,47789764,"MLFDR",0.05,"ok",FALSE,0.400000000000006,"","","555ccace115dc8e43473453d6c308c5f",104,3,101,208,0.0288461538461538,0.485576923076923
"linear_sparse_n300_t01_r0021","linear","sparse","paper_adjusted",300,1000,1.3,21,244969227,"HDMT",0.05,"ok",FALSE,0.0199999999999818,"ties should not be present for the one-sample Kolmogorov-Smirnov test","","bddc78e0e6b9cee43dc570bccc9ea02b",0,0,0,19,0,0
"linear_sparse_n300_t01_r0021","linear","sparse","paper_adjusted",300,1000,1.3,21,244969227,"MDACT",0.05,"ok",FALSE,0.0199999999999818,"ties should not be present for the one-sample Kolmogorov-Smirnov test","","aba595fe5f508cb2f4a31993e0e78adf",0,0,0,19,0,0
"linear_sparse_n300_t01_r0021","linear","sparse","paper_adjusted",300,1000,1.3,21,244969227,"MLFDR",0.05,"ok",FALSE,0.609999999999985,"","","a3762025682b95bbae792e718b7f9d16",0,0,0,19,0,0
"confounded_sparse_n300_t01_r0021","confounded","sparse","paper_adjusted",300,1000,1.3,21,140340869,"HDMT",0.05,"ok",FALSE,0.0300000000000011,"ties should not be present for the one-sample Kolmogorov-Smirnov test","","d61609be66609d39808deda1260a6f87",0,0,0,13,0,0
"confounded_sparse_n300_t01_r0021","confounded","sparse","paper_adjusted",300,1000,1.3,21,140340869,"MDACT",0.05,"ok",FALSE,0.0100000000000193,"ties should not be present for the one-sample Kolmogorov-Smirnov test","","e2062014670305043e8149c2adaf5c8a",0,0,0,13,0,0
"confounded_sparse_n300_t01_r0021","confounded","sparse","paper_adjusted",300,1000,1.3,21,140340869,"MLFDR",0.05,"ok",FALSE,0.530000000000001,"","","ce50f5072ca4f1658d787f9ac9f4debc",0,0,0,13,0,0
"binary_sparse_n300_t01_r0021","binary","sparse","paper_adjusted",300,1000,1.3,21,159082694,"HDMT",0.05,"ok",FALSE,0.0300000000000011,"","","357a65bbbbaa6feadecd6c3b046d7d95",0,0,0,16,0,0
"binary_sparse_n300_t01_r0021","binary","sparse","paper_adjusted",300,1000,1.3,21,159082694,"MDACT",0.05,"ok",FALSE,0.0100000000000193,"","","26bffd0d3a561b1fc40b1c3c870b07f9",0,0,0,16,0,0
"binary_sparse_n300_t01_r0021","binary","sparse","paper_adjusted",300,1000,1.3,21,159082694,"MLFDR",0.05,"ok",FALSE,0.630000000000024,"","","f6c3f0b9b5ed42f7d00c7489512dda1b",0,0,0,16,0,0
"linear_dense_n300_t01_r0021","linear","dense","paper_adjusted",300,1000,1.3,21,184300738,"HDMT",0.05,"ok",FALSE,0.0300000000000011,"ties should not be present for the one-sample Kolmogorov-Smirnov test","","f7cd8cb4203e29058e736ef2e8b85caa",2,0,2,198,0,0.0101010101010101
"linear_dense_n300_t01_r0021","linear","dense","paper_adjusted",300,1000,1.3,21,184300738,"MDACT",0.05,"ok",FALSE,0,"ties should not be present for the one-sample Kolmogorov-Smirnov test","","5f611bd424bcf4deb6ea988e61f76208",1,0,1,198,0,0.00505050505050505
"linear_dense_n300_t01_r0021","linear","dense","paper_adjusted",300,1000,1.3,21,184300738,"MLFDR",0.05,"ok",FALSE,0.469999999999999,"","","e4d9bea214fbd4aca89df2873eaae6a8",34,0,34,198,0,0.171717171717172
"confounded_dense_n300_t01_r0021","confounded","dense","paper_adjusted",300,1000,1.3,21,83856174,"HDMT",0.05,"ok",FALSE,0.0299999999999727,"ties should not be present for the one-sample Kolmogorov-Smirnov test","","c7925ddd54c199a440b459179e043f6f",1,0,1,176,0,0.00568181818181818
"confounded_dense_n300_t01_r0021","confounded","dense","paper_adjusted",300,1000,1.3,21,83856174,"MDACT",0.05,"ok",FALSE,0,"ties should not be present for the one-sample Kolmogorov-Smirnov test","","ad7f20d2059579fb7807abd637ca22e8",1,0,1,176,0,0.00568181818181818
"confounded_dense_n300_t01_r0021","confounded","dense","paper_adjusted",300,1000,1.3,21,83856174,"MLFDR",0.05,"ok",FALSE,0.590000000000003,"","","9f969c5095554d818972685aa2643e7f",14,1,13,176,0.0714285714285714,0.0738636363636364
"binary_dense_n300_t01_r0021","binary","dense","paper_adjusted",300,1000,1.3,21,84276909,"HDMT",0.05,"ok",FALSE,0.00999999999999091,"","","1d79ffeea72ee998523804bfafb6eeb9",1,0,1,216,0,0.00462962962962963
"binary_dense_n300_t01_r0021","binary","dense","paper_adjusted",300,1000,1.3,21,84276909,"MDACT",0.05,"ok",FALSE,0,"","","cd75d612451397a9eff863e9fb2056b4",1,0,1,216,0,0.00462962962962963
"binary_dense_n300_t01_r0021","binary","dense","paper_adjusted",300,1000,1.3,21,84276909,"MLFDR",0.05,"ok",FALSE,0.780000000000001,"","","138e5a03039b27b56809ff8644076d9a",17,2,15,216,0.117647058823529,0.0694444444444444
"linear_sparse_n300_t02_r0021","linear","sparse","paper_adjusted",300,1000,1.5,21,222138521,"HDMT",0.05,"ok",FALSE,0.0299999999999727,"ties should not be present for the one-sample Kolmogorov-Smirnov test","","79141216e8702d20a4afb0a1875e7228",1,0,1,15,0,0.0666666666666667
"linear_sparse_n300_t02_r0021","linear","sparse","paper_adjusted",300,1000,1.5,21,222138521,"MDACT",0.05,"ok",FALSE,0,"ties should not be present for the one-sample Kolmogorov-Smirnov test","","f99fcb80315d8f274e9c3a0925797a49",1,0,1,15,0,0.0666666666666667
"linear_sparse_n300_t02_r0021","linear","sparse","paper_adjusted",300,1000,1.5,21,222138521,"MLFDR",0.05,"ok",FALSE,1.35999999999999,"","","a68671263d85ed0343419c1097a9490a",1,0,1,15,0,0.0666666666666667
"confounded_sparse_n300_t02_r0021","confounded","sparse","paper_adjusted",300,1000,1.5,21,27749416,"HDMT",0.05,"ok",FALSE,0.0100000000000193,"ties should not be present for the one-sample Kolmogorov-Smirnov test","","fb7824d9d3129becb681588f046c52d5",0,0,0,25,0,0
"confounded_sparse_n300_t02_r0021","confounded","sparse","paper_adjusted",300,1000,1.5,21,27749416,"MDACT",0.05,"ok",FALSE,0.0100000000000193,"ties should not be present for the one-sample Kolmogorov-Smirnov test","","cf1691ff010c5339990be38d2d9528b7",1,0,1,25,0,0.04
"confounded_sparse_n300_t02_r0021","confounded","sparse","paper_adjusted",300,1000,1.5,21,27749416,"MLFDR",0.05,"ok",FALSE,0.569999999999993,"","","64090af6c22cba7c841a3c13ed59cb0d",1,0,1,25,0,0.04
"binary_sparse_n300_t02_r0021","binary","sparse","paper_adjusted",300,1000,1.5,21,142378755,"HDMT",0.05,"ok",FALSE,0.00999999999999091,"","","bb547c65b738ef6409cb9fdf3acd9d1d",0,0,0,13,0,0
"binary_sparse_n300_t02_r0021","binary","sparse","paper_adjusted",300,1000,1.5,21,142378755,"MDACT",0.05,"ok",FALSE,0,"","","140e2ef9a5fb05c1cc130176da68d1fe",0,0,0,13,0,0
"binary_sparse_n300_t02_r0021","binary","sparse","paper_adjusted",300,1000,1.5,21,142378755,"MLFDR",0.05,"ok",FALSE,0.510000000000019,"","","815bf990dffecb7057cbbe9a20a4e4eb",0,0,0,13,0,0
"linear_dense_n300_t02_r0021","linear","dense","paper_adjusted",300,1000,1.5,21,252018756,"HDMT",0.05,"ok",FALSE,0.0100000000000193,"ties should not be present for the one-sample Kolmogorov-Smirnov test","","be995f58b53938ecee23eef95ae7d0ad",13,0,13,218,0,0.0596330275229358
"linear_dense_n300_t02_r0021","linear","dense","paper_adjusted",300,1000,1.5,21,252018756,"MDACT",0.05,"ok",FALSE,0.00999999999999091,"ties should not be present for the one-sample Kolmogorov-Smirnov test","","fd2a92f80348bbdebf6e73ed9d6f40bf",18,0,18,218,0,0.0825688073394495
"linear_dense_n300_t02_r0021","linear","dense","paper_adjusted",300,1000,1.5,21,252018756,"MLFDR",0.05,"ok",FALSE,1.15000000000001,"","","181d46597a171c4887c0fac64b37472d",83,6,77,218,0.072289156626506,0.353211009174312
"confounded_dense_n300_t02_r0021","confounded","dense","paper_adjusted",300,1000,1.5,21,52351177,"HDMT",0.05,"ok",FALSE,0.0199999999999818,"ties should not be present for the one-sample Kolmogorov-Smirnov test","","bf71e3e09de34c344d917080e130935b",14,0,14,206,0,0.0679611650485437
"confounded_dense_n300_t02_r0021","confounded","dense","paper_adjusted",300,1000,1.5,21,52351177,"MDACT",0.05,"ok",FALSE,0,"ties should not be present for the one-sample Kolmogorov-Smirnov test","","e8fc60d0d60fb51f91207000599cb976",17,0,17,206,0,0.0825242718446602
"confounded_dense_n300_t02_r0021","confounded","dense","paper_adjusted",300,1000,1.5,21,52351177,"MLFDR",0.05,"ok",FALSE,1.48000000000002,"","","33fdd2dc78321c7d30567f16cf20a76b",68,3,65,206,0.0441176470588235,0.315533980582524
"binary_dense_n300_t02_r0021","binary","dense","paper_adjusted",300,1000,1.5,21,117381625,"HDMT",0.05,"ok",FALSE,0.0300000000000011,"","","ebedbef7a58a6c75617cc79597b65f99",3,0,3,198,0,0.0151515151515152
"binary_dense_n300_t02_r0021","binary","dense","paper_adjusted",300,1000,1.5,21,117381625,"MDACT",0.05,"ok",FALSE,0.00999999999999091,"","","0c3f8caad981b8ee09edd04be441f669",3,0,3,198,0,0.0151515151515152
"binary_dense_n300_t02_r0021","binary","dense","paper_adjusted",300,1000,1.5,21,117381625,"MLFDR",0.05,"ok",FALSE,0.449999999999989,"","","8291076d313f8434abc88daf7263e948",28,2,26,198,0.0714285714285714,0.131313131313131
"linear_sparse_n300_t03_r0021","linear","sparse","paper_adjusted",300,1000,1.9,21,25803462,"HDMT",0.05,"ok",FALSE,0.00999999999999091,"ties should not be present for the one-sample Kolmogorov-Smirnov test","","2ca35aaafcc272af7011a66882504eb0",1,0,1,25,0,0.04
"linear_sparse_n300_t03_r0021","linear","sparse","paper_adjusted",300,1000,1.9,21,25803462,"MDACT",0.05,"ok",FALSE,0.00999999999999091,"ties should not be present for the one-sample Kolmogorov-Smirnov test","","a33a769e0c7b412b8c24f17862558a7d",2,0,2,25,0,0.08
"linear_sparse_n300_t03_r0021","linear","sparse","paper_adjusted",300,1000,1.9,21,25803462,"MLFDR",0.05,"ok",FALSE,2.34,"","","9714437f06821d37ccdf622e8d8c87c8",11,1,10,25,0.0909090909090909,0.4
"confounded_sparse_n300_t03_r0021","confounded","sparse","paper_adjusted",300,1000,1.9,21,92020252,"HDMT",0.05,"ok",FALSE,0.0200000000000102,"ties should not be present for the one-sample Kolmogorov-Smirnov test","","8cf6ae6b44f4bfd6adbde6da13eaa8e9",2,0,2,23,0,0.0869565217391304
"confounded_sparse_n300_t03_r0021","confounded","sparse","paper_adjusted",300,1000,1.9,21,92020252,"MDACT",0.05,"ok",FALSE,0.0200000000000102,"ties should not be present for the one-sample Kolmogorov-Smirnov test","","8e245e2092ae43f16ec9312cb867b78e",1,0,1,23,0,0.0434782608695652
"confounded_sparse_n300_t03_r0021","confounded","sparse","paper_adjusted",300,1000,1.9,21,92020252,"MLFDR",0.05,"ok",FALSE,0.430000000000007,"","","31cbba558a8f6b451296a139c661ad33",3,0,3,23,0,0.130434782608696
"binary_sparse_n300_t03_r0021","binary","sparse","paper_adjusted",300,1000,1.9,21,90270335,"HDMT",0.05,"ok",FALSE,0.0200000000000102,"","","25ef82ad13dee89abc9b3583f085406e",4,1,3,14,0.25,0.214285714285714
"binary_sparse_n300_t03_r0021","binary","sparse","paper_adjusted",300,1000,1.9,21,90270335,"MDACT",0.05,"ok",FALSE,0.0199999999999818,"","","9d0db248f96bab789453784826de4343",4,1,3,14,0.25,0.214285714285714
"binary_sparse_n300_t03_r0021","binary","sparse","paper_adjusted",300,1000,1.9,21,90270335,"MLFDR",0.05,"ok",FALSE,0.280000000000001,"","","bed7f4dc9ed3657a8ab20ea2505f78e0",5,1,4,14,0.2,0.285714285714286
"linear_dense_n300_t03_r0021","linear","dense","paper_adjusted",300,1000,1.9,21,78037514,"HDMT",0.05,"ok",FALSE,0.0300000000000011,"ties should not be present for the one-sample Kolmogorov-Smirnov test","","0df7a252f87420edd371203fed1c34a7",15,0,15,199,0,0.0753768844221105
"linear_dense_n300_t03_r0021","linear","dense","paper_adjusted",300,1000,1.9,21,78037514,"MDACT",0.05,"ok",FALSE,0.00999999999999091,"ties should not be present for the one-sample Kolmogorov-Smirnov test","","066752723b4da00f899c2275300f0c0f",19,1,18,199,0.0526315789473684,0.0904522613065327
"linear_dense_n300_t03_r0021","linear","dense","paper_adjusted",300,1000,1.9,21,78037514,"MLFDR",0.05,"ok",FALSE,0.389999999999986,"","","db245df439a0db29e59d660be6208794",71,3,68,199,0.0422535211267606,0.341708542713568
"confounded_dense_n300_t03_r0021","confounded","dense","paper_adjusted",300,1000,1.9,21,209897303,"HDMT",0.05,"ok",FALSE,0.00999999999999091,"ties should not be present for the one-sample Kolmogorov-Smirnov test","","7c837e4111ff4ea5f3ba3dea6244fea0",29,0,29,206,0,0.140776699029126
"confounded_dense_n300_t03_r0021","confounded","dense","paper_adjusted",300,1000,1.9,21,209897303,"MDACT",0.05,"ok",FALSE,0.0200000000000102,"ties should not be present for the one-sample Kolmogorov-Smirnov test","","c9be7d17e3aeb87d9243a28f86362f39",40,1,39,206,0.025,0.189320388349515
"confounded_dense_n300_t03_r0021","confounded","dense","paper_adjusted",300,1000,1.9,21,209897303,"MLFDR",0.05,"ok",FALSE,0.589999999999975,"","","40426ec8414d97a0440eec1f9c9185a5",99,6,93,206,0.0606060606060606,0.451456310679612
"binary_dense_n300_t03_r0021","binary","dense","paper_adjusted",300,1000,1.9,21,79327901,"HDMT",0.05,"ok",FALSE,0.0300000000000011,"","","ee6c356e4c12660f93ce765ffacca347",72,1,71,210,0.0138888888888889,0.338095238095238
"binary_dense_n300_t03_r0021","binary","dense","paper_adjusted",300,1000,1.9,21,79327901,"MDACT",0.05,"ok",FALSE,0.00999999999999091,"","","de3ca36876bbcfd6c868c60951808ac3",79,1,78,210,0.0126582278481013,0.371428571428571
"binary_dense_n300_t03_r0021","binary","dense","paper_adjusted",300,1000,1.9,21,79327901,"MLFDR",0.05,"ok",FALSE,0.439999999999998,"","","75d1aaa0b05e2adfb9e91fdd63c8c563",138,9,129,210,0.0652173913043478,0.614285714285714
"linear_sparse_n300_t01_r0022","linear","sparse","paper_adjusted",300,1000,1.3,22,258418016,"HDMT",0.05,"ok",FALSE,0.00999999999999091,"ties should not be present for the one-sample Kolmogorov-Smirnov test","","632e5cfcb4535b7a4b3c5bf4e8368c63",0,0,0,18,0,0
"linear_sparse_n300_t01_r0022","linear","sparse","paper_adjusted",300,1000,1.3,22,258418016,"MDACT",0.05,"ok",FALSE,0,"ties should not be present for the one-sample Kolmogorov-Smirnov test","","11e0490fad9e58239b1b1fc67264c255",1,1,0,18,1,0
"linear_sparse_n300_t01_r0022","linear","sparse","paper_adjusted",300,1000,1.3,22,258418016,"MLFDR",0.05,"ok",FALSE,2.25,"","","6790a77fd637ab137edd57e6345df3b3",0,0,0,18,0,0
"confounded_sparse_n300_t01_r0022","confounded","sparse","paper_adjusted",300,1000,1.3,22,31762507,"HDMT",0.05,"ok",FALSE,0.00999999999999091,"ties should not be present for the one-sample Kolmogorov-Smirnov test","","46c0f11939367c5f1f7f20b0fb15ade3",0,0,0,22,0,0
"confounded_sparse_n300_t01_r0022","confounded","sparse","paper_adjusted",300,1000,1.3,22,31762507,"MDACT",0.05,"ok",FALSE,0.00999999999999091,"ties should not be present for the one-sample Kolmogorov-Smirnov test","","1862d892ee41978d122ce5957c48dba1",0,0,0,22,0,0
"confounded_sparse_n300_t01_r0022","confounded","sparse","paper_adjusted",300,1000,1.3,22,31762507,"MLFDR",0.05,"ok",FALSE,1.5,"","","8ffff6c35b05d643bb6c2812566dfbaf",0,0,0,22,0,0
"binary_sparse_n300_t01_r0022","binary","sparse","paper_adjusted",300,1000,1.3,22,201904479,"HDMT",0.05,"ok",FALSE,0.0300000000000011,"","","1ddd47c122858d544f6981f899db088b",0,0,0,20,0,0
"binary_sparse_n300_t01_r0022","binary","sparse","paper_adjusted",300,1000,1.3,22,201904479,"MDACT",0.05,"ok",FALSE,0.0199999999999818,"","","170960c2caa71143f50060d6ce4b6b89",0,0,0,20,0,0
"binary_sparse_n300_t01_r0022","binary","sparse","paper_adjusted",300,1000,1.3,22,201904479,"MLFDR",0.05,"ok",FALSE,2.16,"","","850ce9a1443f00d719c1bca167825c45",2,0,2,20,0,0.1
"linear_dense_n300_t01_r0022","linear","dense","paper_adjusted",300,1000,1.3,22,179818059,"HDMT",0.05,"ok",FALSE,0.0299999999999727,"ties should not be present for the one-sample Kolmogorov-Smirnov test","","7eaa0842d96860e87a0836350399b0a3",0,0,0,191,0,0
"linear_dense_n300_t01_r0022","linear","dense","paper_adjusted",300,1000,1.3,22,179818059,"MDACT",0.05,"ok",FALSE,0.0199999999999818,"ties should not be present for the one-sample Kolmogorov-Smirnov test","","04cf7d0c3724fb2b496b874f114b2bb4",0,0,0,191,0,0
"linear_dense_n300_t01_r0022","linear","dense","paper_adjusted",300,1000,1.3,22,179818059,"MLFDR",0.05,"ok",FALSE,0.439999999999998,"","","01918943c08afeaf9718d44cc6e10797",25,0,25,191,0,0.130890052356021
"confounded_dense_n300_t01_r0022","confounded","dense","paper_adjusted",300,1000,1.3,22,84148822,"HDMT",0.05,"ok",FALSE,0.0300000000000011,"ties should not be present for the one-sample Kolmogorov-Smirnov test","","48b48717214cc2d04a2470968f93b1d3",8,0,8,198,0,0.0404040404040404
"confounded_dense_n300_t01_r0022","confounded","dense","paper_adjusted",300,1000,1.3,22,84148822,"MDACT",0.05,"ok",FALSE,0,"ties should not be present for the one-sample Kolmogorov-Smirnov test","","6145d8ccf515616c4d336a7e16526f64",9,0,9,198,0,0.0454545454545455
"confounded_dense_n300_t01_r0022","confounded","dense","paper_adjusted",300,1000,1.3,22,84148822,"MLFDR",0.05,"ok",FALSE,0.949999999999989,"","","2b87ab5007f83121cdfd4d94b6cc134d",39,3,36,198,0.0769230769230769,0.181818181818182
"binary_dense_n300_t01_r0022","binary","dense","paper_adjusted",300,1000,1.3,22,243001552,"HDMT",0.05,"ok",FALSE,0.00999999999999091,"","","f28d181b78800602c94afa738cf7af49",0,0,0,202,0,0
"binary_dense_n300_t01_r0022","binary","dense","paper_adjusted",300,1000,1.3,22,243001552,"MDACT",0.05,"ok",FALSE,0.0200000000000102,"","","5e263ddcbc7b1265471f01b5ec76a8c7",0,0,0,202,0,0
"binary_dense_n300_t01_r0022","binary","dense","paper_adjusted",300,1000,1.3,22,243001552,"MLFDR",0.05,"ok",FALSE,0.409999999999997,"","","6789c4ca468e05bb1d712af35d5ab63a",22,0,22,202,0,0.108910891089109
"linear_sparse_n300_t02_r0022","linear","sparse","paper_adjusted",300,1000,1.5,22,108469931,"HDMT",0.05,"ok",FALSE,0.0300000000000011,"ties should not be present for the one-sample Kolmogorov-Smirnov test","","c7b7b8da23d833e3284fbf796b894722",0,0,0,19,0,0
"linear_sparse_n300_t02_r0022","linear","sparse","paper_adjusted",300,1000,1.5,22,108469931,"MDACT",0.05,"ok",FALSE,0.0200000000000102,"ties should not be present for the one-sample Kolmogorov-Smirnov test","","d02acb89641d2b3f3d52fbcab2358852",0,0,0,19,0,0
"linear_sparse_n300_t02_r0022","linear","sparse","paper_adjusted",300,1000,1.5,22,108469931,"MLFDR",0.05,"ok",FALSE,0.699999999999989,"","","ccecc571fbb9cd1993c0d642e3e3dbc8",0,0,0,19,0,0
"confounded_sparse_n300_t02_r0022","confounded","sparse","paper_adjusted",300,1000,1.5,22,148406190,"HDMT",0.05,"ok",FALSE,0.0199999999999818,"ties should not be present for the one-sample Kolmogorov-Smirnov test","","ce41f43932c4eee23addd0e2ec481cca",0,0,0,14,0,0
"confounded_sparse_n300_t02_r0022","confounded","sparse","paper_adjusted",300,1000,1.5,22,148406190,"MDACT",0.05,"ok",FALSE,0,"ties should not be present for the one-sample Kolmogorov-Smirnov test","","22d02925c8b6a60821019c852c34e958",0,0,0,14,0,0
"confounded_sparse_n300_t02_r0022","confounded","sparse","paper_adjusted",300,1000,1.5,22,148406190,"MLFDR",0.05,"ok",FALSE,0.560000000000002,"","","1c601c5cca826b87cbd3749a94b22490",0,0,0,14,0,0
"binary_sparse_n300_t02_r0022","binary","sparse","paper_adjusted",300,1000,1.5,22,73550746,"HDMT",0.05,"ok",FALSE,0.0200000000000102,"","","b8cda7fe7f40de538b3b1bb7633ff3d4",1,0,1,16,0,0.0625
"binary_sparse_n300_t02_r0022","binary","sparse","paper_adjusted",300,1000,1.5,22,73550746,"MDACT",0.05,"ok",FALSE,0.0200000000000102,"","","7b9efca28e5f0cefdb84b44e32756b68",1,0,1,16,0,0.0625
"binary_sparse_n300_t02_r0022","binary","sparse","paper_adjusted",300,1000,1.5,22,73550746,"MLFDR",0.05,"ok",FALSE,1.52999999999997,"","","e4c41c0b53c2540d93687f5f5e6a65fa",2,0,2,16,0,0.125
"linear_dense_n300_t02_r0022","linear","dense","paper_adjusted",300,1000,1.5,22,199087583,"HDMT",0.05,"ok",FALSE,0.0299999999999727,"ties should not be present for the one-sample Kolmogorov-Smirnov test","","bdc6827c4a9b9bc7044f415fa3ac40cb",24,1,23,206,0.0416666666666667,0.111650485436893
"linear_dense_n300_t02_r0022","linear","dense","paper_adjusted",300,1000,1.5,22,199087583,"MDACT",0.05,"ok",FALSE,0.0199999999999818,"ties should not be present for the one-sample Kolmogorov-Smirnov test","","7e2286ab57e68893bbc418c00337d9ea",26,1,25,206,0.0384615384615385,0.121359223300971
"linear_dense_n300_t02_r0022","linear","dense","paper_adjusted",300,1000,1.5,22,199087583,"MLFDR",0.05,"ok",FALSE,0.75,"","","0bd5d908cefeeba3331ad98011401027",75,5,70,206,0.0666666666666667,0.339805825242718
"confounded_dense_n300_t02_r0022","confounded","dense","paper_adjusted",300,1000,1.5,22,267844481,"HDMT",0.05,"ok",FALSE,0.00999999999999091,"ties should not be present for the one-sample Kolmogorov-Smirnov test","","3f271aedd115402d89c892ba9c8f0e4b",3,0,3,197,0,0.0152284263959391
"confounded_dense_n300_t02_r0022","confounded","dense","paper_adjusted",300,1000,1.5,22,267844481,"MDACT",0.05,"ok",FALSE,0.00999999999999091,"ties should not be present for the one-sample Kolmogorov-Smirnov test","","1cf32af4dd34b03b37059d76f6a7baa7",3,0,3,197,0,0.0152284263959391
"confounded_dense_n300_t02_r0022","confounded","dense","paper_adjusted",300,1000,1.5,22,267844481,"MLFDR",0.05,"ok",FALSE,0.389999999999986,"","","8ededa84a56e8c37040c94a4f203a6c1",39,0,39,197,0,0.197969543147208
"binary_dense_n300_t02_r0022","binary","dense","paper_adjusted",300,1000,1.5,22,175539945,"HDMT",0.05,"ok",FALSE,0.0100000000000193,"","","ca5ea648c16435290d591271b9118345",18,1,17,187,0.0555555555555556,0.0909090909090909
"binary_dense_n300_t02_r0022","binary","dense","paper_adjusted",300,1000,1.5,22,175539945,"MDACT",0.05,"ok",FALSE,0.00999999999999091,"","","91ece2ff53800a4dffdd039d7e223147",19,1,18,187,0.0526315789473684,0.0962566844919786
"binary_dense_n300_t02_r0022","binary","dense","paper_adjusted",300,1000,1.5,22,175539945,"MLFDR",0.05,"ok",FALSE,1.15000000000001,"","","ce3d01cd366475a364413da613c347d0",46,2,44,187,0.0434782608695652,0.235294117647059
"linear_sparse_n300_t03_r0022","linear","sparse","paper_adjusted",300,1000,1.9,22,126480798,"HDMT",0.05,"ok",FALSE,0.0199999999999818,"ties should not be present for the one-sample Kolmogorov-Smirnov test","","5df123875e84004fb68b52d8bcc9f2d7",2,0,2,12,0,0.166666666666667
"linear_sparse_n300_t03_r0022","linear","sparse","paper_adjusted",300,1000,1.9,22,126480798,"MDACT",0.05,"ok",FALSE,0,"ties should not be present for the one-sample Kolmogorov-Smirnov test","","21bca18f37a3020790c46d1549ddd792",2,0,2,12,0,0.166666666666667
"linear_sparse_n300_t03_r0022","linear","sparse","paper_adjusted",300,1000,1.9,22,126480798,"MLFDR",0.05,"ok",FALSE,0.359999999999985,"","","2878cef7208aa31b9479aa38fa615c74",2,0,2,12,0,0.166666666666667
"confounded_sparse_n300_t03_r0022","confounded","sparse","paper_adjusted",300,1000,1.9,22,212332136,"HDMT",0.05,"ok",FALSE,0.0300000000000011,"ties should not be present for the one-sample Kolmogorov-Smirnov test","","a5d3e0c77911f51f087bb11ada3fcc40",0,0,0,22,0,0
"confounded_sparse_n300_t03_r0022","confounded","sparse","paper_adjusted",300,1000,1.9,22,212332136,"MDACT",0.05,"ok",FALSE,0.00999999999999091,"ties should not be present for the one-sample Kolmogorov-Smirnov test","","8ff063f10185fc860454512e55459177",1,1,0,22,1,0
"confounded_sparse_n300_t03_r0022","confounded","sparse","paper_adjusted",300,1000,1.9,22,212332136,"MLFDR",0.05,"ok",FALSE,2.11000000000001,"","","6391ee33b6bb14d6327cf161512c8fbe",4,0,4,22,0,0.181818181818182
"binary_sparse_n300_t03_r0022","binary","sparse","paper_adjusted",300,1000,1.9,22,124289992,"HDMT",0.05,"ok",FALSE,0.0300000000000011,"","","336a4ee7b73c44d9825162eccd05347f",3,0,3,19,0,0.157894736842105
"binary_sparse_n300_t03_r0022","binary","sparse","paper_adjusted",300,1000,1.9,22,124289992,"MDACT",0.05,"ok",FALSE,0.00999999999999091,"","","d92a679c385f40ab23e5842e0c405fa9",3,0,3,19,0,0.157894736842105
"binary_sparse_n300_t03_r0022","binary","sparse","paper_adjusted",300,1000,1.9,22,124289992,"MLFDR",0.05,"ok",FALSE,0.52000000000001,"","","ecf375222012ab2c8e218a9a73c125e6",6,0,6,19,0,0.315789473684211
"linear_dense_n300_t03_r0022","linear","dense","paper_adjusted",300,1000,1.9,22,60591528,"HDMT",0.05,"ok",FALSE,0.0300000000000011,"ties should not be present for the one-sample Kolmogorov-Smirnov test","","f26eaff8f91b6f5fbf0edaa68d76f95d",37,1,36,211,0.027027027027027,0.170616113744076
"linear_dense_n300_t03_r0022","linear","dense","paper_adjusted",300,1000,1.9,22,60591528,"MDACT",0.05,"ok",FALSE,0.0199999999999818,"ties should not be present for the one-sample Kolmogorov-Smirnov test","","e598128c8487844a06324e8c2ead70bf",50,1,49,211,0.02,0.232227488151659
"linear_dense_n300_t03_r0022","linear","dense","paper_adjusted",300,1000,1.9,22,60591528,"MLFDR",0.05,"ok",FALSE,0.669999999999987,"","","78ba4de7237c0f5faeacaf172c6a98bc",123,8,115,211,0.0650406504065041,0.545023696682464
"confounded_dense_n300_t03_r0022","confounded","dense","paper_adjusted",300,1000,1.9,22,145624862,"HDMT",0.05,"ok",FALSE,0.0200000000000102,"ties should not be present for the one-sample Kolmogorov-Smirnov test","","e67a5b535943d20020b9f31867c05603",35,1,34,203,0.0285714285714286,0.167487684729064
"confounded_dense_n300_t03_r0022","confounded","dense","paper_adjusted",300,1000,1.9,22,145624862,"MDACT",0.05,"ok",FALSE,0,"ties should not be present for the one-sample Kolmogorov-Smirnov test","","a4807a173f7b027c0c2270e44da9cc91",44,2,42,203,0.0454545454545455,0.206896551724138
"confounded_dense_n300_t03_r0022","confounded","dense","paper_adjusted",300,1000,1.9,22,145624862,"MLFDR",0.05,"ok",FALSE,0.389999999999986,"","","28074c09465ec53abb24ab7a65818cc5",104,7,97,203,0.0673076923076923,0.477832512315271
"binary_dense_n300_t03_r0022","binary","dense","paper_adjusted",300,1000,1.9,22,167770384,"HDMT",0.05,"ok",FALSE,0.0200000000000102,"","","36e06fb81dbec25d4c7f00d6504851aa",37,0,37,213,0,0.173708920187793
"binary_dense_n300_t03_r0022","binary","dense","paper_adjusted",300,1000,1.9,22,167770384,"MDACT",0.05,"ok",FALSE,0,"","","5c535d86e7fb616e71109f5f34f87bef",52,1,51,213,0.0192307692307692,0.23943661971831
"binary_dense_n300_t03_r0022","binary","dense","paper_adjusted",300,1000,1.9,22,167770384,"MLFDR",0.05,"ok",FALSE,0.25,"","","bc16e3e8ebd26b885436eee13b3f777e",110,2,108,213,0.0181818181818182,0.507042253521127
"linear_sparse_n300_t01_r0023","linear","sparse","paper_adjusted",300,1000,1.3,23,210325550,"HDMT",0.05,"ok",FALSE,0.0300000000000011,"ties should not be present for the one-sample Kolmogorov-Smirnov test","","46a19e7e6629d0c6f1a888f9486e5465",0,0,0,23,0,0
"linear_sparse_n300_t01_r0023","linear","sparse","paper_adjusted",300,1000,1.3,23,210325550,"MDACT",0.05,"ok",FALSE,0.0200000000000102,"ties should not be present for the one-sample Kolmogorov-Smirnov test","","973ec6553ea0651f793106f6207dcf1d",0,0,0,23,0,0
"linear_sparse_n300_t01_r0023","linear","sparse","paper_adjusted",300,1000,1.3,23,210325550,"MLFDR",0.05,"ok",FALSE,2.54000000000002,"","","1fdb1373e6a0547eb293c339944a493f",0,0,0,23,0,0
"confounded_sparse_n300_t01_r0023","confounded","sparse","paper_adjusted",300,1000,1.3,23,238969350,"HDMT",0.05,"ok",FALSE,0.0100000000000193,"ties should not be present for the one-sample Kolmogorov-Smirnov test","","5600d572e88bfa4624c9a7c1ba99c5bf",2,1,1,19,0.5,0.0526315789473684
"confounded_sparse_n300_t01_r0023","confounded","sparse","paper_adjusted",300,1000,1.3,23,238969350,"MDACT",0.05,"ok",FALSE,0,"ties should not be present for the one-sample Kolmogorov-Smirnov test","","5a533dfeaf2796c5c0003db91dff04d9",2,1,1,19,0.5,0.0526315789473684
"confounded_sparse_n300_t01_r0023","confounded","sparse","paper_adjusted",300,1000,1.3,23,238969350,"MLFDR",0.05,"ok",FALSE,1.38,"","","554722fcc66e9991be4079a20af67ac1",4,1,3,19,0.25,0.157894736842105
"binary_sparse_n300_t01_r0023","binary","sparse","paper_adjusted",300,1000,1.3,23,229935823,"HDMT",0.05,"ok",FALSE,0.0300000000000011,"","","dc936754edee2d89376c6a1a24eda92f",0,0,0,11,0,0
"binary_sparse_n300_t01_r0023","binary","sparse","paper_adjusted",300,1000,1.3,23,229935823,"MDACT",0.05,"ok",FALSE,0.00999999999999091,"","","3fe1d8293eb034c3d11fd48c5a513ece",0,0,0,11,0,0
"binary_sparse_n300_t01_r0023","binary","sparse","paper_adjusted",300,1000,1.3,23,229935823,"MLFDR",0.05,"ok",FALSE,0.719999999999999,"","","4981fd397da00a4aa78a7519141d9c5e",0,0,0,11,0,0
"linear_dense_n300_t01_r0023","linear","dense","paper_adjusted",300,1000,1.3,23,116207249,"HDMT",0.05,"ok",FALSE,0.0300000000000011,"ties should not be present for the one-sample Kolmogorov-Smirnov test","","b083fbb51f375c1407c3a5b418f3f378",1,0,1,176,0,0.00568181818181818
"linear_dense_n300_t01_r0023","linear","dense","paper_adjusted",300,1000,1.3,23,116207249,"MDACT",0.05,"ok",FALSE,0.0200000000000102,"ties should not be present for the one-sample Kolmogorov-Smirnov test","","eb4d6fc9c6463b8dcf1d85253363c138",1,0,1,176,0,0.00568181818181818
"linear_dense_n300_t01_r0023","linear","dense","paper_adjusted",300,1000,1.3,23,116207249,"MLFDR",0.05,"ok",FALSE,0.879999999999995,"","","979d5521a3bc1e1c75ca0ee282974dab",9,1,8,176,0.111111111111111,0.0454545454545455
"confounded_dense_n300_t01_r0023","confounded","dense","paper_adjusted",300,1000,1.3,23,56481870,"HDMT",0.05,"ok",FALSE,0.0200000000000102,"ties should not be present for the one-sample Kolmogorov-Smirnov test","","4515c7317dcd6da5f3eca01ab16db440",6,0,6,186,0,0.032258064516129
"confounded_dense_n300_t01_r0023","confounded","dense","paper_adjusted",300,1000,1.3,23,56481870,"MDACT",0.05,"ok",FALSE,0,"ties should not be present for the one-sample Kolmogorov-Smirnov test","","f39b36d96160d227d6238b5a19f11693",6,0,6,186,0,0.032258064516129
"confounded_dense_n300_t01_r0023","confounded","dense","paper_adjusted",300,1000,1.3,23,56481870,"MLFDR",0.05,"ok",FALSE,1.72,"","","c7fadf840e1f7c1ee614bb7e8c6ebdf7",35,1,34,186,0.0285714285714286,0.182795698924731
"binary_dense_n300_t01_r0023","binary","dense","paper_adjusted",300,1000,1.3,23,96716131,"HDMT",0.05,"ok",FALSE,0.00999999999999091,"","","6b3b933306e689b34be0c754330d2a08",2,0,2,216,0,0.00925925925925926
"binary_dense_n300_t01_r0023","binary","dense","paper_adjusted",300,1000,1.3,23,96716131,"MDACT",0.05,"ok",FALSE,0.00999999999999091,"","","b41b776d7d5a07fa44e960884bfdfb12",6,0,6,216,0,0.0277777777777778
"binary_dense_n300_t01_r0023","binary","dense","paper_adjusted",300,1000,1.3,23,96716131,"MLFDR",0.05,"ok",FALSE,0.530000000000001,"","","90463f9c5eb7b4d6ab654fce26b93d94",43,4,39,216,0.0930232558139535,0.180555555555556
"linear_sparse_n300_t02_r0023","linear","sparse","paper_adjusted",300,1000,1.5,23,30493757,"HDMT",0.05,"ok",FALSE,0.0200000000000102,"ties should not be present for the one-sample Kolmogorov-Smirnov test","","1b0802dc6c3ccae50cdddd0161ca4b44",0,0,0,18,0,0
"linear_sparse_n300_t02_r0023","linear","sparse","paper_adjusted",300,1000,1.5,23,30493757,"MDACT",0.05,"ok",FALSE,0,"ties should not be present for the one-sample Kolmogorov-Smirnov test","","8eeabef56dc134dca3dbda189c5c6773",0,0,0,18,0,0
"linear_sparse_n300_t02_r0023","linear","sparse","paper_adjusted",300,1000,1.5,23,30493757,"MLFDR",0.05,"ok",FALSE,0.329999999999984,"","","31b6ddcd6c57a819cb798e63e4f035b0",1,0,1,18,0,0.0555555555555556
"confounded_sparse_n300_t02_r0023","confounded","sparse","paper_adjusted",300,1000,1.5,23,229842363,"HDMT",0.05,"ok",FALSE,0.0199999999999818,"ties should not be present for the one-sample Kolmogorov-Smirnov test","","1b0d0b11e8c514dfbf93823629126086",0,0,0,29,0,0
"confounded_sparse_n300_t02_r0023","confounded","sparse","paper_adjusted",300,1000,1.5,23,229842363,"MDACT",0.05,"ok",FALSE,0.0199999999999818,"ties should not be present for the one-sample Kolmogorov-Smirnov test","","f5f38f0d15fabeaf52a65170c44c0f53",1,0,1,29,0,0.0344827586206897
"confounded_sparse_n300_t02_r0023","confounded","sparse","paper_adjusted",300,1000,1.5,23,229842363,"MLFDR",0.05,"ok",FALSE,0.430000000000007,"","","dcf6abb9f77ac760822250bb34b034cb",3,0,3,29,0,0.103448275862069
"binary_sparse_n300_t02_r0023","binary","sparse","paper_adjusted",300,1000,1.5,23,162639016,"HDMT",0.05,"ok",FALSE,0.0300000000000011,"","","2b2639ed2c7698df8f9e46afe0ed1c1f",2,0,2,19,0,0.105263157894737
"binary_sparse_n300_t02_r0023","binary","sparse","paper_adjusted",300,1000,1.5,23,162639016,"MDACT",0.05,"ok",FALSE,0.0199999999999818,"","","b3aa236edcfd87db821ca74761ae02a6",2,0,2,19,0,0.105263157894737
"binary_sparse_n300_t02_r0023","binary","sparse","paper_adjusted",300,1000,1.5,23,162639016,"MLFDR",0.05,"ok",FALSE,0.5,"","","fa155aa23605fb80cc1187ef08dda927",3,0,3,19,0,0.157894736842105
"linear_dense_n300_t02_r0023","linear","dense","paper_adjusted",300,1000,1.5,23,136723903,"HDMT",0.05,"ok",FALSE,0.0200000000000102,"ties should not be present for the one-sample Kolmogorov-Smirnov test","","21bb1a9a5dd2f0dbd1d378e266dec247",4,0,4,180,0,0.0222222222222222
"linear_dense_n300_t02_r0023","linear","dense","paper_adjusted",300,1000,1.5,23,136723903,"MDACT",0.05,"ok",FALSE,0,"ties should not be present for the one-sample Kolmogorov-Smirnov test","","dcad53e8ebf3b1911989d490684f353c",4,0,4,180,0,0.0222222222222222
"linear_dense_n300_t02_r0023","linear","dense","paper_adjusted",300,1000,1.5,23,136723903,"MLFDR",0.05,"ok",FALSE,0.320000000000022,"","","5247735634a9664c35857c014af2f295",62,0,62,180,0,0.344444444444444
"confounded_dense_n300_t02_r0023","confounded","dense","paper_adjusted",300,1000,1.5,23,49727318,"HDMT",0.05,"ok",FALSE,0.0199999999999818,"ties should not be present for the one-sample Kolmogorov-Smirnov test","","74294a04aa5ee6643bbeed014e448718",11,1,10,168,0.0909090909090909,0.0595238095238095
"confounded_dense_n300_t02_r0023","confounded","dense","paper_adjusted",300,1000,1.5,23,49727318,"MDACT",0.05,"ok",FALSE,0.0199999999999818,"ties should not be present for the one-sample Kolmogorov-Smirnov test","","3b931631844e2ab6b2a534ed6e527070",16,2,14,168,0.125,0.0833333333333333
"confounded_dense_n300_t02_r0023","confounded","dense","paper_adjusted",300,1000,1.5,23,49727318,"MLFDR",0.05,"ok",FALSE,0.930000000000007,"","","d7fcea4c76dc58841008e1cd3757ec5d",31,2,29,168,0.0645161290322581,0.172619047619048
"binary_dense_n300_t02_r0023","binary","dense","paper_adjusted",300,1000,1.5,23,135801676,"HDMT",0.05,"ok",FALSE,0.0300000000000011,"","","bee8647fcfa41a9e19a6c803fdbf2ad0",12,0,12,209,0,0.0574162679425837
"binary_dense_n300_t02_r0023","binary","dense","paper_adjusted",300,1000,1.5,23,135801676,"MDACT",0.05,"ok",FALSE,0.0100000000000193,"","","8c291fc66deeb615ac89749c3622a80b",18,1,17,209,0.0555555555555556,0.0813397129186603
"binary_dense_n300_t02_r0023","binary","dense","paper_adjusted",300,1000,1.5,23,135801676,"MLFDR",0.05,"ok",FALSE,1.09,"","","53973f6f4057373cfb7349f637765ffa",67,2,65,209,0.0298507462686567,0.311004784688995
"linear_sparse_n300_t03_r0023","linear","sparse","paper_adjusted",300,1000,1.9,23,50218316,"HDMT",0.05,"ok",FALSE,0.0300000000000011,"ties should not be present for the one-sample Kolmogorov-Smirnov test","","d7e6e3069f06fac20e5b84c0771a2c27",3,1,2,24,0.333333333333333,0.0833333333333333
"linear_sparse_n300_t03_r0023","linear","sparse","paper_adjusted",300,1000,1.9,23,50218316,"MDACT",0.05,"ok",FALSE,0,"ties should not be present for the one-sample Kolmogorov-Smirnov test","","ff417f703c0565dcb64cfca37dd72459",1,0,1,24,0,0.0416666666666667
"linear_sparse_n300_t03_r0023","linear","sparse","paper_adjusted",300,1000,1.9,23,50218316,"MLFDR",0.05,"ok",FALSE,0.339999999999975,"","","541f1f15fe41ed6a3d3526cd214ae506",8,0,8,24,0,0.333333333333333
"confounded_sparse_n300_t03_r0023","confounded","sparse","paper_adjusted",300,1000,1.9,23,102059774,"HDMT",0.05,"ok",FALSE,0.0300000000000011,"ties should not be present for the one-sample Kolmogorov-Smirnov test","","09ccec43fee1ca62811f723a8590ed3b",3,0,3,14,0,0.214285714285714
"confounded_sparse_n300_t03_r0023","confounded","sparse","paper_adjusted",300,1000,1.9,23,102059774,"MDACT",0.05,"ok",FALSE,0.0200000000000102,"ties should not be present for the one-sample Kolmogorov-Smirnov test","","f3e9c964a5bca612ff8992644d9b1c6d",2,0,2,14,0,0.142857142857143
"confounded_sparse_n300_t03_r0023","confounded","sparse","paper_adjusted",300,1000,1.9,23,102059774,"MLFDR",0.05,"ok",FALSE,0.25,"","","3e15c33d0e033cb55061130dde0c824f",5,1,4,14,0.2,0.285714285714286
"binary_sparse_n300_t03_r0023","binary","sparse","paper_adjusted",300,1000,1.9,23,24889943,"HDMT",0.05,"ok",FALSE,0.0300000000000011,"","","c4525d2a768a406c9a4cfbebed5afc60",6,0,6,20,0,0.3
"binary_sparse_n300_t03_r0023","binary","sparse","paper_adjusted",300,1000,1.9,23,24889943,"MDACT",0.05,"ok",FALSE,0.00999999999999091,"","","4833676325dcc8764e59bc5cd592ab7e",6,0,6,20,0,0.3
"binary_sparse_n300_t03_r0023","binary","sparse","paper_adjusted",300,1000,1.9,23,24889943,"MLFDR",0.05,"ok",FALSE,0.22999999999999,"","","da69d0fc09542335f4a9346f30274b59",11,1,10,20,0.0909090909090909,0.5
"linear_dense_n300_t03_r0023","linear","dense","paper_adjusted",300,1000,1.9,23,57361354,"HDMT",0.05,"ok",FALSE,0.0100000000000193,"ties should not be present for the one-sample Kolmogorov-Smirnov test","","9523f77f7b58b6840251a99aff858d95",66,2,64,183,0.0303030303030303,0.349726775956284
"linear_dense_n300_t03_r0023","linear","dense","paper_adjusted",300,1000,1.9,23,57361354,"MDACT",0.05,"ok",FALSE,0,"ties should not be present for the one-sample Kolmogorov-Smirnov test","","4324af1e86abc0acd0e6df1cca2b2f14",73,4,69,183,0.0547945205479452,0.377049180327869
"linear_dense_n300_t03_r0023","linear","dense","paper_adjusted",300,1000,1.9,23,57361354,"MLFDR",0.05,"ok",FALSE,0.489999999999981,"","","f5f33b72d6f9eb4d13ead57aa726385e",119,5,114,183,0.0420168067226891,0.622950819672131
"confounded_dense_n300_t03_r0023","confounded","dense","paper_adjusted",300,1000,1.9,23,212540293,"HDMT",0.05,"ok",FALSE,0.0300000000000011,"ties should not be present for the one-sample Kolmogorov-Smirnov test","","297ff15b6a9b848cf64f827e83fa0a43",57,2,55,202,0.0350877192982456,0.272277227722772
"confounded_dense_n300_t03_r0023","confounded","dense","paper_adjusted",300,1000,1.9,23,212540293,"MDACT",0.05,"ok",FALSE,0,"ties should not be present for the one-sample Kolmogorov-Smirnov test","","da839a535e9e2029bf47c332d6c558ba",69,2,67,202,0.0289855072463768,0.331683168316832
"confounded_dense_n300_t03_r0023","confounded","dense","paper_adjusted",300,1000,1.9,23,212540293,"MLFDR",0.05,"ok",FALSE,0.369999999999976,"","","a6dc3cd13c0598e9a95830c69cf74a43",142,8,134,202,0.0563380281690141,0.663366336633663
"binary_dense_n300_t03_r0023","binary","dense","paper_adjusted",300,1000,1.9,23,200353478,"HDMT",0.05,"ok",FALSE,0.0300000000000011,"","","6eedb877975b6ffe9f00c4778e780100",68,2,66,207,0.0294117647058824,0.318840579710145
"binary_dense_n300_t03_r0023","binary","dense","paper_adjusted",300,1000,1.9,23,200353478,"MDACT",0.05,"ok",FALSE,0,"","","996e4ad771d3a563c29a55f3067e0d8e",88,3,85,207,0.0340909090909091,0.410628019323671
"binary_dense_n300_t03_r0023","binary","dense","paper_adjusted",300,1000,1.9,23,200353478,"MLFDR",0.05,"ok",FALSE,0.379999999999995,"","","e1f3a3316c6a70fda2ba491b6f794d52",146,6,140,207,0.0410958904109589,0.676328502415459
"linear_sparse_n300_t01_r0024","linear","sparse","paper_adjusted",300,1000,1.3,24,231253496,"HDMT",0.05,"ok",FALSE,0.0100000000000193,"ties should not be present for the one-sample Kolmogorov-Smirnov test","","0f6a2eac3c7fa479e776207f029186fc",1,0,1,18,0,0.0555555555555556
"linear_sparse_n300_t01_r0024","linear","sparse","paper_adjusted",300,1000,1.3,24,231253496,"MDACT",0.05,"ok",FALSE,0,"ties should not be present for the one-sample Kolmogorov-Smirnov test","","587481ae1945e1682b91134ec0b9be9b",1,0,1,18,0,0.0555555555555556
"linear_sparse_n300_t01_r0024","linear","sparse","paper_adjusted",300,1000,1.3,24,231253496,"MLFDR",0.05,"ok",FALSE,1.09,"","","1448fb6c79b14e3a2adf19f321c3bc21",2,0,2,18,0,0.111111111111111
"confounded_sparse_n300_t01_r0024","confounded","sparse","paper_adjusted",300,1000,1.3,24,95190215,"HDMT",0.05,"ok",FALSE,0.0300000000000011,"ties should not be present for the one-sample Kolmogorov-Smirnov test","","4d0f145e6dbc5ec92ab958c199f74550",1,1,0,12,1,0
"confounded_sparse_n300_t01_r0024","confounded","sparse","paper_adjusted",300,1000,1.3,24,95190215,"MDACT",0.05,"ok",FALSE,0.00999999999999091,"ties should not be present for the one-sample Kolmogorov-Smirnov test","","16c8c03f201e7f35ca69b9304dbb5b9e",1,1,0,12,1,0
"confounded_sparse_n300_t01_r0024","confounded","sparse","paper_adjusted",300,1000,1.3,24,95190215,"MLFDR",0.05,"ok",FALSE,1.22000000000003,"","","5f8137e11cd154e05cf56f62d4c774ee",0,0,0,12,0,0
"binary_sparse_n300_t01_r0024","binary","sparse","paper_adjusted",300,1000,1.3,24,127137367,"HDMT",0.05,"ok",FALSE,0.0300000000000011,"","","0955696ec6b20bc737050a12983f5ade",0,0,0,21,0,0
"binary_sparse_n300_t01_r0024","binary","sparse","paper_adjusted",300,1000,1.3,24,127137367,"MDACT",0.05,"ok",FALSE,0,"","","a94020227bc415535e2a0ab547e0bffe",0,0,0,21,0,0
"binary_sparse_n300_t01_r0024","binary","sparse","paper_adjusted",300,1000,1.3,24,127137367,"MLFDR",0.05,"ok",FALSE,0.560000000000002,"","","6be765e49b429902b683a25b3f92824b",0,0,0,21,0,0
"linear_dense_n300_t01_r0024","linear","dense","paper_adjusted",300,1000,1.3,24,42833983,"HDMT",0.05,"ok",FALSE,0.0100000000000193,"ties should not be present for the one-sample Kolmogorov-Smirnov test","","3d394902ed090971e3a4a18d43be1d21",1,0,1,182,0,0.00549450549450549
"linear_dense_n300_t01_r0024","linear","dense","paper_adjusted",300,1000,1.3,24,42833983,"MDACT",0.05,"ok",FALSE,0,"ties should not be present for the one-sample Kolmogorov-Smirnov test","","893b0c2212445c98e37e6fe3d0c65788",1,0,1,182,0,0.00549450549450549
"linear_dense_n300_t01_r0024","linear","dense","paper_adjusted",300,1000,1.3,24,42833983,"MLFDR",0.05,"ok",FALSE,1.39000000000001,"","","10b7ecc830f4a9b528de76f407d0dba7",32,1,31,182,0.03125,0.17032967032967
"confounded_dense_n300_t01_r0024","confounded","dense","paper_adjusted",300,1000,1.3,24,246417927,"HDMT",0.05,"ok",FALSE,0.0199999999999818,"ties should not be present for the one-sample Kolmogorov-Smirnov test","","06dca320950614cba90ad7072abc9092",15,2,13,202,0.133333333333333,0.0643564356435644
"confounded_dense_n300_t01_r0024","confounded","dense","paper_adjusted",300,1000,1.3,24,246417927,"MDACT",0.05,"ok",FALSE,0,"ties should not be present for the one-sample Kolmogorov-Smirnov test","","69c8bbb7efc9ae9004da3add91590088",16,2,14,202,0.125,0.0693069306930693
"confounded_dense_n300_t01_r0024","confounded","dense","paper_adjusted",300,1000,1.3,24,246417927,"MLFDR",0.05,"ok",FALSE,1.00999999999999,"","","9d6c88a22d538af4f517a1040e1c8df7",50,3,47,202,0.06,0.232673267326733
"binary_dense_n300_t01_r0024","binary","dense","paper_adjusted",300,1000,1.3,24,146843426,"HDMT",0.05,"ok",FALSE,0.0300000000000011,"","","f1715abe5f7a407d8ee50d0b3b607a52",0,0,0,222,0,0
"binary_dense_n300_t01_r0024","binary","dense","paper_adjusted",300,1000,1.3,24,146843426,"MDACT",0.05,"ok",FALSE,0.0200000000000102,"","","c4705d5b3e47b8b98838d94a8d854f49",1,0,1,222,0,0.0045045045045045
"binary_dense_n300_t01_r0024","binary","dense","paper_adjusted",300,1000,1.3,24,146843426,"MLFDR",0.05,"ok",FALSE,1.25,"","","ae03e952a5453955f018325c8473d85d",28,1,27,222,0.0357142857142857,0.121621621621622
"linear_sparse_n300_t02_r0024","linear","sparse","paper_adjusted",300,1000,1.5,24,133959996,"HDMT",0.05,"ok",FALSE,0.00999999999999091,"ties should not be present for the one-sample Kolmogorov-Smirnov test","","1a814cff02b8586d9425cddadfba655f",0,0,0,16,0,0
"linear_sparse_n300_t02_r0024","linear","sparse","paper_adjusted",300,1000,1.5,24,133959996,"MDACT",0.05,"ok",FALSE,0.00999999999999091,"ties should not be present for the one-sample Kolmogorov-Smirnov test","","c6a78550491ae662571a4345dc9c0c5e",0,0,0,16,0,0
"linear_sparse_n300_t02_r0024","linear","sparse","paper_adjusted",300,1000,1.5,24,133959996,"MLFDR",0.05,"ok",FALSE,1,"","","1b73f633bf68638cf37c2cdfeafbad55",0,0,0,16,0,0
"confounded_sparse_n300_t02_r0024","confounded","sparse","paper_adjusted",300,1000,1.5,24,108401834,"HDMT",0.05,"ok",FALSE,0.0100000000000193,"ties should not be present for the one-sample Kolmogorov-Smirnov test","","7c47d348e30c8adae9f746805927590c",0,0,0,13,0,0
"confounded_sparse_n300_t02_r0024","confounded","sparse","paper_adjusted",300,1000,1.5,24,108401834,"MDACT",0.05,"ok",FALSE,0,"ties should not be present for the one-sample Kolmogorov-Smirnov test","","cba95cb84cdda7097614cfc1397917b7",0,0,0,13,0,0
"confounded_sparse_n300_t02_r0024","confounded","sparse","paper_adjusted",300,1000,1.5,24,108401834,"MLFDR",0.05,"ok",FALSE,0.639999999999986,"","","d269a124251d592dba414d27a500e554",0,0,0,13,0,0
"binary_sparse_n300_t02_r0024","binary","sparse","paper_adjusted",300,1000,1.5,24,180732930,"HDMT",0.05,"ok",FALSE,0.0300000000000011,"","","862ce4f09c2ec87529d888da64f157bf",0,0,0,22,0,0
"binary_sparse_n300_t02_r0024","binary","sparse","paper_adjusted",300,1000,1.5,24,180732930,"MDACT",0.05,"ok",FALSE,0.0199999999999818,"","","9439839dbb798c093180894a42591dba",0,0,0,22,0,0
"binary_sparse_n300_t02_r0024","binary","sparse","paper_adjusted",300,1000,1.5,24,180732930,"MLFDR",0.05,"ok",FALSE,1.84999999999999,"","","6ce87f7c887733bb3dea4bf00f9d3c7e",0,0,0,22,0,0
"linear_dense_n300_t02_r0024","linear","dense","paper_adjusted",300,1000,1.5,24,117835107,"HDMT",0.05,"ok",FALSE,0.0300000000000011,"ties should not be present for the one-sample Kolmogorov-Smirnov test","","026785c9c526902c3b43b19b414f6398",9,0,9,192,0,0.046875
"linear_dense_n300_t02_r0024","linear","dense","paper_adjusted",300,1000,1.5,24,117835107,"MDACT",0.05,"ok",FALSE,0,"ties should not be present for the one-sample Kolmogorov-Smirnov test","","9194212bec6823d8af6808df2aa2b778",16,1,15,192,0.0625,0.078125
"linear_dense_n300_t02_r0024","linear","dense","paper_adjusted",300,1000,1.5,24,117835107,"MLFDR",0.05,"ok",FALSE,4.52000000000001,"","","a312fb312b221f7e9322e8b400e926f0",156,26,130,192,0.166666666666667,0.677083333333333
"confounded_dense_n300_t02_r0024","confounded","dense","paper_adjusted",300,1000,1.5,24,8236506,"HDMT",0.05,"ok",FALSE,0.0300000000000011,"ties should not be present for the one-sample Kolmogorov-Smirnov test","","04cb411f018d5b574bff3ac7ddeb0567",3,0,3,175,0,0.0171428571428571
"confounded_dense_n300_t02_r0024","confounded","dense","paper_adjusted",300,1000,1.5,24,8236506,"MDACT",0.05,"ok",FALSE,0,"ties should not be present for the one-sample Kolmogorov-Smirnov test","","93b2e50c14b2f2da2350ef24170d3d89",3,0,3,175,0,0.0171428571428571
"confounded_dense_n300_t02_r0024","confounded","dense","paper_adjusted",300,1000,1.5,24,8236506,"MLFDR",0.05,"ok",FALSE,0.860000000000014,"","","b08ef026ac668e06d23094d69799a196",49,2,47,175,0.0408163265306122,0.268571428571429
"binary_dense_n300_t02_r0024","binary","dense","paper_adjusted",300,1000,1.5,24,131987883,"HDMT",0.05,"ok",FALSE,0.0300000000000011,"","","17a982a8d8d33ed22a71cb1bd2624221",1,0,1,218,0,0.00458715596330275
"binary_dense_n300_t02_r0024","binary","dense","paper_adjusted",300,1000,1.5,24,131987883,"MDACT",0.05,"ok",FALSE,0.0200000000000102,"","","7acab4a844954be1a73d809c425c7c5f",1,0,1,218,0,0.00458715596330275
"binary_dense_n300_t02_r0024","binary","dense","paper_adjusted",300,1000,1.5,24,131987883,"MLFDR",0.05,"ok",FALSE,0.419999999999987,"","","8b56037fc1d0af5a67917f204cf32a47",52,3,49,218,0.0576923076923077,0.224770642201835
"linear_sparse_n300_t03_r0024","linear","sparse","paper_adjusted",300,1000,1.9,24,214409751,"HDMT",0.05,"ok",FALSE,0.0300000000000011,"ties should not be present for the one-sample Kolmogorov-Smirnov test","","b2b9d09bcb8592203ef931cfd74e66db",12,1,11,22,0.0833333333333333,0.5
"linear_sparse_n300_t03_r0024","linear","sparse","paper_adjusted",300,1000,1.9,24,214409751,"MDACT",0.05,"ok",FALSE,0,"ties should not be present for the one-sample Kolmogorov-Smirnov test","","19a3f1b3d5fa068721bc03936975d51c",1,0,1,22,0,0.0454545454545455
"linear_sparse_n300_t03_r0024","linear","sparse","paper_adjusted",300,1000,1.9,24,214409751,"MLFDR",0.05,"ok",FALSE,1,"","","86d53efe5d1518d4244f3d17eee341aa",10,0,10,22,0,0.454545454545455
"confounded_sparse_n300_t03_r0024","confounded","sparse","paper_adjusted",300,1000,1.9,24,248513826,"HDMT",0.05,"ok",FALSE,0.0100000000000193,"ties should not be present for the one-sample Kolmogorov-Smirnov test","","ef41da33b5d565556920edf0938443c9",2,0,2,20,0,0.1
"confounded_sparse_n300_t03_r0024","confounded","sparse","paper_adjusted",300,1000,1.9,24,248513826,"MDACT",0.05,"ok",FALSE,0.0100000000000193,"ties should not be present for the one-sample Kolmogorov-Smirnov test","","bc6d0b18b81d52bcee571c24aad90a17",1,0,1,20,0,0.05
"confounded_sparse_n300_t03_r0024","confounded","sparse","paper_adjusted",300,1000,1.9,24,248513826,"MLFDR",0.05,"ok",FALSE,0.719999999999999,"","","9f29a6b03700f88dbb1dabf2142d2ff5",5,0,5,20,0,0.25
"binary_sparse_n300_t03_r0024","binary","sparse","paper_adjusted",300,1000,1.9,24,72259113,"HDMT",0.05,"ok",FALSE,0.0300000000000011,"","","2d64ade72a1c034547fb0253a5c5155a",0,0,0,24,0,0
"binary_sparse_n300_t03_r0024","binary","sparse","paper_adjusted",300,1000,1.9,24,72259113,"MDACT",0.05,"ok",FALSE,0,"","","e32f563003621539e8dd451842c2495b",1,0,1,24,0,0.0416666666666667
"binary_sparse_n300_t03_r0024","binary","sparse","paper_adjusted",300,1000,1.9,24,72259113,"MLFDR",0.05,"ok",FALSE,0.560000000000002,"","","181da8d120f045bb6008ffac7ceee0ad",0,0,0,24,0,0
"linear_dense_n300_t03_r0024","linear","dense","paper_adjusted",300,1000,1.9,24,111362762,"HDMT",0.05,"ok",FALSE,0.0199999999999818,"ties should not be present for the one-sample Kolmogorov-Smirnov test","","9242e4de753aed382115e489815b7942",97,3,94,218,0.0309278350515464,0.431192660550459
"linear_dense_n300_t03_r0024","linear","dense","paper_adjusted",300,1000,1.9,24,111362762,"MDACT",0.05,"ok",FALSE,0,"ties should not be present for the one-sample Kolmogorov-Smirnov test","","38e99a63a9ea041d0db71d68096b9bdf",104,5,99,218,0.0480769230769231,0.454128440366972
"linear_dense_n300_t03_r0024","linear","dense","paper_adjusted",300,1000,1.9,24,111362762,"MLFDR",0.05,"ok",FALSE,0.340000000000003,"","","32453ee67a1e2c6b0ee17a5a1b71fd2c",150,11,139,218,0.0733333333333333,0.637614678899083
"confounded_dense_n300_t03_r0024","confounded","dense","paper_adjusted",300,1000,1.9,24,131184837,"HDMT",0.05,"ok",FALSE,0.0300000000000011,"ties should not be present for the one-sample Kolmogorov-Smirnov test","","2e6913538ec40d7dc2096cf9582c8394",39,0,39,204,0,0.191176470588235
"confounded_dense_n300_t03_r0024","confounded","dense","paper_adjusted",300,1000,1.9,24,131184837,"MDACT",0.05,"ok",FALSE,0.0100000000000193,"ties should not be present for the one-sample Kolmogorov-Smirnov test","","3eda832fa31c4e4b20e08aea99d5a333",51,2,49,204,0.0392156862745098,0.240196078431373
"confounded_dense_n300_t03_r0024","confounded","dense","paper_adjusted",300,1000,1.9,24,131184837,"MLFDR",0.05,"ok",FALSE,0.449999999999989,"","","571d1943c105ed5b45d72805bc429a73",104,9,95,204,0.0865384615384615,0.465686274509804
"binary_dense_n300_t03_r0024","binary","dense","paper_adjusted",300,1000,1.9,24,145184666,"HDMT",0.05,"ok",FALSE,0.0200000000000102,"","","4e524c03539813e7d972684edca85e66",88,5,83,209,0.0568181818181818,0.397129186602871
"binary_dense_n300_t03_r0024","binary","dense","paper_adjusted",300,1000,1.9,24,145184666,"MDACT",0.05,"ok",FALSE,0.0200000000000102,"","","010a68120d5ad038a57de334d3c19c3a",103,5,98,209,0.0485436893203883,0.4688995215311
"binary_dense_n300_t03_r0024","binary","dense","paper_adjusted",300,1000,1.9,24,145184666,"MLFDR",0.05,"ok",FALSE,0.360000000000014,"","","4dc2f7b7db1fe18bc359a293f2ae7a92",159,7,152,209,0.0440251572327044,0.727272727272727
"linear_sparse_n300_t01_r0025","linear","sparse","paper_adjusted",300,1000,1.3,25,82530654,"HDMT",0.05,"ok",FALSE,0.0100000000000193,"ties should not be present for the one-sample Kolmogorov-Smirnov test","","bdb00338a1deabcc83a8fa8ec0cc09a1",3,0,3,28,0,0.107142857142857
"linear_sparse_n300_t01_r0025","linear","sparse","paper_adjusted",300,1000,1.3,25,82530654,"MDACT",0.05,"ok",FALSE,0.0200000000000102,"ties should not be present for the one-sample Kolmogorov-Smirnov test","","496fdbcccee77d12b2095f4dbc7801cf",1,0,1,28,0,0.0357142857142857
"linear_sparse_n300_t01_r0025","linear","sparse","paper_adjusted",300,1000,1.3,25,82530654,"MLFDR",0.05,"ok",FALSE,0.580000000000013,"","","72bc84459eb9e27aeb82a0ae6e66e63f",2,0,2,28,0,0.0714285714285714
"confounded_sparse_n300_t01_r0025","confounded","sparse","paper_adjusted",300,1000,1.3,25,165650772,"HDMT",0.05,"ok",FALSE,0.0300000000000011,"ties should not be present for the one-sample Kolmogorov-Smirnov test","","b248ffc165d3c80c2af1cc6e58aec412",0,0,0,18,0,0
"confounded_sparse_n300_t01_r0025","confounded","sparse","paper_adjusted",300,1000,1.3,25,165650772,"MDACT",0.05,"ok",FALSE,0,"ties should not be present for the one-sample Kolmogorov-Smirnov test","","a170bd275ee6f165d45ded76c6b5a277",1,0,1,18,0,0.0555555555555556
"confounded_sparse_n300_t01_r0025","confounded","sparse","paper_adjusted",300,1000,1.3,25,165650772,"MLFDR",0.05,"ok",FALSE,3.38999999999999,"","","efc7352d4402500de848e627735319a8",4,1,3,18,0.25,0.166666666666667
"binary_sparse_n300_t01_r0025","binary","sparse","paper_adjusted",300,1000,1.3,25,115847315,"HDMT",0.05,"ok",FALSE,0.0200000000000102,"","","6abc62d4bbc4424025ff6b5891c2f5d2",0,0,0,14,0,0
"binary_sparse_n300_t01_r0025","binary","sparse","paper_adjusted",300,1000,1.3,25,115847315,"MDACT",0.05,"ok",FALSE,0,"","","a26aaf5b8f4109017c09231ae0f69711",0,0,0,14,0,0
"binary_sparse_n300_t01_r0025","binary","sparse","paper_adjusted",300,1000,1.3,25,115847315,"MLFDR",0.05,"ok",FALSE,0.969999999999999,"","","31b995abead430e791566b40024fcaaa",0,0,0,14,0,0
"linear_dense_n300_t01_r0025","linear","dense","paper_adjusted",300,1000,1.3,25,253253423,"HDMT",0.05,"ok",FALSE,0.0100000000000193,"ties should not be present for the one-sample Kolmogorov-Smirnov test","","e86208374146baa7ce8a8ecfd0bcaf41",0,0,0,204,0,0
"linear_dense_n300_t01_r0025","linear","dense","paper_adjusted",300,1000,1.3,25,253253423,"MDACT",0.05,"ok",FALSE,0.0200000000000102,"ties should not be present for the one-sample Kolmogorov-Smirnov test","","f3b20bd84de036cdb6fb2ef6af2d6256",0,0,0,204,0,0
"linear_dense_n300_t01_r0025","linear","dense","paper_adjusted",300,1000,1.3,25,253253423,"MLFDR",0.05,"ok",FALSE,0.950000000000017,"","","a80ca47c4fa06a9aaea60cd3f009d281",4,0,4,204,0,0.0196078431372549
"confounded_dense_n300_t01_r0025","confounded","dense","paper_adjusted",300,1000,1.3,25,208012999,"HDMT",0.05,"ok",FALSE,0.00999999999999091,"ties should not be present for the one-sample Kolmogorov-Smirnov test","","8c328b3c13f20a3a2cab8b6a1e3a25e8",6,0,6,176,0,0.0340909090909091
"confounded_dense_n300_t01_r0025","confounded","dense","paper_adjusted",300,1000,1.3,25,208012999,"MDACT",0.05,"ok",FALSE,0,"ties should not be present for the one-sample Kolmogorov-Smirnov test","","2496f586418c7c0fb137d2118664cb99",6,0,6,176,0,0.0340909090909091
"confounded_dense_n300_t01_r0025","confounded","dense","paper_adjusted",300,1000,1.3,25,208012999,"MLFDR",0.05,"ok",FALSE,1.68000000000001,"","","297c5ddf0e5b506d01198845a72e0aae",39,2,37,176,0.0512820512820513,0.210227272727273
"binary_dense_n300_t01_r0025","binary","dense","paper_adjusted",300,1000,1.3,25,43257873,"HDMT",0.05,"ok",FALSE,0.0300000000000011,"","","c41c1709625977fd399c007e58c23389",8,0,8,209,0,0.0382775119617225
"binary_dense_n300_t01_r0025","binary","dense","paper_adjusted",300,1000,1.3,25,43257873,"MDACT",0.05,"ok",FALSE,0,"","","644954283beaa2abe30f69225304b5d0",9,0,9,209,0,0.0430622009569378
"binary_dense_n300_t01_r0025","binary","dense","paper_adjusted",300,1000,1.3,25,43257873,"MLFDR",0.05,"ok",FALSE,2.13999999999999,"","","eb38ddacded198389df82ecfc4dab4a5",60,6,54,209,0.1,0.258373205741627
"linear_sparse_n300_t02_r0025","linear","sparse","paper_adjusted",300,1000,1.5,25,161232945,"HDMT",0.05,"ok",FALSE,0.0300000000000011,"ties should not be present for the one-sample Kolmogorov-Smirnov test","","4e5e55aac7b5527befbf9fb956b49437",0,0,0,19,0,0
"linear_sparse_n300_t02_r0025","linear","sparse","paper_adjusted",300,1000,1.5,25,161232945,"MDACT",0.05,"ok",FALSE,0.0200000000000102,"ties should not be present for the one-sample Kolmogorov-Smirnov test","","0737906ef84867f580eef6e611d2aa95",0,0,0,19,0,0
"linear_sparse_n300_t02_r0025","linear","sparse","paper_adjusted",300,1000,1.5,25,161232945,"MLFDR",0.05,"ok",FALSE,1.70000000000002,"","","3c8f609a61fdc7f6d3f8d8cbff37618d",0,0,0,19,0,0
"confounded_sparse_n300_t02_r0025","confounded","sparse","paper_adjusted",300,1000,1.5,25,134555910,"HDMT",0.05,"ok",FALSE,0.0199999999999818,"ties should not be present for the one-sample Kolmogorov-Smirnov test","","b1cf6649929d643240a22d2d3d654ac2",0,0,0,14,0,0
"confounded_sparse_n300_t02_r0025","confounded","sparse","paper_adjusted",300,1000,1.5,25,134555910,"MDACT",0.05,"ok",FALSE,0.00999999999999091,"ties should not be present for the one-sample Kolmogorov-Smirnov test","","b5afba16f763611174cde3f17641e504",1,0,1,14,0,0.0714285714285714
"confounded_sparse_n300_t02_r0025","confounded","sparse","paper_adjusted",300,1000,1.5,25,134555910,"MLFDR",0.05,"ok",FALSE,0.5,"","","c439700241783831e9bcdf9741473cdb",1,0,1,14,0,0.0714285714285714
"binary_sparse_n300_t02_r0025","binary","sparse","paper_adjusted",300,1000,1.5,25,175648367,"HDMT",0.05,"ok",FALSE,0.00999999999999091,"","","8a1d789818d529f248d0d9787a76d6ff",1,0,1,27,0,0.037037037037037
"binary_sparse_n300_t02_r0025","binary","sparse","paper_adjusted",300,1000,1.5,25,175648367,"MDACT",0.05,"ok",FALSE,0.0200000000000102,"","","3e93256e48e82cc401258485210ac519",7,1,6,27,0.142857142857143,0.222222222222222
"binary_sparse_n300_t02_r0025","binary","sparse","paper_adjusted",300,1000,1.5,25,175648367,"MLFDR",0.05,"ok",FALSE,0.810000000000002,"","","e38f9d0ad82e4476a88893133acbf9fd",3,0,3,27,0,0.111111111111111
"linear_dense_n300_t02_r0025","linear","dense","paper_adjusted",300,1000,1.5,25,56387926,"HDMT",0.05,"ok",FALSE,0.0400000000000205,"ties should not be present for the one-sample Kolmogorov-Smirnov test","","8197a5cbc6816d7b835ac0e56020f83d",2,0,2,182,0,0.010989010989011
"linear_dense_n300_t02_r0025","linear","dense","paper_adjusted",300,1000,1.5,25,56387926,"MDACT",0.05,"ok",FALSE,0.0199999999999818,"ties should not be present for the one-sample Kolmogorov-Smirnov test","","4070d666778067d5488021d2095c5d30",2,0,2,182,0,0.010989010989011
"linear_dense_n300_t02_r0025","linear","dense","paper_adjusted",300,1000,1.5,25,56387926,"MLFDR",0.05,"ok",FALSE,0.639999999999986,"","","af4f9a573d5926d758f9c60a8d957d9a",20,0,20,182,0,0.10989010989011
"confounded_dense_n300_t02_r0025","confounded","dense","paper_adjusted",300,1000,1.5,25,211493224,"HDMT",0.05,"ok",FALSE,0.0200000000000102,"ties should not be present for the one-sample Kolmogorov-Smirnov test","","f13eb2e57ffdcb3d3cdbf5173a47c8bf",8,1,7,188,0.125,0.0372340425531915
"confounded_dense_n300_t02_r0025","confounded","dense","paper_adjusted",300,1000,1.5,25,211493224,"MDACT",0.05,"ok",FALSE,0,"ties should not be present for the one-sample Kolmogorov-Smirnov test","","dd6ca0eb9924d219c6911a28d63d72bc",11,1,10,188,0.0909090909090909,0.0531914893617021
"confounded_dense_n300_t02_r0025","confounded","dense","paper_adjusted",300,1000,1.5,25,211493224,"MLFDR",0.05,"ok",FALSE,0.389999999999986,"","","5c83efda4b73ba181d1b067479e2fef9",36,2,34,188,0.0555555555555556,0.180851063829787
"binary_dense_n300_t02_r0025","binary","dense","paper_adjusted",300,1000,1.5,25,226120312,"HDMT",0.05,"ok",FALSE,0.0300000000000011,"","","c976b7fec459b2508f606fae47bce0e6",24,1,23,195,0.0416666666666667,0.117948717948718
"binary_dense_n300_t02_r0025","binary","dense","paper_adjusted",300,1000,1.5,25,226120312,"MDACT",0.05,"ok",FALSE,0.0100000000000193,"","","32b0f7d6553b36d5a391cfd36a9b71d2",27,1,26,195,0.037037037037037,0.133333333333333
"binary_dense_n300_t02_r0025","binary","dense","paper_adjusted",300,1000,1.5,25,226120312,"MLFDR",0.05,"ok",FALSE,0.550000000000011,"","","76a5a1d776b614a5b1914d45127e5d4f",81,6,75,195,0.0740740740740741,0.384615384615385
"linear_sparse_n300_t03_r0025","linear","sparse","paper_adjusted",300,1000,1.9,25,173199521,"HDMT",0.05,"ok",FALSE,0.0100000000000193,"ties should not be present for the one-sample Kolmogorov-Smirnov test","","6d9743f5ade1da13fad457e1cbb34682",11,0,11,26,0,0.423076923076923
"linear_sparse_n300_t03_r0025","linear","sparse","paper_adjusted",300,1000,1.9,25,173199521,"MDACT",0.05,"ok",FALSE,0,"ties should not be present for the one-sample Kolmogorov-Smirnov test","","cdf5174439bdf2a3ba235c1f67b980d0",9,0,9,26,0,0.346153846153846
"linear_sparse_n300_t03_r0025","linear","sparse","paper_adjusted",300,1000,1.9,25,173199521,"MLFDR",0.05,"ok",FALSE,0.25,"","","ff8cf8325aee97bfd875a99e458411ae",17,1,16,26,0.0588235294117647,0.615384615384615
"confounded_sparse_n300_t03_r0025","confounded","sparse","paper_adjusted",300,1000,1.9,25,219851515,"HDMT",0.05,"ok",FALSE,0.0400000000000205,"ties should not be present for the one-sample Kolmogorov-Smirnov test","","a1f16598803787d7bd2050b6011bfb20",0,0,0,14,0,0
"confounded_sparse_n300_t03_r0025","confounded","sparse","paper_adjusted",300,1000,1.9,25,219851515,"MDACT",0.05,"ok",FALSE,0,"ties should not be present for the one-sample Kolmogorov-Smirnov test","","4a70a1cb74b427a680578194f5f85b53",0,0,0,14,0,0
"confounded_sparse_n300_t03_r0025","confounded","sparse","paper_adjusted",300,1000,1.9,25,219851515,"MLFDR",0.05,"ok",FALSE,1.10999999999999,"","","5bebd847c13ef5a401a95686d297530c",0,0,0,14,0,0
"binary_sparse_n300_t03_r0025","binary","sparse","paper_adjusted",300,1000,1.9,25,259213523,"HDMT",0.05,"ok",FALSE,0.0300000000000011,"","","f3a1052cb50c68fb2e735bc9116c762a",3,0,3,19,0,0.157894736842105
"binary_sparse_n300_t03_r0025","binary","sparse","paper_adjusted",300,1000,1.9,25,259213523,"MDACT",0.05,"ok",FALSE,0.0200000000000102,"","","c8a315be915a145880f4a8a655289d59",3,0,3,19,0,0.157894736842105
"binary_sparse_n300_t03_r0025","binary","sparse","paper_adjusted",300,1000,1.9,25,259213523,"MLFDR",0.05,"ok",FALSE,0.539999999999992,"","","5499255061d31d8c5b665d3396d667b0",5,0,5,19,0,0.263157894736842
"linear_dense_n300_t03_r0025","linear","dense","paper_adjusted",300,1000,1.9,25,120093459,"HDMT",0.05,"ok",FALSE,0.0200000000000102,"ties should not be present for the one-sample Kolmogorov-Smirnov test","","e960ff8a2b59f3650bd0fd4f8b8a66ee",10,0,10,165,0,0.0606060606060606
"linear_dense_n300_t03_r0025","linear","dense","paper_adjusted",300,1000,1.9,25,120093459,"MDACT",0.05,"ok",FALSE,0,"ties should not be present for the one-sample Kolmogorov-Smirnov test","","4d5c2b7f141b39089527a7e3d9334bc6",11,0,11,165,0,0.0666666666666667
"linear_dense_n300_t03_r0025","linear","dense","paper_adjusted",300,1000,1.9,25,120093459,"MLFDR",0.05,"ok",FALSE,0.570000000000022,"","","15b70c8f15e8905b5489eb3badc29943",47,2,45,165,0.0425531914893617,0.272727272727273
"confounded_dense_n300_t03_r0025","confounded","dense","paper_adjusted",300,1000,1.9,25,139892691,"HDMT",0.05,"ok",FALSE,0.0300000000000011,"ties should not be present for the one-sample Kolmogorov-Smirnov test","","b4d1f6d068870a4d103a40a59a3b1b41",25,0,25,205,0,0.121951219512195
"confounded_dense_n300_t03_r0025","confounded","dense","paper_adjusted",300,1000,1.9,25,139892691,"MDACT",0.05,"ok",FALSE,0,"ties should not be present for the one-sample Kolmogorov-Smirnov test","","ad10bc40707b0e1f02e7b785132831fb",38,1,37,205,0.0263157894736842,0.180487804878049
"confounded_dense_n300_t03_r0025","confounded","dense","paper_adjusted",300,1000,1.9,25,139892691,"MLFDR",0.05,"ok",FALSE,0.590000000000003,"","","3a97a14301fb61840d8067051e25e74b",110,7,103,205,0.0636363636363636,0.502439024390244
"binary_dense_n300_t03_r0025","binary","dense","paper_adjusted",300,1000,1.9,25,212275984,"HDMT",0.05,"ok",FALSE,0.0200000000000102,"","","51f9948b06f6a86d2eddb5a4a3561008",40,3,37,227,0.075,0.162995594713656
"binary_dense_n300_t03_r0025","binary","dense","paper_adjusted",300,1000,1.9,25,212275984,"MDACT",0.05,"ok",FALSE,0.0200000000000102,"","","5c0fb6d58ac76c64186be141d9e22072",49,4,45,227,0.0816326530612245,0.198237885462555
"binary_dense_n300_t03_r0025","binary","dense","paper_adjusted",300,1000,1.9,25,212275984,"MLFDR",0.05,"ok",FALSE,0.25,"","","a7c3d1cc584e3be6e7478c389802b942",112,6,106,227,0.0535714285714286,0.466960352422908
"linear_sparse_n300_t01_r0026","linear","sparse","paper_adjusted",300,1000,1.3,26,73507511,"HDMT",0.05,"ok",FALSE,0.0299999999999727,"ties should not be present for the one-sample Kolmogorov-Smirnov test","","49186b54fe11dccdd6f533d07f009726",0,0,0,15,0,0
"linear_sparse_n300_t01_r0026","linear","sparse","paper_adjusted",300,1000,1.3,26,73507511,"MDACT",0.05,"ok",FALSE,0,"ties should not be present for the one-sample Kolmogorov-Smirnov test","","c75ba4111fc23675d055fda5000d7ce1",0,0,0,15,0,0
"linear_sparse_n300_t01_r0026","linear","sparse","paper_adjusted",300,1000,1.3,26,73507511,"MLFDR",0.05,"ok",FALSE,1.37,"","","41d869ae68a6fb60fe8e6746f533aed9",0,0,0,15,0,0
"confounded_sparse_n300_t01_r0026","confounded","sparse","paper_adjusted",300,1000,1.3,26,196133483,"HDMT",0.05,"ok",FALSE,0.0300000000000011,"ties should not be present for the one-sample Kolmogorov-Smirnov test","","ca5f237da4c816144acabba40a6a2e3e",0,0,0,29,0,0
"confounded_sparse_n300_t01_r0026","confounded","sparse","paper_adjusted",300,1000,1.3,26,196133483,"MDACT",0.05,"ok",FALSE,0.0200000000000102,"ties should not be present for the one-sample Kolmogorov-Smirnov test","","2f45c88ce5a373a273e557a766b0a819",0,0,0,29,0,0
"confounded_sparse_n300_t01_r0026","confounded","sparse","paper_adjusted",300,1000,1.3,26,196133483,"MLFDR",0.05,"ok",FALSE,1.49000000000001,"","","fc067b38c24e7fd3ba927aa1697bef54",1,0,1,29,0,0.0344827586206897
"binary_sparse_n300_t01_r0026","binary","sparse","paper_adjusted",300,1000,1.3,26,251703798,"HDMT",0.05,"ok",FALSE,0.0199999999999818,"","","8af1f475066b5b3db3d3f03847f5e006",0,0,0,23,0,0
"binary_sparse_n300_t01_r0026","binary","sparse","paper_adjusted",300,1000,1.3,26,251703798,"MDACT",0.05,"ok",FALSE,0,"","","02a7f353aec83b20dbcbb99995fd31d3",0,0,0,23,0,0
"binary_sparse_n300_t01_r0026","binary","sparse","paper_adjusted",300,1000,1.3,26,251703798,"MLFDR",0.05,"ok",FALSE,1.47,"","","de85d4f5cbf9b9e8a2ed37561d8a914a",0,0,0,23,0,0
"linear_dense_n300_t01_r0026","linear","dense","paper_adjusted",300,1000,1.3,26,49091116,"HDMT",0.05,"ok",FALSE,0.0200000000000102,"ties should not be present for the one-sample Kolmogorov-Smirnov test","","8bd8478f8c3337a18395a1c168b0f88d",5,0,5,199,0,0.0251256281407035
"linear_dense_n300_t01_r0026","linear","dense","paper_adjusted",300,1000,1.3,26,49091116,"MDACT",0.05,"ok",FALSE,0.00999999999999091,"ties should not be present for the one-sample Kolmogorov-Smirnov test","","da443a93936d95e0c9c46aa63ff97a14",7,0,7,199,0,0.0351758793969849
"linear_dense_n300_t01_r0026","linear","dense","paper_adjusted",300,1000,1.3,26,49091116,"MLFDR",0.05,"ok",FALSE,0.5,"","","0bb15a42b69a0a2f93334be7fee9f2db",26,2,24,199,0.0769230769230769,0.120603015075377
"confounded_dense_n300_t01_r0026","confounded","dense","paper_adjusted",300,1000,1.3,26,136163291,"HDMT",0.05,"ok",FALSE,0.0300000000000011,"ties should not be present for the one-sample Kolmogorov-Smirnov test","","d391301a7bdcd1432ccfbdaeda35f485",3,0,3,208,0,0.0144230769230769
"confounded_dense_n300_t01_r0026","confounded","dense","paper_adjusted",300,1000,1.3,26,136163291,"MDACT",0.05,"ok",FALSE,0.00999999999999091,"ties should not be present for the one-sample Kolmogorov-Smirnov test","","a5435b84ec8018d52787776b5edebfc5",3,0,3,208,0,0.0144230769230769
"confounded_dense_n300_t01_r0026","confounded","dense","paper_adjusted",300,1000,1.3,26,136163291,"MLFDR",0.05,"ok",FALSE,0.620000000000005,"","","d933c83ae4e849ea9bd29b9fabf53bb4",37,0,37,208,0,0.177884615384615
"binary_dense_n300_t01_r0026","binary","dense","paper_adjusted",300,1000,1.3,26,96878,"HDMT",0.05,"ok",FALSE,0.0300000000000011,"","","71e8f793c74a6ce93acc3e857615ae0c",3,0,3,184,0,0.016304347826087
"binary_dense_n300_t01_r0026","binary","dense","paper_adjusted",300,1000,1.3,26,96878,"MDACT",0.05,"ok",FALSE,0.00999999999999091,"","","a420ab95b45baa4b7df19f3856e8a761",3,0,3,184,0,0.016304347826087
"binary_dense_n300_t01_r0026","binary","dense","paper_adjusted",300,1000,1.3,26,96878,"MLFDR",0.05,"ok",FALSE,0.400000000000006,"","","4232514b5a71cb7e430dfea69e8ebf63",35,4,31,184,0.114285714285714,0.168478260869565
"linear_sparse_n300_t02_r0026","linear","sparse","paper_adjusted",300,1000,1.5,26,123386673,"HDMT",0.05,"ok",FALSE,0.0200000000000387,"ties should not be present for the one-sample Kolmogorov-Smirnov test","","b5adfc4ef5b5b964b185e5de5617d66d",0,0,0,16,0,0
"linear_sparse_n300_t02_r0026","linear","sparse","paper_adjusted",300,1000,1.5,26,123386673,"MDACT",0.05,"ok",FALSE,0,"ties should not be present for the one-sample Kolmogorov-Smirnov test","","1516f3b396ba645d566c8c3a3912ecb9",0,0,0,16,0,0
"linear_sparse_n300_t02_r0026","linear","sparse","paper_adjusted",300,1000,1.5,26,123386673,"MLFDR",0.05,"ok",FALSE,0.370000000000005,"","","6ecb015d9f109b17bdfaae34778135d0",0,0,0,16,0,0
"confounded_sparse_n300_t02_r0026","confounded","sparse","paper_adjusted",300,1000,1.5,26,172458150,"HDMT",0.05,"ok",FALSE,0.0199999999999818,"ties should not be present for the one-sample Kolmogorov-Smirnov test","","b929741b33b2b59a2a0b02f551483158",0,0,0,15,0,0
"confounded_sparse_n300_t02_r0026","confounded","sparse","paper_adjusted",300,1000,1.5,26,172458150,"MDACT",0.05,"ok",FALSE,0,"ties should not be present for the one-sample Kolmogorov-Smirnov test","","ea9048f7639244707ae05ecc54788228",0,0,0,15,0,0
"confounded_sparse_n300_t02_r0026","confounded","sparse","paper_adjusted",300,1000,1.5,26,172458150,"MLFDR",0.05,"ok",FALSE,0.439999999999998,"","","848d667d67169e48cf8cc501acb835a8",0,0,0,15,0,0
"binary_sparse_n300_t02_r0026","binary","sparse","paper_adjusted",300,1000,1.5,26,101722923,"HDMT",0.05,"ok",FALSE,0.0200000000000387,"","","fa8d79a11cc980b10fa0f1f47e70068c",0,0,0,27,0,0
"binary_sparse_n300_t02_r0026","binary","sparse","paper_adjusted",300,1000,1.5,26,101722923,"MDACT",0.05,"ok",FALSE,0,"","","b71a271df4b9de46bcc58d833742626a",0,0,0,27,0,0
"binary_sparse_n300_t02_r0026","binary","sparse","paper_adjusted",300,1000,1.5,26,101722923,"MLFDR",0.05,"ok",FALSE,0.400000000000034,"","","7b5c55a9b97fc2782edce77770ebc599",4,0,4,27,0,0.148148148148148
"linear_dense_n300_t02_r0026","linear","dense","paper_adjusted",300,1000,1.5,26,255969987,"HDMT",0.05,"ok",FALSE,0.0200000000000387,"ties should not be present for the one-sample Kolmogorov-Smirnov test","","3c90529286aad3252ece66e8e3866c93",2,0,2,189,0,0.0105820105820106
"linear_dense_n300_t02_r0026","linear","dense","paper_adjusted",300,1000,1.5,26,255969987,"MDACT",0.05,"ok",FALSE,0,"ties should not be present for the one-sample Kolmogorov-Smirnov test","","201a2a7d2c8a2a86c3042d1dd975e69e",2,0,2,189,0,0.0105820105820106
"linear_dense_n300_t02_r0026","linear","dense","paper_adjusted",300,1000,1.5,26,255969987,"MLFDR",0.05,"ok",FALSE,0.489999999999952,"","","ba329c6278f8369a9b856c33f8bba5f1",24,2,22,189,0.0833333333333333,0.116402116402116
"confounded_dense_n300_t02_r0026","confounded","dense","paper_adjusted",300,1000,1.5,26,11398045,"HDMT",0.05,"ok",FALSE,0.00999999999999091,"ties should not be present for the one-sample Kolmogorov-Smirnov test","","10551dc13cf1e40f98e1a87d9638468d",15,0,15,213,0,0.0704225352112676
"confounded_dense_n300_t02_r0026","confounded","dense","paper_adjusted",300,1000,1.5,26,11398045,"MDACT",0.05,"ok",FALSE,0.00999999999999091,"ties should not be present for the one-sample Kolmogorov-Smirnov test","","d85a32256c41f178a4e88395785525a3",25,0,25,213,0,0.117370892018779
"confounded_dense_n300_t02_r0026","confounded","dense","paper_adjusted",300,1000,1.5,26,11398045,"MLFDR",0.05,"ok",FALSE,1.32999999999998,"","","32de58cb6f67b013267f42981673a8bc",67,3,64,213,0.0447761194029851,0.300469483568075
"binary_dense_n300_t02_r0026","binary","dense","paper_adjusted",300,1000,1.5,26,77793717,"HDMT",0.05,"ok",FALSE,0.00999999999999091,"","","145328d9a2807eb927f8426cd0bdbc11",2,0,2,213,0,0.00938967136150235
"binary_dense_n300_t02_r0026","binary","dense","paper_adjusted",300,1000,1.5,26,77793717,"MDACT",0.05,"ok",FALSE,0,"","","a865523b49d810c26153fa22ae9fe8b6",2,0,2,213,0,0.00938967136150235
"binary_dense_n300_t02_r0026","binary","dense","paper_adjusted",300,1000,1.5,26,77793717,"MLFDR",0.05,"ok",FALSE,1.31,"","","22e92b1d43a532292e1be10f46a3fb89",67,0,67,213,0,0.314553990610329
"linear_sparse_n300_t03_r0026","linear","sparse","paper_adjusted",300,1000,1.9,26,4117477,"HDMT",0.05,"ok",FALSE,0.0300000000000296,"ties should not be present for the one-sample Kolmogorov-Smirnov test","","d87c079286fcc65b4ef340e3b1379b6e",3,0,3,19,0,0.157894736842105
"linear_sparse_n300_t03_r0026","linear","sparse","paper_adjusted",300,1000,1.9,26,4117477,"MDACT",0.05,"ok",FALSE,0.0199999999999818,"ties should not be present for the one-sample Kolmogorov-Smirnov test","","d2182a2d2c0b8e79b66b9bab16f3282f",7,0,7,19,0,0.368421052631579
"linear_sparse_n300_t03_r0026","linear","sparse","paper_adjusted",300,1000,1.9,26,4117477,"MLFDR",0.05,"ok",FALSE,0.319999999999993,"","","4ec50078eafd2f8efb2195a79c57d969",12,1,11,19,0.0833333333333333,0.578947368421053
"confounded_sparse_n300_t03_r0026","confounded","sparse","paper_adjusted",300,1000,1.9,26,265658295,"HDMT",0.05,"ok",FALSE,0.0300000000000296,"ties should not be present for the one-sample Kolmogorov-Smirnov test","","2020e587087946d1a2ed3cdaca62ea5c",4,1,3,20,0.25,0.15
"confounded_sparse_n300_t03_r0026","confounded","sparse","paper_adjusted",300,1000,1.9,26,265658295,"MDACT",0.05,"ok",FALSE,0.00999999999999091,"ties should not be present for the one-sample Kolmogorov-Smirnov test","","23b9b4f2e953f43b45d76a67057ea841",1,0,1,20,0,0.05
"confounded_sparse_n300_t03_r0026","confounded","sparse","paper_adjusted",300,1000,1.9,26,265658295,"MLFDR",0.05,"ok",FALSE,0.580000000000041,"","","1c966f425dde4a2811e5c84a13a19c0e",4,0,4,20,0,0.2
"binary_sparse_n300_t03_r0026","binary","sparse","paper_adjusted",300,1000,1.9,26,157034796,"HDMT",0.05,"ok",FALSE,0.0299999999999727,"","","93cf70bd7230c6dd5971dc68b66f3360",0,0,0,21,0,0
"binary_sparse_n300_t03_r0026","binary","sparse","paper_adjusted",300,1000,1.9,26,157034796,"MDACT",0.05,"ok",FALSE,0.0100000000000477,"","","9cd203e4c5e647815787e9ff81927934",0,0,0,21,0,0
"binary_sparse_n300_t03_r0026","binary","sparse","paper_adjusted",300,1000,1.9,26,157034796,"MLFDR",0.05,"ok",FALSE,0.329999999999984,"","","067fd88e0c219d449ffdef10495d27f4",2,0,2,21,0,0.0952380952380952
"linear_dense_n300_t03_r0026","linear","dense","paper_adjusted",300,1000,1.9,26,249400426,"HDMT",0.05,"ok",FALSE,0.0200000000000387,"ties should not be present for the one-sample Kolmogorov-Smirnov test","","f4a11d4baea753f9d1400325bde5d596",20,0,20,199,0,0.100502512562814
"linear_dense_n300_t03_r0026","linear","dense","paper_adjusted",300,1000,1.9,26,249400426,"MDACT",0.05,"ok",FALSE,0.0199999999999818,"ties should not be present for the one-sample Kolmogorov-Smirnov test","","cea9f22ae4ee905161c156fc6118b13a",26,1,25,199,0.0384615384615385,0.125628140703518
"linear_dense_n300_t03_r0026","linear","dense","paper_adjusted",300,1000,1.9,26,249400426,"MLFDR",0.05,"ok",FALSE,1,"","","757fae17541b7cba2e962472e770f965",102,6,96,199,0.0588235294117647,0.482412060301508
"confounded_dense_n300_t03_r0026","confounded","dense","paper_adjusted",300,1000,1.9,26,60752033,"HDMT",0.05,"ok",FALSE,0.00999999999999091,"ties should not be present for the one-sample Kolmogorov-Smirnov test","","6794db30aa643dad3ff41b93f90461a4",34,0,34,239,0,0.142259414225941
"confounded_dense_n300_t03_r0026","confounded","dense","paper_adjusted",300,1000,1.9,26,60752033,"MDACT",0.05,"ok",FALSE,0.0199999999999818,"ties should not be present for the one-sample Kolmogorov-Smirnov test","","ac896f582169b4a29e01d4e2666e415a",55,0,55,239,0,0.230125523012552
"confounded_dense_n300_t03_r0026","confounded","dense","paper_adjusted",300,1000,1.9,26,60752033,"MLFDR",0.05,"ok",FALSE,0.28000000000003,"","","9a81d065906de5b67470ddd4a2e00339",123,2,121,239,0.016260162601626,0.506276150627615
"binary_dense_n300_t03_r0026","binary","dense","paper_adjusted",300,1000,1.9,26,257849093,"HDMT",0.05,"ok",FALSE,0.0300000000000296,"","","d15bf246d56066b9f91828c26857ec53",47,0,47,177,0,0.265536723163842
"binary_dense_n300_t03_r0026","binary","dense","paper_adjusted",300,1000,1.9,26,257849093,"MDACT",0.05,"ok",FALSE,0.0199999999999818,"","","e4a3bd3bbdd171f564142dae3048fd67",52,1,51,177,0.0192307692307692,0.288135593220339
"binary_dense_n300_t03_r0026","binary","dense","paper_adjusted",300,1000,1.9,26,257849093,"MLFDR",0.05,"ok",FALSE,0.339999999999975,"","","7e57e4ea5ffdf4016cbc769ca3e1e867",111,6,105,177,0.0540540540540541,0.593220338983051
"linear_sparse_n300_t01_r0027","linear","sparse","paper_adjusted",300,1000,1.3,27,81158048,"HDMT",0.05,"ok",FALSE,0.0200000000000387,"ties should not be present for the one-sample Kolmogorov-Smirnov test","","30a9b36c2d03057852a845e3985757e6",0,0,0,23,0,0
"linear_sparse_n300_t01_r0027","linear","sparse","paper_adjusted",300,1000,1.3,27,81158048,"MDACT",0.05,"ok",FALSE,0.00999999999999091,"ties should not be present for the one-sample Kolmogorov-Smirnov test","","7253f990ef8ae8bbd5e4dac9dc15783d",0,0,0,23,0,0
"linear_sparse_n300_t01_r0027","linear","sparse","paper_adjusted",300,1000,1.3,27,81158048,"MLFDR",0.05,"ok",FALSE,0.689999999999998,"","","647a3a266e3ea0792329ab0dd52ae994",0,0,0,23,0,0
"confounded_sparse_n300_t01_r0027","confounded","sparse","paper_adjusted",300,1000,1.3,27,97665201,"HDMT",0.05,"ok",FALSE,0.0199999999999818,"ties should not be present for the one-sample Kolmogorov-Smirnov test","","3833567dc04959cb5c1311f76453bca7",0,0,0,25,0,0
"confounded_sparse_n300_t01_r0027","confounded","sparse","paper_adjusted",300,1000,1.3,27,97665201,"MDACT",0.05,"ok",FALSE,0.00999999999999091,"ties should not be present for the one-sample Kolmogorov-Smirnov test","","bee6c5cb4e6439c9a4d97ccab3248385",1,0,1,25,0,0.04
"confounded_sparse_n300_t01_r0027","confounded","sparse","paper_adjusted",300,1000,1.3,27,97665201,"MLFDR",0.05,"ok",FALSE,1.17000000000002,"","","0f586a6ffe6f13095144672ff8c170d7",2,0,2,25,0,0.08
"binary_sparse_n300_t01_r0027","binary","sparse","paper_adjusted",300,1000,1.3,27,157933285,"HDMT",0.05,"ok",FALSE,0.0299999999999727,"","","56139cfa171abce11fe146351c542bef",1,1,0,23,1,0
"binary_sparse_n300_t01_r0027","binary","sparse","paper_adjusted",300,1000,1.3,27,157933285,"MDACT",0.05,"ok",FALSE,0,"","","0d49ae62cbac93cad739124d8633c60d",3,2,1,23,0.666666666666667,0.0434782608695652
"binary_sparse_n300_t01_r0027","binary","sparse","paper_adjusted",300,1000,1.3,27,157933285,"MLFDR",0.05,"ok",FALSE,0.5,"","","3e6ebd2f4f88e606f486d475f8846b07",5,3,2,23,0.6,0.0869565217391304
"linear_dense_n300_t01_r0027","linear","dense","paper_adjusted",300,1000,1.3,27,163136381,"HDMT",0.05,"ok",FALSE,0.00999999999999091,"ties should not be present for the one-sample Kolmogorov-Smirnov test","","ddcd0ef1b278d3d15c0625b19ce139d3",2,0,2,222,0,0.00900900900900901
"linear_dense_n300_t01_r0027","linear","dense","paper_adjusted",300,1000,1.3,27,163136381,"MDACT",0.05,"ok",FALSE,0.0200000000000387,"ties should not be present for the one-sample Kolmogorov-Smirnov test","","ec24e8cd3a6512337cbc07f152ba2cd7",1,0,1,222,0,0.0045045045045045
"linear_dense_n300_t01_r0027","linear","dense","paper_adjusted",300,1000,1.3,27,163136381,"MLFDR",0.05,"ok",FALSE,0.480000000000018,"","","17ff0b32a6232968ef8cec0d33529087",34,0,34,222,0,0.153153153153153
"confounded_dense_n300_t01_r0027","confounded","dense","paper_adjusted",300,1000,1.3,27,267705257,"HDMT",0.05,"ok",FALSE,0.0100000000000477,"ties should not be present for the one-sample Kolmogorov-Smirnov test","","acd015a8883c92367f95484222fccfaf",14,1,13,197,0.0714285714285714,0.065989847715736
"confounded_dense_n300_t01_r0027","confounded","dense","paper_adjusted",300,1000,1.3,27,267705257,"MDACT",0.05,"ok",FALSE,0,"ties should not be present for the one-sample Kolmogorov-Smirnov test","","0adafdc9e9715647486f2ada59fed939",24,2,22,197,0.0833333333333333,0.111675126903553
"confounded_dense_n300_t01_r0027","confounded","dense","paper_adjusted",300,1000,1.3,27,267705257,"MLFDR",0.05,"ok",FALSE,1.97000000000003,"","","9749ef03374f7f87bcb6b9c1a3d9e1bf",66,3,63,197,0.0454545454545455,0.319796954314721
"binary_dense_n300_t01_r0027","binary","dense","paper_adjusted",300,1000,1.3,27,268188995,"HDMT",0.05,"ok",FALSE,0.0300000000000296,"","","d79c7640449241668e587d007c4993db",2,0,2,202,0,0.0099009900990099
"binary_dense_n300_t01_r0027","binary","dense","paper_adjusted",300,1000,1.3,27,268188995,"MDACT",0.05,"ok",FALSE,0,"","","55872460a0b34a1df327bb17447f72d8",1,0,1,202,0,0.00495049504950495
"binary_dense_n300_t01_r0027","binary","dense","paper_adjusted",300,1000,1.3,27,268188995,"MLFDR",0.05,"ok",FALSE,0.580000000000041,"","","18411774c8ebca22580127c606a40b2d",8,1,7,202,0.125,0.0346534653465347
"linear_sparse_n300_t02_r0027","linear","sparse","paper_adjusted",300,1000,1.5,27,108598194,"HDMT",0.05,"ok",FALSE,0.0299999999999727,"ties should not be present for the one-sample Kolmogorov-Smirnov test","","86e1c111673ea3ea3691185983c99dd7",0,0,0,21,0,0
"linear_sparse_n300_t02_r0027","linear","sparse","paper_adjusted",300,1000,1.5,27,108598194,"MDACT",0.05,"ok",FALSE,0.0199999999999818,"ties should not be present for the one-sample Kolmogorov-Smirnov test","","14850b424817d81890686732ed062168",0,0,0,21,0,0
"linear_sparse_n300_t02_r0027","linear","sparse","paper_adjusted",300,1000,1.5,27,108598194,"MLFDR",0.05,"ok",FALSE,0.899999999999977,"","","f6e6d3cd813a1073ec823730a1d90dcd",4,1,3,21,0.25,0.142857142857143
"confounded_sparse_n300_t02_r0027","confounded","sparse","paper_adjusted",300,1000,1.5,27,146116056,"HDMT",0.05,"ok",FALSE,0.0300000000000296,"ties should not be present for the one-sample Kolmogorov-Smirnov test","","b0a50b2e0d7ceae7695296aa4286575b",2,1,1,20,0.5,0.05
"confounded_sparse_n300_t02_r0027","confounded","sparse","paper_adjusted",300,1000,1.5,27,146116056,"MDACT",0.05,"ok",FALSE,0.00999999999999091,"ties should not be present for the one-sample Kolmogorov-Smirnov test","","3b746c8013a6fbe7bea28cdf7c37aa96",2,1,1,20,0.5,0.05
"confounded_sparse_n300_t02_r0027","confounded","sparse","paper_adjusted",300,1000,1.5,27,146116056,"MLFDR",0.05,"ok",FALSE,0.46999999999997,"","","2fd1cabbb61d8eb3797d291d4c9406fd",2,0,2,20,0,0.1
"binary_sparse_n300_t02_r0027","binary","sparse","paper_adjusted",300,1000,1.5,27,255967913,"HDMT",0.05,"ok",FALSE,0.0200000000000387,"","","211002937f8d7b5f40cc4ae9d0b7170b",0,0,0,23,0,0
"binary_sparse_n300_t02_r0027","binary","sparse","paper_adjusted",300,1000,1.5,27,255967913,"MDACT",0.05,"ok",FALSE,0.0199999999999818,"","","98ea4169d34d3e757ecd6b21a88b98d1",0,0,0,23,0,0
"binary_sparse_n300_t02_r0027","binary","sparse","paper_adjusted",300,1000,1.5,27,255967913,"MLFDR",0.05,"ok",FALSE,1.15000000000003,"","","65dadeb3186e1f612bfa0c9d26ed7618",0,0,0,23,0,0
"linear_dense_n300_t02_r0027","linear","dense","paper_adjusted",300,1000,1.5,27,183104041,"HDMT",0.05,"ok",FALSE,0.0300000000000296,"ties should not be present for the one-sample Kolmogorov-Smirnov test","","cfa5230e81f7415c4979030b73e1db9d",22,1,21,188,0.0454545454545455,0.111702127659574
"linear_dense_n300_t02_r0027","linear","dense","paper_adjusted",300,1000,1.5,27,183104041,"MDACT",0.05,"ok",FALSE,0.00999999999999091,"ties should not be present for the one-sample Kolmogorov-Smirnov test","","30c8337035c8bcd25e9069b3b0ebe569",31,3,28,188,0.0967741935483871,0.148936170212766
"linear_dense_n300_t02_r0027","linear","dense","paper_adjusted",300,1000,1.5,27,183104041,"MLFDR",0.05,"ok",FALSE,1.20000000000005,"","","d7dd13b3fc296cd1bb2691396b26002e",71,4,67,188,0.0563380281690141,0.356382978723404
"confounded_dense_n300_t02_r0027","confounded","dense","paper_adjusted",300,1000,1.5,27,110239741,"HDMT",0.05,"ok",FALSE,0.0300000000000296,"ties should not be present for the one-sample Kolmogorov-Smirnov test","","838fb10d511c2bf5001a57c4a71af5bd",23,0,23,216,0,0.106481481481481
"confounded_dense_n300_t02_r0027","confounded","dense","paper_adjusted",300,1000,1.5,27,110239741,"MDACT",0.05,"ok",FALSE,0,"ties should not be present for the one-sample Kolmogorov-Smirnov test","","3adad4c0ecfc0dcd449e911a3771c7cb",29,0,29,216,0,0.134259259259259
"confounded_dense_n300_t02_r0027","confounded","dense","paper_adjusted",300,1000,1.5,27,110239741,"MLFDR",0.05,"ok",FALSE,0.699999999999989,"","","e0cf4bcfdfa5df84cc8a713ae491dfdb",73,1,72,216,0.0136986301369863,0.333333333333333
"binary_dense_n300_t02_r0027","binary","dense","paper_adjusted",300,1000,1.5,27,114062814,"HDMT",0.05,"ok",FALSE,0.0199999999999818,"","","d8bd855a48a8ac22695ac3bbac8de5d9",17,0,17,192,0,0.0885416666666667
"binary_dense_n300_t02_r0027","binary","dense","paper_adjusted",300,1000,1.5,27,114062814,"MDACT",0.05,"ok",FALSE,0.0199999999999818,"","","42884b167c6f9b5f9ae0eab3d9fc616a",20,0,20,192,0,0.104166666666667
"binary_dense_n300_t02_r0027","binary","dense","paper_adjusted",300,1000,1.5,27,114062814,"MLFDR",0.05,"ok",FALSE,1.06999999999999,"","","63356b9f7616db758667b31e1792ad98",54,3,51,192,0.0555555555555556,0.265625
"linear_sparse_n300_t03_r0027","linear","sparse","paper_adjusted",300,1000,1.9,27,11522001,"HDMT",0.05,"ok",FALSE,0.00999999999999091,"ties should not be present for the one-sample Kolmogorov-Smirnov test","","50979881e4834a3229c26cd9bd0c0f03",2,1,1,12,0.5,0.0833333333333333
"linear_sparse_n300_t03_r0027","linear","sparse","paper_adjusted",300,1000,1.9,27,11522001,"MDACT",0.05,"ok",FALSE,0.00999999999999091,"ties should not be present for the one-sample Kolmogorov-Smirnov test","","f02743bf724a4acb8723b2a89f6ffe5b",3,1,2,12,0.333333333333333,0.166666666666667
"linear_sparse_n300_t03_r0027","linear","sparse","paper_adjusted",300,1000,1.9,27,11522001,"MLFDR",0.05,"ok",FALSE,0.370000000000005,"","","12fea283165cb352aa405ba2a7600132",0,0,0,12,0,0
"confounded_sparse_n300_t03_r0027","confounded","sparse","paper_adjusted",300,1000,1.9,27,227620936,"HDMT",0.05,"ok",FALSE,0.0299999999999727,"ties should not be present for the one-sample Kolmogorov-Smirnov test","","7f07010aa81a952605ac9f59a3987cbb",0,0,0,14,0,0
"confounded_sparse_n300_t03_r0027","confounded","sparse","paper_adjusted",300,1000,1.9,27,227620936,"MDACT",0.05,"ok",FALSE,0.0200000000000387,"ties should not be present for the one-sample Kolmogorov-Smirnov test","","c4d8977cbdfbfa6a515a5420a8f28af8",1,0,1,14,0,0.0714285714285714
"confounded_sparse_n300_t03_r0027","confounded","sparse","paper_adjusted",300,1000,1.9,27,227620936,"MLFDR",0.05,"ok",FALSE,0.439999999999998,"","","c78800bd08a8a020eb656a16a16b1e54",1,0,1,14,0,0.0714285714285714
"binary_sparse_n300_t03_r0027","binary","sparse","paper_adjusted",300,1000,1.9,27,135570152,"HDMT",0.05,"ok",FALSE,0.0200000000000387,"","","01fe229b7b46cb3a8a47dbba833dcc02",0,0,0,18,0,0
"binary_sparse_n300_t03_r0027","binary","sparse","paper_adjusted",300,1000,1.9,27,135570152,"MDACT",0.05,"ok",FALSE,0,"","","ce4417a4d07be7954f4952ad5a50df67",0,0,0,18,0,0
"binary_sparse_n300_t03_r0027","binary","sparse","paper_adjusted",300,1000,1.9,27,135570152,"MLFDR",0.05,"ok",FALSE,0.569999999999993,"","","333bf9998c319245778d8cdae44b32ff",0,0,0,18,0,0
"linear_dense_n300_t03_r0027","linear","dense","paper_adjusted",300,1000,1.9,27,100275334,"HDMT",0.05,"ok",FALSE,0.0299999999999727,"ties should not be present for the one-sample Kolmogorov-Smirnov test","","30cfb0fdde2c329ddf27c60f2fe5cd40",40,2,38,192,0.05,0.197916666666667
"linear_dense_n300_t03_r0027","linear","dense","paper_adjusted",300,1000,1.9,27,100275334,"MDACT",0.05,"ok",FALSE,0.00999999999999091,"ties should not be present for the one-sample Kolmogorov-Smirnov test","","b0ab6c293a2b4e7ba877adbba99ceda0",44,2,42,192,0.0454545454545455,0.21875
"linear_dense_n300_t03_r0027","linear","dense","paper_adjusted",300,1000,1.9,27,100275334,"MLFDR",0.05,"ok",FALSE,0.270000000000039,"","","128317146e35c648b79c8281dcc8136c",90,5,85,192,0.0555555555555556,0.442708333333333
"confounded_dense_n300_t03_r0027","confounded","dense","paper_adjusted",300,1000,1.9,27,4912918,"HDMT",0.05,"ok",FALSE,0.0199999999999818,"ties should not be present for the one-sample Kolmogorov-Smirnov test","","2f4297c4bfa830a83e00ab284003b9d6",44,1,43,185,0.0227272727272727,0.232432432432432
"confounded_dense_n300_t03_r0027","confounded","dense","paper_adjusted",300,1000,1.9,27,4912918,"MDACT",0.05,"ok",FALSE,0,"ties should not be present for the one-sample Kolmogorov-Smirnov test","","3edd072a1b541cfe7ccaf50db8480860",56,2,54,185,0.0357142857142857,0.291891891891892
"confounded_dense_n300_t03_r0027","confounded","dense","paper_adjusted",300,1000,1.9,27,4912918,"MLFDR",0.05,"ok",FALSE,0.439999999999998,"","","e625bc78d9e43f6c9444cae67b9825bf",99,5,94,185,0.0505050505050505,0.508108108108108
"binary_dense_n300_t03_r0027","binary","dense","paper_adjusted",300,1000,1.9,27,69588696,"HDMT",0.05,"ok",FALSE,0.0299999999999727,"","","eb3a3e141c6ff53d88014ccd83bb9260",55,3,52,210,0.0545454545454545,0.247619047619048
"binary_dense_n300_t03_r0027","binary","dense","paper_adjusted",300,1000,1.9,27,69588696,"MDACT",0.05,"ok",FALSE,0.0100000000000477,"","","cdef4f94176742342f69293f8b17653b",80,8,72,210,0.1,0.342857142857143
"binary_dense_n300_t03_r0027","binary","dense","paper_adjusted",300,1000,1.9,27,69588696,"MLFDR",0.05,"ok",FALSE,0.339999999999975,"","","f97bc374cc7a625d12ab2ddaebdd0945",118,5,113,210,0.0423728813559322,0.538095238095238
"linear_sparse_n300_t01_r0028","linear","sparse","paper_adjusted",300,1000,1.3,28,260476429,"HDMT",0.05,"ok",FALSE,0.0199999999999818,"ties should not be present for the one-sample Kolmogorov-Smirnov test","","d0494214b435ce35530f9bfeb1325923",5,2,3,19,0.4,0.157894736842105
"linear_sparse_n300_t01_r0028","linear","sparse","paper_adjusted",300,1000,1.3,28,260476429,"MDACT",0.05,"ok",FALSE,0.00999999999999091,"ties should not be present for the one-sample Kolmogorov-Smirnov test","","66519d8419236d145e4b129392b32b2d",2,1,1,19,0.5,0.0526315789473684
"linear_sparse_n300_t01_r0028","linear","sparse","paper_adjusted",300,1000,1.3,28,260476429,"MLFDR",0.05,"ok",FALSE,0.390000000000043,"","","f71fcc2744828a5d969dd545a357cf82",9,1,8,19,0.111111111111111,0.421052631578947
"confounded_sparse_n300_t01_r0028","confounded","sparse","paper_adjusted",300,1000,1.3,28,205976857,"HDMT",0.05,"ok",FALSE,0.0199999999999818,"ties should not be present for the one-sample Kolmogorov-Smirnov test","","5139c36bbc904599f8829dbf143dea61",0,0,0,19,0,0
"confounded_sparse_n300_t01_r0028","confounded","sparse","paper_adjusted",300,1000,1.3,28,205976857,"MDACT",0.05,"ok",FALSE,0.0199999999999818,"ties should not be present for the one-sample Kolmogorov-Smirnov test","","6a2cb654fdb1c574106d593fcac43d26",0,0,0,19,0,0
"confounded_sparse_n300_t01_r0028","confounded","sparse","paper_adjusted",300,1000,1.3,28,205976857,"MLFDR",0.05,"ok",FALSE,0.739999999999952,"","","3d5f0788031bed3c5468dbfa34353001",0,0,0,19,0,0
"binary_sparse_n300_t01_r0028","binary","sparse","paper_adjusted",300,1000,1.3,28,96752034,"HDMT",0.05,"ok",FALSE,0.0299999999999727,"","","6c544be4b8152be351e314a58b8e3567",1,0,1,26,0,0.0384615384615385
"binary_sparse_n300_t01_r0028","binary","sparse","paper_adjusted",300,1000,1.3,28,96752034,"MDACT",0.05,"ok",FALSE,0.0200000000000387,"","","90823ad6143d6cfe2c51ff47fb5e163a",1,0,1,26,0,0.0384615384615385
"binary_sparse_n300_t01_r0028","binary","sparse","paper_adjusted",300,1000,1.3,28,96752034,"MLFDR",0.05,"ok",FALSE,6.63999999999999,"","","ebd2fa26af8463579ef494a7c319e927",22,9,13,26,0.409090909090909,0.5
"linear_dense_n300_t01_r0028","linear","dense","paper_adjusted",300,1000,1.3,28,224040712,"HDMT",0.05,"ok",FALSE,0.0400000000000205,"ties should not be present for the one-sample Kolmogorov-Smirnov test","","0edd422f87fcf1908c2af966ecb15d48",8,0,8,189,0,0.0423280423280423
"linear_dense_n300_t01_r0028","linear","dense","paper_adjusted",300,1000,1.3,28,224040712,"MDACT",0.05,"ok",FALSE,0,"ties should not be present for the one-sample Kolmogorov-Smirnov test","","514bb1de9cb93867813f3dd8b30374a7",8,0,8,189,0,0.0423280423280423
"linear_dense_n300_t01_r0028","linear","dense","paper_adjusted",300,1000,1.3,28,224040712,"MLFDR",0.05,"ok",FALSE,2.75,"","","65438e17742cd4f2971a9ad6c3930f6f",38,2,36,189,0.0526315789473684,0.19047619047619
"confounded_dense_n300_t01_r0028","confounded","dense","paper_adjusted",300,1000,1.3,28,43870721,"HDMT",0.05,"ok",FALSE,0.00999999999999091,"ties should not be present for the one-sample Kolmogorov-Smirnov test","","091b4b59621c8784fe2faea70b6c170d",14,1,13,212,0.0714285714285714,0.0613207547169811
"confounded_dense_n300_t01_r0028","confounded","dense","paper_adjusted",300,1000,1.3,28,43870721,"MDACT",0.05,"ok",FALSE,0,"ties should not be present for the one-sample Kolmogorov-Smirnov test","","d75af93ec6754ecd45faa66d2911b74b",16,1,15,212,0.0625,0.0707547169811321
"confounded_dense_n300_t01_r0028","confounded","dense","paper_adjusted",300,1000,1.3,28,43870721,"MLFDR",0.05,"ok",FALSE,3.07999999999998,"","","615084cb609aa1298a39d51bfd4041a8",84,7,77,212,0.0833333333333333,0.363207547169811
"binary_dense_n300_t01_r0028","binary","dense","paper_adjusted",300,1000,1.3,28,60701340,"HDMT",0.05,"ok",FALSE,0.0299999999999727,"","","cef825827cc17aceac2a099a3336fe1a",7,0,7,210,0,0.0333333333333333
"binary_dense_n300_t01_r0028","binary","dense","paper_adjusted",300,1000,1.3,28,60701340,"MDACT",0.05,"ok",FALSE,0,"","","c2b81b4b501d2eb22ea3fcfecb0da7c8",10,0,10,210,0,0.0476190476190476
"binary_dense_n300_t01_r0028","binary","dense","paper_adjusted",300,1000,1.3,28,60701340,"MLFDR",0.05,"ok",FALSE,1.22000000000003,"","","058e6870298ed32a898c92b933be96cc",24,0,24,210,0,0.114285714285714
"linear_sparse_n300_t02_r0028","linear","sparse","paper_adjusted",300,1000,1.5,28,153147369,"HDMT",0.05,"ok",FALSE,0.0200000000000387,"ties should not be present for the one-sample Kolmogorov-Smirnov test","","7a1008f28982c63b038bbca1626b1119",2,0,2,19,0,0.105263157894737
"linear_sparse_n300_t02_r0028","linear","sparse","paper_adjusted",300,1000,1.5,28,153147369,"MDACT",0.05,"ok",FALSE,0.00999999999999091,"ties should not be present for the one-sample Kolmogorov-Smirnov test","","723255e999b87d2d2860928b35cd08d1",1,0,1,19,0,0.0526315789473684
"linear_sparse_n300_t02_r0028","linear","sparse","paper_adjusted",300,1000,1.5,28,153147369,"MLFDR",0.05,"ok",FALSE,1.85999999999996,"","","26919a8dfce18488f1c320e2034f66df",0,0,0,19,0,0
"confounded_sparse_n300_t02_r0028","confounded","sparse","paper_adjusted",300,1000,1.5,28,169943925,"HDMT",0.05,"ok",FALSE,0.0299999999999727,"ties should not be present for the one-sample Kolmogorov-Smirnov test","","b03855377d2ca6fa8ca0690fa7ed4e20",1,0,1,17,0,0.0588235294117647
"confounded_sparse_n300_t02_r0028","confounded","sparse","paper_adjusted",300,1000,1.5,28,169943925,"MDACT",0.05,"ok",FALSE,0,"ties should not be present for the one-sample Kolmogorov-Smirnov test","","5e4f8db68c1bddbf3f3027af030d20a2",1,0,1,17,0,0.0588235294117647
"confounded_sparse_n300_t02_r0028","confounded","sparse","paper_adjusted",300,1000,1.5,28,169943925,"MLFDR",0.05,"ok",FALSE,0.529999999999973,"","","4455f94482b55f3b0183bb64eb39a4ff",1,0,1,17,0,0.0588235294117647
"binary_sparse_n300_t02_r0028","binary","sparse","paper_adjusted",300,1000,1.5,28,139657584,"HDMT",0.05,"ok",FALSE,0.0299999999999727,"","","b286e67812d926b6ecde9553a5e635ba",0,0,0,14,0,0
"binary_sparse_n300_t02_r0028","binary","sparse","paper_adjusted",300,1000,1.5,28,139657584,"MDACT",0.05,"ok",FALSE,0,"","","0731baa4f75f21b38fde17381511c919",0,0,0,14,0,0
"binary_sparse_n300_t02_r0028","binary","sparse","paper_adjusted",300,1000,1.5,28,139657584,"MLFDR",0.05,"ok",FALSE,1.06,"","","3e5bce3d275a75fc81de51c8fc0e2bf0",4,0,4,14,0,0.285714285714286
"linear_dense_n300_t02_r0028","linear","dense","paper_adjusted",300,1000,1.5,28,172772973,"HDMT",0.05,"ok",FALSE,0.0299999999999727,"ties should not be present for the one-sample Kolmogorov-Smirnov test","","9e1e8e1356b2b0e56b4f92f9d61f242e",4,0,4,174,0,0.0229885057471264
"linear_dense_n300_t02_r0028","linear","dense","paper_adjusted",300,1000,1.5,28,172772973,"MDACT",0.05,"ok",FALSE,0.0200000000000387,"ties should not be present for the one-sample Kolmogorov-Smirnov test","","5b3a60d19b6869a5ce0f74e55b1823de",4,0,4,174,0,0.0229885057471264
"linear_dense_n300_t02_r0028","linear","dense","paper_adjusted",300,1000,1.5,28,172772973,"MLFDR",0.05,"ok",FALSE,6.56,"","","0da542c9a91b5c48e6b9c99d1279f174",85,10,75,174,0.117647058823529,0.431034482758621
"confounded_dense_n300_t02_r0028","confounded","dense","paper_adjusted",300,1000,1.5,28,31609503,"HDMT",0.05,"ok",FALSE,0.0299999999999727,"ties should not be present for the one-sample Kolmogorov-Smirnov test","","300291bfbdc09641039f72e5cc113946",17,0,17,234,0,0.0726495726495727
"confounded_dense_n300_t02_r0028","confounded","dense","paper_adjusted",300,1000,1.5,28,31609503,"MDACT",0.05,"ok",FALSE,0.0199999999999818,"ties should not be present for the one-sample Kolmogorov-Smirnov test","","cab2b60d4bd34e7a932d3793a6c4f514",26,0,26,234,0,0.111111111111111
"confounded_dense_n300_t02_r0028","confounded","dense","paper_adjusted",300,1000,1.5,28,31609503,"MLFDR",0.05,"ok",FALSE,0.639999999999986,"","","9149b3cedffea304e06ddc0d81fbde1d",71,3,68,234,0.0422535211267606,0.290598290598291
"binary_dense_n300_t02_r0028","binary","dense","paper_adjusted",300,1000,1.5,28,104863860,"HDMT",0.05,"ok",FALSE,0.0300000000000296,"","","eb1cc94299c2a13a497bc30836e58783",12,0,12,192,0,0.0625
"binary_dense_n300_t02_r0028","binary","dense","paper_adjusted",300,1000,1.5,28,104863860,"MDACT",0.05,"ok",FALSE,0,"","","21ac8b93fde175a5c42f714e34073375",25,0,25,192,0,0.130208333333333
"binary_dense_n300_t02_r0028","binary","dense","paper_adjusted",300,1000,1.5,28,104863860,"MLFDR",0.05,"ok",FALSE,0.370000000000005,"","","a30f01e330481358ba4d9a4486be956c",71,4,67,192,0.0563380281690141,0.348958333333333
"linear_sparse_n300_t03_r0028","linear","sparse","paper_adjusted",300,1000,1.9,28,229067411,"HDMT",0.05,"ok",FALSE,0.0199999999999818,"ties should not be present for the one-sample Kolmogorov-Smirnov test","","d5f74d7f45ab43d1431416641e5f9f88",5,0,5,19,0,0.263157894736842
"linear_sparse_n300_t03_r0028","linear","sparse","paper_adjusted",300,1000,1.9,28,229067411,"MDACT",0.05,"ok",FALSE,0.00999999999999091,"ties should not be present for the one-sample Kolmogorov-Smirnov test","","c73f5b162a0b4e7813a6734554e79b0b",1,0,1,19,0,0.0526315789473684
"linear_sparse_n300_t03_r0028","linear","sparse","paper_adjusted",300,1000,1.9,28,229067411,"MLFDR",0.05,"ok",FALSE,0.759999999999991,"","","603a834ddee413ca767683304c373eb2",6,0,6,19,0,0.315789473684211
"confounded_sparse_n300_t03_r0028","confounded","sparse","paper_adjusted",300,1000,1.9,28,16112092,"HDMT",0.05,"ok",FALSE,0.0400000000000205,"ties should not be present for the one-sample Kolmogorov-Smirnov test","","2b10fb2e7171c9b9211f06bad3686f60",4,0,4,20,0,0.2
"confounded_sparse_n300_t03_r0028","confounded","sparse","paper_adjusted",300,1000,1.9,28,16112092,"MDACT",0.05,"ok",FALSE,0,"ties should not be present for the one-sample Kolmogorov-Smirnov test","","41737671e3834e19c197938a4244cdc2",7,0,7,20,0,0.35
"confounded_sparse_n300_t03_r0028","confounded","sparse","paper_adjusted",300,1000,1.9,28,16112092,"MLFDR",0.05,"ok",FALSE,1.03000000000003,"","","06af6574a16c3fe26720b1c96be3064f",8,0,8,20,0,0.4
"binary_sparse_n300_t03_r0028","binary","sparse","paper_adjusted",300,1000,1.9,28,198640009,"HDMT",0.05,"ok",FALSE,0.0299999999999727,"","","56e2a91f1ca63a5942442c920bb8617c",5,0,5,19,0,0.263157894736842
"binary_sparse_n300_t03_r0028","binary","sparse","paper_adjusted",300,1000,1.9,28,198640009,"MDACT",0.05,"ok",FALSE,0.0200000000000387,"","","4ea9a47186f90b6d25a6d07347d8bb2e",9,1,8,19,0.111111111111111,0.421052631578947
"binary_sparse_n300_t03_r0028","binary","sparse","paper_adjusted",300,1000,1.9,28,198640009,"MLFDR",0.05,"ok",FALSE,0.449999999999989,"","","bdade9e78d2131a06449ace4f61e8820",11,1,10,19,0.0909090909090909,0.526315789473684
"linear_dense_n300_t03_r0028","linear","dense","paper_adjusted",300,1000,1.9,28,164617790,"HDMT",0.05,"ok",FALSE,0.00999999999999091,"ties should not be present for the one-sample Kolmogorov-Smirnov test","","176d74d888bcdf77cba99cc60fcf2872",36,1,35,214,0.0277777777777778,0.163551401869159
"linear_dense_n300_t03_r0028","linear","dense","paper_adjusted",300,1000,1.9,28,164617790,"MDACT",0.05,"ok",FALSE,0.0200000000000387,"ties should not be present for the one-sample Kolmogorov-Smirnov test","","47ffb2aeefae3ca1d574655ce28ab03a",40,2,38,214,0.05,0.177570093457944
"linear_dense_n300_t03_r0028","linear","dense","paper_adjusted",300,1000,1.9,28,164617790,"MLFDR",0.05,"ok",FALSE,0.689999999999998,"","","a269a0e3c501cab149cb61934986d45a",92,3,89,214,0.0326086956521739,0.41588785046729
"confounded_dense_n300_t03_r0028","confounded","dense","paper_adjusted",300,1000,1.9,28,259699365,"HDMT",0.05,"ok",FALSE,0.00999999999999091,"ties should not be present for the one-sample Kolmogorov-Smirnov test","","1ec75d95dbe872dbb98c96307be569a9",15,1,14,195,0.0666666666666667,0.0717948717948718
"confounded_dense_n300_t03_r0028","confounded","dense","paper_adjusted",300,1000,1.9,28,259699365,"MDACT",0.05,"ok",FALSE,0,"ties should not be present for the one-sample Kolmogorov-Smirnov test","","3c6618d6621d3b9921a85806ffd406ce",19,1,18,195,0.0526315789473684,0.0923076923076923
"confounded_dense_n300_t03_r0028","confounded","dense","paper_adjusted",300,1000,1.9,28,259699365,"MLFDR",0.05,"ok",FALSE,0.339999999999975,"","","c494eec1ecb6c4871ac8d14830a3a8df",83,9,74,195,0.108433734939759,0.379487179487179
"binary_dense_n300_t03_r0028","binary","dense","paper_adjusted",300,1000,1.9,28,15617180,"HDMT",0.05,"ok",FALSE,0.0199999999999818,"","","a87cf4b2cb6c56b5dd5afcd5536e4dc7",66,3,63,189,0.0454545454545455,0.333333333333333
"binary_dense_n300_t03_r0028","binary","dense","paper_adjusted",300,1000,1.9,28,15617180,"MDACT",0.05,"ok",FALSE,0,"","","095e90e471eb3f8a6a70eaae1f1ef69e",74,6,68,189,0.0810810810810811,0.35978835978836
"binary_dense_n300_t03_r0028","binary","dense","paper_adjusted",300,1000,1.9,28,15617180,"MLFDR",0.05,"ok",FALSE,0.330000000000041,"","","87f84c61eb6b043f30b653338e4654a8",121,7,114,189,0.0578512396694215,0.603174603174603
"linear_sparse_n300_t01_r0029","linear","sparse","paper_adjusted",300,1000,1.3,29,28951911,"HDMT",0.05,"ok",FALSE,0.00999999999999091,"ties should not be present for the one-sample Kolmogorov-Smirnov test","","8b130ca40068fc5bfbc307c81aa736ee",0,0,0,11,0,0
"linear_sparse_n300_t01_r0029","linear","sparse","paper_adjusted",300,1000,1.3,29,28951911,"MDACT",0.05,"ok",FALSE,0,"ties should not be present for the one-sample Kolmogorov-Smirnov test","","ad5f70375681858b3fad1ecda5c30eac",0,0,0,11,0,0
"linear_sparse_n300_t01_r0029","linear","sparse","paper_adjusted",300,1000,1.3,29,28951911,"MLFDR",0.05,"ok",FALSE,2.07999999999998,"","","40409888449a9596be70bfb46bf85523",0,0,0,11,0,0
"confounded_sparse_n300_t01_r0029","confounded","sparse","paper_adjusted",300,1000,1.3,29,84547441,"HDMT",0.05,"ok",FALSE,0.0299999999999727,"ties should not be present for the one-sample Kolmogorov-Smirnov test","","c411aa6886994cfafcbe6604fb380aa2",0,0,0,22,0,0
"confounded_sparse_n300_t01_r0029","confounded","sparse","paper_adjusted",300,1000,1.3,29,84547441,"MDACT",0.05,"ok",FALSE,0.0100000000000477,"ties should not be present for the one-sample Kolmogorov-Smirnov test","","c0d47e5e45c797dc01a3f84c5d22427d",0,0,0,22,0,0
"confounded_sparse_n300_t01_r0029","confounded","sparse","paper_adjusted",300,1000,1.3,29,84547441,"MLFDR",0.05,"ok",FALSE,0.439999999999998,"","","5eb9c5556b80d7e1a3d88c8593385d57",8,0,8,22,0,0.363636363636364
"binary_sparse_n300_t01_r0029","binary","sparse","paper_adjusted",300,1000,1.3,29,199848934,"HDMT",0.05,"ok",FALSE,0.00999999999999091,"","","0cb5e6e64f28d1bcb935f3bf588b5293",0,0,0,17,0,0
"binary_sparse_n300_t01_r0029","binary","sparse","paper_adjusted",300,1000,1.3,29,199848934,"MDACT",0.05,"ok",FALSE,0.0199999999999818,"","","9c6357ad55172183cc0186843be26753",0,0,0,17,0,0
"binary_sparse_n300_t01_r0029","binary","sparse","paper_adjusted",300,1000,1.3,29,199848934,"MLFDR",0.05,"ok",FALSE,1.05000000000001,"","","1dbb63e7e88d36d94227eb8ba5d6e70a",0,0,0,17,0,0
"linear_dense_n300_t01_r0029","linear","dense","paper_adjusted",300,1000,1.3,29,126913422,"HDMT",0.05,"ok",FALSE,0.0199999999999818,"ties should not be present for the one-sample Kolmogorov-Smirnov test","","9f6a4811261ba6310f87a4b5fb4f905a",0,0,0,209,0,0
"linear_dense_n300_t01_r0029","linear","dense","paper_adjusted",300,1000,1.3,29,126913422,"MDACT",0.05,"ok",FALSE,0.00999999999999091,"ties should not be present for the one-sample Kolmogorov-Smirnov test","","7b769adab144674b75d2daa276996c6f",1,0,1,209,0,0.00478468899521531
"linear_dense_n300_t01_r0029","linear","dense","paper_adjusted",300,1000,1.3,29,126913422,"MLFDR",0.05,"ok",FALSE,1.28000000000003,"","","5bc5e638a8ca36766320f6988d7a84b3",23,0,23,209,0,0.110047846889952
"confounded_dense_n300_t01_r0029","confounded","dense","paper_adjusted",300,1000,1.3,29,60439011,"HDMT",0.05,"ok",FALSE,0.00999999999999091,"ties should not be present for the one-sample Kolmogorov-Smirnov test","","c2414efbe84364dfc1e8ad5a35e6a507",4,0,4,172,0,0.0232558139534884
"confounded_dense_n300_t01_r0029","confounded","dense","paper_adjusted",300,1000,1.3,29,60439011,"MDACT",0.05,"ok",FALSE,0,"ties should not be present for the one-sample Kolmogorov-Smirnov test","","2b38749b8d8417ee23d1a9b18a847c69",4,0,4,172,0,0.0232558139534884
"confounded_dense_n300_t01_r0029","confounded","dense","paper_adjusted",300,1000,1.3,29,60439011,"MLFDR",0.05,"ok",FALSE,7.17000000000002,"","","0033465d8a091fb1d5dd9fd7c15679e6",131,30,101,172,0.229007633587786,0.587209302325581
"binary_dense_n300_t01_r0029","binary","dense","paper_adjusted",300,1000,1.3,29,28210316,"HDMT",0.05,"ok",FALSE,0.0199999999999818,"","","41840bedb1833aa3bb86b17802ddb239",7,0,7,205,0,0.0341463414634146
"binary_dense_n300_t01_r0029","binary","dense","paper_adjusted",300,1000,1.3,29,28210316,"MDACT",0.05,"ok",FALSE,0,"","","dc363e5769b7fdfdf83625484a1bbcb8",7,0,7,205,0,0.0341463414634146
"binary_dense_n300_t01_r0029","binary","dense","paper_adjusted",300,1000,1.3,29,28210316,"MLFDR",0.05,"ok",FALSE,5.27000000000004,"","","4cac1d62ebe07419903542b83fb876e4",118,13,105,205,0.110169491525424,0.51219512195122
"linear_sparse_n300_t02_r0029","linear","sparse","paper_adjusted",300,1000,1.5,29,234512687,"HDMT",0.05,"ok",FALSE,0.0199999999999818,"ties should not be present for the one-sample Kolmogorov-Smirnov test","","93b75d1ee3d88282bfedd4a5eecceffa",0,0,0,17,0,0
"linear_sparse_n300_t02_r0029","linear","sparse","paper_adjusted",300,1000,1.5,29,234512687,"MDACT",0.05,"ok",FALSE,0.0199999999999818,"ties should not be present for the one-sample Kolmogorov-Smirnov test","","a82515508f3c3e62af3d4d9732cfe7b5",1,0,1,17,0,0.0588235294117647
"linear_sparse_n300_t02_r0029","linear","sparse","paper_adjusted",300,1000,1.5,29,234512687,"MLFDR",0.05,"ok",FALSE,0.410000000000025,"","","a41298560c93ff82bf54883eef5e34a8",2,0,2,17,0,0.117647058823529
"confounded_sparse_n300_t02_r0029","confounded","sparse","paper_adjusted",300,1000,1.5,29,249429994,"HDMT",0.05,"ok",FALSE,0.00999999999999091,"ties should not be present for the one-sample Kolmogorov-Smirnov test","","4428f1fe790fe72803dafd8f613c1fd9",1,0,1,16,0,0.0625
"confounded_sparse_n300_t02_r0029","confounded","sparse","paper_adjusted",300,1000,1.5,29,249429994,"MDACT",0.05,"ok",FALSE,0.0199999999999818,"ties should not be present for the one-sample Kolmogorov-Smirnov test","","8e0a1814b7a805b44f44b5b6a1d2e404",1,0,1,16,0,0.0625
"confounded_sparse_n300_t02_r0029","confounded","sparse","paper_adjusted",300,1000,1.5,29,249429994,"MLFDR",0.05,"ok",FALSE,0.550000000000011,"","","46f68e87710d8859600e8287a1a9bf98",5,1,4,16,0.2,0.25
"binary_sparse_n300_t02_r0029","binary","sparse","paper_adjusted",300,1000,1.5,29,208925448,"HDMT",0.05,"ok",FALSE,0.0299999999999727,"","","03403af4880da864de6479c2b6b2e950",0,0,0,19,0,0
"binary_sparse_n300_t02_r0029","binary","sparse","paper_adjusted",300,1000,1.5,29,208925448,"MDACT",0.05,"ok",FALSE,0.00999999999999091,"","","ecf28a31eac2194e5e8f1ad5f842a4db",1,0,1,19,0,0.0526315789473684
"binary_sparse_n300_t02_r0029","binary","sparse","paper_adjusted",300,1000,1.5,29,208925448,"MLFDR",0.05,"ok",FALSE,2.12,"","","d577c187547610366fd02edf8eba0c3e",3,0,3,19,0,0.157894736842105
"linear_dense_n300_t02_r0029","linear","dense","paper_adjusted",300,1000,1.5,29,28979523,"HDMT",0.05,"ok",FALSE,0.00999999999999091,"ties should not be present for the one-sample Kolmogorov-Smirnov test","","935bfa30186ed3732b880e75bd82bd8d",12,2,10,198,0.166666666666667,0.0505050505050505
"linear_dense_n300_t02_r0029","linear","dense","paper_adjusted",300,1000,1.5,29,28979523,"MDACT",0.05,"ok",FALSE,0,"ties should not be present for the one-sample Kolmogorov-Smirnov test","","fe05c050f160add1024f84460121c05f",20,2,18,198,0.1,0.0909090909090909
"linear_dense_n300_t02_r0029","linear","dense","paper_adjusted",300,1000,1.5,29,28979523,"MLFDR",0.05,"ok",FALSE,0.920000000000016,"","","cd56927125c9b7b228df73074f39f115",63,4,59,198,0.0634920634920635,0.297979797979798
"confounded_dense_n300_t02_r0029","confounded","dense","paper_adjusted",300,1000,1.5,29,75912574,"HDMT",0.05,"ok",FALSE,0.0299999999999727,"ties should not be present for the one-sample Kolmogorov-Smirnov test","","08f8ced19b1408090df1ddfe12398760",13,1,12,199,0.0769230769230769,0.0603015075376884
"confounded_dense_n300_t02_r0029","confounded","dense","paper_adjusted",300,1000,1.5,29,75912574,"MDACT",0.05,"ok",FALSE,0.0200000000000387,"ties should not be present for the one-sample Kolmogorov-Smirnov test","","414b907a9cbf176b905c26c1cf851d80",15,1,14,199,0.0666666666666667,0.0703517587939698
"confounded_dense_n300_t02_r0029","confounded","dense","paper_adjusted",300,1000,1.5,29,75912574,"MLFDR",0.05,"ok",FALSE,1.05000000000001,"","","394b1fbb87db6df57c3be3fc8a65e1b9",66,6,60,199,0.0909090909090909,0.301507537688442
"binary_dense_n300_t02_r0029","binary","dense","paper_adjusted",300,1000,1.5,29,175325518,"HDMT",0.05,"ok",FALSE,0.0199999999999818,"","","4be3c54c5d4075e2ff1aac493914f020",13,1,12,190,0.0769230769230769,0.0631578947368421
"binary_dense_n300_t02_r0029","binary","dense","paper_adjusted",300,1000,1.5,29,175325518,"MDACT",0.05,"ok",FALSE,0.00999999999999091,"","","e432f302adbd7987de82864ac56d3d77",15,2,13,190,0.133333333333333,0.068421052631579
"binary_dense_n300_t02_r0029","binary","dense","paper_adjusted",300,1000,1.5,29,175325518,"MLFDR",0.05,"ok",FALSE,2.11000000000001,"","","263e55da28a25665399ebf9b638aead5",54,5,49,190,0.0925925925925926,0.257894736842105
"linear_sparse_n300_t03_r0029","linear","sparse","paper_adjusted",300,1000,1.9,29,258796146,"HDMT",0.05,"ok",FALSE,0.0299999999999727,"ties should not be present for the one-sample Kolmogorov-Smirnov test","","e9e559d2b170dfd901299b41111f0d88",2,0,2,18,0,0.111111111111111
"linear_sparse_n300_t03_r0029","linear","sparse","paper_adjusted",300,1000,1.9,29,258796146,"MDACT",0.05,"ok",FALSE,0,"ties should not be present for the one-sample Kolmogorov-Smirnov test","","fe6c6f53f80eaeeb317641d3de0f2f7f",6,2,4,18,0.333333333333333,0.222222222222222
"linear_sparse_n300_t03_r0029","linear","sparse","paper_adjusted",300,1000,1.9,29,258796146,"MLFDR",0.05,"ok",FALSE,0.449999999999989,"","","b0fef28fd841d448ddac565fb38620d3",8,0,8,18,0,0.444444444444444
"confounded_sparse_n300_t03_r0029","confounded","sparse","paper_adjusted",300,1000,1.9,29,122023336,"HDMT",0.05,"ok",FALSE,0.0299999999999727,"ties should not be present for the one-sample Kolmogorov-Smirnov test","","d4fc0bd7e17e8c545c94a9e7f9b03712",3,0,3,21,0,0.142857142857143
"confounded_sparse_n300_t03_r0029","confounded","sparse","paper_adjusted",300,1000,1.9,29,122023336,"MDACT",0.05,"ok",FALSE,0.0199999999999818,"ties should not be present for the one-sample Kolmogorov-Smirnov test","","4e98368f71ae9a2a1cb108426d357e2f",3,0,3,21,0,0.142857142857143
"confounded_sparse_n300_t03_r0029","confounded","sparse","paper_adjusted",300,1000,1.9,29,122023336,"MLFDR",0.05,"ok",FALSE,0.859999999999957,"","","0be40ae59c30dd7e0c45d2f623c5e065",7,1,6,21,0.142857142857143,0.285714285714286
"binary_sparse_n300_t03_r0029","binary","sparse","paper_adjusted",300,1000,1.9,29,54843909,"HDMT",0.05,"ok",FALSE,0.0400000000000205,"","","d15fcb6410f07cdfc26be0837e622e6e",0,0,0,23,0,0
"binary_sparse_n300_t03_r0029","binary","sparse","paper_adjusted",300,1000,1.9,29,54843909,"MDACT",0.05,"ok",FALSE,0.0199999999999818,"","","bb91b7a185cecb1a007c62959ef3ecb6",1,0,1,23,0,0.0434782608695652
"binary_sparse_n300_t03_r0029","binary","sparse","paper_adjusted",300,1000,1.9,29,54843909,"MLFDR",0.05,"ok",FALSE,1.39000000000004,"","","762503fcae8c34effaadce25879a78cc",2,0,2,23,0,0.0869565217391304
"linear_dense_n300_t03_r0029","linear","dense","paper_adjusted",300,1000,1.9,29,193162498,"HDMT",0.05,"ok",FALSE,0.0299999999999727,"ties should not be present for the one-sample Kolmogorov-Smirnov test","","ce6f11b332c4f10e26da8b2f9bf2f119",69,1,68,216,0.0144927536231884,0.314814814814815
"linear_dense_n300_t03_r0029","linear","dense","paper_adjusted",300,1000,1.9,29,193162498,"MDACT",0.05,"ok",FALSE,0.00999999999999091,"ties should not be present for the one-sample Kolmogorov-Smirnov test","","7e1326820d0b527fecc9a50759677978",87,1,86,216,0.0114942528735632,0.398148148148148
"linear_dense_n300_t03_r0029","linear","dense","paper_adjusted",300,1000,1.9,29,193162498,"MLFDR",0.05,"ok",FALSE,0.300000000000011,"","","b4895f08335a3a975e5a3eebc89b38a9",160,9,151,216,0.05625,0.699074074074074
"confounded_dense_n300_t03_r0029","confounded","dense","paper_adjusted",300,1000,1.9,29,125179154,"HDMT",0.05,"ok",FALSE,0.0400000000000205,"ties should not be present for the one-sample Kolmogorov-Smirnov test","","9e86ed1e8bc6cc98140d5bf1db943181",44,1,43,209,0.0227272727272727,0.205741626794258
"confounded_dense_n300_t03_r0029","confounded","dense","paper_adjusted",300,1000,1.9,29,125179154,"MDACT",0.05,"ok",FALSE,0,"ties should not be present for the one-sample Kolmogorov-Smirnov test","","562d641f14aec1695e9c2c77f4e6149f",58,1,57,209,0.0172413793103448,0.272727272727273
"confounded_dense_n300_t03_r0029","confounded","dense","paper_adjusted",300,1000,1.9,29,125179154,"MLFDR",0.05,"ok",FALSE,0.479999999999961,"","","7c30e60d07917aace95251b2511270fc",123,8,115,209,0.0650406504065041,0.550239234449761
"binary_dense_n300_t03_r0029","binary","dense","paper_adjusted",300,1000,1.9,29,44955600,"HDMT",0.05,"ok",FALSE,0.0300000000000296,"","","4d8aba6bc3263e766b21e48067c5c726",12,0,12,175,0,0.0685714285714286
"binary_dense_n300_t03_r0029","binary","dense","paper_adjusted",300,1000,1.9,29,44955600,"MDACT",0.05,"ok",FALSE,0.00999999999999091,"","","d1e3b4c96eb1e32812dff5b79fe14c31",30,0,30,175,0,0.171428571428571
"binary_dense_n300_t03_r0029","binary","dense","paper_adjusted",300,1000,1.9,29,44955600,"MLFDR",0.05,"ok",FALSE,0.339999999999975,"","","e869979f29d29deb1454b02cbae91abc",74,5,69,175,0.0675675675675676,0.394285714285714
"linear_sparse_n300_t01_r0030","linear","sparse","paper_adjusted",300,1000,1.3,30,193107933,"HDMT",0.05,"ok",FALSE,0.0100000000000477,"ties should not be present for the one-sample Kolmogorov-Smirnov test","","491d34d7ff6f42a5a66db499243c5946",0,0,0,22,0,0
"linear_sparse_n300_t01_r0030","linear","sparse","paper_adjusted",300,1000,1.3,30,193107933,"MDACT",0.05,"ok",FALSE,0,"ties should not be present for the one-sample Kolmogorov-Smirnov test","","54da48d60560cacc8e8966ddbd19fa87",0,0,0,22,0,0
"linear_sparse_n300_t01_r0030","linear","sparse","paper_adjusted",300,1000,1.3,30,193107933,"MLFDR",0.05,"ok",FALSE,0.539999999999964,"","","d89c7c8a3cd59fd27db04e2a4b03338c",1,0,1,22,0,0.0454545454545455
"confounded_sparse_n300_t01_r0030","confounded","sparse","paper_adjusted",300,1000,1.3,30,28508272,"HDMT",0.05,"ok",FALSE,0.0299999999999727,"ties should not be present for the one-sample Kolmogorov-Smirnov test","","ab8b5a4ebb19187aafc878d03788e272",0,0,0,16,0,0
"confounded_sparse_n300_t01_r0030","confounded","sparse","paper_adjusted",300,1000,1.3,30,28508272,"MDACT",0.05,"ok",FALSE,0.0199999999999818,"ties should not be present for the one-sample Kolmogorov-Smirnov test","","986584ed5979a0ee5608f568abdc93ee",0,0,0,16,0,0
"confounded_sparse_n300_t01_r0030","confounded","sparse","paper_adjusted",300,1000,1.3,30,28508272,"MLFDR",0.05,"ok",FALSE,0.550000000000011,"","","0bb3fca53e8423d70ae4b6f0ca434728",0,0,0,16,0,0
"binary_sparse_n300_t01_r0030","binary","sparse","paper_adjusted",300,1000,1.3,30,152398759,"HDMT",0.05,"ok",FALSE,0.00999999999999091,"","","8dc06ae37b5a43c0c8b8ca543ab72c34",2,0,2,22,0,0.0909090909090909
"binary_sparse_n300_t01_r0030","binary","sparse","paper_adjusted",300,1000,1.3,30,152398759,"MDACT",0.05,"ok",FALSE,0.0199999999999818,"","","c3e54bf09e6d41ab97e83205d15ad8b6",2,0,2,22,0,0.0909090909090909
"binary_sparse_n300_t01_r0030","binary","sparse","paper_adjusted",300,1000,1.3,30,152398759,"MLFDR",0.05,"ok",FALSE,0.670000000000016,"","","d9e3de5d27c3379079d89fa2b2159e5a",10,0,10,22,0,0.454545454545455
"linear_dense_n300_t01_r0030","linear","dense","paper_adjusted",300,1000,1.3,30,165104981,"HDMT",0.05,"ok",FALSE,0.0299999999999727,"ties should not be present for the one-sample Kolmogorov-Smirnov test","","16451eef76138cada76113749cf1abcc",5,0,5,210,0,0.0238095238095238
"linear_dense_n300_t01_r0030","linear","dense","paper_adjusted",300,1000,1.3,30,165104981,"MDACT",0.05,"ok",FALSE,0.0200000000000387,"ties should not be present for the one-sample Kolmogorov-Smirnov test","","5d9f300d13716f1c24c5cf43a9b2f9e8",5,0,5,210,0,0.0238095238095238
"linear_dense_n300_t01_r0030","linear","dense","paper_adjusted",300,1000,1.3,30,165104981,"MLFDR",0.05,"ok",FALSE,0.5,"","","50c7c42d4930310d34073a0e1d4106e1",40,3,37,210,0.075,0.176190476190476
"confounded_dense_n300_t01_r0030","confounded","dense","paper_adjusted",300,1000,1.3,30,71093945,"HDMT",0.05,"ok",FALSE,0.00999999999999091,"ties should not be present for the one-sample Kolmogorov-Smirnov test","","c98d507ade65383a181bd70ae9653cfd",7,0,7,209,0,0.0334928229665072
"confounded_dense_n300_t01_r0030","confounded","dense","paper_adjusted",300,1000,1.3,30,71093945,"MDACT",0.05,"ok",FALSE,0,"ties should not be present for the one-sample Kolmogorov-Smirnov test","","ddfc3bd0b91ebd84a6d96520a9b78b4a",10,0,10,209,0,0.0478468899521531
"confounded_dense_n300_t01_r0030","confounded","dense","paper_adjusted",300,1000,1.3,30,71093945,"MLFDR",0.05,"ok",FALSE,2.30000000000001,"","","a5a4811e6bdd13f45cba41f379d7c937",39,1,38,209,0.0256410256410256,0.181818181818182
"binary_dense_n300_t01_r0030","binary","dense","paper_adjusted",300,1000,1.3,30,133897013,"HDMT",0.05,"ok",FALSE,0.0199999999999818,"","","ab069bfb8d71b2fd551897eb72a1522d",4,0,4,174,0,0.0229885057471264
"binary_dense_n300_t01_r0030","binary","dense","paper_adjusted",300,1000,1.3,30,133897013,"MDACT",0.05,"ok",FALSE,0.00999999999999091,"","","b4f27311408a321a119fe57d2a63c2cc",5,0,5,174,0,0.028735632183908
"binary_dense_n300_t01_r0030","binary","dense","paper_adjusted",300,1000,1.3,30,133897013,"MLFDR",0.05,"ok",FALSE,1.5,"","","b58de717ea5721933ee1c63c93ac8c3e",22,0,22,174,0,0.126436781609195
"linear_sparse_n300_t02_r0030","linear","sparse","paper_adjusted",300,1000,1.5,30,3113285,"HDMT",0.05,"ok",FALSE,0.00999999999999091,"ties should not be present for the one-sample Kolmogorov-Smirnov test","","0aeb126b5e5c814752fdd0e79fa0d4cf",2,0,2,24,0,0.0833333333333333
"linear_sparse_n300_t02_r0030","linear","sparse","paper_adjusted",300,1000,1.5,30,3113285,"MDACT",0.05,"ok",FALSE,0.00999999999999091,"ties should not be present for the one-sample Kolmogorov-Smirnov test","","42fc90b1a09388de8538075d2abd61d5",2,0,2,24,0,0.0833333333333333
"linear_sparse_n300_t02_r0030","linear","sparse","paper_adjusted",300,1000,1.5,30,3113285,"MLFDR",0.05,"ok",FALSE,0.359999999999957,"","","7c2dfc4801c410b8c13a2e31f993c773",6,0,6,24,0,0.25
"confounded_sparse_n300_t02_r0030","confounded","sparse","paper_adjusted",300,1000,1.5,30,131065712,"HDMT",0.05,"ok",FALSE,0.0199999999999818,"ties should not be present for the one-sample Kolmogorov-Smirnov test","","699373f31214ef8315c5cc1670157dd4",0,0,0,16,0,0
"confounded_sparse_n300_t02_r0030","confounded","sparse","paper_adjusted",300,1000,1.5,30,131065712,"MDACT",0.05,"ok",FALSE,0.0200000000000387,"ties should not be present for the one-sample Kolmogorov-Smirnov test","","b2f3669a4f46bffcb86fdc28bc3bd965",9,2,7,16,0.222222222222222,0.4375
"confounded_sparse_n300_t02_r0030","confounded","sparse","paper_adjusted",300,1000,1.5,30,131065712,"MLFDR",0.05,"ok",FALSE,0.800000000000011,"","","2357c55ed1e147d7dfdbb8130e24bb74",0,0,0,16,0,0
"binary_sparse_n300_t02_r0030","binary","sparse","paper_adjusted",300,1000,1.5,30,267574926,"HDMT",0.05,"ok",FALSE,0.0299999999999727,"","","cd9e073062284070d8e9b31555596900",0,0,0,20,0,0
"binary_sparse_n300_t02_r0030","binary","sparse","paper_adjusted",300,1000,1.5,30,267574926,"MDACT",0.05,"ok",FALSE,0.00999999999999091,"","","3b4820c70321a426622c74296089a4b1",0,0,0,20,0,0
"binary_sparse_n300_t02_r0030","binary","sparse","paper_adjusted",300,1000,1.5,30,267574926,"MLFDR",0.05,"ok",FALSE,0.490000000000009,"","","4d0a186538719d8712c6a9ed291b48f3",0,0,0,20,0,0
"linear_dense_n300_t02_r0030","linear","dense","paper_adjusted",300,1000,1.5,30,158909713,"HDMT",0.05,"ok",FALSE,0.0299999999999727,"ties should not be present for the one-sample Kolmogorov-Smirnov test","","ab1ccb021fc5435ff768e64d99c21262",24,3,21,219,0.125,0.0958904109589041
"linear_dense_n300_t02_r0030","linear","dense","paper_adjusted",300,1000,1.5,30,158909713,"MDACT",0.05,"ok",FALSE,0.0200000000000387,"ties should not be present for the one-sample Kolmogorov-Smirnov test","","239653f71babbbe53e7a710466d0bf13",39,3,36,219,0.0769230769230769,0.164383561643836
"linear_dense_n300_t02_r0030","linear","dense","paper_adjusted",300,1000,1.5,30,158909713,"MLFDR",0.05,"ok",FALSE,0.569999999999993,"","","65ef45ded2a8270eea9779993d2e747f",102,8,94,219,0.0784313725490196,0.429223744292237
"confounded_dense_n300_t02_r0030","confounded","dense","paper_adjusted",300,1000,1.5,30,40676744,"HDMT",0.05,"ok",FALSE,0.00999999999999091,"ties should not be present for the one-sample Kolmogorov-Smirnov test","","35840b29e38a2cd40f26400534e16879",3,0,3,204,0,0.0147058823529412
"confounded_dense_n300_t02_r0030","confounded","dense","paper_adjusted",300,1000,1.5,30,40676744,"MDACT",0.05,"ok",FALSE,0,"ties should not be present for the one-sample Kolmogorov-Smirnov test","","98ee5d48357530116a9f45ae6fe5b95a",1,0,1,204,0,0.00490196078431373
"confounded_dense_n300_t02_r0030","confounded","dense","paper_adjusted",300,1000,1.5,30,40676744,"MLFDR",0.05,"ok",FALSE,0.420000000000016,"","","7bb473130abba7a01560299fc427ba75",32,1,31,204,0.03125,0.151960784313725
"binary_dense_n300_t02_r0030","binary","dense","paper_adjusted",300,1000,1.5,30,257617918,"HDMT",0.05,"ok",FALSE,0.00999999999999091,"","","1a366bc1200335bbaa6213f844e93f1e",2,0,2,187,0,0.0106951871657754
"binary_dense_n300_t02_r0030","binary","dense","paper_adjusted",300,1000,1.5,30,257617918,"MDACT",0.05,"ok",FALSE,0,"","","2f6461044314807bab82395408d385b2",3,0,3,187,0,0.0160427807486631
"binary_dense_n300_t02_r0030","binary","dense","paper_adjusted",300,1000,1.5,30,257617918,"MLFDR",0.05,"ok",FALSE,5.39000000000004,"","","26f31ab7cccb7bcc0d28cbf76ceb7a24",134,24,110,187,0.17910447761194,0.588235294117647
"linear_sparse_n300_t03_r0030","linear","sparse","paper_adjusted",300,1000,1.9,30,152635922,"HDMT",0.05,"ok",FALSE,0.0199999999999818,"ties should not be present for the one-sample Kolmogorov-Smirnov test","","e8059238a3a01d0fb9195447e3d42cda",6,0,6,24,0,0.25
"linear_sparse_n300_t03_r0030","linear","sparse","paper_adjusted",300,1000,1.9,30,152635922,"MDACT",0.05,"ok",FALSE,0,"ties should not be present for the one-sample Kolmogorov-Smirnov test","","353fdf371cd085fd1ca45c8908a29d5c",12,0,12,24,0,0.5
"linear_sparse_n300_t03_r0030","linear","sparse","paper_adjusted",300,1000,1.9,30,152635922,"MLFDR",0.05,"ok",FALSE,0.240000000000009,"","","0bd4421a899c71213fa10b8a285b59b9",19,1,18,24,0.0526315789473684,0.75
"confounded_sparse_n300_t03_r0030","confounded","sparse","paper_adjusted",300,1000,1.9,30,227080995,"HDMT",0.05,"ok",FALSE,0.0300000000000296,"ties should not be present for the one-sample Kolmogorov-Smirnov test","","cb95d184969304046c8c14f7f7bcf863",5,1,4,24,0.2,0.166666666666667
"confounded_sparse_n300_t03_r0030","confounded","sparse","paper_adjusted",300,1000,1.9,30,227080995,"MDACT",0.05,"ok",FALSE,0.0199999999999818,"ties should not be present for the one-sample Kolmogorov-Smirnov test","","8586bda4afee2e2048a23a00a51a9837",5,1,4,24,0.2,0.166666666666667
"confounded_sparse_n300_t03_r0030","confounded","sparse","paper_adjusted",300,1000,1.9,30,227080995,"MLFDR",0.05,"ok",FALSE,0.339999999999975,"","","a7ba4cdc11724bd208d157bd8815fb2c",7,0,7,24,0,0.291666666666667
"binary_sparse_n300_t03_r0030","binary","sparse","paper_adjusted",300,1000,1.9,30,215941202,"HDMT",0.05,"ok",FALSE,0.0299999999999727,"","","d4081e256bdcde672e11f10954d17770",0,0,0,22,0,0
"binary_sparse_n300_t03_r0030","binary","sparse","paper_adjusted",300,1000,1.9,30,215941202,"MDACT",0.05,"ok",FALSE,0.0200000000000387,"","","bb99818e353be5b56cc7b4a29ad4a414",1,0,1,22,0,0.0454545454545455
"binary_sparse_n300_t03_r0030","binary","sparse","paper_adjusted",300,1000,1.9,30,215941202,"MLFDR",0.05,"ok",FALSE,0.310000000000002,"","","71e2677ce0dc123e8887e207912412dc",6,0,6,22,0,0.272727272727273
"linear_dense_n300_t03_r0030","linear","dense","paper_adjusted",300,1000,1.9,30,59455059,"HDMT",0.05,"ok",FALSE,0.0199999999999818,"ties should not be present for the one-sample Kolmogorov-Smirnov test","","2b5e9452c13bcb57d18540b9daa84ed9",53,3,50,198,0.0566037735849057,0.252525252525253
"linear_dense_n300_t03_r0030","linear","dense","paper_adjusted",300,1000,1.9,30,59455059,"MDACT",0.05,"ok",FALSE,0,"ties should not be present for the one-sample Kolmogorov-Smirnov test","","cb5d027318f2eee95180ef38f2e48388",72,7,65,198,0.0972222222222222,0.328282828282828
"linear_dense_n300_t03_r0030","linear","dense","paper_adjusted",300,1000,1.9,30,59455059,"MLFDR",0.05,"ok",FALSE,0.5,"","","bc56faed6f68ddb7078555a359fbd3e1",116,4,112,198,0.0344827586206897,0.565656565656566
"confounded_dense_n300_t03_r0030","confounded","dense","paper_adjusted",300,1000,1.9,30,162846725,"HDMT",0.05,"ok",FALSE,0.0299999999999727,"ties should not be present for the one-sample Kolmogorov-Smirnov test","","5183abb100d5b49343390b3578e85685",47,2,45,167,0.0425531914893617,0.269461077844311
"confounded_dense_n300_t03_r0030","confounded","dense","paper_adjusted",300,1000,1.9,30,162846725,"MDACT",0.05,"ok",FALSE,0.0199999999999818,"ties should not be present for the one-sample Kolmogorov-Smirnov test","","0fef9ca29bcff754522288b952335180",57,2,55,167,0.0350877192982456,0.329341317365269
"confounded_dense_n300_t03_r0030","confounded","dense","paper_adjusted",300,1000,1.9,30,162846725,"MLFDR",0.05,"ok",FALSE,0.370000000000005,"","","c635c9658d0dac827f3c8e36cd1d053b",94,1,93,167,0.0106382978723404,0.55688622754491
"binary_dense_n300_t03_r0030","binary","dense","paper_adjusted",300,1000,1.9,30,119560744,"HDMT",0.05,"ok",FALSE,0.0299999999999727,"","","a3aca8f4f35bb0dba3e636a1ebe22933",24,0,24,181,0,0.132596685082873
"binary_dense_n300_t03_r0030","binary","dense","paper_adjusted",300,1000,1.9,30,119560744,"MDACT",0.05,"ok",FALSE,0,"","","adbce4bb16f2802862ceb60b8ec30709",30,0,30,181,0,0.165745856353591
"binary_dense_n300_t03_r0030","binary","dense","paper_adjusted",300,1000,1.9,30,119560744,"MLFDR",0.05,"ok",FALSE,0.229999999999961,"","","677c6ce2c3f09a6fcfd3baf4075a91a2",78,3,75,181,0.0384615384615385,0.414364640883978
"linear_sparse_n300_t01_r0031","linear","sparse","paper_adjusted",300,1000,1.3,31,223326024,"HDMT",0.05,"ok",FALSE,0.0199999999999818,"ties should not be present for the one-sample Kolmogorov-Smirnov test","","900697fd51d90f3715ca55c96a5aeff4",3,0,3,18,0,0.166666666666667
"linear_sparse_n300_t01_r0031","linear","sparse","paper_adjusted",300,1000,1.3,31,223326024,"MDACT",0.05,"ok",FALSE,0,"ties should not be present for the one-sample Kolmogorov-Smirnov test","","ced1c24a297aea5987d7c7b1d88cddb4",0,0,0,18,0,0
"linear_sparse_n300_t01_r0031","linear","sparse","paper_adjusted",300,1000,1.3,31,223326024,"MLFDR",0.05,"ok",FALSE,0.560000000000002,"","","805784d4eb031f7086df80fed12f7514",3,0,3,18,0,0.166666666666667
"confounded_sparse_n300_t01_r0031","confounded","sparse","paper_adjusted",300,1000,1.3,31,19111412,"HDMT",0.05,"ok",FALSE,0.0300000000000296,"ties should not be present for the one-sample Kolmogorov-Smirnov test","","e5a0aec5956795c41ea4304f4eb1441f",0,0,0,15,0,0
"confounded_sparse_n300_t01_r0031","confounded","sparse","paper_adjusted",300,1000,1.3,31,19111412,"MDACT",0.05,"ok",FALSE,0.00999999999999091,"ties should not be present for the one-sample Kolmogorov-Smirnov test","","72fb7c810177391175f91696f7f1f20a",0,0,0,15,0,0
"confounded_sparse_n300_t01_r0031","confounded","sparse","paper_adjusted",300,1000,1.3,31,19111412,"MLFDR",0.05,"ok",FALSE,1.21999999999997,"","","3b37628ed8e3d442b009a3383975fd4c",0,0,0,15,0,0
"binary_sparse_n300_t01_r0031","binary","sparse","paper_adjusted",300,1000,1.3,31,89150362,"HDMT",0.05,"ok",FALSE,0.0300000000000296,"","","533fc87e622d36d1c7e0f64874814b7a",0,0,0,30,0,0
"binary_sparse_n300_t01_r0031","binary","sparse","paper_adjusted",300,1000,1.3,31,89150362,"MDACT",0.05,"ok",FALSE,0.00999999999999091,"","","29a1ddcf15aef629b3b07c167915ee14",1,0,1,30,0,0.0333333333333333
"binary_sparse_n300_t01_r0031","binary","sparse","paper_adjusted",300,1000,1.3,31,89150362,"MLFDR",0.05,"ok",FALSE,0.579999999999984,"","","0dc23ee6a4fb58ebd5ae83997f031c13",10,0,10,30,0,0.333333333333333
"linear_dense_n300_t01_r0031","linear","dense","paper_adjusted",300,1000,1.3,31,117655366,"HDMT",0.05,"ok",FALSE,0.0300000000000296,"ties should not be present for the one-sample Kolmogorov-Smirnov test","","6cd489131b813f435a8e6f0fd542291e",0,0,0,206,0,0
"linear_dense_n300_t01_r0031","linear","dense","paper_adjusted",300,1000,1.3,31,117655366,"MDACT",0.05,"ok",FALSE,0.00999999999999091,"ties should not be present for the one-sample Kolmogorov-Smirnov test","","ee7c9e604bf174f788ccf74208eb5291",1,0,1,206,0,0.00485436893203883
"linear_dense_n300_t01_r0031","linear","dense","paper_adjusted",300,1000,1.3,31,117655366,"MLFDR",0.05,"ok",FALSE,2.58999999999997,"","","c5782965eb20d5d5ba0d484fbbfa948d",23,1,22,206,0.0434782608695652,0.106796116504854
"confounded_dense_n300_t01_r0031","confounded","dense","paper_adjusted",300,1000,1.3,31,264180002,"HDMT",0.05,"ok",FALSE,0.0200000000000387,"ties should not be present for the one-sample Kolmogorov-Smirnov test","","573c3ca27fdeb3fd087f52be3e34f6d0",0,0,0,210,0,0
"confounded_dense_n300_t01_r0031","confounded","dense","paper_adjusted",300,1000,1.3,31,264180002,"MDACT",0.05,"ok",FALSE,0.0199999999999818,"ties should not be present for the one-sample Kolmogorov-Smirnov test","","96350867d29574da3c56634b3c60fc5a",0,0,0,210,0,0
"confounded_dense_n300_t01_r0031","confounded","dense","paper_adjusted",300,1000,1.3,31,264180002,"MLFDR",0.05,"ok",FALSE,0.79000000000002,"","","fec8e64aaf314728e2c4e2806b09a941",16,1,15,210,0.0625,0.0714285714285714
"binary_dense_n300_t01_r0031","binary","dense","paper_adjusted",300,1000,1.3,31,110770976,"HDMT",0.05,"ok",FALSE,0.0299999999999727,"","","d488b70d602b48ca12e193a572336ae1",9,1,8,202,0.111111111111111,0.0396039603960396
"binary_dense_n300_t01_r0031","binary","dense","paper_adjusted",300,1000,1.3,31,110770976,"MDACT",0.05,"ok",FALSE,0.0200000000000387,"","","851da8ce4245a58efb9cdbb1f9a4a8ad",10,1,9,202,0.1,0.0445544554455446
"binary_dense_n300_t01_r0031","binary","dense","paper_adjusted",300,1000,1.3,31,110770976,"MLFDR",0.05,"ok",FALSE,1.48000000000002,"","","709eef22c1a9947a3b325aaea62193d9",46,0,46,202,0,0.227722772277228
"linear_sparse_n300_t02_r0031","linear","sparse","paper_adjusted",300,1000,1.5,31,72255816,"HDMT",0.05,"ok",FALSE,0.0299999999999727,"ties should not be present for the one-sample Kolmogorov-Smirnov test","","433176332a426d9358f96ab05d9d8e87",1,0,1,15,0,0.0666666666666667
"linear_sparse_n300_t02_r0031","linear","sparse","paper_adjusted",300,1000,1.5,31,72255816,"MDACT",0.05,"ok",FALSE,0.00999999999999091,"ties should not be present for the one-sample Kolmogorov-Smirnov test","","cf3a7786d896994571ad74fbbb6ac818",1,0,1,15,0,0.0666666666666667
"linear_sparse_n300_t02_r0031","linear","sparse","paper_adjusted",300,1000,1.5,31,72255816,"MLFDR",0.05,"ok",FALSE,0.439999999999998,"","","c4057472536e29ff6b42cd1aaed7a422",2,0,2,15,0,0.133333333333333
"confounded_sparse_n300_t02_r0031","confounded","sparse","paper_adjusted",300,1000,1.5,31,262682193,"HDMT",0.05,"ok",FALSE,0.0199999999999818,"ties should not be present for the one-sample Kolmogorov-Smirnov test","","417cdcd138b964f242ac4f6a45106433",0,0,0,27,0,0
"confounded_sparse_n300_t02_r0031","confounded","sparse","paper_adjusted",300,1000,1.5,31,262682193,"MDACT",0.05,"ok",FALSE,0,"ties should not be present for the one-sample Kolmogorov-Smirnov test","","cf251fd1bb5feb9633f1985f9937feb0",0,0,0,27,0,0
"confounded_sparse_n300_t02_r0031","confounded","sparse","paper_adjusted",300,1000,1.5,31,262682193,"MLFDR",0.05,"ok",FALSE,0.560000000000002,"","","e11e9f0249a9cdc02e04d42ef8302447",2,0,2,27,0,0.0740740740740741
"binary_sparse_n300_t02_r0031","binary","sparse","paper_adjusted",300,1000,1.5,31,144317369,"HDMT",0.05,"ok",FALSE,0.0299999999999727,"","","df0d1d2a5dbffa8e1e49fdd022185d68",0,0,0,21,0,0
"binary_sparse_n300_t02_r0031","binary","sparse","paper_adjusted",300,1000,1.5,31,144317369,"MDACT",0.05,"ok",FALSE,0.0199999999999818,"","","4a34b919d3a0f0ebbbbb66d7fa428868",0,0,0,21,0,0
"binary_sparse_n300_t02_r0031","binary","sparse","paper_adjusted",300,1000,1.5,31,144317369,"MLFDR",0.05,"ok",FALSE,0.689999999999998,"","","b2273b54c468147d4be347362c8b015b",0,0,0,21,0,0
"linear_dense_n300_t02_r0031","linear","dense","paper_adjusted",300,1000,1.5,31,128167007,"HDMT",0.05,"ok",FALSE,0.0199999999999818,"ties should not be present for the one-sample Kolmogorov-Smirnov test","","e030f23a5fb68da8aefa6802e6366091",19,0,19,196,0,0.0969387755102041
"linear_dense_n300_t02_r0031","linear","dense","paper_adjusted",300,1000,1.5,31,128167007,"MDACT",0.05,"ok",FALSE,0,"ties should not be present for the one-sample Kolmogorov-Smirnov test","","f0edc04088370a11c917192cb199365a",26,0,26,196,0,0.13265306122449
"linear_dense_n300_t02_r0031","linear","dense","paper_adjusted",300,1000,1.5,31,128167007,"MLFDR",0.05,"ok",FALSE,2.41999999999996,"","","233bf3d923842e1fe773872fe0037bbd",83,5,78,196,0.0602409638554217,0.397959183673469
"confounded_dense_n300_t02_r0031","confounded","dense","paper_adjusted",300,1000,1.5,31,45675133,"HDMT",0.05,"ok",FALSE,0.0300000000000296,"ties should not be present for the one-sample Kolmogorov-Smirnov test","","ea36242573496f13b5611b9479118448",12,0,12,207,0,0.0579710144927536
"confounded_dense_n300_t02_r0031","confounded","dense","paper_adjusted",300,1000,1.5,31,45675133,"MDACT",0.05,"ok",FALSE,0.0699999999999932,"ties should not be present for the one-sample Kolmogorov-Smirnov test","","4298dd80d43d040ad5ef5a4b684d5c44",12,0,12,207,0,0.0579710144927536
"confounded_dense_n300_t02_r0031","confounded","dense","paper_adjusted",300,1000,1.5,31,45675133,"MLFDR",0.05,"ok",FALSE,0.579999999999984,"","","5fb37a44c41d2036314f2f2237440dcf",52,3,49,207,0.0576923076923077,0.236714975845411
"binary_dense_n300_t02_r0031","binary","dense","paper_adjusted",300,1000,1.5,31,184643976,"HDMT",0.05,"ok",FALSE,0.0299999999999727,"","","0bae4824145704c2b5599e363a896cf2",10,0,10,202,0,0.0495049504950495
"binary_dense_n300_t02_r0031","binary","dense","paper_adjusted",300,1000,1.5,31,184643976,"MDACT",0.05,"ok",FALSE,0,"","","a955cf979c3d3c319ebb677758a84bb8",10,0,10,202,0,0.0495049504950495
"binary_dense_n300_t02_r0031","binary","dense","paper_adjusted",300,1000,1.5,31,184643976,"MLFDR",0.05,"ok",FALSE,1.19,"","","8de1376aa9f9a59ec8007d9aaccbce4d",89,10,79,202,0.112359550561798,0.391089108910891
"linear_sparse_n300_t03_r0031","linear","sparse","paper_adjusted",300,1000,1.9,31,84994150,"HDMT",0.05,"ok",FALSE,0.0300000000000296,"ties should not be present for the one-sample Kolmogorov-Smirnov test","","26e2a565fa39cac761b6981ff34936f5",1,0,1,19,0,0.0526315789473684
"linear_sparse_n300_t03_r0031","linear","sparse","paper_adjusted",300,1000,1.9,31,84994150,"MDACT",0.05,"ok",FALSE,0.00999999999999091,"ties should not be present for the one-sample Kolmogorov-Smirnov test","","590c61166b6a184410fb34dfc47ae6e8",1,0,1,19,0,0.0526315789473684
"linear_sparse_n300_t03_r0031","linear","sparse","paper_adjusted",300,1000,1.9,31,84994150,"MLFDR",0.05,"ok",FALSE,0.419999999999959,"","","e69a6021ed12287822af9397ad6ccf1d",3,0,3,19,0,0.157894736842105
"confounded_sparse_n300_t03_r0031","confounded","sparse","paper_adjusted",300,1000,1.9,31,236284831,"HDMT",0.05,"ok",FALSE,0.0299999999999727,"ties should not be present for the one-sample Kolmogorov-Smirnov test","","bca87afc635aadb120c421bf7ea12f37",2,0,2,15,0,0.133333333333333
"confounded_sparse_n300_t03_r0031","confounded","sparse","paper_adjusted",300,1000,1.9,31,236284831,"MDACT",0.05,"ok",FALSE,0.0100000000000477,"ties should not be present for the one-sample Kolmogorov-Smirnov test","","67474c27d9a1396d540bd1d7bba960ae",2,0,2,15,0,0.133333333333333
"confounded_sparse_n300_t03_r0031","confounded","sparse","paper_adjusted",300,1000,1.9,31,236284831,"MLFDR",0.05,"ok",FALSE,1.11000000000001,"","","819e5f62ff563384e737ba1726a0cf75",5,0,5,15,0,0.333333333333333
"binary_sparse_n300_t03_r0031","binary","sparse","paper_adjusted",300,1000,1.9,31,120252281,"HDMT",0.05,"ok",FALSE,0.0299999999999727,"","","84cd2977306bf668cbfcd858f6824825",4,0,4,19,0,0.210526315789474
"binary_sparse_n300_t03_r0031","binary","sparse","paper_adjusted",300,1000,1.9,31,120252281,"MDACT",0.05,"ok",FALSE,0.0199999999999818,"","","428577c3a22609237c3f4843bb0af87e",6,0,6,19,0,0.315789473684211
"binary_sparse_n300_t03_r0031","binary","sparse","paper_adjusted",300,1000,1.9,31,120252281,"MLFDR",0.05,"ok",FALSE,1.18000000000001,"","","572e1ce72522bf671e8ef9be58e195c7",14,2,12,19,0.142857142857143,0.631578947368421
"linear_dense_n300_t03_r0031","linear","dense","paper_adjusted",300,1000,1.9,31,197879135,"HDMT",0.05,"ok",FALSE,0.0300000000000296,"ties should not be present for the one-sample Kolmogorov-Smirnov test","","f06cb7cb503698f7d3abd41550a9ce6b",41,1,40,179,0.024390243902439,0.223463687150838
"linear_dense_n300_t03_r0031","linear","dense","paper_adjusted",300,1000,1.9,31,197879135,"MDACT",0.05,"ok",FALSE,0,"ties should not be present for the one-sample Kolmogorov-Smirnov test","","25dc9b0efc0f31445b6c72af6cd2aaf5",49,1,48,179,0.0204081632653061,0.268156424581006
"linear_dense_n300_t03_r0031","linear","dense","paper_adjusted",300,1000,1.9,31,197879135,"MLFDR",0.05,"ok",FALSE,0.949999999999989,"","","30896165a2219e62c55e3cd8555c27f3",115,5,110,179,0.0434782608695652,0.614525139664804
"confounded_dense_n300_t03_r0031","confounded","dense","paper_adjusted",300,1000,1.9,31,11825750,"HDMT",0.05,"ok",FALSE,0.0300000000000296,"ties should not be present for the one-sample Kolmogorov-Smirnov test","","393222807ae66922fd5d37902923ba32",60,0,60,215,0,0.27906976744186
"confounded_dense_n300_t03_r0031","confounded","dense","paper_adjusted",300,1000,1.9,31,11825750,"MDACT",0.05,"ok",FALSE,0.0199999999999818,"ties should not be present for the one-sample Kolmogorov-Smirnov test","","d7dbac7dfd03e365b88f84a13057e222",70,0,70,215,0,0.325581395348837
"confounded_dense_n300_t03_r0031","confounded","dense","paper_adjusted",300,1000,1.9,31,11825750,"MLFDR",0.05,"ok",FALSE,0.560000000000002,"","","3000f5ba160423f1936e345f7256a6be",157,11,146,215,0.0700636942675159,0.67906976744186
"binary_dense_n300_t03_r0031","binary","dense","paper_adjusted",300,1000,1.9,31,28758428,"HDMT",0.05,"ok",FALSE,0.0300000000000296,"","","88078d81b076a2fa7ddce3eb4672aad4",44,1,43,182,0.0227272727272727,0.236263736263736
"binary_dense_n300_t03_r0031","binary","dense","paper_adjusted",300,1000,1.9,31,28758428,"MDACT",0.05,"ok",FALSE,0.0199999999999818,"","","11746a4f5672c37a159b59055443c43e",58,1,57,182,0.0172413793103448,0.313186813186813
"binary_dense_n300_t03_r0031","binary","dense","paper_adjusted",300,1000,1.9,31,28758428,"MLFDR",0.05,"ok",FALSE,0.419999999999959,"","","0a84e2d6b818d02719b015270a2d2cb7",104,2,102,182,0.0192307692307692,0.56043956043956
"linear_sparse_n300_t01_r0032","linear","sparse","paper_adjusted",300,1000,1.3,32,118117675,"HDMT",0.05,"ok",FALSE,0.0299999999999727,"ties should not be present for the one-sample Kolmogorov-Smirnov test","","6b3d86322f8757ddad19512066e58afd",0,0,0,24,0,0
"linear_sparse_n300_t01_r0032","linear","sparse","paper_adjusted",300,1000,1.3,32,118117675,"MDACT",0.05,"ok",FALSE,0.00999999999999091,"ties should not be present for the one-sample Kolmogorov-Smirnov test","","14a0ce4c52ad2d5595ba833fbd7f5900",1,0,1,24,0,0.0416666666666667
"linear_sparse_n300_t01_r0032","linear","sparse","paper_adjusted",300,1000,1.3,32,118117675,"MLFDR",0.05,"ok",FALSE,0.54000000000002,"","","4021309f9c38622b6095f557671ea779",1,0,1,24,0,0.0416666666666667
"confounded_sparse_n300_t01_r0032","confounded","sparse","paper_adjusted",300,1000,1.3,32,116925112,"HDMT",0.05,"ok",FALSE,0.0199999999999818,"ties should not be present for the one-sample Kolmogorov-Smirnov test","","7967145b8c08f2a64727702bfa441967",0,0,0,20,0,0
"confounded_sparse_n300_t01_r0032","confounded","sparse","paper_adjusted",300,1000,1.3,32,116925112,"MDACT",0.05,"ok",FALSE,0.00999999999999091,"ties should not be present for the one-sample Kolmogorov-Smirnov test","","9ed32343a5c6708ebe0f5e727b2c96db",0,0,0,20,0,0
"confounded_sparse_n300_t01_r0032","confounded","sparse","paper_adjusted",300,1000,1.3,32,116925112,"MLFDR",0.05,"ok",FALSE,1.48000000000002,"","","a7f8a8c438deb8e5e80064866a9f80b6",0,0,0,20,0,0
"binary_sparse_n300_t01_r0032","binary","sparse","paper_adjusted",300,1000,1.3,32,124398364,"HDMT",0.05,"ok",FALSE,0.00999999999999091,"","","2379c56c727c91c906a9d47899b5acf5",0,0,0,18,0,0
"binary_sparse_n300_t01_r0032","binary","sparse","paper_adjusted",300,1000,1.3,32,124398364,"MDACT",0.05,"ok",FALSE,0.00999999999999091,"","","0765d8499168da7890b56b352f03cd41",1,0,1,18,0,0.0555555555555556
"binary_sparse_n300_t01_r0032","binary","sparse","paper_adjusted",300,1000,1.3,32,124398364,"MLFDR",0.05,"ok",FALSE,0.370000000000005,"","","0f3d3238048780c356fbf21bafcd7c49",3,0,3,18,0,0.166666666666667
"linear_dense_n300_t01_r0032","linear","dense","paper_adjusted",300,1000,1.3,32,230126051,"HDMT",0.05,"ok",FALSE,0.0299999999999727,"ties should not be present for the one-sample Kolmogorov-Smirnov test","","d1f8c88ba361d5d5c909bd99e30c3e55",0,0,0,183,0,0
"linear_dense_n300_t01_r0032","linear","dense","paper_adjusted",300,1000,1.3,32,230126051,"MDACT",0.05,"ok",FALSE,0,"ties should not be present for the one-sample Kolmogorov-Smirnov test","","0d73607d3f9c9ef43d99abf8bd9c8246",0,0,0,183,0,0
"linear_dense_n300_t01_r0032","linear","dense","paper_adjusted",300,1000,1.3,32,230126051,"MLFDR",0.05,"ok",FALSE,0.819999999999993,"","","d54d24737b9636cdda659c786ffb151c",41,5,36,183,0.121951219512195,0.19672131147541
"confounded_dense_n300_t01_r0032","confounded","dense","paper_adjusted",300,1000,1.3,32,76113690,"HDMT",0.05,"ok",FALSE,0.0299999999999727,"ties should not be present for the one-sample Kolmogorov-Smirnov test","","15b59c5116948beccd1ea77e6f9db639",2,0,2,206,0,0.00970873786407767
"confounded_dense_n300_t01_r0032","confounded","dense","paper_adjusted",300,1000,1.3,32,76113690,"MDACT",0.05,"ok",FALSE,0,"ties should not be present for the one-sample Kolmogorov-Smirnov test","","277d5c0a6a04d4e6057f1d302c77708c",1,0,1,206,0,0.00485436893203883
"confounded_dense_n300_t01_r0032","confounded","dense","paper_adjusted",300,1000,1.3,32,76113690,"MLFDR",0.05,"ok",FALSE,0.550000000000011,"","","1514f138e6b44f328a2ba9e58314ae8c",28,1,27,206,0.0357142857142857,0.131067961165049
"binary_dense_n300_t01_r0032","binary","dense","paper_adjusted",300,1000,1.3,32,69722832,"HDMT",0.05,"ok",FALSE,0.0299999999999727,"","","9f701d234da1a41801aa41504183e9e2",9,0,9,195,0,0.0461538461538462
"binary_dense_n300_t01_r0032","binary","dense","paper_adjusted",300,1000,1.3,32,69722832,"MDACT",0.05,"ok",FALSE,0.0100000000000477,"","","63c683860dfbc1f11e2c9fe61ebe1ec0",10,0,10,195,0,0.0512820512820513
"binary_dense_n300_t01_r0032","binary","dense","paper_adjusted",300,1000,1.3,32,69722832,"MLFDR",0.05,"ok",FALSE,1.08999999999997,"","","36db2f45663f317985b1e34567396a5e",61,5,56,195,0.0819672131147541,0.287179487179487
"linear_sparse_n300_t02_r0032","linear","sparse","paper_adjusted",300,1000,1.5,32,253523230,"HDMT",0.05,"ok",FALSE,0.0299999999999727,"ties should not be present for the one-sample Kolmogorov-Smirnov test","","0880603cc0f7ff2c5cd60cffd7b66708",1,0,1,18,0,0.0555555555555556
"linear_sparse_n300_t02_r0032","linear","sparse","paper_adjusted",300,1000,1.5,32,253523230,"MDACT",0.05,"ok",FALSE,0.00999999999999091,"ties should not be present for the one-sample Kolmogorov-Smirnov test","","8622f19d01089a4dd6e2610e1a378b47",1,0,1,18,0,0.0555555555555556
"linear_sparse_n300_t02_r0032","linear","sparse","paper_adjusted",300,1000,1.5,32,253523230,"MLFDR",0.05,"ok",FALSE,1.52000000000004,"","","63a29187cb7000beaa5018ecdae13968",4,0,4,18,0,0.222222222222222
"confounded_sparse_n300_t02_r0032","confounded","sparse","paper_adjusted",300,1000,1.5,32,156038060,"HDMT",0.05,"ok",FALSE,0.0400000000000205,"ties should not be present for the one-sample Kolmogorov-Smirnov test","","3e2b7631e186b7562c7b0eb28b7a3f76",1,0,1,24,0,0.0416666666666667
"confounded_sparse_n300_t02_r0032","confounded","sparse","paper_adjusted",300,1000,1.5,32,156038060,"MDACT",0.05,"ok",FALSE,0.0199999999999818,"ties should not be present for the one-sample Kolmogorov-Smirnov test","","6df5cdb891f5d65fcd92f19c40cc07b1",1,0,1,24,0,0.0416666666666667
"confounded_sparse_n300_t02_r0032","confounded","sparse","paper_adjusted",300,1000,1.5,32,156038060,"MLFDR",0.05,"ok",FALSE,0.410000000000025,"","","207f117c310ec2911056db0844d4c199",6,0,6,24,0,0.25
"binary_sparse_n300_t02_r0032","binary","sparse","paper_adjusted",300,1000,1.5,32,176084695,"HDMT",0.05,"ok",FALSE,0.0300000000000296,"","","ebe7c917483efb0d252d79c54dabd710",1,0,1,21,0,0.0476190476190476
"binary_sparse_n300_t02_r0032","binary","sparse","paper_adjusted",300,1000,1.5,32,176084695,"MDACT",0.05,"ok",FALSE,0.0199999999999818,"","","25c72916f29b5c6f21a0a2bc87da05fe",1,0,1,21,0,0.0476190476190476
"binary_sparse_n300_t02_r0032","binary","sparse","paper_adjusted",300,1000,1.5,32,176084695,"MLFDR",0.05,"ok",FALSE,0.410000000000025,"","","d0aabce27e96d7b07dbff2af6f537b72",3,0,3,21,0,0.142857142857143
"linear_dense_n300_t02_r0032","linear","dense","paper_adjusted",300,1000,1.5,32,209631634,"HDMT",0.05,"ok",FALSE,0.0299999999999727,"ties should not be present for the one-sample Kolmogorov-Smirnov test","","0abd7cf99ef079f9eba16f9f82a922bc",1,0,1,231,0,0.00432900432900433
"linear_dense_n300_t02_r0032","linear","dense","paper_adjusted",300,1000,1.5,32,209631634,"MDACT",0.05,"ok",FALSE,0.0200000000000387,"ties should not be present for the one-sample Kolmogorov-Smirnov test","","b3dbec6069f9f2773ae8c5cf11eedb07",1,0,1,231,0,0.00432900432900433
"linear_dense_n300_t02_r0032","linear","dense","paper_adjusted",300,1000,1.5,32,209631634,"MLFDR",0.05,"ok",FALSE,2.06,"","","6c21e0b08a2ab7b171029d780a74a2ff",85,8,77,231,0.0941176470588235,0.333333333333333
"confounded_dense_n300_t02_r0032","confounded","dense","paper_adjusted",300,1000,1.5,32,235811259,"HDMT",0.05,"ok",FALSE,0.0199999999999818,"ties should not be present for the one-sample Kolmogorov-Smirnov test","","53262dc391215d8ba46ea0452d8afda1",8,0,8,197,0,0.0406091370558376
"confounded_dense_n300_t02_r0032","confounded","dense","paper_adjusted",300,1000,1.5,32,235811259,"MDACT",0.05,"ok",FALSE,0.00999999999999091,"ties should not be present for the one-sample Kolmogorov-Smirnov test","","86647efac0933d84004fb6166884dfad",15,0,15,197,0,0.0761421319796954
"confounded_dense_n300_t02_r0032","confounded","dense","paper_adjusted",300,1000,1.5,32,235811259,"MLFDR",0.05,"ok",FALSE,0.360000000000014,"","","9b485c330624c9bc1c70d7d4d4bb59dc",57,2,55,197,0.0350877192982456,0.279187817258883
"binary_dense_n300_t02_r0032","binary","dense","paper_adjusted",300,1000,1.5,32,83416821,"HDMT",0.05,"ok",FALSE,0.0299999999999727,"","","9b81cdc7c057f8af78efccd2eb555ab6",32,3,29,206,0.09375,0.140776699029126
"binary_dense_n300_t02_r0032","binary","dense","paper_adjusted",300,1000,1.5,32,83416821,"MDACT",0.05,"ok",FALSE,0.0200000000000387,"","","b949d22c07c184e0cebff4d58c8fafcb",36,3,33,206,0.0833333333333333,0.160194174757282
"binary_dense_n300_t02_r0032","binary","dense","paper_adjusted",300,1000,1.5,32,83416821,"MLFDR",0.05,"ok",FALSE,0.839999999999975,"","","8d4e616bcc0d31dda150f9461533af5c",73,6,67,206,0.0821917808219178,0.325242718446602
"linear_sparse_n300_t03_r0032","linear","sparse","paper_adjusted",300,1000,1.9,32,202426826,"HDMT",0.05,"ok",FALSE,0.0300000000000296,"ties should not be present for the one-sample Kolmogorov-Smirnov test","","d9b5402574687eee038850b76d56302c",0,0,0,19,0,0
"linear_sparse_n300_t03_r0032","linear","sparse","paper_adjusted",300,1000,1.9,32,202426826,"MDACT",0.05,"ok",FALSE,0,"ties should not be present for the one-sample Kolmogorov-Smirnov test","","91aab47dbd67cf6b8ff1c11ea5192659",1,0,1,19,0,0.0526315789473684
"linear_sparse_n300_t03_r0032","linear","sparse","paper_adjusted",300,1000,1.9,32,202426826,"MLFDR",0.05,"ok",FALSE,0.279999999999973,"","","c001483d540c32010d41ac74b5bb6c5b",5,0,5,19,0,0.263157894736842
"confounded_sparse_n300_t03_r0032","confounded","sparse","paper_adjusted",300,1000,1.9,32,31566861,"HDMT",0.05,"ok",FALSE,0.0200000000000387,"ties should not be present for the one-sample Kolmogorov-Smirnov test","","754b8412f179ecaa26bf044ee22a4179",4,1,3,15,0.25,0.2
"confounded_sparse_n300_t03_r0032","confounded","sparse","paper_adjusted",300,1000,1.9,32,31566861,"MDACT",0.05,"ok",FALSE,0.00999999999999091,"ties should not be present for the one-sample Kolmogorov-Smirnov test","","6bc516a085f4f9afe168d46d39adb251",4,1,3,15,0.25,0.2
"confounded_sparse_n300_t03_r0032","confounded","sparse","paper_adjusted",300,1000,1.9,32,31566861,"MLFDR",0.05,"ok",FALSE,0.340000000000032,"","","5ca61be32371a626b0a534ba7ab320b0",4,0,4,15,0,0.266666666666667
"binary_sparse_n300_t03_r0032","binary","sparse","paper_adjusted",300,1000,1.9,32,46762478,"HDMT",0.05,"ok",FALSE,0.00999999999999091,"","","e1a760c856fc13705ccbe52eb0f33445",2,0,2,21,0,0.0952380952380952
"binary_sparse_n300_t03_r0032","binary","sparse","paper_adjusted",300,1000,1.9,32,46762478,"MDACT",0.05,"ok",FALSE,0,"","","421396aa0284af07cdf018ff7676ab72",2,0,2,21,0,0.0952380952380952
"binary_sparse_n300_t03_r0032","binary","sparse","paper_adjusted",300,1000,1.9,32,46762478,"MLFDR",0.05,"ok",FALSE,1.04000000000002,"","","1b2b2f4a46e11a95be2c36840f2c74eb",3,0,3,21,0,0.142857142857143
"linear_dense_n300_t03_r0032","linear","dense","paper_adjusted",300,1000,1.9,32,166447550,"HDMT",0.05,"ok",FALSE,0.00999999999999091,"ties should not be present for the one-sample Kolmogorov-Smirnov test","","0d06ee4f37975f72a587688938bf5327",38,0,38,183,0,0.207650273224044
"linear_dense_n300_t03_r0032","linear","dense","paper_adjusted",300,1000,1.9,32,166447550,"MDACT",0.05,"ok",FALSE,0.00999999999999091,"ties should not be present for the one-sample Kolmogorov-Smirnov test","","25b6b25956c22d66dc7561f3548341ab",47,0,47,183,0,0.256830601092896
"linear_dense_n300_t03_r0032","linear","dense","paper_adjusted",300,1000,1.9,32,166447550,"MLFDR",0.05,"ok",FALSE,0.560000000000002,"","","f1be42cb7a69bafa9c8fbade64bedc1b",104,5,99,183,0.0480769230769231,0.540983606557377
"confounded_dense_n300_t03_r0032","confounded","dense","paper_adjusted",300,1000,1.9,32,69800138,"HDMT",0.05,"ok",FALSE,0.0199999999999818,"ties should not be present for the one-sample Kolmogorov-Smirnov test","","87ef49e44de2d38b393c14e5eeed65d8",26,0,26,193,0,0.134715025906736
"confounded_dense_n300_t03_r0032","confounded","dense","paper_adjusted",300,1000,1.9,32,69800138,"MDACT",0.05,"ok",FALSE,0,"ties should not be present for the one-sample Kolmogorov-Smirnov test","","332f798262820d77c81b7b006eaaab3e",27,0,27,193,0,0.139896373056995
"confounded_dense_n300_t03_r0032","confounded","dense","paper_adjusted",300,1000,1.9,32,69800138,"MLFDR",0.05,"ok",FALSE,0.420000000000016,"","","6d1b748bf334ab2dc4eec28420ca83aa",77,1,76,193,0.012987012987013,0.393782383419689
"binary_dense_n300_t03_r0032","binary","dense","paper_adjusted",300,1000,1.9,32,140322225,"HDMT",0.05,"ok",FALSE,0.0299999999999727,"","","0cc185c919d615f80ca4ea131292c2de",43,1,42,201,0.0232558139534884,0.208955223880597
"binary_dense_n300_t03_r0032","binary","dense","paper_adjusted",300,1000,1.9,32,140322225,"MDACT",0.05,"ok",FALSE,0.00999999999999091,"","","d919686bebf44956e9279bd1bc3abf24",59,3,56,201,0.0508474576271186,0.278606965174129
"binary_dense_n300_t03_r0032","binary","dense","paper_adjusted",300,1000,1.9,32,140322225,"MLFDR",0.05,"ok",FALSE,0.470000000000027,"","","f860a6f7df32c418f038be0a57f82064",117,8,109,201,0.0683760683760684,0.54228855721393
"linear_sparse_n300_t01_r0033","linear","sparse","paper_adjusted",300,1000,1.3,33,191665436,"HDMT",0.05,"ok",FALSE,0.0400000000000205,"ties should not be present for the one-sample Kolmogorov-Smirnov test","","873595e08e3153ae5b0b5d16d245c199",2,0,2,25,0,0.08
"linear_sparse_n300_t01_r0033","linear","sparse","paper_adjusted",300,1000,1.3,33,191665436,"MDACT",0.05,"ok",FALSE,0.0199999999999818,"ties should not be present for the one-sample Kolmogorov-Smirnov test","","379ecc7def7f677e02215f920827b7d7",0,0,0,25,0,0
"linear_sparse_n300_t01_r0033","linear","sparse","paper_adjusted",300,1000,1.3,33,191665436,"MLFDR",0.05,"ok",FALSE,1.66000000000003,"","","aefc4de51531e8b76642df896554ef9d",4,1,3,25,0.25,0.12
"confounded_sparse_n300_t01_r0033","confounded","sparse","paper_adjusted",300,1000,1.3,33,99379417,"HDMT",0.05,"ok",FALSE,0.0300000000000296,"ties should not be present for the one-sample Kolmogorov-Smirnov test","","4a6117d4570f492f3fec6f145aaa4729",4,0,4,17,0,0.235294117647059
"confounded_sparse_n300_t01_r0033","confounded","sparse","paper_adjusted",300,1000,1.3,33,99379417,"MDACT",0.05,"ok",FALSE,0.0199999999999818,"ties should not be present for the one-sample Kolmogorov-Smirnov test","","5d9ffcf452efe38c72980313a1d109fb",4,0,4,17,0,0.235294117647059
"confounded_sparse_n300_t01_r0033","confounded","sparse","paper_adjusted",300,1000,1.3,33,99379417,"MLFDR",0.05,"ok",FALSE,1.54000000000002,"","","b2b3fcb340ab6973159499228d5289dc",9,2,7,17,0.222222222222222,0.411764705882353
"binary_sparse_n300_t01_r0033","binary","sparse","paper_adjusted",300,1000,1.3,33,56386756,"HDMT",0.05,"ok",FALSE,0.00999999999999091,"","","ca36263248d5e78666dc12eba8efba8d",0,0,0,23,0,0
"binary_sparse_n300_t01_r0033","binary","sparse","paper_adjusted",300,1000,1.3,33,56386756,"MDACT",0.05,"ok",FALSE,0.00999999999999091,"","","011fcda9a5b7496984a7ec9278223d89",1,0,1,23,0,0.0434782608695652
"binary_sparse_n300_t01_r0033","binary","sparse","paper_adjusted",300,1000,1.3,33,56386756,"MLFDR",0.05,"ok",FALSE,0.610000000000014,"","","86a6be577a5060e9f63eb354d7a46c51",1,0,1,23,0,0.0434782608695652
"linear_dense_n300_t01_r0033","linear","dense","paper_adjusted",300,1000,1.3,33,177964042,"HDMT",0.05,"ok",FALSE,0.0300000000000296,"ties should not be present for the one-sample Kolmogorov-Smirnov test","","f588238f20c1c4eb4a0590af1a4e2840",1,0,1,208,0,0.00480769230769231
"linear_dense_n300_t01_r0033","linear","dense","paper_adjusted",300,1000,1.3,33,177964042,"MDACT",0.05,"ok",FALSE,0.0199999999999818,"ties should not be present for the one-sample Kolmogorov-Smirnov test","","1dd291b3783d591f5b453812ef26d428",1,0,1,208,0,0.00480769230769231
"linear_dense_n300_t01_r0033","linear","dense","paper_adjusted",300,1000,1.3,33,177964042,"MLFDR",0.05,"ok",FALSE,0.660000000000025,"","","30775865664cd862b26afda1d6978cf8",47,3,44,208,0.0638297872340425,0.211538461538462
"confounded_dense_n300_t01_r0033","confounded","dense","paper_adjusted",300,1000,1.3,33,86506857,"HDMT",0.05,"ok",FALSE,0.00999999999999091,"ties should not be present for the one-sample Kolmogorov-Smirnov test","","0b10b529d8066f8fcd961468c9fa4a4b",16,1,15,200,0.0625,0.075
"confounded_dense_n300_t01_r0033","confounded","dense","paper_adjusted",300,1000,1.3,33,86506857,"MDACT",0.05,"ok",FALSE,0,"ties should not be present for the one-sample Kolmogorov-Smirnov test","","e107e35d011042f3cca0f60d2e2ae572",16,1,15,200,0.0625,0.075
"confounded_dense_n300_t01_r0033","confounded","dense","paper_adjusted",300,1000,1.3,33,86506857,"MLFDR",0.05,"ok",FALSE,0.449999999999989,"","","a123e6485fd656440c4e0989341452b8",64,5,59,200,0.078125,0.295
"binary_dense_n300_t01_r0033","binary","dense","paper_adjusted",300,1000,1.3,33,211163182,"HDMT",0.05,"ok",FALSE,0.0400000000000205,"","","41aed0fa0fd2862a8ed1bd91d6498f7a",6,0,6,192,0,0.03125
"binary_dense_n300_t01_r0033","binary","dense","paper_adjusted",300,1000,1.3,33,211163182,"MDACT",0.05,"ok",FALSE,0.0199999999999818,"","","0c7bca205fd6d32aef45c1dc0e1d1b94",6,0,6,192,0,0.03125
"binary_dense_n300_t01_r0033","binary","dense","paper_adjusted",300,1000,1.3,33,211163182,"MLFDR",0.05,"ok",FALSE,1.67000000000002,"","","84f78cac9837d4c2be2bfbed1a8ed7c5",32,4,28,192,0.125,0.145833333333333
"linear_sparse_n300_t02_r0033","linear","sparse","paper_adjusted",300,1000,1.5,33,160525997,"HDMT",0.05,"ok",FALSE,0.0299999999999727,"ties should not be present for the one-sample Kolmogorov-Smirnov test","","77377189a24c6555937ac75618433afa",0,0,0,23,0,0
"linear_sparse_n300_t02_r0033","linear","sparse","paper_adjusted",300,1000,1.5,33,160525997,"MDACT",0.05,"ok",FALSE,0,"ties should not be present for the one-sample Kolmogorov-Smirnov test","","bb7eccd71054f35d735009fe81c438e9",1,0,1,23,0,0.0434782608695652
"linear_sparse_n300_t02_r0033","linear","sparse","paper_adjusted",300,1000,1.5,33,160525997,"MLFDR",0.05,"ok",FALSE,0.319999999999993,"","","f53d2e6cfdeffb6b434cf5e206053d19",8,0,8,23,0,0.347826086956522
"confounded_sparse_n300_t02_r0033","confounded","sparse","paper_adjusted",300,1000,1.5,33,247808064,"HDMT",0.05,"ok",FALSE,0.0199999999999818,"ties should not be present for the one-sample Kolmogorov-Smirnov test","","40fa4de4924ad9577a61a7c0c98d59ac",1,0,1,26,0,0.0384615384615385
"confounded_sparse_n300_t02_r0033","confounded","sparse","paper_adjusted",300,1000,1.5,33,247808064,"MDACT",0.05,"ok",FALSE,0.00999999999999091,"ties should not be present for the one-sample Kolmogorov-Smirnov test","","7f4a0b8ed8ee6ec1dc382d5f1dc5e2a4",1,0,1,26,0,0.0384615384615385
"confounded_sparse_n300_t02_r0033","confounded","sparse","paper_adjusted",300,1000,1.5,33,247808064,"MLFDR",0.05,"ok",FALSE,0.970000000000027,"","","661c60653afdf9d29f6313350b4cc07f",3,0,3,26,0,0.115384615384615
"binary_sparse_n300_t02_r0033","binary","sparse","paper_adjusted",300,1000,1.5,33,52087793,"HDMT",0.05,"ok",FALSE,0.00999999999999091,"","","05d5eb2c34348a5da6746d886873e6a9",0,0,0,22,0,0
"binary_sparse_n300_t02_r0033","binary","sparse","paper_adjusted",300,1000,1.5,33,52087793,"MDACT",0.05,"ok",FALSE,0.00999999999999091,"","","c6121b5f9efc228bead4314659b77e83",1,0,1,22,0,0.0454545454545455
"binary_sparse_n300_t02_r0033","binary","sparse","paper_adjusted",300,1000,1.5,33,52087793,"MLFDR",0.05,"ok",FALSE,0.889999999999986,"","","e56d111a4acb927aaa47a46424ea0cae",3,0,3,22,0,0.136363636363636
"linear_dense_n300_t02_r0033","linear","dense","paper_adjusted",300,1000,1.5,33,42522626,"HDMT",0.05,"ok",FALSE,0.0199999999999818,"ties should not be present for the one-sample Kolmogorov-Smirnov test","","86b41bf3afe40d899b46ede8ed8d7ca6",1,0,1,208,0,0.00480769230769231
"linear_dense_n300_t02_r0033","linear","dense","paper_adjusted",300,1000,1.5,33,42522626,"MDACT",0.05,"ok",FALSE,0,"ties should not be present for the one-sample Kolmogorov-Smirnov test","","0971f992ab734e00e07c988b25fc16b2",1,0,1,208,0,0.00480769230769231
"linear_dense_n300_t02_r0033","linear","dense","paper_adjusted",300,1000,1.5,33,42522626,"MLFDR",0.05,"ok",FALSE,0.519999999999982,"","","4b3ce274a6aeb21db03df5055a6862bb",50,0,50,208,0,0.240384615384615
"confounded_dense_n300_t02_r0033","confounded","dense","paper_adjusted",300,1000,1.5,33,45219622,"HDMT",0.05,"ok",FALSE,0.0299999999999727,"ties should not be present for the one-sample Kolmogorov-Smirnov test","","2de1d5dc1f2085c89278366e5c7b5ab6",13,0,13,203,0,0.0640394088669951
"confounded_dense_n300_t02_r0033","confounded","dense","paper_adjusted",300,1000,1.5,33,45219622,"MDACT",0.05,"ok",FALSE,0,"ties should not be present for the one-sample Kolmogorov-Smirnov test","","15f680b1f20f55b8890529559021c498",14,0,14,203,0,0.0689655172413793
"confounded_dense_n300_t02_r0033","confounded","dense","paper_adjusted",300,1000,1.5,33,45219622,"MLFDR",0.05,"ok",FALSE,0.96999999999997,"","","52f724bb724c1b87938b3e3c1d7c8af4",53,2,51,203,0.0377358490566038,0.251231527093596
"binary_dense_n300_t02_r0033","binary","dense","paper_adjusted",300,1000,1.5,33,178167664,"HDMT",0.05,"ok",FALSE,0.00999999999999091,"","","468d9de598580c0030ddf5ba6c56e350",14,0,14,201,0,0.0696517412935323
"binary_dense_n300_t02_r0033","binary","dense","paper_adjusted",300,1000,1.5,33,178167664,"MDACT",0.05,"ok",FALSE,0.00999999999999091,"","","bfaf2464b34cff1d4be6c700885c4d86",24,0,24,201,0,0.119402985074627
"binary_dense_n300_t02_r0033","binary","dense","paper_adjusted",300,1000,1.5,33,178167664,"MLFDR",0.05,"ok",FALSE,0.680000000000007,"","","ce9188587f2aecca2a7c14a68c54258c",81,2,79,201,0.0246913580246914,0.393034825870647
"linear_sparse_n300_t03_r0033","linear","sparse","paper_adjusted",300,1000,1.9,33,255368019,"HDMT",0.05,"ok",FALSE,0.0300000000000296,"ties should not be present for the one-sample Kolmogorov-Smirnov test","","fc9f2560ee82f7d5f47e4b71249daf7d",2,0,2,22,0,0.0909090909090909
"linear_sparse_n300_t03_r0033","linear","sparse","paper_adjusted",300,1000,1.9,33,255368019,"MDACT",0.05,"ok",FALSE,0.00999999999999091,"ties should not be present for the one-sample Kolmogorov-Smirnov test","","9d124c7c9d427d0a00088b33917294d4",2,0,2,22,0,0.0909090909090909
"linear_sparse_n300_t03_r0033","linear","sparse","paper_adjusted",300,1000,1.9,33,255368019,"MLFDR",0.05,"ok",FALSE,0.729999999999961,"","","697a99da15fe7419cb8b09674ed13269",2,0,2,22,0,0.0909090909090909
"confounded_sparse_n300_t03_r0033","confounded","sparse","paper_adjusted",300,1000,1.9,33,146005899,"HDMT",0.05,"ok",FALSE,0.00999999999999091,"ties should not be present for the one-sample Kolmogorov-Smirnov test","","068e884c60a620ea78f30b254a591b96",1,0,1,22,0,0.0454545454545455
"confounded_sparse_n300_t03_r0033","confounded","sparse","paper_adjusted",300,1000,1.9,33,146005899,"MDACT",0.05,"ok",FALSE,0.00999999999999091,"ties should not be present for the one-sample Kolmogorov-Smirnov test","","fe89d1f791fc321143242eb18b62af62",1,0,1,22,0,0.0454545454545455
"confounded_sparse_n300_t03_r0033","confounded","sparse","paper_adjusted",300,1000,1.9,33,146005899,"MLFDR",0.05,"ok",FALSE,0.310000000000002,"","","040bdb76747f5e9f3a4cf7628aa0ad05",6,1,5,22,0.166666666666667,0.227272727272727
"binary_sparse_n300_t03_r0033","binary","sparse","paper_adjusted",300,1000,1.9,33,209644975,"HDMT",0.05,"ok",FALSE,0.0199999999999818,"","","213c92f52519d02c20cf4d69c18ff7d7",0,0,0,20,0,0
"binary_sparse_n300_t03_r0033","binary","sparse","paper_adjusted",300,1000,1.9,33,209644975,"MDACT",0.05,"ok",FALSE,0,"","","b797eeceaa80f23f5e080be3ab7e6f79",0,0,0,20,0,0
"binary_sparse_n300_t03_r0033","binary","sparse","paper_adjusted",300,1000,1.9,33,209644975,"MLFDR",0.05,"ok",FALSE,0.390000000000043,"","","c22af76ad1689b286c5deb71343b2fff",3,1,2,20,0.333333333333333,0.1
"linear_dense_n300_t03_r0033","linear","dense","paper_adjusted",300,1000,1.9,33,178425648,"HDMT",0.05,"ok",FALSE,0.0299999999999727,"ties should not be present for the one-sample Kolmogorov-Smirnov test","","1d5389f772ea80899147c45f0be4b758",33,1,32,202,0.0303030303030303,0.158415841584158
"linear_dense_n300_t03_r0033","linear","dense","paper_adjusted",300,1000,1.9,33,178425648,"MDACT",0.05,"ok",FALSE,0,"ties should not be present for the one-sample Kolmogorov-Smirnov test","","6bfe00623ebfbf01b47c5f8c98487002",41,1,40,202,0.024390243902439,0.198019801980198
"linear_dense_n300_t03_r0033","linear","dense","paper_adjusted",300,1000,1.9,33,178425648,"MLFDR",0.05,"ok",FALSE,0.329999999999984,"","","264f4c1aad0367d35871920ad4d7c624",124,11,113,202,0.0887096774193548,0.559405940594059
"confounded_dense_n300_t03_r0033","confounded","dense","paper_adjusted",300,1000,1.9,33,60947079,"HDMT",0.05,"ok",FALSE,0.0299999999999727,"ties should not be present for the one-sample Kolmogorov-Smirnov test","","7eb3357b508eb882eb0c7764bf601e9e",33,0,33,190,0,0.173684210526316
"confounded_dense_n300_t03_r0033","confounded","dense","paper_adjusted",300,1000,1.9,33,60947079,"MDACT",0.05,"ok",FALSE,0.0199999999999818,"ties should not be present for the one-sample Kolmogorov-Smirnov test","","fa3eeb8d2e2fe890d4c3ef9d77928ec5",37,0,37,190,0,0.194736842105263
"confounded_dense_n300_t03_r0033","confounded","dense","paper_adjusted",300,1000,1.9,33,60947079,"MLFDR",0.05,"ok",FALSE,0.890000000000043,"","","1fa0de16e83ccdc70d3cd1559a130e67",99,3,96,190,0.0303030303030303,0.505263157894737
"binary_dense_n300_t03_r0033","binary","dense","paper_adjusted",300,1000,1.9,33,97975669,"HDMT",0.05,"ok",FALSE,0.0100000000000477,"","","bbed2f0431cc11bba79daf4101633263",25,1,24,202,0.04,0.118811881188119
"binary_dense_n300_t03_r0033","binary","dense","paper_adjusted",300,1000,1.9,33,97975669,"MDACT",0.05,"ok",FALSE,0.00999999999999091,"","","e9ce5c5e16437eaa6f3e6865f72a7a8f",36,2,34,202,0.0555555555555556,0.168316831683168
"binary_dense_n300_t03_r0033","binary","dense","paper_adjusted",300,1000,1.9,33,97975669,"MLFDR",0.05,"ok",FALSE,0.270000000000039,"","","75b41a5fd2255d23259860ebbea36df4",97,0,97,202,0,0.48019801980198
"linear_sparse_n300_t01_r0034","linear","sparse","paper_adjusted",300,1000,1.3,34,125064587,"HDMT",0.05,"ok",FALSE,0.0299999999999727,"ties should not be present for the one-sample Kolmogorov-Smirnov test","","b49876c305b5dc9e69e107a186607ee4",0,0,0,15,0,0
"linear_sparse_n300_t01_r0034","linear","sparse","paper_adjusted",300,1000,1.3,34,125064587,"MDACT",0.05,"ok",FALSE,0,"ties should not be present for the one-sample Kolmogorov-Smirnov test","","7c2fad80df7ff8ff8442e6413b7fb772",0,0,0,15,0,0
"linear_sparse_n300_t01_r0034","linear","sparse","paper_adjusted",300,1000,1.3,34,125064587,"MLFDR",0.05,"ok",FALSE,1.63999999999999,"","","8062dc59785f01c0653cf63797ad4a8b",0,0,0,15,0,0
"confounded_sparse_n300_t01_r0034","confounded","sparse","paper_adjusted",300,1000,1.3,34,251612288,"HDMT",0.05,"ok",FALSE,0.0199999999999818,"ties should not be present for the one-sample Kolmogorov-Smirnov test","","2adc6ebe757cb481c4d40d034b457540",0,0,0,16,0,0
"confounded_sparse_n300_t01_r0034","confounded","sparse","paper_adjusted",300,1000,1.3,34,251612288,"MDACT",0.05,"ok",FALSE,0.00999999999999091,"ties should not be present for the one-sample Kolmogorov-Smirnov test","","2c06eb26c486fc09b9c220224656aeff",0,0,0,16,0,0
"confounded_sparse_n300_t01_r0034","confounded","sparse","paper_adjusted",300,1000,1.3,34,251612288,"MLFDR",0.05,"ok",FALSE,2.56,"","","656dbe8ae3d3eafcc0c3dd8f312d3297",0,0,0,16,0,0
"binary_sparse_n300_t01_r0034","binary","sparse","paper_adjusted",300,1000,1.3,34,188797559,"HDMT",0.05,"ok",FALSE,0.0199999999999818,"","","e6d8d94a91c68ad97be85f4862d5c0fb",3,0,3,18,0,0.166666666666667
"binary_sparse_n300_t01_r0034","binary","sparse","paper_adjusted",300,1000,1.3,34,188797559,"MDACT",0.05,"ok",FALSE,0,"","","040178fc025fa85fa362247609447a39",1,0,1,18,0,0.0555555555555556
"binary_sparse_n300_t01_r0034","binary","sparse","paper_adjusted",300,1000,1.3,34,188797559,"MLFDR",0.05,"ok",FALSE,1.19,"","","c023ebe9820357823d7c67dc1970795d",8,2,6,18,0.25,0.333333333333333
"linear_dense_n300_t01_r0034","linear","dense","paper_adjusted",300,1000,1.3,34,110490738,"HDMT",0.05,"ok",FALSE,0.0300000000000296,"ties should not be present for the one-sample Kolmogorov-Smirnov test","","d0ce545fd904fafd45db452ce8792359",1,0,1,191,0,0.00523560209424084
"linear_dense_n300_t01_r0034","linear","dense","paper_adjusted",300,1000,1.3,34,110490738,"MDACT",0.05,"ok",FALSE,0.00999999999999091,"ties should not be present for the one-sample Kolmogorov-Smirnov test","","520caa17a5406ce787e6e44effb6323a",1,0,1,191,0,0.00523560209424084
"linear_dense_n300_t01_r0034","linear","dense","paper_adjusted",300,1000,1.3,34,110490738,"MLFDR",0.05,"ok",FALSE,0.840000000000032,"","","14a727afc6daf5fef383a002fbdfef52",45,2,43,191,0.0444444444444444,0.225130890052356
"confounded_dense_n300_t01_r0034","confounded","dense","paper_adjusted",300,1000,1.3,34,117314208,"HDMT",0.05,"ok",FALSE,0.0300000000000296,"ties should not be present for the one-sample Kolmogorov-Smirnov test","","3aa8c44539219c44404f255cf424ea38",6,0,6,186,0,0.032258064516129
"confounded_dense_n300_t01_r0034","confounded","dense","paper_adjusted",300,1000,1.3,34,117314208,"MDACT",0.05,"ok",FALSE,0,"ties should not be present for the one-sample Kolmogorov-Smirnov test","","f9ad879f3488b769774722116badaf84",8,0,8,186,0,0.043010752688172
"confounded_dense_n300_t01_r0034","confounded","dense","paper_adjusted",300,1000,1.3,34,117314208,"MLFDR",0.05,"ok",FALSE,3.27999999999997,"","","59faf157a4bdb891577bc58825c36111",79,10,69,186,0.126582278481013,0.370967741935484
"binary_dense_n300_t01_r0034","binary","dense","paper_adjusted",300,1000,1.3,34,214926502,"HDMT",0.05,"ok",FALSE,0.00999999999999091,"","","9da23be3ad5b581d16f12b4c5e36e166",2,0,2,198,0,0.0101010101010101
"binary_dense_n300_t01_r0034","binary","dense","paper_adjusted",300,1000,1.3,34,214926502,"MDACT",0.05,"ok",FALSE,0,"","","40a0af48e110e1ae45cf3013548bbdc9",1,0,1,198,0,0.00505050505050505
"binary_dense_n300_t01_r0034","binary","dense","paper_adjusted",300,1000,1.3,34,214926502,"MLFDR",0.05,"ok",FALSE,1.47000000000003,"","","dc52a0c2dc369d49de90dad6a9c0708b",34,5,29,198,0.147058823529412,0.146464646464646
"linear_sparse_n300_t02_r0034","linear","sparse","paper_adjusted",300,1000,1.5,34,19180610,"HDMT",0.05,"ok",FALSE,0.0300000000000296,"ties should not be present for the one-sample Kolmogorov-Smirnov test","","7a06572c57d5059d69a1918e7b9c23c4",0,0,0,11,0,0
"linear_sparse_n300_t02_r0034","linear","sparse","paper_adjusted",300,1000,1.5,34,19180610,"MDACT",0.05,"ok",FALSE,0.00999999999999091,"ties should not be present for the one-sample Kolmogorov-Smirnov test","","e91e64130d706f6ee46790d78a3321c7",1,0,1,11,0,0.0909090909090909
"linear_sparse_n300_t02_r0034","linear","sparse","paper_adjusted",300,1000,1.5,34,19180610,"MLFDR",0.05,"ok",FALSE,0.560000000000002,"","","45085be617d4e195c2eb2caae9291d04",1,0,1,11,0,0.0909090909090909
"confounded_sparse_n300_t02_r0034","confounded","sparse","paper_adjusted",300,1000,1.5,34,215120777,"HDMT",0.05,"ok",FALSE,0.0299999999999727,"ties should not be present for the one-sample Kolmogorov-Smirnov test","","d92b63865714b710501c59f71099e169",0,0,0,19,0,0
"confounded_sparse_n300_t02_r0034","confounded","sparse","paper_adjusted",300,1000,1.5,34,215120777,"MDACT",0.05,"ok",FALSE,0.0199999999999818,"ties should not be present for the one-sample Kolmogorov-Smirnov test","","5be7f6b4ed86cb91de685e04f41b8228",1,0,1,19,0,0.0526315789473684
"confounded_sparse_n300_t02_r0034","confounded","sparse","paper_adjusted",300,1000,1.5,34,215120777,"MLFDR",0.05,"ok",FALSE,0.379999999999995,"","","21c8e4c8129deab4472a2434ff212d7b",2,0,2,19,0,0.105263157894737
"binary_sparse_n300_t02_r0034","binary","sparse","paper_adjusted",300,1000,1.5,34,16980918,"HDMT",0.05,"ok",FALSE,0.0200000000000387,"","","b305108873f46a8840bfee977c581a2c",1,0,1,16,0,0.0625
"binary_sparse_n300_t02_r0034","binary","sparse","paper_adjusted",300,1000,1.5,34,16980918,"MDACT",0.05,"ok",FALSE,0.00999999999999091,"","","f159c7ceb6ec1fa880f5dfc95ce554a2",1,0,1,16,0,0.0625
"binary_sparse_n300_t02_r0034","binary","sparse","paper_adjusted",300,1000,1.5,34,16980918,"MLFDR",0.05,"ok",FALSE,0.930000000000007,"","","d57760fbbc89a2a3c40c83542d6dceff",4,1,3,16,0.25,0.1875
"linear_dense_n300_t02_r0034","linear","dense","paper_adjusted",300,1000,1.5,34,89123374,"HDMT",0.05,"ok",FALSE,0.0299999999999727,"ties should not be present for the one-sample Kolmogorov-Smirnov test","","3e65a9fd857ca2b219d47dbaad0a9bb9",20,1,19,223,0.05,0.0852017937219731
"linear_dense_n300_t02_r0034","linear","dense","paper_adjusted",300,1000,1.5,34,89123374,"MDACT",0.05,"ok",FALSE,0.0199999999999818,"ties should not be present for the one-sample Kolmogorov-Smirnov test","","07261cd2094bf15159d9c8a77922a24f",22,1,21,223,0.0454545454545455,0.0941704035874439
"linear_dense_n300_t02_r0034","linear","dense","paper_adjusted",300,1000,1.5,34,89123374,"MLFDR",0.05,"ok",FALSE,0.610000000000014,"","","a0d92492e3443baa36b1caf1fd9300c9",67,2,65,223,0.0298507462686567,0.291479820627803
"confounded_dense_n300_t02_r0034","confounded","dense","paper_adjusted",300,1000,1.5,34,208675179,"HDMT",0.05,"ok",FALSE,0.0300000000000296,"ties should not be present for the one-sample Kolmogorov-Smirnov test","","f3d295ef6f393b646566115b021020e7",5,0,5,220,0,0.0227272727272727
"confounded_dense_n300_t02_r0034","confounded","dense","paper_adjusted",300,1000,1.5,34,208675179,"MDACT",0.05,"ok",FALSE,0.00999999999999091,"ties should not be present for the one-sample Kolmogorov-Smirnov test","","fcec9971c2bc69f3958790491bd61aea",6,0,6,220,0,0.0272727272727273
"confounded_dense_n300_t02_r0034","confounded","dense","paper_adjusted",300,1000,1.5,34,208675179,"MLFDR",0.05,"ok",FALSE,0.770000000000039,"","","8dcda99f3c14b98611b92ee4bd342e3f",49,2,47,220,0.0408163265306122,0.213636363636364
"binary_dense_n300_t02_r0034","binary","dense","paper_adjusted",300,1000,1.5,34,134531877,"HDMT",0.05,"ok",FALSE,0.0199999999999818,"","","9a4befff363383f24f4ccf98b529b340",26,0,26,223,0,0.116591928251121
"binary_dense_n300_t02_r0034","binary","dense","paper_adjusted",300,1000,1.5,34,134531877,"MDACT",0.05,"ok",FALSE,0,"","","bce292a5abba0555727f3fad79042da5",30,0,30,223,0,0.134529147982063
"binary_dense_n300_t02_r0034","binary","dense","paper_adjusted",300,1000,1.5,34,134531877,"MLFDR",0.05,"ok",FALSE,0.349999999999966,"","","5a07a6a9133ef7655ab5a3c49975ecc6",80,2,78,223,0.025,0.349775784753363
"linear_sparse_n300_t03_r0034","linear","sparse","paper_adjusted",300,1000,1.9,34,175218562,"HDMT",0.05,"ok",FALSE,0.0300000000000296,"ties should not be present for the one-sample Kolmogorov-Smirnov test","","68ce4b608697c832d3f30bfb4f3a433e",0,0,0,13,0,0
"linear_sparse_n300_t03_r0034","linear","sparse","paper_adjusted",300,1000,1.9,34,175218562,"MDACT",0.05,"ok",FALSE,0.0199999999999818,"ties should not be present for the one-sample Kolmogorov-Smirnov test","","184f9c7b9dc16aaa6159e5cfba1baf97",0,0,0,13,0,0
"linear_sparse_n300_t03_r0034","linear","sparse","paper_adjusted",300,1000,1.9,34,175218562,"MLFDR",0.05,"ok",FALSE,0.45999999999998,"","","a3204197f402bdebd9d98dcba13c1d19",0,0,0,13,0,0
"confounded_sparse_n300_t03_r0034","confounded","sparse","paper_adjusted",300,1000,1.9,34,28900979,"HDMT",0.05,"ok",FALSE,0.0300000000000296,"ties should not be present for the one-sample Kolmogorov-Smirnov test","","60921fe67797c40c2e049438f497e435",1,0,1,17,0,0.0588235294117647
"confounded_sparse_n300_t03_r0034","confounded","sparse","paper_adjusted",300,1000,1.9,34,28900979,"MDACT",0.05,"ok",FALSE,0,"ties should not be present for the one-sample Kolmogorov-Smirnov test","","d68fcde1e1533bee7c340b787db89cae",1,0,1,17,0,0.0588235294117647
"confounded_sparse_n300_t03_r0034","confounded","sparse","paper_adjusted",300,1000,1.9,34,28900979,"MLFDR",0.05,"ok",FALSE,0.28000000000003,"","","2e22a3251734f65d89ad8f77cd1cc87b",6,0,6,17,0,0.352941176470588
"binary_sparse_n300_t03_r0034","binary","sparse","paper_adjusted",300,1000,1.9,34,39187463,"HDMT",0.05,"ok",FALSE,0.00999999999999091,"","","b2eb4bd9698c3e00c6d801f5fe3b6ed1",2,0,2,19,0,0.105263157894737
"binary_sparse_n300_t03_r0034","binary","sparse","paper_adjusted",300,1000,1.9,34,39187463,"MDACT",0.05,"ok",FALSE,0.0500000000000114,"","","38b6594c551ee95e3c6846125e6a9303",2,0,2,19,0,0.105263157894737
"binary_sparse_n300_t03_r0034","binary","sparse","paper_adjusted",300,1000,1.9,34,39187463,"MLFDR",0.05,"ok",FALSE,1.24000000000001,"","","012853a91e106c6891594ebcf70a4b79",5,0,5,19,0,0.263157894736842
"linear_dense_n300_t03_r0034","linear","dense","paper_adjusted",300,1000,1.9,34,239239847,"HDMT",0.05,"ok",FALSE,0.0199999999999818,"ties should not be present for the one-sample Kolmogorov-Smirnov test","","3b3f90b13b2c89de225d19fdb04f1659",5,0,5,177,0,0.0282485875706215
"linear_dense_n300_t03_r0034","linear","dense","paper_adjusted",300,1000,1.9,34,239239847,"MDACT",0.05,"ok",FALSE,0.0200000000000387,"ties should not be present for the one-sample Kolmogorov-Smirnov test","","1140ff02eb073b70b602cc8af7abd4b5",6,0,6,177,0,0.0338983050847458
"linear_dense_n300_t03_r0034","linear","dense","paper_adjusted",300,1000,1.9,34,239239847,"MLFDR",0.05,"ok",FALSE,0.779999999999973,"","","6b82dc6b36e2692b321c2a594a629575",43,2,41,177,0.0465116279069767,0.231638418079096
"confounded_dense_n300_t03_r0034","confounded","dense","paper_adjusted",300,1000,1.9,34,118473418,"HDMT",0.05,"ok",FALSE,0.0299999999999727,"ties should not be present for the one-sample Kolmogorov-Smirnov test","","38d51d3ebbaf146fb39be6bf39ea476e",50,2,48,187,0.04,0.25668449197861
"confounded_dense_n300_t03_r0034","confounded","dense","paper_adjusted",300,1000,1.9,34,118473418,"MDACT",0.05,"ok",FALSE,0,"ties should not be present for the one-sample Kolmogorov-Smirnov test","","c2e351c7330054aaafce32687b593e0c",65,3,62,187,0.0461538461538462,0.331550802139037
"confounded_dense_n300_t03_r0034","confounded","dense","paper_adjusted",300,1000,1.9,34,118473418,"MLFDR",0.05,"ok",FALSE,0.25,"","","0862306355b558f09c11afc1d4013bb9",107,8,99,187,0.0747663551401869,0.529411764705882
"binary_dense_n300_t03_r0034","binary","dense","paper_adjusted",300,1000,1.9,34,113903429,"HDMT",0.05,"ok",FALSE,0.0299999999999727,"","","a711da65ef07191659b7c0e17fc38b35",12,1,11,223,0.0833333333333333,0.0493273542600897
"binary_dense_n300_t03_r0034","binary","dense","paper_adjusted",300,1000,1.9,34,113903429,"MDACT",0.05,"ok",FALSE,0,"","","e39b8a6bfa704ee4e985ad3a3d3ade21",28,1,27,223,0.0357142857142857,0.121076233183857
"binary_dense_n300_t03_r0034","binary","dense","paper_adjusted",300,1000,1.9,34,113903429,"MLFDR",0.05,"ok",FALSE,0.54000000000002,"","","a8f68692d85067cfe8b3a557109dfd03",111,7,104,223,0.0630630630630631,0.466367713004484
"linear_sparse_n300_t01_r0035","linear","sparse","paper_adjusted",300,1000,1.3,35,91355037,"HDMT",0.05,"ok",FALSE,0.0300000000000296,"ties should not be present for the one-sample Kolmogorov-Smirnov test","","95328ae04963259a6e06bb1411460a9b",0,0,0,28,0,0
"linear_sparse_n300_t01_r0035","linear","sparse","paper_adjusted",300,1000,1.3,35,91355037,"MDACT",0.05,"ok",FALSE,0,"ties should not be present for the one-sample Kolmogorov-Smirnov test","","f2575ed1b054af5c62da210995764d3f",0,0,0,28,0,0
"linear_sparse_n300_t01_r0035","linear","sparse","paper_adjusted",300,1000,1.3,35,91355037,"MLFDR",0.05,"ok",FALSE,0.759999999999991,"","","0ca8cf7c73a9e78a1b45bdd93ddb4281",1,0,1,28,0,0.0357142857142857
"confounded_sparse_n300_t01_r0035","confounded","sparse","paper_adjusted",300,1000,1.3,35,121658004,"HDMT",0.05,"ok",FALSE,0.00999999999999091,"ties should not be present for the one-sample Kolmogorov-Smirnov test","","dfcbb4d199c82580f5cd9d69c6cde0df",2,0,2,23,0,0.0869565217391304
"confounded_sparse_n300_t01_r0035","confounded","sparse","paper_adjusted",300,1000,1.3,35,121658004,"MDACT",0.05,"ok",FALSE,0,"ties should not be present for the one-sample Kolmogorov-Smirnov test","","2f46c748e5204088b29424d89002766b",2,0,2,23,0,0.0869565217391304
"confounded_sparse_n300_t01_r0035","confounded","sparse","paper_adjusted",300,1000,1.3,35,121658004,"MLFDR",0.05,"ok",FALSE,0.870000000000005,"","","d879e2017f48732cb5656f79d26f3ce6",3,0,3,23,0,0.130434782608696
"binary_sparse_n300_t01_r0035","binary","sparse","paper_adjusted",300,1000,1.3,35,182101711,"HDMT",0.05,"ok",FALSE,0.00999999999999091,"","","85d4a2c11024472891e512b66369f040",0,0,0,20,0,0
"binary_sparse_n300_t01_r0035","binary","sparse","paper_adjusted",300,1000,1.3,35,182101711,"MDACT",0.05,"ok",FALSE,0,"","","93267d96cdd8133836ca888cb1aa3aeb",1,0,1,20,0,0.05
"binary_sparse_n300_t01_r0035","binary","sparse","paper_adjusted",300,1000,1.3,35,182101711,"MLFDR",0.05,"ok",FALSE,2.64999999999998,"","","7530894f27d94a0aed4e1a00eb091110",0,0,0,20,0,0
"linear_dense_n300_t01_r0035","linear","dense","paper_adjusted",300,1000,1.3,35,257458139,"HDMT",0.05,"ok",FALSE,0.00999999999999091,"ties should not be present for the one-sample Kolmogorov-Smirnov test","","fce94d9f35d1d8fe418e406603bc46c8",11,0,11,185,0,0.0594594594594595
"linear_dense_n300_t01_r0035","linear","dense","paper_adjusted",300,1000,1.3,35,257458139,"MDACT",0.05,"ok",FALSE,0.00999999999999091,"ties should not be present for the one-sample Kolmogorov-Smirnov test","","ede650db752fc147b95d36094617ca39",12,0,12,185,0,0.0648648648648649
"linear_dense_n300_t01_r0035","linear","dense","paper_adjusted",300,1000,1.3,35,257458139,"MLFDR",0.05,"ok",FALSE,0.769999999999982,"","","74ac753a1bd8d3d6fe541e1e51181566",30,0,30,185,0,0.162162162162162
"confounded_dense_n300_t01_r0035","confounded","dense","paper_adjusted",300,1000,1.3,35,40059813,"HDMT",0.05,"ok",FALSE,0.0200000000000387,"ties should not be present for the one-sample Kolmogorov-Smirnov test","","791b405a1f86deb66d469e878a8e0765",1,0,1,214,0,0.00467289719626168
"confounded_dense_n300_t01_r0035","confounded","dense","paper_adjusted",300,1000,1.3,35,40059813,"MDACT",0.05,"ok",FALSE,0,"ties should not be present for the one-sample Kolmogorov-Smirnov test","","eca827bd2bf7ca0e2bb7c2158c94dec1",1,0,1,214,0,0.00467289719626168
"confounded_dense_n300_t01_r0035","confounded","dense","paper_adjusted",300,1000,1.3,35,40059813,"MLFDR",0.05,"ok",FALSE,3.25,"","","b94821a0c8fae491b454c6597a52f1c6",61,5,56,214,0.0819672131147541,0.261682242990654
"binary_dense_n300_t01_r0035","binary","dense","paper_adjusted",300,1000,1.3,35,264915204,"HDMT",0.05,"ok",FALSE,0.0300000000000296,"","","93c9f5daf2534509af3cd67d3c186382",0,0,0,200,0,0
"binary_dense_n300_t01_r0035","binary","dense","paper_adjusted",300,1000,1.3,35,264915204,"MDACT",0.05,"ok",FALSE,0.00999999999999091,"","","ce0ea2b33cd08242d39b6a26983ad6e7",1,0,1,200,0,0.005
"binary_dense_n300_t01_r0035","binary","dense","paper_adjusted",300,1000,1.3,35,264915204,"MLFDR",0.05,"ok",FALSE,0.730000000000018,"","","1ec602656edd1cffab8bb69d505f3dfc",30,1,29,200,0.0333333333333333,0.145
"linear_sparse_n300_t02_r0035","linear","sparse","paper_adjusted",300,1000,1.5,35,23720451,"HDMT",0.05,"ok",FALSE,0.0200000000000387,"ties should not be present for the one-sample Kolmogorov-Smirnov test","","789f3310b1cce99b81b8f30610a12be1",4,0,4,17,0,0.235294117647059
"linear_sparse_n300_t02_r0035","linear","sparse","paper_adjusted",300,1000,1.5,35,23720451,"MDACT",0.05,"ok",FALSE,0,"ties should not be present for the one-sample Kolmogorov-Smirnov test","","335176491aec917ed99fdbf0d86ce550",4,0,4,17,0,0.235294117647059
"linear_sparse_n300_t02_r0035","linear","sparse","paper_adjusted",300,1000,1.5,35,23720451,"MLFDR",0.05,"ok",FALSE,0.699999999999989,"","","78615d02f3b13ff16c1096ba3aa891be",2,0,2,17,0,0.117647058823529
"confounded_sparse_n300_t02_r0035","confounded","sparse","paper_adjusted",300,1000,1.5,35,267380685,"HDMT",0.05,"ok",FALSE,0.0299999999999727,"ties should not be present for the one-sample Kolmogorov-Smirnov test","","67d4bbe76aee7dba47a22be4f9a2796a",0,0,0,22,0,0
"confounded_sparse_n300_t02_r0035","confounded","sparse","paper_adjusted",300,1000,1.5,35,267380685,"MDACT",0.05,"ok",FALSE,0.0200000000000387,"ties should not be present for the one-sample Kolmogorov-Smirnov test","","d159746fa3f105b2ccea63c30409d70a",0,0,0,22,0,0
"confounded_sparse_n300_t02_r0035","confounded","sparse","paper_adjusted",300,1000,1.5,35,267380685,"MLFDR",0.05,"ok",FALSE,0.75,"","","372a712fe858751a6c4e984adaf0f96d",0,0,0,22,0,0
"binary_sparse_n300_t02_r0035","binary","sparse","paper_adjusted",300,1000,1.5,35,55056773,"HDMT",0.05,"ok",FALSE,0.00999999999999091,"","","d76c283b6f0b33119fbf6653100d4e15",3,0,3,11,0,0.272727272727273
"binary_sparse_n300_t02_r0035","binary","sparse","paper_adjusted",300,1000,1.5,35,55056773,"MDACT",0.05,"ok",FALSE,0.00999999999999091,"","","9c2c018391f7b52b79626c0289dfa75e",1,0,1,11,0,0.0909090909090909
"binary_sparse_n300_t02_r0035","binary","sparse","paper_adjusted",300,1000,1.5,35,55056773,"MLFDR",0.05,"ok",FALSE,0.389999999999986,"","","d669de24ab73f1448c3c9b17cc2ef598",3,0,3,11,0,0.272727272727273
"linear_dense_n300_t02_r0035","linear","dense","paper_adjusted",300,1000,1.5,35,9235678,"HDMT",0.05,"ok",FALSE,0.0400000000000205,"ties should not be present for the one-sample Kolmogorov-Smirnov test","","734150a35d65b6a1729a74feaa833230",16,1,15,192,0.0625,0.078125
"linear_dense_n300_t02_r0035","linear","dense","paper_adjusted",300,1000,1.5,35,9235678,"MDACT",0.05,"ok",FALSE,0,"ties should not be present for the one-sample Kolmogorov-Smirnov test","","8e39629deff271d0874e013138be1d8b",23,1,22,192,0.0434782608695652,0.114583333333333
"linear_dense_n300_t02_r0035","linear","dense","paper_adjusted",300,1000,1.5,35,9235678,"MLFDR",0.05,"ok",FALSE,0.289999999999964,"","","08bea276b95acd942407be9c76f02d58",64,4,60,192,0.0625,0.3125
"confounded_dense_n300_t02_r0035","confounded","dense","paper_adjusted",300,1000,1.5,35,1926158,"HDMT",0.05,"ok",FALSE,0.00999999999999091,"ties should not be present for the one-sample Kolmogorov-Smirnov test","","d7cd73f6ab60c29097b2bbcb302df956",7,0,7,177,0,0.0395480225988701
"confounded_dense_n300_t02_r0035","confounded","dense","paper_adjusted",300,1000,1.5,35,1926158,"MDACT",0.05,"ok",FALSE,0.00999999999999091,"ties should not be present for the one-sample Kolmogorov-Smirnov test","","b9fb38b26ce8d258e7e70c721c991881",18,1,17,177,0.0555555555555556,0.096045197740113
"confounded_dense_n300_t02_r0035","confounded","dense","paper_adjusted",300,1000,1.5,35,1926158,"MLFDR",0.05,"ok",FALSE,0.360000000000014,"","","9187df759335920b7317535bd740f38d",40,2,38,177,0.05,0.214689265536723
"binary_dense_n300_t02_r0035","binary","dense","paper_adjusted",300,1000,1.5,35,110195674,"HDMT",0.05,"ok",FALSE,0.0699999999999932,"","","ff902b165c48bdff4053746d01be5065",19,0,19,228,0,0.0833333333333333
"binary_dense_n300_t02_r0035","binary","dense","paper_adjusted",300,1000,1.5,35,110195674,"MDACT",0.05,"ok",FALSE,0.0199999999999818,"","","1fd816b0e69480dc36bd1dd78805fa8a",24,1,23,228,0.0416666666666667,0.100877192982456
"binary_dense_n300_t02_r0035","binary","dense","paper_adjusted",300,1000,1.5,35,110195674,"MLFDR",0.05,"ok",FALSE,0.75,"","","8563a26b73bc6c56671f7836177da926",64,3,61,228,0.046875,0.267543859649123
"linear_sparse_n300_t03_r0035","linear","sparse","paper_adjusted",300,1000,1.9,35,239395628,"HDMT",0.05,"ok",FALSE,0.0299999999999727,"ties should not be present for the one-sample Kolmogorov-Smirnov test","","8749f8545993accb8ce2d96e6055a722",2,0,2,22,0,0.0909090909090909
"linear_sparse_n300_t03_r0035","linear","sparse","paper_adjusted",300,1000,1.9,35,239395628,"MDACT",0.05,"ok",FALSE,0,"ties should not be present for the one-sample Kolmogorov-Smirnov test","","a02efb6ad8d81cc2b90a2405e44f7136",2,0,2,22,0,0.0909090909090909
"linear_sparse_n300_t03_r0035","linear","sparse","paper_adjusted",300,1000,1.9,35,239395628,"MLFDR",0.05,"ok",FALSE,0.75,"","","363c92eb41eac8f5e00bb8e960764fa9",7,0,7,22,0,0.318181818181818
"confounded_sparse_n300_t03_r0035","confounded","sparse","paper_adjusted",300,1000,1.9,35,216871927,"HDMT",0.05,"ok",FALSE,0.0300000000000296,"ties should not be present for the one-sample Kolmogorov-Smirnov test","","e13210dd7b95ba3849753997bb24c74a",3,0,3,21,0,0.142857142857143
"confounded_sparse_n300_t03_r0035","confounded","sparse","paper_adjusted",300,1000,1.9,35,216871927,"MDACT",0.05,"ok",FALSE,0.00999999999999091,"ties should not be present for the one-sample Kolmogorov-Smirnov test","","cc8e33ad569f438c5862dbf81f086818",3,0,3,21,0,0.142857142857143
"confounded_sparse_n300_t03_r0035","confounded","sparse","paper_adjusted",300,1000,1.9,35,216871927,"MLFDR",0.05,"ok",FALSE,0.269999999999982,"","","f2d72046915ee25e7df748f0e631d176",4,0,4,21,0,0.19047619047619
"binary_sparse_n300_t03_r0035","binary","sparse","paper_adjusted",300,1000,1.9,35,184406421,"HDMT",0.05,"ok",FALSE,0.0200000000000387,"","","c29ba6e31c758ee5820f1917bac4496a",1,0,1,21,0,0.0476190476190476
"binary_sparse_n300_t03_r0035","binary","sparse","paper_adjusted",300,1000,1.9,35,184406421,"MDACT",0.05,"ok",FALSE,0,"","","a5be9dba5a114ccdc167f83874716b62",1,0,1,21,0,0.0476190476190476
"binary_sparse_n300_t03_r0035","binary","sparse","paper_adjusted",300,1000,1.9,35,184406421,"MLFDR",0.05,"ok",FALSE,0.580000000000041,"","","4da7163a1609b0692b8e986295004165",2,0,2,21,0,0.0952380952380952
"linear_dense_n300_t03_r0035","linear","dense","paper_adjusted",300,1000,1.9,35,175142461,"HDMT",0.05,"ok",FALSE,0.0299999999999727,"ties should not be present for the one-sample Kolmogorov-Smirnov test","","5260c265b9ac20c268c23047fa21eda1",21,0,21,234,0,0.0897435897435897
"linear_dense_n300_t03_r0035","linear","dense","paper_adjusted",300,1000,1.9,35,175142461,"MDACT",0.05,"ok",FALSE,0,"ties should not be present for the one-sample Kolmogorov-Smirnov test","","ceb6a78273256c180ed33ccac600b3d5",23,0,23,234,0,0.0982905982905983
"linear_dense_n300_t03_r0035","linear","dense","paper_adjusted",300,1000,1.9,35,175142461,"MLFDR",0.05,"ok",FALSE,0.300000000000011,"","","d46687e97bbdfeb0e28900302e59d06f",90,5,85,234,0.0555555555555556,0.363247863247863
"confounded_dense_n300_t03_r0035","confounded","dense","paper_adjusted",300,1000,1.9,35,236379365,"HDMT",0.05,"ok",FALSE,0.0199999999999818,"ties should not be present for the one-sample Kolmogorov-Smirnov test","","5e5c269c6e095d6350cf2af2deb81c2e",12,0,12,205,0,0.0585365853658537
"confounded_dense_n300_t03_r0035","confounded","dense","paper_adjusted",300,1000,1.9,35,236379365,"MDACT",0.05,"ok",FALSE,0.0199999999999818,"ties should not be present for the one-sample Kolmogorov-Smirnov test","","eb0d1717ebef9106d321ebe32961ddee",17,0,17,205,0,0.0829268292682927
"confounded_dense_n300_t03_r0035","confounded","dense","paper_adjusted",300,1000,1.9,35,236379365,"MLFDR",0.05,"ok",FALSE,0.78000000000003,"","","66b14a68ffbf7101c0d97b1285f6bb02",50,4,46,205,0.08,0.224390243902439
"binary_dense_n300_t03_r0035","binary","dense","paper_adjusted",300,1000,1.9,35,176359426,"HDMT",0.05,"ok",FALSE,0.0400000000000205,"","","6ff443dc7037dd512715de804007273d",28,0,28,175,0,0.16
"binary_dense_n300_t03_r0035","binary","dense","paper_adjusted",300,1000,1.9,35,176359426,"MDACT",0.05,"ok",FALSE,0.0199999999999818,"","","a8a2f03255f03d28858e8e612c6fa55a",28,0,28,175,0,0.16
"binary_dense_n300_t03_r0035","binary","dense","paper_adjusted",300,1000,1.9,35,176359426,"MLFDR",0.05,"ok",FALSE,1.16999999999996,"","","9a8425df9402839e0edc0d79f5dfcdcc",61,0,61,175,0,0.348571428571429
"linear_sparse_n300_t01_r0036","linear","sparse","paper_adjusted",300,1000,1.3,36,51425066,"HDMT",0.05,"ok",FALSE,0.0400000000000205,"ties should not be present for the one-sample Kolmogorov-Smirnov test","","0ee07fa02c457311e618193022c75573",1,0,1,29,0,0.0344827586206897
"linear_sparse_n300_t01_r0036","linear","sparse","paper_adjusted",300,1000,1.3,36,51425066,"MDACT",0.05,"ok",FALSE,0.0199999999999818,"ties should not be present for the one-sample Kolmogorov-Smirnov test","","cdf825f3c9dc6923a020c93d4beae425",1,0,1,29,0,0.0344827586206897
"linear_sparse_n300_t01_r0036","linear","sparse","paper_adjusted",300,1000,1.3,36,51425066,"MLFDR",0.05,"ok",FALSE,1.49000000000001,"","","0d62fb0451acce5ccaabecbab14adc3f",4,1,3,29,0.25,0.103448275862069
"confounded_sparse_n300_t01_r0036","confounded","sparse","paper_adjusted",300,1000,1.3,36,143448895,"HDMT",0.05,"ok",FALSE,0.0300000000000296,"ties should not be present for the one-sample Kolmogorov-Smirnov test","","45fbb5c419195c2968e8de6f8174459f",1,0,1,24,0,0.0416666666666667
"confounded_sparse_n300_t01_r0036","confounded","sparse","paper_adjusted",300,1000,1.3,36,143448895,"MDACT",0.05,"ok",FALSE,0.00999999999999091,"ties should not be present for the one-sample Kolmogorov-Smirnov test","","6e35236b64e13486077bf96f7db8c590",1,0,1,24,0,0.0416666666666667
"confounded_sparse_n300_t01_r0036","confounded","sparse","paper_adjusted",300,1000,1.3,36,143448895,"MLFDR",0.05,"ok",FALSE,1.12,"","","1492f7e11a9f8c1f017d41f629dbf617",82,58,24,24,0.707317073170732,1
"binary_sparse_n300_t01_r0036","binary","sparse","paper_adjusted",300,1000,1.3,36,189430917,"HDMT",0.05,"ok",FALSE,0.0300000000000296,"","","3d8ddd6741953dcb3d86b0545ab4c2af",0,0,0,12,0,0
"binary_sparse_n300_t01_r0036","binary","sparse","paper_adjusted",300,1000,1.3,36,189430917,"MDACT",0.05,"ok",FALSE,0.0199999999999818,"","","bf353bc07f51f1c788517e1d798408cb",0,0,0,12,0,0
"binary_sparse_n300_t01_r0036","binary","sparse","paper_adjusted",300,1000,1.3,36,189430917,"MLFDR",0.05,"ok",FALSE,0.769999999999982,"","","45fd03b3103ebb0ada47adc42f75e6b2",0,0,0,12,0,0
"linear_dense_n300_t01_r0036","linear","dense","paper_adjusted",300,1000,1.3,36,260720971,"HDMT",0.05,"ok",FALSE,0.00999999999999091,"ties should not be present for the one-sample Kolmogorov-Smirnov test","","51ae6b179c1976387c9cb6ac3db3eab8",14,0,14,211,0,0.0663507109004739
"linear_dense_n300_t01_r0036","linear","dense","paper_adjusted",300,1000,1.3,36,260720971,"MDACT",0.05,"ok",FALSE,0.0199999999999818,"ties should not be present for the one-sample Kolmogorov-Smirnov test","","fe0459a69212076d82a1dd1b40d51ff6",1,0,1,211,0,0.004739336492891
"linear_dense_n300_t01_r0036","linear","dense","paper_adjusted",300,1000,1.3,36,260720971,"MLFDR",0.05,"ok",FALSE,0.379999999999995,"","","a90f4adb576c15606d692bc43e73e06c",59,1,58,211,0.0169491525423729,0.274881516587678
"confounded_dense_n300_t01_r0036","confounded","dense","paper_adjusted",300,1000,1.3,36,12430066,"HDMT",0.05,"ok",FALSE,0.0100000000000477,"ties should not be present for the one-sample Kolmogorov-Smirnov test","","6b31f81b92e0b0e55857ef57f385ec78",1,0,1,201,0,0.00497512437810945
"confounded_dense_n300_t01_r0036","confounded","dense","paper_adjusted",300,1000,1.3,36,12430066,"MDACT",0.05,"ok",FALSE,0.00999999999999091,"ties should not be present for the one-sample Kolmogorov-Smirnov test","","a254baffbe9a6b8e854e4b4e33986c9b",1,0,1,201,0,0.00497512437810945
"confounded_dense_n300_t01_r0036","confounded","dense","paper_adjusted",300,1000,1.3,36,12430066,"MLFDR",0.05,"ok",FALSE,0.640000000000043,"","","78f329f075131989ded9613da5885e62",12,0,12,201,0,0.0597014925373134
"binary_dense_n300_t01_r0036","binary","dense","paper_adjusted",300,1000,1.3,36,200969587,"HDMT",0.05,"ok",FALSE,0.0400000000000205,"","","3447da8a977940e02668ba6129879066",1,0,1,191,0,0.00523560209424084
"binary_dense_n300_t01_r0036","binary","dense","paper_adjusted",300,1000,1.3,36,200969587,"MDACT",0.05,"ok",FALSE,0.0199999999999818,"","","e49def9f7ac0e0ffdebb9bc931d5266f",1,0,1,191,0,0.00523560209424084
"binary_dense_n300_t01_r0036","binary","dense","paper_adjusted",300,1000,1.3,36,200969587,"MLFDR",0.05,"ok",FALSE,1.26999999999998,"","","7293fd60bd03b6c8564ee5a0c8225dfd",16,0,16,191,0,0.0837696335078534
"linear_sparse_n300_t02_r0036","linear","sparse","paper_adjusted",300,1000,1.5,36,164955485,"HDMT",0.05,"ok",FALSE,0.00999999999999091,"ties should not be present for the one-sample Kolmogorov-Smirnov test","","f99255186ce1ebafc74eebb3a6742a66",7,0,7,18,0,0.388888888888889
"linear_sparse_n300_t02_r0036","linear","sparse","paper_adjusted",300,1000,1.5,36,164955485,"MDACT",0.05,"ok",FALSE,0.0100000000000477,"ties should not be present for the one-sample Kolmogorov-Smirnov test","","d3cebd9b8a6478e86e7f1d3540b8e255",4,0,4,18,0,0.222222222222222
"linear_sparse_n300_t02_r0036","linear","sparse","paper_adjusted",300,1000,1.5,36,164955485,"MLFDR",0.05,"ok",FALSE,0.449999999999989,"","","f070c55c73e282ffb10bb609619fa63d",7,0,7,18,0,0.388888888888889
"confounded_sparse_n300_t02_r0036","confounded","sparse","paper_adjusted",300,1000,1.5,36,31817653,"HDMT",0.05,"ok",FALSE,0.0300000000000296,"ties should not be present for the one-sample Kolmogorov-Smirnov test","","87fa3aca15232fb5524f5a172c909529",4,0,4,18,0,0.222222222222222
"confounded_sparse_n300_t02_r0036","confounded","sparse","paper_adjusted",300,1000,1.5,36,31817653,"MDACT",0.05,"ok",FALSE,0,"ties should not be present for the one-sample Kolmogorov-Smirnov test","","e39b95ef63cdc6ba68a51fed5b91025e",4,0,4,18,0,0.222222222222222
"confounded_sparse_n300_t02_r0036","confounded","sparse","paper_adjusted",300,1000,1.5,36,31817653,"MLFDR",0.05,"ok",FALSE,0.349999999999966,"","","a2d964a175facff1234cbc919ed22db9",9,1,8,18,0.111111111111111,0.444444444444444
"binary_sparse_n300_t02_r0036","binary","sparse","paper_adjusted",300,1000,1.5,36,50506209,"HDMT",0.05,"ok",FALSE,0.0300000000000296,"","","f7b65c60eeb72910664e168bb3d46189",0,0,0,15,0,0
"binary_sparse_n300_t02_r0036","binary","sparse","paper_adjusted",300,1000,1.5,36,50506209,"MDACT",0.05,"ok",FALSE,0.00999999999999091,"","","b7a715df0762b92c2cddba154a0ed09a",0,0,0,15,0,0
"binary_sparse_n300_t02_r0036","binary","sparse","paper_adjusted",300,1000,1.5,36,50506209,"MLFDR",0.05,"ok",FALSE,1.90000000000003,"","","cbb0d0936af25a837c09fde17bc12f39",3,0,3,15,0,0.2
"linear_dense_n300_t02_r0036","linear","dense","paper_adjusted",300,1000,1.5,36,49684407,"HDMT",0.05,"ok",FALSE,0.00999999999999091,"ties should not be present for the one-sample Kolmogorov-Smirnov test","","6b79bc66d4e291130c3f6702d983b854",31,1,30,197,0.032258064516129,0.152284263959391
"linear_dense_n300_t02_r0036","linear","dense","paper_adjusted",300,1000,1.5,36,49684407,"MDACT",0.05,"ok",FALSE,0.0200000000000387,"ties should not be present for the one-sample Kolmogorov-Smirnov test","","a2ac6e17c6ee36edd724469c2ec274f3",31,1,30,197,0.032258064516129,0.152284263959391
"linear_dense_n300_t02_r0036","linear","dense","paper_adjusted",300,1000,1.5,36,49684407,"MLFDR",0.05,"ok",FALSE,0.70999999999998,"","","b742b199a1528a2b8d69f7ccfaa3e994",88,8,80,197,0.0909090909090909,0.406091370558376
"confounded_dense_n300_t02_r0036","confounded","dense","paper_adjusted",300,1000,1.5,36,19529984,"HDMT",0.05,"ok",FALSE,0.0199999999999818,"ties should not be present for the one-sample Kolmogorov-Smirnov test","","c2cbe1c8fde1860b830a830daaf679b4",5,0,5,213,0,0.0234741784037559
"confounded_dense_n300_t02_r0036","confounded","dense","paper_adjusted",300,1000,1.5,36,19529984,"MDACT",0.05,"ok",FALSE,0.0199999999999818,"ties should not be present for the one-sample Kolmogorov-Smirnov test","","b58e2748344fe69e38c6d9a60c185741",5,0,5,213,0,0.0234741784037559
"confounded_dense_n300_t02_r0036","confounded","dense","paper_adjusted",300,1000,1.5,36,19529984,"MLFDR",0.05,"ok",FALSE,0.46999999999997,"","","88f20470307bc65f1a01e6d11ce001e5",69,9,60,213,0.130434782608696,0.28169014084507
"binary_dense_n300_t02_r0036","binary","dense","paper_adjusted",300,1000,1.5,36,40600526,"HDMT",0.05,"ok",FALSE,0.0300000000000296,"","","2d40d391d92d0adc95bb3dc7d60f4947",12,0,12,176,0,0.0681818181818182
"binary_dense_n300_t02_r0036","binary","dense","paper_adjusted",300,1000,1.5,36,40600526,"MDACT",0.05,"ok",FALSE,0.0199999999999818,"","","f4384741cb2357720a0801f5964f4824",22,0,22,176,0,0.125
"binary_dense_n300_t02_r0036","binary","dense","paper_adjusted",300,1000,1.5,36,40600526,"MLFDR",0.05,"ok",FALSE,0.649999999999977,"","","455991666bcd747f63b8157ecd2a7dd9",70,2,68,176,0.0285714285714286,0.386363636363636
"linear_sparse_n300_t03_r0036","linear","sparse","paper_adjusted",300,1000,1.9,36,245763936,"HDMT",0.05,"ok",FALSE,0.0299999999999727,"ties should not be present for the one-sample Kolmogorov-Smirnov test","","b7326521dffaa3aa6ea913b65d9478ae",0,0,0,26,0,0
"linear_sparse_n300_t03_r0036","linear","sparse","paper_adjusted",300,1000,1.9,36,245763936,"MDACT",0.05,"ok",FALSE,0.0199999999999818,"ties should not be present for the one-sample Kolmogorov-Smirnov test","","fd6879c983117536b07157535da008f0",1,0,1,26,0,0.0384615384615385
"linear_sparse_n300_t03_r0036","linear","sparse","paper_adjusted",300,1000,1.9,36,245763936,"MLFDR",0.05,"ok",FALSE,1.53000000000003,"","","06aad602496e9e5536efd9c7a7fe098e",6,0,6,26,0,0.230769230769231
"confounded_sparse_n300_t03_r0036","confounded","sparse","paper_adjusted",300,1000,1.9,36,252723831,"HDMT",0.05,"ok",FALSE,0.0299999999999727,"ties should not be present for the one-sample Kolmogorov-Smirnov test","","7d231488ee5f12785fb21a0aa26d12a2",1,0,1,25,0,0.04
"confounded_sparse_n300_t03_r0036","confounded","sparse","paper_adjusted",300,1000,1.9,36,252723831,"MDACT",0.05,"ok",FALSE,0.0200000000000387,"ties should not be present for the one-sample Kolmogorov-Smirnov test","","ebf1e2e459f2020f34cc1ea20024f907",1,0,1,25,0,0.04
"confounded_sparse_n300_t03_r0036","confounded","sparse","paper_adjusted",300,1000,1.9,36,252723831,"MLFDR",0.05,"ok",FALSE,2.25,"","","c7eb9906246c841b59fe04ed85200406",7,1,6,25,0.142857142857143,0.24
"binary_sparse_n300_t03_r0036","binary","sparse","paper_adjusted",300,1000,1.9,36,40008429,"HDMT",0.05,"ok",FALSE,0.00999999999999091,"","","cc25ae5925d3ced457293245b00b8419",2,0,2,22,0,0.0909090909090909
"binary_sparse_n300_t03_r0036","binary","sparse","paper_adjusted",300,1000,1.9,36,40008429,"MDACT",0.05,"ok",FALSE,0,"","","bd69c0f2a16316bf0ec893c2a0ae5e3e",2,0,2,22,0,0.0909090909090909
"binary_sparse_n300_t03_r0036","binary","sparse","paper_adjusted",300,1000,1.9,36,40008429,"MLFDR",0.05,"ok",FALSE,0.29000000000002,"","","331bbdc47631e6d130b717393f37ec7e",6,0,6,22,0,0.272727272727273
"linear_dense_n300_t03_r0036","linear","dense","paper_adjusted",300,1000,1.9,36,237383496,"HDMT",0.05,"ok",FALSE,0.0299999999999727,"ties should not be present for the one-sample Kolmogorov-Smirnov test","","ed6fb581d3e3a557296d74624d0bb931",55,2,53,188,0.0363636363636364,0.281914893617021
"linear_dense_n300_t03_r0036","linear","dense","paper_adjusted",300,1000,1.9,36,237383496,"MDACT",0.05,"ok",FALSE,0,"ties should not be present for the one-sample Kolmogorov-Smirnov test","","0699d0183e42e0bdb4bf49477ed4f979",64,4,60,188,0.0625,0.319148936170213
"linear_dense_n300_t03_r0036","linear","dense","paper_adjusted",300,1000,1.9,36,237383496,"MLFDR",0.05,"ok",FALSE,0.399999999999977,"","","a81a4acc481870fb42ca4b573357e535",111,4,107,188,0.036036036036036,0.569148936170213
"confounded_dense_n300_t03_r0036","confounded","dense","paper_adjusted",300,1000,1.9,36,79265669,"HDMT",0.05,"ok",FALSE,0.0200000000000387,"ties should not be present for the one-sample Kolmogorov-Smirnov test","","40231e0491b0407f1c1fc2f137107518",51,2,49,192,0.0392156862745098,0.255208333333333
"confounded_dense_n300_t03_r0036","confounded","dense","paper_adjusted",300,1000,1.9,36,79265669,"MDACT",0.05,"ok",FALSE,0.00999999999999091,"ties should not be present for the one-sample Kolmogorov-Smirnov test","","1e722cf0727aa016c26d8c8a88932b93",62,5,57,192,0.0806451612903226,0.296875
"confounded_dense_n300_t03_r0036","confounded","dense","paper_adjusted",300,1000,1.9,36,79265669,"MLFDR",0.05,"ok",FALSE,0.310000000000002,"","","4c703fdd2fd315e1dc81e695bff76f78",119,9,110,192,0.0756302521008403,0.572916666666667
"binary_dense_n300_t03_r0036","binary","dense","paper_adjusted",300,1000,1.9,36,196369007,"HDMT",0.05,"ok",FALSE,0.0200000000000387,"","","557b92f48e17b3860d56bd013d6b9e5f",60,2,58,208,0.0333333333333333,0.278846153846154
"binary_dense_n300_t03_r0036","binary","dense","paper_adjusted",300,1000,1.9,36,196369007,"MDACT",0.05,"ok",FALSE,0,"","","4af2a6feda3ba7386446821749f97df8",72,2,70,208,0.0277777777777778,0.336538461538462
"binary_dense_n300_t03_r0036","binary","dense","paper_adjusted",300,1000,1.9,36,196369007,"MLFDR",0.05,"ok",FALSE,0.229999999999961,"","","ad8ee57db6bb58cafb627e261646df4e",136,7,129,208,0.0514705882352941,0.620192307692308
"linear_sparse_n300_t01_r0037","linear","sparse","paper_adjusted",300,1000,1.3,37,111527428,"HDMT",0.05,"ok",FALSE,0.0299999999999727,"ties should not be present for the one-sample Kolmogorov-Smirnov test","","043254e463095f3964befcfd8744795a",1,0,1,19,0,0.0526315789473684
"linear_sparse_n300_t01_r0037","linear","sparse","paper_adjusted",300,1000,1.3,37,111527428,"MDACT",0.05,"ok",FALSE,0,"ties should not be present for the one-sample Kolmogorov-Smirnov test","","b28264ab120d5531ce5c679248aa6ec1",1,0,1,19,0,0.0526315789473684
"linear_sparse_n300_t01_r0037","linear","sparse","paper_adjusted",300,1000,1.3,37,111527428,"MLFDR",0.05,"ok",FALSE,0.659999999999968,"","","39efbd1adf0631c3b1512606db27f5fc",0,0,0,19,0,0
"confounded_sparse_n300_t01_r0037","confounded","sparse","paper_adjusted",300,1000,1.3,37,103277847,"HDMT",0.05,"ok",FALSE,0.0300000000000296,"ties should not be present for the one-sample Kolmogorov-Smirnov test","","df932fad5da3281b7ff10842a7fc5f4f",0,0,0,22,0,0
"confounded_sparse_n300_t01_r0037","confounded","sparse","paper_adjusted",300,1000,1.3,37,103277847,"MDACT",0.05,"ok",FALSE,0,"ties should not be present for the one-sample Kolmogorov-Smirnov test","","a0fdd297357dab97e16deabece38b572",0,0,0,22,0,0
"confounded_sparse_n300_t01_r0037","confounded","sparse","paper_adjusted",300,1000,1.3,37,103277847,"MLFDR",0.05,"ok",FALSE,0.759999999999991,"","","44629883c7f7926e0d8eeacfd04d33cb",0,0,0,22,0,0
"binary_sparse_n300_t01_r0037","binary","sparse","paper_adjusted",300,1000,1.3,37,80453475,"HDMT",0.05,"ok",FALSE,0.0300000000000296,"","","4d903f05c7287da8add15fd7a864665d",0,0,0,19,0,0
"binary_sparse_n300_t01_r0037","binary","sparse","paper_adjusted",300,1000,1.3,37,80453475,"MDACT",0.05,"ok",FALSE,0.0199999999999818,"","","a1d5b9a29cdbbb474c3327e1e0e6a337",0,0,0,19,0,0
"binary_sparse_n300_t01_r0037","binary","sparse","paper_adjusted",300,1000,1.3,37,80453475,"MLFDR",0.05,"ok",FALSE,1.30000000000001,"","","ee3782f64eff14ecd6f81a3051cd31e9",0,0,0,19,0,0
"linear_dense_n300_t01_r0037","linear","dense","paper_adjusted",300,1000,1.3,37,223839204,"HDMT",0.05,"ok",FALSE,0.0199999999999818,"ties should not be present for the one-sample Kolmogorov-Smirnov test","","65d5d5f6da0378815b15d444dd03b445",3,0,3,203,0,0.0147783251231527
"linear_dense_n300_t01_r0037","linear","dense","paper_adjusted",300,1000,1.3,37,223839204,"MDACT",0.05,"ok",FALSE,0,"ties should not be present for the one-sample Kolmogorov-Smirnov test","","85b210f411b879faada81e70ba0cfe99",8,0,8,203,0,0.0394088669950739
"linear_dense_n300_t01_r0037","linear","dense","paper_adjusted",300,1000,1.3,37,223839204,"MLFDR",0.05,"ok",FALSE,0.439999999999998,"","","4550b1522679f84fdc588bdfef2f8922",32,3,29,203,0.09375,0.142857142857143
"confounded_dense_n300_t01_r0037","confounded","dense","paper_adjusted",300,1000,1.3,37,254229989,"HDMT",0.05,"ok",FALSE,0.00999999999999091,"ties should not be present for the one-sample Kolmogorov-Smirnov test","","84b6669379cb64a3d5d7efa3e15975fc",8,0,8,184,0,0.0434782608695652
"confounded_dense_n300_t01_r0037","confounded","dense","paper_adjusted",300,1000,1.3,37,254229989,"MDACT",0.05,"ok",FALSE,0,"ties should not be present for the one-sample Kolmogorov-Smirnov test","","6a073f354a226f2744b568ac5ba32220",12,0,12,184,0,0.0652173913043478
"confounded_dense_n300_t01_r0037","confounded","dense","paper_adjusted",300,1000,1.3,37,254229989,"MLFDR",0.05,"ok",FALSE,0.639999999999986,"","","df375ad73e88b2d37d9dfe5759a3202f",37,1,36,184,0.027027027027027,0.195652173913043
"binary_dense_n300_t01_r0037","binary","dense","paper_adjusted",300,1000,1.3,37,127186864,"HDMT",0.05,"ok",FALSE,0.0299999999999727,"","","9e79b20b53985d5307606d8dac32d00d",7,0,7,196,0,0.0357142857142857
"binary_dense_n300_t01_r0037","binary","dense","paper_adjusted",300,1000,1.3,37,127186864,"MDACT",0.05,"ok",FALSE,0.0200000000000387,"","","97a220f224161cce4f912baa85dd55a9",5,0,5,196,0,0.0255102040816327
"binary_dense_n300_t01_r0037","binary","dense","paper_adjusted",300,1000,1.3,37,127186864,"MLFDR",0.05,"ok",FALSE,1.43000000000001,"","","2044faf6d4910335ae24b692a2d21735",38,1,37,196,0.0263157894736842,0.188775510204082
"linear_sparse_n300_t02_r0037","linear","sparse","paper_adjusted",300,1000,1.5,37,166047792,"HDMT",0.05,"ok",FALSE,0.00999999999999091,"ties should not be present for the one-sample Kolmogorov-Smirnov test","","e3a504b6c00f42d9a4798bf3df9588c7",1,0,1,19,0,0.0526315789473684
"linear_sparse_n300_t02_r0037","linear","sparse","paper_adjusted",300,1000,1.5,37,166047792,"MDACT",0.05,"ok",FALSE,0,"ties should not be present for the one-sample Kolmogorov-Smirnov test","","083fb978229889eeab3637c0f0e26e87",1,0,1,19,0,0.0526315789473684
"linear_sparse_n300_t02_r0037","linear","sparse","paper_adjusted",300,1000,1.5,37,166047792,"MLFDR",0.05,"ok",FALSE,0.860000000000014,"","","a51d958ed6398feb78d9200a87601a70",5,0,5,19,0,0.263157894736842
"confounded_sparse_n300_t02_r0037","confounded","sparse","paper_adjusted",300,1000,1.5,37,74429435,"HDMT",0.05,"ok",FALSE,0.00999999999999091,"ties should not be present for the one-sample Kolmogorov-Smirnov test","","b32f45ada124af0d5ae5f2376871b764",0,0,0,17,0,0
"confounded_sparse_n300_t02_r0037","confounded","sparse","paper_adjusted",300,1000,1.5,37,74429435,"MDACT",0.05,"ok",FALSE,0,"ties should not be present for the one-sample Kolmogorov-Smirnov test","","c975d1595b2209a581047b23a9996fc1",0,0,0,17,0,0
"confounded_sparse_n300_t02_r0037","confounded","sparse","paper_adjusted",300,1000,1.5,37,74429435,"MLFDR",0.05,"ok",FALSE,2.43000000000001,"","","e6e766796366f89e4403af2b8bcdfa51",0,0,0,17,0,0
"binary_sparse_n300_t02_r0037","binary","sparse","paper_adjusted",300,1000,1.5,37,255489545,"HDMT",0.05,"ok",FALSE,0.0299999999999727,"","","246141000e051fa1e0d226af3c314bde",1,0,1,16,0,0.0625
"binary_sparse_n300_t02_r0037","binary","sparse","paper_adjusted",300,1000,1.5,37,255489545,"MDACT",0.05,"ok",FALSE,0,"","","24fce5f06f2f9c225cc8eadbca4502ee",1,0,1,16,0,0.0625
"binary_sparse_n300_t02_r0037","binary","sparse","paper_adjusted",300,1000,1.5,37,255489545,"MLFDR",0.05,"ok",FALSE,0.590000000000032,"","","1e4adb08b940953862b0b222cf3e1fe7",2,0,2,16,0,0.125
"linear_dense_n300_t02_r0037","linear","dense","paper_adjusted",300,1000,1.5,37,204293582,"HDMT",0.05,"ok",FALSE,0.0299999999999727,"ties should not be present for the one-sample Kolmogorov-Smirnov test","","909a649e2899b3c7f935e631b282451e",0,0,0,205,0,0
"linear_dense_n300_t02_r0037","linear","dense","paper_adjusted",300,1000,1.5,37,204293582,"MDACT",0.05,"ok",FALSE,0.0200000000000387,"ties should not be present for the one-sample Kolmogorov-Smirnov test","","e6f62a17301e6dbe3e831166f7c531a6",0,0,0,205,0,0
"linear_dense_n300_t02_r0037","linear","dense","paper_adjusted",300,1000,1.5,37,204293582,"MLFDR",0.05,"ok",FALSE,0.610000000000014,"","","989e1e1310c62f70b0fd8bb03f9c9a11",17,0,17,205,0,0.0829268292682927
"confounded_dense_n300_t02_r0037","confounded","dense","paper_adjusted",300,1000,1.5,37,99407983,"HDMT",0.05,"ok",FALSE,0.0300000000000296,"ties should not be present for the one-sample Kolmogorov-Smirnov test","","3b1bee7b416b4394170f7e8e47b892ed",33,1,32,215,0.0303030303030303,0.148837209302326
"confounded_dense_n300_t02_r0037","confounded","dense","paper_adjusted",300,1000,1.5,37,99407983,"MDACT",0.05,"ok",FALSE,0.0199999999999818,"ties should not be present for the one-sample Kolmogorov-Smirnov test","","f259a0d9a7a276946a2895f3c702a4f9",42,1,41,215,0.0238095238095238,0.190697674418605
"confounded_dense_n300_t02_r0037","confounded","dense","paper_adjusted",300,1000,1.5,37,99407983,"MLFDR",0.05,"ok",FALSE,0.95999999999998,"","","c991bb4328b537fea4c7a7c3063047a3",93,7,86,215,0.0752688172043011,0.4
"binary_dense_n300_t02_r0037","binary","dense","paper_adjusted",300,1000,1.5,37,225964774,"HDMT",0.05,"ok",FALSE,0.0300000000000296,"","","b821f87d6c7c109365710451c0562cd4",20,0,20,195,0,0.102564102564103
"binary_dense_n300_t02_r0037","binary","dense","paper_adjusted",300,1000,1.5,37,225964774,"MDACT",0.05,"ok",FALSE,0.00999999999999091,"","","ccae1cc0089faf67cc968e71de836175",27,0,27,195,0,0.138461538461538
"binary_dense_n300_t02_r0037","binary","dense","paper_adjusted",300,1000,1.5,37,225964774,"MLFDR",0.05,"ok",FALSE,0.71999999999997,"","","fa78f1cf99a417653690f25fd3251672",63,0,63,195,0,0.323076923076923
"linear_sparse_n300_t03_r0037","linear","sparse","paper_adjusted",300,1000,1.9,37,195418704,"HDMT",0.05,"ok",FALSE,0.00999999999999091,"ties should not be present for the one-sample Kolmogorov-Smirnov test","","5fc391abbdc4e63b3d98f9033cabb861",7,2,5,23,0.285714285714286,0.217391304347826
"linear_sparse_n300_t03_r0037","linear","sparse","paper_adjusted",300,1000,1.9,37,195418704,"MDACT",0.05,"ok",FALSE,0,"ties should not be present for the one-sample Kolmogorov-Smirnov test","","f836b234f090f983bcdd5d178d7199e6",7,2,5,23,0.285714285714286,0.217391304347826
"linear_sparse_n300_t03_r0037","linear","sparse","paper_adjusted",300,1000,1.9,37,195418704,"MLFDR",0.05,"ok",FALSE,0.260000000000048,"","","743fdc761422ff4ca2e38955c16b03da",12,2,10,23,0.166666666666667,0.434782608695652
"confounded_sparse_n300_t03_r0037","confounded","sparse","paper_adjusted",300,1000,1.9,37,49444096,"HDMT",0.05,"ok",FALSE,0.0299999999999727,"ties should not be present for the one-sample Kolmogorov-Smirnov test","","27f620a65d4cf4bb84023d8bbee6d2e8",1,0,1,25,0,0.04
"confounded_sparse_n300_t03_r0037","confounded","sparse","paper_adjusted",300,1000,1.9,37,49444096,"MDACT",0.05,"ok",FALSE,0.0200000000000387,"ties should not be present for the one-sample Kolmogorov-Smirnov test","","30d4f8934ac7421c70a374455f61a0fc",4,1,3,25,0.25,0.12
"confounded_sparse_n300_t03_r0037","confounded","sparse","paper_adjusted",300,1000,1.9,37,49444096,"MLFDR",0.05,"ok",FALSE,0.379999999999995,"","","9fb8dc15fc61bde33baba2473a8cf03b",11,1,10,25,0.0909090909090909,0.4
"binary_sparse_n300_t03_r0037","binary","sparse","paper_adjusted",300,1000,1.9,37,160239099,"HDMT",0.05,"ok",FALSE,0.0100000000000477,"","","3d8174b8ebb2e74e959bc90991c86633",0,0,0,15,0,0
"binary_sparse_n300_t03_r0037","binary","sparse","paper_adjusted",300,1000,1.9,37,160239099,"MDACT",0.05,"ok",FALSE,0,"","","fb08e23045037a21182f45aaaeef96f0",0,0,0,15,0,0
"binary_sparse_n300_t03_r0037","binary","sparse","paper_adjusted",300,1000,1.9,37,160239099,"MLFDR",0.05,"ok",FALSE,1.20999999999998,"","","15c05c9d1998e7797bec9f9a566bf463",3,0,3,15,0,0.2
"linear_dense_n300_t03_r0037","linear","dense","paper_adjusted",300,1000,1.9,37,224549121,"HDMT",0.05,"ok",FALSE,0.0300000000000296,"ties should not be present for the one-sample Kolmogorov-Smirnov test","","268f473fbb1a37c8c683114d6186bf57",40,0,40,178,0,0.224719101123595
"linear_dense_n300_t03_r0037","linear","dense","paper_adjusted",300,1000,1.9,37,224549121,"MDACT",0.05,"ok",FALSE,0.0199999999999818,"ties should not be present for the one-sample Kolmogorov-Smirnov test","","3682f5b6e50eb5caed2055b83616e48a",53,0,53,178,0,0.297752808988764
"linear_dense_n300_t03_r0037","linear","dense","paper_adjusted",300,1000,1.9,37,224549121,"MLFDR",0.05,"ok",FALSE,0.560000000000002,"","","9ff47b8ec18b7108f82af40b5d6e8054",97,3,94,178,0.0309278350515464,0.528089887640449
"confounded_dense_n300_t03_r0037","confounded","dense","paper_adjusted",300,1000,1.9,37,240233280,"HDMT",0.05,"ok",FALSE,0.00999999999999091,"ties should not be present for the one-sample Kolmogorov-Smirnov test","","8dfd5bdfa5c2f97bd9df8a2edb4a0a47",23,0,23,212,0,0.108490566037736
"confounded_dense_n300_t03_r0037","confounded","dense","paper_adjusted",300,1000,1.9,37,240233280,"MDACT",0.05,"ok",FALSE,0.0100000000000477,"ties should not be present for the one-sample Kolmogorov-Smirnov test","","79c40a606042623b8b795675dd91a88e",37,0,37,212,0,0.174528301886792
"confounded_dense_n300_t03_r0037","confounded","dense","paper_adjusted",300,1000,1.9,37,240233280,"MLFDR",0.05,"ok",FALSE,0.509999999999991,"","","2c28cefdf3442022092df84880133620",91,6,85,212,0.0659340659340659,0.400943396226415
"binary_dense_n300_t03_r0037","binary","dense","paper_adjusted",300,1000,1.9,37,262157219,"HDMT",0.05,"ok",FALSE,0.0300000000000296,"","","db433d45c24bbc27686c420f2d0f5372",54,0,54,189,0,0.285714285714286
"binary_dense_n300_t03_r0037","binary","dense","paper_adjusted",300,1000,1.9,37,262157219,"MDACT",0.05,"ok",FALSE,0.00999999999999091,"","","31299361ed66512106e29623feda0865",61,0,61,189,0,0.322751322751323
"binary_dense_n300_t03_r0037","binary","dense","paper_adjusted",300,1000,1.9,37,262157219,"MLFDR",0.05,"ok",FALSE,0.370000000000005,"","","8c269c5e9e351d3d35755732b8a001e9",109,2,107,189,0.018348623853211,0.566137566137566
"linear_sparse_n300_t01_r0038","linear","sparse","paper_adjusted",300,1000,1.3,38,7316853,"HDMT",0.05,"ok",FALSE,0.0500000000000114,"ties should not be present for the one-sample Kolmogorov-Smirnov test","","1921941524b63ba7b0926376ebffdbed",0,0,0,16,0,0
"linear_sparse_n300_t01_r0038","linear","sparse","paper_adjusted",300,1000,1.3,38,7316853,"MDACT",0.05,"ok",FALSE,0.0500000000000114,"ties should not be present for the one-sample Kolmogorov-Smirnov test","","4d3b10e8bb7d7dc47a6f417a12931b2f",0,0,0,16,0,0
"linear_sparse_n300_t01_r0038","linear","sparse","paper_adjusted",300,1000,1.3,38,7316853,"MLFDR",0.05,"ok",FALSE,0.569999999999993,"","","889bf09b308b9bca4323d9b52068f15e",0,0,0,16,0,0
"confounded_sparse_n300_t01_r0038","confounded","sparse","paper_adjusted",300,1000,1.3,38,152513465,"HDMT",0.05,"ok",FALSE,0.0300000000000296,"ties should not be present for the one-sample Kolmogorov-Smirnov test","","4624d554e8cbe37872d2232776989df8",0,0,0,13,0,0
"confounded_sparse_n300_t01_r0038","confounded","sparse","paper_adjusted",300,1000,1.3,38,152513465,"MDACT",0.05,"ok",FALSE,0.00999999999999091,"ties should not be present for the one-sample Kolmogorov-Smirnov test","","cc3d1955b415480cc3270db1882c8b6a",0,0,0,13,0,0
"confounded_sparse_n300_t01_r0038","confounded","sparse","paper_adjusted",300,1000,1.3,38,152513465,"MLFDR",0.05,"ok",FALSE,0.609999999999957,"","","6e51bf09b2029408a305a57f9d691a4f",0,0,0,13,0,0
"binary_sparse_n300_t01_r0038","binary","sparse","paper_adjusted",300,1000,1.3,38,2837002,"HDMT",0.05,"ok",FALSE,0.0299999999999727,"","","0cadd0f8f1323cbf789fe276790b979d",0,0,0,23,0,0
"binary_sparse_n300_t01_r0038","binary","sparse","paper_adjusted",300,1000,1.3,38,2837002,"MDACT",0.05,"ok",FALSE,0.00999999999999091,"","","954820b14d54638ad6e28bdda45fdfa9",0,0,0,23,0,0
"binary_sparse_n300_t01_r0038","binary","sparse","paper_adjusted",300,1000,1.3,38,2837002,"MLFDR",0.05,"ok",FALSE,0.78000000000003,"","","d8c821f4c72f60d15feb30906199a2b3",0,0,0,23,0,0
"linear_dense_n300_t01_r0038","linear","dense","paper_adjusted",300,1000,1.3,38,142665865,"HDMT",0.05,"ok",FALSE,0.0300000000000296,"ties should not be present for the one-sample Kolmogorov-Smirnov test","","5440c4ee6968d1d598a73644ce5ae74f",0,0,0,182,0,0
"linear_dense_n300_t01_r0038","linear","dense","paper_adjusted",300,1000,1.3,38,142665865,"MDACT",0.05,"ok",FALSE,0.00999999999999091,"ties should not be present for the one-sample Kolmogorov-Smirnov test","","5b3e6928cd6ac9e202c458392367ab1e",0,0,0,182,0,0
"linear_dense_n300_t01_r0038","linear","dense","paper_adjusted",300,1000,1.3,38,142665865,"MLFDR",0.05,"ok",FALSE,0.79000000000002,"","","6f76033b9ddcf22e0205a31d1ef709b0",4,0,4,182,0,0.021978021978022
"confounded_dense_n300_t01_r0038","confounded","dense","paper_adjusted",300,1000,1.3,38,198231047,"HDMT",0.05,"ok",FALSE,0.0199999999999818,"ties should not be present for the one-sample Kolmogorov-Smirnov test","","0a49042774465ef0182d55a58cf122d6",3,1,2,196,0.333333333333333,0.0102040816326531
"confounded_dense_n300_t01_r0038","confounded","dense","paper_adjusted",300,1000,1.3,38,198231047,"MDACT",0.05,"ok",FALSE,0.0200000000000387,"ties should not be present for the one-sample Kolmogorov-Smirnov test","","690bf4ce0ab518245f64cdf663ee287e",1,0,1,196,0,0.00510204081632653
"confounded_dense_n300_t01_r0038","confounded","dense","paper_adjusted",300,1000,1.3,38,198231047,"MLFDR",0.05,"ok",FALSE,0.610000000000014,"","","06e38d42d358f3187d4d2ba80ee64bf2",23,1,22,196,0.0434782608695652,0.112244897959184
"binary_dense_n300_t01_r0038","binary","dense","paper_adjusted",300,1000,1.3,38,227911989,"HDMT",0.05,"ok",FALSE,0.0299999999999727,"","","3c93354c87f39cca0c8cc53883fc17e6",2,0,2,195,0,0.0102564102564103
"binary_dense_n300_t01_r0038","binary","dense","paper_adjusted",300,1000,1.3,38,227911989,"MDACT",0.05,"ok",FALSE,0.0200000000000387,"","","04a24aadce7d65d7e481a6fbb8491a44",2,0,2,195,0,0.0102564102564103
"binary_dense_n300_t01_r0038","binary","dense","paper_adjusted",300,1000,1.3,38,227911989,"MLFDR",0.05,"ok",FALSE,1.18000000000001,"","","4bdd7bac6cf83777b9fde2f4d9d29a15",11,0,11,195,0,0.0564102564102564
"linear_sparse_n300_t02_r0038","linear","sparse","paper_adjusted",300,1000,1.5,38,54670366,"HDMT",0.05,"ok",FALSE,0.0100000000000477,"ties should not be present for the one-sample Kolmogorov-Smirnov test","","503cb115f1617141c4fd25ab50e298cd",2,0,2,15,0,0.133333333333333
"linear_sparse_n300_t02_r0038","linear","sparse","paper_adjusted",300,1000,1.5,38,54670366,"MDACT",0.05,"ok",FALSE,0,"ties should not be present for the one-sample Kolmogorov-Smirnov test","","0f36c7d10b3f1270fad46713749aca1f",2,0,2,15,0,0.133333333333333
"linear_sparse_n300_t02_r0038","linear","sparse","paper_adjusted",300,1000,1.5,38,54670366,"MLFDR",0.05,"ok",FALSE,1.24000000000001,"","","4e7973e78ca9d1afc956ab6bcfca99e8",6,0,6,15,0,0.4
"confounded_sparse_n300_t02_r0038","confounded","sparse","paper_adjusted",300,1000,1.5,38,173582133,"HDMT",0.05,"ok",FALSE,0.0300000000000296,"ties should not be present for the one-sample Kolmogorov-Smirnov test","","70a368ddb5e12c54b60406823517225e",1,0,1,13,0,0.0769230769230769
"confounded_sparse_n300_t02_r0038","confounded","sparse","paper_adjusted",300,1000,1.5,38,173582133,"MDACT",0.05,"ok",FALSE,0.0199999999999818,"ties should not be present for the one-sample Kolmogorov-Smirnov test","","fcf151053ba34de219e0c13d351e632e",1,0,1,13,0,0.0769230769230769
"confounded_sparse_n300_t02_r0038","confounded","sparse","paper_adjusted",300,1000,1.5,38,173582133,"MLFDR",0.05,"ok",FALSE,0.560000000000002,"","","3618f8d46eed8e65dcee4712dd4ffda1",1,0,1,13,0,0.0769230769230769
"binary_sparse_n300_t02_r0038","binary","sparse","paper_adjusted",300,1000,1.5,38,136518747,"HDMT",0.05,"ok",FALSE,0.0300000000000296,"","","6868a9af5368acfd1960f356a716401f",2,0,2,21,0,0.0952380952380952
"binary_sparse_n300_t02_r0038","binary","sparse","paper_adjusted",300,1000,1.5,38,136518747,"MDACT",0.05,"ok",FALSE,0.00999999999999091,"","","b8d566c7f413372dcb64884b318c5260",1,0,1,21,0,0.0476190476190476
"binary_sparse_n300_t02_r0038","binary","sparse","paper_adjusted",300,1000,1.5,38,136518747,"MLFDR",0.05,"ok",FALSE,0.620000000000005,"","","d0260c46b92bd252f748f2c6d4f6453c",3,0,3,21,0,0.142857142857143
"linear_dense_n300_t02_r0038","linear","dense","paper_adjusted",300,1000,1.5,38,41083048,"HDMT",0.05,"ok",FALSE,0.0299999999999727,"ties should not be present for the one-sample Kolmogorov-Smirnov test","","db937150fc5fe8bbcd47410ce5c225ba",7,0,7,204,0,0.0343137254901961
"linear_dense_n300_t02_r0038","linear","dense","paper_adjusted",300,1000,1.5,38,41083048,"MDACT",0.05,"ok",FALSE,0.0200000000000387,"ties should not be present for the one-sample Kolmogorov-Smirnov test","","d11499f023b89bb42f8d199c4f1f3da2",7,0,7,204,0,0.0343137254901961
"linear_dense_n300_t02_r0038","linear","dense","paper_adjusted",300,1000,1.5,38,41083048,"MLFDR",0.05,"ok",FALSE,0.670000000000016,"","","9e52aa49ada219ab111c1caabc1fb121",77,6,71,204,0.0779220779220779,0.348039215686274
"confounded_dense_n300_t02_r0038","confounded","dense","paper_adjusted",300,1000,1.5,38,184750723,"HDMT",0.05,"ok",FALSE,0.00999999999999091,"ties should not be present for the one-sample Kolmogorov-Smirnov test","","55ebd720ee6436889aebe31bad4a1770",6,0,6,194,0,0.0309278350515464
"confounded_dense_n300_t02_r0038","confounded","dense","paper_adjusted",300,1000,1.5,38,184750723,"MDACT",0.05,"ok",FALSE,0,"ties should not be present for the one-sample Kolmogorov-Smirnov test","","cc6d8c63238a7fbb8af12c5d20354ddb",8,0,8,194,0,0.0412371134020619
"confounded_dense_n300_t02_r0038","confounded","dense","paper_adjusted",300,1000,1.5,38,184750723,"MLFDR",0.05,"ok",FALSE,0.330000000000041,"","","990c513ad2bf4209e712a8209232e200",51,2,49,194,0.0392156862745098,0.252577319587629
"binary_dense_n300_t02_r0038","binary","dense","paper_adjusted",300,1000,1.5,38,170862967,"HDMT",0.05,"ok",FALSE,0.0299999999999727,"","","24484f66f965390ba4426a1f7ce7ec89",14,0,14,212,0,0.0660377358490566
"binary_dense_n300_t02_r0038","binary","dense","paper_adjusted",300,1000,1.5,38,170862967,"MDACT",0.05,"ok",FALSE,0.00999999999999091,"","","6da9c56516d63913dbae7ef1de603ccd",34,2,32,212,0.0588235294117647,0.150943396226415
"binary_dense_n300_t02_r0038","binary","dense","paper_adjusted",300,1000,1.5,38,170862967,"MLFDR",0.05,"ok",FALSE,0.78000000000003,"","","8cd8cf4fa6c3adc879b9798ec873ffbb",82,5,77,212,0.0609756097560976,0.363207547169811
"linear_sparse_n300_t03_r0038","linear","sparse","paper_adjusted",300,1000,1.9,38,198834079,"HDMT",0.05,"ok",FALSE,0.0300000000000296,"ties should not be present for the one-sample Kolmogorov-Smirnov test","","9276df37d51c3bbb8f400669850db65e",1,0,1,19,0,0.0526315789473684
"linear_sparse_n300_t03_r0038","linear","sparse","paper_adjusted",300,1000,1.9,38,198834079,"MDACT",0.05,"ok",FALSE,0.0199999999999818,"ties should not be present for the one-sample Kolmogorov-Smirnov test","","cf5512f7d2b17889f3f1a2c88caa4ee8",1,0,1,19,0,0.0526315789473684
"linear_sparse_n300_t03_r0038","linear","sparse","paper_adjusted",300,1000,1.9,38,198834079,"MLFDR",0.05,"ok",FALSE,1.5,"","","8ca3f7829c338927edd0e96b3610100e",3,0,3,19,0,0.157894736842105
"confounded_sparse_n300_t03_r0038","confounded","sparse","paper_adjusted",300,1000,1.9,38,79500548,"HDMT",0.05,"ok",FALSE,0.0299999999999727,"ties should not be present for the one-sample Kolmogorov-Smirnov test","","bd16d5aff2344372688fa49dd78bef0d",5,0,5,26,0,0.192307692307692
"confounded_sparse_n300_t03_r0038","confounded","sparse","paper_adjusted",300,1000,1.9,38,79500548,"MDACT",0.05,"ok",FALSE,0,"ties should not be present for the one-sample Kolmogorov-Smirnov test","","9f5c2f2b790dff235cd4decdd9ddcd9f",10,0,10,26,0,0.384615384615385
"confounded_sparse_n300_t03_r0038","confounded","sparse","paper_adjusted",300,1000,1.9,38,79500548,"MLFDR",0.05,"ok",FALSE,0.569999999999993,"","","4cae49cad94ca01087364f10d6e87dc6",14,0,14,26,0,0.538461538461538
"binary_sparse_n300_t03_r0038","binary","sparse","paper_adjusted",300,1000,1.9,38,124870292,"HDMT",0.05,"ok",FALSE,0.0400000000000205,"","","ba6704db443a7b1bd294e0438c0d0047",3,1,2,18,0.333333333333333,0.111111111111111
"binary_sparse_n300_t03_r0038","binary","sparse","paper_adjusted",300,1000,1.9,38,124870292,"MDACT",0.05,"ok",FALSE,0.0199999999999818,"","","b08fa0830e88c17e565e730293fe4544",3,1,2,18,0.333333333333333,0.111111111111111
"binary_sparse_n300_t03_r0038","binary","sparse","paper_adjusted",300,1000,1.9,38,124870292,"MLFDR",0.05,"ok",FALSE,0.329999999999984,"","","17bf0ae0168d53033adfcb3bcdc8f670",4,1,3,18,0.25,0.166666666666667
"linear_dense_n300_t03_r0038","linear","dense","paper_adjusted",300,1000,1.9,38,258094647,"HDMT",0.05,"ok",FALSE,0.0300000000000296,"ties should not be present for the one-sample Kolmogorov-Smirnov test","","298317448562f31ab990f89ef9583088",29,1,28,193,0.0344827586206897,0.145077720207254
"linear_dense_n300_t03_r0038","linear","dense","paper_adjusted",300,1000,1.9,38,258094647,"MDACT",0.05,"ok",FALSE,0.0199999999999818,"ties should not be present for the one-sample Kolmogorov-Smirnov test","","e1f0952ac83f088b63345c0e938f0177",45,3,42,193,0.0666666666666667,0.217616580310881
"linear_dense_n300_t03_r0038","linear","dense","paper_adjusted",300,1000,1.9,38,258094647,"MLFDR",0.05,"ok",FALSE,0.79000000000002,"","","8b8963862f9366f4fbb2f6f6b3c902c7",118,7,111,193,0.0593220338983051,0.575129533678757
"confounded_dense_n300_t03_r0038","confounded","dense","paper_adjusted",300,1000,1.9,38,225566576,"HDMT",0.05,"ok",FALSE,0.0299999999999727,"ties should not be present for the one-sample Kolmogorov-Smirnov test","","f80ee38cbe80f2a75839ef6bf7942499",62,4,58,215,0.0645161290322581,0.269767441860465
"confounded_dense_n300_t03_r0038","confounded","dense","paper_adjusted",300,1000,1.9,38,225566576,"MDACT",0.05,"ok",FALSE,0.00999999999999091,"ties should not be present for the one-sample Kolmogorov-Smirnov test","","9aacc14eb0619a175ff299a66c4ca64f",83,6,77,215,0.072289156626506,0.358139534883721
"confounded_dense_n300_t03_r0038","confounded","dense","paper_adjusted",300,1000,1.9,38,225566576,"MLFDR",0.05,"ok",FALSE,0.660000000000025,"","","1096605b9a9dda2f833d4b02cb77fdc6",136,10,126,215,0.0735294117647059,0.586046511627907
"binary_dense_n300_t03_r0038","binary","dense","paper_adjusted",300,1000,1.9,38,217906577,"HDMT",0.05,"ok",FALSE,0.00999999999999091,"","","c9e6869deae18d85749a270b0f25f129",16,0,16,188,0,0.0851063829787234
"binary_dense_n300_t03_r0038","binary","dense","paper_adjusted",300,1000,1.9,38,217906577,"MDACT",0.05,"ok",FALSE,0.0200000000000387,"","","493b6d45cc14c88cae8ccf57c5d822e0",19,0,19,188,0,0.101063829787234
"binary_dense_n300_t03_r0038","binary","dense","paper_adjusted",300,1000,1.9,38,217906577,"MLFDR",0.05,"ok",FALSE,0.300000000000011,"","","f85d3812ff046eb7bd8f73eec53c71f3",69,4,65,188,0.0579710144927536,0.345744680851064
"linear_sparse_n300_t01_r0039","linear","sparse","paper_adjusted",300,1000,1.3,39,169996550,"HDMT",0.05,"ok",FALSE,0.0400000000000205,"ties should not be present for the one-sample Kolmogorov-Smirnov test","","c79caecc637b2d5395fe7421ccbed408",0,0,0,23,0,0
"linear_sparse_n300_t01_r0039","linear","sparse","paper_adjusted",300,1000,1.3,39,169996550,"MDACT",0.05,"ok",FALSE,0.0199999999999818,"ties should not be present for the one-sample Kolmogorov-Smirnov test","","5ea495add5a166bc8a268c550c85ee14",0,0,0,23,0,0
"linear_sparse_n300_t01_r0039","linear","sparse","paper_adjusted",300,1000,1.3,39,169996550,"MLFDR",0.05,"ok",FALSE,0.509999999999991,"","","b54885896bbd4668059a8a3e627a5227",0,0,0,23,0,0
"confounded_sparse_n300_t01_r0039","confounded","sparse","paper_adjusted",300,1000,1.3,39,255517092,"HDMT",0.05,"ok",FALSE,0.0299999999999727,"ties should not be present for the one-sample Kolmogorov-Smirnov test","","222df4172c9b8ae8c17b8a2c221646a9",1,0,1,23,0,0.0434782608695652
"confounded_sparse_n300_t01_r0039","confounded","sparse","paper_adjusted",300,1000,1.3,39,255517092,"MDACT",0.05,"ok",FALSE,0,"ties should not be present for the one-sample Kolmogorov-Smirnov test","","0b712adf081e256b2070f97b6d87b6ed",1,0,1,23,0,0.0434782608695652
"confounded_sparse_n300_t01_r0039","confounded","sparse","paper_adjusted",300,1000,1.3,39,255517092,"MLFDR",0.05,"ok",FALSE,0.819999999999993,"","","3f2e0d0a5c45e5b219d346d1d38ed764",1,0,1,23,0,0.0434782608695652
"binary_sparse_n300_t01_r0039","binary","sparse","paper_adjusted",300,1000,1.3,39,233653561,"HDMT",0.05,"ok",FALSE,0.0199999999999818,"","","689bdf7e0a422178b9cf0da3d3f94265",0,0,0,19,0,0
"binary_sparse_n300_t01_r0039","binary","sparse","paper_adjusted",300,1000,1.3,39,233653561,"MDACT",0.05,"ok",FALSE,0,"","","816a909f0b370d00bad0f2a64f4acc04",0,0,0,19,0,0
"binary_sparse_n300_t01_r0039","binary","sparse","paper_adjusted",300,1000,1.3,39,233653561,"MLFDR",0.05,"ok",FALSE,0.949999999999989,"","","d84ae3a0b3db5a32e955bd35044f93a4",0,0,0,19,0,0
"linear_dense_n300_t01_r0039","linear","dense","paper_adjusted",300,1000,1.3,39,113165513,"HDMT",0.05,"ok",FALSE,0.0400000000000205,"ties should not be present for the one-sample Kolmogorov-Smirnov test","","aed4f08b1ee3218ad584ddbf3effb6c6",5,0,5,209,0,0.0239234449760766
"linear_dense_n300_t01_r0039","linear","dense","paper_adjusted",300,1000,1.3,39,113165513,"MDACT",0.05,"ok",FALSE,0,"ties should not be present for the one-sample Kolmogorov-Smirnov test","","3f4da252fd791cdb4934956eeecfdd1e",5,0,5,209,0,0.0239234449760766
"linear_dense_n300_t01_r0039","linear","dense","paper_adjusted",300,1000,1.3,39,113165513,"MLFDR",0.05,"ok",FALSE,1.98000000000002,"","","1ae1c8c7a6014e5fda970351314016c6",34,3,31,209,0.0882352941176471,0.148325358851675
"confounded_dense_n300_t01_r0039","confounded","dense","paper_adjusted",300,1000,1.3,39,28945394,"HDMT",0.05,"ok",FALSE,0.00999999999999091,"ties should not be present for the one-sample Kolmogorov-Smirnov test","","43c9aec302b13064f37bdf7481da5b6a",1,0,1,177,0,0.00564971751412429
"confounded_dense_n300_t01_r0039","confounded","dense","paper_adjusted",300,1000,1.3,39,28945394,"MDACT",0.05,"ok",FALSE,0.0199999999999818,"ties should not be present for the one-sample Kolmogorov-Smirnov test","","3de2f1fe522c79c4503ee8db424d1c22",12,1,11,177,0.0833333333333333,0.0621468926553672
"confounded_dense_n300_t01_r0039","confounded","dense","paper_adjusted",300,1000,1.3,39,28945394,"MLFDR",0.05,"ok",FALSE,0.490000000000009,"","","29a6bc0aa37939b9411d21da9fbbf4ef",22,1,21,177,0.0454545454545455,0.11864406779661
"binary_dense_n300_t01_r0039","binary","dense","paper_adjusted",300,1000,1.3,39,43600941,"HDMT",0.05,"ok",FALSE,0.0199999999999818,"","","87a4e363bba8f85ffe5bd68b06beedc1",13,0,13,203,0,0.0640394088669951
"binary_dense_n300_t01_r0039","binary","dense","paper_adjusted",300,1000,1.3,39,43600941,"MDACT",0.05,"ok",FALSE,0.0100000000000477,"","","cd600e95c4d2dd78b91236922fbc6eb5",17,0,17,203,0,0.083743842364532
"binary_dense_n300_t01_r0039","binary","dense","paper_adjusted",300,1000,1.3,39,43600941,"MLFDR",0.05,"ok",FALSE,1.92000000000002,"","","be9b16ef28a13591213dca982042d34d",73,5,68,203,0.0684931506849315,0.334975369458128
"linear_sparse_n300_t02_r0039","linear","sparse","paper_adjusted",300,1000,1.5,39,217948898,"HDMT",0.05,"ok",FALSE,0.0299999999999727,"ties should not be present for the one-sample Kolmogorov-Smirnov test","","55ece017c3fa8db4aa9b876a3a0bfcb8",0,0,0,22,0,0
"linear_sparse_n300_t02_r0039","linear","sparse","paper_adjusted",300,1000,1.5,39,217948898,"MDACT",0.05,"ok",FALSE,0,"ties should not be present for the one-sample Kolmogorov-Smirnov test","","c9951e004f431304ef850c8b03e06a77",1,0,1,22,0,0.0454545454545455
"linear_sparse_n300_t02_r0039","linear","sparse","paper_adjusted",300,1000,1.5,39,217948898,"MLFDR",0.05,"ok",FALSE,0.360000000000014,"","","f96a7828a48c6fd248677f40c8184ef2",2,0,2,22,0,0.0909090909090909
"confounded_sparse_n300_t02_r0039","confounded","sparse","paper_adjusted",300,1000,1.5,39,54175939,"HDMT",0.05,"ok",FALSE,0.0300000000000296,"ties should not be present for the one-sample Kolmogorov-Smirnov test","","1c031418e33d21274c5444395ee4ee8d",2,0,2,24,0,0.0833333333333333
"confounded_sparse_n300_t02_r0039","confounded","sparse","paper_adjusted",300,1000,1.5,39,54175939,"MDACT",0.05,"ok",FALSE,0,"ties should not be present for the one-sample Kolmogorov-Smirnov test","","148172566c1dd72e8235cec422af90d3",2,0,2,24,0,0.0833333333333333
"confounded_sparse_n300_t02_r0039","confounded","sparse","paper_adjusted",300,1000,1.5,39,54175939,"MLFDR",0.05,"ok",FALSE,0.419999999999959,"","","07b4a66ff84eaf147a3c3ac4cf1c91f2",2,0,2,24,0,0.0833333333333333
"binary_sparse_n300_t02_r0039","binary","sparse","paper_adjusted",300,1000,1.5,39,253060792,"HDMT",0.05,"ok",FALSE,0.0299999999999727,"","","3ce8e3b01737a3771917d33e29e84d25",0,0,0,22,0,0
"binary_sparse_n300_t02_r0039","binary","sparse","paper_adjusted",300,1000,1.5,39,253060792,"MDACT",0.05,"ok",FALSE,0.0199999999999818,"","","9858eff72742be83bb7fa3e03b78cb67",1,0,1,22,0,0.0454545454545455
"binary_sparse_n300_t02_r0039","binary","sparse","paper_adjusted",300,1000,1.5,39,253060792,"MLFDR",0.05,"ok",FALSE,0.329999999999984,"","","82ab774f809792b66fd062fa978bbc96",9,1,8,22,0.111111111111111,0.363636363636364
"linear_dense_n300_t02_r0039","linear","dense","paper_adjusted",300,1000,1.5,39,242687475,"HDMT",0.05,"ok",FALSE,0.0300000000000296,"ties should not be present for the one-sample Kolmogorov-Smirnov test","","0e4a8380dc18eb9c00a080ed8a2ad513",7,1,6,200,0.142857142857143,0.03
"linear_dense_n300_t02_r0039","linear","dense","paper_adjusted",300,1000,1.5,39,242687475,"MDACT",0.05,"ok",FALSE,0,"ties should not be present for the one-sample Kolmogorov-Smirnov test","","4d012a205e9f9bcb0e5d8598fa83ae5f",23,2,21,200,0.0869565217391304,0.105
"linear_dense_n300_t02_r0039","linear","dense","paper_adjusted",300,1000,1.5,39,242687475,"MLFDR",0.05,"ok",FALSE,0.75,"","","89653b50c52e8beed978aa99dd7d0848",70,2,68,200,0.0285714285714286,0.34
"confounded_dense_n300_t02_r0039","confounded","dense","paper_adjusted",300,1000,1.5,39,82116224,"HDMT",0.05,"ok",FALSE,0.0300000000000296,"ties should not be present for the one-sample Kolmogorov-Smirnov test","","7cb2b0d0f5134c91d292253778665165",11,0,11,228,0,0.0482456140350877
"confounded_dense_n300_t02_r0039","confounded","dense","paper_adjusted",300,1000,1.5,39,82116224,"MDACT",0.05,"ok",FALSE,0.00999999999999091,"ties should not be present for the one-sample Kolmogorov-Smirnov test","","c5305fddfa6fe54d4d472aba0e804120",12,0,12,228,0,0.0526315789473684
"confounded_dense_n300_t02_r0039","confounded","dense","paper_adjusted",300,1000,1.5,39,82116224,"MLFDR",0.05,"ok",FALSE,0.339999999999975,"","","4973763cdf2582bca045ff789a3c5907",86,5,81,228,0.0581395348837209,0.355263157894737
"binary_dense_n300_t02_r0039","binary","dense","paper_adjusted",300,1000,1.5,39,138345566,"HDMT",0.05,"ok",FALSE,0.0299999999999727,"","","85372677b501621cd78cc86b2e34b6e4",2,0,2,183,0,0.0109289617486339
"binary_dense_n300_t02_r0039","binary","dense","paper_adjusted",300,1000,1.5,39,138345566,"MDACT",0.05,"ok",FALSE,0.00999999999999091,"","","9067f06734654b95170dd6e90eb6bdd5",2,0,2,183,0,0.0109289617486339
"binary_dense_n300_t02_r0039","binary","dense","paper_adjusted",300,1000,1.5,39,138345566,"MLFDR",0.05,"ok",FALSE,0.470000000000027,"","","8b0836ab0a61d79ba283b38c163da380",35,1,34,183,0.0285714285714286,0.185792349726776
"linear_sparse_n300_t03_r0039","linear","sparse","paper_adjusted",300,1000,1.9,39,153068488,"HDMT",0.05,"ok",FALSE,0.0199999999999818,"ties should not be present for the one-sample Kolmogorov-Smirnov test","","0bd3810602a139e642d9fb1f747ad2f7",4,0,4,19,0,0.210526315789474
"linear_sparse_n300_t03_r0039","linear","sparse","paper_adjusted",300,1000,1.9,39,153068488,"MDACT",0.05,"ok",FALSE,0,"ties should not be present for the one-sample Kolmogorov-Smirnov test","","4d183dabbd241305503b18e1917624fe",4,0,4,19,0,0.210526315789474
"linear_sparse_n300_t03_r0039","linear","sparse","paper_adjusted",300,1000,1.9,39,153068488,"MLFDR",0.05,"ok",FALSE,0.529999999999973,"","","a958716182141fc04f699a05a003da5f",8,0,8,19,0,0.421052631578947
"confounded_sparse_n300_t03_r0039","confounded","sparse","paper_adjusted",300,1000,1.9,39,47425897,"HDMT",0.05,"ok",FALSE,0.0299999999999727,"ties should not be present for the one-sample Kolmogorov-Smirnov test","","c81bc050f62e883ba4a557bc2e47f6a3",1,0,1,16,0,0.0625
"confounded_sparse_n300_t03_r0039","confounded","sparse","paper_adjusted",300,1000,1.9,39,47425897,"MDACT",0.05,"ok",FALSE,0,"ties should not be present for the one-sample Kolmogorov-Smirnov test","","a2c0dd60a6af7e5e2f0fe5c1f866d729",1,0,1,16,0,0.0625
"confounded_sparse_n300_t03_r0039","confounded","sparse","paper_adjusted",300,1000,1.9,39,47425897,"MLFDR",0.05,"ok",FALSE,0.339999999999975,"","","dd0accce1cb3250d1efbb122af260eae",6,1,5,16,0.166666666666667,0.3125
"binary_sparse_n300_t03_r0039","binary","sparse","paper_adjusted",300,1000,1.9,39,206761094,"HDMT",0.05,"ok",FALSE,0.0300000000000296,"","","9e834bacde802903a1723937e36af4db",8,0,8,15,0,0.533333333333333
"binary_sparse_n300_t03_r0039","binary","sparse","paper_adjusted",300,1000,1.9,39,206761094,"MDACT",0.05,"ok",FALSE,0.00999999999999091,"","","5260bb44d6b836c79ecacb1cb4e047b4",8,0,8,15,0,0.533333333333333
"binary_sparse_n300_t03_r0039","binary","sparse","paper_adjusted",300,1000,1.9,39,206761094,"MLFDR",0.05,"ok",FALSE,0.289999999999964,"","","7047f0a57c7123db2143a3db659347c8",9,0,9,15,0,0.6
"linear_dense_n300_t03_r0039","linear","dense","paper_adjusted",300,1000,1.9,39,21192623,"HDMT",0.05,"ok",FALSE,0.00999999999999091,"ties should not be present for the one-sample Kolmogorov-Smirnov test","","29b0e680f77199167ad4182b9b12eb90",40,1,39,212,0.025,0.183962264150943
"linear_dense_n300_t03_r0039","linear","dense","paper_adjusted",300,1000,1.9,39,21192623,"MDACT",0.05,"ok",FALSE,0,"ties should not be present for the one-sample Kolmogorov-Smirnov test","","1fa57760389e0fd3f5aa54ab2f2f8170",54,2,52,212,0.037037037037037,0.245283018867925
"linear_dense_n300_t03_r0039","linear","dense","paper_adjusted",300,1000,1.9,39,21192623,"MLFDR",0.05,"ok",FALSE,1.88,"","","39100d83b83db9d0300311a7b9e05bc3",132,10,122,212,0.0757575757575758,0.575471698113208
"confounded_dense_n300_t03_r0039","confounded","dense","paper_adjusted",300,1000,1.9,39,104852546,"HDMT",0.05,"ok",FALSE,0.00999999999999091,"ties should not be present for the one-sample Kolmogorov-Smirnov test","","59478a2323b51f46e093c5811937aa96",42,1,41,185,0.0238095238095238,0.221621621621622
"confounded_dense_n300_t03_r0039","confounded","dense","paper_adjusted",300,1000,1.9,39,104852546,"MDACT",0.05,"ok",FALSE,0,"ties should not be present for the one-sample Kolmogorov-Smirnov test","","799d3dbdcf60c661fc7db8b4da0bd15f",56,2,54,185,0.0357142857142857,0.291891891891892
"confounded_dense_n300_t03_r0039","confounded","dense","paper_adjusted",300,1000,1.9,39,104852546,"MLFDR",0.05,"ok",FALSE,0.480000000000018,"","","9275b245fd9a5a44e62a13dbadec921c",94,6,88,185,0.0638297872340425,0.475675675675676
"binary_dense_n300_t03_r0039","binary","dense","paper_adjusted",300,1000,1.9,39,96232423,"HDMT",0.05,"ok",FALSE,0.0299999999999727,"","","0bf3823381d2ffe692a4bee1a7fdeec0",53,2,51,202,0.0377358490566038,0.252475247524752
"binary_dense_n300_t03_r0039","binary","dense","paper_adjusted",300,1000,1.9,39,96232423,"MDACT",0.05,"ok",FALSE,0.0200000000000387,"","","bd0677bf85a6e81dc33a1ebe6d4dcc19",55,2,53,202,0.0363636363636364,0.262376237623762
"binary_dense_n300_t03_r0039","binary","dense","paper_adjusted",300,1000,1.9,39,96232423,"MLFDR",0.05,"ok",FALSE,0.25,"","","617df893a4c1063f7960a0ce0df543ce",118,5,113,202,0.0423728813559322,0.559405940594059
"linear_sparse_n300_t01_r0040","linear","sparse","paper_adjusted",300,1000,1.3,40,265184275,"HDMT",0.05,"ok",FALSE,0.0299999999999727,"ties should not be present for the one-sample Kolmogorov-Smirnov test","","5fde50df4ae503de962fbccca25dc438",1,0,1,19,0,0.0526315789473684
"linear_sparse_n300_t01_r0040","linear","sparse","paper_adjusted",300,1000,1.3,40,265184275,"MDACT",0.05,"ok",FALSE,0.0199999999999818,"ties should not be present for the one-sample Kolmogorov-Smirnov test","","21a6f27d897613e6c62e69f215b02849",1,0,1,19,0,0.0526315789473684
"linear_sparse_n300_t01_r0040","linear","sparse","paper_adjusted",300,1000,1.3,40,265184275,"MLFDR",0.05,"ok",FALSE,2.38,"","","4a0792b9df9269a0e9148ec8217fdf78",1,0,1,19,0,0.0526315789473684
"confounded_sparse_n300_t01_r0040","confounded","sparse","paper_adjusted",300,1000,1.3,40,168953461,"HDMT",0.05,"ok",FALSE,0.00999999999999091,"ties should not be present for the one-sample Kolmogorov-Smirnov test","","f112136676ac3f22323e1719dcfc2f84",0,0,0,21,0,0
"confounded_sparse_n300_t01_r0040","confounded","sparse","paper_adjusted",300,1000,1.3,40,168953461,"MDACT",0.05,"ok",FALSE,0,"ties should not be present for the one-sample Kolmogorov-Smirnov test","","005cd3f735721fa8a895f744032bfc92",0,0,0,21,0,0
"confounded_sparse_n300_t01_r0040","confounded","sparse","paper_adjusted",300,1000,1.3,40,168953461,"MLFDR",0.05,"ok",FALSE,0.529999999999973,"","","aa31e384bd55ab5152b9ed4ce1b714ce",5,1,4,21,0.2,0.19047619047619
"binary_sparse_n300_t01_r0040","binary","sparse","paper_adjusted",300,1000,1.3,40,232061404,"HDMT",0.05,"ok",FALSE,0.00999999999999091,"","","7b843e6fac0837ed80562a6995f9f19a",0,0,0,17,0,0
"binary_sparse_n300_t01_r0040","binary","sparse","paper_adjusted",300,1000,1.3,40,232061404,"MDACT",0.05,"ok",FALSE,0.0199999999999818,"","","2315b2cc5b34cadb47f6e9f3c4fc3869",1,0,1,17,0,0.0588235294117647
"binary_sparse_n300_t01_r0040","binary","sparse","paper_adjusted",300,1000,1.3,40,232061404,"MLFDR",0.05,"ok",FALSE,0.360000000000014,"","","b486762c7d3d97d7116f905820de1300",3,0,3,17,0,0.176470588235294
"linear_dense_n300_t01_r0040","linear","dense","paper_adjusted",300,1000,1.3,40,56615891,"HDMT",0.05,"ok",FALSE,0.00999999999999091,"ties should not be present for the one-sample Kolmogorov-Smirnov test","","3b8764ccf2fe12225ed3853c6fdb6ef8",5,1,4,200,0.2,0.02
"linear_dense_n300_t01_r0040","linear","dense","paper_adjusted",300,1000,1.3,40,56615891,"MDACT",0.05,"ok",FALSE,0.00999999999999091,"ties should not be present for the one-sample Kolmogorov-Smirnov test","","468d0b80de1b50a4e1bc2ea926d45c1d",5,1,4,200,0.2,0.02
"linear_dense_n300_t01_r0040","linear","dense","paper_adjusted",300,1000,1.3,40,56615891,"MLFDR",0.05,"ok",FALSE,0.70999999999998,"","","4e16bee84d1fcc0b06bcefb75ab1a011",24,1,23,200,0.0416666666666667,0.115
"confounded_dense_n300_t01_r0040","confounded","dense","paper_adjusted",300,1000,1.3,40,117400874,"HDMT",0.05,"ok",FALSE,0.00999999999999091,"ties should not be present for the one-sample Kolmogorov-Smirnov test","","6f3be0e3f30497b11961942d18def4f4",5,0,5,205,0,0.024390243902439
"confounded_dense_n300_t01_r0040","confounded","dense","paper_adjusted",300,1000,1.3,40,117400874,"MDACT",0.05,"ok",FALSE,0,"ties should not be present for the one-sample Kolmogorov-Smirnov test","","c9bca5ec1b5676aee2b3b63b4eeb03e2",5,0,5,205,0,0.024390243902439
"confounded_dense_n300_t01_r0040","confounded","dense","paper_adjusted",300,1000,1.3,40,117400874,"MLFDR",0.05,"ok",FALSE,0.659999999999968,"","","0fb99f2f1f712b7d7860e692ec79f197",33,1,32,205,0.0303030303030303,0.15609756097561
"binary_dense_n300_t01_r0040","binary","dense","paper_adjusted",300,1000,1.3,40,253522116,"HDMT",0.05,"ok",FALSE,0.0200000000000387,"","","f554526674bc1efde47367eb26607c35",0,0,0,231,0,0
"binary_dense_n300_t01_r0040","binary","dense","paper_adjusted",300,1000,1.3,40,253522116,"MDACT",0.05,"ok",FALSE,0,"","","580dffad2e421e7f5b2bf92e72be2ba5",0,0,0,231,0,0
"binary_dense_n300_t01_r0040","binary","dense","paper_adjusted",300,1000,1.3,40,253522116,"MLFDR",0.05,"ok",FALSE,0.539999999999964,"","","f4bc5a83f0d3b4e5965d3ea5e6f4bddd",19,2,17,231,0.105263157894737,0.0735930735930736
"linear_sparse_n300_t02_r0040","linear","sparse","paper_adjusted",300,1000,1.5,40,210340618,"HDMT",0.05,"ok",FALSE,0.0200000000000387,"ties should not be present for the one-sample Kolmogorov-Smirnov test","","83b4f8b7644ec5a3ace95f89d23c4d48",1,0,1,15,0,0.0666666666666667
"linear_sparse_n300_t02_r0040","linear","sparse","paper_adjusted",300,1000,1.5,40,210340618,"MDACT",0.05,"ok",FALSE,0.0199999999999818,"ties should not be present for the one-sample Kolmogorov-Smirnov test","","2b36b732340b3ca74f92959cd7d9b80c",1,0,1,15,0,0.0666666666666667
"linear_sparse_n300_t02_r0040","linear","sparse","paper_adjusted",300,1000,1.5,40,210340618,"MLFDR",0.05,"ok",FALSE,1,"","","e997aa9c95b4876dc28fabb627e5ed14",1,0,1,15,0,0.0666666666666667
"confounded_sparse_n300_t02_r0040","confounded","sparse","paper_adjusted",300,1000,1.5,40,36908002,"HDMT",0.05,"ok",FALSE,0.0199999999999818,"ties should not be present for the one-sample Kolmogorov-Smirnov test","","0f5711502b7cb46c416218468c66532b",0,0,0,19,0,0
"confounded_sparse_n300_t02_r0040","confounded","sparse","paper_adjusted",300,1000,1.5,40,36908002,"MDACT",0.05,"ok",FALSE,0.0200000000000387,"ties should not be present for the one-sample Kolmogorov-Smirnov test","","8c20401bc90168f4af441e04b1a63029",0,0,0,19,0,0
"confounded_sparse_n300_t02_r0040","confounded","sparse","paper_adjusted",300,1000,1.5,40,36908002,"MLFDR",0.05,"ok",FALSE,0.720000000000027,"","","e5dbf875cf76a125f9fbd1151573e136",0,0,0,19,0,0
"binary_sparse_n300_t02_r0040","binary","sparse","paper_adjusted",300,1000,1.5,40,101594879,"HDMT",0.05,"ok",FALSE,0.00999999999999091,"","","e512549962d425be6019787b9598796c",0,0,0,18,0,0
"binary_sparse_n300_t02_r0040","binary","sparse","paper_adjusted",300,1000,1.5,40,101594879,"MDACT",0.05,"ok",FALSE,0.0200000000000387,"","","6003d58f1c7b096bd8c9f646743b6862",0,0,0,18,0,0
"binary_sparse_n300_t02_r0040","binary","sparse","paper_adjusted",300,1000,1.5,40,101594879,"MLFDR",0.05,"ok",FALSE,0.420000000000016,"","","a20069312efb943d294af85dc812146b",3,0,3,18,0,0.166666666666667
"linear_dense_n300_t02_r0040","linear","dense","paper_adjusted",300,1000,1.5,40,226460064,"HDMT",0.05,"ok",FALSE,0.0300000000000296,"ties should not be present for the one-sample Kolmogorov-Smirnov test","","39864be8698aed1fbf487b5536cfd077",4,0,4,191,0,0.0209424083769634
"linear_dense_n300_t02_r0040","linear","dense","paper_adjusted",300,1000,1.5,40,226460064,"MDACT",0.05,"ok",FALSE,0.00999999999999091,"ties should not be present for the one-sample Kolmogorov-Smirnov test","","9a73585afb70179abc0024e8e3afcce6",4,0,4,191,0,0.0209424083769634
"linear_dense_n300_t02_r0040","linear","dense","paper_adjusted",300,1000,1.5,40,226460064,"MLFDR",0.05,"ok",FALSE,1.39999999999998,"","","b96aa64ceb4bbae28278df12ebad77c8",48,2,46,191,0.0416666666666667,0.240837696335079
"confounded_dense_n300_t02_r0040","confounded","dense","paper_adjusted",300,1000,1.5,40,193937148,"HDMT",0.05,"ok",FALSE,0.0200000000000387,"ties should not be present for the one-sample Kolmogorov-Smirnov test","","2984338cd71c44293de167ec1e548969",5,1,4,193,0.2,0.0207253886010363
"confounded_dense_n300_t02_r0040","confounded","dense","paper_adjusted",300,1000,1.5,40,193937148,"MDACT",0.05,"ok",FALSE,0,"ties should not be present for the one-sample Kolmogorov-Smirnov test","","7bb930b5469feb9e249a9b2c17c0a963",5,1,4,193,0.2,0.0207253886010363
"confounded_dense_n300_t02_r0040","confounded","dense","paper_adjusted",300,1000,1.5,40,193937148,"MLFDR",0.05,"ok",FALSE,0.389999999999986,"","","5df4b23c8a164972d995a5f5051d50b3",36,1,35,193,0.0277777777777778,0.181347150259067
"binary_dense_n300_t02_r0040","binary","dense","paper_adjusted",300,1000,1.5,40,37279287,"HDMT",0.05,"ok",FALSE,0.0299999999999727,"","","8a92cd50b57f90375a6cbee4a10d3aef",15,0,15,210,0,0.0714285714285714
"binary_dense_n300_t02_r0040","binary","dense","paper_adjusted",300,1000,1.5,40,37279287,"MDACT",0.05,"ok",FALSE,0.00999999999999091,"","","15819de0068d37eec325834860fa5169",15,0,15,210,0,0.0714285714285714
"binary_dense_n300_t02_r0040","binary","dense","paper_adjusted",300,1000,1.5,40,37279287,"MLFDR",0.05,"ok",FALSE,1.07999999999998,"","","2dbc99b365593c21bcea4b8dd07346e6",58,6,52,210,0.103448275862069,0.247619047619048
"linear_sparse_n300_t03_r0040","linear","sparse","paper_adjusted",300,1000,1.9,40,127872135,"HDMT",0.05,"ok",FALSE,0.0300000000000296,"ties should not be present for the one-sample Kolmogorov-Smirnov test","","404effecb39af31aa3c4761082516282",0,0,0,24,0,0
"linear_sparse_n300_t03_r0040","linear","sparse","paper_adjusted",300,1000,1.9,40,127872135,"MDACT",0.05,"ok",FALSE,0.00999999999999091,"ties should not be present for the one-sample Kolmogorov-Smirnov test","","fa3e646971572d39067172ad5e35b9ba",1,0,1,24,0,0.0416666666666667
"linear_sparse_n300_t03_r0040","linear","sparse","paper_adjusted",300,1000,1.9,40,127872135,"MLFDR",0.05,"ok",FALSE,0.879999999999995,"","","c43de7c9f5f115fc4a2660199c74e03c",11,0,11,24,0,0.458333333333333
"confounded_sparse_n300_t03_r0040","confounded","sparse","paper_adjusted",300,1000,1.9,40,204726958,"HDMT",0.05,"ok",FALSE,0.0300000000000296,"ties should not be present for the one-sample Kolmogorov-Smirnov test","","a0d4623c29a96f6f0c6da8bfb50bf339",2,0,2,20,0,0.1
"confounded_sparse_n300_t03_r0040","confounded","sparse","paper_adjusted",300,1000,1.9,40,204726958,"MDACT",0.05,"ok",FALSE,0.00999999999999091,"ties should not be present for the one-sample Kolmogorov-Smirnov test","","586c517653bb0e81c8e448079a883d97",2,0,2,20,0,0.1
"confounded_sparse_n300_t03_r0040","confounded","sparse","paper_adjusted",300,1000,1.9,40,204726958,"MLFDR",0.05,"ok",FALSE,0.770000000000039,"","","f8a9337fd50c5a3ff5c7ecc20bfca220",4,1,3,20,0.25,0.15
"binary_sparse_n300_t03_r0040","binary","sparse","paper_adjusted",300,1000,1.9,40,219248227,"HDMT",0.05,"ok",FALSE,0.0299999999999727,"","","5d9bbb7d91bfd8b3c22f7bfe14deebc2",0,0,0,22,0,0
"binary_sparse_n300_t03_r0040","binary","sparse","paper_adjusted",300,1000,1.9,40,219248227,"MDACT",0.05,"ok",FALSE,0.00999999999999091,"","","c7330cf063ddbfefa391b319b6480ead",0,0,0,22,0,0
"binary_sparse_n300_t03_r0040","binary","sparse","paper_adjusted",300,1000,1.9,40,219248227,"MLFDR",0.05,"ok",FALSE,0.29000000000002,"","","2451e3d22435b093ed68d585c7b61db6",9,1,8,22,0.111111111111111,0.363636363636364
"linear_dense_n300_t03_r0040","linear","dense","paper_adjusted",300,1000,1.9,40,53565183,"HDMT",0.05,"ok",FALSE,0.0199999999999818,"ties should not be present for the one-sample Kolmogorov-Smirnov test","","333a4e15ad3f452f29b7ede40d52b560",28,0,28,196,0,0.142857142857143
"linear_dense_n300_t03_r0040","linear","dense","paper_adjusted",300,1000,1.9,40,53565183,"MDACT",0.05,"ok",FALSE,0.0199999999999818,"ties should not be present for the one-sample Kolmogorov-Smirnov test","","67fd85d9833bd158b948bb6c309cda44",38,2,36,196,0.0526315789473684,0.183673469387755
"linear_dense_n300_t03_r0040","linear","dense","paper_adjusted",300,1000,1.9,40,53565183,"MLFDR",0.05,"ok",FALSE,0.25,"","","39d609ac4740a7e5d2f3b9030df28098",112,7,105,196,0.0625,0.535714285714286
"confounded_dense_n300_t03_r0040","confounded","dense","paper_adjusted",300,1000,1.9,40,138648963,"HDMT",0.05,"ok",FALSE,0.0199999999999818,"ties should not be present for the one-sample Kolmogorov-Smirnov test","","494415427488df8568c2f2c62ca8eb9a",14,1,13,197,0.0714285714285714,0.065989847715736
"confounded_dense_n300_t03_r0040","confounded","dense","paper_adjusted",300,1000,1.9,40,138648963,"MDACT",0.05,"ok",FALSE,0,"ties should not be present for the one-sample Kolmogorov-Smirnov test","","b0993f6239ad236873a48fab7d77955c",24,2,22,197,0.0833333333333333,0.111675126903553
"confounded_dense_n300_t03_r0040","confounded","dense","paper_adjusted",300,1000,1.9,40,138648963,"MLFDR",0.05,"ok",FALSE,0.54000000000002,"","","35507914ff1ca1204ab2d25179086f9c",80,3,77,197,0.0375,0.390862944162437
"binary_dense_n300_t03_r0040","binary","dense","paper_adjusted",300,1000,1.9,40,205680175,"HDMT",0.05,"ok",FALSE,0.0200000000000387,"","","16960bb7350c254c039e7d02684c8f5e",26,1,25,203,0.0384615384615385,0.123152709359606
"binary_dense_n300_t03_r0040","binary","dense","paper_adjusted",300,1000,1.9,40,205680175,"MDACT",0.05,"ok",FALSE,0.0199999999999818,"","","b95dd3bbff4cba66fd97363945a17435",43,2,41,203,0.0465116279069767,0.201970443349754
"binary_dense_n300_t03_r0040","binary","dense","paper_adjusted",300,1000,1.9,40,205680175,"MLFDR",0.05,"ok",FALSE,0.330000000000041,"","","aa04f3e00e364fa57126e5cc8feb1ce8",113,9,104,203,0.079646017699115,0.512315270935961
