"case_id","scenario","mixture","profile","n","m","tau","replicate","seed","method","q","status","cached","elapsed_seconds","warning","error","cache_key","discoveries","false_discoveries","true_discoveries","alternatives","FDP","power"
"linear_sparse_n300_t01_r0013","linear","sparse","teaching_fixed",300,1000,1.3,13,197009043,"ASHMED_Adaptive",0.05,"ok",FALSE,1.15,"","","dae99f728f3edc4a4909bc8cc731500a",11,0,11,20,0,0.55
"confounded_sparse_n300_t01_r0013","confounded","sparse","teaching_fixed",300,1000,1.3,13,109143969,"ASHMED_Adaptive",0.05,"ok",FALSE,1.53,"","","cdb0fba62b7e16e2aa9ffe8cd8af2172",11,0,11,20,0,0.55
"binary_sparse_n300_t01_r0013","binary","sparse","teaching_fixed",300,1000,1.3,13,159399142,"ASHMED_Adaptive",0.05,"ok",FALSE,1.15,"","","c9d24011ec448f56059cb6ca22521cdf",13,1,12,20,0.0769230769230769,0.6
"linear_dense_n300_t01_r0013","linear","dense","teaching_fixed",300,1000,1.3,13,202287526,"ASHMED_Adaptive",0.05,"ok",FALSE,1,"","","598d5fc9f38dba2bdda1c8f3a4dff219",145,8,137,200,0.0551724137931034,0.685
"confounded_dense_n300_t01_r0013","confounded","dense","teaching_fixed",300,1000,1.3,13,148960117,"ASHMED_Adaptive",0.05,"ok",FALSE,1.29,"","","a295b6b25f535ecde2b3f119645156d1",139,6,133,200,0.0431654676258993,0.665
"binary_dense_n300_t01_r0013","binary","dense","teaching_fixed",300,1000,1.3,13,207669232,"ASHMED_Adaptive",0.05,"ok",FALSE,1.63,"","","165f9087d8756df0d204feadb9d0d0b9",150,7,143,200,0.0466666666666667,0.715
"linear_sparse_n300_t02_r0013","linear","sparse","teaching_fixed",300,1000,1.5,13,107590381,"ASHMED_Adaptive",0.05,"ok",FALSE,1.51,"","","c49e996a9337c2359f52ce1c8641aa38",13,1,12,20,0.0769230769230769,0.6
"confounded_sparse_n300_t02_r0013","confounded","sparse","teaching_fixed",300,1000,1.5,13,234415656,"ASHMED_Adaptive",0.05,"ok",FALSE,1.65,"","","29b33f7cab93cf1ea0a8afcb7e8b09ae",12,1,11,20,0.0833333333333333,0.55
"binary_sparse_n300_t02_r0013","binary","sparse","teaching_fixed",300,1000,1.5,13,9633393,"ASHMED_Adaptive",0.05,"ok",FALSE,0.720000000000001,"","","0839e96fd58757ee57ee16f121dac749",8,0,8,20,0,0.4
"linear_dense_n300_t02_r0013","linear","dense","teaching_fixed",300,1000,1.5,13,160999443,"ASHMED_Adaptive",0.05,"ok",FALSE,0.78,"","","7485276b7db132128a4c35093ee06bc8",152,9,143,200,0.0592105263157895,0.715
"confounded_dense_n300_t02_r0013","confounded","dense","teaching_fixed",300,1000,1.5,13,150635112,"ASHMED_Adaptive",0.05,"ok",FALSE,2.33,"","","47cc5be4d22ec755d12d3c72b390c648",161,9,152,200,0.0559006211180124,0.76
"binary_dense_n300_t02_r0013","binary","dense","teaching_fixed",300,1000,1.5,13,216279470,"ASHMED_Adaptive",0.05,"ok",FALSE,11.84,"","","09b6db6d60d7b875468d24baf29005d0",175,14,161,200,0.08,0.805
"linear_sparse_n300_t03_r0013","linear","sparse","teaching_fixed",300,1000,1.9,13,231078138,"ASHMED_Adaptive",0.05,"ok",FALSE,2.53,"","","1e16bb1e6186e2011a18b63881776780",17,0,17,20,0,0.85
"confounded_sparse_n300_t03_r0013","confounded","sparse","teaching_fixed",300,1000,1.9,13,190422985,"ASHMED_Adaptive",0.05,"ok",FALSE,0.879999999999999,"","","c9637a87ac3a81717d3b1b914bacf8ba",15,0,15,20,0,0.75
"binary_sparse_n300_t03_r0013","binary","sparse","teaching_fixed",300,1000,1.9,13,55867210,"ASHMED_Adaptive",0.05,"ok",FALSE,0.73,"","","011810da6806619f23185dd2fa628fee",22,2,20,20,0.0909090909090909,1
"linear_dense_n300_t03_r0013","linear","dense","teaching_fixed",300,1000,1.9,13,155112510,"ASHMED_Adaptive",0.05,"ok",FALSE,1.31,"","","a7f7c3d9f0bf9c44b310f2694f271262",199,8,191,200,0.0402010050251256,0.955
"confounded_dense_n300_t03_r0013","confounded","dense","teaching_fixed",300,1000,1.9,13,124728513,"ASHMED_Adaptive",0.05,"ok",FALSE,1.26,"","","f0c0fd7bfba8ade6d276161bd76f0a90",194,5,189,200,0.0257731958762887,0.945
"binary_dense_n300_t03_r0013","binary","dense","teaching_fixed",300,1000,1.9,13,25516497,"ASHMED_Adaptive",0.05,"ok",FALSE,1.86,"","","b171f940e11e684ab92ffa96e4900791",206,12,194,200,0.058252427184466,0.97
"linear_sparse_n300_t01_r0014","linear","sparse","teaching_fixed",300,1000,1.3,14,157365968,"ASHMED_Adaptive",0.05,"ok",FALSE,1.32,"","","9eefc0825e73c681230b0d2887d362b3",3,0,3,20,0,0.15
"confounded_sparse_n300_t01_r0014","confounded","sparse","teaching_fixed",300,1000,1.3,14,201305191,"ASHMED_Adaptive",0.05,"ok",FALSE,0.890000000000001,"","","427b997fa1d51b8e38565073bd534339",9,1,8,20,0.111111111111111,0.4
"binary_sparse_n300_t01_r0014","binary","sparse","teaching_fixed",300,1000,1.3,14,185424168,"ASHMED_Adaptive",0.05,"ok",FALSE,1.17,"","","c840724c9087196bf9898ef476f08dcb",14,2,12,20,0.142857142857143,0.6
"linear_dense_n300_t01_r0014","linear","dense","teaching_fixed",300,1000,1.3,14,243015438,"ASHMED_Adaptive",0.05,"ok",FALSE,1.81,"","","8c903bd591efcf535f33ed8da864240f",148,8,140,200,0.0540540540540541,0.7
"confounded_dense_n300_t01_r0014","confounded","dense","teaching_fixed",300,1000,1.3,14,14434907,"ASHMED_Adaptive",0.05,"ok",FALSE,0.710000000000001,"","","fbaab70be4e4aed2c059ec7cc33c133d",128,7,121,200,0.0546875,0.605
"binary_dense_n300_t01_r0014","binary","dense","teaching_fixed",300,1000,1.3,14,203719500,"ASHMED_Adaptive",0.05,"ok",FALSE,0.91,"","","a963d9a0f668e43b6ef7527126919e5a",133,9,124,200,0.0676691729323308,0.62
"linear_sparse_n300_t02_r0014","linear","sparse","teaching_fixed",300,1000,1.5,14,190196032,"ASHMED_Adaptive",0.05,"ok",FALSE,0.780000000000001,"","","8d58a4e2baa611e0d872e015c9e34cc6",14,1,13,20,0.0714285714285714,0.65
"confounded_sparse_n300_t02_r0014","confounded","sparse","teaching_fixed",300,1000,1.5,14,167740610,"ASHMED_Adaptive",0.05,"ok",FALSE,0.560000000000002,"","","d5ce54a1e0765ae927150b7b86b19cab",18,2,16,20,0.111111111111111,0.8
"binary_sparse_n300_t02_r0014","binary","sparse","teaching_fixed",300,1000,1.5,14,89963205,"ASHMED_Adaptive",0.05,"ok",FALSE,1.53,"","","32782c1eaae0dadcacde8cdfba277b8b",13,1,12,20,0.0769230769230769,0.6
"linear_dense_n300_t02_r0014","linear","dense","teaching_fixed",300,1000,1.5,14,214893965,"ASHMED_Adaptive",0.05,"ok",FALSE,0.699999999999999,"","","6dfcdbfe26fdfeb8baf36c4576222c80",182,11,171,200,0.0604395604395604,0.855
"confounded_dense_n300_t02_r0014","confounded","dense","teaching_fixed",300,1000,1.5,14,183979977,"ASHMED_Adaptive",0.05,"ok",FALSE,0.699999999999999,"","","ea04cf94f8251aa08db0a71a05560e90",183,12,171,200,0.0655737704918033,0.855
"binary_dense_n300_t02_r0014","binary","dense","teaching_fixed",300,1000,1.5,14,42348949,"ASHMED_Adaptive",0.05,"ok",FALSE,6.19,"","","4f30bf18aeda05a54b2eedbe1a4cfd4b",154,8,146,200,0.051948051948052,0.73
"linear_sparse_n300_t03_r0014","linear","sparse","teaching_fixed",300,1000,1.9,14,28604148,"ASHMED_Adaptive",0.05,"ok",FALSE,0.619999999999997,"","","bb2cd01440d535ee5b52ab0a01a5f5e5",18,1,17,20,0.0555555555555556,0.85
"confounded_sparse_n300_t03_r0014","confounded","sparse","teaching_fixed",300,1000,1.9,14,71853033,"ASHMED_Adaptive",0.05,"ok",FALSE,1.14,"","","5015a336b21fa43c74925af561af9fba",12,0,12,20,0,0.6
"binary_sparse_n300_t03_r0014","binary","sparse","teaching_fixed",300,1000,1.9,14,96391850,"ASHMED_Adaptive",0.05,"ok",FALSE,2.3,"","","cd017d9c6d5fa512872769d830e174ec",20,1,19,20,0.05,0.95
"linear_dense_n300_t03_r0014","linear","dense","teaching_fixed",300,1000,1.9,14,101609064,"ASHMED_Adaptive",0.05,"ok",FALSE,1.09,"","","0efecb397f2a75c6e0427a94a44b538b",199,10,189,200,0.050251256281407,0.945
"confounded_dense_n300_t03_r0014","confounded","dense","teaching_fixed",300,1000,1.9,14,253543449,"ASHMED_Adaptive",0.05,"ok",FALSE,0.77,"","","a71bc316b149172f4e89cf4139eac4a5",205,12,193,200,0.0585365853658537,0.965
"binary_dense_n300_t03_r0014","binary","dense","teaching_fixed",300,1000,1.9,14,206670547,"ASHMED_Adaptive",0.05,"ok",FALSE,4.5,"","","589c77db29f4325054ef8783fcdcab50",199,7,192,200,0.0351758793969849,0.96
"linear_sparse_n300_t01_r0015","linear","sparse","teaching_fixed",300,1000,1.3,15,474981,"ASHMED_Adaptive",0.05,"ok",FALSE,0.529999999999998,"","","25d09a39657b05748157e88eed223045",12,2,10,20,0.166666666666667,0.5
"confounded_sparse_n300_t01_r0015","confounded","sparse","teaching_fixed",300,1000,1.3,15,151198975,"ASHMED_Adaptive",0.05,"ok",FALSE,0.849999999999998,"","","64e363483f931eb17b4980b20efd62ef",8,0,8,20,0,0.4
"binary_sparse_n300_t01_r0015","binary","sparse","teaching_fixed",300,1000,1.3,15,182044757,"ASHMED_Adaptive",0.05,"ok",FALSE,1.91,"","","df063f9bdaa9f390e0c67b626380081d",9,0,9,20,0,0.45
"linear_dense_n300_t01_r0015","linear","dense","teaching_fixed",300,1000,1.3,15,211813744,"ASHMED_Adaptive",0.05,"ok",FALSE,2.17,"","","bbe9bb66f3d61ff08cdfd1b7a089f735",148,11,137,200,0.0743243243243243,0.685
"confounded_dense_n300_t01_r0015","confounded","dense","teaching_fixed",300,1000,1.3,15,135992946,"ASHMED_Adaptive",0.05,"ok",FALSE,1.2,"","","9f0452b57927202c8243b27b164d7504",147,5,142,200,0.0340136054421769,0.71
"binary_dense_n300_t01_r0015","binary","dense","teaching_fixed",300,1000,1.3,15,35517384,"ASHMED_Adaptive",0.05,"ok",FALSE,2.3,"","","a7d667e28b31718a32cde7b96820e269",142,6,136,200,0.0422535211267606,0.68
"linear_sparse_n300_t02_r0015","linear","sparse","teaching_fixed",300,1000,1.5,15,258596246,"ASHMED_Adaptive",0.05,"ok",FALSE,0.949999999999996,"","","45a46adc814e138dcafb5ca19c492658",9,0,9,20,0,0.45
"confounded_sparse_n300_t02_r0015","confounded","sparse","teaching_fixed",300,1000,1.5,15,49016547,"ASHMED_Adaptive",0.05,"ok",FALSE,1.54,"","","439b296da2896f75bb0cbe7295790ca1",5,0,5,20,0,0.25
"binary_sparse_n300_t02_r0015","binary","sparse","teaching_fixed",300,1000,1.5,15,94222152,"ASHMED_Adaptive",0.05,"ok",FALSE,0.969999999999999,"","","0b31254792069e60d1ccdb782ede48f1",11,0,11,20,0,0.55
"linear_dense_n300_t02_r0015","linear","dense","teaching_fixed",300,1000,1.5,15,132802581,"ASHMED_Adaptive",0.05,"ok",FALSE,0.559999999999995,"","","8b24d5d6f0ca336418063026f2d11e3c",177,9,168,200,0.0508474576271186,0.84
"confounded_dense_n300_t02_r0015","confounded","dense","teaching_fixed",300,1000,1.5,15,265656506,"ASHMED_Adaptive",0.05,"ok",FALSE,0.890000000000001,"","","fde91192278f61aab40433eb2e1158a1",166,7,159,200,0.0421686746987952,0.795
"binary_dense_n300_t02_r0015","binary","dense","teaching_fixed",300,1000,1.5,15,191721014,"ASHMED_Adaptive",0.05,"ok",FALSE,0.840000000000003,"","","f3f465933417190e9d88eea32558d4dd",177,11,166,200,0.0621468926553672,0.83
"linear_sparse_n300_t03_r0015","linear","sparse","teaching_fixed",300,1000,1.9,15,39644946,"ASHMED_Adaptive",0.05,"ok",FALSE,0.979999999999997,"","","b7865e5a8353a9e5b7bb137c47fa7926",18,1,17,20,0.0555555555555556,0.85
"confounded_sparse_n300_t03_r0015","confounded","sparse","teaching_fixed",300,1000,1.9,15,147742968,"ASHMED_Adaptive",0.05,"ok",FALSE,0.520000000000003,"","","8684913ddd38d8bddda378cfa8ed28ca",17,0,17,20,0,0.85
"binary_sparse_n300_t03_r0015","binary","sparse","teaching_fixed",300,1000,1.9,15,40703789,"ASHMED_Adaptive",0.05,"ok",FALSE,1.58,"","","1c8b612753eadbd4c41c800757de7514",13,0,13,20,0,0.65
"linear_dense_n300_t03_r0015","linear","dense","teaching_fixed",300,1000,1.9,15,82663815,"ASHMED_Adaptive",0.05,"ok",FALSE,1.91,"","","8719a020376b8b2acb7eaddede3293ed",197,9,188,200,0.0456852791878173,0.94
"confounded_dense_n300_t03_r0015","confounded","dense","teaching_fixed",300,1000,1.9,15,168353457,"ASHMED_Adaptive",0.05,"ok",FALSE,1.51,"","","8bc8a34a06a33983373c77f10029a59b",191,11,180,200,0.0575916230366492,0.9
"binary_dense_n300_t03_r0015","binary","dense","teaching_fixed",300,1000,1.9,15,45423521,"ASHMED_Adaptive",0.05,"ok",FALSE,2.83,"","","df13e6d4fd31df7837bdee5227a9a7dc",204,11,193,200,0.053921568627451,0.965
"linear_sparse_n300_t01_r0016","linear","sparse","teaching_fixed",300,1000,1.3,16,116420083,"ASHMED_Adaptive",0.05,"ok",FALSE,1.55,"","","eb750be1af43578bf4f582182235270f",7,1,6,20,0.142857142857143,0.3
"confounded_sparse_n300_t01_r0016","confounded","sparse","teaching_fixed",300,1000,1.3,16,32564695,"ASHMED_Adaptive",0.05,"ok",FALSE,1.66,"","","8deb61d8966be0bcdf51aa95509825c6",10,2,8,20,0.2,0.4
"binary_sparse_n300_t01_r0016","binary","sparse","teaching_fixed",300,1000,1.3,16,132988639,"ASHMED_Adaptive",0.05,"ok",FALSE,0.57,"","","8df2fcdb0e3fee21dec2e2ac86a35c91",12,0,12,20,0,0.6
"linear_dense_n300_t01_r0016","linear","dense","teaching_fixed",300,1000,1.3,16,141552283,"ASHMED_Adaptive",0.05,"ok",FALSE,3.58,"","","43b07beeeab34f9721657ccd981c58ae",125,8,117,200,0.064,0.585
"confounded_dense_n300_t01_r0016","confounded","dense","teaching_fixed",300,1000,1.3,16,247304009,"ASHMED_Adaptive",0.05,"ok",FALSE,0.490000000000002,"","","dc638eaf4c77091abcd75d7de7ea2ac6",126,5,121,200,0.0396825396825397,0.605
"binary_dense_n300_t01_r0016","binary","dense","teaching_fixed",300,1000,1.3,16,262327893,"ASHMED_Adaptive",0.05,"ok",FALSE,1.84,"","","cf7204c2229ab11856afeed93d035ee9",142,5,137,200,0.0352112676056338,0.685
"linear_sparse_n300_t02_r0016","linear","sparse","teaching_fixed",300,1000,1.5,16,103022938,"ASHMED_Adaptive",0.05,"ok",FALSE,1.06,"","","579ced8c9b30f517debba77559c0a2d3",13,0,13,20,0,0.65
"confounded_sparse_n300_t02_r0016","confounded","sparse","teaching_fixed",300,1000,1.5,16,3338541,"ASHMED_Adaptive",0.05,"ok",FALSE,1.75,"","","3cf4a7b5242336764e23885a64782936",10,0,10,20,0,0.5
"binary_sparse_n300_t02_r0016","binary","sparse","teaching_fixed",300,1000,1.5,16,133617001,"ASHMED_Adaptive",0.05,"ok",FALSE,1.55,"","","7f2ef3b4a43c0265a7133c9c043d4b1a",12,0,12,20,0,0.6
"linear_dense_n300_t02_r0016","linear","dense","teaching_fixed",300,1000,1.5,16,97197276,"ASHMED_Adaptive",0.05,"ok",FALSE,0.589999999999996,"","","5560d1f4cbfe065aa7d64342dd990463",175,10,165,200,0.0571428571428571,0.825
"confounded_dense_n300_t02_r0016","confounded","dense","teaching_fixed",300,1000,1.5,16,164789487,"ASHMED_Adaptive",0.05,"ok",FALSE,0.689999999999998,"","","d53d68356c57210bbed91ada808b8a69",153,3,150,200,0.0196078431372549,0.75
"binary_dense_n300_t02_r0016","binary","dense","teaching_fixed",300,1000,1.5,16,245887621,"ASHMED_Adaptive",0.05,"ok",FALSE,0.509999999999998,"","","9c78df1f1fce8623876db28f6e2125a8",166,12,154,200,0.072289156626506,0.77
"linear_sparse_n300_t03_r0016","linear","sparse","teaching_fixed",300,1000,1.9,16,176610588,"ASHMED_Adaptive",0.05,"ok",FALSE,1.44,"","","7fb6ccf8b54d7fd5a0d6aaaf93493c0a",13,1,12,20,0.0769230769230769,0.6
"confounded_sparse_n300_t03_r0016","confounded","sparse","teaching_fixed",300,1000,1.9,16,54161868,"ASHMED_Adaptive",0.05,"ok",FALSE,1.81,"","","91a76017628bcf0b457d1ebb11600d13",17,1,16,20,0.0588235294117647,0.8
"binary_sparse_n300_t03_r0016","binary","sparse","teaching_fixed",300,1000,1.9,16,160650658,"ASHMED_Adaptive",0.05,"ok",FALSE,1.38,"","","ac41227bfbf8cd4f44bbb269e7ef3a66",18,1,17,20,0.0555555555555556,0.85
"linear_dense_n300_t03_r0016","linear","dense","teaching_fixed",300,1000,1.9,16,76624971,"ASHMED_Adaptive",0.05,"ok",FALSE,1.03,"","","ca29404d5f0482ffa6d862eebc8371e3",199,14,185,200,0.0703517587939698,0.925
"confounded_dense_n300_t03_r0016","confounded","dense","teaching_fixed",300,1000,1.9,16,229702140,"ASHMED_Adaptive",0.05,"ok",FALSE,2.11,"","","dee1236ed0a6de905045a389e611c80f",195,5,190,200,0.0256410256410256,0.95
"binary_dense_n300_t03_r0016","binary","dense","teaching_fixed",300,1000,1.9,16,162771332,"ASHMED_Adaptive",0.05,"ok",FALSE,3.79,"","","0f9aa015e99cf932f08c9c339f4837a8",198,8,190,200,0.0404040404040404,0.95
"linear_sparse_n300_t01_r0017","linear","sparse","teaching_fixed",300,1000,1.3,17,142273614,"ASHMED_Adaptive",0.05,"ok",FALSE,3.51,"","","a2dd67bd35a1ce895645dc9d353a3036",4,0,4,20,0,0.2
"confounded_sparse_n300_t01_r0017","confounded","sparse","teaching_fixed",300,1000,1.3,17,235248555,"ASHMED_Adaptive",0.05,"ok",FALSE,1.53,"","","8a42bd0869cd922cf292e78bf7303177",7,0,7,20,0,0.35
"binary_sparse_n300_t01_r0017","binary","sparse","teaching_fixed",300,1000,1.3,17,30708668,"ASHMED_Adaptive",0.05,"ok",FALSE,1.36,"","","cfa5539e45e762a34641d3fecb24b9ba",10,1,9,20,0.1,0.45
"linear_dense_n300_t01_r0017","linear","dense","teaching_fixed",300,1000,1.3,17,15019254,"ASHMED_Adaptive",0.05,"ok",FALSE,1.99,"","","309697d9189df75e60b84ed46d2262ed",141,6,135,200,0.0425531914893617,0.675
"confounded_dense_n300_t01_r0017","confounded","dense","teaching_fixed",300,1000,1.3,17,151074159,"ASHMED_Adaptive",0.05,"ok",FALSE,2.26,"","","9add1410967eb8b991ed91d67ae42447",129,1,128,200,0.00775193798449612,0.64
"binary_dense_n300_t01_r0017","binary","dense","teaching_fixed",300,1000,1.3,17,103108096,"ASHMED_Adaptive",0.05,"ok",FALSE,3.18,"","","b66dc0c589c310f96af862b8cfa01d26",132,7,125,200,0.053030303030303,0.625
"linear_sparse_n300_t02_r0017","linear","sparse","teaching_fixed",300,1000,1.5,17,19456186,"ASHMED_Adaptive",0.05,"ok",FALSE,1.03,"","","adf34cf73252eaaf742949f573e6b1e4",8,0,8,20,0,0.4
"confounded_sparse_n300_t02_r0017","confounded","sparse","teaching_fixed",300,1000,1.5,17,53232550,"ASHMED_Adaptive",0.05,"ok",FALSE,0.75,"","","eb8eb5efa6caa9c7cd6ee9b5ab788f6a",12,0,12,20,0,0.6
"binary_sparse_n300_t02_r0017","binary","sparse","teaching_fixed",300,1000,1.5,17,129330599,"ASHMED_Adaptive",0.05,"ok",FALSE,1.75,"","","4acb08ecb09caff76fe219888cd7a6c2",14,0,14,20,0,0.7
"linear_dense_n300_t02_r0017","linear","dense","teaching_fixed",300,1000,1.5,17,75678564,"ASHMED_Adaptive",0.05,"ok",FALSE,1.05,"","","92d3bdc6c00924e2c2dd772ab11f5d7f",171,7,164,200,0.0409356725146199,0.82
"confounded_dense_n300_t02_r0017","confounded","dense","teaching_fixed",300,1000,1.5,17,65809746,"ASHMED_Adaptive",0.05,"ok",FALSE,1.25,"","","1cad3916fbcc88de8353d94ba5efec3d",168,14,154,200,0.0833333333333333,0.77
"binary_dense_n300_t02_r0017","binary","dense","teaching_fixed",300,1000,1.5,17,118253119,"ASHMED_Adaptive",0.05,"ok",FALSE,1.02999999999999,"","","aef74b3bf830db90c59ae9bedb9e4af0",174,6,168,200,0.0344827586206897,0.84
"linear_sparse_n300_t03_r0017","linear","sparse","teaching_fixed",300,1000,1.9,17,154460711,"ASHMED_Adaptive",0.05,"ok",FALSE,1.01,"","","14cb402b18c16a46f9a92e4290ed8a44",20,1,19,20,0.05,0.95
"confounded_sparse_n300_t03_r0017","confounded","sparse","teaching_fixed",300,1000,1.9,17,82469959,"ASHMED_Adaptive",0.05,"ok",FALSE,0.75,"","","5c40bb3782515375408f21487855eb2e",16,0,16,20,0,0.8
"binary_sparse_n300_t03_r0017","binary","sparse","teaching_fixed",300,1000,1.9,17,47133710,"ASHMED_Adaptive",0.05,"ok",FALSE,0.869999999999997,"","","577a3d2b80739ffa18016be6c460dcad",20,1,19,20,0.05,0.95
"linear_dense_n300_t03_r0017","linear","dense","teaching_fixed",300,1000,1.9,17,193814668,"ASHMED_Adaptive",0.05,"ok",FALSE,0.979999999999997,"","","aca1eac6d0a92be064056101e77ae28e",198,6,192,200,0.0303030303030303,0.96
"confounded_dense_n300_t03_r0017","confounded","dense","teaching_fixed",300,1000,1.9,17,191714635,"ASHMED_Adaptive",0.05,"ok",FALSE,1.14,"","","7bd8b0f7f67ce9936062de569f9b4533",197,9,188,200,0.0456852791878173,0.94
"binary_dense_n300_t03_r0017","binary","dense","teaching_fixed",300,1000,1.9,17,262142818,"ASHMED_Adaptive",0.05,"ok",FALSE,0.899999999999999,"","","3b7287fbe7677adac2caffc4f4df2279",209,18,191,200,0.0861244019138756,0.955
"linear_sparse_n300_t01_r0018","linear","sparse","teaching_fixed",300,1000,1.3,18,191259740,"ASHMED_Adaptive",0.05,"ok",FALSE,0.939999999999998,"","","04e88ee7ca9abd28f56b64d9960c14c3",13,1,12,20,0.0769230769230769,0.6
"confounded_sparse_n300_t01_r0018","confounded","sparse","teaching_fixed",300,1000,1.3,18,43916797,"ASHMED_Adaptive",0.05,"ok",FALSE,1.3,"","","c8c43b44f25f23ba58912008a55228cc",6,0,6,20,0,0.3
"binary_sparse_n300_t01_r0018","binary","sparse","teaching_fixed",300,1000,1.3,18,197610989,"ASHMED_Adaptive",0.05,"ok",FALSE,0.809999999999995,"","","5a701000b91df36bff828be571223aa8",11,1,10,20,0.0909090909090909,0.5
"linear_dense_n300_t01_r0018","linear","dense","teaching_fixed",300,1000,1.3,18,159737239,"ASHMED_Adaptive",0.05,"ok",FALSE,0.670000000000002,"","","2b7197e9937bcda5e8d773484befe286",123,3,120,200,0.024390243902439,0.6
"confounded_dense_n300_t01_r0018","confounded","dense","teaching_fixed",300,1000,1.3,18,9804626,"ASHMED_Adaptive",0.05,"ok",FALSE,0.689999999999998,"","","acdd280daa21d8e5b7111441d2bb8dc3",143,7,136,200,0.048951048951049,0.68
"binary_dense_n300_t01_r0018","binary","dense","teaching_fixed",300,1000,1.3,18,229616634,"ASHMED_Adaptive",0.05,"ok",FALSE,4.74,"","","2624098d1e6e4cfa31f154ed583e3897",143,9,134,200,0.0629370629370629,0.67
"linear_sparse_n300_t02_r0018","linear","sparse","teaching_fixed",300,1000,1.5,18,214389712,"ASHMED_Adaptive",0.05,"ok",FALSE,4,"","","018e55e7180fc61bb777716d6ad22676",10,0,10,20,0,0.5
"confounded_sparse_n300_t02_r0018","confounded","sparse","teaching_fixed",300,1000,1.5,18,101568469,"ASHMED_Adaptive",0.05,"ok",FALSE,1.58,"","","728842f3f024e20ab1a0eebd238bfd60",13,1,12,20,0.0769230769230769,0.6
"binary_sparse_n300_t02_r0018","binary","sparse","teaching_fixed",300,1000,1.5,18,264111302,"ASHMED_Adaptive",0.05,"ok",FALSE,0.969999999999999,"","","577b5c74c28f9f12a09e7e4f5a84df4f",13,1,12,20,0.0769230769230769,0.6
"linear_dense_n300_t02_r0018","linear","dense","teaching_fixed",300,1000,1.5,18,153181888,"ASHMED_Adaptive",0.05,"ok",FALSE,0.769999999999996,"","","8da283ebbc8f9cb5b9ea4bfbede76600",160,11,149,200,0.06875,0.745
"confounded_dense_n300_t02_r0018","confounded","dense","teaching_fixed",300,1000,1.5,18,127237511,"ASHMED_Adaptive",0.05,"ok",FALSE,0.890000000000001,"","","1dabf88126f9a9e2ea37bc8ac649ec08",170,9,161,200,0.0529411764705882,0.805
"binary_dense_n300_t02_r0018","binary","dense","teaching_fixed",300,1000,1.5,18,50975003,"ASHMED_Adaptive",0.05,"ok",FALSE,0.839999999999989,"","","0bcdfba573a73377a9da4e96ab5b2d28",166,10,156,200,0.0602409638554217,0.78
"linear_sparse_n300_t03_r0018","linear","sparse","teaching_fixed",300,1000,1.9,18,214813138,"ASHMED_Adaptive",0.05,"ok",FALSE,0.850000000000009,"","","80d5f35a4b074c82bdecec57228b26bf",20,2,18,20,0.1,0.9
"confounded_sparse_n300_t03_r0018","confounded","sparse","teaching_fixed",300,1000,1.9,18,252826728,"ASHMED_Adaptive",0.05,"ok",FALSE,0.440000000000012,"","","7af5135c84234d6b653a96c8768a32e5",19,0,19,20,0,0.95
"binary_sparse_n300_t03_r0018","binary","sparse","teaching_fixed",300,1000,1.9,18,61987263,"ASHMED_Adaptive",0.05,"ok",FALSE,0.799999999999997,"","","3986c1a109fc029bb3f644ed3b0811b2",18,1,17,20,0.0555555555555556,0.85
"linear_dense_n300_t03_r0018","linear","dense","teaching_fixed",300,1000,1.9,18,231861890,"ASHMED_Adaptive",0.05,"ok",FALSE,1.89,"","","571f435933c2dd378ea2648c50844d99",197,5,192,200,0.0253807106598985,0.96
"confounded_dense_n300_t03_r0018","confounded","dense","teaching_fixed",300,1000,1.9,18,95658873,"ASHMED_Adaptive",0.05,"ok",FALSE,1,"","","5a114ec923819527ddf1b83a5df8c037",198,10,188,200,0.0505050505050505,0.94
"binary_dense_n300_t03_r0018","binary","dense","teaching_fixed",300,1000,1.9,18,68742950,"ASHMED_Adaptive",0.05,"ok",FALSE,7.34999999999999,"","","dd97761387f5fb4b1c6695bc5527a05e",203,9,194,200,0.0443349753694581,0.97
"linear_sparse_n300_t01_r0019","linear","sparse","teaching_fixed",300,1000,1.3,19,161516334,"ASHMED_Adaptive",0.05,"ok",FALSE,2.16999999999999,"","","493a2ee525ee35b23fcb2f46c4b64728",6,1,5,20,0.166666666666667,0.25
"confounded_sparse_n300_t01_r0019","confounded","sparse","teaching_fixed",300,1000,1.3,19,60066801,"ASHMED_Adaptive",0.05,"ok",FALSE,1.77,"","","ecf629d742e4d75d17c5d3c2e12d29b4",10,0,10,20,0,0.5
"binary_sparse_n300_t01_r0019","binary","sparse","teaching_fixed",300,1000,1.3,19,152647083,"ASHMED_Adaptive",0.05,"ok",FALSE,2.01000000000001,"","","f267c7d4585f82c133510986f7a02a93",12,0,12,20,0,0.6
"linear_dense_n300_t01_r0019","linear","dense","teaching_fixed",300,1000,1.3,19,265109587,"ASHMED_Adaptive",0.05,"ok",FALSE,2.55,"","","67e2923f1e448ab6045f7a875108da5e",136,4,132,200,0.0294117647058824,0.66
"confounded_dense_n300_t01_r0019","confounded","dense","teaching_fixed",300,1000,1.3,19,76910627,"ASHMED_Adaptive",0.05,"ok",FALSE,4.06999999999999,"","","50a6c60e48adcd2b8be7d8d72df5f693",131,6,125,200,0.0458015267175573,0.625
"binary_dense_n300_t01_r0019","binary","dense","teaching_fixed",300,1000,1.3,19,146685130,"ASHMED_Adaptive",0.05,"ok",FALSE,6.31,"","","d638dae4da4b75dc5cb792c32de0306a",132,6,126,200,0.0454545454545455,0.63
"linear_sparse_n300_t02_r0019","linear","sparse","teaching_fixed",300,1000,1.5,19,250259683,"ASHMED_Adaptive",0.05,"ok",FALSE,2.03,"","","9afb169f163ff19d6280439b74cd09e0",15,0,15,20,0,0.75
"confounded_sparse_n300_t02_r0019","confounded","sparse","teaching_fixed",300,1000,1.5,19,172875938,"ASHMED_Adaptive",0.05,"ok",FALSE,1.09999999999999,"","","31c7ab7a1c46165778f9738d8e51c1f2",12,0,12,20,0,0.6
"binary_sparse_n300_t02_r0019","binary","sparse","teaching_fixed",300,1000,1.5,19,259039710,"ASHMED_Adaptive",0.05,"ok",FALSE,1.59999999999999,"","","de13e97156606b9a8037b2e87d2775be",10,0,10,20,0,0.5
"linear_dense_n300_t02_r0019","linear","dense","teaching_fixed",300,1000,1.5,19,43283178,"ASHMED_Adaptive",0.05,"ok",FALSE,1,"","","c847fe495003615c2b9c153fa54fc761",155,8,147,200,0.0516129032258065,0.735
"confounded_dense_n300_t02_r0019","confounded","dense","teaching_fixed",300,1000,1.5,19,193481521,"ASHMED_Adaptive",0.05,"ok",FALSE,1.69,"","","793677bd35dc9b31ae661ede3a956439",184,13,171,200,0.0706521739130435,0.855
"binary_dense_n300_t02_r0019","binary","dense","teaching_fixed",300,1000,1.5,19,134232887,"ASHMED_Adaptive",0.05,"ok",FALSE,0.719999999999999,"","","bb84e124513285d843fb7b88fb56c5a5",179,14,165,200,0.0782122905027933,0.825
"linear_sparse_n300_t03_r0019","linear","sparse","teaching_fixed",300,1000,1.9,19,245263681,"ASHMED_Adaptive",0.05,"ok",FALSE,1.36999999999999,"","","6a552bb5ece40eae5005d09860607ae0",15,1,14,20,0.0666666666666667,0.7
"confounded_sparse_n300_t03_r0019","confounded","sparse","teaching_fixed",300,1000,1.9,19,130714964,"ASHMED_Adaptive",0.05,"ok",FALSE,1,"","","972cffdca9c8652235944853a1b5806d",17,0,17,20,0,0.85
"binary_sparse_n300_t03_r0019","binary","sparse","teaching_fixed",300,1000,1.9,19,247440076,"ASHMED_Adaptive",0.05,"ok",FALSE,1.05000000000001,"","","c1627e225970bfbbb1f522a191498d96",20,0,20,20,0,1
"linear_dense_n300_t03_r0019","linear","dense","teaching_fixed",300,1000,1.9,19,254347488,"ASHMED_Adaptive",0.05,"ok",FALSE,1.56,"","","2d1db1be380d22598b92530c383c29ee",200,11,189,200,0.055,0.945
"confounded_dense_n300_t03_r0019","confounded","dense","teaching_fixed",300,1000,1.9,19,10234984,"ASHMED_Adaptive",0.05,"ok",FALSE,2.22,"","","249a9e7bac709a3b075dbfb81a5dc616",199,11,188,200,0.0552763819095477,0.94
"binary_dense_n300_t03_r0019","binary","dense","teaching_fixed",300,1000,1.9,19,32890499,"ASHMED_Adaptive",0.05,"ok",FALSE,4.58,"","","acc2663ad71315f37752c61742bbb90b",196,9,187,200,0.0459183673469388,0.935
"linear_sparse_n300_t01_r0020","linear","sparse","teaching_fixed",300,1000,1.3,20,135443515,"ASHMED_Adaptive",0.05,"ok",FALSE,1.25,"","","64517c4f99c0f8a3cb51a6fbe78edf48",6,0,6,20,0,0.3
"confounded_sparse_n300_t01_r0020","confounded","sparse","teaching_fixed",300,1000,1.3,20,113205506,"ASHMED_Adaptive",0.05,"ok",FALSE,2.64,"","","ae1b90b415a5fc8bbaf1b3409518fff3",6,0,6,20,0,0.3
"binary_sparse_n300_t01_r0020","binary","sparse","teaching_fixed",300,1000,1.3,20,63025515,"ASHMED_Adaptive",0.05,"ok",FALSE,1.5,"","","3f03ac9ee21990aee9e14d0784b379ca",7,0,7,20,0,0.35
"linear_dense_n300_t01_r0020","linear","dense","teaching_fixed",300,1000,1.3,20,188423361,"ASHMED_Adaptive",0.05,"ok",FALSE,2.5,"","","5779dd48273d33ec08620a8603947255",139,5,134,200,0.0359712230215827,0.67
"confounded_dense_n300_t01_r0020","confounded","dense","teaching_fixed",300,1000,1.3,20,114101512,"ASHMED_Adaptive",0.05,"ok",FALSE,1.20999999999999,"","","3fe7b7b604bdc37546a94ede44a8de96",129,4,125,200,0.0310077519379845,0.625
"binary_dense_n300_t01_r0020","binary","dense","teaching_fixed",300,1000,1.3,20,79932350,"ASHMED_Adaptive",0.05,"ok",FALSE,2.12,"","","d560f8dcf907e2d96aa6ee9063422733",133,10,123,200,0.075187969924812,0.615
"linear_sparse_n300_t02_r0020","linear","sparse","teaching_fixed",300,1000,1.5,20,120615354,"ASHMED_Adaptive",0.05,"ok",FALSE,1.33,"","","8cab35567c4965f97172327f86c4076c",19,4,15,20,0.210526315789474,0.75
"confounded_sparse_n300_t02_r0020","confounded","sparse","teaching_fixed",300,1000,1.5,20,46364199,"ASHMED_Adaptive",0.05,"ok",FALSE,1.64,"","","01d6f03ab9598458d92b7589b04cc123",17,2,15,20,0.117647058823529,0.75
"binary_sparse_n300_t02_r0020","binary","sparse","teaching_fixed",300,1000,1.5,20,105461660,"ASHMED_Adaptive",0.05,"ok",FALSE,1.73,"","","d7ef35b07fd9962af314bd4435c8f790",17,0,17,20,0,0.85
"linear_dense_n300_t02_r0020","linear","dense","teaching_fixed",300,1000,1.5,20,66697710,"ASHMED_Adaptive",0.05,"ok",FALSE,0.959999999999994,"","","4d008c2dd12df5bd13a79a09b1aa42da",172,9,163,200,0.0523255813953488,0.815
"confounded_dense_n300_t02_r0020","confounded","dense","teaching_fixed",300,1000,1.5,20,210011844,"ASHMED_Adaptive",0.05,"ok",FALSE,0.930000000000007,"","","1d176b3c36fbcf488e75b0d7ffd89978",167,8,159,200,0.0479041916167665,0.795
"binary_dense_n300_t02_r0020","binary","dense","teaching_fixed",300,1000,1.5,20,49727765,"ASHMED_Adaptive",0.05,"ok",FALSE,2,"","","15c8ce39034f90eb4bcf73241936759b",161,6,155,200,0.0372670807453416,0.775
"linear_sparse_n300_t03_r0020","linear","sparse","teaching_fixed",300,1000,1.9,20,18909977,"ASHMED_Adaptive",0.05,"ok",FALSE,1.55,"","","06fb7cc454c534f17fc8801ac5b0c6e3",18,0,18,20,0,0.9
"confounded_sparse_n300_t03_r0020","confounded","sparse","teaching_fixed",300,1000,1.9,20,196690265,"ASHMED_Adaptive",0.05,"ok",FALSE,1.82000000000001,"","","f8b09ce28532609b43f306f4f6a88ec8",21,2,19,20,0.0952380952380952,0.95
"binary_sparse_n300_t03_r0020","binary","sparse","teaching_fixed",300,1000,1.9,20,17456608,"ASHMED_Adaptive",0.05,"ok",FALSE,0.850000000000009,"","","0f85f884c5c5ed8613ace4ceb7bd5180",18,1,17,20,0.0555555555555556,0.85
"linear_dense_n300_t03_r0020","linear","dense","teaching_fixed",300,1000,1.9,20,248819523,"ASHMED_Adaptive",0.05,"ok",FALSE,2.66,"","","925a37f168a62027c976150e34ecd2f6",199,9,190,200,0.0452261306532663,0.95
"confounded_dense_n300_t03_r0020","confounded","dense","teaching_fixed",300,1000,1.9,20,189523881,"ASHMED_Adaptive",0.05,"ok",FALSE,2.17,"","","d46f1a48301d0228ec7f5e493f7fb9a1",198,9,189,200,0.0454545454545455,0.945
"binary_dense_n300_t03_r0020","binary","dense","teaching_fixed",300,1000,1.9,20,5096041,"ASHMED_Adaptive",0.05,"ok",FALSE,3.94,"","","e41432caccd6f612f1c4befbc1fef3fa",200,11,189,200,0.055,0.945
"linear_sparse_n300_t01_r0021","linear","sparse","teaching_fixed",300,1000,1.3,21,216192862,"ASHMED_Adaptive",0.05,"ok",FALSE,1.7,"","","d61383424cd46fe37d287e0564af2d34",3,0,3,20,0,0.15
"confounded_sparse_n300_t01_r0021","confounded","sparse","teaching_fixed",300,1000,1.3,21,156011833,"ASHMED_Adaptive",0.05,"ok",FALSE,1.58,"","","1f88abd0b9c8818f98e25af840533bc4",6,0,6,20,0,0.3
"binary_sparse_n300_t01_r0021","binary","sparse","teaching_fixed",300,1000,1.3,21,54752165,"ASHMED_Adaptive",0.05,"ok",FALSE,2.14,"","","f163438a8d56a5e3dc5743c539eb9480",7,0,7,20,0,0.35
"linear_dense_n300_t01_r0021","linear","dense","teaching_fixed",300,1000,1.3,21,21747340,"ASHMED_Adaptive",0.05,"ok",FALSE,0.790000000000006,"","","a6bb1c2887891d1f8d52cc2abe3656ff",133,6,127,200,0.0451127819548872,0.635
"confounded_dense_n300_t01_r0021","confounded","dense","teaching_fixed",300,1000,1.3,21,157917449,"ASHMED_Adaptive",0.05,"ok",FALSE,0.859999999999999,"","","44a4a2b2dad12a5349b3138c1d87dbbf",128,3,125,200,0.0234375,0.625
"binary_dense_n300_t01_r0021","binary","dense","teaching_fixed",300,1000,1.3,21,265463023,"ASHMED_Adaptive",0.05,"ok",FALSE,4.30000000000001,"","","f832a9ffc176ab8760d4b944892e3690",132,4,128,200,0.0303030303030303,0.64
"linear_sparse_n300_t02_r0021","linear","sparse","teaching_fixed",300,1000,1.5,21,252271566,"ASHMED_Adaptive",0.05,"ok",FALSE,1.41,"","","359050f200c64a457fb7dd276075c3a1",12,0,12,20,0,0.6
"confounded_sparse_n300_t02_r0021","confounded","sparse","teaching_fixed",300,1000,1.5,21,236215844,"ASHMED_Adaptive",0.05,"ok",FALSE,1.86,"","","202f7c923b4106931b882fd5f784f319",13,0,13,20,0,0.65
"binary_sparse_n300_t02_r0021","binary","sparse","teaching_fixed",300,1000,1.5,21,125247614,"ASHMED_Adaptive",0.05,"ok",FALSE,0.699999999999989,"","","a824e28f6ad912d3fe4bcb9f722c6f9a",15,1,14,20,0.0666666666666667,0.7
"linear_dense_n300_t02_r0021","linear","dense","teaching_fixed",300,1000,1.5,21,787917,"ASHMED_Adaptive",0.05,"ok",FALSE,1.11,"","","5094932143a76e557ffb6c9a5adbaf1a",177,10,167,200,0.0564971751412429,0.835
"confounded_dense_n300_t02_r0021","confounded","dense","teaching_fixed",300,1000,1.5,21,68519759,"ASHMED_Adaptive",0.05,"ok",FALSE,0.719999999999999,"","","e127cc7ad5b6a08c5813c2ab0a2dbaf5",171,10,161,200,0.0584795321637427,0.805
"binary_dense_n300_t02_r0021","binary","dense","teaching_fixed",300,1000,1.5,21,192402405,"ASHMED_Adaptive",0.05,"ok",FALSE,1.77000000000001,"","","d736494ee1d6745f41b5dc17ad206df6",172,6,166,200,0.0348837209302326,0.83
"linear_sparse_n300_t03_r0021","linear","sparse","teaching_fixed",300,1000,1.9,21,51290931,"ASHMED_Adaptive",0.05,"ok",FALSE,0.960000000000008,"","","596ad80b660cb1e4b403197d7e75eca1",19,1,18,20,0.0526315789473684,0.9
"confounded_sparse_n300_t03_r0021","confounded","sparse","teaching_fixed",300,1000,1.9,21,28527732,"ASHMED_Adaptive",0.05,"ok",FALSE,0.719999999999999,"","","8942071190f82c6468da57a9b8153f94",17,0,17,20,0,0.85
"binary_sparse_n300_t03_r0021","binary","sparse","teaching_fixed",300,1000,1.9,21,178859400,"ASHMED_Adaptive",0.05,"ok",FALSE,1.03,"","","d4856742e6de10ad0b6018c91fbb994a",12,0,12,20,0,0.6
"linear_dense_n300_t03_r0021","linear","dense","teaching_fixed",300,1000,1.9,21,226962705,"ASHMED_Adaptive",0.05,"ok",FALSE,2.76000000000001,"","","11237cb195bd98edfa7cc4daf0f5a2e2",197,5,192,200,0.0253807106598985,0.96
"confounded_dense_n300_t03_r0021","confounded","dense","teaching_fixed",300,1000,1.9,21,176462377,"ASHMED_Adaptive",0.05,"ok",FALSE,1.43000000000001,"","","b53af5c8bc1d311cea77e46dcc4dcad8",194,5,189,200,0.0257731958762887,0.945
"binary_dense_n300_t03_r0021","binary","dense","teaching_fixed",300,1000,1.9,21,159520271,"ASHMED_Adaptive",0.05,"ok",FALSE,4.18000000000001,"","","1a7b72dfc5854a141e7b219ca0d34254",191,6,185,200,0.031413612565445,0.925
"linear_sparse_n300_t01_r0022","linear","sparse","teaching_fixed",300,1000,1.3,22,27788894,"ASHMED_Adaptive",0.05,"ok",FALSE,2.06,"","","e8aaa6a0bd0fe1bec334dbcd05321c52",8,0,8,20,0,0.4
"confounded_sparse_n300_t01_r0022","confounded","sparse","teaching_fixed",300,1000,1.3,22,168814615,"ASHMED_Adaptive",0.05,"ok",FALSE,1.77999999999999,"","","d8c5d0cc776ad42260f54f01c00bfa2e",13,0,13,20,0,0.65
"binary_sparse_n300_t01_r0022","binary","sparse","teaching_fixed",300,1000,1.3,22,86799230,"ASHMED_Adaptive",0.05,"ok",FALSE,1.30999999999999,"","","15365361016c23c27647ff7afd365567",12,0,12,20,0,0.6
"linear_dense_n300_t01_r0022","linear","dense","teaching_fixed",300,1000,1.3,22,29365237,"ASHMED_Adaptive",0.05,"ok",FALSE,1,"","","f106922afb2a338ddf974900fdac744f",136,7,129,200,0.0514705882352941,0.645
"confounded_dense_n300_t01_r0022","confounded","dense","teaching_fixed",300,1000,1.3,22,259833069,"ASHMED_Adaptive",0.05,"ok",FALSE,1.56,"","","7d87fbc520ca406693537625405a18ce",137,5,132,200,0.0364963503649635,0.66
"binary_dense_n300_t01_r0022","binary","dense","teaching_fixed",300,1000,1.3,22,230151497,"ASHMED_Adaptive",0.05,"ok",FALSE,4.84999999999999,"","","388316b4505ebbf0fa8bdf8db826aa64",131,6,125,200,0.0458015267175573,0.625
"linear_sparse_n300_t02_r0022","linear","sparse","teaching_fixed",300,1000,1.5,22,130536149,"ASHMED_Adaptive",0.05,"ok",FALSE,1.17,"","","87a2c5f86f5a1d3d0358d143ee45ad5f",17,1,16,20,0.0588235294117647,0.8
"confounded_sparse_n300_t02_r0022","confounded","sparse","teaching_fixed",300,1000,1.5,22,15937832,"ASHMED_Adaptive",0.05,"ok",FALSE,0.939999999999998,"","","7d6fd69c7cd23df3b937ce4fc3f5d13e",17,1,16,20,0.0588235294117647,0.8
"binary_sparse_n300_t02_r0022","binary","sparse","teaching_fixed",300,1000,1.5,22,171251781,"ASHMED_Adaptive",0.05,"ok",FALSE,1.27,"","","e87cc022cc5ce39a0a5770f58e290bc3",8,0,8,20,0,0.4
"linear_dense_n300_t02_r0022","linear","dense","teaching_fixed",300,1000,1.5,22,261079936,"ASHMED_Adaptive",0.05,"ok",FALSE,1.15000000000001,"","","0248136d586cf5d52567d7b12a0b4397",174,14,160,200,0.0804597701149425,0.8
"confounded_dense_n300_t02_r0022","confounded","dense","teaching_fixed",300,1000,1.5,22,172202056,"ASHMED_Adaptive",0.05,"ok",FALSE,0.810000000000002,"","","4bbe161c5040131b66d85c2880154e48",164,7,157,200,0.0426829268292683,0.785
"binary_dense_n300_t02_r0022","binary","dense","teaching_fixed",300,1000,1.5,22,86297267,"ASHMED_Adaptive",0.05,"ok",FALSE,1.08000000000001,"","","7c2c0e4b94fba5c136a0f2e989d3a208",167,5,162,200,0.029940119760479,0.81
"linear_sparse_n300_t03_r0022","linear","sparse","teaching_fixed",300,1000,1.9,22,125504735,"ASHMED_Adaptive",0.05,"ok",FALSE,1.01000000000001,"","","a955595f30a73e70ed87d768cc0c19b0",21,2,19,20,0.0952380952380952,0.95
"confounded_sparse_n300_t03_r0022","confounded","sparse","teaching_fixed",300,1000,1.9,22,126034526,"ASHMED_Adaptive",0.05,"ok",FALSE,0.700000000000003,"","","48abc02d7199d5f8002c9172a255bc9a",20,1,19,20,0.05,0.95
"binary_sparse_n300_t03_r0022","binary","sparse","teaching_fixed",300,1000,1.9,22,91112611,"ASHMED_Adaptive",0.05,"ok",FALSE,0.920000000000002,"","","a98f68f59690a7b9c06645c32c7c35c4",16,1,15,20,0.0625,0.75
"linear_dense_n300_t03_r0022","linear","dense","teaching_fixed",300,1000,1.9,22,179323551,"ASHMED_Adaptive",0.05,"ok",FALSE,2.39,"","","6ffc3cef967fa6bfa7a2e13299ea2ecd",197,10,187,200,0.050761421319797,0.935
"confounded_dense_n300_t03_r0022","confounded","dense","teaching_fixed",300,1000,1.9,22,27314036,"ASHMED_Adaptive",0.05,"ok",FALSE,2.56,"","","d8aa2e07da4291ebb62bfcdae4fcc316",194,9,185,200,0.0463917525773196,0.925
"binary_dense_n300_t03_r0022","binary","dense","teaching_fixed",300,1000,1.9,22,250426993,"ASHMED_Adaptive",0.05,"ok",FALSE,7.45999999999999,"","","4100db87053e814f1fcd62a0ab34cdae",187,7,180,200,0.0374331550802139,0.9
"linear_sparse_n300_t01_r0023","linear","sparse","teaching_fixed",300,1000,1.3,23,117618276,"ASHMED_Adaptive",0.05,"ok",FALSE,1.87,"","","13d417b528fe9902b672f9aaa7e33d4a",12,0,12,20,0,0.6
"confounded_sparse_n300_t01_r0023","confounded","sparse","teaching_fixed",300,1000,1.3,23,178315018,"ASHMED_Adaptive",0.05,"ok",FALSE,2.07999999999998,"","","2b2c0cc95d9a2afe61199a970212c09a",9,0,9,20,0,0.45
"binary_sparse_n300_t01_r0023","binary","sparse","teaching_fixed",300,1000,1.3,23,43911833,"ASHMED_Adaptive",0.05,"ok",FALSE,1.73000000000002,"","","4c73e9b12811bb325655a206d66591c5",4,1,3,20,0.25,0.15
"linear_dense_n300_t01_r0023","linear","dense","teaching_fixed",300,1000,1.3,23,2074499,"ASHMED_Adaptive",0.05,"ok",FALSE,3.33000000000001,"","","749d0215be0e783bc4c137e95e377ba3",137,7,130,200,0.0510948905109489,0.65
"confounded_dense_n300_t01_r0023","confounded","dense","teaching_fixed",300,1000,1.3,23,176812743,"ASHMED_Adaptive",0.05,"ok",FALSE,1.28,"","","c0e3790a7a332627dae7b0a17dca3352",140,8,132,200,0.0571428571428571,0.66
"binary_dense_n300_t01_r0023","binary","dense","teaching_fixed",300,1000,1.3,23,754504,"ASHMED_Adaptive",0.05,"ok",FALSE,2.03,"","","25b5ee61b64447b3c3d355c00c331efa",131,6,125,200,0.0458015267175573,0.625
"linear_sparse_n300_t02_r0023","linear","sparse","teaching_fixed",300,1000,1.5,23,86639076,"ASHMED_Adaptive",0.05,"ok",FALSE,1.60999999999999,"","","fede2aafed767923568411ee83a817cd",14,0,14,20,0,0.7
"confounded_sparse_n300_t02_r0023","confounded","sparse","teaching_fixed",300,1000,1.5,23,4119339,"ASHMED_Adaptive",0.05,"ok",FALSE,1.17999999999998,"","","2ac5191ab6671929f3aabaac4ec94bb4",17,0,17,20,0,0.85
"binary_sparse_n300_t02_r0023","binary","sparse","teaching_fixed",300,1000,1.5,23,178823351,"ASHMED_Adaptive",0.05,"ok",FALSE,2.86999999999998,"","","887d50e5ae3c58800fa48433e32cd49d",13,1,12,20,0.0769230769230769,0.6
"linear_dense_n300_t02_r0023","linear","dense","teaching_fixed",300,1000,1.5,23,4614004,"ASHMED_Adaptive",0.05,"ok",FALSE,0.640000000000015,"","","a9ad853e5babcd6f3e392a7fcf3fc449",178,4,174,200,0.0224719101123595,0.87
"confounded_dense_n300_t02_r0023","confounded","dense","teaching_fixed",300,1000,1.5,23,69667497,"ASHMED_Adaptive",0.05,"ok",FALSE,0.789999999999992,"","","5f7cdd7eb273e195c2c60ffc42815b9c",160,6,154,200,0.0375,0.77
"binary_dense_n300_t02_r0023","binary","dense","teaching_fixed",300,1000,1.5,23,11500959,"ASHMED_Adaptive",0.05,"ok",FALSE,1.29999999999998,"","","802e975153a3e49d9b8341220154b5b0",164,3,161,200,0.0182926829268293,0.805
"linear_sparse_n300_t03_r0023","linear","sparse","teaching_fixed",300,1000,1.9,23,169547360,"ASHMED_Adaptive",0.05,"ok",FALSE,1.68000000000001,"","","725d52b31b7f45d2aa7fb3d7a67a0de7",17,1,16,20,0.0588235294117647,0.8
"confounded_sparse_n300_t03_r0023","confounded","sparse","teaching_fixed",300,1000,1.9,23,127213803,"ASHMED_Adaptive",0.05,"ok",FALSE,2.29000000000002,"","","bbe908e94a49649bda9ef4b6ca3376b3",17,0,17,20,0,0.85
"binary_sparse_n300_t03_r0023","binary","sparse","teaching_fixed",300,1000,1.9,23,199573901,"ASHMED_Adaptive",0.05,"ok",FALSE,1,"","","6cadd64644038f0d1e37d3c24c9298cd",17,0,17,20,0,0.85
"linear_dense_n300_t03_r0023","linear","dense","teaching_fixed",300,1000,1.9,23,108052914,"ASHMED_Adaptive",0.05,"ok",FALSE,2.72,"","","e5aef0ef1695752739e654bce9bff21a",203,10,193,200,0.0492610837438424,0.965
"confounded_dense_n300_t03_r0023","confounded","dense","teaching_fixed",300,1000,1.9,23,120696055,"ASHMED_Adaptive",0.05,"ok",FALSE,1.51999999999998,"","","3eaba8a8963a149078f3a8108082627b",199,12,187,200,0.0603015075376884,0.935
"binary_dense_n300_t03_r0023","binary","dense","teaching_fixed",300,1000,1.9,23,48446466,"ASHMED_Adaptive",0.05,"ok",FALSE,8.16999999999999,"","","56f572e21f0a66cd30ad35328f1c35e2",185,7,178,200,0.0378378378378378,0.89
"linear_sparse_n300_t01_r0024","linear","sparse","teaching_fixed",300,1000,1.3,24,130647091,"ASHMED_Adaptive",0.05,"ok",FALSE,2.03,"","","0fca556eeaadaa7f6928d51d5382ae4d",8,1,7,20,0.125,0.35
"confounded_sparse_n300_t01_r0024","confounded","sparse","teaching_fixed",300,1000,1.3,24,159155082,"ASHMED_Adaptive",0.05,"ok",FALSE,2.11000000000001,"","","d15a6ae2f050371bd289f087f937b8e1",11,0,11,20,0,0.55
"binary_sparse_n300_t01_r0024","binary","sparse","teaching_fixed",300,1000,1.3,24,25886074,"ASHMED_Adaptive",0.05,"ok",FALSE,2.98000000000002,"","","bafe849e7d84771acea00367b0bfd7b6",5,0,5,20,0,0.25
"linear_dense_n300_t01_r0024","linear","dense","teaching_fixed",300,1000,1.3,24,605396,"ASHMED_Adaptive",0.05,"ok",FALSE,1.43000000000001,"","","31e6d4ee688cb965e1c8dba36546374d",116,3,113,200,0.0258620689655172,0.565
"confounded_dense_n300_t01_r0024","confounded","dense","teaching_fixed",300,1000,1.3,24,170863003,"ASHMED_Adaptive",0.05,"ok",FALSE,1.86000000000001,"","","d138f693f127a774196b6f3407eb036b",142,8,134,200,0.0563380281690141,0.67
"binary_dense_n300_t01_r0024","binary","dense","teaching_fixed",300,1000,1.3,24,248239063,"ASHMED_Adaptive",0.05,"ok",FALSE,8.61000000000001,"","","ed91f88651a81c0e3054f7edf784d57b",117,4,113,200,0.0341880341880342,0.565
"linear_sparse_n300_t02_r0024","linear","sparse","teaching_fixed",300,1000,1.5,24,243298248,"ASHMED_Adaptive",0.05,"ok",FALSE,0.860000000000014,"","","95d0bd141559f704351c41b383362112",16,1,15,20,0.0625,0.75
"confounded_sparse_n300_t02_r0024","confounded","sparse","teaching_fixed",300,1000,1.5,24,40353403,"ASHMED_Adaptive",0.05,"ok",FALSE,1.48999999999998,"","","1b14eff0711dd9f4787813b485ed7eb1",11,3,8,20,0.272727272727273,0.4
"binary_sparse_n300_t02_r0024","binary","sparse","teaching_fixed",300,1000,1.5,24,205774066,"ASHMED_Adaptive",0.05,"ok",FALSE,1.67000000000002,"","","66362a9eef6b550bade4653b39eed75b",13,1,12,20,0.0769230769230769,0.6
"linear_dense_n300_t02_r0024","linear","dense","teaching_fixed",300,1000,1.5,24,74587342,"ASHMED_Adaptive",0.05,"ok",FALSE,0.840000000000003,"","","86c9f00d29c31f6cde1d36666f1380c6",173,9,164,200,0.0520231213872832,0.82
"confounded_dense_n300_t02_r0024","confounded","dense","teaching_fixed",300,1000,1.5,24,112580685,"ASHMED_Adaptive",0.05,"ok",FALSE,0.969999999999999,"","","652d1a745fd1cd6d08bb992a202c284d",165,9,156,200,0.0545454545454545,0.78
"binary_dense_n300_t02_r0024","binary","dense","teaching_fixed",300,1000,1.5,24,67323355,"ASHMED_Adaptive",0.05,"ok",FALSE,0.849999999999994,"","","54ccc83c737eb583da008440d35b92f7",173,10,163,200,0.0578034682080925,0.815
"linear_sparse_n300_t03_r0024","linear","sparse","teaching_fixed",300,1000,1.9,24,192373906,"ASHMED_Adaptive",0.05,"ok",FALSE,0.739999999999981,"","","2911c1c7a3f4382e46767727ce5513e6",20,1,19,20,0.05,0.95
"confounded_sparse_n300_t03_r0024","confounded","sparse","teaching_fixed",300,1000,1.9,24,57905178,"ASHMED_Adaptive",0.05,"ok",FALSE,1.11000000000001,"","","795536937e3825361268486db003cc37",17,1,16,20,0.0588235294117647,0.8
"binary_sparse_n300_t03_r0024","binary","sparse","teaching_fixed",300,1000,1.9,24,59017535,"ASHMED_Adaptive",0.05,"ok",FALSE,1.20000000000002,"","","a0e7809a9cf5f9d7a02c6a6afdea7a97",20,1,19,20,0.05,0.95
"linear_dense_n300_t03_r0024","linear","dense","teaching_fixed",300,1000,1.9,24,141012996,"ASHMED_Adaptive",0.05,"ok",FALSE,3.85999999999999,"","","b42654420e7f1f3ab6862e6d991afb27",192,7,185,200,0.0364583333333333,0.925
"confounded_dense_n300_t03_r0024","confounded","dense","teaching_fixed",300,1000,1.9,24,209618297,"ASHMED_Adaptive",0.05,"ok",FALSE,1.22999999999999,"","","935cc32451df1c23fe0745be027eb31e",204,8,196,200,0.0392156862745098,0.98
"binary_dense_n300_t03_r0024","binary","dense","teaching_fixed",300,1000,1.9,24,35233675,"ASHMED_Adaptive",0.05,"ok",FALSE,13.83,"","","7726525292e851e61879f7b4848a0f1d",195,9,186,200,0.0461538461538462,0.93
"linear_sparse_n300_t01_r0025","linear","sparse","teaching_fixed",300,1000,1.3,25,172340132,"ASHMED_Adaptive",0.05,"ok",FALSE,1.69999999999999,"","","e318bdd8008f8a71ea890a0a4a464f5f",12,0,12,20,0,0.6
"confounded_sparse_n300_t01_r0025","confounded","sparse","teaching_fixed",300,1000,1.3,25,185385743,"ASHMED_Adaptive",0.05,"ok",FALSE,1.77000000000001,"","","b22afb4eeaba01bd1277bc5bd8456e74",8,1,7,20,0.125,0.35
"binary_sparse_n300_t01_r0025","binary","sparse","teaching_fixed",300,1000,1.3,25,204113696,"ASHMED_Adaptive",0.05,"ok",FALSE,1.42000000000002,"","","5cdac3b6f223a7e4ddf8257ddab26e82",8,0,8,20,0,0.4
"linear_dense_n300_t01_r0025","linear","dense","teaching_fixed",300,1000,1.3,25,82977194,"ASHMED_Adaptive",0.05,"ok",FALSE,5.47999999999999,"","","e987ca6ebb85d6408daefc5296c04dad",136,7,129,200,0.0514705882352941,0.645
"confounded_dense_n300_t01_r0025","confounded","dense","teaching_fixed",300,1000,1.3,25,227133517,"ASHMED_Adaptive",0.05,"ok",FALSE,2.43000000000001,"","","d72575078add775ca39649f2e250bd61",156,9,147,200,0.0576923076923077,0.735
"binary_dense_n300_t01_r0025","binary","dense","teaching_fixed",300,1000,1.3,25,65573634,"ASHMED_Adaptive",0.05,"ok",FALSE,1.25999999999999,"","","eae2edecfcf2f8a52d1a19256b8e1784",118,4,114,200,0.0338983050847458,0.57
"linear_sparse_n300_t02_r0025","linear","sparse","teaching_fixed",300,1000,1.5,25,102947956,"ASHMED_Adaptive",0.05,"ok",FALSE,0.97999999999999,"","","458de8d0f470b03d3c122e015ab6171c",17,2,15,20,0.117647058823529,0.75
"confounded_sparse_n300_t02_r0025","confounded","sparse","teaching_fixed",300,1000,1.5,25,136243194,"ASHMED_Adaptive",0.05,"ok",FALSE,2.47000000000003,"","","9576b3b5be8f53fe9017590a5b495529",14,1,13,20,0.0714285714285714,0.65
"binary_sparse_n300_t02_r0025","binary","sparse","teaching_fixed",300,1000,1.5,25,47485647,"ASHMED_Adaptive",0.05,"ok",FALSE,2.65000000000001,"","","c1d2e530c94641a4448a6d61b238a16e",20,3,17,20,0.15,0.85
"linear_dense_n300_t02_r0025","linear","dense","teaching_fixed",300,1000,1.5,25,9323471,"ASHMED_Adaptive",0.05,"ok",FALSE,1.03,"","","c81d8b7bfdc288fe66b84d2899c9526d",166,8,158,200,0.0481927710843374,0.79
"confounded_dense_n300_t02_r0025","confounded","dense","teaching_fixed",300,1000,1.5,25,236796271,"ASHMED_Adaptive",0.05,"ok",FALSE,0.780000000000001,"","","76be7f8930c7d00a0ea8f34c508da446",181,4,177,200,0.0220994475138122,0.885
"binary_dense_n300_t02_r0025","binary","dense","teaching_fixed",300,1000,1.5,25,223459938,"ASHMED_Adaptive",0.05,"ok",FALSE,0.919999999999987,"","","00370659e4fd79fe03bb49988ea0b5c4",175,10,165,200,0.0571428571428571,0.825
"linear_sparse_n300_t03_r0025","linear","sparse","teaching_fixed",300,1000,1.9,25,417452,"ASHMED_Adaptive",0.05,"ok",FALSE,1.48000000000002,"","","e27e9728d1b5ac3db0a0f834562d2e12",18,0,18,20,0,0.9
"confounded_sparse_n300_t03_r0025","confounded","sparse","teaching_fixed",300,1000,1.9,25,208751344,"ASHMED_Adaptive",0.05,"ok",FALSE,0.840000000000003,"","","b546fc12756c1a0415e2de738a11e711",18,1,17,20,0.0555555555555556,0.85
"binary_sparse_n300_t03_r0025","binary","sparse","teaching_fixed",300,1000,1.9,25,95576009,"ASHMED_Adaptive",0.05,"ok",FALSE,0.909999999999997,"","","e4a639c4121b322ca98b67bdfb279093",21,2,19,20,0.0952380952380952,0.95
"linear_dense_n300_t03_r0025","linear","dense","teaching_fixed",300,1000,1.9,25,76915374,"ASHMED_Adaptive",0.05,"ok",FALSE,4.51000000000002,"","","71816263febd8ed594c8116743aa28d3",201,12,189,200,0.0597014925373134,0.945
"confounded_dense_n300_t03_r0025","confounded","dense","teaching_fixed",300,1000,1.9,25,226923625,"ASHMED_Adaptive",0.05,"ok",FALSE,2.39000000000001,"","","8d55893a99749048852d86b979b0a278",194,9,185,200,0.0463917525773196,0.925
"binary_dense_n300_t03_r0025","binary","dense","teaching_fixed",300,1000,1.9,25,19129880,"ASHMED_Adaptive",0.05,"ok",FALSE,16.17,"","","f84bf37183f6ceae0e3b786a551a2af5",202,11,191,200,0.0544554455445545,0.955
"linear_sparse_n300_t01_r0026","linear","sparse","teaching_fixed",300,1000,1.3,26,114220607,"ASHMED_Adaptive",0.05,"ok",FALSE,1.76999999999998,"","","529b57e4b4ac065a554085e72c329d3f",7,0,7,20,0,0.35
"confounded_sparse_n300_t01_r0026","confounded","sparse","teaching_fixed",300,1000,1.3,26,103495571,"ASHMED_Adaptive",0.05,"ok",FALSE,2.98000000000002,"","","fb0572918d62e5f676d6f3f4d3129bac",14,0,14,20,0,0.7
"binary_sparse_n300_t01_r0026","binary","sparse","teaching_fixed",300,1000,1.3,26,257281540,"ASHMED_Adaptive",0.05,"ok",FALSE,2.75,"","","d3461dc780be4486e86dce73715f7c9f",11,0,11,20,0,0.55
"linear_dense_n300_t01_r0026","linear","dense","teaching_fixed",300,1000,1.3,26,50195456,"ASHMED_Adaptive",0.05,"ok",FALSE,1.74000000000001,"","","1ea056dfe05816b78439f712741cc624",132,2,130,200,0.0151515151515152,0.65
"confounded_dense_n300_t01_r0026","confounded","dense","teaching_fixed",300,1000,1.3,26,157759861,"ASHMED_Adaptive",0.05,"ok",FALSE,5.49000000000001,"","","7644b0981a88c0c4fb48dd8cdae2c1f8",138,4,134,200,0.0289855072463768,0.67
"binary_dense_n300_t01_r0026","binary","dense","teaching_fixed",300,1000,1.3,26,84170960,"ASHMED_Adaptive",0.05,"ok",FALSE,0.900000000000006,"","","5c1991f791dafce152bf5df4545528cb",144,9,135,200,0.0625,0.675
"linear_sparse_n300_t02_r0026","linear","sparse","teaching_fixed",300,1000,1.5,26,90303256,"ASHMED_Adaptive",0.05,"ok",FALSE,2.47,"","","e6e5f329159ff3b1c09e1ca0b03763cb",8,0,8,20,0,0.4
"confounded_sparse_n300_t02_r0026","confounded","sparse","teaching_fixed",300,1000,1.5,26,44854073,"ASHMED_Adaptive",0.05,"ok",FALSE,2.94,"","","ac934b7cb71357eea3e37525d9b232ef",9,0,9,20,0,0.45
"binary_sparse_n300_t02_r0026","binary","sparse","teaching_fixed",300,1000,1.5,26,11637160,"ASHMED_Adaptive",0.05,"ok",FALSE,1.34,"","","9352fdfc2f2ecd2c43548689d3f235ed",17,1,16,20,0.0588235294117647,0.8
"linear_dense_n300_t02_r0026","linear","dense","teaching_fixed",300,1000,1.5,26,77728659,"ASHMED_Adaptive",0.05,"ok",FALSE,1,"","","89e06d5181d396bae595fb1ecc90b4c2",154,5,149,200,0.0324675324675325,0.745
"confounded_dense_n300_t02_r0026","confounded","dense","teaching_fixed",300,1000,1.5,26,2054545,"ASHMED_Adaptive",0.05,"ok",FALSE,2.97999999999999,"","","c6bffec0ea28fba5f0b3041137c5cd4c",183,12,171,200,0.0655737704918033,0.855
"binary_dense_n300_t02_r0026","binary","dense","teaching_fixed",300,1000,1.5,26,72366734,"ASHMED_Adaptive",0.05,"ok",FALSE,0.75,"","","352a5f6b3d394fd375e002a3bdc62f43",175,8,167,200,0.0457142857142857,0.835
"linear_sparse_n300_t03_r0026","linear","sparse","teaching_fixed",300,1000,1.9,26,76951020,"ASHMED_Adaptive",0.05,"ok",FALSE,0.72999999999999,"","","df0ea088788a3c9551890278059f3d53",16,0,16,20,0,0.8
"confounded_sparse_n300_t03_r0026","confounded","sparse","teaching_fixed",300,1000,1.9,26,91273217,"ASHMED_Adaptive",0.05,"ok",FALSE,0.769999999999982,"","","cca7634d307d5aa08a8fe9a9524bc21b",18,1,17,20,0.0555555555555556,0.85
"binary_sparse_n300_t03_r0026","binary","sparse","teaching_fixed",300,1000,1.9,26,201036236,"ASHMED_Adaptive",0.05,"ok",FALSE,1.01999999999998,"","","5a32601f3374124a3dbe2b15c6d2b340",17,2,15,20,0.117647058823529,0.75
"linear_dense_n300_t03_r0026","linear","dense","teaching_fixed",300,1000,1.9,26,109801593,"ASHMED_Adaptive",0.05,"ok",FALSE,1.38,"","","7d95ca9242d3342dc6c990318136565d",211,15,196,200,0.0710900473933649,0.98
"confounded_dense_n300_t03_r0026","confounded","dense","teaching_fixed",300,1000,1.9,26,84962844,"ASHMED_Adaptive",0.05,"ok",FALSE,3.44,"","","12c50a6a9aba50336b3850afd0b09068",201,13,188,200,0.0646766169154229,0.94
"binary_dense_n300_t03_r0026","binary","dense","teaching_fixed",300,1000,1.9,26,58645283,"ASHMED_Adaptive",0.05,"ok",FALSE,11.83,"","","1ef60ffe5aac4841124dccd080ee5c75",210,11,199,200,0.0523809523809524,0.995
"linear_sparse_n300_t01_r0027","linear","sparse","teaching_fixed",300,1000,1.3,27,147998911,"ASHMED_Adaptive",0.05,"ok",FALSE,1.56,"","","864d0df586f29f53d9f7c555ae929e44",12,1,11,20,0.0833333333333333,0.55
"confounded_sparse_n300_t01_r0027","confounded","sparse","teaching_fixed",300,1000,1.3,27,246732768,"ASHMED_Adaptive",0.05,"ok",FALSE,2.19,"","","5cd5b2f5ce77b2b5174da0a37326deb8",11,1,10,20,0.0909090909090909,0.5
"binary_sparse_n300_t01_r0027","binary","sparse","teaching_fixed",300,1000,1.3,27,137553200,"ASHMED_Adaptive",0.05,"ok",FALSE,1.18000000000001,"","","8719a8715041f90a805cdca992111dc1",13,1,12,20,0.0769230769230769,0.6
"linear_dense_n300_t01_r0027","linear","dense","teaching_fixed",300,1000,1.3,27,185618186,"ASHMED_Adaptive",0.05,"ok",FALSE,2.71000000000001,"","","d9e226f7fb2532c562adf8a38a318a6c",123,2,121,200,0.016260162601626,0.605
"confounded_dense_n300_t01_r0027","confounded","dense","teaching_fixed",300,1000,1.3,27,256171838,"ASHMED_Adaptive",0.05,"ok",FALSE,4.36000000000001,"","","15fa7d5ed0329b5d552a6fd0f76292ee",126,6,120,200,0.0476190476190476,0.6
"binary_dense_n300_t01_r0027","binary","dense","teaching_fixed",300,1000,1.3,27,49195288,"ASHMED_Adaptive",0.05,"ok",FALSE,3.68000000000001,"","","370fe76e7e6dba209fae88665ca95430",137,9,128,200,0.0656934306569343,0.64
"linear_sparse_n300_t02_r0027","linear","sparse","teaching_fixed",300,1000,1.5,27,157182783,"ASHMED_Adaptive",0.05,"ok",FALSE,0.759999999999991,"","","bb47df1cd8b3e41adbc7b70b7ab05173",16,1,15,20,0.0625,0.75
"confounded_sparse_n300_t02_r0027","confounded","sparse","teaching_fixed",300,1000,1.5,27,22155157,"ASHMED_Adaptive",0.05,"ok",FALSE,1.10999999999999,"","","6c557097efc9bdc8ba103161d7e541a8",12,0,12,20,0,0.6
"binary_sparse_n300_t02_r0027","binary","sparse","teaching_fixed",300,1000,1.5,27,159911607,"ASHMED_Adaptive",0.05,"ok",FALSE,3.30000000000001,"","","b6a66c6b584f6ba5bcd637945ef69b35",9,0,9,20,0,0.45
"linear_dense_n300_t02_r0027","linear","dense","teaching_fixed",300,1000,1.5,27,104476107,"ASHMED_Adaptive",0.05,"ok",FALSE,0.670000000000016,"","","38e3465a7f672704a4874e3938e038f3",157,7,150,200,0.0445859872611465,0.75
"confounded_dense_n300_t02_r0027","confounded","dense","teaching_fixed",300,1000,1.5,27,116873344,"ASHMED_Adaptive",0.05,"ok",FALSE,3.59999999999999,"","","7cc5e5aa772947b710704450dbaa9ac5",164,7,157,200,0.0426829268292683,0.785
"binary_dense_n300_t02_r0027","binary","dense","teaching_fixed",300,1000,1.5,27,184067880,"ASHMED_Adaptive",0.05,"ok",FALSE,1.14000000000001,"","","a860ff911facc43da2d4d9e69eb21309",160,5,155,200,0.03125,0.775
"linear_sparse_n300_t03_r0027","linear","sparse","teaching_fixed",300,1000,1.9,27,17056601,"ASHMED_Adaptive",0.05,"ok",FALSE,1,"","","89df987c6cea898a6447330343855ba7",17,0,17,20,0,0.85
"confounded_sparse_n300_t03_r0027","confounded","sparse","teaching_fixed",300,1000,1.9,27,249763377,"ASHMED_Adaptive",0.05,"ok",FALSE,1.59,"","","d7ffcc8ebbb33174c0da06f5f349dc6b",16,0,16,20,0,0.8
"binary_sparse_n300_t03_r0027","binary","sparse","teaching_fixed",300,1000,1.9,27,182448361,"ASHMED_Adaptive",0.05,"ok",FALSE,0.530000000000001,"","","aa76ff27744c16bf35fa778d58fe15c9",17,0,17,20,0,0.85
"linear_dense_n300_t03_r0027","linear","dense","teaching_fixed",300,1000,1.9,27,124798604,"ASHMED_Adaptive",0.05,"ok",FALSE,2.19,"","","a9787a3d512ce043d23a459364ece35c",203,8,195,200,0.0394088669950739,0.975
"confounded_dense_n300_t03_r0027","confounded","dense","teaching_fixed",300,1000,1.9,27,184017492,"ASHMED_Adaptive",0.05,"ok",FALSE,1.22999999999999,"","","2fb8b842c3b880fe941618c6421a8985",204,12,192,200,0.0588235294117647,0.96
"binary_dense_n300_t03_r0027","binary","dense","teaching_fixed",300,1000,1.9,27,131582477,"ASHMED_Adaptive",0.05,"ok",FALSE,8.65000000000001,"","","a6926c1321ed77b2f0b494f5e43568b5",197,7,190,200,0.0355329949238579,0.95
"linear_sparse_n300_t01_r0028","linear","sparse","teaching_fixed",300,1000,1.3,28,169877851,"ASHMED_Adaptive",0.05,"ok",FALSE,1.55000000000001,"","","a4c51e90c6ff3392f5ed1ffe15501760",0,0,0,20,0,0
"confounded_sparse_n300_t01_r0028","confounded","sparse","teaching_fixed",300,1000,1.3,28,94403894,"ASHMED_Adaptive",0.05,"ok",FALSE,1.26999999999998,"","","0db9aa45baf5a72fecf7a1a5e42b78bc",11,1,10,20,0.0909090909090909,0.5
"binary_sparse_n300_t01_r0028","binary","sparse","teaching_fixed",300,1000,1.3,28,31804377,"ASHMED_Adaptive",0.05,"ok",FALSE,1.23000000000002,"","","e771d30689a8031a33573563d7a36972",7,0,7,20,0,0.35
"linear_dense_n300_t01_r0028","linear","dense","teaching_fixed",300,1000,1.3,28,268131062,"ASHMED_Adaptive",0.05,"ok",FALSE,2.10999999999999,"","","6c5c869c89c9c47cd52bf99ce73ccc12",124,4,120,200,0.032258064516129,0.6
"confounded_dense_n300_t01_r0028","confounded","dense","teaching_fixed",300,1000,1.3,28,48379564,"ASHMED_Adaptive",0.05,"ok",FALSE,1.86000000000001,"","","0dec3def35840131ebc9f3458ed28adf",140,11,129,200,0.0785714285714286,0.645
"binary_dense_n300_t01_r0028","binary","dense","teaching_fixed",300,1000,1.3,28,237537077,"ASHMED_Adaptive",0.05,"ok",FALSE,1.13,"","","62db160669360fb9d63567aec446a594",138,8,130,200,0.0579710144927536,0.65
"linear_sparse_n300_t02_r0028","linear","sparse","teaching_fixed",300,1000,1.5,28,25015668,"ASHMED_Adaptive",0.05,"ok",FALSE,1.97999999999999,"","","ac68d7d8be1f0cc49e52ce61cbe34fee",14,1,13,20,0.0714285714285714,0.65
"confounded_sparse_n300_t02_r0028","confounded","sparse","teaching_fixed",300,1000,1.5,28,145093997,"ASHMED_Adaptive",0.05,"ok",FALSE,1.01999999999998,"","","9c4b869f7cdb5a31a91beb3b166ccff0",15,0,15,20,0,0.75
"binary_sparse_n300_t02_r0028","binary","sparse","teaching_fixed",300,1000,1.5,28,213402493,"ASHMED_Adaptive",0.05,"ok",FALSE,1.41,"","","83c4c69de00de51a61ad7c612d2fe4d4",14,1,13,20,0.0714285714285714,0.65
"linear_dense_n300_t02_r0028","linear","dense","teaching_fixed",300,1000,1.5,28,119664097,"ASHMED_Adaptive",0.05,"ok",FALSE,1.44999999999999,"","","efa738ee446acde74826125c6e6ca874",176,12,164,200,0.0681818181818182,0.82
"confounded_dense_n300_t02_r0028","confounded","dense","teaching_fixed",300,1000,1.5,28,18949362,"ASHMED_Adaptive",0.05,"ok",FALSE,0.609999999999985,"","","5ec1a1b5216b5b519ec323622adbc621",180,11,169,200,0.0611111111111111,0.845
"binary_dense_n300_t02_r0028","binary","dense","teaching_fixed",300,1000,1.5,28,261278583,"ASHMED_Adaptive",0.05,"ok",FALSE,1.63999999999999,"","","60b6be3c16e73ab4da27f5eb7ab1bbf6",166,10,156,200,0.0602409638554217,0.78
"linear_sparse_n300_t03_r0028","linear","sparse","teaching_fixed",300,1000,1.9,28,159847659,"ASHMED_Adaptive",0.05,"ok",FALSE,0.680000000000007,"","","029039c442a304dfab14f5b1680b4e9e",16,0,16,20,0,0.8
"confounded_sparse_n300_t03_r0028","confounded","sparse","teaching_fixed",300,1000,1.9,28,121348134,"ASHMED_Adaptive",0.05,"ok",FALSE,0.740000000000009,"","","17911aaaacc4b4c8abe44ed28c1a37dc",17,0,17,20,0,0.85
"binary_sparse_n300_t03_r0028","binary","sparse","teaching_fixed",300,1000,1.9,28,24012963,"ASHMED_Adaptive",0.05,"ok",FALSE,0.740000000000009,"","","beccb6bdb82254776b13f1a7e41e1ec6",21,2,19,20,0.0952380952380952,0.95
"linear_dense_n300_t03_r0028","linear","dense","teaching_fixed",300,1000,1.9,28,262492335,"ASHMED_Adaptive",0.05,"ok",FALSE,2.92000000000002,"","","d2227132352766fa81c3c5f65b72708a",197,8,189,200,0.0406091370558376,0.945
"confounded_dense_n300_t03_r0028","confounded","dense","teaching_fixed",300,1000,1.9,28,27168174,"ASHMED_Adaptive",0.05,"ok",FALSE,4.46000000000001,"","","d42bc7e43bd1949e5e91891934985932",200,13,187,200,0.065,0.935
"binary_dense_n300_t03_r0028","binary","dense","teaching_fixed",300,1000,1.9,28,107372772,"ASHMED_Adaptive",0.05,"ok",FALSE,1.70000000000002,"","","5aafad457ab69f5c91776a40d02dc679",197,11,186,200,0.0558375634517767,0.93
"linear_sparse_n300_t01_r0029","linear","sparse","teaching_fixed",300,1000,1.3,29,234019310,"ASHMED_Adaptive",0.05,"ok",FALSE,1.26999999999998,"","","7486d2ad822ccb67bbe9af89fdb2d708",16,0,16,20,0,0.8
"confounded_sparse_n300_t01_r0029","confounded","sparse","teaching_fixed",300,1000,1.3,29,159934555,"ASHMED_Adaptive",0.05,"ok",FALSE,2.41999999999999,"","","02841eefce0b5d88deedef7ac506b381",9,0,9,20,0,0.45
"binary_sparse_n300_t01_r0029","binary","sparse","teaching_fixed",300,1000,1.3,29,134942431,"ASHMED_Adaptive",0.05,"ok",FALSE,2.47,"","","986fe7cb3e2a80a1b248f7dae3ff85fa",12,1,11,20,0.0833333333333333,0.55
"linear_dense_n300_t01_r0029","linear","dense","teaching_fixed",300,1000,1.3,29,167970517,"ASHMED_Adaptive",0.05,"ok",FALSE,0.700000000000017,"","","8f08e95b2ceb2e333c2a14d0c9c13588",139,9,130,200,0.0647482014388489,0.65
"confounded_dense_n300_t01_r0029","confounded","dense","teaching_fixed",300,1000,1.3,29,232416731,"ASHMED_Adaptive",0.05,"ok",FALSE,5.19,"","","e8648aadbddea5a1fc41985dcfe2699d",144,7,137,200,0.0486111111111111,0.685
"binary_dense_n300_t01_r0029","binary","dense","teaching_fixed",300,1000,1.3,29,111277250,"ASHMED_Adaptive",0.05,"ok",FALSE,1.13999999999999,"","","aec39264530209f52217144300351c56",137,6,131,200,0.0437956204379562,0.655
"linear_sparse_n300_t02_r0029","linear","sparse","teaching_fixed",300,1000,1.5,29,79043684,"ASHMED_Adaptive",0.05,"ok",FALSE,1.64000000000001,"","","2e594fe8e775281432b9de0c8760cc39",18,2,16,20,0.111111111111111,0.8
"confounded_sparse_n300_t02_r0029","confounded","sparse","teaching_fixed",300,1000,1.5,29,32574978,"ASHMED_Adaptive",0.05,"ok",FALSE,1.09999999999999,"","","26e109db377a46d836350c42637bb6e5",14,0,14,20,0,0.7
"binary_sparse_n300_t02_r0029","binary","sparse","teaching_fixed",300,1000,1.5,29,248822359,"ASHMED_Adaptive",0.05,"ok",FALSE,0.650000000000006,"","","2903a5a7bd0a506b4682651944399032",13,0,13,20,0,0.65
"linear_dense_n300_t02_r0029","linear","dense","teaching_fixed",300,1000,1.5,29,229066339,"ASHMED_Adaptive",0.05,"ok",FALSE,0.900000000000006,"","","87707e13903d87014cc8317cb2f6c2f6",185,13,172,200,0.0702702702702703,0.86
"confounded_dense_n300_t02_r0029","confounded","dense","teaching_fixed",300,1000,1.5,29,146142410,"ASHMED_Adaptive",0.05,"ok",FALSE,0.620000000000005,"","","7a478318d3d49d25d2da59cd20df836b",165,5,160,200,0.0303030303030303,0.8
"binary_dense_n300_t02_r0029","binary","dense","teaching_fixed",300,1000,1.5,29,67425726,"ASHMED_Adaptive",0.05,"ok",FALSE,0.740000000000009,"","","3f243f25321f1e12f827f059e34b9280",168,6,162,200,0.0357142857142857,0.81
"linear_sparse_n300_t03_r0029","linear","sparse","teaching_fixed",300,1000,1.9,29,264928391,"ASHMED_Adaptive",0.05,"ok",FALSE,1.97999999999999,"","","772b61cedece33afcd39bb6b6b845f22",15,0,15,20,0,0.75
"confounded_sparse_n300_t03_r0029","confounded","sparse","teaching_fixed",300,1000,1.9,29,130754757,"ASHMED_Adaptive",0.05,"ok",FALSE,1.01999999999998,"","","1f4833405874daf5dc43b91a4c747c81",21,2,19,20,0.0952380952380952,0.95
"binary_sparse_n300_t03_r0029","binary","sparse","teaching_fixed",300,1000,1.9,29,86649970,"ASHMED_Adaptive",0.05,"ok",FALSE,2.19999999999999,"","","1c5eabd4d63e7e02fabbe9206828e024",18,0,18,20,0,0.9
"linear_dense_n300_t03_r0029","linear","dense","teaching_fixed",300,1000,1.9,29,214700536,"ASHMED_Adaptive",0.05,"ok",FALSE,2.66999999999999,"","","8cca3310dc23613eb2a77297a3426114",207,11,196,200,0.0531400966183575,0.98
"confounded_dense_n300_t03_r0029","confounded","dense","teaching_fixed",300,1000,1.9,29,214978793,"ASHMED_Adaptive",0.05,"ok",FALSE,1.44,"","","1577cd1af051c4d2b2001515ec94947f",193,8,185,200,0.0414507772020725,0.925
"binary_dense_n300_t03_r0029","binary","dense","teaching_fixed",300,1000,1.9,29,133783510,"ASHMED_Adaptive",0.05,"ok",FALSE,2.27999999999997,"","","5bec9d21753bf7712de539be14a0fcee",194,6,188,200,0.0309278350515464,0.94
"linear_sparse_n300_t01_r0030","linear","sparse","teaching_fixed",300,1000,1.3,30,140518658,"ASHMED_Adaptive",0.05,"ok",FALSE,2.25,"","","40343870a6ca5d515cee3c4a973d18ce",5,0,5,20,0,0.25
"confounded_sparse_n300_t01_r0030","confounded","sparse","teaching_fixed",300,1000,1.3,30,11565021,"ASHMED_Adaptive",0.05,"ok",FALSE,1.87,"","","d3b282133d05380b86aab5f1894b3e0e",3,0,3,20,0,0.15
"binary_sparse_n300_t01_r0030","binary","sparse","teaching_fixed",300,1000,1.3,30,192957182,"ASHMED_Adaptive",0.05,"ok",FALSE,2.75,"","","4ccfff18742420d8ccb4cfd5a92b98e2",5,0,5,20,0,0.25
"linear_dense_n300_t01_r0030","linear","dense","teaching_fixed",300,1000,1.3,30,79739796,"ASHMED_Adaptive",0.05,"ok",FALSE,3.03,"","","2d450614e0b146660f585acb2157748b",136,6,130,200,0.0441176470588235,0.65
"confounded_dense_n300_t01_r0030","confounded","dense","teaching_fixed",300,1000,1.3,30,182886553,"ASHMED_Adaptive",0.05,"ok",FALSE,2.41,"","","ca161ed8be5f0e91a3d06fa2f6492c97",143,7,136,200,0.048951048951049,0.68
"binary_dense_n300_t01_r0030","binary","dense","teaching_fixed",300,1000,1.3,30,51339400,"ASHMED_Adaptive",0.05,"ok",FALSE,0.669999999999987,"","","245e0bf17b8c4a55f06673ccf66daeb6",136,5,131,200,0.0367647058823529,0.655
"linear_sparse_n300_t02_r0030","linear","sparse","teaching_fixed",300,1000,1.5,30,24337991,"ASHMED_Adaptive",0.05,"ok",FALSE,1.22,"","","9fe3db0973fc2591ce99743f4424d4ee",10,1,9,20,0.1,0.45
"confounded_sparse_n300_t02_r0030","confounded","sparse","teaching_fixed",300,1000,1.5,30,223638920,"ASHMED_Adaptive",0.05,"ok",FALSE,1.25,"","","55b05fa0d7af89fd08392daf1dab95a2",8,0,8,20,0,0.4
"binary_sparse_n300_t02_r0030","binary","sparse","teaching_fixed",300,1000,1.5,30,254569240,"ASHMED_Adaptive",0.05,"ok",FALSE,1.85999999999999,"","","d4d88d8511b23a64f9ed2cc6f69aef3b",8,0,8,20,0,0.4
"linear_dense_n300_t02_r0030","linear","dense","teaching_fixed",300,1000,1.5,30,241701071,"ASHMED_Adaptive",0.05,"ok",FALSE,1,"","","9e4f24c1b1ae029f3a2039a25a721c71",173,9,164,200,0.0520231213872832,0.82
"confounded_dense_n300_t02_r0030","confounded","dense","teaching_fixed",300,1000,1.5,30,203341529,"ASHMED_Adaptive",0.05,"ok",FALSE,0.699999999999989,"","","781c498b40b961e20959d14e572f0e02",172,4,168,200,0.0232558139534884,0.84
"binary_dense_n300_t02_r0030","binary","dense","teaching_fixed",300,1000,1.5,30,176529379,"ASHMED_Adaptive",0.05,"ok",FALSE,1.11000000000001,"","","250f51fca473c7db282955d4028708b4",171,7,164,200,0.0409356725146199,0.82
"linear_sparse_n300_t03_r0030","linear","sparse","teaching_fixed",300,1000,1.9,30,123423506,"ASHMED_Adaptive",0.05,"ok",FALSE,0.77000000000001,"","","b87b82cb4f1a856bac76b5a520d8def6",19,1,18,20,0.0526315789473684,0.9
"confounded_sparse_n300_t03_r0030","confounded","sparse","teaching_fixed",300,1000,1.9,30,118366669,"ASHMED_Adaptive",0.05,"ok",FALSE,0.729999999999961,"","","77cf7fa56eed6473292049d6bd5e0083",18,0,18,20,0,0.9
"binary_sparse_n300_t03_r0030","binary","sparse","teaching_fixed",300,1000,1.9,30,250707562,"ASHMED_Adaptive",0.05,"ok",FALSE,0.800000000000011,"","","65a1ef8dba33043c2f4ce11adb8a9076",17,0,17,20,0,0.85
"linear_dense_n300_t03_r0030","linear","dense","teaching_fixed",300,1000,1.9,30,44843915,"ASHMED_Adaptive",0.05,"ok",FALSE,1.77999999999997,"","","a0634275d83722db27d1b4f0d2fc3bfc",193,8,185,200,0.0414507772020725,0.925
"confounded_dense_n300_t03_r0030","confounded","dense","teaching_fixed",300,1000,1.9,30,132602917,"ASHMED_Adaptive",0.05,"ok",FALSE,2.43000000000001,"","","89504a431da280bf4189fd151c17abd4",207,15,192,200,0.072463768115942,0.96
"binary_dense_n300_t03_r0030","binary","dense","teaching_fixed",300,1000,1.9,30,267837718,"ASHMED_Adaptive",0.05,"ok",FALSE,4.82999999999998,"","","2e9ef5b0267bc3f06381299da37e6d8d",198,6,192,200,0.0303030303030303,0.96
"linear_sparse_n300_t01_r0031","linear","sparse","teaching_fixed",300,1000,1.3,31,83246936,"ASHMED_Adaptive",0.05,"ok",FALSE,1.91999999999996,"","","690bbb58bb82f607f9d80952d46a3b85",9,0,9,20,0,0.45
"confounded_sparse_n300_t01_r0031","confounded","sparse","teaching_fixed",300,1000,1.3,31,187678969,"ASHMED_Adaptive",0.05,"ok",FALSE,1.59999999999997,"","","5126e3fcd794b634d350375b4a7d228c",9,0,9,20,0,0.45
"binary_sparse_n300_t01_r0031","binary","sparse","teaching_fixed",300,1000,1.3,31,34339263,"ASHMED_Adaptive",0.05,"ok",FALSE,1.59000000000003,"","","7016d18f706f0261c2b8e4a7b01282fc",3,0,3,20,0,0.15
"linear_dense_n300_t01_r0031","linear","dense","teaching_fixed",300,1000,1.3,31,103054337,"ASHMED_Adaptive",0.05,"ok",FALSE,4.86000000000001,"","","6bbf1ba4aef258b546c9f7cad47d6d15",143,7,136,200,0.048951048951049,0.68
"confounded_dense_n300_t01_r0031","confounded","dense","teaching_fixed",300,1000,1.3,31,243478081,"ASHMED_Adaptive",0.05,"ok",FALSE,1.38999999999999,"","","189f772f12f0b3e0a617044330dcae80",136,5,131,200,0.0367647058823529,0.655
"binary_dense_n300_t01_r0031","binary","dense","teaching_fixed",300,1000,1.3,31,225454118,"ASHMED_Adaptive",0.05,"ok",FALSE,1.73000000000002,"","","7fdad29a87e655550064222417dff847",132,3,129,200,0.0227272727272727,0.645
"linear_sparse_n300_t02_r0031","linear","sparse","teaching_fixed",300,1000,1.5,31,235375102,"ASHMED_Adaptive",0.05,"ok",FALSE,0.860000000000014,"","","48bb1f695e2d2c7f4f0ce83040fdeb61",12,0,12,20,0,0.6
"confounded_sparse_n300_t02_r0031","confounded","sparse","teaching_fixed",300,1000,1.5,31,175879432,"ASHMED_Adaptive",0.05,"ok",FALSE,1.06,"","","4880b646bdd8c53012494e19d04e6a97",9,0,9,20,0,0.45
"binary_sparse_n300_t02_r0031","binary","sparse","teaching_fixed",300,1000,1.5,31,234834623,"ASHMED_Adaptive",0.05,"ok",FALSE,0.979999999999961,"","","d8222b9d151961cb020929c1970da6dc",19,1,18,20,0.0526315789473684,0.9
"linear_dense_n300_t02_r0031","linear","dense","teaching_fixed",300,1000,1.5,31,117660918,"ASHMED_Adaptive",0.05,"ok",FALSE,0.960000000000036,"","","9c3375a3d0ef7204d4135ad0ea544dc8",158,6,152,200,0.0379746835443038,0.76
"confounded_dense_n300_t02_r0031","confounded","dense","teaching_fixed",300,1000,1.5,31,13588970,"ASHMED_Adaptive",0.05,"ok",FALSE,0.610000000000014,"","","fd245994fe19cfeaab4810a498bc2ecc",155,6,149,200,0.0387096774193548,0.745
"binary_dense_n300_t02_r0031","binary","dense","teaching_fixed",300,1000,1.5,31,260223236,"ASHMED_Adaptive",0.05,"ok",FALSE,0.920000000000016,"","","3ed8d280d86be22b6417a595b907f05d",171,7,164,200,0.0409356725146199,0.82
"linear_sparse_n300_t03_r0031","linear","sparse","teaching_fixed",300,1000,1.9,31,58534037,"ASHMED_Adaptive",0.05,"ok",FALSE,0.900000000000034,"","","5cea1336feb6ce8d9237c550a4712683",21,1,20,20,0.0476190476190476,1
"confounded_sparse_n300_t03_r0031","confounded","sparse","teaching_fixed",300,1000,1.9,31,200736497,"ASHMED_Adaptive",0.05,"ok",FALSE,2.59000000000003,"","","98a7cecce2afbbf4d1027423dec03142",17,0,17,20,0,0.85
"binary_sparse_n300_t03_r0031","binary","sparse","teaching_fixed",300,1000,1.9,31,240851645,"ASHMED_Adaptive",0.05,"ok",FALSE,3.15000000000003,"","","77eb4d985d570aa7d972105197e3bf4e",18,1,17,20,0.0555555555555556,0.85
"linear_dense_n300_t03_r0031","linear","dense","teaching_fixed",300,1000,1.9,31,232414496,"ASHMED_Adaptive",0.05,"ok",FALSE,1.88999999999999,"","","77b9f9398e7f5840882fd9445bf05e01",196,9,187,200,0.0459183673469388,0.935
"confounded_dense_n300_t03_r0031","confounded","dense","teaching_fixed",300,1000,1.9,31,177323162,"ASHMED_Adaptive",0.05,"ok",FALSE,1.09000000000003,"","","08dafb1f899bf567499357ed4ae2aac3",199,8,191,200,0.0402010050251256,0.955
"binary_dense_n300_t03_r0031","binary","dense","teaching_fixed",300,1000,1.9,31,44027290,"ASHMED_Adaptive",0.05,"ok",FALSE,2.24000000000001,"","","52ea276a07645615c209e80bf687e141",202,13,189,200,0.0643564356435644,0.945
"linear_sparse_n300_t01_r0032","linear","sparse","teaching_fixed",300,1000,1.3,32,262976474,"ASHMED_Adaptive",0.05,"ok",FALSE,1.72000000000003,"","","db80fb241bf4332a38fbf6ca8af3ffb8",9,0,9,20,0,0.45
"confounded_sparse_n300_t01_r0032","confounded","sparse","teaching_fixed",300,1000,1.3,32,150309160,"ASHMED_Adaptive",0.05,"ok",FALSE,3.25,"","","7cc41787b20da284fc10c241c04bfe94",9,1,8,20,0.111111111111111,0.4
"binary_sparse_n300_t01_r0032","binary","sparse","teaching_fixed",300,1000,1.3,32,54041098,"ASHMED_Adaptive",0.05,"ok",FALSE,1.03000000000003,"","","61de951476a4f4609f268afdae937e79",10,0,10,20,0,0.5
"linear_dense_n300_t01_r0032","linear","dense","teaching_fixed",300,1000,1.3,32,232212601,"ASHMED_Adaptive",0.05,"ok",FALSE,0.79000000000002,"","","abd6f9539f040ff756372482aa58396c",120,2,118,200,0.0166666666666667,0.59
"confounded_dense_n300_t01_r0032","confounded","dense","teaching_fixed",300,1000,1.3,32,189399951,"ASHMED_Adaptive",0.05,"ok",FALSE,3.02000000000004,"","","61c8b145d99513934844ed755a0e6c2c",136,6,130,200,0.0441176470588235,0.65
"binary_dense_n300_t01_r0032","binary","dense","teaching_fixed",300,1000,1.3,32,44382448,"ASHMED_Adaptive",0.05,"ok",FALSE,1.25,"","","513756c0cce066ff89cbd24f8071d3b0",154,8,146,200,0.051948051948052,0.73
"linear_sparse_n300_t02_r0032","linear","sparse","teaching_fixed",300,1000,1.5,32,76649321,"ASHMED_Adaptive",0.05,"ok",FALSE,1.63999999999999,"","","65925325a7513af1ad92a47b60ab83de",12,1,11,20,0.0833333333333333,0.55
"confounded_sparse_n300_t02_r0032","confounded","sparse","teaching_fixed",300,1000,1.5,32,91962027,"ASHMED_Adaptive",0.05,"ok",FALSE,1.16999999999996,"","","e2a967d5fab4a7cc6a86c89449b37506",15,3,12,20,0.2,0.6
"binary_sparse_n300_t02_r0032","binary","sparse","teaching_fixed",300,1000,1.5,32,55595246,"ASHMED_Adaptive",0.05,"ok",FALSE,0.979999999999961,"","","dbd26c7423a9dd6c10cf5b304ebce0e6",15,0,15,20,0,0.75
"linear_dense_n300_t02_r0032","linear","dense","teaching_fixed",300,1000,1.5,32,163702400,"ASHMED_Adaptive",0.05,"ok",FALSE,1.00999999999999,"","","3feff44c7c271ae50d3a5159cd708f87",150,5,145,200,0.0333333333333333,0.725
"confounded_dense_n300_t02_r0032","confounded","dense","teaching_fixed",300,1000,1.5,32,62604744,"ASHMED_Adaptive",0.05,"ok",FALSE,0.629999999999995,"","","2817d5e70ac46a74c812efe4094d2adb",178,15,163,200,0.0842696629213483,0.815
"binary_dense_n300_t02_r0032","binary","dense","teaching_fixed",300,1000,1.5,32,122475289,"ASHMED_Adaptive",0.05,"ok",FALSE,4.04000000000002,"","","253472e0176abae1aabcb1c4cb0180ef",158,2,156,200,0.0126582278481013,0.78
"linear_sparse_n300_t03_r0032","linear","sparse","teaching_fixed",300,1000,1.9,32,238724999,"ASHMED_Adaptive",0.05,"ok",FALSE,1.12,"","","2c6c9a7c0bdced7b3a6ea134906816e7",19,0,19,20,0,0.95
"confounded_sparse_n300_t03_r0032","confounded","sparse","teaching_fixed",300,1000,1.9,32,153198242,"ASHMED_Adaptive",0.05,"ok",FALSE,1.41000000000003,"","","2bffad4d23109c593e8de4fcc7e7fbaa",20,2,18,20,0.1,0.9
"binary_sparse_n300_t03_r0032","binary","sparse","teaching_fixed",300,1000,1.9,32,24974611,"ASHMED_Adaptive",0.05,"ok",FALSE,0.909999999999968,"","","d2c1113e621707c2b65a36db734c37f5",20,3,17,20,0.15,0.85
"linear_dense_n300_t03_r0032","linear","dense","teaching_fixed",300,1000,1.9,32,96927656,"ASHMED_Adaptive",0.05,"ok",FALSE,1.77999999999997,"","","cb56175ff8065e72f31457cc882f9029",203,10,193,200,0.0492610837438424,0.965
"confounded_dense_n300_t03_r0032","confounded","dense","teaching_fixed",300,1000,1.9,32,178308849,"ASHMED_Adaptive",0.05,"ok",FALSE,2.22999999999996,"","","b745a85791e7674a41971d7a2a05eaa7",212,18,194,200,0.0849056603773585,0.97
"binary_dense_n300_t03_r0032","binary","dense","teaching_fixed",300,1000,1.9,32,246857262,"ASHMED_Adaptive",0.05,"ok",FALSE,3.86000000000001,"","","d0fa385d9e489ec71f12b51064935d15",192,7,185,200,0.0364583333333333,0.925
"linear_sparse_n300_t01_r0033","linear","sparse","teaching_fixed",300,1000,1.3,33,110071054,"ASHMED_Adaptive",0.05,"ok",FALSE,5.75,"","","45d64ca651ae14392fb6aa91d0d22abf",11,1,10,20,0.0909090909090909,0.5
"confounded_sparse_n300_t01_r0033","confounded","sparse","teaching_fixed",300,1000,1.3,33,64453966,"ASHMED_Adaptive",0.05,"ok",FALSE,1.44,"","","33dc0c452f734e29a0fc7ca6f353a8e7",8,0,8,20,0,0.4
"binary_sparse_n300_t01_r0033","binary","sparse","teaching_fixed",300,1000,1.3,33,35863351,"ASHMED_Adaptive",0.05,"ok",FALSE,1.81,"","","e62188d156b355d1075e9f891d17fe4b",6,0,6,20,0,0.3
"linear_dense_n300_t01_r0033","linear","dense","teaching_fixed",300,1000,1.3,33,59297818,"ASHMED_Adaptive",0.05,"ok",FALSE,3.19999999999999,"","","16d01cd32e31fe3e54d072e685903196",151,8,143,200,0.0529801324503311,0.715
"confounded_dense_n300_t01_r0033","confounded","dense","teaching_fixed",300,1000,1.3,33,10423585,"ASHMED_Adaptive",0.05,"ok",FALSE,2.45999999999998,"","","0152b192b76f77537bb9754548977716",134,3,131,200,0.0223880597014925,0.655
"binary_dense_n300_t01_r0033","binary","dense","teaching_fixed",300,1000,1.3,33,32706954,"ASHMED_Adaptive",0.05,"ok",FALSE,0.71999999999997,"","","de91929943705b7131fb726b7f4c54ac",146,10,136,200,0.0684931506849315,0.68
"linear_sparse_n300_t02_r0033","linear","sparse","teaching_fixed",300,1000,1.5,33,122757196,"ASHMED_Adaptive",0.05,"ok",FALSE,2.58000000000004,"","","b93cfe5cebb0448319d1fb0d1ec01783",14,1,13,20,0.0714285714285714,0.65
"confounded_sparse_n300_t02_r0033","confounded","sparse","teaching_fixed",300,1000,1.5,33,97249492,"ASHMED_Adaptive",0.05,"ok",FALSE,1.66000000000003,"","","2049fe47eec5cca7f815873ad5946725",19,4,15,20,0.210526315789474,0.75
"binary_sparse_n300_t02_r0033","binary","sparse","teaching_fixed",300,1000,1.5,33,18147354,"ASHMED_Adaptive",0.05,"ok",FALSE,1.23000000000002,"","","11bdf612b9494ede80333feb194a3cea",11,0,11,20,0,0.55
"linear_dense_n300_t02_r0033","linear","dense","teaching_fixed",300,1000,1.5,33,196579572,"ASHMED_Adaptive",0.05,"ok",FALSE,0.95999999999998,"","","be03c8908af72ee322b8c41f25ad0eda",176,12,164,200,0.0681818181818182,0.82
"confounded_dense_n300_t02_r0033","confounded","dense","teaching_fixed",300,1000,1.5,33,99645412,"ASHMED_Adaptive",0.05,"ok",FALSE,0.799999999999955,"","","b31aa287af67a7cb77dcf8a43e8a811e",177,10,167,200,0.0564971751412429,0.835
"binary_dense_n300_t02_r0033","binary","dense","teaching_fixed",300,1000,1.5,33,234886035,"ASHMED_Adaptive",0.05,"ok",FALSE,1.27999999999997,"","","ee565d08d43d2c90579d2e4c3fb32a96",172,8,164,200,0.0465116279069767,0.82
"linear_sparse_n300_t03_r0033","linear","sparse","teaching_fixed",300,1000,1.9,33,41009126,"ASHMED_Adaptive",0.05,"ok",FALSE,0.740000000000009,"","","71b0cea81b9525b0f6e1b49370f172ff",19,1,18,20,0.0526315789473684,0.9
"confounded_sparse_n300_t03_r0033","confounded","sparse","teaching_fixed",300,1000,1.9,33,265615996,"ASHMED_Adaptive",0.05,"ok",FALSE,0.660000000000025,"","","dbe56f70384b5d9e8150d34bd49f32b1",16,0,16,20,0,0.8
"binary_sparse_n300_t03_r0033","binary","sparse","teaching_fixed",300,1000,1.9,33,246318519,"ASHMED_Adaptive",0.05,"ok",FALSE,0.710000000000036,"","","8dda710e275827d89ba1da8eb286c645",20,1,19,20,0.05,0.95
"linear_dense_n300_t03_r0033","linear","dense","teaching_fixed",300,1000,1.9,33,124749382,"ASHMED_Adaptive",0.05,"ok",FALSE,0.53000000000003,"","","fdaf8ea31c451139612880579165e118",198,8,190,200,0.0404040404040404,0.95
"confounded_dense_n300_t03_r0033","confounded","dense","teaching_fixed",300,1000,1.9,33,78539554,"ASHMED_Adaptive",0.05,"ok",FALSE,3.17000000000002,"","","e6cc35d70796cf5e3c2822e4c5e72c06",205,15,190,200,0.0731707317073171,0.95
"binary_dense_n300_t03_r0033","binary","dense","teaching_fixed",300,1000,1.9,33,69230709,"ASHMED_Adaptive",0.05,"ok",FALSE,6.80000000000001,"","","acb32ff27f39f0bb1d3e375221fdd81a",197,7,190,200,0.0355329949238579,0.95
"linear_sparse_n300_t01_r0034","linear","sparse","teaching_fixed",300,1000,1.3,34,33863317,"ASHMED_Adaptive",0.05,"ok",FALSE,2.73000000000002,"","","d501c5c33ba5a0c52c186b11696c3a81",7,0,7,20,0,0.35
"confounded_sparse_n300_t01_r0034","confounded","sparse","teaching_fixed",300,1000,1.3,34,181642117,"ASHMED_Adaptive",0.05,"ok",FALSE,2,"","","9ed6fd0d27b6141bcb83ef3cc09754ef",7,0,7,20,0,0.35
"binary_sparse_n300_t01_r0034","binary","sparse","teaching_fixed",300,1000,1.3,34,197292200,"ASHMED_Adaptive",0.05,"ok",FALSE,1.59999999999997,"","","16c9fe56b529025196cf0d1e34d06eae",6,2,4,20,0.333333333333333,0.2
"linear_dense_n300_t01_r0034","linear","dense","teaching_fixed",300,1000,1.3,34,40555347,"ASHMED_Adaptive",0.05,"ok",FALSE,1.04000000000002,"","","5c6a7af51c6f4073a522f8883242f9c4",145,10,135,200,0.0689655172413793,0.675
"confounded_dense_n300_t01_r0034","confounded","dense","teaching_fixed",300,1000,1.3,34,259102282,"ASHMED_Adaptive",0.05,"ok",FALSE,1.5,"","","31e671b95ccd0ef8644cf269af0bee86",126,6,120,200,0.0476190476190476,0.6
"binary_dense_n300_t01_r0034","binary","dense","teaching_fixed",300,1000,1.3,34,214839640,"ASHMED_Adaptive",0.05,"ok",FALSE,0.939999999999998,"","","8726a5b634ae27fdf4b8e7497a04dcfa",151,9,142,200,0.0596026490066225,0.71
"linear_sparse_n300_t02_r0034","linear","sparse","teaching_fixed",300,1000,1.5,34,200079654,"ASHMED_Adaptive",0.05,"ok",FALSE,3.11000000000001,"","","32cbdf86ec131b050066abaf0fb5bb22",9,0,9,20,0,0.45
"confounded_sparse_n300_t02_r0034","confounded","sparse","teaching_fixed",300,1000,1.5,34,53448412,"ASHMED_Adaptive",0.05,"ok",FALSE,1.31,"","","fac810ebb3a571c8e6486fea2aea4f72",14,1,13,20,0.0714285714285714,0.65
"binary_sparse_n300_t02_r0034","binary","sparse","teaching_fixed",300,1000,1.5,34,92273001,"ASHMED_Adaptive",0.05,"ok",FALSE,1.16000000000003,"","","58f87a2a3668d375faac28f3177e6b3c",10,0,10,20,0,0.5
"linear_dense_n300_t02_r0034","linear","dense","teaching_fixed",300,1000,1.5,34,148197058,"ASHMED_Adaptive",0.05,"ok",FALSE,0.889999999999986,"","","9bd292395585f1a311545cdc7cb55fee",164,7,157,200,0.0426829268292683,0.785
"confounded_dense_n300_t02_r0034","confounded","dense","teaching_fixed",300,1000,1.5,34,84666854,"ASHMED_Adaptive",0.05,"ok",FALSE,1.64000000000004,"","","0e3427024cab2b6ebf8477ae861ef5a1",171,10,161,200,0.0584795321637427,0.805
"binary_dense_n300_t02_r0034","binary","dense","teaching_fixed",300,1000,1.5,34,111707485,"ASHMED_Adaptive",0.05,"ok",FALSE,1.02000000000004,"","","a34418d9fd86a1f81bd09cb1640b4a48",167,4,163,200,0.0239520958083832,0.815
"linear_sparse_n300_t03_r0034","linear","sparse","teaching_fixed",300,1000,1.9,34,26791137,"ASHMED_Adaptive",0.05,"ok",FALSE,1.89999999999998,"","","76f2b9a7cc16def54ad955286424d43f",22,2,20,20,0.0909090909090909,1
"confounded_sparse_n300_t03_r0034","confounded","sparse","teaching_fixed",300,1000,1.9,34,188316325,"ASHMED_Adaptive",0.05,"ok",FALSE,1.22000000000003,"","","dc525de13bdab16fbc1e2c13544d58b2",18,3,15,20,0.166666666666667,0.75
"binary_sparse_n300_t03_r0034","binary","sparse","teaching_fixed",300,1000,1.9,34,88445527,"ASHMED_Adaptive",0.05,"ok",FALSE,1.23000000000002,"","","ab87c2ea47bea3bd9d6924a078693ca2",17,1,16,20,0.0588235294117647,0.8
"linear_dense_n300_t03_r0034","linear","dense","teaching_fixed",300,1000,1.9,34,228491640,"ASHMED_Adaptive",0.05,"ok",FALSE,1.42000000000002,"","","b6fb75f509d8cdb4e70b874b06ce66e6",202,14,188,200,0.0693069306930693,0.94
"confounded_dense_n300_t03_r0034","confounded","dense","teaching_fixed",300,1000,1.9,34,146816274,"ASHMED_Adaptive",0.05,"ok",FALSE,2.58000000000004,"","","c63e23eab2abd17adc38f9f625825f2f",207,12,195,200,0.0579710144927536,0.975
"binary_dense_n300_t03_r0034","binary","dense","teaching_fixed",300,1000,1.9,34,212322927,"ASHMED_Adaptive",0.05,"ok",FALSE,2.73000000000002,"","","69c4fa668726ef37f87787677f07672e",198,8,190,200,0.0404040404040404,0.95
"linear_sparse_n300_t01_r0035","linear","sparse","teaching_fixed",300,1000,1.3,35,162406479,"ASHMED_Adaptive",0.05,"ok",FALSE,1.12,"","","abf101ef7ad98c498c6bbef40b82ca03",14,1,13,20,0.0714285714285714,0.65
"confounded_sparse_n300_t01_r0035","confounded","sparse","teaching_fixed",300,1000,1.3,35,231560556,"ASHMED_Adaptive",0.05,"ok",FALSE,2.59000000000003,"","","36f6092cf8793aac33ce0ad03b83ebf6",8,0,8,20,0,0.4
"binary_sparse_n300_t01_r0035","binary","sparse","teaching_fixed",300,1000,1.3,35,238730167,"ASHMED_Adaptive",0.05,"ok",FALSE,1.85999999999996,"","","10ea31c3809610afe6165ab158e95c65",5,0,5,20,0,0.25
"linear_dense_n300_t01_r0035","linear","dense","teaching_fixed",300,1000,1.3,35,60181385,"ASHMED_Adaptive",0.05,"ok",FALSE,0.939999999999998,"","","77ae0f85cd15f58a516aa53e8a18b2df",140,9,131,200,0.0642857142857143,0.655
"confounded_dense_n300_t01_r0035","confounded","dense","teaching_fixed",300,1000,1.3,35,36574539,"ASHMED_Adaptive",0.05,"ok",FALSE,1.5,"","","b5d3eb819c769763f4b9e5942d82b762",130,8,122,200,0.0615384615384615,0.61
"binary_dense_n300_t01_r0035","binary","dense","teaching_fixed",300,1000,1.3,35,135295457,"ASHMED_Adaptive",0.05,"ok",FALSE,2.38999999999999,"","","450a8daed94fc1a1ddcb37a1682bcf9f",140,5,135,200,0.0357142857142857,0.675
"linear_sparse_n300_t02_r0035","linear","sparse","teaching_fixed",300,1000,1.5,35,12153601,"ASHMED_Adaptive",0.05,"ok",FALSE,1.13999999999999,"","","4099207bd843a7ef6ff0cbbfb41d4eb3",3,0,3,20,0,0.15
"confounded_sparse_n300_t02_r0035","confounded","sparse","teaching_fixed",300,1000,1.5,35,53139713,"ASHMED_Adaptive",0.05,"ok",FALSE,1.13999999999999,"","","9b43732c577ec76f2b631cc3bbba18d3",19,3,16,20,0.157894736842105,0.8
"binary_sparse_n300_t02_r0035","binary","sparse","teaching_fixed",300,1000,1.5,35,203135089,"ASHMED_Adaptive",0.05,"ok",FALSE,0.689999999999998,"","","84b5c34daf2763ca13ccf12cf57f9d6b",15,0,15,20,0,0.75
"linear_dense_n300_t02_r0035","linear","dense","teaching_fixed",300,1000,1.5,35,70582484,"ASHMED_Adaptive",0.05,"ok",FALSE,0.799999999999955,"","","caf5f14677e5841b837788c13d3f6ad6",173,8,165,200,0.046242774566474,0.825
"confounded_dense_n300_t02_r0035","confounded","dense","teaching_fixed",300,1000,1.5,35,143879571,"ASHMED_Adaptive",0.05,"ok",FALSE,1.00999999999999,"","","be9f9997a61cd8f6505263c711b17c9e",166,6,160,200,0.036144578313253,0.8
"binary_dense_n300_t02_r0035","binary","dense","teaching_fixed",300,1000,1.5,35,109753002,"ASHMED_Adaptive",0.05,"ok",FALSE,1.67000000000002,"","","a82e61c81c1ee0945e24dda8fc0b4054",180,13,167,200,0.0722222222222222,0.835
"linear_sparse_n300_t03_r0035","linear","sparse","teaching_fixed",300,1000,1.9,35,202845256,"ASHMED_Adaptive",0.05,"ok",FALSE,1.36000000000001,"","","bf82a1aa84fe37447ca4afb1c2f02911",20,1,19,20,0.05,0.95
"confounded_sparse_n300_t03_r0035","confounded","sparse","teaching_fixed",300,1000,1.9,35,16863988,"ASHMED_Adaptive",0.05,"ok",FALSE,1,"","","6bc9c5c1410c0a4c70b05d8d89eb3263",16,0,16,20,0,0.8
"binary_sparse_n300_t03_r0035","binary","sparse","teaching_fixed",300,1000,1.9,35,185166807,"ASHMED_Adaptive",0.05,"ok",FALSE,1.52999999999997,"","","aaa1d07889a87d7ccfc017e999ba7731",21,2,19,20,0.0952380952380952,0.95
"linear_dense_n300_t03_r0035","linear","dense","teaching_fixed",300,1000,1.9,35,63875984,"ASHMED_Adaptive",0.05,"ok",FALSE,2.67000000000002,"","","b940789a3b42304886aceb658ab72639",198,6,192,200,0.0303030303030303,0.96
"confounded_dense_n300_t03_r0035","confounded","dense","teaching_fixed",300,1000,1.9,35,26319806,"ASHMED_Adaptive",0.05,"ok",FALSE,2.26999999999998,"","","a9e7ff62179bfa89040512bc6663d11b",188,8,180,200,0.0425531914893617,0.9
"binary_dense_n300_t03_r0035","binary","dense","teaching_fixed",300,1000,1.9,35,131956881,"ASHMED_Adaptive",0.05,"ok",FALSE,20.5,"","","07c18b143863d143c7069bd2313b95d0",202,10,192,200,0.0495049504950495,0.96
"linear_sparse_n300_t01_r0036","linear","sparse","teaching_fixed",300,1000,1.3,36,114674825,"ASHMED_Adaptive",0.05,"ok",FALSE,4.08999999999997,"","","2d4520ba48705b435086bf210398fba2",12,1,11,20,0.0833333333333333,0.55
"confounded_sparse_n300_t01_r0036","confounded","sparse","teaching_fixed",300,1000,1.3,36,97084851,"ASHMED_Adaptive",0.05,"ok",FALSE,1.58999999999997,"","","6df67dde3325774e7a9b3ea639636a0b",5,0,5,20,0,0.25
"binary_sparse_n300_t01_r0036","binary","sparse","teaching_fixed",300,1000,1.3,36,32605445,"ASHMED_Adaptive",0.05,"ok",FALSE,2.38999999999999,"","","f516120a20c4b0f50cd4de0c99b10630",11,1,10,20,0.0909090909090909,0.5
"linear_dense_n300_t01_r0036","linear","dense","teaching_fixed",300,1000,1.3,36,11066256,"ASHMED_Adaptive",0.05,"ok",FALSE,2.19,"","","fe767bdd71e21d92f9259bf7585d57eb",124,7,117,200,0.0564516129032258,0.585
"confounded_dense_n300_t01_r0036","confounded","dense","teaching_fixed",300,1000,1.3,36,52022083,"ASHMED_Adaptive",0.05,"ok",FALSE,1.81,"","","cc3f119a7655a32fb1dca28efad23ad5",143,6,137,200,0.041958041958042,0.685
"binary_dense_n300_t01_r0036","binary","dense","teaching_fixed",300,1000,1.3,36,200856005,"ASHMED_Adaptive",0.05,"ok",FALSE,7.34000000000003,"","","96b09712c79adc5d3839017d90f13a55",129,6,123,200,0.0465116279069767,0.615
"linear_sparse_n300_t02_r0036","linear","sparse","teaching_fixed",300,1000,1.5,36,47142622,"ASHMED_Adaptive",0.05,"ok",FALSE,2.30000000000001,"","","daa6aa0b2844e2870f0765db32e4608d",12,0,12,20,0,0.6
"confounded_sparse_n300_t02_r0036","confounded","sparse","teaching_fixed",300,1000,1.5,36,196195598,"ASHMED_Adaptive",0.05,"ok",FALSE,2.33999999999997,"","","ee5cf66c5be4154702d62ab8a015143b",18,1,17,20,0.0555555555555556,0.85
"binary_sparse_n300_t02_r0036","binary","sparse","teaching_fixed",300,1000,1.5,36,10121713,"ASHMED_Adaptive",0.05,"ok",FALSE,1.19,"","","dda11acffcd69399da6510f7300962a6",13,0,13,20,0,0.65
"linear_dense_n300_t02_r0036","linear","dense","teaching_fixed",300,1000,1.5,36,157433933,"ASHMED_Adaptive",0.05,"ok",FALSE,1,"","","f351bfc11a5fb22e1aa2d25333371e94",170,6,164,200,0.0352941176470588,0.82
"confounded_dense_n300_t02_r0036","confounded","dense","teaching_fixed",300,1000,1.5,36,217393085,"ASHMED_Adaptive",0.05,"ok",FALSE,0.680000000000007,"","","e5233810d21b801988c7589b98e380a0",160,8,152,200,0.05,0.76
"binary_dense_n300_t02_r0036","binary","dense","teaching_fixed",300,1000,1.5,36,95177541,"ASHMED_Adaptive",0.05,"ok",FALSE,1.03000000000003,"","","7de7ae3c20b88fba3a8159ff12a93521",149,4,145,200,0.0268456375838926,0.725
"linear_sparse_n300_t03_r0036","linear","sparse","teaching_fixed",300,1000,1.9,36,164162469,"ASHMED_Adaptive",0.05,"ok",FALSE,0.889999999999986,"","","8c7661dfaa52b5601457a79c466fdf32",20,1,19,20,0.05,0.95
"confounded_sparse_n300_t03_r0036","confounded","sparse","teaching_fixed",300,1000,1.9,36,3029626,"ASHMED_Adaptive",0.05,"ok",FALSE,1.63999999999999,"","","e6f5b98b3fbf0c6f0f2cc2dc40963344",16,1,15,20,0.0625,0.75
"binary_sparse_n300_t03_r0036","binary","sparse","teaching_fixed",300,1000,1.9,36,82290702,"ASHMED_Adaptive",0.05,"ok",FALSE,0.840000000000032,"","","b3f5aaaf244b5e10ce9f2117f185ba90",17,0,17,20,0,0.85
"linear_dense_n300_t03_r0036","linear","dense","teaching_fixed",300,1000,1.9,36,257832193,"ASHMED_Adaptive",0.05,"ok",FALSE,0.949999999999989,"","","469133b234a97cc7d4e5a64e4a9e3a7d",206,15,191,200,0.0728155339805825,0.955
"confounded_dense_n300_t03_r0036","confounded","dense","teaching_fixed",300,1000,1.9,36,194461260,"ASHMED_Adaptive",0.05,"ok",FALSE,1.15999999999997,"","","92d31dfe408c1be4460be1edb0471594",201,10,191,200,0.0497512437810945,0.955
"binary_dense_n300_t03_r0036","binary","dense","teaching_fixed",300,1000,1.9,36,136711073,"ASHMED_Adaptive",0.05,"ok",FALSE,8.44,"","","78c6c8086b00ac10ec2d053fa58970ec",198,5,193,200,0.0252525252525253,0.965
"linear_sparse_n300_t01_r0037","linear","sparse","teaching_fixed",300,1000,1.3,37,95672939,"ASHMED_Adaptive",0.05,"ok",FALSE,1.5,"","","5d75a7f7eedc7d2e8dfe7db93c001bda",13,0,13,20,0,0.65
"confounded_sparse_n300_t01_r0037","confounded","sparse","teaching_fixed",300,1000,1.3,37,64869098,"ASHMED_Adaptive",0.05,"ok",FALSE,2.44999999999999,"","","7b62589a11f791b4f0af6784548891b0",10,0,10,20,0,0.5
"binary_sparse_n300_t01_r0037","binary","sparse","teaching_fixed",300,1000,1.3,37,5751665,"ASHMED_Adaptive",0.05,"ok",FALSE,2.62,"","","75c9b4004a90844ddf34c98b24181f0b",13,1,12,20,0.0769230769230769,0.6
"linear_dense_n300_t01_r0037","linear","dense","teaching_fixed",300,1000,1.3,37,213585568,"ASHMED_Adaptive",0.05,"ok",FALSE,1,"","","8a98a8859feb324ae483ad6145ec6f16",135,2,133,200,0.0148148148148148,0.665
"confounded_dense_n300_t01_r0037","confounded","dense","teaching_fixed",300,1000,1.3,37,220405405,"ASHMED_Adaptive",0.05,"ok",FALSE,3.30000000000001,"","","9c0bf89159e5748ac40f88c66c26a933",151,9,142,200,0.0596026490066225,0.71
"binary_dense_n300_t01_r0037","binary","dense","teaching_fixed",300,1000,1.3,37,257128493,"ASHMED_Adaptive",0.05,"ok",FALSE,0.70999999999998,"","","ab06555bddc0308e7b1ceceefe0a2263",126,5,121,200,0.0396825396825397,0.605
"linear_sparse_n300_t02_r0037","linear","sparse","teaching_fixed",300,1000,1.5,37,256146714,"ASHMED_Adaptive",0.05,"ok",FALSE,1.75,"","","0d68ddfd72ac7f100309bc4619be66d2",11,0,11,20,0,0.55
"confounded_sparse_n300_t02_r0037","confounded","sparse","teaching_fixed",300,1000,1.5,37,191250493,"ASHMED_Adaptive",0.05,"ok",FALSE,1.82999999999998,"","","3cc1ef63113230c555c74882236bb1c8",13,1,12,20,0.0769230769230769,0.6
"binary_sparse_n300_t02_r0037","binary","sparse","teaching_fixed",300,1000,1.5,37,218277626,"ASHMED_Adaptive",0.05,"ok",FALSE,1.57999999999998,"","","411cd810c220aafbf5c694238e0cfe1e",12,1,11,20,0.0833333333333333,0.55
"linear_dense_n300_t02_r0037","linear","dense","teaching_fixed",300,1000,1.5,37,213180099,"ASHMED_Adaptive",0.05,"ok",FALSE,1.21999999999997,"","","f93e4549cba7917656d587cc3529c234",184,15,169,200,0.0815217391304348,0.845
"confounded_dense_n300_t02_r0037","confounded","dense","teaching_fixed",300,1000,1.5,37,45421677,"ASHMED_Adaptive",0.05,"ok",FALSE,0.899999999999977,"","","5a1b335474c7a9b6e9788cae2ca8b109",164,10,154,200,0.0609756097560976,0.77
"binary_dense_n300_t02_r0037","binary","dense","teaching_fixed",300,1000,1.5,37,225552874,"ASHMED_Adaptive",0.05,"ok",FALSE,1.58000000000004,"","","0714c3c02b549c8e3f4018bc2552fa55",157,8,149,200,0.0509554140127389,0.745
"linear_sparse_n300_t03_r0037","linear","sparse","teaching_fixed",300,1000,1.9,37,104313338,"ASHMED_Adaptive",0.05,"ok",FALSE,0.549999999999955,"","","0a8f9aad3daa2abb1db80fbe02e61571",19,1,18,20,0.0526315789473684,0.9
"confounded_sparse_n300_t03_r0037","confounded","sparse","teaching_fixed",300,1000,1.9,37,170102198,"ASHMED_Adaptive",0.05,"ok",FALSE,0.600000000000023,"","","7608c435818f963817982b6f126d74bc",18,1,17,20,0.0555555555555556,0.85
"binary_sparse_n300_t03_r0037","binary","sparse","teaching_fixed",300,1000,1.9,37,112465224,"ASHMED_Adaptive",0.05,"ok",FALSE,0.730000000000018,"","","d39bc2a27939e2c65d18aaacaa14493c",18,1,17,20,0.0555555555555556,0.85
"linear_dense_n300_t03_r0037","linear","dense","teaching_fixed",300,1000,1.9,37,220802623,"ASHMED_Adaptive",0.05,"ok",FALSE,1.82999999999998,"","","b291e0c58ef3aa3aa5821d4493b8e19e",198,11,187,200,0.0555555555555556,0.935
"confounded_dense_n300_t03_r0037","confounded","dense","teaching_fixed",300,1000,1.9,37,165912662,"ASHMED_Adaptive",0.05,"ok",FALSE,0.560000000000002,"","","26a4702d053b6de0558a064bc7dcdd56",197,8,189,200,0.0406091370558376,0.945
"binary_dense_n300_t03_r0037","binary","dense","teaching_fixed",300,1000,1.9,37,67086528,"ASHMED_Adaptive",0.05,"ok",FALSE,3.55000000000001,"","","89bfad0ab8f64fe10201b6df2c549fda",192,7,185,200,0.0364583333333333,0.925
"linear_sparse_n300_t01_r0038","linear","sparse","teaching_fixed",300,1000,1.3,38,257765243,"ASHMED_Adaptive",0.05,"ok",FALSE,2,"","","835c1c4f70a41a54e9443f620c1c7dfe",13,0,13,20,0,0.65
"confounded_sparse_n300_t01_r0038","confounded","sparse","teaching_fixed",300,1000,1.3,38,31452295,"ASHMED_Adaptive",0.05,"ok",FALSE,1.44,"","","cd36aec196a51d6c4ff4f2b0156ca6df",11,0,11,20,0,0.55
"binary_sparse_n300_t01_r0038","binary","sparse","teaching_fixed",300,1000,1.3,38,117114897,"ASHMED_Adaptive",0.05,"ok",FALSE,1.61000000000001,"","","abfae3ddd9f775626c9bdf053be91ca3",10,0,10,20,0,0.5
"linear_dense_n300_t01_r0038","linear","dense","teaching_fixed",300,1000,1.3,38,201276732,"ASHMED_Adaptive",0.05,"ok",FALSE,0.680000000000007,"","","1f224db037aefe237af6a3b8d688a72a",153,8,145,200,0.0522875816993464,0.725
"confounded_dense_n300_t01_r0038","confounded","dense","teaching_fixed",300,1000,1.3,38,210699325,"ASHMED_Adaptive",0.05,"ok",FALSE,0.779999999999973,"","","c5b0d515e1ccf942be7ece9f85e1055a",164,12,152,200,0.0731707317073171,0.76
"binary_dense_n300_t01_r0038","binary","dense","teaching_fixed",300,1000,1.3,38,236379139,"ASHMED_Adaptive",0.05,"ok",FALSE,1.48999999999995,"","","ec83be3c0c087f4c7bccb2e1214d15df",141,5,136,200,0.0354609929078014,0.68
"linear_sparse_n300_t02_r0038","linear","sparse","teaching_fixed",300,1000,1.5,38,200824937,"ASHMED_Adaptive",0.05,"ok",FALSE,1.36000000000001,"","","20c7a0decee2b0479da192fea9690381",17,1,16,20,0.0588235294117647,0.8
"confounded_sparse_n300_t02_r0038","confounded","sparse","teaching_fixed",300,1000,1.5,38,81894678,"ASHMED_Adaptive",0.05,"ok",FALSE,1.31999999999999,"","","a41887d69dfdd1d1fbc065138cc4e56f",14,0,14,20,0,0.7
"binary_sparse_n300_t02_r0038","binary","sparse","teaching_fixed",300,1000,1.5,38,220112406,"ASHMED_Adaptive",0.05,"ok",FALSE,1.99000000000001,"","","2a6374fdbd17a49ac8b86e1463aee857",11,1,10,20,0.0909090909090909,0.5
"linear_dense_n300_t02_r0038","linear","dense","teaching_fixed",300,1000,1.5,38,163266597,"ASHMED_Adaptive",0.05,"ok",FALSE,0.860000000000014,"","","c064bb7c7184fe4e28aec8ccd7d27c02",181,11,170,200,0.0607734806629834,0.85
"confounded_dense_n300_t02_r0038","confounded","dense","teaching_fixed",300,1000,1.5,38,182452550,"ASHMED_Adaptive",0.05,"ok",FALSE,0.849999999999966,"","","e732522859e2b3e99d578837c8bd5f5f",176,8,168,200,0.0454545454545455,0.84
"binary_dense_n300_t02_r0038","binary","dense","teaching_fixed",300,1000,1.5,38,50889769,"ASHMED_Adaptive",0.05,"ok",FALSE,2.35000000000002,"","","688de98618b2566a4019fb2f358685dc",170,7,163,200,0.0411764705882353,0.815
"linear_sparse_n300_t03_r0038","linear","sparse","teaching_fixed",300,1000,1.9,38,129886197,"ASHMED_Adaptive",0.05,"ok",FALSE,0.770000000000039,"","","f1c81e3b6424eef916d26a9313d48ab2",22,3,19,20,0.136363636363636,0.95
"confounded_sparse_n300_t03_r0038","confounded","sparse","teaching_fixed",300,1000,1.9,38,81743124,"ASHMED_Adaptive",0.05,"ok",FALSE,2.20000000000005,"","","10cc417e90816a94422f8051e332078e",17,1,16,20,0.0588235294117647,0.8
"binary_sparse_n300_t03_r0038","binary","sparse","teaching_fixed",300,1000,1.9,38,70905735,"ASHMED_Adaptive",0.05,"ok",FALSE,0.829999999999984,"","","4afde7b7efa3667eea9e8c9787cd5e6a",19,0,19,20,0,0.95
"linear_dense_n300_t03_r0038","linear","dense","teaching_fixed",300,1000,1.9,38,5317172,"ASHMED_Adaptive",0.05,"ok",FALSE,4.24000000000001,"","","a41b79ef1e3185bbeb6bf1480d778fb8",201,11,190,200,0.054726368159204,0.95
"confounded_dense_n300_t03_r0038","confounded","dense","teaching_fixed",300,1000,1.9,38,11960362,"ASHMED_Adaptive",0.05,"ok",FALSE,5.88,"","","cfaf7eeb36e0de59c10a6603fc7a356b",199,10,189,200,0.050251256281407,0.945
"binary_dense_n300_t03_r0038","binary","dense","teaching_fixed",300,1000,1.9,38,176680889,"ASHMED_Adaptive",0.05,"ok",FALSE,3.36000000000001,"","","82d7bfc13529321c676994f7ca772b5a",194,7,187,200,0.0360824742268041,0.935
"linear_sparse_n300_t01_r0039","linear","sparse","teaching_fixed",300,1000,1.3,39,11343012,"ASHMED_Adaptive",0.05,"ok",FALSE,1.19,"","","e4841e309753b515438ffea29498f9c5",6,1,5,20,0.166666666666667,0.25
"confounded_sparse_n300_t01_r0039","confounded","sparse","teaching_fixed",300,1000,1.3,39,188824370,"ASHMED_Adaptive",0.05,"ok",FALSE,1.92000000000002,"","","7937cca55b3b1bef32de5ca687c583cd",6,3,3,20,0.5,0.15
"binary_sparse_n300_t01_r0039","binary","sparse","teaching_fixed",300,1000,1.3,39,56357834,"ASHMED_Adaptive",0.05,"ok",FALSE,1.61000000000001,"","","74bed8a4325ceadae0e2fd431bbb8753",11,1,10,20,0.0909090909090909,0.5
"linear_dense_n300_t01_r0039","linear","dense","teaching_fixed",300,1000,1.3,39,17651990,"ASHMED_Adaptive",0.05,"ok",FALSE,2.73000000000002,"","","900798fe2e4d06834609d4cfc31fb9b4",146,11,135,200,0.0753424657534247,0.675
"confounded_dense_n300_t01_r0039","confounded","dense","teaching_fixed",300,1000,1.3,39,56862543,"ASHMED_Adaptive",0.05,"ok",FALSE,0.639999999999986,"","","156d8f4a48a9e57e02dd5a95af6ddf9f",153,10,143,200,0.065359477124183,0.715
"binary_dense_n300_t01_r0039","binary","dense","teaching_fixed",300,1000,1.3,39,224552440,"ASHMED_Adaptive",0.05,"ok",FALSE,3.76000000000005,"","","34a0725e8c0fa9a11e61ff1ba2c58c30",131,5,126,200,0.0381679389312977,0.63
"linear_sparse_n300_t02_r0039","linear","sparse","teaching_fixed",300,1000,1.5,39,82110668,"ASHMED_Adaptive",0.05,"ok",FALSE,3.82999999999998,"","","03e3c0326593b15433ea7a2ee0197a1a",9,0,9,20,0,0.45
"confounded_sparse_n300_t02_r0039","confounded","sparse","teaching_fixed",300,1000,1.5,39,154264809,"ASHMED_Adaptive",0.05,"ok",FALSE,0.95999999999998,"","","0cbdffd3b9a866f2217eac8c6a0de609",14,0,14,20,0,0.7
"binary_sparse_n300_t02_r0039","binary","sparse","teaching_fixed",300,1000,1.5,39,9973368,"ASHMED_Adaptive",0.05,"ok",FALSE,1.06999999999999,"","","ef276193f8ed83209f550f9db45cbd95",9,1,8,20,0.111111111111111,0.4
"linear_dense_n300_t02_r0039","linear","dense","teaching_fixed",300,1000,1.5,39,185823717,"ASHMED_Adaptive",0.05,"ok",FALSE,0.71999999999997,"","","94e10eb850c49aafa5c8a2d09e8dc16f",144,8,136,200,0.0555555555555556,0.68
"confounded_dense_n300_t02_r0039","confounded","dense","teaching_fixed",300,1000,1.5,39,3462728,"ASHMED_Adaptive",0.05,"ok",FALSE,1.31999999999999,"","","9835dea4e65e9ffb37f5de66c646e9d2",165,5,160,200,0.0303030303030303,0.8
"binary_dense_n300_t02_r0039","binary","dense","teaching_fixed",300,1000,1.5,39,30333219,"ASHMED_Adaptive",0.05,"ok",FALSE,1.29999999999995,"","","28a06b45fe393851d16c73b7631a3683",151,6,145,200,0.0397350993377483,0.725
"linear_sparse_n300_t03_r0039","linear","sparse","teaching_fixed",300,1000,1.9,39,101258048,"ASHMED_Adaptive",0.05,"ok",FALSE,0.730000000000018,"","","9796ca4cc6ee72f711925bee6d5ed9b4",19,1,18,20,0.0526315789473684,0.9
"confounded_sparse_n300_t03_r0039","confounded","sparse","teaching_fixed",300,1000,1.9,39,188553988,"ASHMED_Adaptive",0.05,"ok",FALSE,0.949999999999989,"","","b8c0ac3076461d9ffdf9ffb10732273c",16,0,16,20,0,0.8
"binary_sparse_n300_t03_r0039","binary","sparse","teaching_fixed",300,1000,1.9,39,40294812,"ASHMED_Adaptive",0.05,"ok",FALSE,1.15999999999997,"","","9809ad6cecccba4117b3f4fee564d74f",20,0,20,20,0,1
"linear_dense_n300_t03_r0039","linear","dense","teaching_fixed",300,1000,1.9,39,236011813,"ASHMED_Adaptive",0.05,"ok",FALSE,2.73000000000002,"","","cf9522cb37f4b7af6e4f433bdb71fd4d",203,13,190,200,0.0640394088669951,0.95
"confounded_dense_n300_t03_r0039","confounded","dense","teaching_fixed",300,1000,1.9,39,176977191,"ASHMED_Adaptive",0.05,"ok",FALSE,1.32999999999998,"","","f16e1fab915a7aeff0bbb1543829851d",202,12,190,200,0.0594059405940594,0.95
"binary_dense_n300_t03_r0039","binary","dense","teaching_fixed",300,1000,1.9,39,112629871,"ASHMED_Adaptive",0.05,"ok",FALSE,10.6,"","","9934e5afe2620e2b512b6ec6f7859ce0",201,11,190,200,0.054726368159204,0.95
"linear_sparse_n300_t01_r0040","linear","sparse","teaching_fixed",300,1000,1.3,40,265345630,"ASHMED_Adaptive",0.05,"ok",FALSE,2.31999999999999,"","","1ead3ac1e0cb73d29a5583df2840bcb6",10,1,9,20,0.1,0.45
"confounded_sparse_n300_t01_r0040","confounded","sparse","teaching_fixed",300,1000,1.3,40,203569940,"ASHMED_Adaptive",0.05,"ok",FALSE,1.53000000000003,"","","7447ff1c810f6a7ccb10a2886ec15f28",2,0,2,20,0,0.1
"binary_sparse_n300_t01_r0040","binary","sparse","teaching_fixed",300,1000,1.3,40,192811058,"ASHMED_Adaptive",0.05,"ok",FALSE,1.11000000000001,"","","69847dd93967ad84e05c422a99bb295b",11,2,9,20,0.181818181818182,0.45
"linear_dense_n300_t01_r0040","linear","dense","teaching_fixed",300,1000,1.3,40,184885224,"ASHMED_Adaptive",0.05,"ok",FALSE,3.14000000000004,"","","5bc3a52e1f50b7fe62c6f5ede29d66f4",130,5,125,200,0.0384615384615385,0.625
"confounded_dense_n300_t01_r0040","confounded","dense","teaching_fixed",300,1000,1.3,40,212256198,"ASHMED_Adaptive",0.05,"ok",FALSE,0.799999999999955,"","","108accf5cfc677604602e8f2c6a6866f",131,6,125,200,0.0458015267175573,0.625
"binary_dense_n300_t01_r0040","binary","dense","teaching_fixed",300,1000,1.3,40,55621251,"ASHMED_Adaptive",0.05,"ok",FALSE,0.970000000000027,"","","e881aab678bc420e33f577029d3791c1",141,10,131,200,0.0709219858156028,0.655
"linear_sparse_n300_t02_r0040","linear","sparse","teaching_fixed",300,1000,1.5,40,13969392,"ASHMED_Adaptive",0.05,"ok",FALSE,0.830000000000041,"","","dd2c73e92187cfba1dbd70ff0c12dc27",14,0,14,20,0,0.7
"confounded_sparse_n300_t02_r0040","confounded","sparse","teaching_fixed",300,1000,1.5,40,170030139,"ASHMED_Adaptive",0.05,"ok",FALSE,1.13999999999999,"","","775fe7b30fe8617d289dc5b96a5cfec9",11,1,10,20,0.0909090909090909,0.5
"binary_sparse_n300_t02_r0040","binary","sparse","teaching_fixed",300,1000,1.5,40,262323234,"ASHMED_Adaptive",0.05,"ok",FALSE,1.40000000000003,"","","2c37f6f6708023abf473d1f7fefa1f92",11,0,11,20,0,0.55
"linear_dense_n300_t02_r0040","linear","dense","teaching_fixed",300,1000,1.5,40,59966723,"ASHMED_Adaptive",0.05,"ok",FALSE,0.910000000000025,"","","9571ba3e8df613702913c5b1a7022e17",161,4,157,200,0.0248447204968944,0.785
"confounded_dense_n300_t02_r0040","confounded","dense","teaching_fixed",300,1000,1.5,40,189865381,"ASHMED_Adaptive",0.05,"ok",FALSE,1.27000000000004,"","","7fa31b96b8ccd708313583f0d95cdaaa",178,8,170,200,0.0449438202247191,0.85
"binary_dense_n300_t02_r0040","binary","dense","teaching_fixed",300,1000,1.5,40,45252646,"ASHMED_Adaptive",0.05,"ok",FALSE,1.02999999999997,"","","e6c68411a2d66be00beecfa46d03ed45",151,5,146,200,0.033112582781457,0.73
"linear_sparse_n300_t03_r0040","linear","sparse","teaching_fixed",300,1000,1.9,40,129436874,"ASHMED_Adaptive",0.05,"ok",FALSE,0.729999999999961,"","","09b2ea70149354e58341592b7f9fa1a2",17,0,17,20,0,0.85
"confounded_sparse_n300_t03_r0040","confounded","sparse","teaching_fixed",300,1000,1.9,40,65599896,"ASHMED_Adaptive",0.05,"ok",FALSE,0.75,"","","68a67f2655e62faa459ea015fc72a310",16,1,15,20,0.0625,0.75
"binary_sparse_n300_t03_r0040","binary","sparse","teaching_fixed",300,1000,1.9,40,130396363,"ASHMED_Adaptive",0.05,"ok",FALSE,1.23000000000002,"","","a7d27055455ebf209a4198549cb41539",15,0,15,20,0,0.75
"linear_dense_n300_t03_r0040","linear","dense","teaching_fixed",300,1000,1.9,40,97975652,"ASHMED_Adaptive",0.05,"ok",FALSE,0.939999999999998,"","","3b4a2aa5071c838d9d09cee3f0aa95e0",191,10,181,200,0.0523560209424084,0.905
"confounded_dense_n300_t03_r0040","confounded","dense","teaching_fixed",300,1000,1.9,40,133637374,"ASHMED_Adaptive",0.05,"ok",FALSE,1.69999999999999,"","","5b9ea1a3c8ddce4bec721350b255d491",199,13,186,200,0.0653266331658292,0.93
"binary_dense_n300_t03_r0040","binary","dense","teaching_fixed",300,1000,1.9,40,16672684,"ASHMED_Adaptive",0.05,"ok",FALSE,1.25,"","","d84f82db5addc8e1004c80f8751c2000",206,12,194,200,0.058252427184466,0.97
