"pathway_id","alpha_hat","beta_hat","se_alpha","se_beta","H00","H10","H01","H11","lfdr","reject","alpha_mean","alpha_sd","beta_mean","beta_sd","alpha_beta_cov","mediation_mean","mediation_sd","truth_state","truth_alpha","truth_beta"
"pathway_0001",0.647282408401032,-0.0205795648400193,0.187437736094776,0.0632805460822571,0.00329513587647385,0.955226421247962,0.00207182639135401,0.0394066164842101,0.96059338351579,FALSE,0.502554759385512,0.171330401761356,-0.000917736560604245,0.0134764742994068,-0.000101498444249514,-0.000562711320643267,0.00873925029140804,"H10",0.510559090347062,0
"pathway_0002",-0.0417475054080089,-0.886965165240622,0.221393951097114,0.0546826182772111,8.380958683505e-57,2.78631043236704e-56,0.966268613153323,0.0337313868466772,0.966268613153323,FALSE,-0.000164066275078402,0.0402036037747816,-0.87468499010899,0.0543076331236002,-4.71788891842837e-06,0.000138788419275742,0.0350773489222479,"H01",0,-0.883750122913933
"pathway_0003",-0.244577350446312,0.0795630544105661,0.210029145114294,0.0578096085770778,0.129288287947442,0.670206669745122,0.179436299892105,0.0210687424153307,0.978931257584669,FALSE,-0.124705264631427,0.171790764426398,0.0157150452777419,0.0405492066584471,0.00155552972304732,-0.000404219157008338,0.00451153438353062,"H00",0,0
"pathway_0004",0.358752933254224,-0.0283932257717864,0.20122585144637,0.0585008768953407,0.0846288575139911,0.84843934089682,0.0525136569242258,0.0144181446649633,0.985581855335037,FALSE,0.232220091695839,0.186778185470192,-0.00188327582127616,0.0165736379371252,0.000289022251074425,-0.000148312232830882,0.00315460116777376,"H10",0.502972667836035,0
"pathway_0005",0.42631007938791,-0.892575241967014,0.205444405826414,0.059200919129963,3.50808792707168e-49,5.34711308768675e-48,0.730343293297962,0.269656706702038,0.730343293297962,FALSE,0.121085277959807,0.225536694132802,-0.87738356897956,0.0587024874494404,0.000262044711804077,-0.105976188615453,0.198014721993481,"H11",0.382422643457803,-0.938800969415308
"pathway_0006",0.00998176871979457,0.0201462633722256,0.212790948404118,0.0588969613475938,0.207532128104609,0.662777007632365,0.122285974135738,0.00740489012728775,0.992595109872712,FALSE,0.00485911876909226,0.148590757464958,0.00257039111946498,0.0220669913313473,-1.21347260301734e-05,3.55109702326923e-07,0.00111528217365632,"H00",0,0
"pathway_0007",-0.112401430294074,-0.0728721932634417,0.219268139261883,0.0544525449526718,0.169111992439748,0.605492345994111,0.210623893598831,0.0147717679673098,0.98522823203269,FALSE,-0.0500565391446619,0.151573344631917,-0.0161932320558744,0.0394995563520114,-0.00069965681370318,0.000110920340580289,0.00261471277473654,"H00",0,0
"pathway_0008",0.585218816787303,-0.0140326625526522,0.201021049303463,0.0617054073221384,0.0131226413687148,0.950180586611269,0.00783858476706358,0.028858187252953,0.971141812747047,FALSE,0.431759314123502,0.185299589359281,-0.00055685395996223,0.0120352320122034,-2.1114076318151e-05,-0.0002615409601384,0.00650776577245156,"H10",0.491211622771212,0
"pathway_0009",0.376438333761637,0.0990155122998586,0.212034663640963,0.0576452754274893,0.0716753778774396,0.716114958557641,0.166880085884052,0.0453295776808669,0.954670422319133,FALSE,0.212219768454671,0.199590335946578,0.0206240966980697,0.0476744471587962,-0.002794778125218,0.0015820629006331,0.00984146776569259,"H10",0.548456580942288,0
"pathway_0010",-0.341578505415824,-0.794808361383445,0.224894744999388,0.0562346131369391,3.03994305263171e-43,2.267222798544e-42,0.909671937318295,0.0903280626817055,0.909671937318295,FALSE,-0.0271314307086512,0.108968585197354,-0.782894997097629,0.0558297629988606,-0.000124528206308639,0.0211165331595953,0.0850262781051645,"H01",0,-0.769867556990601
"pathway_0011",0.0348992715183298,-0.044077141041584,0.209698927863818,0.0605452485832788,0.200967843776918,0.640959882704853,0.149061126467544,0.00901114705068493,0.990988852949315,FALSE,0.0166561768982594,0.14532482792254,-0.00684957251063415,0.0286262699195491,9.8957119560096e-05,-1.51305718544811e-05,0.00147863033243007,"H00",0,0
"pathway_0012",-0.0600221912251961,-0.733163278552892,0.202709458476127,0.0545191767663231,3.43563238097266e-39,1.09300926648477e-38,0.962336656443594,0.0376633435564058,0.962336656443594,FALSE,-0.00127584175710483,0.0394898857414329,-0.723056555934509,0.0541460659978716,-7.9316038744077e-06,0.000914574142935245,0.0284996833214976,"H01",0,-0.693475452204509
"pathway_0013",0.156684074069827,0.0600630036392765,0.217149174814274,0.0544498446018588,0.169092600809845,0.65974610644317,0.158654678878415,0.0125066138685696,0.98749338613143,FALSE,0.0759268017915865,0.160277547712514,0.0101327602907513,0.0315847592440955,-0.000660203761916854,0.000109144320280682,0.00232470550978932,"H00",0,0
"pathway_0014",-0.437464705732661,0.0645713244751949,0.208503458867184,0.057626726311926,0.0546332134647857,0.861296910551825,0.055197349178735,0.0288725268046538,0.971127473195346,FALSE,-0.288452169361798,0.198163182311389,0.00537168758952155,0.024266522451328,0.000743845563698884,-0.000805629374632454,0.00697009361630224,"H00",0,0
"pathway_0015",0.0505112179485767,-0.0761338838501694,0.22195743910004,0.0528451997693291,0.171460556989138,0.574336010895089,0.238768568679382,0.0154348634363907,0.984565136563609,FALSE,0.0213271776152076,0.145172388240264,-0.0191027052783554,0.0420860373402087,0.000344958068543581,-6.2448719858867e-05,0.00256787259935671,"H00",0,0
"pathway_0016",0.346802215741698,-0.040470064124338,0.205822944438721,0.055723077478341,0.0932988374375289,0.827795395688986,0.0637348476996202,0.0151709191738653,0.984829080826135,FALSE,0.216917420446039,0.188075633260277,-0.003158662093761,0.0189151498199426,0.000473250964511116,-0.000211917868928205,0.00336229363177586,"H00",0,0
"pathway_0017",-0.00289103780697644,0.00539842558857991,0.199424967954044,0.0602864215553128,0.215230053565202,0.65479731075636,0.122988483798429,0.00698415188000905,0.993015848119991,FALSE,-0.00143991143636368,0.14068415227591,0.000689860555418806,0.0216237994508072,4.73181091132891e-08,-9.46019994130451e-07,0.000988496820372505,"H00",0,0
"pathway_0018",0.333860394639553,-0.0180018544186014,0.226534216677971,0.0527735872161158,0.114240437923857,0.814081563115291,0.060402477740994,0.0112755212198577,0.988724478780142,FALSE,0.193606321360483,0.194395631465883,-0.00128169501271308,0.0147725944964722,0.000178797298843797,-6.93469576736603e-05,0.00233902687114862,"H10",0.492633461162349,0
"pathway_0019",-0.099403601238606,-0.741866755325958,0.214890312685257,0.0556128848459986,1.46736270841148e-38,5.09365765057465e-38,0.959079900288761,0.040920099711239,0.959079900288761,FALSE,-0.00282055760518529,0.0451145271639625,-0.731216400257542,0.0552172858041937,-1.46129260414373e-05,0.00204782505274118,0.0329119502606955,"H01",0,-0.720482491224097
"pathway_0020",0.688754446259571,-0.40099915902093,0.207046295955643,0.0588715111475683,1.37533718869777e-11,2.51483639468214e-09,0.0628961163891622,0.937103881082248,0.062896118917752,TRUE,0.64581546103368,0.259538562434576,-0.394593935020449,0.0582624764408028,-0.000112704121646823,-0.254947568187972,0.110446921936529,"H11",0.531107311096506,-0.501188092738559
"pathway_0021",0.327794590401427,-0.746519906788931,0.227524976740515,0.0538506372128813,1.14298915358531e-41,7.88415747580028e-41,0.873477307702358,0.126522692297642,0.873477307702358,FALSE,0.0445112342353688,0.14166800713347,-0.736300343292506,0.0534830367936554,7.70163465205129e-05,-0.0326966207013547,0.104389472834082,"H11",0.574719781309334,-0.756729238203637
"pathway_0022",-0.278019259822877,-0.0377810592478306,0.202589972915492,0.0595833372608222,0.125251638735177,0.776512400734438,0.0858841639334084,0.0123517965969773,0.987648203403023,FALSE,-0.163888775183234,0.177310510109678,-0.00363875702829613,0.0215505101908027,-0.000476633044808707,0.000119718387748129,0.00257978399931542,"H00",0,0
"pathway_0023",0.222268305748814,0.0768878269114099,0.203181357896222,0.0592001800493909,0.13844578023659,0.665937939151844,0.177493929527814,0.0181223510837522,0.981877648916248,FALSE,0.113803447513843,0.164846119194291,0.0147808379815771,0.0396567425963924,-0.00139306501459337,0.000289045304853659,0.00373398277211503,"H00",0,0
"pathway_0024",-0.0182964990752846,-1.01250976432364,0.200242533348501,0.0643265048498998,2.63577085146336e-53,8.06796109921433e-53,0.973935358022678,0.0260646419773217,0.973935358022678,FALSE,0.000404173885175813,0.0321189538516454,-0.993263301671337,0.0637197757544296,-1.14358821411701e-06,-0.000402594675853177,0.0317792009558378,"H01",0,-0.934384063356933
"pathway_0025",-0.00154329682846785,-0.0384631370422329,0.216315231019583,0.0548544738423284,0.202811308604882,0.654908066846791,0.134043668334162,0.00823695621416471,0.991763043785835,FALSE,-0.000725652044342299,0.149578182040918,-0.00539570124373411,0.0244463194674311,-4.86828132217995e-06,-9.52879684004005e-07,0.00128512010186839,"H00",0,0
"pathway_0026",-0.229184767676732,-0.0277447877913463,0.217364202969327,0.056659464267599,0.154077573319875,0.743251191745679,0.0928465766100986,0.00982465832434738,0.990175341675653,FALSE,-0.124132803530418,0.175159725920029,-0.00279949102718437,0.019827128066627,-0.000290450339811805,5.70583298508414e-05,0.00189806959434999,"H00",0,0
"pathway_0027",0.591877970876328,-0.647964307375064,0.206215905249084,0.0629436768095178,9.78571719291295e-24,6.34803664319179e-22,0.22933481752749,0.77066518247251,0.22933481752749,FALSE,0.464578940596926,0.310401936076195,-0.63487295347754,0.0622360600575638,8.47633507365941e-05,-0.2948638407895,0.200231015989151,"H11",0.478817773089412,-0.691772420203844
"pathway_0028",0.560400121444926,-0.775743314226603,0.22323674365934,0.0583862139541245,1.46836899113433e-38,4.46979796181246e-37,0.440404956925104,0.559595043074896,0.440404956925104,FALSE,0.32414253757974,0.331555765801746,-0.762380341608813,0.0578587696536803,0.000247132023038832,-0.246872766506951,0.254052531657297,"H11",0.533623789132501,-0.717201144421904
"pathway_0029",0.0142002711948835,0.0268308121612338,0.196598577155043,0.0634010975499398,0.212533218608094,0.640897926657981,0.138786748484891,0.00778210624903439,0.992217893750966,FALSE,0.00697148282291307,0.137912411867557,0.00385890307640227,0.0257854656036206,-2.5238310766621e-05,1.66396574580387e-06,0.00116844475298172,"H00",0,0
"pathway_0030",0.183475918077219,-0.770871431660375,0.207331704883664,0.0575609706611295,7.62286936349941e-39,3.18236032766055e-38,0.940719133892737,0.0592808661072634,0.940719133892737,FALSE,0.0122828987134593,0.0699370658075351,-0.759000448762598,0.0571200363029309,3.03996992366065e-05,-0.00929232593638454,0.0530640496402652,"H01",0,-0.811851977969555
"pathway_0031",-0.0205180716413742,-0.100568015711992,0.196918366690532,0.0614601621272001,0.15851578932881,0.479612097000567,0.342725699992136,0.019146413678486,0.980853586321514,FALSE,-0.00774614014769655,0.121722278368873,-0.0357535925053229,0.0599763841135274,-0.000247447241843318,2.95050964865466e-05,0.0031273293990339,"H00",0,0
"pathway_0032",0.25644074333926,-0.854746119376171,0.20658621643844,0.0568602697010036,7.75373968126696e-49,4.26924546168224e-48,0.919259748496739,0.0807402515032608,0.919259748496739,FALSE,0.0227296495852198,0.0962246029106474,-0.841833425174615,0.0564347176712344,6.10346108502052e-05,-0.0190735441524941,0.0809510679694338,"H11",0.519052684012069,-0.794652147196444
"pathway_0033",0.3889160061216,-0.755729148280293,0.208719523910628,0.0608436847212015,1.58899667533341e-33,1.78197494272346e-32,0.785306239313293,0.214693760686707,0.785306239313293,FALSE,0.087630114670302,0.193005014521822,-0.742338629436263,0.0603035505591611,0.00017024163236222,-0.0648809775893323,0.143512733070822,"H01",0,-0.707770837152312
"pathway_0034",1.20727681534386,0.0571078145132575,0.202040058088976,0.0575285981657004,2.66321062271607e-07,0.486275274356229,2.35171374142363e-07,0.513724224151335,0.486275775848665,FALSE,1.04457429494605,0.235346096619699,0.0270518611721875,0.0485687038112132,0.00366786937000666,0.0319255481809229,0.0583988310375365,"H10",0.722979939493492,0
"pathway_0035",-0.0620656637620616,-0.814754697635992,0.199608605291235,0.0612013460546528,2.492388044713e-38,7.86707152339117e-38,0.965984491953456,0.0340155080465437,0.965984491953456,FALSE,-0.00115950561173649,0.036989403572897,-0.800669447322965,0.0606761130611791,-9.3965668828131e-06,0.000918984150434117,0.0295277693650894,"H01",0,-0.737663466620398
"pathway_0036",0.136312825678886,0.171424883223959,0.195943683480609,0.0615218892275875,0.0305418363779108,0.110093966185897,0.804689946017505,0.0546742514186873,0.945325748581313,FALSE,0.0183680758154466,0.0836136943258105,0.144697109151357,0.0813746215001843,-0.00149116210821943,0.00116664536294864,0.00957942401830388,"H00",0,0
"pathway_0037",0.412007952484141,-0.904694813732135,0.203813026267756,0.0605072391140877,2.44579972572854e-48,3.43917020549842e-47,0.756380523369071,0.243619476630929,0.756380523369071,FALSE,0.105985903743369,0.211658157514961,-0.888699182727222,0.059979476608282,0.000256969008997771,-0.0939326170283399,0.188170430920056,"H11",0.475817207454229,-0.919488007381916
"pathway_0038",-0.0399440874108068,-0.061311301288383,0.198768344721916,0.0627588715538164,0.196798803820776,0.60631921236526,0.186186617828184,0.0106953659857797,0.98930463401422,FALSE,-0.0185801952317476,0.136432454595946,-0.0118491147015725,0.0365241298919099,-0.000197764366829796,2.23944976487912e-05,0.00178097943658261,"H00",0,0
"pathway_0039",-0.345620208846992,-0.00743468802940148,0.215063735261591,0.0537670256093135,0.102312005503164,0.833829360855777,0.0525179796399099,0.0113406540011491,0.988659345998851,FALSE,-0.211385780311756,0.191224704417119,-0.000458738472544095,0.0136057041782575,-7.34072870333605e-05,2.35635029443958e-05,0.00228020677139314,"H00",0,0
"pathway_0040",-0.167107325630247,-0.708131536335904,0.213906015718961,0.0576578127738101,9.67728267211013e-33,3.8641683813611e-32,0.950975465615008,0.0490245343849922,0.950975465615008,FALSE,-0.00670525670163362,0.0553839333124762,-0.697176142705667,0.0572171851389084,-3.10251815860496e-05,0.0046437198215102,0.0385091768538748,"H01",0,-0.689554057237135
"pathway_0041",0.345747339997137,-0.694111155870447,0.187035748368276,0.0637795521622927,7.64478446241245e-26,8.29497456307671e-25,0.802821896144353,0.197178103855647,0.802821896144353,FALSE,0.0710130794833927,0.165278373694799,-0.680662172262916,0.0631589297582158,0.000145138217871571,-0.0481907787223736,0.112768860658542,"H11",0.479427474171069,-0.749993232369557
"pathway_0042",0.697765159767894,-0.558747052336838,0.213850857465573,0.0534610892131579,5.83021647376028e-25,8.73874527235962e-23,0.075609489104695,0.924390510895305,0.075609489104695,TRUE,0.650793419021797,0.275705523361064,-0.550788266475776,0.0530056582994023,-6.59571497185762e-05,-0.358515336246577,0.156659529523627,"H11",0.542491701074608,-0.517848150775448
"pathway_0043",-0.319380284506994,0.0349336520208891,0.193526933861975,0.0628215074748648,0.0978971040106866,0.820261355430693,0.0675362374038959,0.0143053031547247,0.985694696845275,FALSE,-0.203786265627308,0.179453423588393,0.00281958804067276,0.020150720424578,0.000414545739867433,-0.000160047577548688,0.00315374250540034,"H00",0,0
"pathway_0044",0.503807808292709,-0.829558641724496,0.202413693986423,0.0622994722443178,1.26900566023486e-38,3.91092994380021e-37,0.493025908269739,0.506974091730261,0.493025908269739,FALSE,0.264742420524209,0.297546206597233,-0.813314997796734,0.0616746493383599,0.000334855185561145,-0.214984125979788,0.242962488932158,"H11",0.508131770240552,-0.820160539058732
"pathway_0045",0.377442086246045,-0.0052856859266744,0.21557612437231,0.0545714936368463,0.0880210584625915,0.853797314669597,0.0456292752429545,0.0125523516248568,0.987447648375143,FALSE,0.236422739607819,0.194563400312808,-0.000314719493888322,0.0131282865926469,4.45847271499274e-05,-2.98221178031358e-05,0.00260336780363362,"H00",0,0
"pathway_0046",0.144948002420498,-0.00328510168729589,0.200091062238601,0.0582579189943171,0.188569132423257,0.699828882414227,0.103937839731417,0.00766414543109928,0.992335854568901,FALSE,0.0769954733917196,0.154038028848265,-0.00036393042383429,0.0193345090487835,2.32041294890418e-05,-4.81686577572853e-06,0.00123497114058162,"H00",0,0
"pathway_0047",0.171513812651606,0.0157343997450088,0.208087737681463,0.0566006840194328,0.177654430261587,0.71549453730399,0.0987165299695965,0.00813450246482732,0.991865497535173,FALSE,0.0913442442281692,0.162062132415044,0.00165228685469088,0.0189734796642959,-0.000131459274511656,1.9467619478221e-05,0.00138564431486032,"H00",0,0
"pathway_0048",-0.21588091216724,-0.778010969854272,0.219878271190301,0.0569292329462388,1.95352066546363e-40,8.99138605310866e-40,0.946965893991064,0.0530341060089365,0.946965893991064,FALSE,-0.0095442962120466,0.0642864691353547,-0.76625110452954,0.0565065437670678,-4.53756952387965e-05,0.00726795181919902,0.0490996312784095,"H01",0,-0.782925950540427
"pathway_0049",-0.225304099477458,-0.94945828605358,0.203884673380787,0.0575409585625163,1.04233044481004e-58,5.06830809038029e-58,0.956274389780696,0.0437256102193042,0.956274389780696,FALSE,-0.00823156051100189,0.0571328035489429,-0.934854924555561,0.0571075397707569,-4.60836444423109e-05,0.00764923123604489,0.0531952114937704,"H01",0,-0.894468462685051
"pathway_0050",0.42285264157942,-0.93254380908629,0.199027118262211,0.0629687556388817,2.09355295183448e-47,3.45828752628551e-46,0.72376439826944,0.27623560173056,0.72376439826944,FALSE,0.123063168852349,0.224543164472982,-0.914581196762475,0.0623719668752045,0.000320422119698988,-0.112230838126665,0.205453916101268,"H11",0.523305311290831,-0.944538604400551
"pathway_0051",0.20826296282187,-0.831425847504739,0.219157185895283,0.0544672942525393,2.23751291364496e-50,1.00604034390086e-49,0.936883160600102,0.0631168393998975,0.936883160600102,FALSE,0.0149345703523377,0.079210475833217,-0.81993305831924,0.0540937364116071,3.59928754766724e-05,-0.0122093550681994,0.0649059606490843,"H01",0,-0.875977469422535
"pathway_0052",0.0258487181344752,-0.00636847445254502,0.20477331863477,0.0579374361118149,0.212589361151211,0.66347876960624,0.117054879025649,0.00687699021689928,0.993123009783101,FALSE,0.0128574228496074,0.144694923534365,-0.000777418863754146,0.0203415908066537,8.08527426132432e-06,-1.91032880122403e-06,0.000978101207744154,"H00",0,0
"pathway_0053",-0.216108445750239,-0.0207826417475548,0.201250498211127,0.0559026830278851,0.157935311824627,0.743750149304083,0.0893366554634212,0.00897788340786857,0.991022116592131,FALSE,-0.121821433335102,0.166528436336089,-0.00200811890973451,0.0184311411164875,-0.000207953469270033,3.66784546211467e-05,0.00161365684367538,"H00",0,0
"pathway_0054",-0.032282928632992,0.01898725416557,0.20921609337347,0.0546203904213864,0.210052556537523,0.667865543850752,0.115143886511481,0.00693801310024449,0.993061986899756,FALSE,-0.015987189882369,0.147627187365271,0.00228629361660332,0.019918293320662,3.16032655019123e-05,-4.94814467357306e-06,0.00100073320923864,"H00",0,0
"pathway_0055",-0.232119677608061,-0.579023263717915,0.208687658211064,0.0561030983612346,2.79855668171158e-23,1.38482112550946e-22,0.929211528501749,0.070788471498251,0.929211528501749,FALSE,-0.014619283914767,0.0763254603708987,-0.570451206463066,0.0556946932816693,-5.25370258902917e-05,0.00828705112091463,0.0434806347730987,"H01",0,-0.564470481353964
"pathway_0056",0.272444471694946,-0.0242617006127941,0.198454840429966,0.0643332757100654,0.126637718073348,0.779185956572264,0.0823815292379255,0.0117947961164628,0.988205203883537,FALSE,0.162674508499171,0.174806624640404,-0.00225103162313637,0.0207575101197143,0.000286815788976206,-7.93696739335945e-05,0.00246763779828741,"H00",0,0
"pathway_0057",0.00524979491919412,-0.825013447804407,0.214489216389189,0.0558793453832137,4.01541620479188e-47,1.28900822255749e-46,0.96413001947958,0.0358699805204202,0.96413001947958,FALSE,0.00131010360154163,0.0407541963598651,-0.813088515944468,0.055478417017664,4.87124542564599e-07,-0.00106474306856842,0.0330736727695259,"H01",0,-0.808453136224225
"pathway_0058",-1.41709576914493e-05,0.0435551811831253,0.207956588769417,0.0604839700050293,0.20331726408991,0.638021069910006,0.149810837638793,0.00885082836129068,0.991149171638709,FALSE,-2.05138061745575e-05,0.143571281493377,0.00679303253602588,0.0285527798230957,-1.60765367695245e-06,-1.74700462973394e-06,0.00142228846220614,"H00",0,0
"pathway_0059",0.0531954026796125,-0.717949256107071,0.203283981336586,0.0550311127246583,6.58908152414544e-37,2.08564356067908e-36,0.959405773308241,0.0405942266917587,0.959405773308241,FALSE,0.00311636046549352,0.0432968009930137,-0.707869785779074,0.0546465786004251,4.93852977459953e-06,-0.00220103888534467,0.0306275928189955,"H01",0,-0.776639638086601
"pathway_0060",0.0654021728259811,-0.128441532650452,0.203425717422294,0.059639048473133,0.0994427713345972,0.319029111874006,0.548299839213284,0.0332282775781119,0.966771722421888,FALSE,0.0177588628612871,0.108334258811362,-0.0734630589962172,0.0769270702254886,0.00101393390191631,-0.000290686488168157,0.00539742469168406,"H00",0,0
"pathway_0061",-0.163750070506866,-0.867757008686821,0.204139055175299,0.0535639875165641,1.08749957042811e-56,4.27213513526688e-56,0.96089162039741,0.0391083796025895,0.96089162039741,FALSE,-0.00510543800016866,0.0473116623166871,-0.856190704531522,0.0532120888886669,-2.37648102760701e-05,0.00434746374803033,0.0403816719208169,"H01",0,-0.855002640374444
"pathway_0062",0.530677232532035,-0.884106730331849,0.21511412594096,0.0602836400919833,1.03155241886793e-46,2.96809977819963e-45,0.499883332440829,0.500116667559171,0.499883332440829,FALSE,0.276536208703883,0.314768853742252,-0.867891181019215,0.0597208656915625,0.000357770452490275,-0.239645566314099,0.274022580857229,"H11",0.468506072973843,-0.834889750965067
"pathway_0063",-0.0180422530420346,0.0697879264440599,0.195064265461386,0.0624924820361338,0.1941781268704,0.582829473679316,0.211237942732022,0.0117544567182611,0.988245543281739,FALSE,-0.00820187367099076,0.131488525322986,0.0152809887603779,0.0408501669891469,0.000107923839714947,-1.74088996655025e-05,0.0019406697239119,"H00",0,0
"pathway_0064",0.114308611982485,-0.968443596058915,0.212948365417326,0.0592991738074219,1.77353348986607e-57,6.28513666147763e-57,0.962883629115282,0.0371163708847184,0.962883629115282,FALSE,0.00549803407505625,0.0493120717894489,-0.952713902654994,0.0588217767716389,1.96599955747416e-05,-0.00521839350500223,0.0468794257403215,"H11",0.57612576199325,-0.865917241149401
"pathway_0065",0.635127264733453,-0.0262823423161581,0.196217007412754,0.0553057272893171,0.00607249463532247,0.955909764171364,0.003548876432169,0.034468864761145,0.965531135238855,FALSE,0.480318263177564,0.179031936864176,-0.00103671749282885,0.0118905878837321,-9.54201837284431e-05,-0.000593374529289794,0.0074315491208689,"H10",0.594776031485927,0
"pathway_0066",0.316372467050066,-0.0418793119677464,0.222236653693017,0.0542845609506587,0.117048329747211,0.788535908264652,0.0805842949867965,0.0138314670013398,0.98616853299866,FALSE,0.180620946984647,0.190618433218215,-0.00390883831681429,0.0205145287368423,0.000524220066631243,-0.000181798011761627,0.003061117794368,"H10",0.447891701210039,0
"pathway_0067",-0.0289181630318804,0.0237182757144537,0.205790145210386,0.062265100764762,0.208117472339863,0.652809777246246,0.131308857789818,0.00776389262407287,0.992236107375927,FALSE,-0.0141498027621186,0.144276977129326,0.00323990144609615,0.0243813906867648,3.95248874152651e-05,-6.31907901569833e-06,0.00119431346520667,"H00",0,0
"pathway_0068",-0.136183489539819,-0.0788351552829056,0.207696016106652,0.0571823536563838,0.162652915879023,0.597095536385558,0.224117334569252,0.0161342131661666,0.983865786833833,FALSE,-0.0617902017064093,0.148360358552332,-0.0186449407836599,0.0432771578090493,-0.000991868006949998,0.000160206644876406,0.00293762842197645,"H00",0,0
"pathway_0069",-0.0875166110513412,-0.0142358788674055,0.213705826223144,0.0602937053740264,0.19902182321113,0.676865642155369,0.116440999510425,0.0076715351230764,0.992328464876924,FALSE,-0.0434624921790814,0.153484293994461,-0.00173492333986082,0.0215590743513329,-6.75335473654622e-05,7.87054472454462e-06,0.00121924889839297,"H00",0,0
"pathway_0070",0.631984552468858,-0.00770662133617878,0.213263138607801,0.0609674697693511,0.0123732281977188,0.948323291423117,0.0071769480615785,0.0321265323175853,0.967873467682415,FALSE,0.453569292246275,0.19379256262426,-0.000358618056399714,0.0120885108481769,-3.01043372637437e-05,-0.000192762475291697,0.00715604777464253,"H10",0.59221144359393,0
"pathway_0071",0.0741277837947525,-0.721277604774406,0.213349092632567,0.0521953006480741,2.18023996999496e-41,7.2815803994289e-41,0.956100647699666,0.0438993523003341,0.956100647699666,FALSE,0.00437991999875925,0.0487186629917043,-0.712148347652416,0.0518666620220188,6.89005768022069e-06,-0.00311226273228595,0.034678717560277,"H01",0,-0.699402423249801
"pathway_0072",0.223945310579428,-0.644678178160508,0.215016677833267,0.0576411354842922,3.00432225737598e-27,1.42758903475225e-26,0.920435567555426,0.0795644324445736,0.920435567555426,FALSE,0.0193920193547212,0.0891592530743886,-0.63468394946687,0.0571944427980345,3.48041778499199e-05,-0.0122729992543425,0.0566741562461005,"H01",0,-0.6571283111505
"pathway_0073",0.505456655055041,-0.735100646709774,0.201394884976969,0.0606069928043457,3.16159802222041e-32,1.0150644563247e-30,0.464197044040772,0.535802955959228,0.464197044040772,FALSE,0.27888739545424,0.297831397815555,-0.72148397996313,0.0600208348593424,0.00024567698107078,-0.200967111052805,0.216104544105451,"H11",0.410410371471352,-0.736989846760097
"pathway_0074",-0.0386111941586263,-0.0516704847031824,0.214788022704752,0.0585142748260299,0.195627861751802,0.635850148399456,0.158709748367415,0.00981224148132744,0.990187758518672,FALSE,-0.01804400345407,0.147519480041036,-0.0085677122571417,0.0304957170298967,-0.000138131400801027,1.64644287603166e-05,0.00163697137129755,"H00",0,0
"pathway_0075",0.175004991929819,-0.0407539902111731,0.217950841888044,0.0537925552216727,0.171800946929464,0.70228747667256,0.116010798799613,0.00990077759836298,0.990099222401637,FALSE,0.0895558033619674,0.166039328207328,-0.00506578449056303,0.0231848989986279,0.000383352976572573,-7.03174231383938e-05,0.0018467217251712,"H00",0,0
"pathway_0076",0.117697432721963,-0.0156050029023185,0.201026891772949,0.0622635805742155,0.195120068583616,0.678636375820734,0.118229079746491,0.00801447584915926,0.991985524150841,FALSE,0.0605562915119961,0.149904146546509,-0.0019374995556205,0.0225070168933656,0.000101773004189854,-1.55547837046641e-05,0.00131253661645468,"H00",0,0
"pathway_0077",0.446742924475091,-0.718591843209924,0.205451944503156,0.0582807916308807,3.76015862826404e-33,6.69815145024982e-32,0.653375352290878,0.346624647709122,0.653375352290878,FALSE,0.16049116715494,0.250787269000808,-0.706632367305927,0.0577864909081259,0.000201704969371747,-0.113206548409014,0.177791845297449,"H11",0.494278716954976,-0.774410572082676
"pathway_0078",-0.217641724895501,-0.909937380794705,0.203918236482454,0.0601909680316104,2.62921531226645e-49,1.24028125375666e-48,0.955046044930363,0.0449539550696366,0.955046044930363,FALSE,-0.00818839266843769,0.0570739159323052,-0.894638380806131,0.0596945331739902,-4.83229621762041e-05,0.00727732739611969,0.0508437809324109,"H01",0,-0.965317203356284
"pathway_0079",-0.0583185765286895,0.0330941126566784,0.208423738050393,0.0548960800003173,0.204337588989117,0.660964452053165,0.126871497501792,0.00782646145592591,0.992173538544074,FALSE,-0.0286953270498314,0.147572179560293,0.00439616885368803,0.0228990931038789,0.000110402758916273,-1.57467441065877e-05,0.00120572658409018,"H00",0,0
"pathway_0080",-0.00455451220223548,-0.983283095612077,0.214619396999598,0.0555746832653244,1.7842747709037e-67,5.72998588631908e-67,0.970910847253534,0.0290891527464663,0.970910847253534,FALSE,0.000960041419037735,0.036631047764175,-0.969252096660084,0.0551818477201793,7.35097485330544e-07,-0.000929787060797517,0.035409676793562,"H01",0,-0.913594107745903
"pathway_0081",0.85988214238922,-0.0661736086034689,0.200103032580205,0.0592207838014045,0.000278818710289073,0.851805680511951,0.000288227588859175,0.147627273188901,0.852372726811099,FALSE,0.673033124668979,0.191675385910898,-0.009949483152246,0.0328335883662977,-0.00172182191636192,-0.00841815365115941,0.0286350025694762,"H10",0.598164081891051,0
"pathway_0082",0.0342825476370525,0.0802727168199089,0.212334561387696,0.0586274069254529,0.175617063180706,0.56484867640372,0.244672521471793,0.0148617389437807,0.985138261056219,FALSE,0.0144983865633328,0.138847325838732,0.020498779096931,0.0455703171514886,-0.000263428533306797,3.37706901168742e-05,0.00252282824933787,"H00",0,0
"pathway_0083",0.211998985002397,-0.0349619114116687,0.216549788467817,0.053349967938211,0.160184886910746,0.730020854410815,0.0999097208438522,0.00988453783458704,0.990115462165413,FALSE,0.113087798672005,0.17187404622901,-0.00379202703105089,0.0206129392451133,0.000355823177152511,-7.30088122937724e-05,0.00189036705958392,"H00",0,0
"pathway_0084",0.164831664154298,-0.0175468519362245,0.209830545615354,0.0567939354004376,0.179704117850743,0.711021116483331,0.101092118732302,0.00818264693362409,0.991817353066376,FALSE,0.0868778521076636,0.161762804902796,-0.00189204608259651,0.0193991035569329,0.00014001439459758,-2.43625051471238e-05,0.00140828047197585,"H00",0,0
"pathway_0085",-0.124122710198415,-0.639759908485867,0.201244420351704,0.0616078817045309,1.60137200074223e-23,5.65253404563548e-23,0.954220037317056,0.0457799626829435,0.954220037317056,FALSE,-0.00459528733606645,0.0475298600479081,-0.628500866570613,0.0610697475948445,-2.30386727448832e-05,0.00286510340011384,0.0298125713291735,"H01",0,-0.607881200824858
"pathway_0086",-0.27974321817877,0.0577259949023817,0.220749916384971,0.0519248442170447,0.127847914393346,0.740435022738431,0.115635105462378,0.0160819574058449,0.983918042594155,FALSE,-0.15140396582276,0.183961936607068,0.00751583211225045,0.0268875958664775,0.000881631097213175,-0.000256295691039596,0.00344556930939043,"H00",0,0
"pathway_0087",-0.114730976642343,-0.768820778253277,0.205020277863817,0.0623106374676838,5.49888462580053e-33,1.91708546357041e-32,0.960492669003194,0.0395073309968059,0.960492669003194,FALSE,-0.00339078933327122,0.0436752786924667,-0.755020338715502,0.061756277701198,-2.06630512594001e-05,0.00253945185965995,0.0328684734949566,"H01",0,-0.799128543727016
"pathway_0088",-0.00310447288534307,-0.0381079975382383,0.211131961665364,0.0590063596944571,0.204142990803789,0.647794078453884,0.139683190075823,0.00837974066650391,0.991620259333496,FALSE,-0.00147677114687908,0.146200799225076,-0.00555089504604669,0.0261621619918995,-8.75956759281846e-06,-5.62165949462685e-07,0.0013250463125925,"H00",0,0
"pathway_0089",0.765399336881688,-0.81607509316741,0.218159582730934,0.0549833264729703,4.73940583519668e-49,1.25038678877503e-46,0.0367425868658849,0.963257413134115,0.0367425868658849,TRUE,0.751835395356714,0.257658440471854,-0.803140099218769,0.0544841587841012,-6.7605378100688e-05,-0.603896759401074,0.211753154609867,"H11",0.502338294799427,-0.795956571701724
"pathway_0090",0.221882407756994,0.0432010988864687,0.204538683264376,0.0620837077671378,0.151273815791739,0.724762611923366,0.112421400986349,0.0115421712985456,0.988457828701454,FALSE,0.121484071197783,0.16800990898833,0.00525024472253023,0.0257674393643072,-0.000535882852883306,0.000101938250794339,0.00234279490088968,"H00",0,0
"pathway_0091",0.317101445784664,-0.0973397220075346,0.223665390458244,0.0525557680790896,0.0919036223826932,0.616660091402844,0.24848955853702,0.0429467276774435,0.957053272322556,FALSE,0.151160339264677,0.189585066630432,-0.0280232601715711,0.0519961931860883,0.00293172452678398,-0.001304280988053,0.00865457428473502,"H10",0.52283666618529,0
"pathway_0092",0.544626226996317,-0.0210700087802335,0.220414672773869,0.0567755473141645,0.0323649012528637,0.925836713356731,0.0185839656598396,0.0232144197305661,0.976785580269434,FALSE,0.370499360448048,0.20225039186262,-0.000899040330691376,0.0122859247876105,5.64613668544635e-05,-0.000276632500683693,0.00530747267487868,"H10",0.580088077082432,0
"pathway_0093",0.633543921162434,-0.0857315479135428,0.211106603976246,0.0575218996400236,0.0105266270931905,0.884643322433547,0.0170817813436327,0.0877482691296297,0.91225173087037,FALSE,0.462544001049654,0.201746639057893,-0.00896689371686546,0.0320441904654381,-0.000554801734506102,-0.00470238463129205,0.0195505978344273,"H10",0.491534941221802,0
"pathway_0094",-0.0999136507629641,-0.0729207659044167,0.212894584111399,0.0601081013993631,0.175264904190307,0.60592738250385,0.205112993094092,0.0136947202117509,0.986305279788249,FALSE,-0.0451457115047688,0.147496019277326,-0.0156830031763645,0.040686261329385,-0.000617380229483164,9.06401074453626e-05,0.00249353141197212,"H00",0,0
"pathway_0095",0.0812786249982996,-0.634634716106252,0.203452738978861,0.0615784294801792,3.54448521559145e-23,1.16121208442019e-22,0.953543718845798,0.0464562811542016,0.953543718845798,FALSE,0.00471011827804926,0.0483851207574345,-0.623503521966742,0.0610392725493336,8.58951756453879e-06,-0.0029281858176791,0.0301882710438958,"H01",0,-0.572122034166968
"pathway_0096",0.260479603618834,-0.040407236129679,0.211198257767748,0.0540510800736236,0.137401009705896,0.758274886528777,0.0925261004779592,0.0117980032873678,0.988201996712632,FALSE,0.146705039366503,0.177763491046903,-0.00416440731555638,0.0212002822710813,0.000487619016357663,-0.000123320522809188,0.00241770831786224,"H10",0.601022924217161,0
"pathway_0097",0.225455061467153,-0.0386192099611653,0.212494709171928,0.0557922982830184,0.153081460876814,0.733894322529994,0.102236203485848,0.0107880131073441,0.989211986892656,FALSE,0.12235280447378,0.172258587129334,-0.00430706372897714,0.0221863740632583,0.000433526315600258,-9.34550106873931e-05,0.00214723595592532,"H00",0,0
"pathway_0098",0.509766808646364,-0.81273649640344,0.215669600308652,0.0582393552025466,2.32736994623123e-42,5.58928651954365e-41,0.549601321040939,0.450398678959061,0.549601321040939,FALSE,0.238668460356747,0.300006329581351,-0.798965700784988,0.0577350837634939,0.000282066627845606,-0.190405847056357,0.240444524787328,"H11",0.427836083050159,-0.908642156409745
"pathway_0099",-0.00836898977929667,-0.021936275701681,0.216263077479125,0.0549047303323243,0.207192381990081,0.669286859131164,0.116362468404056,0.00715829047469848,0.992841709525302,FALSE,-0.00407358415480698,0.151019676430409,-0.00267132615696456,0.0204390742027772,-1.05865947469628e-05,2.95277158369475e-07,0.00105914914473172,"H00",0,0
"pathway_0100",0.624454934515575,-0.0523636096029764,0.227673177882306,0.0550596750897043,0.0200229075273962,0.921299696703765,0.0162803730904516,0.0423970226783871,0.957602977321613,FALSE,0.426761768370489,0.208671110811161,-0.00308629626227175,0.0181017517861422,-6.1857252505497e-05,-0.00137897050310782,0.0101442239729161,"H10",0.529769681189094,0
"pathway_0101",0.0420213881095817,-0.566702769071972,0.220318934768958,0.05718868233564,1.74441391893297e-21,5.78133289503118e-21,0.951096618229587,0.0489033817704129,0.951096618229587,FALSE,0.00311859385400497,0.050092038261493,-0.55809908272124,0.0567553765543276,1.2856851601508e-06,-0.00173919868414012,0.0279933182335713,"H01",0,-0.550466410813595
"pathway_0102",-0.00250809577159303,-0.768136048815858,0.211980097694767,0.0597149226885875,7.70391244593903e-36,2.45169829695219e-35,0.962326571743926,0.0376734282560736,0.962326571743926,FALSE,0.000980474125716611,0.0410111915066431,-0.755474713902303,0.0592256443064456,-1.2050931745372e-06,-0.000741928502788904,0.0309262830214766,"H01",0,-0.785275716770049
"pathway_0103",0.0402669406884986,0.064667101783944,0.199107856518466,0.0567248846902214,0.193767228581877,0.597852136659962,0.197039346430735,0.0113412883274267,0.988658711672573,FALSE,0.0184819793002799,0.13579231568088,0.013272290104039,0.0364645171130613,-0.000219650874037907,2.56473169322513e-05,0.00180619320865342,"H00",0,0
"pathway_0104",0.681024380986688,0.0492808229301232,0.209851401249403,0.0545549507857054,0.0063646777280338,0.939271349475135,0.00490986055316326,0.0494541122436681,0.950545887756332,FALSE,0.499874744849088,0.191067060539115,0.00254889328293376,0.0164917444827216,0.000257283872058809,0.00153141125151287,0.0109357551514771,"H10",0.422044329314148,0
"pathway_0105",0.854532785680377,-0.00900916105591349,0.217462223517961,0.0576642049962394,0.00113525232064517,0.924185761622768,0.000625972459672012,0.074053013596915,0.925946986403085,FALSE,0.62718457969176,0.197112398419359,-0.000833012000278725,0.0158729194334567,-0.00017894113218213,-0.000701393413455134,0.0136592242797854,"H10",0.587323755361953,0
"pathway_0106",0.533828423088698,-0.891047509039552,0.198795522275324,0.0565088127386011,4.49297333124056e-54,2.04299873290045e-52,0.38246979593591,0.617530204064091,0.38246979593591,FALSE,0.34158333451814,0.310191280166089,-0.876323113647769,0.0560281509474268,0.000296383239475007,-0.299040988035649,0.272883584420569,"H11",0.443835691036797,-0.860881170620888
"pathway_0107",-0.194180156839427,-0.965150420182587,0.196746913674254,0.0676693827002698,8.41451545900218e-44,3.65922035877827e-43,0.962034921101999,0.0379650788980015,0.962034921101999,FALSE,-0.00607198930062079,0.0487572345188277,-0.944786742696806,0.0669665350575791,-4.71647624267647e-05,0.00568957023059661,0.0458127782410308,"H01",0,-0.849310672122391
"pathway_0108",0.51118428975757,-0.703541456370591,0.220031530608332,0.0533284278766916,5.45100529326488e-38,1.21351332923707e-36,0.549696975508819,0.450303024491181,0.549696975508819,FALSE,0.237678412704677,0.300447234201632,-0.693592362348017,0.0529363553579139,0.000175081281227202,-0.164676850465737,0.209223953380733,"H01",0,-0.688996450323341
"pathway_0109",0.0560823494302473,-0.0927607266167648,0.216375214417808,0.0512856792972501,0.144800308696534,0.479077221838498,0.353671561165686,0.0224509082992816,0.977549091700718,FALSE,0.0205948206566249,0.132491950662769,-0.0344630922925973,0.0542879425857443,0.000587509194179703,-0.00012225201085905,0.00348209366647971,"H00",0,0
"pathway_0110",0.0552309634581591,-0.623104490374112,0.206943030355009,0.0614297824030057,1.81797255623418e-22,5.83531155532689e-22,0.954861105999324,0.0451388940006757,0.954861105999324,FALSE,0.00343681823170114,0.0463063585358941,-0.612228137396138,0.0608946497948349,4.65773551988711e-06,-0.00209945908904359,0.0283660890135944,"H11",0.426940073177423,-0.67533292754956
"pathway_0111",-0.140997491686705,0.0475434143778002,0.210385458923325,0.058653885135937,0.180163751095195,0.671595434994344,0.137916320401335,0.0103244935091261,0.989675506490874,FALSE,-0.0704675996626296,0.156354660887041,0.00693870780339362,0.0279003016655447,0.000419868495668413,-6.9085587997093e-05,0.00191029645430048,"H00",0,0
"pathway_0112",-0.044280982073064,0.103942382019584,0.21700035540896,0.0577118866441594,0.139918317212521,0.45964062407851,0.376812549599479,0.0236285091094899,0.97637149089051,FALSE,-0.0157020907305207,0.129867368534951,0.0409798034816144,0.0618662939175212,0.000526321876958722,-0.000117146715428494,0.00395445599021747,"H00",0,0
"pathway_0113",0.0467465612104861,-0.110587208302549,0.220363325473936,0.0569529323307157,0.12512547445435,0.416021256811321,0.43136362537796,0.0274896433563694,0.972510356643631,FALSE,0.0151898795809626,0.126291464104096,-0.0499794111738174,0.0664213289152109,0.000606052032177679,-0.000153129205080024,0.00453981272833712,"H00",0,0
"pathway_0114",0.114463921186232,0.00888068602316743,0.204968892528463,0.0640703720903092,0.194725512678906,0.678433400640535,0.118778399915489,0.00806268676506958,0.99193731323493,FALSE,0.0582975657603957,0.151515189505131,0.00110181519269688,0.0227838618608495,-5.79121545994e-05,6.32098905264942e-06,0.00132648525886852,"H00",0,0
"pathway_0115",0.211974873399612,-0.0312667843157038,0.216929473284702,0.053659792030875,0.160898910570958,0.733008453757181,0.0965462375210595,0.00954639815080205,0.990453601849198,FALSE,0.113346777878638,0.172182513157479,-0.00327695859685448,0.0197942796477281,0.000308195709330189,-6.32369888649698e-05,0.00180969920907452,"H00",0,0
"pathway_0116",0.101480594232955,0.0215565890675944,0.222084896852094,0.0576181469629836,0.193567591509924,0.685666936598131,0.112892974157419,0.0078724977345265,0.992127502265474,FALSE,0.0499691860097082,0.159369886793257,0.00256075022630047,0.0210345296148155,-0.000112893581505345,1.50650228770653e-05,0.00129259218012943,"H00",0,0
"pathway_0117",0.421831362056479,-0.78027463375868,0.192287135061928,0.0623435446992912,4.41899184567654e-34,8.20150288844899e-33,0.670823641057768,0.329176358942232,0.670823641057768,FALSE,0.14430235420085,0.233228480853408,-0.765432972851295,0.0617466233890861,0.000257970868425522,-0.110195809096972,0.178962882026374,"H11",0.452129543492656,-0.768833069230298
"pathway_0118",0.00595648946409587,-0.760469105610009,0.212902899060971,0.0548540254202334,1.28300680510212e-41,4.09688205091484e-41,0.961726082023971,0.0382739179760294,0.961726082023971,FALSE,0.00131523523723175,0.0417324394095421,-0.749863231810806,0.0544739234211573,-9.46146648990193e-08,-0.00098634116024695,0.0312490252255118,"H01",0,-0.721506554707324
"pathway_0119",-0.207046451930269,0.0631701438997331,0.218183577133294,0.0533553018867258,0.151805788348319,0.680334141194413,0.152999806814602,0.0148602636426666,0.985139736357333,FALSE,-0.103665652600826,0.169077332584707,0.0104687106315608,0.0318550948164986,0.000893029328477514,-0.000192216391032436,0.00298018988156971,"H00",0,0
"pathway_0120",0.129759567310556,-0.792850176313584,0.215624727717336,0.0577196815565514,7.83429215694337e-41,2.87495138558468e-40,0.952068653371906,0.0479313466280939,0.952068653371906,FALSE,0.00754352516410243,0.0575367309685485,-0.780604819591248,0.0572764725782151,1.90203255890859e-05,-0.00586949177421713,0.0448770043596012,"H11",0.571242477362152,-0.706192401256055
"pathway_0121",-0.109980751603723,0.00337527304808428,0.202837890496006,0.0600403622356344,0.198330399966463,0.681550288245746,0.112607325069384,0.00751198671840715,0.992488013281593,FALSE,-0.0565121617491379,0.150291334297906,0.000401086818875426,0.0206619819697149,1.8801453735395e-05,-3.86482944834028e-06,0.00117670524635761,"H00",0,0
"pathway_0122",0.387969810039616,-0.803549698362795,0.205788782994515,0.056446384054321,6.38500245728806e-44,7.37484859988164e-43,0.787614813120659,0.212385186879341,0.787614813120659,FALSE,0.0867515224238456,0.191638028710623,-0.791255750983475,0.0560163498964493,0.000162787781940912,-0.0684798532424988,0.151769309068813,"H11",0.545637849589813,-0.769262785025732
"pathway_0123",-0.129316019001361,0.0607036763763,0.212352453851318,0.0591366790468219,0.176959047888617,0.64499990995371,0.165976402293461,0.0120646398642125,0.987935360135788,FALSE,-0.0620449734851641,0.15378762815278,0.0106357897970181,0.0336854728027729,0.000565368308184236,-9.45289877655299e-05,0.00227365123508796,"H10",0.48364613531976,0
"pathway_0124",-0.0476412405327928,0.0640138359939515,0.204137964458229,0.0555078059045073,0.19121779435736,0.603970986889406,0.193279120417796,0.0115320983354379,0.988467901664562,FALSE,-0.021875504228398,0.139332692409651,0.012923860281421,0.0356437025884905,0.000245977060984333,-3.67388992491166e-05,0.00187040661696816,"H00",0,0
"pathway_0125",-0.181961753687565,-0.522227990224053,0.208640951906496,0.05810359607674,9.16657168611727e-18,3.80930446794456e-17,0.938740951743485,0.0612590482565145,0.938740951743485,FALSE,-0.00976888119631957,0.0638343238652907,-0.513979307251818,0.0576493852275037,-3.57403168767412e-05,0.0049852624730329,0.0327994974800786,"H01",0,-0.533809888457205
"pathway_0126",0.352660779293464,-0.00481337736328624,0.204366266570276,0.060925579081441,0.0905069796439883,0.844190342569046,0.0522116033405498,0.0130910744464154,0.986908925553585,FALSE,0.224925282153806,0.187500051663828,-0.000322807256169156,0.0154767851074636,4.472596857065e-05,-2.78815446044935e-05,0.00277745936161357,"H00",0,0
"pathway_0127",0.640867101517183,0.0209855042256086,0.212007857770989,0.0599895809617187,0.0108126593311785,0.94871364685128,0.00650443659525566,0.0339692572222864,0.966030742777714,FALSE,0.462682826207597,0.192562897523841,0.000767029599355653,0.0125135706680332,3.70984475550087e-05,0.000391989870369763,0.0075504297759499,"H10",0.543571067792799,0
"pathway_0128",-0.114410843674723,-0.665469414222407,0.212373928220263,0.0570264208501182,1.31168097472124e-29,4.6435306155046e-29,0.954844790300086,0.0451552096999143,0.954844790300086,FALSE,-0.00393706511586669,0.0481818461703905,-0.655413888010528,0.0565991304142562,-1.85342016161302e-05,0.00256187295332468,0.0315182980777947,"H01",0,-0.685729226250713
"pathway_0129",0.0812732058065486,0.0775045463624007,0.209387683310393,0.0573214966098217,0.173924301509287,0.579574293820568,0.231777516227732,0.0147238884424138,0.985276111557586,FALSE,0.0355535162258738,0.141666526346888,0.0188091101268187,0.0433471865362512,-0.000584832700954103,8.38973011339919e-05,0.0025288017961489,"H00",0,0
"pathway_0130",0.0574353450965842,-0.802238263274854,0.215792834971657,0.0549567847596986,4.31226800028876e-46,1.42589804105883e-45,0.960444101062581,0.0395558989374193,0.960444101062581,FALSE,0.00344492111155466,0.0457174484464552,-0.791009088592084,0.0545746523971312,6.673210323529e-06,-0.00271829069839895,0.0361168662859951,"H01",0,-0.882798271635264
"pathway_0131",0.386179433257956,0.0173110382702478,0.204625398107116,0.0576725283659237,0.0749779671675598,0.8681385917487,0.0427075821018411,0.0141758589818988,0.985824141018101,FALSE,0.25338886940496,0.190160356816701,0.000953468210968461,0.0141837968629719,-0.000158025629654204,8.35726023366643e-05,0.0030186946575917,"H10",0.541103509523441,0
"pathway_0132",-0.181690003454204,0.0665054967275649,0.207414435392639,0.0571284503649887,0.158857200280475,0.65950963975952,0.16716510956352,0.0144680503964853,0.985531949603515,FALSE,-0.0906242151446881,0.159547509117299,0.0119017537530588,0.034956284272865,0.000905461901251741,-0.000173125191464555,0.00285848739280641,"H00",0,0
"pathway_0133",0.0709811319437528,0.0564357305558957,0.199061836837383,0.0563826498244903,0.195629102027144,0.62333644991045,0.170785765802851,0.0102486822595547,0.989751317740445,FALSE,0.0338876278754122,0.139982531971272,0.0100635486253339,0.0320177557495064,-0.000303763178077813,3.72666128436187e-05,0.00165190343076524,"H00",0,0
"pathway_0134",0.213300143551292,0.00255314096448293,0.208673466511905,0.055675252785709,0.161531159779077,0.744941773575648,0.0850999725245226,0.00842709412075228,0.991572905879248,FALSE,0.11809715483516,0.169411901688314,0.000230687277431857,0.0169172575568764,-2.47392509326566e-05,2.50426018871491e-06,0.00148764634858272,"H00",0,0
"pathway_0135",-0.10830427364394,-0.73778639994394,0.21069573593395,0.0572662463901346,5.57560884197378e-36,1.94489283142632e-35,0.958880759094086,0.0411192409059139,0.958880759094086,FALSE,-0.00324756485793272,0.0450941174720496,-0.72656328873818,0.0568345845520036,-1.68877593207913e-05,0.00234267364424935,0.0326816698834775,"H01",0,-0.815951752540731
"pathway_0136",-0.376813969509828,0.0408627038455938,0.213695869515266,0.0540358838282367,0.0853677019490538,0.840504102518674,0.0578404522187147,0.0162877433135568,0.983712256686443,FALSE,-0.234944596538676,0.194558300370793,0.00300053791103273,0.0180500508118325,0.000455548462105118,-0.00024941170680147,0.00367877248620538,"H00",0,0
"pathway_0137",-0.0411228666060423,-0.0110925638047363,0.206818924685408,0.0601737208184682,0.209048976246393,0.662939678533016,0.120768918571804,0.00724242664878693,0.992757573351213,FALSE,-0.0203431029935431,0.146175642710826,-0.001395173878404,0.0216556725920278,-2.62076704846238e-05,2.17449541764972e-06,0.00107287759534,"H00",0,0
"pathway_0138",0.226288324410372,-0.0418975414101921,0.207946615321309,0.0650767827848346,0.14978053429683,0.725633358373909,0.112612826519308,0.0119732808099535,0.988026719190046,FALSE,0.123119477922596,0.170167062717555,-0.00512552928801193,0.0264902256761084,0.000518015249618989,-0.000113037240398014,0.00255398744730132,"H00",0,0
"pathway_0139",-0.0782685367584057,0.0157599588024951,0.226138373826811,0.0548513573396254,0.19794583379283,0.687843849055437,0.106921303192894,0.00728901395883883,0.992710986041161,FALSE,-0.0382186969589388,0.160038805536589,0.0017760535030875,0.0190592142537679,5.81511048253995e-05,-9.7273457919633e-06,0.00114337744331009,"H00",0,0
"pathway_0140",-0.332781428724054,-0.813034875368936,0.196521188424683,0.0670912197073288,8.24738082418854e-32,7.32520656148391e-31,0.898169752211135,0.101830247788865,0.898169752211135,FALSE,-0.0306439152923499,0.110201566681947,-0.795725455637553,0.0664078264389404,-0.000194374929556797,0.0241897685289669,0.0872968706010696,"H01",0,-0.790079475848095
"pathway_0141",0.644470394743864,0.00826231293234272,0.208339135490217,0.0598368532223622,0.00909630938156314,0.952477447738177,0.00518787771610613,0.0332383651641537,0.966761634835846,FALSE,0.47084585822844,0.189040028560438,0.000247537130348414,0.0116731268825479,8.79605666564956e-06,0.000125347889247954,0.00719773533253147,"H10",0.640080153366651,0
"pathway_0142",0.51461449656939,0.02689807382649,0.205566530529362,0.060286254705883,0.029551264777738,0.928765243433594,0.0185495782069005,0.0231339135817673,0.976866086418233,FALSE,0.364415203642395,0.192312908887633,0.00106356473611076,0.0132125273800065,-0.000102051983352896,0.000285527176543777,0.00531160227749683,"H10",0.454088914616841,0
"pathway_0143",-0.18322405173799,0.0828604960975298,0.208437842465899,0.0565369866548105,0.1460781330884,0.609397948581776,0.224898750537413,0.0196251677924102,0.98037483220759,FALSE,-0.0853797297289845,0.156768482320732,0.0199669220924761,0.0447395656463691,0.00140976514624362,-0.000295005265531677,0.00382936234910691,"H00",0,0
"pathway_0144",0.24083264625799,-0.681444403867141,0.209487653022966,0.0592058600800393,8.09424116538253e-29,4.13855529139117e-28,0.915006745974822,0.0849932540251781,0.915006745974822,FALSE,0.0221486155096297,0.0945234087168147,-0.67029402178756,0.0587220338154008,4.57510297724624e-05,-0.0148003335372035,0.0634295908302617,"H11",0.471199538876685,-0.741546535888114
"pathway_0145",0.393523748147827,-0.784381498597158,0.20383048781526,0.0577325586419291,4.75940366174471e-40,5.85841893496299e-39,0.771076675429573,0.228923324570427,0.771076675429573,FALSE,0.0945102018716662,0.198525156167836,-0.771799894407854,0.0572700403730182,0.000173632495959308,-0.0727693313290576,0.153413934339978,"H01",0,-0.758690864896438
"pathway_0146",0.306789424324241,0.0267879089715511,0.216564099879301,0.0572598763476725,0.119918197068561,0.796029374611113,0.0722655728118255,0.0117868555085004,0.9882131444915,FALSE,0.178719066358321,0.187076711549319,0.00220651227874565,0.018009130227979,-0.000306219002329657,8.81268120359368e-05,0.00247048838645278,"H10",0.585270365800003,0
"pathway_0147",-0.0391384369884197,-0.937765215705196,0.191860980696824,0.0643816095484783,1.01000083900465e-45,3.03169949361823e-45,0.972252724005806,0.0277472759941938,0.972252724005806,FALSE,-0.000276674369743288,0.0317249380980981,-0.919897627945526,0.0637725348631848,-5.05179802711943e-06,0.000249460298413054,0.0290730226536872,"H11",0.435402117333486,-0.893635651628509
"pathway_0148",0.215087967612002,0.17414191478448,0.20891988750302,0.0583834651123581,0.018589319465331,0.0862573659625942,0.817693826046387,0.0774594885256875,0.922540511474312,FALSE,0.0294093329699756,0.102836439029206,0.153340906975254,0.0758723077705399,-0.00182806256810204,0.00268159122305124,0.0142306708722031,"H00",0,0
"pathway_0149",-0.221602147224103,-0.030330457682891,0.22279804591917,0.0553364252724921,0.157634093250857,0.736983314371449,0.0956270914867299,0.00975550089096319,0.990244499109037,FALSE,-0.117354601572,0.176058192080121,-0.00314468777599053,0.0200496985347462,-0.000308938581829451,6.01049991902584e-05,0.00188015907329748,"H00",0,0
"pathway_0150",0.0604024569536732,-0.0610782336699453,0.210389420329155,0.0564794419352547,0.18974181285328,0.618818582305101,0.18020465315585,0.0112349516857688,0.988765048314231,FALSE,0.027934665138111,0.144617358452919,-0.0115206846616802,0.0340907333427659,0.000279089580016632,-4.27368881691753e-05,0.00189300068422614,"H00",0,0
"pathway_0151",0.0497561359934595,-0.0752381004176887,0.22216017668893,0.0610608075132571,0.177180354478622,0.593531160644091,0.215373591300243,0.0139148935770444,0.986085106422956,FALSE,0.0215941036153983,0.147251711583482,-0.0169540784867778,0.0424998534669489,0.000311013734752153,-5.5094392794923e-05,0.00254111920781036,"H00",0,0
"pathway_0152",0.25534421779309,-0.0300802642538823,0.21510058320609,0.0546669722761846,0.142546023763941,0.761420925349219,0.085545488924244,0.0104875619625965,0.989512438037404,FALSE,0.142638901815142,0.17861996167063,-0.00285439170946429,0.0189637152596966,0.000326539858109907,-8.06074406783238e-05,0.00209646743978095,"H00",0,0
"pathway_0153",0.636860342983674,-0.0534937175715472,0.210743415085336,0.0535409086486678,0.0105894231381374,0.933379277245614,0.00877540228112311,0.047255897335125,0.952744102664875,FALSE,0.462521353855223,0.194039133521378,-0.00301880673216884,0.0176489169914837,-0.00020749240011358,-0.00160375497690357,0.0107746256245972,"H10",0.557255518582279,0
"pathway_0154",-0.117300847702324,0.0322028711349087,0.199215655679346,0.0596060600866832,0.193977959384162,0.671486863953981,0.126039320449886,0.00849585621197073,0.991504143788029,FALSE,-0.0600551748740534,0.14839300490538,0.00426359761556283,0.0242283556272892,0.000223615244617905,-3.24358557773181e-05,0.00141960331019488,"H00",0,0
"pathway_0155",0.264289934685535,0.0121067872607532,0.210454818328392,0.0550365020658895,0.138396764523303,0.778318375965633,0.0737513224265076,0.00953353708455622,0.990466462915444,FALSE,0.152384108978399,0.178421923403261,0.00098748989069395,0.0161052956400916,-0.000123894137248338,2.6583629870236e-05,0.00180042659754381,"H10",0.480636979752051,0
"pathway_0156",-0.408955294373748,-0.00989024344415779,0.220699190558982,0.0562163112082997,0.0781453459146046,0.865585173273826,0.0421589646126283,0.0141105161989408,0.985889483801059,FALSE,-0.256848934204117,0.199457384791463,-0.000532765583555545,0.0134097763183433,-8.99887249055688e-05,4.68515474113074e-05,0.0030408362370728,"H00",0,0
"pathway_0157",0.317592971204119,-0.724120550224699,0.21675511402641,0.0521550903772077,8.15908618411007e-42,5.69650508208595e-41,0.873384213062089,0.126615786937912,0.873384213062089,FALSE,0.0428991714198525,0.136061495229434,-0.714813077942884,0.0518206041814935,6.8266415912302e-05,-0.0305966223479118,0.0973421290047798,"H11",0.535976398645339,-0.756926104764054
"pathway_0158",-0.0620408567393465,0.0461924836413224,0.216172424714958,0.0568875990564069,0.195467447940575,0.649818131814489,0.145401931067325,0.00931248917761134,0.990687510822389,FALSE,-0.0295304824565772,0.150614143968404,0.00704032802508726,0.027639418781277,0.000180296451297516,-2.76078319358727e-05,0.00155994073558605,"H00",0,0
"pathway_0159",0.211667420667682,0.0222696557764409,0.206595196523792,0.0602554500242829,0.159653826513759,0.733700605465321,0.0971355953218582,0.0095099726990615,0.990490027300938,FALSE,0.116276345889472,0.167766871267898,0.00232841978835623,0.0206401759981437,-0.00023039413509349,4.03460095933098e-05,0.00178663904455499,"H00",0,0
"pathway_0160",0.19647805993654,0.0370028168564797,0.220355958594032,0.0552360274308222,0.165269638741614,0.717178605489061,0.107674374105177,0.00987738166414828,0.990122618335852,FALSE,0.101965007103597,0.170683758080002,0.00428244325008825,0.0221626387888475,-0.000370442751177821,6.62166052381794e-05,0.00187151253476563,"H00",0,0
"pathway_0161",-0.00237551410594349,-0.707151380525331,0.209002354162403,0.0601417255980883,5.04581757057053e-30,1.58930972391558e-29,0.960399384748152,0.039600615251848,0.960399384748152,FALSE,0.000917484937854289,0.0414119847175944,-0.695323564442292,0.0596411051942504,-1.8710085257763e-06,-0.000639819905836735,0.0287575179691931,"H01",0,-0.615745031794771
"pathway_0162",0.423678373749524,-0.792667120257932,0.205660361612447,0.0621842716088201,2.67126556428824e-35,3.979245768801e-34,0.718852146029081,0.281147853970919,0.718852146029081,FALSE,0.124535493890758,0.226518983439789,-0.777811988580132,0.0615996562503047,0.000240519308345816,-0.0966246808436335,0.176526445181825,"H11",0.578129581607846,-0.721120912084417
"pathway_0163",0.845133109732767,-0.926497862358817,0.21863349059897,0.0564360821516984,4.20490080799548e-60,2.82740359434502e-57,0.010503213462762,0.989496786537238,0.010503213462762,TRUE,0.85380269145587,0.232339659167325,-0.910926281826408,0.055892608823796,-0.00010566541447099,-0.777856976555747,0.217794884275791,"H11",0.57696186815702,-0.908366813495987
"pathway_0164",-0.273856623565878,0.0249850485131239,0.216566119139347,0.0552750506213312,0.135298625232799,0.775926066138288,0.0781939631307653,0.0105813454981475,0.989418654501853,FALSE,-0.155280155024741,0.182192676566858,0.0021931572084331,0.0177952929151293,0.000267571968129004,-7.29818231901166e-05,0.00213841859652067,"H00",0,0
"pathway_0165",-0.116853458165415,0.017808593455795,0.191374241249749,0.0632090495900635,0.197589198867024,0.671877582380656,0.122500320555893,0.00803289819642708,0.991967101803573,FALSE,-0.060961968109425,0.144433552973631,0.00228452917480951,0.0233796218613545,0.000121830722238891,-1.74386724608977e-05,0.00129516979947709,"H00",0,0
"pathway_0166",-0.0402341600399305,0.135058181473854,0.223577578097395,0.0578234556455444,0.0776854992358481,0.259758368486883,0.622722806635999,0.0398333256412699,0.96016667435873,FALSE,-0.00914701129470476,0.106272839853216,0.0880938348250898,0.0783152183058314,0.000563625895983004,-0.000242169406155948,0.00649835385238996,"H00",0,0
"pathway_0167",0.499087182851811,-0.742957117954526,0.200014609217111,0.0617019523727018,9.47220799954636e-32,2.9685414153131e-30,0.476779308753543,0.523220691246457,0.476779308753543,FALSE,0.269088999784006,0.294146220573341,-0.728715453119456,0.0610866062795394,0.000261955805620662,-0.195827356601443,0.215536356362131,"H11",0.454542852608221,-0.723172350453551
"pathway_0168",0.748592977103498,-0.579600567029463,0.199237315653988,0.0597544319432303,2.15421430154522e-22,1.30378939087296e-19,0.0151959397395913,0.984804060260409,0.0151959397395913,TRUE,0.742262714543936,0.216489013479746,-0.569346301612478,0.0591102215242281,-0.000106268188729275,-0.422710799539158,0.131836685652329,"H11",0.580966680996365,-0.555436555126073
"pathway_0169",0.384304265250822,0.110791011027288,0.225092493246602,0.0584010856275062,0.0699324562674873,0.645674649917511,0.22680529296106,0.057587600853941,0.942412399146059,FALSE,0.195404977637376,0.206036350084939,0.0309230846170992,0.0579667622618068,-0.00375780135744687,0.00228472330063608,0.0123933411322834,"H00",0,0
"pathway_0170",0.460960700663754,0.000334483097633415,0.212392012768679,0.0581529044247124,0.0513722426088438,0.90330854271496,0.0282219821627146,0.0170972325134813,0.982902767486519,FALSE,0.309697338269693,0.197064979400223,-7.11856355278308e-06,0.012272816268321,-7.35564635819909e-06,-9.56024654279966e-06,0.00374725703095539,"H10",0.541363886001785,0
"pathway_0171",-0.0375268272156866,0.0321849120410373,0.218726080281925,0.0587376247958299,0.201091926828504,0.661421596852995,0.129327886854481,0.00815858946402078,0.991841410535979,FALSE,-0.0180140504277385,0.152030378532643,0.00435475261826594,0.0242010347587595,6.75430612631104e-05,-1.09036720026586e-05,0.00131445356861784,"H00",0,0
"pathway_0172",-0.291540103292968,-0.00658551046597316,0.215392028706032,0.0540440145943335,0.127959342397426,0.796289700746625,0.0658778699405439,0.00987308691540489,0.990126913084595,FALSE,-0.169862718133258,0.184464134196387,-0.000484943373262964,0.0148673786088384,-6.72632160141358e-05,1.51105835090224e-05,0.00190274518944712,"H00",0,0
"pathway_0173",0.792975059768418,-0.632900630518931,0.214310844349479,0.0564746140485926,4.40326799994723e-29,1.97394190147364e-26,0.0175892303103789,0.982410769689621,0.0175892303103789,TRUE,0.785927598331618,0.234973911864367,-0.622816741353264,0.0559305731228021,-0.000107022751588859,-0.489595888484084,0.153757734708931,"H11",0.526463969674937,-0.66800496503897
"pathway_0174",0.0773368576825097,-0.600087057092275,0.224654895543337,0.0515575216460968,1.70019323787578e-29,5.87914636728564e-29,0.948795651430675,0.051204348569325,0.948795651430675,FALSE,0.00515012961562773,0.0549084116111775,-0.592659774859577,0.0512393255530403,4.93156602499045e-06,-0.00304734309247058,0.0325714660224946,"H01",0,-0.582460968695019
"pathway_0175",0.624051867841605,-0.0178358156538409,0.218444511748211,0.0556760724130664,0.0157959051697221,0.94584434188606,0.00874464055889505,0.0296151123853229,0.970384887614677,FALSE,0.439486357650735,0.198116032532803,-0.000719415674952375,0.0113927593395305,-3.29874301420166e-05,-0.000349160804763681,0.00651160379813335,"H10",0.598336302942121,0
"pathway_0176",-0.0133034193914644,-0.877617812207007,0.211013758892777,0.0593934663015414,3.87893341725956e-47,1.23205984951202e-46,0.967160514064082,0.0328394859359179,0.967160514064082,FALSE,0.000631545200257196,0.0379944626870476,-0.863325499568221,0.0589134990436924,-1.4750042927012e-06,-0.000546704079804657,0.0327147005836139,"H01",0,-0.842763926366881
"pathway_0177",0.326176907006737,-0.00226345130864244,0.204303541985374,0.059236446185726,0.103831158977343,0.826241342778757,0.0581276669908604,0.0117998312530402,0.98820016874696,FALSE,0.203315623116255,0.184610964955615,-0.000166766742163982,0.0155436138169156,2.05433603304425e-05,-1.33629237676953e-05,0.00241428755441406,"H00",0,0
"pathway_0178",-0.284625045687347,-0.692680958586352,0.220345347733238,0.0487589739088906,9.01513662773305e-44,5.33490181797832e-43,0.922143736792699,0.0778562632073007,0.922143736792699,FALSE,-0.0194850549687154,0.0905054838547199,-0.684885466507755,0.0484919920748077,-6.11711312138077e-05,0.0132838598309641,0.0618592997923874,"H01",0,-0.662851782263824
"pathway_0179",0.233239482986264,0.06276446961781,0.209710321240583,0.0558978151154377,0.141857773534184,0.703589198788726,0.139521751965535,0.0150312757115545,0.984968724288445,FALSE,0.123231334539939,0.170986998572219,0.00954830402634612,0.0312174074794498,-0.000971072344155796,0.000205577903603912,0.00307757810784814,"H00",0,0
"pathway_0180",-0.160315842161095,0.0175568465499381,0.197295464455364,0.0591372867112265,0.181864278495406,0.703802362502244,0.106073768692988,0.00825959030936233,0.991740409690638,FALSE,-0.0863276297232976,0.154873645872087,0.00197834030946155,0.0205822520741249,0.000146826309020995,-2.39591206808756e-05,0.00139953098464219,"H00",0,0
"pathway_0181",0.267392840453149,-0.0392999114842135,0.223102500407624,0.0533604874337741,0.138466059121132,0.758432148656099,0.0913323457645745,0.0117694464581943,0.988230553541806,FALSE,0.146098437452896,0.183377869690654,-0.00400448348801154,0.0207146315599201,0.000462259100492856,-0.000122789679911551,0.00246011413220447,"H10",0.387983844664796,0
"pathway_0182",0.629371192000285,-0.871085110192373,0.208371961691237,0.0606011802817741,2.37133108052001e-45,2.1083000323362e-43,0.176132922976299,0.823867077023701,0.176132922976299,TRUE,0.533714561530226,0.309747712290868,-0.854210065696417,0.0599652812227451,0.000150675307781789,-0.455753675360087,0.267276452369436,"H11",0.550706736489741,-0.878409758495776
"pathway_0183",0.81858907552996,-0.0425121946841686,0.208528354126583,0.060839381649306,0.00102598888322154,0.911552223324547,0.000749073993849736,0.086672713798382,0.913327286201618,FALSE,0.616238383184177,0.191553487705057,-0.00385048847955046,0.0217062248168111,-0.000707356335207791,-0.00308017513031526,0.017995051960003,"H10",0.64313637654842,0
"pathway_0184",0.175565557885843,0.0131250934783647,0.221452766601833,0.0526332896208924,0.17669838438052,0.724830704552639,0.090722160559955,0.00774875050688667,0.992251249493113,FALSE,0.0914486375034809,0.169164812793244,0.00127248740735517,0.016854178193938,-0.00010067050889698,1.56967307459866e-05,0.00130944234241214,"H00",0,0
"pathway_0185",0.124504555607871,-0.00295982009531581,0.195539770606089,0.0640592674611074,0.194544980673045,0.679800751229827,0.117658102765009,0.00799616533212033,0.99200383466788,FALSE,0.065035935099001,0.147985122854966,-0.000368187872967657,0.0225108603779635,1.9673117661448e-05,-4.27232494911577e-06,0.00129905536363166,"H00",0,0
"pathway_0186",-0.0462183763199782,-0.105662027090037,0.206165675377856,0.0597086714123229,0.143607524512843,0.456160500551122,0.377790751443747,0.022441223492288,0.977558776507712,FALSE,-0.0164680023102037,0.124571068306447,-0.04158525079201,0.0632039026217044,-0.000591263450410522,9.35625557026998e-05,0.00370431522389804,"H00",0,0
"pathway_0187",0.373597495087761,0.030631144100536,0.217090439817828,0.0543367134166373,0.0900151204979275,0.841816526463792,0.0540990464750199,0.0140693065632604,0.98593069343674,FALSE,0.230436568516318,0.195306889431175,0.00204512293348982,0.015985897742945,-0.000323420472980812,0.000147850638006608,0.00305628960413621,"H00",0,0
"pathway_0188",-0.0612952139181744,-0.00971157224451913,0.191078685469021,0.0641160167087629,0.212317594195969,0.650416118435566,0.12983712237381,0.0074291649946549,0.992570835005345,FALSE,-0.0309524148802939,0.137616017370507,-0.00130611959963267,0.0237539741399764,-3.7222188340896e-05,3.20536739021766e-06,0.00109513008116459,"H00",0,0
"pathway_0189",0.645240411799143,-0.0347878592022582,0.217641941429348,0.0559040173270574,0.0125271515539379,0.942363623089382,0.00801149491913829,0.0370977304375419,0.962902269562458,FALSE,0.45847208672184,0.197745222807239,-0.00160272597173948,0.0138860407878295,-0.000109487627444031,-0.00084429274815072,0.00846541261605143,"H10",0.532186487390527,0
"pathway_0190",0.323434132984682,-0.0311345740848549,0.215401704454523,0.0544231393891533,0.111580352122118,0.80838903888675,0.0674796044351137,0.0125510045560178,0.987448995443982,FALSE,0.192124099059469,0.188950295791445,-0.00246615899389605,0.0174235723994902,0.00034732639481285,-0.000126482180026835,0.00268108892005611,"H10",0.467425859546559,0
"pathway_0191",0.174728297412281,0.0504359297869539,0.229766940607282,0.0531285450190725,0.167561103843445,0.689804410038225,0.13137100674711,0.0112634793712195,0.98873652062878,FALSE,0.0853911824437921,0.170126139991557,0.00709387802785146,0.0264529528730375,-0.000513972991788971,9.17816411213015e-05,0.00214768389001327,"H00",0,0
"pathway_0192",0.185715815190206,-0.418402989309884,0.211522845519281,0.059153429634194,3.3753548302677e-11,1.41915758092833e-10,0.923926032656939,0.0760739671673921,0.923926032832608,FALSE,0.01500864171953,0.077899809453628,-0.411592261733707,0.0586686326300216,1.23591176486599e-05,-0.00616508167324356,0.0323308184193087,"H01",0,-0.43252315428166
"pathway_0193",0.646160036682688,-0.860119211071019,0.204212640538401,0.062459315767787,7.34423410153372e-42,9.26595892347784e-40,0.121008020786757,0.878991979213243,0.121008020786757,TRUE,0.582902514793306,0.287607013269675,-0.842351575952751,0.0617505255224197,7.98824861423797e-05,-0.49092896947682,0.245769883923086,"H11",0.538716905634937,-0.848653351889722
"pathway_0194",0.324605519829697,-0.78021582368407,0.214440302096318,0.056937891217634,1.09691381239795e-40,8.0435385028827e-40,0.871233835148138,0.128766164851862,0.871233835148138,FALSE,0.0447184909510537,0.13901237400749,-0.768281402707508,0.0565045769205519,9.43952900923084e-05,-0.0342619896647463,0.106849657837628,"H11",0.387531171131909,-0.696210583642509
"pathway_0195",0.311620474935823,-0.0647050037089186,0.217963279230907,0.0594378933197386,0.112141090180497,0.755866245806135,0.112756637131573,0.0192360268817951,0.980763973118205,FALSE,0.174268471413211,0.188439463033692,-0.0084137781697173,0.0303970516211022,0.00108394717676979,-0.000382309083676687,0.00454020376471091,"H00",0,0
"pathway_0196",0.887558975727659,-1.07543989474049,0.207204082801779,0.0575688794908626,9.60008885058038e-78,2.54801080763206e-74,0.00223239927960124,0.997767600720399,0.00223239927960124,TRUE,0.905910707432707,0.209318142743888,-1.05636463932653,0.0569905923293428,-0.00011180525328458,-0.957083842972479,0.227871381821776,"H11",0.500866658196582,-0.960238676987309
"pathway_0197",-0.00838868057228238,-0.972480728718599,0.206549911641629,0.0579176931068503,9.29330330000797e-61,2.9035453352822e-60,0.971576936802012,0.028423063197988,0.971576936802012,FALSE,0.000741638942885212,0.0347451422278396,-0.957430328629666,0.0574733167646612,9.1821208761389e-08,-0.000709975795602386,0.0331690224454638,"H01",0,-0.885024354000448
"pathway_0198",0.213148298534402,-0.0454315466371711,0.215285082425643,0.0591878560081871,0.156238093805599,0.715448646612341,0.1166999063259,0.0116133532561596,0.98838664674384,FALSE,0.11220166190109,0.170757081068535,-0.00574060236656667,0.0258065846509663,0.00053244398873623,-0.00011166113710588,0.00239336255116589,"H00",0,0
"pathway_0199",0.13285364567665,-0.0513224018115482,0.191663849095386,0.0598363391736899,0.184689724740392,0.655069512964926,0.149839787763063,0.0104009745316191,0.989599025468381,FALSE,0.0678751573683866,0.145223935091767,-0.00809073090209685,0.030119704750068,0.000478477946985508,-7.06816862195843e-05,0.00184494798460245,"H00",0,0
"pathway_0200",0.165735684384995,0.0768431006426665,0.199675871629327,0.0574065932160966,0.15735420471859,0.620178260490194,0.206263551341615,0.0162039834496014,0.983796016550399,FALSE,0.0795876433083918,0.150986506658588,0.016824071728531,0.0413656645943826,-0.00114653798119475,0.000192450238530382,0.00302472969179222,"H00",0,0
"pathway_0201",0.733058191074691,-0.0396257140186952,0.208668520760187,0.0585770420915069,0.00324791344119073,0.936793333151826,0.00225099254362987,0.057707760863353,0.942292239136647,FALSE,0.544383036417156,0.189172266306295,-0.00244713043564621,0.0171875181390472,-0.000372651401418476,-0.0017048276984844,0.0126755222524426,"H10",0.587319523170854,0
"pathway_0202",0.641994902004407,0.0738477258040978,0.200752292665792,0.0567526565116927,0.00658307327831464,0.9180958204029,0.00813026468278566,0.0671908416359997,0.932809158364,FALSE,0.482533255649884,0.187474157707885,0.00534176160494149,0.0242556271346397,0.000395555916831398,0.00297313353496936,0.0150758652948024,"H10",0.541732122408112,0
"pathway_0203",0.476388349989755,-0.728211954993501,0.213866253807041,0.0559808635585345,7.05886942259657e-37,1.35718082608134e-35,0.616133467676624,0.383866532323376,0.616133467676624,FALSE,0.189537068269724,0.273575685682052,-0.716958926031891,0.0555377407158898,0.000200612046990983,-0.135689680862903,0.19678720190088,"H11",0.537669402169002,-0.758710858795117
"pathway_0204",0.666971199285239,-0.0649914858917253,0.2048002108333,0.0579827091298974,0.00589135822786924,0.922776792465277,0.0059901258558446,0.0653417234510091,0.934658276548991,FALSE,0.498027649993171,0.189505800850168,-0.00466502841780523,0.0227681535881928,-0.000493723885105476,-0.00281703702517637,0.015073652479981,"H10",0.511452991858708,0
"pathway_0205",-0.0432676058301177,-0.0567435065271854,0.195543441380347,0.0620418726638657,0.20053929154576,0.612330644432754,0.177073404617347,0.0100566594041386,0.989943340595861,FALSE,-0.0204604269052679,0.135470727844989,-0.0104273499513668,0.034347414654782,-0.000191940088894834,2.14079426007552e-05,0.00163612463394406,"H00",0,0
"pathway_0206",0.0704875445080157,-0.0757637241283171,0.202516709426782,0.0587003603391677,0.180028926974308,0.579514359563769,0.226590369197413,0.0138663442645103,0.98613365573549,FALSE,0.0313733230843213,0.137526484803554,-0.0179284667213596,0.0427852868402603,0.000486889213038803,-7.55863658169164e-05,0.00237341617148038,"H00",0,0
"pathway_0207",0.533695814518241,-0.12472073467575,0.212851876985416,0.0560002557178108,0.0214690601423979,0.667883706302173,0.130965258772613,0.179681974782816,0.820318025217184,FALSE,0.35291176970485,0.234698405170443,-0.038333898205046,0.0649507385751871,0.00178823354470657,-0.0117402503105218,0.0305307267035644,"H10",0.46424865228014,0
"pathway_0208",-0.686173446073451,0.0464481990851181,0.186253822260512,0.0670575320298408,0.00169665496400869,0.938455371213879,0.00135602963843094,0.0584919441836814,0.941508055816319,FALSE,-0.538236701163867,0.171032443021329,0.00285405200657449,0.0197450042469514,-0.000359978000001527,-0.0018961335369703,0.0137373563645698,"H00",0,0
"pathway_0209",0.59555857294013,-0.0334228866788167,0.218076815559525,0.0566548348694655,0.0200720785796476,0.936375343744956,0.0127568608941171,0.0307957167812791,0.969204283218721,FALSE,0.416485649317937,0.199724274621367,-0.00147806544162268,0.0136114795361907,-5.77410534203485e-06,-0.00062136715053066,0.00717812830687109,"H10",0.370953933710351,0
"pathway_0210",0.528947291142632,-0.0111101584307142,0.204499981361523,0.0568077322802171,0.0254815977988533,0.938916545251081,0.0139396329928935,0.021662223957172,0.978337776042828,FALSE,0.378794963985984,0.190219315231384,-0.000419181880205161,0.0108461935293386,1.80032781399117e-05,-0.000140780707075979,0.00472580242874852,"H10",0.610698900470776,0
"pathway_0211",-0.274809020575683,0.0207446646328868,0.213472109262159,0.0586649229173092,0.133449729186624,0.777121040595922,0.0786398421188275,0.010789388098626,0.989210611901374,FALSE,-0.157349849218319,0.181141772004768,0.00183329133077485,0.0183568601785571,0.000225677349406999,-6.27907650636741e-05,0.00220436202877786,"H00",0,0
"pathway_0212",-0.00761983596974789,0.00276634761557007,0.210694979825564,0.0564102738473728,0.211170950271878,0.669351744743906,0.112716069867067,0.00676123511714961,0.99323876488285,FALSE,-0.00376584191343946,0.148129088756786,0.000325750148665826,0.0193735688569465,2.96827252868011e-07,-9.29896310286894e-07,0.000959671457258466,"H00",0,0
"pathway_0213",-0.0318069072479937,-0.678447931591574,0.211815948770086,0.060521803823914,2.47582217118036e-27,7.93897960488854e-27,0.958968842659928,0.0410311573400724,0.958968842659928,FALSE,-0.000247742759523251,0.0424709523815646,-0.666950003897087,0.0600114746916335,-6.44385687991283e-06,0.000158788177549595,0.0282875520373988,"H01",0,-0.687789234974615
"pathway_0214",-0.0141212161604181,0.0922495476395946,0.210700397143451,0.0566411073148407,0.159510397209113,0.50619852353635,0.315437599830752,0.0188534794237855,0.981146520576214,FALSE,-0.0055306608493859,0.131206748233822,0.0303780641622148,0.0537975801540208,0.000136415660777798,-3.15951093642964e-05,0.00306076164435763,"H00",0,0
"pathway_0215",0.938621490749872,0.0928498805474844,0.206791821905883,0.0564173498667701,0.000113779089405141,0.695900061938402,0.000230430826608072,0.303755728145585,0.696244271854416,FALSE,0.759018147082203,0.213585751787392,0.0269311478904339,0.0510842121217978,0.00418937796776114,0.024630607938355,0.0481793736420535,"H10",0.510936884125342,0
"pathway_0216",-0.0112962240518895,0.0353114373145436,0.210651651131222,0.0561893132437061,0.205976447382041,0.653161719658765,0.132890520799938,0.0079713121592554,0.992028687840745,FALSE,-0.00547287326566621,0.146538660943352,0.00490108137922048,0.0241805070276128,2.24837867128096e-05,-4.33921054038063e-06,0.00122313968685466,"H00",0,0
"pathway_0217",1.03329164834604,-0.683324624720112,0.220335604043438,0.0556757026232605,2.90914358742016e-36,2.34995447997448e-32,0.000269544198455232,0.999730455801545,0.000269544198455232,TRUE,1.03701950925716,0.218462087001827,-0.673176338062577,0.0551520496905087,-0.000124153308401431,-0.698221149049589,0.158800459200199,"H11",0.525148520864314,-0.705613478859663
"pathway_0218",0.0272015181150805,0.0707299498811203,0.196391225726209,0.059003857591562,0.191472921922211,0.579981755563958,0.216389973160196,0.0121553493536353,0.987844650646365,FALSE,0.0122118376135601,0.132125904304779,0.0159024744140366,0.0404527646978877,-0.000174992860188896,1.92055750091128e-05,0.00195491297226654,"H00",0,0
"pathway_0219",0.248032914770626,-0.659721234971259,0.201539320891705,0.061711149871596,6.41876660922459e-25,3.46142198407118e-24,0.9086689779598,0.0913310220401999,0.9086689779598,FALSE,0.0242433515500276,0.0974000014797852,-0.647995483708538,0.061162544734415,5.18263863238146e-05,-0.0156577559280525,0.0632175371416997,"H01",0,-0.63078057981088
"pathway_0220",0.577326355919395,0.0359308002540074,0.214249319704658,0.0557933524437607,0.0212491420307731,0.936280893370909,0.0137482086243913,0.0287217559739265,0.971278244026073,FALSE,0.406333555804067,0.197235693905556,0.00145684160037007,0.0133337945518895,-4.87357081045867e-05,0.000543227919617071,0.0065670987328869,"H10",0.494860708636006,0
"pathway_0221",-0.175898684560677,0.11990784199338,0.213701539862828,0.060576795523129,0.106967713751035,0.437372820609307,0.419871961033134,0.0357875046065242,0.964212495393476,FALSE,-0.0619227630273247,0.142781363666143,0.0537178983073751,0.0713482295313399,0.00257670205659967,-0.000749658630613845,0.00687667241191993,"H00",0,0
"pathway_0222",0.290709774143965,-0.0441376373861017,0.21459600111166,0.0541841318310354,0.124375587740531,0.773851513903247,0.0884057693464664,0.0133671290097554,0.986632870990245,FALSE,0.166040026784103,0.183931106832837,-0.00443849049205255,0.0216444524610097,0.000566945580646738,-0.000170021499534654,0.00286950142681102,"H00",0,0
"pathway_0223",0.163327639165602,-0.0674955546981193,0.213784948760193,0.0558309760503229,0.163231664700885,0.645327848813172,0.177033569541696,0.014406916944247,0.985593083055753,FALSE,0.0784962016977918,0.158625986154064,-0.0127386299422788,0.035684574409299,0.000842313982592551,-0.000157620082710098,0.00278056566042729,"H00",0,0
"pathway_0224",0.395711182840267,0.0410723842384189,0.217887570948064,0.0537154301284246,0.0803990379061744,0.848409111726984,0.0545006575029246,0.0166911928639172,0.983308807136083,FALSE,0.246450795315412,0.198034017577263,0.00286668036220794,0.0175989818859708,-0.000454914575739773,0.000251581079441446,0.00375466933362775,"H00",0,0
"pathway_0225",-0.294918429919512,0.0670070847881949,0.186907608844085,0.0618267646973876,0.10193441796268,0.772702908254882,0.105913622517835,0.0194490512646025,0.980550948735397,FALSE,-0.181862069946706,0.174059161778735,0.00826454445573773,0.0307729789686424,0.00112374588330255,-0.000379261278584486,0.00435565047040245,"H00",0,0
"pathway_0226",0.767706856611766,-0.556371888011676,0.204675744537206,0.0573081494890037,1.92625372258297e-22,1.08690950331053e-19,0.0150587009179297,0.98494129908207,0.0150587009179297,TRUE,0.76033188266289,0.222016762962937,-0.547434567269894,0.0567392207940035,-0.000105415048571256,-0.416337370215634,0.129951129176307,"H11",0.661117504903305,-0.57237112953572
"pathway_0227",0.539286755217927,-0.742467950811803,0.200750414809595,0.0598646790279608,8.71674380130505e-34,3.94836160400191e-32,0.352852347508746,0.647147652491254,0.352852347508746,FALSE,0.358428540728363,0.309251692379112,-0.72883367812714,0.0592804780856067,0.000212350098440672,-0.261022441586356,0.227067321544483,"H11",0.574360206248273,-0.802387420948812
"pathway_0228",0.178705989188658,-0.825565273620146,0.209992657056419,0.0551813179050373,2.14498464049044e-48,8.82933090391542e-48,0.944830474829142,0.055169525170858,0.944830474829142,FALSE,0.0113190320993272,0.0676524028796644,-0.813877529690883,0.0547934654594223,2.84862547406239e-05,-0.00918381962875161,0.0550179791662777,"H01",0,-0.803293535013834
"pathway_0229",-0.36131930168034,0.0557214506099619,0.21373889938634,0.0570247225638344,0.0903506964358697,0.812273339435559,0.0779209972786022,0.0194549668499692,0.980545033150031,FALSE,-0.219023026092881,0.193820337286377,0.00535894343586835,0.0240384958315418,0.000786576896249024,-0.000387155111735445,0.00457809971931871,"H00",0,0
"pathway_0230",0.199789638436933,-0.0878740084964504,0.205479204689341,0.0546974564677465,0.134603433220134,0.593497735909367,0.248579842138962,0.0233189887315369,0.976681011268463,FALSE,0.0921654778479969,0.157480636136673,-0.0235679962618668,0.0478479572966488,0.00176717973913522,-0.000404975898259545,0.00444606246988502,"H00",0,0
"pathway_0231",-0.0324522977945415,-0.534388721373445,0.221215153305833,0.0579635899857225,1.16579177979436e-18,3.8543477136885e-18,0.951610071762714,0.0483899282372858,0.951610071762714,FALSE,-0.000491026141283806,0.0481533073524249,-0.526049388598415,0.057512716060721,-7.8266078200559e-06,0.000250477393588129,0.0253551933176455,"H01",0,-0.574801819117539
"pathway_0232",0.0935205847740753,-0.0173645840451991,0.22975778138,0.0531227284741941,0.194719391735228,0.694834929020829,0.103140269700982,0.00730540954296091,0.992694590457039,FALSE,0.0456881434424157,0.163331871245776,-0.00189409632982876,0.0183427922267394,7.40237183211627e-05,-1.25140264898069e-05,0.00116254373681654,"H00",0,0
"pathway_0233",0.024817714560126,-0.0157256683617869,0.214400429939376,0.0585512321057064,0.206942643260787,0.667191455551281,0.118587465503998,0.00727843568393431,0.992721564316066,FALSE,0.0121257385135743,0.150075592849138,-0.00194824093097719,0.0212361053524417,1.98753155811257e-05,-3.74854450934626e-06,0.00109336119409526,"H00",0,0
"pathway_0234",0.442925253838222,-0.63773603236837,0.217049570182557,0.0559540228033309,2.0573628974916e-28,2.96024703474582e-27,0.69274797731259,0.30725202268741,0.69274797731259,FALSE,0.140726826669885,0.242503354276027,-0.628052507815567,0.0555180679797698,0.000135706373303429,-0.0882481300336447,0.152917753668276,"H11",0.423131672097539,-0.665387216664299
"pathway_0235",0.257497360713701,-0.780779232053203,0.203011754814655,0.0672314049440955,2.97743113515874e-29,1.6683253313149e-28,0.912004953289863,0.0879950467101369,0.912004953289863,FALSE,0.024549490698167,0.0990106960370206,-0.764364938801614,0.0665276623461532,7.9385680296272e-05,-0.018685384274819,0.0756813024927069,"H01",0,-0.771566825609981
"pathway_0236",-0.158494107869328,-0.00860595993323849,0.207145598166605,0.056475643282392,0.183069196167796,0.710340862348365,0.0988363460368475,0.00775359544699136,0.992246404553009,FALSE,-0.0839532162176974,0.159715306235568,-0.000900360977644586,0.0184847519430787,-6.6825595685486e-05,8.76260414468735e-06,0.00127722322369205,"H00",0,0
"pathway_0237",0.202192518257385,-0.028321333832813,0.211889037713897,0.0570999009410977,0.16408973365061,0.7265234674756,0.0999405566906677,0.00944624218312237,0.990553757816878,FALSE,0.108544517175207,0.168387071800688,-0.00305563822884034,0.0206688015619988,0.000277313745935584,-5.43590302759956e-05,0.00178281397253371,"H10",0.462274659556575,0
"pathway_0238",0.516688128774072,-0.680638654996393,0.201030489090385,0.0614344724495175,4.5972510747308e-27,1.65651921371794e-25,0.417653140799243,0.582346859200757,0.417653140799243,FALSE,0.308433172645964,0.302186483408615,-0.667673088064805,0.0608128932602611,0.000201732224252404,-0.205730796617904,0.203372306163633,"H01",0,-0.751306317715866
"pathway_0239",0.11818194184491,-0.957390095529297,0.212945862209226,0.056680938087332,1.63092190953567e-61,5.82141722729901e-61,0.961961796957603,0.038038203042397,0.961961796957603,FALSE,0.00576549363938826,0.05028907393017,-0.943159405265522,0.0562634536934977,1.86442949279995e-05,-0.00541913525705958,0.0473404560417605,"H01",0,-0.924010409831064
"pathway_0240",-0.237137508550058,-0.536517983041042,0.215673555737498,0.0590462325116409,3.77739049557513e-18,1.87974713958648e-17,0.925200164892946,0.0747998351070544,0.925200164892946,FALSE,-0.0158129744368969,0.0806020014793944,-0.527716180613811,0.0585695920582401,-5.98988502741281e-05,0.00828486362370892,0.0425019147778872,"H01",0,-0.626117063512798
"pathway_0241",0.224187682132164,0.0258751297062976,0.198558443341691,0.0548949515366726,0.153038163330565,0.749014425235004,0.0886253504404818,0.00932206099394924,0.990677939006051,FALSE,0.128182893650917,0.166750310836098,0.00249312171770057,0.0186603596419341,-0.000269731424695526,4.98441313032761e-05,0.0016938565114272,"H00",0,0
"pathway_0242",0.206350590855674,-0.0217472551292707,0.215506502767509,0.0555706758789098,0.163950021462773,0.734227433995392,0.0928785290782612,0.00894401546357419,0.991055984536426,FALSE,0.110798187694187,0.170897450032247,-0.0021868815062456,0.0187631195128503,0.000201593122232398,-4.07093853615477e-05,0.00165312337248483,"H00",0,0
"pathway_0243",-0.18707789026314,-0.105397873419073,0.199164232166487,0.0573582680572066,0.119998400504842,0.507711145285624,0.343016743557095,0.0292737106524395,0.970726289347561,FALSE,-0.0765129459764273,0.146073874665589,-0.0386183925237771,0.0609962404878566,-0.00241590522752831,0.000538901753339915,0.00531913268483304,"H00",0,0
"pathway_0244",0.333265772497111,0.036799516832257,0.217900962401436,0.0542824387536739,0.108021886770983,0.809046676735285,0.0695559482515412,0.013375488242191,0.986624511757809,FALSE,0.197092839336797,0.191236857040402,0.00299764267392867,0.0184464917948199,-0.000439041870228816,0.000151772035692936,0.00288284203085548,"H10",0.430214361730362,0
"pathway_0245",-0.139568022235529,0.00181503882546887,0.190940391529385,0.0642517270746917,0.190097615120118,0.686519755196345,0.11523170726746,0.0081509224160772,0.991849077583923,FALSE,-0.0744650454379079,0.147978191822715,0.000223519866624776,0.0223591317566986,1.31194500980612e-05,-3.52496692642788e-06,0.00134078430956371,"H00",0,0
"pathway_0246",-0.178396000301795,0.0552730653250421,0.198697203165875,0.0636627492188497,0.165324106989326,0.678817327730732,0.143713714472309,0.0121448508076328,0.987855149192367,FALSE,-0.093082662604788,0.156505264205238,0.00845891665932831,0.0317374617845338,0.000668636797559078,-0.000118741687843199,0.00243738537779262,"H00",0,0
"pathway_0247",0.516032113437887,-0.756080188416346,0.215710819416524,0.0534295428167573,1.25667142696844e-43,3.16891690287918e-42,0.522090433822046,0.477909566177954,0.522090433822046,FALSE,0.255180418282696,0.30478076226902,-0.745258122199505,0.0530339735422792,0.000207133870316567,-0.18996814548113,0.227944729269163,"H11",0.588567334444812,-0.761791221968792
"pathway_0248",-0.222996580341938,-0.0917298359028878,0.201205260900344,0.0645564671116743,0.130734718209167,0.633107345780675,0.214256520508554,0.0219014155016037,0.978098584498396,FALSE,-0.110074572232668,0.162574717415432,-0.0212225410576541,0.0492116269608981,-0.00192019464398461,0.000415867484626895,0.00470339925257638,"H00",0,0
"pathway_0249",-0.207810141503671,0.043832632275576,0.217981763295791,0.0602902220846879,0.158662660947881,0.712834981957712,0.117117711553057,0.0113846455413493,0.988615354458651,FALSE,-0.108204857587141,0.170975691102591,0.005543533855391,0.0258367704995986,0.000496744096876169,-0.000103093194475911,0.00235226692317978,"H00",0,0
"pathway_0250",0.575353120261488,-0.837840997803332,0.196398922077559,0.060671408093085,7.7037491714595e-42,5.92138310111577e-40,0.228666358663246,0.771333641336754,0.228666358663246,FALSE,0.456390683312574,0.301603238251096,-0.8216376101973,0.0600435922205255,0.000196841910682033,-0.374790908442574,0.250000510131592,"H11",0.633857282633065,-0.850648045300563
"pathway_0251",0.578241769252407,0.00860571025768737,0.223652801928895,0.0555688536352532,0.0268788037718964,0.935176920771694,0.0142872345574753,0.0236570408989345,0.976342959101065,FALSE,0.394150934695547,0.203321474988963,0.000286129443079447,0.0108294944692315,-2.27152241720597e-05,9.00629632616206e-05,0.0051678173747051,"H10",0.59577877163457,0
"pathway_0252",-0.0339724895325363,0.0250161990105698,0.251586168460947,0.051333776969872,0.192733870831594,0.694415861412408,0.105276162361881,0.00757410539411728,0.992425894605883,FALSE,-0.0156609457055958,0.171071514671134,0.00278877476912293,0.0188373294799753,3.62249400158218e-05,-7.44991022854791e-06,0.0012339597358273,"H00",0,0
"pathway_0253",0.120319109222937,0.0041211600552419,0.207042821958022,0.0634252055728465,0.192955916812002,0.683327071546465,0.115681765208706,0.00803524643282707,0.991964753567173,FALSE,0.0613921891980838,0.153502738783987,0.000497109643978951,0.0221386192136681,-2.8231760298341e-05,2.28688901700688e-06,0.00132919264442413,"H00",0,0
"pathway_0254",-0.295258541617549,-0.809945332058391,0.216251049853985,0.0559281156537014,2.26459418356595e-45,1.42758360417634e-44,0.927901883854785,0.0720981161452155,0.927901883854785,FALSE,-0.0185655525796135,0.0879435089120816,-0.798028218364879,0.0555291059063129,-8.57593881406632e-05,0.0147300754599278,0.0699447013192338,"H01",0,-0.79211133655964
"pathway_0255",-0.224546924231401,0.103985174630678,0.193781391613818,0.0640553419818998,0.119076989454811,0.590507826543019,0.262119716714135,0.0282954672880355,0.971704532711964,FALSE,-0.107130316791254,0.158266612736206,0.0296382196602894,0.0575753933858551,0.0025244267968808,-0.000650725064454771,0.00595444911196256,"H00",0,0
"pathway_0256",0.4438226190705,-0.0796608346201774,0.206178214247681,0.0529859907830921,0.0485098755162597,0.834057909954104,0.0741898892615511,0.0432423252680846,0.956757674731915,FALSE,0.291717188638201,0.200844214491727,-0.00926484131441615,0.0311460629549449,0.00119637751576379,-0.00150633594565675,0.00947044584354992,"H10",0.49389465528147,0
"pathway_0257",-0.0603022549501553,0.0625288145583703,0.20442394045527,0.0571974337299218,0.191099505325268,0.611536790242765,0.186061443043401,0.0113022613885667,0.988697738611434,FALSE,-0.0279857636070144,0.140906304256868,0.0121546838254406,0.0351661605524854,0.00029630924909786,-4.38488591589211e-05,0.00188366453003381,"H00",0,0
"pathway_0258",0.241921800257653,-0.0602924864846274,0.209454162882446,0.0568551960292026,0.139298050017254,0.715407838598135,0.130235381276244,0.0150587301083679,0.984941269891632,FALSE,0.130065434756878,0.172865490546065,-0.0086360247427432,0.0300203399217069,0.000906259703028145,-0.000216988609707905,0.00319719098062544,"H10",0.512422942674699,0
"pathway_0259",0.16642708584778,-0.619046436028793,0.206353231875658,0.0581854311404732,1.07871001891935e-24,4.27683424341585e-24,0.937683235107801,0.0623167648921995,0.937683235107801,FALSE,0.0115231396591371,0.0678138217186132,-0.609304050647508,0.0577278072994791,2.06607714354611e-05,-0.0070004348990537,0.0413832051848607,"H01",0,-0.624836368895562
"pathway_0260",0.515860713287098,-0.943173729956827,0.198779932917722,0.0616000209821696,7.35680561058073e-51,2.79771911438464e-49,0.453515704147142,0.546484295852858,0.453515704147142,FALSE,0.293522366687709,0.304454887789276,-0.924875312437763,0.0609967744396272,0.000411913185339785,-0.271059677412427,0.28243530959231,"H11",0.548126823187548,-0.911836815232326
"pathway_0261",0.955661405140852,-0.900182908231473,0.212280147918922,0.0551823308379078,1.45318984462648e-60,7.21414403664841e-57,0.000723124419090517,0.999276875580909,0.000723124419090517,TRUE,0.968415902612397,0.211567717403314,-0.886023431418386,0.0546722204276531,-0.000112365798405012,-0.858151546871174,0.195629632757618,"H11",0.543353259840274,-0.910599571832597
"pathway_0262",0.444375388841641,-0.764238821217537,0.198492191554847,0.0627517715915899,2.5218201327597e-32,5.02424842786161e-31,0.636111072458702,0.363888927541298,0.636111072458702,FALSE,0.167766858260067,0.25154312513687,-0.749447554446366,0.0621358391257571,0.000266988031786347,-0.125465473608371,0.189119416034282,"H11",0.410881490248655,-0.714548926981087
"pathway_0263",0.111860254758088,-0.0734840536389694,0.225558289645758,0.0551891348046935,0.167596964457812,0.607641271240835,0.209575169414422,0.0151865948869313,0.984813405113069,FALSE,0.0493224535014115,0.154604116440941,-0.0162853461342234,0.0398697407400007,0.000677799166624342,-0.000125434060835283,0.00279918118193709,"H00",0,0
"pathway_0264",0.393327107392583,-0.0206736153737872,0.213994914820622,0.0596013564663598,0.0791151319924623,0.858532682318869,0.0472420743644087,0.0151101113242595,0.984889888675741,FALSE,0.249709843633549,0.195568748208789,-0.00128392086815628,0.0155699732295421,0.000193956351381455,-0.0001266513278437,0.00339957844033544,"H10",0.559230103839245,0
"pathway_0265",-0.205348345957437,-0.969934694632262,0.204370397452318,0.0563180508823266,6.06319448733373e-64,2.72945522769191e-63,0.960988353286364,0.0390116467136359,0.960988353286364,FALSE,-0.00654532973413766,0.051506286075797,-0.955661171970976,0.0559112987417411,-3.6053926965751e-05,0.00621906355769672,0.0490307818550637,"H01",0,-0.955931089221488
"pathway_0266",0.441824028957096,-0.801836873202569,0.210546474288573,0.058352806494304,5.47846757453073e-41,8.62999254340425e-40,0.697631781680995,0.302368218319005,0.697631781680995,FALSE,0.139706765729873,0.241161280157875,-0.788526720948066,0.0578664248606514,0.000229997799487777,-0.109932520075748,0.190503780135395,"H11",0.537172189633894,-0.787977098988682
"pathway_0267",0.590807090946305,-0.511866418165411,0.209758106364697,0.0603881845110225,1.95802281619818e-16,1.11962487403253e-14,0.245144667640969,0.75485533235902,0.24514466764098,FALSE,0.450836954543053,0.313907944687826,-0.50263167870832,0.0597624085971203,4.32869177063866e-06,-0.226600606593951,0.161315592527066,"H11",0.566500273549799,-0.554036560177407
"pathway_0268",0.182714545217095,-0.0439704656128501,0.214982782752896,0.0532120044336698,0.168444931655913,0.702408072890292,0.118752216547332,0.0103947789064627,0.989605221093537,FALSE,0.0943204068990154,0.165723597364281,-0.0056074951333568,0.0239341775808338,0.000445905394631884,-8.29958280305788e-05,0.00195428502644441,"H00",0,0
"pathway_0269",0.914099895777301,-0.907232870488525,0.214632257249551,0.0530899479579581,1.07277191394817e-65,2.38296876687801e-62,0.00210679488352425,0.997893205116476,0.00210679488352425,TRUE,0.927094876210686,0.21632227655727,-0.893894584143112,0.0526354665922228,-0.00010417011204078,-0.828829258943602,0.20020226363797,"H11",0.51552080233261,-0.877779571889403
"pathway_0270",0.760698616007475,0.0310041760610964,0.218606120472134,0.0568513501858182,0.00383957358582536,0.939634915130566,0.00238825133571797,0.0541372599478905,0.94586274005211,FALSE,0.550281642890234,0.196247791577323,0.00160878236270176,0.0149123278167734,0.000248194173117968,0.00113347757471832,0.0112603927413157,"H10",0.531993250485186,0
"pathway_0271",0.355061723428853,-0.905328541515889,0.206677456309318,0.0589946807833627,7.21162205184152e-51,6.67358261524104e-50,0.848171911725935,0.151828088274065,0.848171911725935,FALSE,0.0576843139963557,0.157938469625448,-0.890387486473304,0.0585148792077931,0.00015663736057546,-0.0512047539875765,0.140572477480218,"H01",0,-0.770522549156943
"pathway_0272",0.618142088188113,-0.77259854686483,0.203543120312528,0.0599405002579118,9.47156852540931e-37,8.95225543217444e-35,0.163498242492451,0.836501757507549,0.163498242492451,TRUE,0.529185462366232,0.29785787172894,-0.758065953641242,0.0593196050667867,8.90402237351262e-05,-0.401068441958004,0.228792492127461,"H11",0.545451621403243,-0.771391163893929
"pathway_0273",-0.295777709447703,-0.671111488692987,0.201602771098825,0.05785266449616,2.79728666499146e-29,1.91363735002241e-28,0.908551622673065,0.0914483773269348,0.908551622673065,FALSE,-0.0244688658183466,0.0979516311820676,-0.66046618984684,0.0574074736631026,-0.000101657203000712,0.0160592013739162,0.0645338328931982,"H01",0,-0.772278091446171
"pathway_0274",0.413945717625746,-0.985650671362616,0.226286312259995,0.0521084076342186,3.10726631058705e-77,3.33752071998821e-76,0.815516479005972,0.184483520994028,0.815516479005972,FALSE,0.0822435162786408,0.197791861088536,-0.972826066076635,0.0517767905617682,0.000179827354652259,-0.0798288090470076,0.192339207973273,"H11",0.555636317827176,-0.957113794884807
"pathway_0275",0.351820495199416,0.00318790451763119,0.216468688045032,0.0539882347924918,0.100397094655564,0.836761898710862,0.0513466444223003,0.0114943622112735,0.988505637788726,FALSE,0.215200365891366,0.192472624116119,0.000187742972750513,0.0134576097765598,-3.26746399700989e-05,7.72771645934426e-06,0.00232576420657989,"H00",0,0
"pathway_0276",-0.34840032679262,-0.0385764220911569,0.202469055736127,0.0617199631737833,0.0898330828210185,0.831350777805362,0.0633976350620155,0.0154185043116036,0.984581495688396,FALSE,-0.220704858403178,0.186786084111023,-0.00296739824982225,0.0199406871877397,-0.000464822918742009,0.000190096291810847,0.00347078517453186,"H00",0,0
"pathway_0277",0.0755209310000146,-0.0512365820026344,0.215810276164189,0.056047447474843,0.191548877235868,0.645272521467041,0.153184363213168,0.00999423808392234,0.990005761916078,FALSE,0.035783319488281,0.150778228381954,-0.00824009624909669,0.0292110633124803,0.000255396295900201,-3.94617007954113e-05,0.00170398580049637,"H00",0,0
"pathway_0278",0.119948557746771,-0.755520087906182,0.212878870265132,0.0592077962556781,2.75037854009252e-35,9.8489035654093e-35,0.952151814829765,0.0478481851702352,0.952151814829765,FALSE,0.00696993005807899,0.0555805409925532,-0.743251481242154,0.0587292446045019,1.70684816326178e-05,-0.0051633423581888,0.0412868891600895,"H11",0.423197927661348,-0.691240428820628
"pathway_0279",0.595109683617791,-0.0490595157870168,0.207210946712367,0.0582869763165862,0.0144286379724694,0.935676543630694,0.0112592145055696,0.0386356038912673,0.961364396108733,FALSE,0.431862835576035,0.192041437188701,-0.00246496460273636,0.0167912361070517,-6.38418052080812e-05,-0.00112836840814036,0.00923945016704555,"H10",0.527270369125907,0
"pathway_0280",-0.201292162747932,0.0141502251605865,0.18769571174011,0.0644892610543993,0.161062067596494,0.729187761344536,0.100287631795816,0.00946253926315488,0.990537460736845,FALSE,-0.115133519142092,0.157667939165111,0.00152929434887614,0.0215991466297111,0.000147731434383314,-2.83416058069103e-05,0.00173178818847638,"H00",0,0
"pathway_0281",0.693482292850803,-0.0320470319190846,0.207210726713648,0.0529132475936508,0.00494514800127204,0.949030893569933,0.00296642300604043,0.0430575354227542,0.956942464577246,FALSE,0.513036240560562,0.187257310761126,-0.00151968532962631,0.0132130178100944,-0.00019520252008781,-0.00097485616843433,0.00912132194854526,"H10",0.552322233679387,0
"pathway_0282",0.590887546584473,-0.0234535138054997,0.202059878040254,0.0603685804052579,0.0127964236299462,0.949061913710513,0.00785505710655638,0.0302866055529842,0.969713394447016,FALSE,0.435186646486215,0.186123108948022,-0.000929783937596149,0.0125666179827236,-3.35907565150892e-05,-0.000438220310274305,0.00690541395104716,"H10",0.576546117029113,0
"pathway_0283",0.496061207435398,-0.570744802117492,0.197835376332852,0.0594007190803484,1.50992921676589e-20,4.86395907414243e-19,0.44874116894987,0.55125883105013,0.44874116894987,FALSE,0.278638268932824,0.29048406292735,-0.560719606143415,0.0588394946951656,0.000124241648509799,-0.156113698763986,0.164552661057357,"H01",0,-0.565969512769018
"pathway_0284",0.815810627022069,-0.590129072155805,0.224995272567693,0.0475533798950571,3.86919564309432e-35,1.29429950935375e-32,0.0216376621330065,0.978362337866994,0.0216376621330065,TRUE,0.803551971240818,0.250276191307026,-0.583569034772484,0.0472276793890514,-8.52862260578013e-05,-0.469013334472589,0.151663074756747,"H11",0.423433371070485,-0.650911525468075
"pathway_0285",-0.12931487550359,0.0620941163649692,0.209331142328635,0.0601380039180972,0.176885900210241,0.641233112448361,0.169655823730636,0.012225163610763,0.987774836389237,FALSE,-0.0621828839827154,0.152077405662034,0.0111079052306652,0.034665420907529,0.000592786806620066,-9.79347756293883e-05,0.00231002514983735,"H00",0,0
"pathway_0286",0.191833899317595,-0.0164577294172812,0.208888115282527,0.05763962073973,0.169367706444187,0.725974120339618,0.0960119792180202,0.0086461939981751,0.991353806001825,FALSE,0.103537861380733,0.165660944774119,-0.00170012547255497,0.0191576099323854,0.000147844740789892,-2.81826147173581e-05,0.00155042837001989,"H00",0,0
"pathway_0287",-0.149715968500618,0.0538390036695682,0.190746855776133,0.0623112527611138,0.177468063361194,0.660845604467362,0.150560470033283,0.0111258621381617,0.988874137861838,FALSE,-0.0774286454706803,0.147489163668068,0.0085528016632433,0.0315545173414085,0.000573097722933036,-8.91341248312748e-05,0.00207119881447537,"H00",0,0
"pathway_0288",0.472432051775767,0.120791372842552,0.203722069895369,0.0552063781661703,0.0298927055219768,0.678477842583049,0.165277783970941,0.126351667924032,0.873648332075967,FALSE,0.295696765765421,0.220201254514196,0.0345156338196139,0.0613893435921198,-0.00341091672800217,0.00679524456080123,0.0219940887868635,"H10",0.614792450746257,0
"pathway_0289",0.723911947677067,-0.836457829123886,0.204613760665915,0.0589056706540395,5.275160510218e-45,1.67748736639711e-42,0.0361939921986097,0.96380600780139,0.0361939921986097,TRUE,0.711958036437733,0.242067388268985,-0.821107573862517,0.0582928876811467,-5.99429336073376e-05,-0.584654078924916,0.203877251048131,"H11",0.530202441554596,-0.881235616584267
"pathway_0290",-0.202439792982973,-0.559420512388543,0.20788396655036,0.0597209712081177,2.9984158691615e-19,1.33201938687833e-18,0.936139937853917,0.063860062146083,0.936139937853917,FALSE,-0.0113918492497752,0.0678706536463082,-0.550083420200152,0.0592287445625905,-4.55420442365745e-05,0.00622092535348431,0.0372925320882334,"H01",0,-0.543435085200809
"pathway_0291",-0.122024662965271,-0.652448058511669,0.21103008467586,0.0598351030210412,6.77436431862902e-26,2.42671307781603e-25,0.953711198358802,0.0462888016411983,0.953711198358802,FALSE,-0.00442102062311218,0.0492061854335707,-0.641605193979764,0.0593418788089426,-2.19744915971169e-05,0.00281457530288331,0.0315070534635223,"H01",0,-0.609647456273898
"pathway_0292",0.954458425510275,-0.720354891472322,0.212915186367076,0.0553510647327934,7.63356183898465e-40,3.52637860446913e-36,0.000731508224163485,0.999268491775836,0.000731508224163485,TRUE,0.960565861279326,0.212169479859183,-0.709436688158232,0.0548363082099139,-0.00011427183894519,-0.681574935222809,0.160384336628139,"H11",0.591604344721376,-0.781983843161718
"pathway_0293",0.169843555489711,-0.0869769289370409,0.208019382994326,0.0601769661199287,0.148675349341305,0.595876683754701,0.235960581203818,0.0194873857001747,0.980512614299825,FALSE,0.0775251521005662,0.153401864691359,-0.0218515844666099,0.0479699823340425,0.00140879519265748,-0.000285252216754828,0.00388972421926088,"H00",0,0
"pathway_0294",-0.199418229144423,-0.00414781495237854,0.204281293213071,0.0599600542564496,0.165911562495633,0.731208943061718,0.094151964901714,0.00872752954093457,0.991272470459065,FALSE,-0.109669324454906,0.164920435840421,-0.00041435669045576,0.0191084776351875,-4.06145226720442e-05,4.82769565360969e-06,0.00155997113854577,"H00",0,0
"pathway_0295",0.0246801829774493,0.124039944180815,0.230968982452963,0.0575991134633437,0.099186600003893,0.336738997597028,0.529628530701365,0.0344458716977143,0.965554128302286,FALSE,0.00638007423612203,0.1194372033172,0.068883305062478,0.074225488245913,-0.000366572883921056,7.2907716006994e-05,0.00569577322324389,"H00",0,0
"pathway_0296",0.816198412948367,-0.015354368336091,0.199837466528396,0.0628069858407449,0.000588469286038461,0.925039087842226,0.000359085876217879,0.0740133569955177,0.925986643004482,FALSE,0.624727479925385,0.182798531155342,-0.001311517063032,0.0175452244794471,-0.000237069141857934,-0.00105640989152506,0.014470560875346,"H10",0.477198277044316,0
"pathway_0297",0.410353018787581,-0.104710155377804,0.207933605176872,0.0592177223822246,0.0562953260266754,0.737022487922216,0.146600902713532,0.0600812833375757,0.939918716662424,FALSE,0.246251913296498,0.204866995688404,-0.0213341801345326,0.0495895331946992,0.00271809872452433,-0.00253548395221646,0.0130868762711938,"H10",0.540188775138258,0
"pathway_0298",0.589950645510321,-0.509292862999343,0.20598179352935,0.0611651976443153,6.17958306288765e-16,3.96127095902336e-14,0.224045047446438,0.775954952553522,0.224045047446478,FALSE,0.462535884090007,0.306661992918899,-0.499855883773335,0.0605114502443799,-2.63898235222659e-06,-0.231203922101043,0.157089491585906,"H11",0.628716491566215,-0.470827540289108
"pathway_0299",0.261160878563806,-0.653266689129173,0.222843084719457,0.0586110182613494,4.58369176922586e-27,2.45432577364564e-26,0.905439239418422,0.0945607605815785,0.905439239418422,FALSE,0.0266518012924011,0.106717367023506,-0.642771292755283,0.0581398438870334,4.77809441179929e-05,-0.0170832318268556,0.0687140118961621,"H11",0.62701393992522,-0.662992761636511
"pathway_0300",-0.176415096152474,0.0382282756727583,0.221039599364844,0.05067193040114,0.172412354775943,0.70860989128306,0.109537074389053,0.00944067955194457,0.990559320448055,FALSE,-0.0902714732499662,0.167988815230473,0.00449688851120398,0.0212495716082684,0.000342544682862763,-6.33960680844682e-05,0.00171675882496547,"H00",0,0
"pathway_0301",0.171782766885799,0.00586365162200236,0.215538446403973,0.0575016652678846,0.177336039657772,0.717732519960413,0.0968404088743325,0.00809103150748305,0.991908968492517,FALSE,0.0900391489568219,0.165620425262364,0.000601950579798857,0.0185651654172235,-4.80588544585984e-05,6.14026346055622e-06,0.00139403505914072,"H00",0,0
"pathway_0302",-0.348962127817233,0.0664184718029852,0.202549933201443,0.0580284146111396,0.0863030819902156,0.800877057074729,0.0901697179452982,0.0226501429897567,0.977349857010243,FALSE,-0.215654048670391,0.188350851626038,0.00739256338243686,0.0283448771389229,0.00107630084130953,-0.000517935382165464,0.00524822391455368,"H00",0,0
"pathway_0303",0.319929002932372,-0.506106933829125,0.212677923390121,0.0583112895303833,1.21782572135383e-16,8.81915909710992e-16,0.852092963701846,0.147907036298153,0.852092963701847,FALSE,0.0491166393204805,0.142992739790125,-0.498002099331755,0.0578376300589771,4.88173285514287e-05,-0.0244113721651685,0.0716280888027868,"H11",0.485846048519921,-0.61187061287025
"pathway_0304",-0.13048611646983,-0.0774528845682066,0.213038522346115,0.0599781919172923,0.165655120056476,0.606011997431298,0.2130228854794,0.0153099970328263,0.984690002967174,FALSE,-0.0591575343636914,0.15079434476746,-0.017382313676826,0.0427638595236672,-0.000886289338987861,0.000142005479669433,0.00289084464746902,"H00",0,0
"pathway_0305",0.159417136715992,-0.723818652204141,0.22085252346242,0.0562741632709443,6.98633486789241e-36,2.75432603419751e-35,0.942748079422389,0.0572519205776106,0.942748079422389,FALSE,0.0105882110679416,0.0676393181542253,-0.713162166675455,0.0558616012164102,2.19871301642798e-05,-0.00752912441626599,0.0482406315842456,"H01",0,-0.817170387654201
"pathway_0306",0.0956834312332147,0.00268688795281317,0.212421832890676,0.0616705248590593,0.197951334589029,0.679038179843736,0.115319695907033,0.00769078966020142,0.992309210339799,FALSE,0.0478307638604132,0.153640140240676,0.000322358289237824,0.021454586693353,-1.48325327419234e-05,5.86110469057732e-07,0.00123055879965435,"H00",0,0
"pathway_0307",0.0768727933157803,-0.996858064783948,0.205645713146152,0.0568948272884161,3.81275754128302e-66,1.24944573267985e-65,0.968757295704656,0.0312427042953438,0.968757295704656,FALSE,0.00344451806713724,0.0407801629941498,-0.981956150710841,0.0564732642185872,1.15495358637848e-05,-0.00337081616639625,0.0399511114113817,"H01",0,-1.02956918637801
"pathway_0308",-0.00856262476361021,-0.00927185609183081,0.209545828723897,0.0571751153921128,0.211083135721896,0.666498715969295,0.115525586232695,0.00689256207611419,0.993107437923886,FALSE,-0.00422432490878923,0.147251741400071,-0.00111760160056596,0.0200759801728704,-5.03630222922879e-06,-3.15189949855269e-07,0.000987783221957565,"H00",0,0
"pathway_0309",0.261427432833684,0.0609712946667511,0.207069933215953,0.0557065673587575,0.13002313038778,0.730752786216574,0.123571810410247,0.0156522729853996,0.9843477270146,FALSE,0.144425111464667,0.175617103462466,0.00835321347022602,0.0292762842883325,-0.000972935892500234,0.000233477894025314,0.00327964524589374,"H00",0,0
"pathway_0310",0.695503918744175,-0.74602245395948,0.206147498827854,0.0537665374786381,6.53111906639106e-43,1.35026533091694e-40,0.059309108777292,0.940690891222708,0.059309108777292,TRUE,0.665982932370285,0.259124667275722,-0.734727228491621,0.0533021442351408,-3.64640426902541e-05,-0.489352258165832,0.1944070674709,"H11",0.565743159683769,-0.693875110386421
"pathway_0311",0.380324617645815,0.0585268225099043,0.204908993447824,0.0586398515185602,0.0753335774878505,0.835480698129661,0.0681265114093119,0.0210592129731762,0.978940787026824,FALSE,0.242720069272663,0.191928780137407,0.00510874281487154,0.023834090162412,-0.00080338173038873,0.000436612679533107,0.00491612354311164,"H00",0,0
"pathway_0312",0.519523623610196,-0.524084980691674,0.211040309542426,0.0558949008606515,1.31293932165501e-19,3.7778476478661e-18,0.455524459484257,0.544475540515743,0.455524459484257,FALSE,0.287497858898428,0.304789849281344,-0.516016107837312,0.0554261315837907,7.56532406254173e-05,-0.148277872919702,0.158989241383122,"H01",0,-0.413496732150493
"pathway_0313",-0.575157150703919,-0.0322959974881551,0.210711919205002,0.0577769538069924,0.0196614995520034,0.939469220025578,0.0125172228412198,0.0283520575811992,0.971647942418801,FALSE,-0.409525601841616,0.194314325532214,-0.00125030726315099,0.0130613188649026,-3.65199746591481e-05,0.000475512859769704,0.00648637857547282,"H00",0,0
"pathway_0314",-0.268756216242097,-0.684192599256334,0.221013801351913,0.0586638961958206,1.4149171770935e-29,7.83673204039949e-29,0.926759726036795,0.0732402739632047,0.926759726036795,FALSE,-0.0172180526866348,0.085131964864249,-0.673124702025375,0.0582001444533102,-7.70794789437517e-05,0.0115128171052045,0.057142391716345,"H01",0,-0.690366381086483
"pathway_0315",0.0164829118477081,0.0427130842270045,0.200740928019132,0.0646013811688725,0.205641863782029,0.63024926695699,0.155228681801368,0.00888018745961265,0.991119812540388,FALSE,0.00789147462393746,0.139136100066646,0.00687352161727613,0.0302040124606992,-5.00240861288651e-05,4.21813529095501e-06,0.00142976699749131,"H00",0,0
"pathway_0316",-0.109043153440691,-0.609539670580988,0.215936597777027,0.0574074382606725,1.35755977505901e-24,4.79820115017278e-24,0.952210888009858,0.0477891119901419,0.952210888009858,FALSE,-0.0039759789821093,0.0499483356651041,-0.600198742910058,0.0569707141527497,-1.83024850011074e-05,0.00236807510189771,0.0299412210389888,"H01",0,-0.625246635925489
"pathway_0317",0.317672882535661,-0.719362806929916,0.198703801299773,0.0634812705652147,6.0890527796573e-28,4.82285951887272e-27,0.858871628262748,0.141128371737252,0.858871628262748,FALSE,0.0473113985055415,0.138171766663011,-0.7057038710174,0.0628787007066063,0.00010994619249393,-0.0332778908761136,0.0976471102696859,"H11",0.534134417330917,-0.748015842573451
"pathway_0318",0.540418357332134,-0.603590376659677,0.201802871241232,0.058608399597148,1.31313952331396e-23,5.83002796554381e-22,0.339846455701179,0.660153544298821,0.339846455701179,FALSE,0.363388031037937,0.30716732378206,-0.593126248297019,0.0580528009823159,0.000108564478847079,-0.215426415046725,0.184293929812899,"H11",0.563267068377771,-0.647506793113527
"pathway_0319",0.149923369361023,-0.833143863414702,0.213575876216736,0.0537157642552892,5.30136790287605e-52,2.02691400897163e-51,0.951007851585015,0.0489921484149848,0.951007851585015,FALSE,0.00873068783936076,0.0605538666569342,-0.82197438140597,0.0533583037213422,2.09941954577957e-05,-0.00715540754054939,0.0497285496146566,"H01",0,-0.843623553704507
"pathway_0320",0.0546740227489195,-0.00347241908342161,0.211018504868754,0.0590365112003898,0.206469027995443,0.671060253351425,0.115316797425819,0.00715392122731268,0.992846078772687,FALSE,0.0270836005046681,0.149689110567041,-0.000419494241463271,0.020522737842187,9.0791707627607e-06,-2.28224368703929e-06,0.00106759691236026,"H00",0,0
"pathway_0321",0.0617203133989245,-0.00429492610152168,0.191884962229139,0.0655644294482159,0.211474765891859,0.650010502459433,0.13098222142265,0.00753251022605869,0.992467489773941,FALSE,0.0310965122013129,0.138041939009296,-0.000584712083041213,0.0242012861076996,1.51833920648712e-05,-2.99911435967499e-06,0.00112477016875156,"H00",0,0
"pathway_0322",-0.259979652042419,0.0132101127400203,0.210072838987721,0.0548251851522185,0.140287287022372,0.775385032201483,0.0748317433312164,0.00949593744492866,0.990504062555071,FALSE,-0.1494867853668,0.177599459160831,0.00110423216194376,0.0162203344193618,0.000131038322407368,-3.40297937802358e-05,0.00179976604019985,"H00",0,0
"pathway_0323",0.166743508464425,-0.0135714112007956,0.21419117574404,0.0535613289646474,0.179989634440325,0.718170486664801,0.0941124824432645,0.00772739645160987,0.99227260354839,FALSE,0.0876992657632037,0.16446409763601,-0.00136655509445275,0.017455520264754,0.000101634370926911,-1.82115074815605e-05,0.00129363921176867,"H00",0,0
"pathway_0324",0.357659966115387,-0.0115259202459607,0.205420046282367,0.0595875570019939,0.0889378351860245,0.846877526525408,0.0509738710422597,0.0132107672463077,0.986789232753692,FALSE,0.228269271812641,0.188438587196837,-0.000740858028644653,0.0152306047082897,0.000110311464817406,-5.8803657897857e-05,0.00281247369503713,"H10",0.4933138199645,0
"pathway_0325",0.483833910296962,-0.840728377272018,0.205260264156924,0.0586607587932854,1.29698107683032e-44,3.1374120691895e-43,0.573738962217529,0.426261037782471,0.573738962217529,FALSE,0.214661070495098,0.282183063819366,-0.826290803205126,0.0581513673082694,0.000300339804281846,-0.177072128551985,0.23375459045577,"H11",0.54755350207366,-0.842778570401843
"pathway_0326",0.474024395843763,-0.0730603232654733,0.22441211179713,0.0577474099577702,0.0532264121810864,0.846044522588501,0.0638651527314063,0.0368639124990065,0.963136087500993,FALSE,0.299017301873852,0.210333831094139,-0.00728200626644604,0.0283481887425771,0.000920300654876145,-0.00125714521114504,0.00912947041999519,"H00",0,0
"pathway_0327",0.817174772797281,-0.456595498205714,0.223725259713375,0.0537190506955745,1.27295525559198e-17,4.61252297820361e-15,0.0195458838665577,0.980454116133438,0.0195458838665624,TRUE,0.80102671478036,0.246416288913295,-0.450576570190773,0.0532505211520862,-0.000117341317958597,-0.361041211094876,0.120028739050563,"H11",0.465581212572085,-0.529424809269505
"pathway_0328",0.0556871084846247,-0.819204054148697,0.201644767327838,0.0587985976586015,5.6824035072925e-42,1.7932408796796e-41,0.963500901889765,0.0364990981102345,0.963500901889765,FALSE,0.00299970118228982,0.0411506554282623,-0.806116242303568,0.0583315905159212,7.26996161568971e-06,-0.00241083788348535,0.0331180233900968,"H01",0,-0.808316077623825
"pathway_0329",-0.399941105496788,-0.0422795935512459,0.207596607501915,0.0555177695845798,0.0704702229895933,0.86265726909801,0.0492237729494272,0.01764873496297,0.98235126503703,FALSE,-0.260209628463213,0.193426487410415,-0.00276604800043476,0.0175994795409778,-0.000442866891345395,0.000276885431159148,0.0039769727674372,"H00",0,0
"pathway_0330",0.0915780220991017,-0.0722799914299086,0.22091227863013,0.0578660750904618,0.174124447671551,0.606625771708781,0.205214696790124,0.0140350838295439,0.985964916170456,FALSE,0.0406956371851357,0.150625403835135,-0.0156033126721074,0.0398705549045026,0.000540920834305087,-9.40659170852265e-05,0.00257238302691198,"H00",0,0
"pathway_0331",-0.135356386837086,-0.0352602714121041,0.209260761961318,0.055536907303793,0.186554997069844,0.685284794271867,0.119470147987024,0.00869006067126492,0.991309939328735,FALSE,-0.0689499826625774,0.156257597028069,-0.00445075100720987,0.0228986025254243,-0.00026876121291786,3.81179918647096e-05,0.00147523641962984,"H00",0,0
"pathway_0332",-0.192391247737,-0.109352171463929,0.209456779056528,0.0591536960504606,0.116843677384635,0.501663263700838,0.350716553846336,0.0307765050681911,0.969223494931809,FALSE,-0.0761998380641279,0.15020026802192,-0.0410158083964448,0.0635651253377768,-0.00252467160975965,0.000600726348118743,0.00585899607694954,"H00",0,0
"pathway_0333",0.157844310092932,0.0912897022833017,0.199792909557179,0.0619177979133315,0.149765427232986,0.576333810757649,0.254582871898241,0.0193178901111239,0.980682109888876,FALSE,0.0710572589295628,0.146404087896439,0.0245474556257712,0.0512711723699459,-0.00148650590358794,0.000257769006874441,0.00370976234887664,"H00",0,0
"pathway_0334",0.657163158701972,-0.73983913827627,0.216184567718994,0.0551049341501134,7.28058149015223e-40,6.48638601408255e-38,0.150393252635122,0.849606747364878,0.150393252635122,TRUE,0.570445716059723,0.310552555435616,-0.728158610151986,0.054618695330808,4.11013117423975e-05,-0.41533385846146,0.2290642083986,"H11",0.586370039798048,-0.705315159651943
"pathway_0335",-0.15433605608468,0.0437239447568806,0.206167283173128,0.0589039937140006,0.177954195147033,0.682142389191843,0.129836292821306,0.0100671228398178,0.989932877160182,FALSE,-0.0791133989611339,0.156790788825851,0.00602234348062813,0.026467304181899,0.000408686454069277,-6.77616083946403e-05,0.00186432601019345,"H00",0,0
"pathway_0336",0.620880342544706,-0.859018944333237,0.210183237647426,0.0585981836748371,4.31627385038763e-47,3.29001974814016e-45,0.204612724212668,0.795387275787332,0.204612724212668,FALSE,0.508584128320282,0.317729788805803,-0.843511792424569,0.0580277318214402,0.000165479471903707,-0.428831230206224,0.270330640731859,"H11",0.590094664644373,-0.86738643850637
"pathway_0337",0.715685144419565,-0.806681314792482,0.200287745250578,0.0586818507386044,2.37568964435309e-42,8.59522154273176e-40,0.032239838792093,0.967760161207907,0.032239838792093,TRUE,0.705526617423489,0.23382813998827,-0.792026011172724,0.0580749597727789,-6.45601807325313e-05,-0.558859992754843,0.190492437116991,"H11",0.592281773722239,-0.757838278222025
"pathway_0338",-0.231130770715954,-0.913670112104209,0.199293199459377,0.0628990154599216,1.63254025489061e-45,8.21877741613736e-45,0.952181725749312,0.047818274250688,0.952181725749312,FALSE,-0.00941497573351011,0.0602414477245758,-0.896901644883748,0.0623336325997612,-6.0143546104393e-05,0.00838416367582139,0.0537795955656547,"H01",0,-0.838772101965037
"pathway_0339",-0.074645855877036,-0.0694799256776619,0.205974043345341,0.0600398257142751,0.184034610194965,0.601901631534531,0.201562467310623,0.0125012909598807,0.987498709040119,FALSE,-0.0340061248818734,0.141682382589841,-0.0146209063320071,0.039288404271144,-0.000438874288611996,5.83260780004113e-05,0.00216648201831497,"H00",0,0
"pathway_0340",0.579180965650661,-0.772663904546518,0.208130643065409,0.0556982262326472,3.50609282197923e-42,1.88236660581153e-40,0.289044887367223,0.710955112632777,0.289044887367223,FALSE,0.423137032471759,0.320883043888562,-0.760250769456751,0.0552182093123977,0.000168883059693647,-0.321521371462607,0.245705836716128,"H11",0.508618085489664,-0.837130710784695
"pathway_0341",0.177311138711539,-0.757792912364203,0.201696090979519,0.0595147589516811,3.87936706881681e-35,1.5873442986758e-34,0.941961927298318,0.0580380727016819,0.941961927298318,FALSE,0.0115744415880282,0.0670107139189266,-0.745334515715714,0.0590276812363827,3.0195436104585e-05,-0.0085966353795882,0.0499312881832025,"H01",0,-0.840409583013681
"pathway_0342",0.560005637608109,-0.616457010102306,0.213444183112219,0.056724417312714,3.62155008966589e-26,1.39593752848841e-24,0.36025468982555,0.63974531017445,0.36025468982555,FALSE,0.365491431596542,0.32210217616722,-0.606478847105879,0.0562233389073533,0.00010853173201622,-0.221554290329732,0.197278271571249,"H11",0.392578667037635,-0.622264110524083
"pathway_0343",0.163180337639519,-0.0339098963838814,0.218507969053708,0.0546354305858923,0.177162950788575,0.703103323719944,0.110669186982146,0.00906453850933546,0.990935461490664,FALSE,0.0833438056073495,0.164950705546889,-0.00400694237790564,0.0216896875429757,0.000283738510638717,-5.02153159853012e-05,0.00164194883940973,"H00",0,0
"pathway_0344",0.147393430053332,-0.757083465248767,0.200487561028357,0.0588479905298342,7.26232565983667e-36,2.71459733063041e-35,0.949069999611132,0.0509300003888679,0.949069999611132,FALSE,0.00864802681065887,0.0583292622383034,-0.744928844142838,0.0583776728501699,2.21529828551446e-05,-0.00642001163332524,0.0434313954436398,"H01",0,-0.697703628811478
"pathway_0345",0.090846068153752,0.0427842157049648,0.193963838955624,0.0629775903141057,0.198855931309365,0.643873214910007,0.148194383466551,0.00907647031407729,0.990923529685923,FALSE,0.0452408466240453,0.140826365248444,0.00660206675669883,0.0290833046130753,-0.000266713403225411,3.19696863161094e-05,0.00150023491169065,"H00",0,0
"pathway_0346",-0.268200617709178,-0.61455097581851,0.214256555779367,0.052282670188262,4.39857355198807e-30,2.48288121547221e-29,0.920213117845564,0.0797868821544361,0.920213117845564,FALSE,-0.0190740840435826,0.0882055136263507,-0.606603425972368,0.0519522743798369,-6.23274554983847e-05,0.0115080772726237,0.0534180430573297,"H01",0,-0.666730544393083
"pathway_0347",0.62067596162359,0.0378933858027721,0.202036542422885,0.0599591506817052,0.00918830791042303,0.947955753893594,0.00633090142934949,0.0365250367666334,0.963474963233367,FALSE,0.460367744007307,0.185375790048642,0.00152265676963596,0.0142357183560285,7.63164504302926e-05,0.000777298512365054,0.0083740999503237,"H10",0.490366805719222,0
"pathway_0348",0.371248368768244,-0.651791368528786,0.189630245126841,0.0598419665423077,6.14270838977691e-26,7.83638292640385e-25,0.758492055103315,0.241507944896685,0.758492055103315,FALSE,0.0928378287177736,0.188698068073911,-0.640571836525852,0.0593206536438629,0.00013733182902366,-0.059331966611793,0.121275994902943,"H11",0.510529154640568,-0.634096805430852
"pathway_0349",0.778670242945875,-0.619746248596008,0.205624840020264,0.0599109238634459,3.2735037467019e-25,2.02308570144677e-22,0.0132788240448913,0.986721175955109,0.0132788240448913,TRUE,0.774503502564775,0.221287481106429,-0.608661128131617,0.0592615913865827,-0.00011404565667944,-0.471524221269644,0.143313094980837,"H11",0.529895985661323,-0.610286045967953
"pathway_0350",0.274096313332985,-0.802119227627974,0.206111655010606,0.0612145219585004,3.53614457941331e-37,2.11522290089901e-36,0.905247977484588,0.0947520225154118,0.905247977484588,FALSE,0.0281199309871402,0.107237509034204,-0.788067448536006,0.0606816931551447,7.74733007819668e-05,-0.0220829289652622,0.0844998850575492,"H01",0,-0.854219119114518
"pathway_0351",0.425947922116099,0.00105416677046608,0.210316897937044,0.058766198548342,0.0628304709138238,0.886744499173436,0.0348799614927301,0.0155450684200102,0.98445493157999,FALSE,0.281881073924047,0.195074043246772,3.33473519255156e-05,0.0130827511047467,-1.25465568854401e-05,-3.14656951215258e-06,0.00337991257963873,"H00",0,0
"pathway_0352",-0.353979022869953,-0.624750715298114,0.203150983363284,0.0593547659787243,3.2818695074709e-24,3.12492249412279e-23,0.861714878776442,0.138285121223558,0.861714878776442,FALSE,-0.0450573499052923,0.135084251013259,-0.614108442699041,0.0588721520739061,-0.000181550777459485,0.0274885482050254,0.0828105176511106,"H01",0,-0.660061992309121
"pathway_0353",0.322527867883875,0.0365983835367898,0.211168315187774,0.0570619492444756,0.108731951034293,0.806100961051588,0.0717969121131189,0.0133701758009994,0.986629824199001,FALSE,0.19334817723693,0.187235345783894,0.00305660292908452,0.0193220312173416,-0.000445395664110299,0.000145592940765254,0.0028858897958196,"H00",0,0
"pathway_0354",0.420560105242814,-0.747369831875507,0.210734880247595,0.0585937898686388,2.23047184094789e-35,3.01398135238487e-34,0.733524706943578,0.266475293056422,0.733524706943578,FALSE,0.117049760132714,0.222040901816916,-0.734962173758391,0.0581037955155251,0.000185852730944805,-0.0858412934140931,0.163539425083702,"H01",0,-0.750525693989391
"pathway_0355",0.372299265945358,0.00673100602403104,0.20977475664056,0.0580894583745123,0.0856283088404833,0.853897134034646,0.0473012998770838,0.0131732572477867,0.986826742752213,FALSE,0.236914046539107,0.191632782908054,0.000386658957333161,0.0142488915980149,-6.6552297145327e-05,2.50526410670639e-05,0.00277804496101262,"H10",0.496914917564909,0
"pathway_0356",0.0223017021511168,-0.802962641460859,0.206719740324252,0.0599926756684027,9.33930442422236e-39,2.93043215387518e-38,0.963849346973206,0.0361506530267941,0.963849346973206,FALSE,0.00181450627774072,0.0400219924983576,-0.789614851389903,0.059496907398275,2.66835189741588e-06,-0.00143009275294687,0.0315428658371066,"H01",0,-0.786441995418903
"pathway_0357",0.178266428317058,-0.877505581277031,0.210639312334931,0.0592863609507919,2.63760286444483e-47,1.08451077582658e-46,0.947692645499851,0.0523073545001486,0.947692645499851,FALSE,0.0108128134768826,0.0662646517534264,-0.863206431132163,0.0588071041965333,3.40933308752758e-05,-0.00929959680100228,0.0571266894121188,"H01",0,-0.732748308647051
"pathway_0358",0.0917094626946433,-0.874299347038393,0.230821133151051,0.0532936869072527,3.96326523635131e-58,1.41471522755001e-57,0.958562410241285,0.041437589758715,0.958562410241285,FALSE,0.00529944138062649,0.0529398546141414,-0.862778032086561,0.0529454910598847,1.21973539227915e-05,-0.00456004425161222,0.04561298310995,"H01",0,-0.824816022860388
"pathway_0359",0.292165637557877,-0.823810631256922,0.203353330746804,0.058798116740571,1.79287356476287e-42,1.19042512737965e-41,0.894194799915149,0.105805200084851,0.894194799915149,FALSE,0.0332958439138431,0.116875785788735,-0.810443350182639,0.0583249454237617,8.66292743839578e-05,-0.0268977660143093,0.094701321279477,"H11",0.504825069795285,-0.816090808199159
"pathway_0360",-0.0236490973114414,-0.640352796325842,0.205800418818175,0.0622822418917527,4.61614131098416e-23,1.44452633262865e-22,0.958601713671899,0.0413982863281009,0.958601713671899,FALSE,-3.3837180934002e-05,0.0414572675568255,-0.628870792158298,0.0617258646152569,-5.72807390395523e-06,1.55511408744142e-05,0.0260496938007193,"H01",0,-0.700149683465644
"pathway_0361",0.137251644422826,-0.631284248133882,0.21617436989,0.0562154419302562,1.82617359335606e-27,6.81199665475348e-27,0.943320848832686,0.0566791511673143,0.943320848832686,FALSE,0.00899154665636746,0.0627414203567435,-0.622010268793987,0.0558032240408501,1.48041803887675e-05,-0.00557803017221203,0.0390679381761653,"H01",0,-0.729804596258274
"pathway_0362",0.394885949874181,-0.864308224338746,0.210495828131948,0.0610274052977557,2.11281206600188e-43,2.41151771996138e-42,0.794931503447582,0.205068496552418,0.794931503447582,FALSE,0.0857792472588444,0.193445869834262,-0.848903695487059,0.060488531547477,0.000209062335568153,-0.072609257658563,0.164287742474836,"H01",0,-0.914558920616775
"pathway_0363",-0.0230230648103468,0.0478536391743273,0.206414291496543,0.058836274283843,0.202010957250321,0.633357667405352,0.155451301811197,0.00918007353312974,0.99081992646687,FALSE,-0.0109601666546984,0.142554456592666,0.00775193816086327,0.0294219175478753,7.33982146759431e-05,-1.15643194640344e-05,0.00147603254008824,"H00",0,0
"pathway_0364",0.43655899375334,-0.947951830576146,0.213268607630102,0.0584106097408188,6.73906001770425e-57,9.80822486034663e-56,0.743919520472338,0.256080479527662,0.743919520472338,FALSE,0.118537064886718,0.228514081059684,-0.932274742933484,0.057935884498932,0.000275232562614733,-0.11023387913274,0.213080226083015,"H11",0.613431806988503,-0.979877865071529
"pathway_0365",0.0448903765300343,-0.00979587052283037,0.205139520014523,0.0576002141079719,0.210651596586472,0.66611174748317,0.116283487891988,0.00695316803837002,0.99304683196163,FALSE,0.0223988583176627,0.145739956330063,-0.00118941522156505,0.0203130595600263,2.28400798068289e-05,-3.801463221878e-06,0.00100352353658756,"H00",0,0
"pathway_0366",0.258836454481392,-0.783570124072938,0.202375560738725,0.0589643132672811,2.99366462279724e-38,1.69204234086904e-37,0.91157168595608,0.0884283140439201,0.91157168595608,FALSE,0.0247971723470051,0.0994536227597216,-0.770835441787105,0.0584879392418684,6.28188504007074e-05,-0.0190517204507739,0.0766583940542,"H11",0.445463828710529,-0.724654035940752
"pathway_0367",0.285149591979661,0.0313550965232627,0.218197254276917,0.0547942195807216,0.130296132906796,0.779119577959805,0.0793324702313059,0.0112518189020928,0.988748181097907,FALSE,0.161820654351556,0.184470765455018,0.00279169802365301,0.0186100063961532,-0.000359142263489953,9.26121374495234e-05,0.00230333538693887,"H00",0,0
"pathway_0368",0.855825881173766,0.0173978415922746,0.188023998287974,0.0636295451581685,0.000105935818428208,0.90713259367622,6.59561554902541e-05,0.092695514349862,0.907304485650138,FALSE,0.676602634599796,0.175477279853811,0.00130911039550286,0.0195750515849672,0.000203483007104394,0.00108923054968361,0.0168460124841497,"H10",0.548538659184481,0
"pathway_0369",0.267460273908404,0.0808700813798615,0.206413291027232,0.060222231005964,0.119738412547912,0.693418462131826,0.165241062446677,0.0216020628735855,0.978397937126415,FALSE,0.142179563850928,0.175498728774524,0.0148332144548555,0.0402937301261291,-0.0016731522255659,0.000435827736132742,0.00473014486754385,"H10",0.521457338069952,0
"pathway_0370",-0.166352183596698,0.0157066074720904,0.208796421753589,0.0527736577602618,0.180693265997825,0.717411104236869,0.094237127435066,0.00765850233024013,0.99234149766976,FALSE,-0.0886010034879677,0.161894267541059,0.00158244485871612,0.0173823382010064,0.000119614563427357,-2.05916390192672e-05,0.00126382079981884,"H00",0,0
"pathway_0371",-0.065612139279336,0.0409038394241319,0.216319437363943,0.0561076126399926,0.197199296899327,0.658159015046763,0.13588935800679,0.00875233004712075,0.991247669952879,FALSE,-0.0315717715808919,0.151683740633598,0.00583098679105336,0.0254895997864169,0.00015983564459622,-2.42589384621149e-05,0.00144118491454315,"H00",0,0
"pathway_0372",0.32711005818401,-0.0211506299592516,0.20487166619014,0.0626989878311529,0.102904759695351,0.819560164135236,0.0643722919654019,0.0131627842040112,0.986837215795989,FALSE,0.202438087133375,0.18518045457224,-0.00162287552363923,0.0181765314180605,0.00023488594070559,-9.36458759555087e-05,0.00286994195295591,"H10",0.542175004458417,0
"pathway_0373",0.0367687249344536,-0.0543954615232341,0.192828397264226,0.0684334197753612,0.202666610580663,0.609434677274488,0.177958539704267,0.00994017244058239,0.990059827559418,FALSE,0.0174488774971656,0.13347946462309,-0.0100010328954822,0.0359611291356613,0.000153168442112738,-2.13383557256544e-05,0.0016701912044737,"H00",0,0
"pathway_0374",0.709924558812208,-0.753980186610797,0.204405300472827,0.0632445792217325,3.6360374087163e-32,9.78893096869336e-30,0.0432366529595541,0.956763347040446,0.0432366529595541,TRUE,0.690810992108341,0.246496298344747,-0.738277177379129,0.0624889255720435,-7.0734619895263e-05,-0.510080723976116,0.1880330211707,"H11",0.468417292870733,-0.692284603804385
"pathway_0375",-0.200659560102074,-0.844317908655532,0.198831972403843,0.0606628261978036,7.29958463492233e-42,3.24720035705425e-41,0.954008994251819,0.0459910057481808,0.954008994251819,FALSE,-0.00778875244677566,0.0551630963190329,-0.829897183907293,0.0601532243210224,-4.37804743912019e-05,0.00642008324733895,0.0455982487022924,"H01",0,-0.828818408037266
"pathway_0376",0.470159451853458,-0.71903909766457,0.200274353519244,0.060354994190528,4.87929965079738e-31,1.16961448488948e-29,0.564295900422742,0.435704099577258,0.564295900422742,FALSE,0.211393402457682,0.273905091481461,-0.706030100744347,0.0597923321350281,0.000234812044408561,-0.149015293189479,0.194259472583121,"H11",0.5696467733344,-0.6840989380722
"pathway_0377",0.624610898828767,0.0866987753168893,0.211118757252839,0.0606370989941538,0.0116700945269733,0.894375202301387,0.018250141552708,0.0757045616189319,0.924295438381068,FALSE,0.452552198834381,0.200705595686626,0.00783047558685574,0.0304885224270798,0.000263806071131509,0.00380750501588201,0.0176438755036425,"H10",0.549527395493379,0
"pathway_0378",-0.119182432084429,-0.0681595900923051,0.207789207766772,0.05978197801505,0.175995571867528,0.622768572286482,0.188289057847794,0.0129467979981958,0.987053202001804,FALSE,-0.055944886508526,0.148600032024926,-0.0134830693439156,0.0377996027882324,-0.000657746635308648,9.65621489232984e-05,0.00236724200248999,"H00",0,0
"pathway_0379",-0.152428701076219,-0.0279298864202839,0.218525288791528,0.0559690893357616,0.181342630602063,0.701682905112092,0.108461527239823,0.00851293704602213,0.991487062953978,FALSE,-0.077591272559345,0.163651061369252,-0.00321578196441036,0.0209551257893077,-0.000216558265576237,3.29583493157533e-05,0.00148397383183997,"H00",0,0
"pathway_0380",0.491612843216015,0.0691180078932856,0.194795620341191,0.062919076256131,0.0271515006484759,0.907934172380241,0.0291471705118284,0.035767156459455,0.964232843540545,FALSE,0.35568185964202,0.188174622832749,0.00433401042405921,0.0228510386508879,-0.000413507645315555,0.00112802124202172,0.008769196187885,"H10",0.509947120867726,0
"pathway_0381",-0.170041493728224,-0.0815364706207218,0.193879435930892,0.0632707207417809,0.155169290814158,0.618969574332313,0.209273027959726,0.0165881068938026,0.983411893106197,FALSE,-0.0827167725718737,0.149128846185182,-0.0180626144905677,0.0447833038622074,-0.00128051816770109,0.000213563007168628,0.00325911519400376,"H00",0,0
"pathway_0382",0.991158586242185,-0.89261079879769,0.213762434840127,0.0516491931843013,6.77902109666352e-68,5.13290372058827e-64,0.000382769304009974,0.99961723069599,0.000382769304009974,TRUE,1.0034357451995,0.212337143711096,-0.880378879437482,0.0512301947225054,-0.000100550492635687,-0.883504187438889,0.194640872953179,"H11",0.525801873954886,-0.918242537468986
"pathway_0383",0.0412300223014211,-0.0129274420741586,0.204681431012294,0.0604184248601706,0.209795979790836,0.660536423406445,0.122392833927587,0.00727476287513267,0.992725237124867,FALSE,0.0204401916649314,0.144827486341301,-0.00164872742376392,0.0219897580005043,2.89854808998723e-05,-4.71482364509075e-06,0.00107840371688433,"H00",0,0
"pathway_0384",0.498083610693939,-0.91674697348496,0.210339227905388,0.0616677165093332,6.91010104011886e-48,1.68848109140436e-46,0.575844694758115,0.424155305241885,0.575844694758115,FALSE,0.221080712131553,0.291091779730142,-0.899351103743796,0.0610819945361706,0.000388274093386543,-0.19844090837859,0.262319026851857,"H11",0.523247068762519,-0.88311861493828
"pathway_0385",-0.18259206982327,-0.0560500474117603,0.216914354912711,0.0557034747661664,0.16358848121539,0.682286678770816,0.141881847042853,0.0122429929709406,0.987757007029059,FALSE,-0.0914453304339812,0.165153253170816,-0.00850713423864584,0.0294697035542386,-0.000661645126195877,0.000116292575303327,0.00236929929220935,"H00",0,0
"pathway_0386",0.774141358329093,-0.0501349445144751,0.188703457971602,0.0645548490258478,0.000481429264389754,0.913494395320411,0.000393956520856108,0.0856302188943434,0.914369781105657,FALSE,0.609701377311379,0.174763536461456,-0.00443302907865686,0.0236287257109496,-0.000673965176261955,-0.00337678911118043,0.0185773445501469,"H10",0.468524930187191,0
"pathway_0387",-0.0545070132059652,-0.0149612267753579,0.201341234774283,0.0603731969800504,0.20959359105298,0.659969564301649,0.123127410584647,0.00730943406072379,0.992690565939276,FALSE,-0.0272197369487547,0.143587827302032,-0.00191722623111025,0.0221783906756542,-4.74768720477774e-05,4.7095216342959e-06,0.00108259052898906,"H00",0,0
"pathway_0388",-0.203344516015637,-0.866067826276569,0.209845515152396,0.0529524956875497,8.68884691356573e-58,3.86661723593241e-57,0.955032941025005,0.0449670589749951,0.955032941025005,FALSE,-0.00753334859239767,0.0560773815231126,-0.854755523519162,0.0526128657246436,-3.37036287266943e-05,0.00640546769122052,0.047781379580821,"H01",0,-0.804147488909712
"pathway_0389",0.494560251288475,-0.0290084759982721,0.216511130935363,0.0541150014697292,0.0433582722665879,0.91064835676359,0.025567080091253,0.0204262908785692,0.979573709121431,FALSE,0.333055363392812,0.200297634671528,-0.00133823273555565,0.0130301272227496,0.000149304990939396,-0.000296400599105246,0.0046490290908631,"H00",0,0
"pathway_0390",-0.00491535068104504,-0.0312379757582341,0.201827528877405,0.0623431088791434,0.209478555686237,0.64311948553483,0.13939894458743,0.00800301419150279,0.991996985808497,FALSE,-0.00238521708234532,0.14085236802269,-0.00452135572268122,0.0260923829842183,-1.09095399107263e-05,-1.25125005627324e-07,0.00122942750503038,"H00",0,0
"pathway_0391",0.0658338057486939,-0.543687654924206,0.200889952722282,0.0559859440539462,1.17651116164261e-20,3.74592051394125e-20,0.952376158720937,0.047623841279063,0.952376158720937,FALSE,0.00394234383320803,0.0468661994132688,-0.535777676379478,0.055578983355894,3.75717766271967e-06,-0.00210846264078244,0.0251586091119721,"H01",0,-0.559930970472283
"pathway_0392",-0.062425620051448,-0.0334901174554403,0.220074995513153,0.0540591271156571,0.199132569750849,0.669863369872892,0.123018832368631,0.00798522800762796,0.992014771992372,FALSE,-0.0301981795823092,0.154509098034879,-0.00432623543155555,0.0224002452079709,-0.00011597477212515,1.46696623523133e-05,0.00126307648994249,"H00",0,0
"pathway_0393",0.840214057665157,0.0436640004354771,0.214833076301005,0.0627173525238906,0.00114132263844059,0.907853252882832,0.000856825104746568,0.0901485993739804,0.90985140062602,FALSE,0.623699434085843,0.197068549497658,0.00363475340068977,0.0219428638787109,0.000671605208418375,0.00293859884747018,0.0184785067493927,"H10",0.486637133780371,0
"pathway_0394",-0.406142210725808,-0.851584393839686,0.207292138754902,0.0558486457437929,2.76790469552335e-50,3.55041605267701e-49,0.854161508946336,0.145838491053664,0.854161508946336,FALSE,-0.053621633934772,0.151594836440414,-0.838706641606488,0.0554572836774426,-0.000242658576538615,0.0447301619383465,0.126743073818746,"H01",0,-0.839256224177581
"pathway_0395",0.103205335420689,-0.821072939431542,0.20527508957843,0.0582147724105535,5.17221346004341e-43,1.76492019183354e-42,0.958479562251937,0.0415204377480634,0.958479562251937,FALSE,0.00538885924894245,0.0488413685755926,-0.80819635575426,0.0577609856444942,1.46283826294872e-05,-0.00434062802403843,0.0394237024126086,"H01",0,-0.782001643456806
"pathway_0396",0.598244324840674,0.0450806826923148,0.230199433350652,0.0519288628231155,0.0264182935904868,0.922357086767095,0.0188322259671976,0.0323923936752204,0.96760760632478,FALSE,0.400697800362466,0.209736921938576,0.00223172416048986,0.0151114571330218,-8.78848283428253e-05,0.000806362133781232,0.00747164064800689,"H10",0.555147461173581,0
"pathway_0397",-0.0901886928911954,0.0886157559393916,0.209513195126617,0.0580396415895032,0.160860129282339,0.543094724380634,0.277891261000457,0.0181538853365703,0.98184611466343,FALSE,-0.0374451215109391,0.138940864964768,0.0258268493057268,0.050672463835371,0.00082016230639054,-0.000146927204107112,0.00319343786683881,"H00",0,0
"pathway_0398",0.0814106921825859,-0.0283840578112711,0.188567548557181,0.063808580486666,0.206843375161118,0.647889401534488,0.137179093774698,0.0080881295296962,0.991911870470304,FALSE,0.0412644052392091,0.137535957276081,-0.00404760570522427,0.0260131764946253,0.000147760273539824,-1.92617685290851e-05,0.00126671295243059,"H00",0,0
"pathway_0399",0.0265274763363845,-0.760727902610014,0.202933566026775,0.0582720374336851,6.44790387556378e-37,1.99984833762665e-36,0.962660839809112,0.0373391601908877,0.962660839809112,FALSE,0.00193934722877195,0.0400630061576605,-0.748781946311802,0.0578168568285459,2.59845885693978e-06,-0.00144954973367732,0.0299559799876392,"H01",0,-0.779266909853663
"pathway_0400",0.556698746971823,-0.544638160726222,0.221023354967692,0.0584862500493106,2.15708155210857e-19,6.7051288609242e-18,0.409551923920832,0.590448076079168,0.409551923920832,FALSE,0.334167377047271,0.325028350893413,-0.535446455877267,0.057943150279579,7.55514182130268e-05,-0.178853186291551,0.176160842170268,"H11",0.538987265085643,-0.532911401654034
"pathway_0401",0.516245233573299,-0.0788807512074666,0.211787501105556,0.0536923268693061,0.0315807977803469,0.868999220363792,0.0465151758116187,0.0529048060442428,0.947095193955757,FALSE,0.352762064354011,0.205103772610136,-0.00778629514160581,0.0288336196821586,0.000623429907787778,-0.00212327964003469,0.011868975312759,"H10",0.574917488948393,0
"pathway_0402",0.167739420326782,0.0412097566763007,0.19707773205094,0.062972409788198,0.173812843973641,0.688631807368041,0.127422417825172,0.010132930833146,0.989867069166854,FALSE,0.0887454801339658,0.154797046596385,0.00555813868856582,0.0270015180709633,-0.000428865280144831,6.43944064231136e-05,0.00188135150355532,"H10",0.46488064770336,0
"pathway_0403",0.392373182725094,-0.0285873267273057,0.199783157382175,0.059638970649015,0.0676421499174772,0.873463518432803,0.0426517280958186,0.0162426035539017,0.983757396446098,FALSE,0.262947466997138,0.188297956376839,-0.00167260760851605,0.0158268174272269,0.00025528057294135,-0.000184527360998086,0.00364446385859237,"H00",0,0
"pathway_0404",0.580271838426526,-0.0995218553309653,0.208078975982275,0.0581238084613788,0.0155885630368153,0.84729685819902,0.0362438488909485,0.100870729873216,0.899129270126784,FALSE,0.418271427555101,0.206600980045222,-0.0135490283753711,0.0401210376993962,-6.46249765153548e-05,-0.00573179641706639,0.0214403072151551,"H10",0.532443223598677,0
"pathway_0405",0.0638959676713135,0.0975167574706556,0.203374045544131,0.0602656468592397,0.156555616455192,0.501297785726388,0.322772115843099,0.019374481975322,0.980625518024678,FALSE,0.0249191173307394,0.129409666933372,0.0327979265506779,0.0573582720820764,-0.000710283338713984,0.00010701204120733,0.00327223384936659,"H00",0,0
"pathway_0406",-0.00506472322642949,-0.77892020561598,0.221702525550348,0.0540217811348932,5.41778898343687e-45,1.78072747269136e-44,0.96127928505649,0.03872071494351,0.96127928505649,FALSE,0.00103398638448996,0.0434294116573674,-0.768377394291807,0.0536588328951596,-1.2685681904629e-06,-0.000795760332038062,0.0333174365696402,"H01",0,-0.757040408213514
"pathway_0407",0.275790387062926,-0.00197938422939486,0.208141166432078,0.059056265956556,0.13135905797324,0.785070335327892,0.0733063252650498,0.0102642814338181,0.989735718566182,FALSE,0.161517913144693,0.179262918671161,-0.000170834447468469,0.0169399402094376,1.87313151273033e-05,-8.86150832103049e-06,0.00201506077487545,"H10",0.483086566645182,0
"pathway_0408",0.677041906384571,0.0560632092102023,0.200971689367871,0.0590344233287122,0.00442040308134761,0.936118959998188,0.00384118247865482,0.0556194544418098,0.94438054555819,FALSE,0.510114076668406,0.184111450777093,0.00315600398330698,0.0189869865875343,0.000333683823951116,0.00194360588185757,0.0126743323585008,"H10",0.417362849776078,0
"pathway_0409",0.675078225844456,-0.794028838681994,0.217915711882791,0.0590746710011887,5.82584476120051e-40,5.84116952936793e-38,0.13089800308132,0.86910199691868,0.13089800308132,TRUE,0.60073882104921,0.307752382586825,-0.779545460596763,0.0584742805451124,4.61428723403934e-05,-0.468257078080822,0.243343473588544,"H11",0.648476085984977,-0.766086613002146
"pathway_0410",0.397515483544182,0.0602784926428367,0.213095705227928,0.0553585163275278,0.0740735966222942,0.833744351238604,0.0695489654158664,0.0226330867232353,0.977366913276765,FALSE,0.24867646431481,0.19749435613864,0.00544968197411771,0.0238899579073634,-0.000848681154043544,0.000506526490920199,0.00525132436499043,"H00",0,0
"pathway_0411",0.809069192533148,-0.863658079710868,0.203816601184745,0.0588559273418091,1.26145401466039e-48,1.34221356952833e-45,0.0073096594415557,0.992690340558444,0.0073096594415557,TRUE,0.817003725861964,0.21295887105973,-0.847945238607929,0.0582391692647762,-0.000105844947217548,-0.692880264216808,0.187592320127862,"H11",0.63798161523016,-0.78569400154191
"pathway_0412",0.375938096261461,0.0518672668254235,0.206530836776951,0.0533787709942019,0.0792913253868178,0.83824004177766,0.0637895936942064,0.018679039141316,0.981320960858684,FALSE,0.238854307938327,0.191785742200555,0.00420090038470205,0.0206893073669583,-0.000662324270173756,0.000341078883932105,0.00414939027915415,"H00",0,0
"pathway_0413",0.59723361843048,-0.0624281878702505,0.203740108742205,0.0618238406722656,0.0124076201169793,0.927524515720797,0.0119464714710359,0.0481213926911873,0.951878607308813,FALSE,0.439048408830995,0.190480137361384,-0.00375845609547961,0.0211098771545956,-0.000134593116371001,-0.00178473728475248,0.0118581541860164,"H10",0.499690916564834,0
"pathway_0414",0.211761361757437,-0.832036846340127,0.214367160924345,0.0610596254195973,3.76354340961919e-40,1.71682573718611e-39,0.935767504805534,0.0642324951944661,0.935767504805534,FALSE,0.0153338860665849,0.0794598177361848,-0.8176306839726,0.0605345782129121,4.63693697952006e-05,-0.0124910863827846,0.0649183401324801,"H01",0,-0.854470240112403
"pathway_0415",-0.0462140086623792,-0.561139525146953,0.209696652376549,0.058913877614419,7.03254131965204e-20,2.26007393294375e-19,0.95464185290126,0.0453581470987402,0.95464185290126,FALSE,-0.00112867694453868,0.0445012432862743,-0.552104951341239,0.058441285723873,-8.92563367955817e-06,0.000614222495864949,0.024574064639648,"H11",0.471458501370273,-0.707152190033571
"pathway_0416",-0.167647412603726,0.00600259938735162,0.212743589305596,0.0552457918457603,0.179731561226661,0.718099197715423,0.094418987873875,0.00775025318404114,0.992249746815959,FALSE,-0.0884947009577662,0.163901822058353,0.000607781879870133,0.017624215592989,4.48564152913021e-05,-8.92906041535423e-06,0.00129670503651656,"H00",0,0
"pathway_0417",0.509303401671586,-0.558919283577312,0.21723667588218,0.0549427699023698,6.9449532833872e-23,1.60994672352757e-21,0.522488066786929,0.477511933213071,0.522488066786929,FALSE,0.248257649038707,0.299123956433445,-0.550620323674574,0.0545065695903857,9.95010789827111e-05,-0.136596205989399,0.166019127035432,"H11",0.408746688138659,-0.627030118153612
"pathway_0418",0.000338757223917087,-0.572899063421931,0.193958371420571,0.0623752931975176,1.65371245889395e-18,4.92629676195302e-18,0.958320581280153,0.0416794187198472,0.958320581280153,FALSE,0.000756173317040163,0.0394144662600911,-0.562598035620629,0.0618153881466476,-2.68639397310382e-06,-0.000428108016728634,0.0221897879881052,"H01",0,-0.632554150720351
"pathway_0419",0.0046444616460077,0.0336292883218949,0.193822701554996,0.0559179988579567,0.215306251597321,0.641180854864466,0.136005641260121,0.00750725227809243,0.992492747721907,FALSE,0.00228975928012864,0.136335979308992,0.00475589730057026,0.0240249145113308,-1.07519370445921e-05,1.37922934727379e-07,0.00107308058115128,"H00",0,0
"pathway_0420",0.539892821684313,-0.0494205664850452,0.196311501246226,0.0632046135767357,0.0178502000353126,0.934179685362013,0.0143683774004247,0.0336017372022494,0.966398262797751,FALSE,0.398906696659058,0.18511510120353,-0.00237769965017402,0.017308500554358,5.06195995063303e-05,-0.000897860713591986,0.00828201930014024,"H10",0.459225529010389,0
"pathway_0421",0.808807946148223,-0.0385618844693857,0.214666671373651,0.0555943396144251,0.00172134102549737,0.922628157273451,0.00114673466938646,0.0745037670316651,0.925496232968335,FALSE,0.597103501830892,0.195120061611326,-0.0030169834949638,0.0184576714808821,-0.000564847798755699,-0.00236629920856459,0.015090019236063,"H10",0.520993367197219,0
"pathway_0422",0.231058982721014,-0.699539540244023,0.211428881643683,0.0586564660761638,6.62505793485434e-31,3.24813931045125e-30,0.920580572111925,0.0794194278880754,0.920580572111925,FALSE,0.0200185090322975,0.0901179375181417,-0.688313200194667,0.0581868273557058,4.25905137672981e-05,-0.0137364135013792,0.0620781000705092,"H11",0.549624248753433,-0.758456232368016
"pathway_0423",0.530905899500287,-0.00551288047016304,0.199398054683467,0.0642371336337466,0.0216955866193871,0.940787884378351,0.0131907401506381,0.0243257888516235,0.975674211148376,FALSE,0.387124135620451,0.186469382400684,-0.000246062410319775,0.0123643151982235,9.04646647660186e-07,-9.43520512560677e-05,0.00555373159866933,"H10",0.544555556752407,0
"pathway_0424",0.168223918231038,0.0843405629107205,0.214950984617185,0.0586188417751465,0.15001800166584,0.601249627146601,0.230075394706857,0.0186569764807012,0.981343023519299,FALSE,0.0758719120259164,0.156253806433584,0.0206319552691154,0.046115821180661,-0.00132058965039965,0.000244796244701317,0.0036397892656338,"H00",0,0
"pathway_0425",0.710284798978536,0.0390437168935522,0.195495805384084,0.0631425870191033,0.0021256962241499,0.942099078325002,0.00152763671102291,0.0542475887398252,0.945752411260175,FALSE,0.544355258157818,0.177965787768261,0.00199895522761557,0.0168740288986749,0.0002562216531196,0.0013443634420942,0.0120024681217927,"H10",0.503313713411551,0
"pathway_0426",-0.218873700050181,-0.835707335194013,0.207184802398899,0.0556604391624856,9.97616022511068e-49,4.70482746388897e-48,0.950153512286239,0.0498464877137614,0.950153512286239,FALSE,-0.00921004478157647,0.0609396048151047,-0.823639164309842,0.0552661750076132,-4.36425920698567e-05,0.00754211099508401,0.0500228995583796,"H01",0,-0.832651042368533
"pathway_0427",0.182660842860174,0.114617033187553,0.206169717903437,0.0560259916729189,0.103316974802722,0.430200784540396,0.430364742066078,0.0361174985908044,0.963882501409196,FALSE,0.0642230200125784,0.140551296793128,0.0526625184487604,0.0679309195349144,-0.00267845771677833,0.000703688259469184,0.00632158767929423,"H00",0,0
"pathway_0428",0.412095145850169,-0.702999945750194,0.200625745447976,0.0604807750220061,1.77404680149071e-29,2.6227268401509e-28,0.713857807495268,0.286142192504732,0.713857807495268,FALSE,0.122389249263,0.220612696280544,-0.690541715650954,0.0599377254709532,0.000184375736979131,-0.0843305064263254,0.152809681316852,"H11",0.471878223450733,-0.735085894057909
"pathway_0429",-0.229261018916977,-0.0666176225467487,0.191888203164241,0.0617076835787899,0.138110081681266,0.703823243052814,0.142594419127995,0.0154722561379242,0.984527743862076,FALSE,-0.126691216045528,0.163259724865764,-0.0103301564197723,0.0340517424064477,-0.00108816875651229,0.000220571322249177,0.00321199741103515,"H00",0,0
"pathway_0430",0.679110464596116,-0.00815464477710633,0.207010436178881,0.0613139841006575,0.00581817377442681,0.951590720387259,0.00339646507281803,0.0391946407654964,0.960805359234503,FALSE,0.501319016344276,0.187121430942278,-0.000422158856557676,0.0126721229358806,-5.65231395487529e-05,-0.000268159402259271,0.00847871595504499,"H10",0.455538982770358,0
"pathway_0431",0.321051474947934,-0.00857494671883605,0.201868640476143,0.0614343868174127,0.104410172685761,0.822296831496628,0.0611227900081882,0.012170205809423,0.987829794190577,FALSE,0.200513450295915,0.183026943015593,-0.000629259319959396,0.0166318687647299,8.8642422625638e-05,-3.75325347502814e-05,0.00253401816785426,"H10",0.530441190980419,0
"pathway_0432",0.393583190243577,-0.813929037644728,0.196034930276557,0.0655018406912942,1.63307089425553e-33,2.25040124998068e-32,0.754630316848944,0.245369683151056,0.754630316848944,FALSE,0.101161810367043,0.201825600376862,-0.797129025830148,0.0648277508519962,0.000247418765554785,-0.0803915965835402,0.161102947607792,"H11",0.434028351536892,-0.749016601710103
"pathway_0433",0.669574303890474,-0.777453828738106,0.211672850535009,0.0549036071543856,2.46250717781494e-44,2.96736664355296e-42,0.111419901734348,0.888580098265652,0.111419901734348,TRUE,0.608141081026717,0.292153504860506,-0.765152685733311,0.0544174863110518,2.03591570532291e-05,-0.465300422295299,0.226733534430082,"H11",0.488190371938772,-0.777862261380907
"pathway_0434",0.119948515998169,-0.05805441737051,0.223774319466434,0.0527773587294332,0.177504755272409,0.649637943628255,0.161033879711254,0.0118234213880826,0.988176578611917,FALSE,0.0562613779631197,0.158463283912409,-0.00990743099712777,0.0307391796595371,0.00047497354690164,-8.24321730712931e-05,0.00212955816673907,"H00",0,0
"pathway_0435",0.101402992383627,-0.0125861896232775,0.210411517364126,0.0564360541825471,0.198887631592855,0.685099952546119,0.108713396529168,0.0072990193318588,0.992700980668141,FALSE,0.0513633055400053,0.153627459917417,-0.00144038945342121,0.0194888929332779,6.39482404052627e-05,-1.0034923187412e-05,0.00113214939085268,"H00",0,0
"pathway_0436",0.678159035848486,0.0645764065859959,0.209152537077683,0.0555414170725171,0.00627597217063331,0.924053118227625,0.00641605012408879,0.0632548594776525,0.936745140522348,FALSE,0.500172957476321,0.192669493231889,0.004307514019219,0.0214194897054817,0.000419409597149681,0.00257391162351316,0.0141402693332628,"H10",0.627605170173687,0
"pathway_0437",-0.000850402893598613,0.0168218503847183,0.200513072264576,0.0603480453342151,0.213664542483037,0.652640382188699,0.12647646395167,0.00721861137659328,0.992781388623407,FALSE,-0.000424906309971004,0.141060611583821,0.00221096251983469,0.0225906825857648,-9.97544519574849e-08,-1.03920637774464e-06,0.0010448845406265,"H00",0,0
"pathway_0438",0.558683589557307,-0.0053530322219857,0.204702102132621,0.0605408797027054,0.0193724195126609,0.944503908932798,0.0111147857532575,0.0250088858012841,0.974991114198716,FALSE,0.404029904790866,0.189421082876735,-0.000231709678874878,0.011452006145148,-4.45917681318834e-06,-9.80768163081275e-05,0.00557160657802755,"H10",0.484931370183151,0
"pathway_0439",-0.00412004813890957,-0.0417757752033678,0.21169398902662,0.0575857944119284,0.202963381214446,0.645334839001767,0.143095474030567,0.00860630575321905,0.991393694246781,FALSE,-0.00195288939599938,0.146248802619337,-0.00623949325652301,0.0267019398214854,-1.23661472672852e-05,-1.81107050211705e-07,0.00136374236829008,"H00",0,0
"pathway_0440",0.365067578291793,-0.0801461736162229,0.193477121867387,0.0645916292096783,0.0702590366248935,0.809267643366756,0.0910636511830248,0.0294096688253255,0.970590331174675,FALSE,0.235389306568101,0.187049133850701,-0.00949462870593283,0.0339186622982708,0.00138789199073262,-0.000847042076478496,0.00712149098441456,"H10",0.484154813666026,0
"pathway_0441",0.617029805206889,-0.711643504778132,0.203285147374761,0.0618925353590391,1.69936032109292e-29,1.60241837890287e-27,0.159611098062237,0.840388901937763,0.159611098062237,TRUE,0.528922461192086,0.29528179466373,-0.697509214609292,0.0612072457143363,6.08008511879254e-05,-0.368867489644118,0.209442197908908,"H11",0.482010481136554,-0.731676255171724
"pathway_0442",0.416049538050587,-0.0930935343455058,0.187885052482204,0.0644703960614591,0.0434992100782782,0.837929719727495,0.0735436844968243,0.0450273856974027,0.954972614302597,FALSE,0.287444639226238,0.188911208506006,-0.0108681442949575,0.0368841555196202,0.00140867104772582,-0.00171531876819693,0.010648802949066,"H10",0.541042778003436,0
"pathway_0443",-0.0907542166024623,-0.00623180269777486,0.214543610636601,0.0546854443806937,0.200843624080456,0.687682701742537,0.104515446704811,0.00695822747219527,0.993041772527805,FALSE,-0.0456209833628894,0.155106566841798,-0.000683411318551079,0.0182325651072814,-2.83380005568343e-05,2.8398958367948e-06,0.0010449076114538,"H00",0,0
"pathway_0444",0.650065221189889,-0.134333988624972,0.211469148531155,0.0616953646647442,0.00692092708697873,0.682097422504947,0.0413888361738103,0.269592814234264,0.730407185765736,FALSE,0.495283886764731,0.227908183475932,-0.0413990730049894,0.0703906084599578,-0.0025843587971118,-0.0230886525834798,0.0460102774405207,"H10",0.516610421428503,0
"pathway_0445",0.384910581429066,-0.00371514735704208,0.193720059812673,0.0648296700790502,0.0658045917202798,0.878432291535502,0.0402898973544632,0.0154732193897546,0.984526780610245,FALSE,0.26293958019922,0.184271108918877,-0.000223497802099786,0.0151771853253164,2.7747813055247e-05,-3.10186052043189e-05,0.00338972585378055,"H10",0.466015078272935,0
"pathway_0446",0.049196792608508,0.0208899414558764,0.203049367327095,0.0613477770947665,0.208308293117413,0.656417219625753,0.127688895889333,0.0075855913675013,0.992414408632499,FALSE,0.0243448927140947,0.143901171805836,0.00277530068164056,0.0234402688660234,-6.12290876845466e-05,6.3353096593468e-06,0.00114921154222358,"H00",0,0
"pathway_0447",0.113946937067108,-0.796295138427498,0.196531278114807,0.0626979561294445,6.46251427688043e-35,2.20752203130094e-34,0.957101514576052,0.0428984854239475,0.957101514576052,FALSE,0.00588930832197547,0.0489980768112371,-0.781841859497454,0.0621315192240019,1.82444273688449e-05,-0.00458626334223829,0.0382640483651386,"H01",0,-0.717312133767326
"pathway_0448",0.00302144183660137,-0.72132708476119,0.201655236218326,0.059206077215828,3.31130242952098e-32,1.01581576817746e-31,0.962167477639838,0.0378325223601616,0.962167477639838,FALSE,0.00102998071291579,0.0391939357731926,-0.70963551924424,0.0587285014395653,-8.05086165032672e-07,-0.000731715984186579,0.0277755251169512,"H01",0,-0.657254875687762
"pathway_0449",0.302407735154784,0.0606554441530281,0.229433394284436,0.0534966186684926,0.121297728446469,0.745678685679556,0.115735526273085,0.0172880596008904,0.98271194039911,FALSE,0.161415354806978,0.190573442038413,0.00794602387808507,0.0280539011155269,-0.000987105898945241,0.00029550436464058,0.00382375880523459,"H00",0,0
"pathway_0450",0.359126995941488,-0.781322514287903,0.190913815253414,0.0654627468155277,6.06384387872751e-31,6.91546182214205e-30,0.799770009426326,0.200229990573674,0.799770009426326,FALSE,0.0753841308344642,0.17283483918908,-0.765359655372573,0.0647957950411737,0.000190990752972943,-0.0575049816430535,0.132446479894243,"H01",0,-0.694311590488698
"pathway_0451",-0.131067611548678,-0.0410596762726914,0.196029461424622,0.0606542075850067,0.187876524656209,0.668047573852521,0.134758637692434,0.00931726379883657,0.990682736201163,FALSE,-0.0673748004130025,0.148079531239446,-0.00581056035126627,0.0268614576018587,-0.000345388529675237,4.60968142790334e-05,0.00160607327021617,"H00",0,0
"pathway_0452",0.743077619075253,-0.0143372968579661,0.208000996260644,0.0551905901671438,0.00280353711265653,0.948801109291307,0.00151229032057243,0.0468830632754638,0.953116936724536,FALSE,0.551306830472012,0.186868929268657,-0.000769081752468645,0.0125041376560842,-0.000125863138569358,-0.000549863161896708,0.00933374202551074,"H10",0.581839633776114,0
"pathway_0453",0.256975088069283,-0.983203165745809,0.2075275991388,0.0591265047148122,1.36560213323331e-59,7.51303318695707e-59,0.929263417628064,0.0707365823719357,0.929263417628064,FALSE,0.020286426005801,0.0916052308688805,-0.967196181371222,0.0586518938054633,7.18568176934012e-05,-0.0195490969487872,0.088459609535062,"H01",0,-0.896811998614778
"pathway_0454",-0.093199770526285,0.078485683528765,0.211538498135029,0.0544500931176226,0.168368543677694,0.574076236296626,0.241542788896629,0.0160124311290507,0.983987568870949,FALSE,-0.0403914951229991,0.143232788220853,0.019938058980832,0.043577093660017,0.000687010728853995,-0.000118317283232348,0.00274496371524321,"H00",0,0
"pathway_0455",0.270393742598396,0.112304598423085,0.230461709610546,0.0519635856804716,0.0834640707098067,0.453585935659073,0.411964853872295,0.0509851397588245,0.949014860241176,FALSE,0.098002550187803,0.170200075701923,0.0512941901693125,0.065470004751139,-0.00358345324076042,0.00144350820565033,0.00929536525834508,"H00",0,0
"pathway_0456",-0.040711649075178,-0.599306953291178,0.212739130312395,0.054288760320896,1.46044308763427e-26,4.72177608142082e-26,0.955661568076191,0.0443384319238093,0.955661568076191,FALSE,-0.000771036139824237,0.0444640042912817,-0.591097179525477,0.0539186813699129,-6.88104409570357e-06,0.000448876243466614,0.0262736099185346,"H01",0,-0.643598549445831
"pathway_0457",0.0143192246609153,0.0373992217888803,0.214211019417791,0.054201996308125,0.204107335039817,0.655516389897885,0.132308215258909,0.00806805980338837,0.991931940196612,FALSE,0.00687608782223122,0.148645124705682,0.00517770785106556,0.0238939544569244,-3.27745317085104e-05,2.82784219327249e-06,0.00123987869065764,"H00",0,0
"pathway_0458",0.135778563915011,0.00874929353339498,0.207825574097984,0.0585898123498113,0.189804571864108,0.69626255713843,0.106200115888334,0.00773275510912832,0.992267244890872,FALSE,0.0703913046273182,0.156477232747105,0.000977869761219284,0.0198058536342977,-6.13827021329253e-05,7.45082611490421e-06,0.00125901805319002,"H00",0,0
"pathway_0459",0.961591600878174,0.0841174991928763,0.208462084368096,0.0550770959774809,9.36019120070514e-05,0.714117365009165,0.000153940205112126,0.285635092873716,0.714364907126284,FALSE,0.771319559076555,0.21509390885663,0.022908810576568,0.046503693238144,0.00379876395313794,0.0214687776260247,0.044859639418947,"H10",0.553900317979704,0
"pathway_0460",-0.00877130052297879,0.0243053872699538,0.181096629673923,0.0673101093134492,0.220323792705118,0.623040688227343,0.148941173126349,0.00769434594119032,0.99230565405881,FALSE,-0.00435553783387272,0.127583852965499,0.0037276554049617,0.0277421022458219,1.35994658386997e-05,-2.63647830925113e-06,0.00111299288211478,"H00",0,0
"pathway_0461",-0.13547349037701,0.0804646486299027,0.202800635587623,0.0606050025976348,0.164063575441254,0.596534851156897,0.223290849366897,0.0161107240349513,0.983889275965049,FALSE,-0.0622443517175511,0.146126169802435,0.0189399874783185,0.0447654623258228,0.0010041022215775,-0.000174805020548969,0.00306155976670556,"H00",0,0
"pathway_0462",0.115533077922315,-0.640377505420197,0.21503913073878,0.0589634824969331,1.05847448034353e-25,3.77619588215295e-25,0.9474206343389,0.0525793656610999,0.9474206343389,FALSE,0.00722821930178169,0.0576223495386155,-0.630051076410261,0.0584889551796614,1.29983921172876e-05,-0.00454114895949969,0.0363365249164133,"H01",0,-0.692781974912774
"pathway_0463",0.383077677181133,-0.0402403060074267,0.215822385903563,0.0545415392111437,0.0842307933511711,0.842479310640542,0.0568163819132207,0.0164735140950655,0.983526485904934,FALSE,0.238178049601712,0.196064054815814,-0.00292165903704526,0.0179660365840333,0.000443180573837447,-0.000252694477207208,0.00375578748064813,"H00",0,0
"pathway_0464",0.398862288306374,0.0339666395882822,0.198664634789386,0.0598043229300299,0.0636526600482523,0.877199279898783,0.0421249579111059,0.017023102141859,0.982976897858141,FALSE,0.269421791962434,0.188119108704934,0.00195312466065155,0.0163851646500946,-0.000315184141028703,0.000211030204970059,0.00381915950852322,"H00",0,0
"pathway_0465",-0.0221322347733802,-0.0283944114381591,0.218382227088401,0.0601002808527348,0.202600033955789,0.661102294587446,0.128303227582099,0.00799444387466634,0.992005556125334,FALSE,-0.0106099497832269,0.151451431862892,-0.00380451887919138,0.0239950361021136,-3.69534600620888e-05,3.41229419547034e-06,0.00127109880529698,"H00",0,0
"pathway_0466",0.381981589748072,-0.722728011475104,0.193367523254529,0.0619927996262367,1.3050498220896e-29,1.71198382350961e-28,0.756740000489693,0.243259999510307,0.756740000489693,FALSE,0.0967280268824567,0.195044431117773,-0.709367162962878,0.0614164087031868,0.000178943642280979,-0.0684367423663243,0.138685521539959,"H01",0,-0.650460995410974
"pathway_0467",0.789634095798685,-0.914069265671892,0.219379494699317,0.0561293677762235,9.2580990790255e-59,3.04409538732201e-56,0.0281188333808728,0.971881166619127,0.0281188333808728,TRUE,0.785516740200893,0.252143536752666,-0.898794534544626,0.055597686628789,-7.40713448968977e-05,-0.70609222423077,0.231597416534934,"H11",0.506271217941085,-0.83303394152393
"pathway_0468",0.868988444965919,-0.618171984088582,0.191900592335505,0.0602152207790429,3.57172138341386e-26,2.65681123028883e-22,0.000651953075100433,0.9993480469249,0.000651953075100433,TRUE,0.872272188757575,0.191476156484941,-0.607267429012323,0.0595535109925332,-0.00011010314444726,-0.529812592610212,0.12832024545088,"H11",0.531778498018969,-0.513095996389123
"pathway_0469",0.578267864853554,-0.837784598853568,0.201771020846325,0.0606242314589037,7.5759673593906e-42,4.9603122328256e-40,0.257378756665864,0.742621243334136,0.257378756665864,FALSE,0.442184394305123,0.312127567575373,-0.821694614956144,0.0600035346690866,0.000219811053586594,-0.363120724564577,0.25851810823308,"H11",0.620744189846691,-0.798021559668842
"pathway_0470",-0.221816701038056,0.0027541728766081,0.216249864259633,0.0526928918187775,0.159733431283786,0.752329191841276,0.0797289237176724,0.00820845315726615,0.991791546842734,FALSE,-0.121592235665359,0.1741224259896,0.000243206390901761,0.0155426861079512,2.29549112636882e-05,-6.61709753416015e-06,0.00144618492925005,"H00",0,0
"pathway_0471",0.260067005085752,-0.802192048908961,0.208195571864335,0.0610789488556577,2.40514476615714e-37,1.33827571815643e-36,0.913621445439609,0.0863785545603913,0.913621445439609,FALSE,0.0244870737256657,0.100052094137157,-0.788225917100018,0.0605505258908163,6.81133759291262e-05,-0.0192332327685794,0.078846490485548,"H11",0.491654329467743,-0.766249973404196
"pathway_0472",-0.260810761666237,0.041821013856257,0.222025410760635,0.0547901204052776,0.140154947051376,0.750998668626017,0.096770495309245,0.0120758890133626,0.987924110986637,FALSE,-0.141608749802009,0.181801627840689,0.00449506391019736,0.0220801103359562,0.000505861471779739,-0.000130678908823439,0.00254892534911723,"H00",0,0
"pathway_0473",0.443334325016351,-0.67613639245265,0.201427571623047,0.0579671631912067,9.48977867674539e-30,1.77091426835978e-28,0.638535329884074,0.361464670115926,0.638535329884074,FALSE,0.165416088489443,0.250447012571832,-0.66499271224038,0.0574770220668928,0.000180386534788982,-0.109820106798,0.167221791281236,"H11",0.445979205999542,-0.706192532400455
"pathway_0474",0.195762939708112,-0.902937744072061,0.209276440096475,0.0546504256103199,6.25751324224216e-59,2.71626345154884e-58,0.945021596507269,0.0549784034927307,0.945021596507269,FALSE,0.0123435883766739,0.0705517400077438,-0.890396660690654,0.0542745410961572,3.45753800125529e-05,-0.0109561144915179,0.0627442389451142,"H01",0,-0.869693779784741
"pathway_0475",0.660724131609056,-0.797228077880351,0.193587884570689,0.0597366871664358,9.1947891231706e-40,2.2957027651137e-37,0.0575613939130789,0.942438606086921,0.0575613939130789,TRUE,0.635073579659697,0.243582584562929,-0.78215069214449,0.0591017222213121,-2.35357540165348e-05,-0.496746775647527,0.194979911764609,"H11",0.569428869351939,-0.785884695624645
"pathway_0476",0.227104970277676,-0.0142928819685383,0.201956888594049,0.0572970455651844,0.153001120786073,0.752432539750085,0.0854112034607186,0.00915513600312362,0.990844863996876,FALSE,0.129315125146337,0.168781031577711,-0.00133634837398365,0.0179652551969059,0.000141898642560891,-3.09114146599085e-05,0.00168389400294585,"H00",0,0
"pathway_0477",0.570065178010587,-0.617582624300055,0.199342820595827,0.0614441932725613,1.13812115042809e-22,7.42445281734127e-21,0.239284075118139,0.76071592488186,0.239284075118139,FALSE,0.441017697328475,0.301406900949036,-0.605708598061266,0.0607866124312226,7.69991571298867e-05,-0.267051212011908,0.185531584015022,"H11",0.559034204311454,-0.622035628790857
"pathway_0478",-0.534105723563299,0.0201430035717574,0.21580810167781,0.0564545304930655,0.0318407497156184,0.927672003797746,0.0180882672857233,0.0223989792009118,0.977601020799088,FALSE,-0.367890823330333,0.199043156397568,0.0008330460165814,0.0119702248782237,5.56876762660612e-05,-0.000250782308646124,0.00506198648696083,"H00",0,0
"pathway_0479",0.617173133399139,-0.0591410570716094,0.21755764938579,0.0554416600734279,0.0159692437488694,0.921651360928785,0.0146663462690436,0.0477130490533018,0.952286950946698,FALSE,0.435941543430357,0.201632654374059,-0.00369939424425091,0.0198521398644499,-0.000116201843601307,-0.00172892148019743,0.0112879418885864,"H10",0.52623072991526,0
"pathway_0480",0.925804899138441,0.0458916312683187,0.199818166227872,0.0611330459974542,9.08818276874167e-05,0.857455490548533,6.91769690661792e-05,0.142384450654713,0.857615549345287,FALSE,0.72365227624663,0.192032026052241,0.00598325927807789,0.0271276487639662,0.00107661503786394,0.00540641423381878,0.0251562688936238,"H10",0.567103960193105,0
"pathway_0481",0.387987995904168,-0.683909930585507,0.203156234058012,0.0578960964425343,2.04044431761829e-30,2.43784103650807e-29,0.765755409745787,0.234244590254213,0.765755409745787,FALSE,0.0946014937501798,0.196817904392693,-0.67289499666358,0.0574253324765145,0.000138358488320542,-0.0635185133330764,0.132782329196846,"H11",0.490694414518735,-0.709249437713876
"pathway_0482",0.538666372892311,-0.915603905731988,0.223138219887535,0.0558437720569019,2.88619479978504e-58,7.43511135804812e-57,0.529372206556959,0.470627793443041,0.529372206556959,FALSE,0.265339067475759,0.319502552919994,-0.901223654525796,0.0554009145851594,0.000331244123990743,-0.238798599954979,0.288550514880234,"H11",0.517852741151099,-0.90722909181129
"pathway_0483",0.696202528276316,0.00906404501686789,0.209091770982253,0.0583160137947459,0.00524275259728326,0.952374329048298,0.00292262566681599,0.0394602926876028,0.960539707312397,FALSE,0.511889636731827,0.188229703350001,0.000299200045511532,0.0119691255627769,2.81679000649995e-05,0.000181325302672044,0.0082182646839476,"H10",0.605722787258026,0
"pathway_0484",0.650146524252878,-0.713392722869182,0.201455993888419,0.0626869137152192,3.83535000705464e-29,5.71398483240896e-27,0.0943084345450486,0.905691565454951,0.0943084345450486,TRUE,0.599292067940584,0.271030351629068,-0.69882264477184,0.0619613461701521,-7.65012352632599e-06,-0.41880651803255,0.193996056911441,"H11",0.49763196474203,-0.752119274406734
"pathway_0485",0.562806114767406,-0.844720254125709,0.211631400087111,0.0552267236999978,5.759234469735e-51,2.39056742642107e-49,0.372247940463909,0.627752059536091,0.372247940463909,FALSE,0.365568486746045,0.326763011543729,-0.831445190278466,0.0547735081023881,0.000249794007950777,-0.303700366014426,0.272894290899,"H11",0.417898109284355,-0.834697927862108
"pathway_0486",0.224643676912195,0.120956936814543,0.214892875993208,0.0585271864406289,0.0930675689024801,0.443390613177128,0.421058418362164,0.0424833995582278,0.957516600441772,FALSE,0.0809063491024242,0.15398003020937,0.0551381000350967,0.0712793855823783,-0.00338941687126811,0.00107160549901581,0.00808013387478113,"H10",0.463275565375673,0
"pathway_0487",0.426448255948374,-0.775441629636424,0.224083397865968,0.0508149365230137,1.70056596800353e-50,2.01230979335988e-49,0.760120737110251,0.239879262889749,0.760120737110251,FALSE,0.10763435303185,0.220167381895373,-0.765767541509986,0.0504972096807238,0.000140470013933483,-0.0822824238892845,0.168802172654408,"H11",0.519645016768971,-0.719486165455188
"pathway_0488",0.312843364283357,-0.491484768670213,0.208060091883325,0.0578913887450941,6.05819292988955e-16,4.35687969562965e-15,0.854300889197648,0.145699110802347,0.854300889197653,FALSE,0.0472219131096002,0.138760741931155,-0.483729296284054,0.0574278986375807,4.47510768971544e-05,-0.0227978717207965,0.0675397601938104,"H01",0,-0.546168542566851
"pathway_0489",-0.418943685413842,-0.0392612646387391,0.193620018609384,0.0637414124289707,0.0506015730390396,0.892892783067944,0.0366478459557868,0.01985779793723,0.98014220206277,FALSE,-0.29264659798696,0.185855779983583,-0.00214488495094137,0.0173696112582646,-0.000329511510365827,0.000298181773600593,0.00463286093803634,"H00",0,0
"pathway_0490",0.967707066075218,-0.859284422802014,0.199578800308284,0.0567715375143305,2.67977616989932e-53,5.45829856890459e-49,0.000148317895398125,0.999851682104602,0.000148317895398125,TRUE,0.977882288213709,0.198052744638269,-0.845137143806674,0.0562160969845058,-0.00010617267370272,-0.826550816713772,0.177026826296049,"H11",0.621461606664861,-0.890967235244451
"pathway_0491",0.855221819960955,0.0955019041439217,0.213240841242521,0.0526096605404893,0.000687658925346216,0.740499898409824,0.00174104733313486,0.257071395331695,0.742928604668305,FALSE,0.672552941461718,0.213761022454146,0.0237991564493444,0.0482329453840967,0.00366556511896996,0.0196717577932842,0.041569905924639,"H10",0.424240030654355,0
"pathway_0492",-0.110695349803369,-0.0194696155713457,0.193616152038111,0.0639961715713098,0.198371555521888,0.668239467145688,0.125293791245023,0.00809518608740104,0.991904813912599,FALSE,-0.0571269065532457,0.144619732745929,-0.00254458820662758,0.0240410094718864,-0.000130092001965106,1.52724507313985e-05,0.00130273176531164,"H00",0,0
"pathway_0493",0.190346407311698,-0.0149827751311268,0.200750043352726,0.0624815018792709,0.168417697206239,0.720358490255806,0.102132930791841,0.00909088174611496,0.990909118253885,FALSE,0.104136469650572,0.161521527069314,-0.00164156523713201,0.0211615749464226,0.000143815974607488,-2.71308338885434e-05,0.00166019817763405,"H10",0.475332675973231,0
"pathway_0494",-0.180924147462796,-0.0150054953059239,0.215647334874467,0.0532315618786011,0.174868504345581,0.725658797910653,0.0915666314489539,0.00790606629481152,0.992093933705188,FALSE,-0.0958001115446112,0.167262782178984,-0.00146939530155682,0.0172528004314925,-0.000121653048556018,1.91151852362534e-05,0.00134251914208249,"H00",0,0
"pathway_0495",-0.0992199276728755,-0.0471490199500942,0.204475842568661,0.0600072078280859,0.192351042855644,0.650415243418668,0.147643360681782,0.00959035304390608,0.990409646956094,FALSE,-0.0486738381974054,0.147454829398093,-0.00728627089592895,0.0290042426262868,-0.000313801679462662,4.0849091188248e-05,0.00163761808009849,"H00",0,0
"pathway_0496",0.0386328754702736,-0.035862454107429,0.213746511355138,0.0521094595280453,0.204046095393644,0.660994693497672,0.127103132006508,0.00785607910217684,0.992143920897823,FALSE,0.0187601165846769,0.149494367129784,-0.00477924165457849,0.0225437877516481,7.79710804010585e-05,-1.16880502251782e-05,0.00119543848377279,"H00",0,0
"pathway_0497",0.631259663097378,-0.871246554842554,0.204995623948845,0.0601276038490805,3.91581131154699e-46,4.04427764631474e-44,0.153554430376971,0.846445569623029,0.153554430376971,TRUE,0.549429044985738,0.299390217341531,-0.854567294070369,0.0595016901404127,0.000122601256255739,-0.469401491000873,0.258680203997085,"H11",0.590725102307743,-0.836508772239748
"pathway_0498",0.786023416471685,-0.601174675601368,0.218082815468279,0.0589631933597975,2.65185381376688e-24,8.93068856855185e-22,0.0242073042276607,0.975792695772339,0.0242073042276607,TRUE,0.772989342441624,0.245361881583663,-0.590849818795981,0.0583459289035032,-0.000118188324356117,-0.456838801237214,0.152911169337888,"H11",0.586536983443139,-0.616747623256209
"pathway_0499",-0.284820219035824,-0.0264083552866919,0.206833204863998,0.0568207054516577,0.12556674573803,0.788334579136226,0.074993980305058,0.0111046948206859,0.988895305179314,FALSE,-0.168264810829374,0.180090564760853,-0.0022302940075463,0.0180695373414301,-0.000298910889369378,7.63691099042855e-05,0.00223384899329565,"H00",0,0
"pathway_0500",0.23481734266277,0.108000193734144,0.219271497288809,0.0574761174957226,0.107261418032092,0.52615951022019,0.33144393379868,0.0351351379490379,0.964864862050962,FALSE,0.0959201717442429,0.164239412640345,0.0389516904001185,0.0617564012485286,-0.00290816343797173,0.000828089394936212,0.00692905388493564,"H10",0.530269702125884,0
"pathway_0501",-0.134343185387795,-0.624264648356468,0.200319677558656,0.0571241128303815,5.01988668006319e-26,1.81282778660627e-25,0.952502644902425,0.0474973550975748,0.952502644902425,FALSE,-0.00527529328852851,0.0492771810773793,-0.614788400321839,0.0566941607869227,-2.19869201039053e-05,0.00322120220197907,0.0302452852067076,"H01",0,-0.580429511265409
"pathway_0502",0.197841462670454,-0.0925849771221341,0.207465772711569,0.0562567985026427,0.131889206223639,0.576950211241546,0.266383447357044,0.024777135177771,0.975222864822229,FALSE,0.0887154518321225,0.156708791974456,-0.0265688702675812,0.0512475777201113,0.00190811007372308,-0.000448959256734424,0.00479430900203233,"H00",0,0
"pathway_0503",0.0869701896449055,-0.761111531978707,0.19745742789251,0.061517104392681,3.56481218737249e-33,1.15797947884647e-32,0.958950191279548,0.0410498087204525,0.958950191279548,FALSE,0.00451159377372155,0.0452415394855408,-0.747807622659215,0.0609816188556659,1.19997148105592e-05,-0.00336180449952027,0.0337985543154866,"H01",0,-0.766926639767512
"pathway_0504",-0.0982226578433788,-0.789144651546638,0.203517121113321,0.0590944674833419,1.35281938262186e-38,4.55520931047964e-38,0.962801779119872,0.0371982208801281,0.962801779119872,FALSE,-0.00257758506729417,0.0410224425107688,-0.776392966443692,0.0586211522431018,-1.51507858347369e-05,0.00198606813082274,0.0317555478320524,"H01",0,-0.699722637982334
"pathway_0505",-0.0954281099633672,-0.0577743907455689,0.205721195492955,0.0595352537250185,0.187915787060698,0.633343350063511,0.167894652302995,0.010846210572796,0.989153789427204,FALSE,-0.0455768980249633,0.146202256881387,-0.0101531387015832,0.0331169680742062,-0.000408246314190058,5.4502253045309e-05,0.00188606681090638,"H00",0,0
"pathway_0506",0.189022011501691,0.0431837537437187,0.217408730547209,0.0530929601101049,0.166516121251201,0.707283001905831,0.115912946383166,0.0102879304598025,0.989712069540198,FALSE,0.0975769691727508,0.16785891145225,0.00537302013594136,0.0234716378894978,-0.000446264333498714,7.80186866706059e-05,0.00191865926435912,"H00",0,0
"pathway_0507",-0.474166336343093,-0.0443704057299983,0.215247568877564,0.0581399235304253,0.0484095771544918,0.893329235637121,0.0354163842916302,0.0228448029167569,0.977155197083243,FALSE,-0.315493822885552,0.20066670747864,-0.00250988985785257,0.0171863994259825,-0.000349814117550038,0.000442040628725545,0.00544728795839843,"H00",0,0
"pathway_0508",0.304579884350115,-0.678456185101643,0.209633740165707,0.0533715681925194,4.05228640281302e-35,2.76502857868106e-34,0.875692404149105,0.124307595850895,0.875692404149105,FALSE,0.0401565311931105,0.129268296544298,-0.669336361661212,0.0530127254510674,6.17149848019215e-05,-0.0268165115009296,0.0866407585047357,"H11",0.590622547663693,-0.759693861490865
"pathway_0509",-0.0884757748006479,-0.0594190376751127,0.21506544018994,0.0512245888571962,0.184427671169729,0.63032158871225,0.173779860726403,0.011470879391618,0.988529120608382,FALSE,-0.0411274292556442,0.149877896858412,-0.0108700517895443,0.0316195341325815,-0.000391864139550401,5.51931464292714e-05,0.00188822721238719,"H10",0.564254610928557,0
"pathway_0510",0.58699062826979,-0.837931154371291,0.204856933158254,0.0600013309377157,9.96869785628261e-43,6.4372674480833e-41,0.25420506298937,0.74579493701063,0.25420506298937,FALSE,0.450851491390168,0.316177280050439,-0.82217238267563,0.0593986347300715,0.000211553921241392,-0.370466090987874,0.262007853715317,"H11",0.635204425639494,-0.918621842576026
"pathway_0511",0.645791891707498,0.0118724842319075,0.206176953138084,0.0553993733779351,0.00825160761904626,0.95575865521458,0.00442046043307467,0.0315692767332993,0.968430723266701,FALSE,0.474822100735382,0.186816750881697,0.00036775269004222,0.0105877790602725,2.18562881704791e-05,0.000196473393007414,0.00657881704420557,"H10",0.560213309582394,0
"pathway_0512",-0.0227479648104686,-0.920018111403256,0.192381522406623,0.063961045033388,1.30791502867426e-44,3.89275015532255e-44,0.971547305699968,0.0284526943000317,0.971547305699968,FALSE,0.000163830888707114,0.0321826005560734,-0.902710192893171,0.0633633619252586,-2.67240532517629e-06,-0.000150564218471835,0.0289505932766067,"H01",0,-1.02816006985651
"pathway_0513",-0.312041194105656,0.0527808219561058,0.215881537839919,0.0568258265065002,0.113712900902963,0.776769519904167,0.0934012697367301,0.0161163094561399,0.98388369054386,FALSE,-0.179144525351734,0.187740033609527,0.00570442043935507,0.0247542034451769,0.00075949761203717,-0.000262418079977821,0.00366680109757085,"H00",0,0
"pathway_0514",0.328929357767925,0.0391412591811189,0.231089510888756,0.0521547771643265,0.116650351575005,0.794094609088524,0.0760142921485577,0.0132407471879134,0.986759252812087,FALSE,0.184541685241588,0.195461021184721,0.00343811484970804,0.018979919600927,-0.000476570774295069,0.000157904734124181,0.00287281228003446,"H00",0,0
"pathway_0515",-0.200640893715454,-0.631501990650033,0.197356331453592,0.0617565799427496,7.89318351922118e-23,3.51652681040117e-22,0.940870203653531,0.059129796346469,0.940870203653531,FALSE,-0.0104459423948297,0.0632247613242457,-0.62026878119102,0.0612145028828123,-4.79976662294554e-05,0.00643129429140316,0.039126443367341,"H01",0,-0.639844685115665
"pathway_0516",-0.0841749139596773,0.00627176424522797,0.20541163682346,0.0595975272598847,0.203649549781174,0.673797003009121,0.115236249332131,0.00731719787757397,0.992682802122426,FALSE,-0.0424769295093605,0.148793828878406,0.000757721615171209,0.0207895414312058,2.74145729517779e-05,-4.77111468356834e-06,0.00111469180555568,"H00",0,0
"pathway_0517",0.139417969703585,-0.826179372459032,0.217336338960812,0.0580274950384516,7.92074142594977e-44,2.97359152594049e-43,0.951939200195541,0.0480607998044589,0.951939200195541,FALSE,0.00810068192273805,0.0593286343708215,-0.813285082369011,0.0575775963007496,2.20214968076338e-05,-0.00656614226797154,0.048201443659747,"H01",0,-0.675356752632786
"pathway_0518",0.533427272412367,-0.780613883495469,0.20641251568485,0.0606425166380739,3.05430999440065e-36,1.114813166347e-34,0.416437864491738,0.583562135508262,0.416437864491738,FALSE,0.321111776328611,0.312971197385175,-0.766010849304648,0.0600488827527844,0.00026775800125739,-0.245707346505947,0.241096885715549,"H11",0.629028208131116,-0.78724511852838
"pathway_0519",0.535876718942477,0.00135299759147087,0.205195253379335,0.0560024978159516,0.0243953331315867,0.941345887916383,0.0129170543700332,0.0213417245819968,0.978658275418003,FALSE,0.383881998046031,0.190331429718001,1.58414051172113e-05,0.0102770415327978,-9.14298682208774e-06,-3.06175657383605e-06,0.00456388967216194,"H10",0.504600053974204,0
"pathway_0520",-0.369360903399607,-0.883266910118707,0.212685229774296,0.0539179097246239,5.59897319552508e-58,5.32671123397283e-57,0.89768944910459,0.10231055089541,0.89768944910459,FALSE,-0.0336048275136694,0.120161246358935,-0.871026564304399,0.05356442439433,-0.000151717856891328,0.029118979596382,0.104316504022685,"H01",0,-0.856418891265399
"pathway_0521",0.460016620203179,-0.0451746856498329,0.207323897043699,0.0604737177953081,0.0468196803741165,0.894499745812458,0.0351684426729088,0.0235121311405162,0.976487868859484,FALSE,0.312979185612904,0.195683839149561,-0.00263359480558707,0.0179397902103369,0.000336526822053778,-0.000487733535433237,0.00572828415348725,"H10",0.473404117645848,0
"pathway_0522",0.53698907740141,-0.733417033888954,0.194560632958243,0.0603941749923329,1.7823370000851e-32,9.57550996935295e-31,0.314059594785291,0.685940405214709,0.314059594785291,FALSE,0.377570013829078,0.301290871015453,-0.719632334014355,0.0597871453438949,0.00019318740228097,-0.271518402903371,0.218701375713873,"H11",0.555998515274566,-0.738403334406424
"pathway_0523",0.456784275166548,-0.0677806839444692,0.215033463518731,0.0585556618774215,0.0526126312065005,0.859127577501416,0.0562715428851423,0.0319882484069417,0.968011751593058,FALSE,0.297045003066634,0.20320798542752,-0.00591904922632828,0.0256762397736123,0.000780972484940784,-0.000977251510645458,0.00789598451706295,"H10",0.612190219382393,0
"pathway_0524",0.0463097169207997,-0.777182068422995,0.203834478504412,0.0576439326103597,2.36884821050785e-39,7.46611246234872e-39,0.962094868599977,0.0379051314000228,0.962094868599977,FALSE,0.00273430389753983,0.0416420005549023,-0.765235296627602,0.0572032448810433,5.2823158766843e-06,-0.00208710353822722,0.0318234741121703,"H01",0,-0.837452157284933
"pathway_0525",-0.134935471329004,0.0113647713650432,0.206942436709472,0.0571373026789319,0.190606797926989,0.696838353614071,0.104934296263585,0.00762055219535585,0.992379447804644,FALSE,-0.0701580848097541,0.15601227240406,0.00126241683853958,0.0193497614518916,7.60580846592742e-05,-1.25106629642476e-05,0.00123209974295216,"H00",0,0
"pathway_0526",0.379177995780652,-0.0851197517663265,0.213131426423389,0.0597220854976939,0.0767933731439637,0.771311499251083,0.117618650908381,0.0342764766965723,0.965723523303428,FALSE,0.224526533705312,0.198447436930991,-0.0127416947238783,0.0379315662869019,0.00177328220157852,-0.00108756634830513,0.00815804820118818,"H10",0.538534394869845,0
"pathway_0527",-0.0939295675240567,-0.0062965606924715,0.204042681070792,0.0607901528221038,0.20156671592986,0.674663795115605,0.116281777308656,0.00748771164587831,0.992512288354122,FALSE,-0.0476352280806725,0.148916310605121,-0.000763771467000777,0.0212989812809762,-3.32952896395422e-05,3.08713839254961e-06,0.00115920283217061,"H00",0,0
"pathway_0528",0.314882288698761,-0.880957973940272,0.204921640149392,0.0580635311466291,9.77630533051382e-50,7.26337289629646e-49,0.88315642916076,0.11684357083924,0.88315642916076,FALSE,0.0396452369694668,0.129190556144181,-0.866975207943938,0.0576082535731286,0.000107742901594821,-0.0342636946639953,0.111946709638448,"H01",0,-0.844248911855962
"pathway_0529",0.645058910905863,-0.0229218278147552,0.223571798100346,0.0543782769778915,0.0152272556021895,0.944198528119817,0.00854693790356206,0.0320272783744317,0.967972721625568,FALSE,0.449202796287532,0.201712784775761,-0.00096473369837929,0.0118306888685483,-5.7332112841811e-05,-0.000490693187826601,0.00706224257679396,"H10",0.560772558676582,0
"pathway_0530",-0.0943982397555439,-0.0578395553096918,0.20714533132877,0.054673952585503,0.187506753532477,0.633251391048433,0.168329727136334,0.0109121282827562,0.989087871717244,FALSE,-0.0449236131368482,0.146800860247751,-0.0102199905807916,0.031726892963611,-0.000404456178915348,5.46627241983645e-05,0.00182638920578191,"H00",0,0
"pathway_0531",0.385811947846713,-0.811221281827522,0.200057868062466,0.058300539339337,5.77673593631592e-42,7.08386871667959e-41,0.77958264585921,0.22041735414079,0.77958264585921,FALSE,0.0893711925670433,0.192109562223486,-0.797967208173357,0.0578265856855164,0.000180838541717687,-0.0711344424821294,0.153436089122861,"H11",0.484617271479957,-0.881697362566573
"pathway_0532",0.757384556009515,-0.993781062745173,0.195572851908672,0.0628625483375353,1.06819708284638e-55,9.33888890761429e-53,0.012386960866054,0.987613039133946,0.012386960866054,TRUE,0.765612068044551,0.210832871762405,-0.972665921933794,0.0621140882397186,-9.24500971192233e-05,-0.744777218105312,0.211355525678682,"H11",0.418205055845261,-0.909312857448849
"pathway_0533",0.00532853033039631,0.0416679020711412,0.209052590470422,0.0596048103230895,0.203698057918189,0.6418342597203,0.145806140786177,0.00866154157533383,0.991338458424666,FALSE,0.00253362430212194,0.144534702405162,0.00632986180141127,0.0275506431346782,-1.58359268691988e-05,2.01564819930182e-07,0.00138037876884709,"H00",0,0
"pathway_0534",-0.0632638492610679,0.0125255952363144,0.220588680921275,0.0558563390833011,0.20209926600013,0.681376448776382,0.109380893808379,0.00714339141510894,0.992856608584891,FALSE,-0.0310423796608049,0.155922302851761,0.00143944318191458,0.0193381138860056,3.8243429547303e-05,-6.44031220584622e-06,0.00108847866203711,"H00",0,0
"pathway_0535",0.464072942223714,-0.723924610772338,0.190943622756188,0.06461129897412,1.57163594621655e-27,4.43777478298895e-26,0.528089366143138,0.471910633856862,0.528089366143138,FALSE,0.22554236008538,0.271729552613658,-0.708839473533306,0.0639157866514328,0.000273895832276772,-0.159599431950103,0.193685209225577,"H11",0.510510405213415,-0.665034156854403
"pathway_0536",0.64600367065542,0.00208322372612593,0.201453766396618,0.0598567674402146,0.00673795507944914,0.955601291641015,0.00381049174319901,0.0338502615363368,0.966149738463663,FALSE,0.481863645756448,0.183037116209,1.20303225032879e-05,0.0114937244797412,-7.19070168095803e-06,-1.39372661989788e-06,0.007236758480058,"H10",0.527982734202933,0
"pathway_0537",0.167862684681903,-0.0269953124878053,0.220404997789941,0.0549862368813741,0.176823729738104,0.711011766142143,0.103524935228097,0.00863956889165506,0.991360431108345,FALSE,0.086186466129134,0.166889569906678,-0.00298857370410083,0.0201249691178533,0.00021811532905422,-3.94592772686868e-05,0.00154993942920834,"H00",0,0
"pathway_0538",0.0474322390444079,-1.83074749901851e-05,0.199467040890376,0.0595834825865174,0.21262037058664,0.660762678988247,0.119631099066399,0.00698585135871365,0.993014148641286,FALSE,0.0238135339701668,0.142331990869127,-3.25287627663043e-06,0.0210260295920583,-7.89921789017096e-07,-8.67384268731385e-07,0.00100023427660355,"H00",0,0
"pathway_0539",0.397556084327698,-0.799308549619358,0.195443425321361,0.0602240121963526,3.1510904733705e-38,4.52108156397512e-37,0.742806553838464,0.257193446161536,0.742806553838464,FALSE,0.106917372199669,0.206551814255694,-0.785287818330984,0.059696655784866,0.000212371614421461,-0.0837485383419385,0.162430608980929,"H11",0.535214358356571,-0.757365798128443
"pathway_0540",0.0778114394856799,-0.148541763286515,0.196879510323748,0.0627617524603477,0.0713280538409559,0.227939854041384,0.660985777893377,0.0397463142242831,0.960253685775717,FALSE,0.0166042003626372,0.0945972551074771,-0.102194625384487,0.0846761832112885,0.00122325611932582,-0.000473603916542849,0.00665480742249041,"H10",0.563638127184509,0
"pathway_0541",-0.0510318094434023,-0.69606519954261,0.212503390610149,0.0577698144458896,1.58929181538495e-31,5.17359305934349e-31,0.959351317680047,0.0406486823199532,0.959351317680047,FALSE,-0.000975006782493262,0.0426535844816252,-0.685300129920676,0.0573258440853537,-8.36909450733548e-06,0.000659803180208838,0.0291824128813481,"H01",0,-0.755590298690158
"pathway_0542",-0.0322778371920391,-0.721830503985617,0.199864270699409,0.0639466945772482,1.1219244351325e-27,3.45214866053368e-27,0.96273898310334,0.0372610168966602,0.96273898310334,FALSE,-0.000294444656086326,0.0382473094766258,-0.70821701694025,0.0633464798375679,-6.26522503419159e-06,0.000202265490953264,0.0270315304663747,"H01",0,-0.701578882509619
"pathway_0543",0.24893605016061,-0.403803808054466,0.201816977126522,0.057841938750543,6.2130476051729e-11,3.36117006811013e-10,0.895349667759142,0.10465033184261,0.89534966815739,FALSE,0.0269796269645095,0.102023653445533,-0.397492051525155,0.0573842503799257,1.93368428462355e-05,-0.01070485042866,0.0409406732422193,"H11",0.392555498415055,-0.512665159360744
"pathway_0544",0.0936827024785523,0.00373304925577201,0.20315311037261,0.0557178376330602,0.204102206878818,0.681247451521481,0.107735511442387,0.00691483015731476,0.993085169842685,FALSE,0.0480219523474693,0.14901328975382,0.000420126813261587,0.0187652721592945,-1.8738769503737e-05,1.43654030260506e-06,0.0010163847952258,"H00",0,0
"pathway_0545",-0.310954223358936,-0.024597307267154,0.222204317073183,0.0527019404079649,0.121627718874413,0.799824811559068,0.0675211301025378,0.011026339463982,0.988973660536018,FALSE,-0.179136803609531,0.189762408631358,-0.00189846338180276,0.0160483366056422,-0.000262980181364622,7.71044806212659e-05,0.00224089413660934,"H00",0,0
"pathway_0546",0.116507112855712,-0.120456748795257,0.195249570168537,0.0634104519382871,0.122321478730562,0.419089796331763,0.430078857476456,0.0285098674612187,0.971490132538781,FALSE,0.0403510301839527,0.123295723790525,-0.0542185853945687,0.0726638862552809,0.00178669361220745,-0.000401082163580012,0.00511668244658385,"H00",0,0
"pathway_0547",0.418222586880291,0.0492986459929669,0.201511040945548,0.0601314219154937,0.05736163505395,0.876211334242958,0.04532277000807,0.0211042606950222,0.978895739304978,FALSE,0.2818824962767,0.191471439328224,0.00318881005301003,0.0194617389806655,-0.00049633786425484,0.000402531873639863,0.00497092336918489,"H10",0.505693053940236,0
"pathway_0548",0.724067184451719,-0.837693694811323,0.219551080989175,0.0530534286957205,5.35377796294946e-55,8.38558295686557e-53,0.073841351981693,0.926158648018307,0.073841351981693,TRUE,0.686467278883065,0.284974009988928,-0.825244308671797,0.0526099084004873,-1.40701351664108e-05,-0.566517285122831,0.238650262982178,"H11",0.58688092851048,-0.826074501517079
"pathway_0549",0.220547053494243,-0.0935139749381256,0.22543803288872,0.0535039817272317,0.122390267358235,0.569107210518254,0.279617692738164,0.0288848293853464,0.971115170614654,FALSE,0.094293500595383,0.16672280184345,-0.0284745741942435,0.0518516805571157,0.00209621784132784,-0.000588749437410343,0.00565452366530545,"H00",0,0
"pathway_0550",-0.0927419981449639,-0.0193906381522252,0.216109867973532,0.055138716507579,0.198461609414269,0.68419653807274,0.109959832613488,0.00738201989950261,0.992617980100497,FALSE,-0.0462353550327725,0.155704862887043,-0.00224128996082646,0.0197350300909704,-9.20066988649908e-05,1.16201382052093e-05,0.00114863435071234,"H00",0,0
"pathway_0551",-0.0448120751479935,0.0310539387895824,0.203317202565024,0.0572012292977278,0.208142997947446,0.654066423072729,0.130076305615408,0.00771427336441632,0.992285726635584,FALSE,-0.0221008560552501,0.14363376804395,0.00421467442656661,0.023561233646618,8.16727646098402e-05,-1.14751482114523e-05,0.0011681739879625,"H00",0,0
"pathway_0552",0.183774022249148,0.0168310646030655,0.212640298596593,0.0582215840006166,0.172305683599107,0.720363727126956,0.098746586122076,0.00858400315186178,0.991415996848138,FALSE,0.0974777674224742,0.165944700387044,0.00177335538514533,0.0196009940646254,-0.00014937077747743,2.34919463131591e-05,0.00152712511511413,"H00",0,0
"pathway_0553",0.661323032667167,0.000375428328269825,0.198358916745637,0.0634212391334333,0.00483071475258117,0.954097455137966,0.00289000792055968,0.0381818221888928,0.961818177811107,FALSE,0.499051624983115,0.180220217927572,-6.8740346577982e-05,0.0127042122139108,-1.59938360304008e-05,-5.02988176920452e-05,0.00830773325784431,"H10",0.545214321156126,0
"pathway_0554",-0.309666564845486,0.0824779650192871,0.206472136734498,0.0596008120528454,0.10153916367331,0.725522946134315,0.146584408221605,0.0263534819707699,0.97364651802923,FALSE,-0.173505075199702,0.184306667748507,0.0140447740435005,0.039334877881407,0.0017744778746792,-0.000662361701901181,0.00601145717277764,"H00",0,0
"pathway_0555",-0.0705351607141454,0.0436798060271055,0.185192250755816,0.06170524994741,0.207096543418342,0.629880110197136,0.15426699877677,0.00875634760775221,0.991243652392248,FALSE,-0.0351068440770702,0.133283610883201,0.00699691725731761,0.0293444494631074,0.000218156630718397,-2.7483052454414e-05,0.00137729655819076,"H00",0,0
"pathway_0556",-0.0737011317571853,0.00533739418723092,0.212109136651093,0.0551817804957226,0.204755302021505,0.681060324173174,0.107312225724596,0.0068721480807246,0.993127851919275,FALSE,-0.0369223828350327,0.152181766553393,0.000602059928737464,0.0185893578717096,1.87529357988124e-05,-3.47655137966479e-06,0.0010117226446412,"H00",0,0
"pathway_0557",0.801036125754511,-2.5011090117791e-05,0.213138008867802,0.0534695707328287,0.00177716213135401,0.942564506922117,0.000898739966455107,0.0547595909800741,0.945240409019926,FALSE,0.589473002892853,0.191103180859993,-0.000105266227078161,0.0125130288638335,-2.63555434492206e-05,-8.84071424281851e-05,0.0100784615455822,"H10",0.567254548806585,0
"pathway_0558",-0.178570215029581,-0.0985965542852044,0.207400602237707,0.0579039159032902,0.131901355411295,0.542369472391374,0.300752556736894,0.0249766154604367,0.975023384539563,FALSE,-0.0754237031364292,0.150225661369369,-0.0315989829220098,0.0560528273729115,-0.00197468618330146,0.000408626124021301,0.00469202752487877,"H00",0,0
"pathway_0559",0.829279079468237,-0.137237437510063,0.202389496221427,0.0613807437364782,0.000314184164796211,0.498532434724464,0.00212306223399799,0.499030318876742,0.500969681123258,FALSE,0.715839457228099,0.215803857400927,-0.0685057307352926,0.080726666238909,-0.00683044806586856,-0.0558695531724347,0.0694686840542745,"H10",0.571165353828583,0
"pathway_0560",0.0700176701673846,-0.614231756035923,0.207295898953135,0.0587296037133222,7.19902192989552e-24,2.3502883144963e-23,0.953233678366887,0.0467663216331134,0.953233678366887,FALSE,0.00422889017436573,0.048309212152019,-0.604414598363344,0.0582611412404387,5.94818952919266e-06,-0.00255005476673276,0.0292225757056686,"H01",0,-0.557618412356934
"pathway_0561",0.0926204697715171,-0.0648841216880472,0.220712430673097,0.0550501566124574,0.178886103919972,0.623775223594138,0.184686509847045,0.0126521626388454,0.987347837361155,FALSE,0.0421735424605199,0.152281605832297,-0.0126257343119154,0.0351846085795094,0.000455604236667952,-7.68677054308555e-05,0.00224936998009317,"H10",0.49594298251204,0
"pathway_0562",0.01197653073876,-0.0321558685600117,0.221859366309318,0.0519774363238585,0.203134800789491,0.668566289618562,0.120679777840411,0.00761913175153661,0.992380868248463,FALSE,0.00576359818064323,0.153826159713964,-0.00407366419378124,0.0213305416767345,1.95018652575518e-05,-3.97709827827718e-06,0.00116068961909488,"H00",0,0
"pathway_0563",0.125489657451875,-0.92910682257618,0.199811102999738,0.0585633194801306,2.76112923143023e-54,9.75035589900294e-54,0.961144911598196,0.0388550884018042,0.961144911598196,FALSE,0.00597783617064039,0.0490533708454561,-0.914376095348686,0.0581027381904772,2.03504326890943e-05,-0.0054456400636552,0.0447688847490139,"H11",0.443927910675714,-0.935994412693729
"pathway_0564",0.364046143421603,-0.0455066045579715,0.195428007015448,0.0629185016228962,0.0760537230884746,0.84751201643538,0.0583644104318631,0.0180698500442821,0.981930149955718,FALSE,0.240085484598169,0.185100063962198,-0.00343223577827508,0.0209538302547673,0.00052590158065938,-0.000298128409422967,0.00423460609925369,"H00",0,0
"pathway_0565",0.392705807515576,0.00779763177077078,0.206806668005153,0.0548716723382104,0.0741940698523589,0.873569613558114,0.0388768565123351,0.0133594600771924,0.986640539922808,FALSE,0.25753037115428,0.19138099822076,0.000388150316663718,0.0125568779257524,-6.7088316690938e-05,3.28721784231208e-05,0.00275563075342925,"H10",0.532925269955575,0
"pathway_0566",0.724985343073707,-0.751391006026832,0.199491241420076,0.0613028402080151,3.77954370817054e-34,1.62252368152879e-31,0.0253188224194919,0.974681177580508,0.0253188224194919,TRUE,0.717551935569837,0.226807691420377,-0.736683667737021,0.0606101782634989,-8.6483337918164e-05,-0.528695275025304,0.173574261498904,"H11",0.46862654893226,-0.791457497784881
"pathway_0567",-0.0271634188321815,0.0330603838301007,0.205129832624041,0.060306303118147,0.207224674457473,0.647947555079166,0.13677513290136,0.00805263756200071,0.991947362437999,FALSE,-0.0132265617476992,0.143411623823525,0.0047077744604132,0.0254692196757777,5.39985598098827e-05,-8.26910978501387e-06,0.00125026788001212,"H00",0,0
"pathway_0568",0.134204488469126,-0.0355902937582145,0.214526935084397,0.060290384159863,0.184434410725696,0.681729871579891,0.124604166143082,0.00923155155133074,0.990768448448669,FALSE,0.0672038478168654,0.158347976296843,-0.00468614801101543,0.0249068708633959,0.000270525666669178,-4.44015111104089e-05,0.0016718093329719,"H00",0,0
"pathway_0569",-0.093606506948049,-0.667232990065228,0.21279474466513,0.0538782224047825,2.59066358869674e-33,8.86728302316849e-33,0.956407458175741,0.0435925418242585,0.956407458175741,FALSE,-0.00290325229076732,0.0460119890076621,-0.658225707313723,0.0535173916497789,-1.32685818107498e-05,0.00189772671078975,0.0302381831735409,"H01",0,-0.687923786239173
"pathway_0570",-0.504068268908295,0.0701678873024836,0.217834973159851,0.0582982784961369,0.0398214842077043,0.876470807466397,0.0447425098388975,0.0389651984870013,0.961034801512999,FALSE,-0.335222068358162,0.206429341090345,0.00582384905971404,0.0255090749374234,0.000592392627290876,-0.0013598901003122,0.00963096292057145,"H00",0,0
"pathway_0571",0.768133063323527,-0.0566362573650596,0.213531204285191,0.0567533060221049,0.00265165084433392,0.912952435607168,0.00232280538111267,0.0820731081673853,0.917926891832615,FALSE,0.568983488461607,0.195828499811575,-0.00485537943253794,0.0228549746364556,-0.000810147264778487,-0.00357277799210866,0.0177390045516431,"H10",0.611019859841626,0
"pathway_0572",0.757456035680365,-0.698094694666713,0.208468780966534,0.0556611437707152,9.53376397465992e-36,3.77476521124349e-33,0.023600448967929,0.976399551032071,0.023600448967929,TRUE,0.749082056269043,0.234806919171766,-0.686995216597841,0.0551408880856098,-8.71360279180999e-05,-0.514702925524026,0.167362180968483,"H11",0.622473082875133,-0.717126235549995
"pathway_0573",-0.118211849733271,-0.75632260790604,0.199536884098172,0.0592551672903111,2.66349929401614e-35,9.24510941291133e-35,0.960380238919375,0.039619761080625,0.960380238919375,FALSE,-0.00360911579531916,0.0431718301572552,-0.744022860228579,0.0587776946311679,-1.9236469801055e-05,0.00266602818712844,0.0320274552451746,"H01",0,-0.748586754845401
"pathway_0574",0.101496578036757,-0.0386009703950164,0.211493079650309,0.0605832977414342,0.192320165334458,0.66432760548023,0.134291616825249,0.00906061236006282,0.990939387639937,FALSE,0.0499215988097196,0.152349905110247,-0.00544170425133827,0.0263460138505376,0.000235675526460719,-3.59830500157357e-05,0.00157496524934391,"H00",0,0
"pathway_0575",0.0875847410862757,0.0167291193019663,0.208468427382902,0.0571869159161105,0.201869437621799,0.677002671473553,0.113779231857645,0.00734865904700378,0.992651340952996,FALSE,0.0440604989922124,0.150876898836347,0.0019937135288855,0.0204677609188012,-7.85884254730851e-05,9.25558745713493e-06,0.00112474962600013,"H00",0,0
"pathway_0576",0.0688365948310835,0.07846532874438,0.214613320497354,0.0556515523378987,0.171739652437072,0.57225490950797,0.240693050534508,0.0153123875204508,0.984687612479549,FALSE,0.0293864811972432,0.142488150296536,0.019794590176467,0.043819344796916,-0.000507784297163824,7.39090548640576e-05,0.00258772767168805,"H00",0,0
"pathway_0577",0.387796442012874,0.0655145855196035,0.21216842774582,0.058725492083979,0.0767280787585762,0.821017213789052,0.0785220501767077,0.0237326572756642,0.976267342724336,FALSE,0.239988183152518,0.196633064380702,0.00655954181921135,0.0269160293819967,-0.00101283739396938,0.000561375129536115,0.00564909247461277,"H00",0,0
"pathway_0578",0.178637745857266,0.0299894882612106,0.182414621637395,0.0635988724984496,0.170720566739026,0.705582571232222,0.114222326297601,0.00947453573115185,0.990525464268848,FALSE,0.100161120794756,0.150564796284274,0.00363386545022445,0.0241750496119032,-0.000317497809219717,4.64742270921056e-05,0.00168535200861329,"H00",0,0
"pathway_0579",0.156735056509493,0.0326869980126342,0.199768408758918,0.0612473498873618,0.180133545568656,0.690917914465247,0.119780276338309,0.00916826362778833,0.990831736372212,FALSE,0.0824983551795513,0.154713397527811,0.00413667221205747,0.024307247508009,-0.000298345943730493,4.29227096812046e-05,0.00162615097469251,"H00",0,0
"pathway_0580",0.700264056667456,0.033184080165287,0.209309347831769,0.0563330646121607,0.00502334415281688,0.947287937462762,0.0031732182917356,0.0445155000926858,0.955484499907314,FALSE,0.515425101085134,0.188986055145282,0.00147079609369053,0.0138452856577546,0.000172825808257056,0.000930911033523116,0.00954439832049536,"H10",0.586452805265161,0
"pathway_0581",-0.350288372957852,-0.827915652639126,0.204650189325752,0.0591059760466951,1.90538432102789e-42,1.74630043881163e-41,0.895438572388142,0.104561427611858,0.895438572388142,FALSE,-0.0329121573186075,0.116489476811517,-0.814152909413962,0.0586383707364766,-0.000167042916821653,0.0266284857192127,0.0944945278044458,"H01",0,-0.871118224693436
"pathway_0582",-0.106926257477673,0.11776827556729,0.215084915714799,0.0518656861678099,0.0892221125675399,0.313629470618979,0.558567955081572,0.0385804617319085,0.961419538268092,FALSE,-0.028359116277577,0.117085728477786,0.0694487886513542,0.0695697267416554,0.00147675462629504,-0.000492751646405582,0.00595998266792274,"H00",0,0
"pathway_0583",0.0423732168826427,-0.0102480842388954,0.204806039285131,0.0607278588571319,0.209712203085322,0.661111358597945,0.121918104964612,0.00725833335212247,0.992741666647878,FALSE,0.021016941593373,0.144990779018329,-0.00130205448919211,0.0219008900037643,2.33516330816836e-05,-4.01357006905616e-06,0.00107523118226559,"H00",0,0
"pathway_0584",0.933374350154138,-0.0636320535780694,0.214307752738786,0.0542659784665398,0.000269886243023485,0.81251055726084,0.000272877601963087,0.186946678894173,0.813053321105827,FALSE,0.718501200270648,0.211013326954491,-0.0121264606265199,0.0343497497799398,-0.0023974310756704,-0.0111103075908597,0.0324399905155672,"H10",0.542058078932989,0
"pathway_0585",-0.16852143689881,-0.811591741868073,0.207749430791068,0.0623258265717304,1.10381085614682e-36,4.40652525025642e-36,0.956812307376726,0.0431876926232736,0.956812307376726,FALSE,-0.00588444280295011,0.0509268638917546,-0.796991825150289,0.0617723759193052,-3.48263200372683e-05,0.00465502648947843,0.0404307965266371,"H01",0,-0.758764270605023
"pathway_0586",0.165677450243528,0.0505911733373002,0.209983120070203,0.0601957891422098,0.171373915489644,0.679710026626683,0.137845898496694,0.0110701593869791,0.988929840613021,FALSE,0.0839475361561112,0.159749472551671,0.00740071250829213,0.0290429265450244,-0.000535725780936825,8.55457999340136e-05,0.00211724211539489,"H00",0,0
"pathway_0587",0.224488350697237,0.0448189043973859,0.209184879067313,0.059473843749086,0.151030208357682,0.725190659749059,0.112160638138694,0.0116184937545657,0.988381506245434,FALSE,0.121573130493852,0.170342031604898,0.00544767893401028,0.0253106115355857,-0.000554198099782783,0.000108093282150256,0.00235291307351867,"H00",0,0
"pathway_0588",0.178511070605937,-0.0092213221198808,0.225788031252204,0.0596353638253474,0.173540069873951,0.718963593897199,0.098882271181128,0.00861406504772109,0.991385934952279,FALSE,0.0913621294127313,0.170992848585932,-0.00097924007846652,0.0195931164049462,7.38176487212899e-05,-1.56478100537014e-05,0.00157426821844784,"H00",0,0
"pathway_0589",-0.316054525682763,0.0416847207550468,0.211538811379866,0.0568340007818512,0.111384731185335,0.796510144159654,0.0779743107732332,0.0141308138817776,0.985869186118222,FALSE,-0.187361309206674,0.186599932414099,0.00379177459047075,0.0208476277357484,0.000525420812130719,-0.000185011039356481,0.00313027962327743,"H00",0,0
"pathway_0590",0.589958855036645,-0.0206802614756765,0.213928152363758,0.0539978973158135,0.0189072779661129,0.944357721044868,0.0103794471501163,0.0263555538389031,0.973644446161097,FALSE,0.417695473849734,0.195598269271992,-0.000784749555563552,0.0110232837931853,-6.37610001835595e-06,-0.000334162437482842,0.00577663018498549,"H10",0.469157833246083,0
"pathway_0591",-0.242690114732913,-0.0498503831719583,0.206747238205969,0.0610123710885006,0.141277201684996,0.732861278352353,0.112961700807305,0.0128998191553459,0.987100180844654,FALSE,-0.133911208801684,0.172473433600161,-0.00615451561003688,0.0268957886805205,-0.000679709116772012,0.000144449508156859,0.00271768372549276,"H00",0,0
"pathway_0592",-0.0847159050517081,0.0244832795388102,0.206860638568938,0.0586345206477244,0.201335081441852,0.669394193987408,0.12149627249443,0.00777445207630984,0.99222554792369,FALSE,-0.0423630081679501,0.149178936956623,0.00311614227495792,0.0224214311954997,0.000115270393308561,-1.67387673379758e-05,0.0012299293531288,"H00",0,0
"pathway_0593",0.773598984689222,-0.700951482665021,0.210795958588959,0.051529809445118,8.54641378157822e-42,3.65189219221183e-39,0.0204549404516673,0.979545059548333,0.0204549404516673,TRUE,0.767349670106956,0.234344929942521,-0.691399374942955,0.051115869883087,-7.96434373244725e-05,-0.530624725711957,0.167447506391906,"H11",0.50108404477211,-0.709705436159643
"pathway_0594",0.462931987989933,-0.0774595527404691,0.218260890053573,0.0546444867141891,0.0515673110225701,0.835461939381608,0.0717716351009122,0.0411991144949094,0.958800885505091,FALSE,0.295016416174455,0.207865177199704,-0.00866412005608097,0.030358089099521,0.00110176554911893,-0.0014542920991313,0.00957662681963462,"H00",0,0
"pathway_0595",0.154766008530409,-0.714284399675176,0.210299282867669,0.0552624856923379,3.06892575986481e-36,1.18290199586045e-35,0.94445987531103,0.0555401246889698,0.94445987531103,FALSE,0.00987072241971604,0.0637365747153672,-0.704141732199673,0.0548716486718251,1.99690805158621e-05,-0.00693041850216514,0.044883334362026,"H01",0,-0.766545731847359
"pathway_0596",0.636376238120578,-0.0705943096302793,0.220920953928733,0.0554922406055756,0.014557714290308,0.905005526017163,0.0169579527542661,0.0634788069382625,0.936521193061738,FALSE,0.448156955936217,0.20658517226782,-0.00568089852815472,0.0247445134054184,-0.000273667959136719,-0.00281960215049707,0.0147388508888987,"H10",0.507758706049169,0
"pathway_0597",0.260071281084494,-1.07936082471687,0.222328009413086,0.0547573881508035,1.10603630610018e-83,5.90578406628455e-83,0.937854466808834,0.0621455331911659,0.937854466808834,FALSE,0.0185292513720677,0.0904564443293803,-1.06428625935541,0.0543816268350934,6.35334606554523e-05,-0.0196568941707786,0.0961035244539325,"H11",0.52158699607674,-1.07709117706058
"pathway_0598",0.303195548857251,-0.0933168407676608,0.20401361947444,0.0557182298917626,0.0954412312265311,0.669289821035983,0.200317997630511,0.0349509501069744,0.965049049893026,FALSE,0.160860490065344,0.18201044774396,-0.0216549589831574,0.0473686493658038,0.00250976954552427,-0.000973657768851344,0.00724623276492846,"H00",0,0
"pathway_0599",0.797994205883258,0.0637250573520627,0.213120006373212,0.0554991645467213,0.00175949957285245,0.898651416455517,0.00176809322996264,0.0978209907416681,0.902179009258332,FALSE,0.595292526450308,0.196762064094512,0.00602976559720167,0.0250957570305764,0.00100790084172809,0.00459737523798942,0.020055404202138,"H10",0.63714235742952,0
"pathway_0600",0.599625914306045,-0.806594493614266,0.221930800596037,0.0518841483564999,9.7747190161181e-53,4.25039802083542e-51,0.326171804299367,0.673828195700633,0.326171804299367,FALSE,0.416921517749556,0.341418072073544,-0.795388507933609,0.0515006342604713,0.000178073458594941,-0.33143651046964,0.272943663966993,"H11",0.468840762484147,-0.726874785932372
"pathway_0601",-0.571974829739161,-0.0385679976639194,0.20015308955609,0.0595264978682014,0.0145862751938246,0.94436604542955,0.0100798811314595,0.030967798245166,0.969032201754834,FALSE,-0.421520789518588,0.185859749597127,-0.00149939910559157,0.0139669136876191,-1.02105478416052e-05,0.000621817346950818,0.00717154754805637,"H00",0,0
"pathway_0602",0.029207508663342,0.114859335091538,0.21727249886949,0.0559230026939725,0.114317586122047,0.372715662835058,0.483220839601789,0.029745911441106,0.970254088558894,FALSE,0.00851078178646455,0.118655152699388,0.0580577917322389,0.069145990171785,-0.000417073549580956,7.70436468561349e-05,0.0046751422130381,"H00",0,0
"pathway_0603",0.826649804473942,-0.73362948441581,0.209664783011184,0.059168313059257,1.86844467856015e-35,1.72236727685585e-32,0.00738049004694687,0.992619509953053,0.00738049004694687,TRUE,0.830135783803865,0.218775583883743,-0.720545367051703,0.0585418170861578,-0.000117824647679843,-0.598268317691389,0.165915036660022,"H11",0.61129121445824,-0.762744863778907
"pathway_0604",0.0307294007273462,0.0126762102917022,0.215886927691571,0.0574375148188811,0.206680918458282,0.671311244777609,0.114888228389137,0.00711960837497183,0.992880391625028,FALSE,0.015034344574315,0.151378286718967,0.0015222244369824,0.0203223816719729,-2.11914929553026e-05,1.69415374973348e-06,0.00105782741938169,"H00",0,0
"pathway_0605",0.44040725460842,-0.666758229104484,0.187708249470858,0.0649603101098145,3.4310906476985e-23,8.33594034399746e-22,0.575038439708062,0.424961560291938,0.575038439708062,FALSE,0.192309201136248,0.254498586515902,-0.652857971814903,0.0642599574188115,0.000230826862894301,-0.125319768152261,0.167179335302132,"H11",0.452711486834394,-0.717455256054974
"pathway_0606",-0.429060928006933,-0.743192516351748,0.216058095078517,0.0550989524734273,1.73992332639255e-39,2.31406813159564e-38,0.821888329859633,0.178111670140367,0.821888329859633,FALSE,-0.0696444022900786,0.174685261676628,-0.732081420046993,0.054718400405236,-0.00027179683064861,0.0507135760961962,0.127583031516994,"H01",0,-0.804447622184625
"pathway_0607",-0.224438092418881,0.0403705811168671,0.198474903056646,0.0619992473115415,0.149303736720181,0.731657362415291,0.107580346524572,0.0114585543399558,0.988541445660044,FALSE,-0.125919286207078,0.166171789826446,0.00472695683150797,0.0247924543729082,0.000491828391599371,-0.000103386638555782,0.00233213014585686,"H00",0,0
"pathway_0608",0.963293820385633,-0.0137995728871597,0.211576141977917,0.0569317825196826,0.000147073218008079,0.873215835076212,8.14473697544636e-05,0.126555644336026,0.873444355663974,FALSE,0.730781864476534,0.201580984309381,-0.00204005499959116,0.0207637003558932,-0.000448423320871061,-0.00193925851710696,0.0200901576743114,"H10",0.612376002048587,0
"pathway_0609",-0.0953353247991615,0.0107957817012303,0.228676835130253,0.0538982621589095,0.195157278006285,0.696200006888158,0.101463506113135,0.00717920899242228,0.992820791007578,FALSE,-0.0467839454565491,0.163060451376462,0.00115857883750535,0.017953605205088,4.60311145629815e-05,-8.17177457798104e-06,0.00113074367639679,"H00",0,0
"pathway_0610",0.336840083139164,-0.666610763179535,0.206830793993419,0.0559868002278628,7.22909421605337e-31,5.99354382440974e-30,0.84193517009194,0.15806482990806,0.84193517009194,FALSE,0.0559102518238045,0.152568160689306,-0.656702073154412,0.055569035789211,8.553352636443e-05,-0.0366308447569132,0.100390674769559,"H11",0.504229655595129,-0.704628009966291
"pathway_0611",0.183133377682904,-0.0639957308410319,0.215456075468328,0.0545606414690955,0.159196875557585,0.664714213348494,0.161869690156362,0.014219220937559,0.985780779062441,FALSE,0.0901588488309872,0.16347789854764,-0.0111177138053135,0.0330937605356115,0.000837273541024028,-0.000165086737295408,0.0027880108002538,"H00",0,0
"pathway_0612",0.373606272947763,-0.071994880630087,0.211340289283247,0.0578446205142735,0.0806846529409703,0.798043777967929,0.0945374090864694,0.0267341600046316,0.973265839995368,FALSE,0.226666910510839,0.195577018730569,-0.00861554786832785,0.0306102923924625,0.00124449978974663,-0.000708359827925494,0.00633751045651611,"H00",0,0
"pathway_0613",-0.179897512029078,-0.00125023037183344,0.208896118015234,0.0586042938742791,0.174494924386643,0.720636054346365,0.096613471812457,0.00825554945453471,0.991744450545465,FALSE,-0.0963163602739301,0.163803932294211,-0.0001247853146554,0.0188283369580583,-1.20029966075544e-05,1.58707156908964e-08,0.0014313872213495,"H00",0,0
"pathway_0614",0.863351453823467,-0.683379704612357,0.214726972937418,0.0524026365105635,3.58107795978782e-39,3.90224073502725e-36,0.0051730756697563,0.994826924330244,0.0051730756697563,TRUE,0.866363689193178,0.220871334365343,-0.673986149211578,0.0519657447336176,-0.000100832613678214,-0.584017959309724,0.156339625605186,"H11",0.575688001317642,-0.743207977411807
"pathway_0615",0.778716257150673,-0.0201077922439679,0.205779768905099,0.0592590845350693,0.00153048547659311,0.937514756351703,0.000906434422332771,0.0600483237493713,0.939951676250629,FALSE,0.584432657864613,0.186120332907932,-0.0013355091753126,0.0153953426479849,-0.000233498220963581,-0.0010140133978941,0.0121073880340144,"H10",0.551328212340346,0
"pathway_0616",0.590650170033302,0.054621666320267,0.203903743924148,0.0573939392372798,0.0134979957665649,0.935614859753234,0.0114344581434686,0.0394526863367324,0.960547313663267,FALSE,0.432383819258376,0.18963157364563,0.00266372633489731,0.0172291538716922,2.63778066584362e-05,0.00117812997280045,0.00924679533566942,"H10",0.591090230865011,0
"pathway_0617",-0.264617011212607,-0.0504078539693024,0.22837453327367,0.0566267354656597,0.138134685478967,0.739176062859507,0.109225659906667,0.0134635917548595,0.98653640824514,FALSE,-0.139457237953416,0.184269247014862,-0.0060811623692776,0.0255320631800777,-0.00068193350569842,0.000166128601867284,0.00292112822474262,"H00",0,0
"pathway_0618",-0.172494025063789,0.0148749378851907,0.203848555964918,0.0538433202221622,0.178431216338775,0.71942941432808,0.0943443244880892,0.00779504484505621,0.992204955154944,FALSE,-0.0933054790540699,0.160490023918936,0.0015018690109546,0.0176609923804588,0.000119478552357795,-2.06540551857864e-05,0.00129373503143341,"H00",0,0
"pathway_0619",0.471037869568961,0.078289137169855,0.205663280420832,0.0569148243978528,0.0401086074741448,0.864605448749745,0.0547857160471191,0.0405002277289913,0.959499772271009,FALSE,0.319101439071077,0.19955679243582,0.00728310447195204,0.0284105692793012,-0.000925294866147986,0.0013987542517569,0.00938264707688821,"H10",0.503704145811827,0
"pathway_0620",0.639703471076758,-0.0410843427632112,0.217859164270717,0.0571388563494569,0.0132524204219701,0.937997247617235,0.00923020364182353,0.0395201283189713,0.960479871681029,FALSE,0.453823385774706,0.198741380159512,-0.00203336906048815,0.0153904039889636,-0.000123218042016762,-0.00104600847357703,0.00925811393084539,"H10",0.481601165482855,0
"pathway_0621",-0.169870708927297,-0.0316788295469841,0.200970395522614,0.057889543213185,0.176058317113527,0.703340165841953,0.111582905103093,0.00901861194142699,0.990981388058573,FALSE,-0.0906987360270266,0.157808887606042,-0.0037563079079654,0.0223764768661284,-0.000296052333420225,4.46400459605607e-05,0.00159002541760254,"H00",0,0
"pathway_0622",0.470547578036049,0.0283396302330721,0.188072740385678,0.0649750582051164,0.0286243963703566,0.929984662996298,0.0192506810074492,0.022140259625896,0.977859740374104,FALSE,0.347609549667895,0.180061279809309,0.00111028583861211,0.014120643905045,-0.000122968825432973,0.000262977134929623,0.0051103976846296,"H10",0.412815001101086,0
"pathway_0623",0.381822066115421,0.000457892157693297,0.19804909627098,0.0606093444836386,0.0713373794117859,0.87357693987572,0.040818772057777,0.0142669086547169,0.985733091345283,FALSE,0.256243423686157,0.18635649918108,8.21977765694167e-06,0.014095980509547,-7.61283541176054e-06,-5.50657144300683e-06,0.00302917471184045,"H10",0.565639947517005,0
"pathway_0624",-0.115745435959261,0.10907322702977,0.205983795824918,0.0634199913258036,0.138296254978075,0.484140300740933,0.353350674489279,0.0242127697917133,0.975787230208287,FALSE,-0.0441490532824074,0.134384513490907,0.0404208929409055,0.0646814662909104,0.00147784802192203,-0.00030669613424849,0.00454153029584365,"H00",0,0
"pathway_0625",0.0601818237365472,0.00841143850667127,0.206064215898237,0.0591065721997557,0.207691436136487,0.668053523464478,0.117098493915639,0.00715654648339688,0.992843453516603,FALSE,0.0300519336748343,0.147109826091439,0.00102692427299121,0.0208439375365479,-2.83528118844045e-05,2.50824825660469e-06,0.00105946390174279,"H00",0,0
"pathway_0626",0.338047894173273,-0.00948217742376974,0.21711267407633,0.0554862050815972,0.106897810193071,0.824697253664924,0.0568836803067479,0.0115212558352575,0.988478744164743,FALSE,0.203526345523293,0.191273695531917,-0.000648903757728434,0.0146017662159052,9.19198776760791e-05,-4.01491327307211e-05,0.00237085029624223,"H10",0.529778102289209,0
"pathway_0627",0.135023938750956,0.0391931461966814,0.206341817327274,0.0620819477888268,0.184608023108608,0.674381459254862,0.131538010676563,0.00947250695996697,0.990527493040033,FALSE,0.0683061494914966,0.153981156770569,0.00542331316309012,0.0267000232644944,-0.00032476677762412,4.56788620331143e-05,0.0016946732250806,"H00",0,0
"pathway_0628",0.594862876904993,-0.965220257623245,0.188007101651611,0.0614449226769264,5.38425172890402e-54,7.43148720958378e-52,0.143010952013526,0.856989047986474,0.143010952013526,TRUE,0.525546522868536,0.275464620470792,-0.945620154819032,0.0607787269468703,0.000165930457077135,-0.496801453862472,0.263069805732469,"H11",0.452161214757648,-0.955474043581515
"pathway_0629",0.414436491333128,0.0819927646218391,0.2067808735519,0.0567755074701674,0.0595008830063644,0.814952862816343,0.0891913046468338,0.0363549495304591,0.963645050469541,FALSE,0.263164441377239,0.198992872477638,0.0100877974245574,0.0332721142158471,-0.00149648743572752,0.00115826213823286,0.00826881908770085,"H10",0.493244074051595,0
"pathway_0630",0.8387266657241,-0.646539320536188,0.189451936135163,0.0635461485857574,1.50731347430841e-25,8.21632420224506e-22,0.00104867584679971,0.9989513241532,0.00104867584679971,TRUE,0.842911954024795,0.189729607302332,-0.633635362855396,0.0627698880258638,-0.000118743873837701,-0.53421756571749,0.132370516797087,"H11",0.629279883130836,-0.741210136527055
"pathway_0631",0.50261879439386,0.00546891442031225,0.2122921780696,0.0595041903367404,0.0378455083160729,0.92080401430314,0.0213544881080906,0.0199959892726963,0.980004010727304,FALSE,0.345575424592071,0.19703139445908,0.000192553199408981,0.0120233187736795,-3.09800155796408e-05,3.55616380626794e-05,0.00445918537246087,"H10",0.437002574079781,0
"pathway_0632",0.132810635056164,-0.0190040913472533,0.215948507839325,0.0531404806562857,0.189768040734458,0.701108853218939,0.101600430517454,0.00752267552914939,0.992477324470851,FALSE,0.0678847425200997,0.160434909201124,-0.00204867899821983,0.0183940595122601,0.000119589293270503,-1.94847530299854e-05,0.00121940520827483,"H00",0,0
"pathway_0633",0.243588595262217,-0.0680781879168233,0.208361618728011,0.0567442642147506,0.135096519845294,0.700459906858296,0.147216697419582,0.0172268758768281,0.982773124123172,FALSE,0.12917846732248,0.172186366244437,-0.0110357357485306,0.0337675986287794,0.00114364462910086,-0.000281934800670232,0.00366106306308836,"H00",0,0
"pathway_0634",-0.105606647199754,-0.970310823053602,0.201540735604816,0.0637847218551525,7.73659935514921e-50,2.62782728911551e-49,0.970474904312752,0.0295250956872483,0.970474904312752,FALSE,-0.00209962052443581,0.0363510713843677,-0.952141345702399,0.0631934640557456,-1.643587163631e-05,0.00198269963996438,0.0344573846023635,"H01",0,-0.923020078521684
"pathway_0635",0.542974337831551,-0.00566780267365829,0.210566119916702,0.0570248242536383,0.0262550090944013,0.937379355015499,0.0142167038468297,0.0221489320432702,0.97785106795673,FALSE,0.382660104951105,0.194492852160593,-0.000234788990175371,0.010845803141691,4.53546546808114e-06,-8.53089141537903e-05,0.00484087521149047,"H10",0.582527152695694,0
"pathway_0636",0.121044024370999,0.0274914186323061,0.223091062689745,0.0523172461716706,0.189739531512604,0.694776513209798,0.107629464767279,0.00785449051031903,0.992145509489681,FALSE,0.0602213994100905,0.162198279088719,0.00313193962380831,0.0196765564535996,-0.000164880165414426,2.37296215992227e-05,0.00128720372383667,"H00",0,0
"pathway_0637",0.0875689888497476,-0.758952315281936,0.214124876297687,0.0543751257979001,3.4531682636291e-42,1.17580135434701e-41,0.956229735494948,0.0437702645050517,0.956229735494948,FALSE,0.00501169674148361,0.0501257175788868,-0.748539834954063,0.054004169540042,9.8386348952673e-06,-0.00374161601681469,0.0374939197774195,"H01",0,-0.741835315991489
"pathway_0638",0.374958468742409,-0.105120058007259,0.200113653851397,0.0552861044044981,0.0607306534191797,0.68890636894007,0.188661482347478,0.0617014952932725,0.938298504706727,FALSE,0.216213818691187,0.197663494957427,-0.0259794012719409,0.0526742669239746,0.00322453492516208,-0.00239257063115494,0.0121092668368439,"H10",0.51039406276635,0
"pathway_0639",0.0755705738846133,-0.0140539595072375,0.214754648189206,0.0572961468875192,0.201906790189635,0.678185815924175,0.112596167826797,0.00731122605939305,0.992688773940607,FALSE,0.0374818279674592,0.153362173278287,-0.00166086927059818,0.0201954812964845,5.37251668747813e-05,-8.52724940221909e-06,0.00112629121549689,"H00",0,0
"pathway_0640",0.668220351666623,0.061891333782424,0.208528556647829,0.0624458169730453,0.00687522925274381,0.92919011596737,0.00656253070439707,0.0573721240754895,0.942627875924511,FALSE,0.492254420863948,0.191776105803769,0.00374330412426683,0.0211849097239141,0.000331303263569552,0.00217396126737815,0.0136986150436454,"H10",0.533009721943438,0
"pathway_0641",0.358871707337294,-0.0924621290998558,0.205562912885079,0.0608577289638018,0.0778644464025343,0.745997219136108,0.139118896124703,0.0370194383366556,0.962980561663344,FALSE,0.210730873863065,0.193376350260451,-0.0160329068116791,0.0429293983727859,0.0021713704358267,-0.00120725802716351,0.00857370839980868,"H10",0.502767457142543,0
"pathway_0642",0.556305558827283,-0.00962441782913252,0.222115129847118,0.0525835051529254,0.0308493544134312,0.932356534823025,0.0156016921414854,0.0211924186220587,0.978807581377941,FALSE,0.378259847669136,0.202453377553603,-0.000375777556905961,0.0101940806390473,1.59997254853301e-05,-0.000126141835947399,0.00454999196834094,"H10",0.505788613680153,0
"pathway_0643",0.174458684035951,-0.704162536904285,0.223032037808469,0.0561458163268234,3.84002908595483e-34,1.57241290471867e-33,0.938239556907799,0.0617604430922012,0.938239556907799,FALSE,0.0123103105106569,0.0728225828129585,-0.693832357634471,0.0557353819180591,2.42340782900599e-05,-0.00851705768653143,0.0505455623936995,"H01",0,-0.729970389575355
"pathway_0644",-0.0578867558625758,-0.933873617167006,0.203699308353135,0.0570580708175056,8.94989135466972e-58,2.85007423139931e-57,0.970449944085221,0.0295500559147792,0.970449944085221,FALSE,-0.000729227114672857,0.0349255595322646,-0.919831050558804,0.0566329843692699,-6.5688981887303e-06,0.000664196844796769,0.0320255824781661,"H01",0,-0.901652493920329
"pathway_0645",0.291764523508162,0.0256201535501274,0.203810702220521,0.0609360967874599,0.119983023372469,0.792889805196028,0.0752802239071251,0.0118469475243776,0.988153052475622,FALSE,0.174875265779229,0.179937415803564,0.00218212744991711,0.0191755053328826,-0.000301497709064661,8.01024087037441e-05,0.00245894533982358,"H10",0.420670625914904,0
"pathway_0646",0.0844988581107459,-0.0267690504107406,0.21236083833575,0.0585081040471004,0.198912286686668,0.671263700133078,0.121860024073899,0.00796398910635518,0.992036010893645,FALSE,0.0418010253123192,0.152100464511583,-0.00342171279833873,0.0227112025614155,0.000124377692333131,-1.86534109617124e-05,0.00128836134292132,"H00",0,0
"pathway_0647",0.121540587583073,0.142935334659026,0.215781413996256,0.0580332865749588,0.0616061041116567,0.2225626822628,0.669259480098163,0.0465717335273802,0.95342826647262,FALSE,0.0247253190470853,0.106097613661503,0.10069373821028,0.0799876658960426,-0.00175792025793691,0.000731764545355952,0.0078194780551472,"H00",0,0
"pathway_0648",0.117343375001689,-0.928629784403446,0.214948142639304,0.0555768240468167,3.11983693007484e-60,1.11647714927051e-59,0.960470960108528,0.0395290398914725,0.960470960108528,FALSE,0.00594105099172769,0.051425364629244,-0.915345967669622,0.0551827667953197,1.76002278788646e-05,-0.00542051684111868,0.0469925139158384,"H01",0,-0.839560781960949
"pathway_0649",0.251319555749559,-0.618941525416042,0.198037927345916,0.0603532555803923,5.52474840998181e-23,3.06367469994052e-22,0.903449809517845,0.0965501904821547,0.903449809517845,FALSE,0.0257576683071471,0.0996256409601261,-0.608402867059597,0.0598383317855847,4.76303015946398e-05,-0.0156234089452438,0.0607535711464455,"H11",0.4795030753305,-0.650607658066998
"pathway_0650",0.228398085266714,0.139898939617765,0.208586554930172,0.0577944717737677,0.0600382351348162,0.292894390193093,0.586899462130012,0.0601679125420784,0.939832087457922,FALSE,0.0621500241918564,0.138230423588229,0.0890624510003087,0.0803361188864085,-0.00374680494413172,0.00178842854012348,0.0107280777090457,"H10",0.445252936742522,0
"pathway_0651",0.223008775246146,0.0264241940904448,0.217243702288303,0.0576570393425144,0.156500091757683,0.739236055633927,0.0945410044221289,0.00972284818626114,0.990277151813739,FALSE,0.120161814933182,0.17408363551437,0.00270599882103229,0.0201020696631526,-0.000273058031641843,5.20996979004481e-05,0.00187189864748835,"H00",0,0
"pathway_0652",-0.314267368520222,-0.0102484212024626,0.204667431579522,0.0618704326711448,0.109664975014848,0.813461934328931,0.0648997373929392,0.0119733532632821,0.988026646736718,FALSE,-0.192790639529843,0.183379965512832,-0.000761498774089967,0.0172001557356629,-0.000115156385563906,3.16534500940895e-05,0.00248882024852046,"H00",0,0
"pathway_0653",-0.00405628923502611,-0.675008307394705,0.218999350162249,0.0578416001727204,1.32773317500456e-29,4.3258852967248e-29,0.957354248958682,0.0426457510413184,0.957354248958682,FALSE,0.000969987090098158,0.0449521381742155,-0.664542013491374,0.0573953308662264,-2.57432484491082e-06,-0.000647171498759379,0.0298470800106662,"H01",0,-0.699898415886009
"pathway_0654",0.127920098442591,0.058577844428401,0.204176114112714,0.0569016173633674,0.180185523447844,0.64510767007728,0.163300636857542,0.0114061696173336,0.988593830382666,FALSE,0.0625226271442529,0.149794109324008,0.0100752596701273,0.0321968984421879,-0.000550849945677875,7.90817580590217e-05,0.00201870216025126,"H00",0,0
"pathway_0655",0.095932165275336,0.00929775327003552,0.227087775822033,0.0532372929092359,0.19592783862063,0.696872634013766,0.10015539306516,0.00704413430044438,0.992955865699556,FALSE,0.0473001809610999,0.162401709350719,0.000981908770830238,0.0175449506710374,-4.14411922640669e-05,5.00327028349454e-06,0.00109019733955845,"H00",0,0
"pathway_0656",-0.0874282665981879,-0.0349761265989488,0.212043071372417,0.0511112274839887,0.198613617579542,0.672402792965612,0.121070683667119,0.0079129057877272,0.992087094212273,FALSE,-0.0433345876293915,0.152241539146515,-0.00445469538966254,0.0216064955484467,-0.000170982451713587,2.20599360119904e-05,0.00122671038517242,"H00",0,0
"pathway_0657",-0.399097138289728,-0.0238464189685977,0.20577930222875,0.0601946118668246,0.0698983435809745,0.871443243972875,0.0429121292667286,0.0157462831794219,0.984253716820578,FALSE,-0.262695383127567,0.191819508839179,-0.00135485382103063,0.0154337752728837,-0.000221871332469509,0.000134042511127981,0.00349713108491831,"H00",0,0
"pathway_0658",0.41214213706717,-0.760583820108821,0.214299534144211,0.0546048513417529,4.10881358918931e-42,5.00551697924712e-41,0.759997149330576,0.240002850669424,0.759997149330576,FALSE,0.103732138671146,0.211800565819228,-0.749643733337143,0.0542108606447995,0.000154846924648788,-0.0776073007758352,0.15901383464267,"H01",0,-0.794934947153054
"pathway_0659",0.247091970478192,-0.0134849560300711,0.21384407276535,0.0582368521325562,0.14666456524538,0.760784565499922,0.0828430605821424,0.00970780867255548,0.990292191327445,FALSE,0.138163495839752,0.176908542692556,-0.00123475860958902,0.0179947354851083,0.000136653752826763,-3.39448131922864e-05,0.00188339742136185,"H10",0.513901095039997,0
"pathway_0660",0.269200013787619,-0.562086069850165,0.210228958274201,0.0623771305622169,7.26955236076838e-18,4.18087086982999e-17,0.892743234357206,0.107256765642794,0.892743234357206,FALSE,0.0304728592039107,0.111227840392341,-0.551863286061586,0.0618062690685348,4.78298578596367e-05,-0.0167690223581026,0.0616373108802869,"H11",0.520833206332809,-0.533037396247524
"pathway_0661",-0.249810355176077,-0.0133120092356162,0.195001263986271,0.0597961223361506,0.138485570458229,0.771457031777568,0.0801220276014977,0.00993537016270563,0.990064629837294,FALSE,-0.14849307090516,0.169722529883944,-0.00117122346734557,0.0181776605185406,-0.000145138619199216,2.87799501831171e-05,0.00187497302296649,"H00",0,0
"pathway_0662",0.363907799949104,-0.0447483182509598,0.209942444135893,0.0577917569799746,0.0878352944309796,0.830778209766589,0.0644255059570885,0.0169609898453424,0.983039010154658,FALSE,0.226716117157259,0.19192067029466,-0.00359961507482102,0.0203384104801848,0.000541656067633475,-0.000274434685390683,0.0039263544565644,"H10",0.427171965382389,0
"pathway_0663",0.672383622297694,-0.0526167159498517,0.193782049887214,0.0604341141183264,0.00324189656687677,0.937696456008923,0.00268503985984656,0.056376607564354,0.943623392435646,FALSE,0.516672169427629,0.177918602874033,-0.00315454270908241,0.0192238756991705,-0.000373452848724181,-0.0020033172737779,0.0130118274173209,"H10",0.548040523580293,0
"pathway_0664",-0.0943389761989657,-0.068340173396613,0.20697655723394,0.0583540715014432,0.180893298732218,0.610587901413644,0.195857927651133,0.0126608722030041,0.987339127796996,FALSE,-0.0434957200253274,0.144619079125685,-0.0140207019401016,0.0380125177413237,-0.000535372964087157,7.44675620580641e-05,0.00221176780996604,"H00",0,0
"pathway_0665",0.100584148416971,0.0370033799963231,0.221636300796143,0.051285739051204,0.192117858152858,0.678935098837492,0.120578820228184,0.00836822278146547,0.991631777218535,FALSE,0.0491491792256839,0.158474781896877,0.00471085521070237,0.0220203051263435,-0.000203118920453831,2.84157466032269e-05,0.00136312985651569,"H10",0.539288930416688,0
"pathway_0666",-0.121572428368838,-0.0620173523845051,0.207000747323514,0.0635221707349489,0.179437110772765,0.637052565672064,0.171650000866627,0.0118603226885436,0.988139677311456,FALSE,-0.058332783410325,0.149731931805174,-0.0111623852408196,0.0357905022794865,-0.000569445851671657,8.16871489236797e-05,0.0022206920178402,"H00",0,0
"pathway_0667",0.155595266251796,-0.0258356803141938,0.202298046080433,0.062050392027574,0.181206971078909,0.694340386707657,0.115536362088346,0.00891628012508808,0.991083719874912,FALSE,0.0817613895825928,0.156004024705428,-0.00316194917555969,0.0232573001043752,0.00022215080664124,-3.63745517420537e-05,0.00159044714044187,"H00",0,0
"pathway_0668",0.193839302626186,-0.870694582045894,0.205249348056513,0.0579593367001001,9.64115458147932e-49,4.16528308068476e-48,0.943643177274007,0.0563568227259926,0.943643177274007,FALSE,0.0124190391254361,0.0700704796871453,-0.8571117214926,0.0575109315042151,3.72532090917189e-05,-0.0106072507949948,0.0599902169169442,"H01",0,-0.86626157597414
"pathway_0669",0.157563139085701,-0.0547432799731194,0.202312957293714,0.0570511407594969,0.173372788864827,0.668062896936264,0.147098651922973,0.0114656622759361,0.988534337724064,FALSE,0.080118963223077,0.154443983713122,-0.00855294718473617,0.0299404622917042,0.00058698850499534,-9.82647559474565e-05,0.00213648394616656,"H00",0,0
"pathway_0670",0.173811236610401,-0.0297790110369229,0.217224864459195,0.0567373723422019,0.174233298905308,0.709697087453584,0.106999024223395,0.00907058941771234,0.990929410582288,FALSE,0.0898868369816884,0.16607848936774,-0.00340844104935833,0.0213652943237733,0.000259188392377793,-4.71855925875744e-05,0.00166828449785631,"H00",0,0
"pathway_0671",-0.213147344928556,0.0265030859163456,0.210928868500963,0.0539715437312941,0.160513634352393,0.738041531043305,0.0922755112064775,0.00916932339782439,0.990830676602176,FALSE,-0.116433176914386,0.17004991916841,0.00265638716369948,0.0188134681312543,0.000257257601681781,-5.20339949023451e-05,0.00169767318961582,"H00",0,0
"pathway_0672",0.713092651495519,0.0756941637264209,0.206770513246073,0.0622341891214105,0.00365327622435208,0.907468909406467,0.00443672402848051,0.0844410903407006,0.915558909659299,FALSE,0.534945083473131,0.191553586202997,0.00638038884935277,0.027452993848629,0.000787559249269615,0.00420071689487767,0.0194048006088675,"H10",0.482790249927218,0
"pathway_0673",0.777093249479772,-0.0382462464566494,0.20017864833511,0.060217408972368,0.00108212523802292,0.927006336189496,0.000750211038820093,0.0711613275336607,0.928838672466339,FALSE,0.593353541963005,0.182855884346489,-0.00285616600497376,0.0189832263012151,-0.000473792197335744,-0.00216850841282125,0.0149494815717291,"H10",0.689490725442915,0
"pathway_0674",0.559017677834067,-0.892057279600813,0.209320867776551,0.0589959629072377,9.38536867292383e-50,4.0114307229424e-48,0.376834040074278,0.623165959925722,0.376834040074278,FALSE,0.361348828744462,0.325121377361579,-0.876046460549428,0.0584479186365873,0.000320103960870177,-0.316238258484398,0.286066194858159,"H11",0.496046001297547,-0.824319074218653
"pathway_0675",0.746110233565973,0.0415746013196125,0.208934530650703,0.0584600277134817,0.00279837153953663,0.936039749649255,0.00198205691326132,0.0591798218979475,0.940820178102053,FALSE,0.554216349528914,0.189156368048319,0.00236607115584923,0.0170497632487551,0.000348016640850745,0.00165933195957116,0.0126880944101888,"H10",0.467926089012968,0
"pathway_0676",-0.369829677093815,-0.65521354221571,0.213143140769131,0.0537232613976203,2.28045435638192e-32,2.16595944954621e-31,0.863582122786145,0.136417877213855,0.863582122786145,FALSE,-0.04601687151532,0.139538192841567,-0.64604981815688,0.053366033751324,-0.000160315592860994,0.02956887588176,0.0899814940958419,"H01",0,-0.704267236377013
"pathway_0677",0.788175298897614,-0.716472545991365,0.215153254918366,0.0556099853946815,1.14261430254356e-37,4.60921819841904e-35,0.0205883616649563,0.979411638335044,0.0205883616649563,TRUE,0.782126877212487,0.239200935879,-0.705126243546448,0.0550908930444468,-9.61451266541236e-05,-0.551594332032209,0.174956462742961,"H11",0.525511982740991,-0.766706598842353
"pathway_0678",0.0801777569809003,-0.0232257414757095,0.203249833419416,0.0602191053448499,0.203298159420373,0.664570867312005,0.12435754613742,0.00777342713020219,0.992226572869798,FALSE,0.0401710944133879,0.146575100140884,-0.00301892073171079,0.0230418950173931,0.000106137175031651,-1.51361747084375e-05,0.00122058992038053,"H00",0,0
"pathway_0679",0.297650395957747,-0.69623165313312,0.19907525168721,0.0639987275273924,8.75371294497559e-26,6.15133938961522e-25,0.875994434036156,0.124005565963844,0.875994434036156,FALSE,0.039047505819974,0.124876516308467,-0.682848911710667,0.0633833281039322,9.08237363519068e-05,-0.0265727231178332,0.0854080695496655,"H01",0,-0.672488031868568
"pathway_0680",-0.0907626210088553,-0.156905799402185,0.196478886139385,0.0558513156810776,0.0316091787267658,0.103064304858558,0.816091073408716,0.04923544300596,0.95076455699404,FALSE,-0.0112035790523917,0.0746810077276835,-0.133789336276217,0.0737959762233708,-0.000867407847703368,0.000631511557634245,0.00764509919891067,"H00",0,0
"pathway_0681",0.568354513396551,0.02720869224749,0.213743745187268,0.0567945431582138,0.0227538119910922,0.937477258876819,0.0136740839597862,0.0260948451723029,0.973905154827697,FALSE,0.399566667386531,0.196694295170098,0.00102319948050045,0.0123000801960538,-4.74481563737515e-05,0.000361388250121442,0.00588689555891984,"H10",0.577305168501521,0
"pathway_0682",-0.0123399725567013,0.124436463981968,0.199394734316093,0.0628016118144209,0.119787103784482,0.364883208916914,0.487862454616681,0.0274672326819226,0.972532767318077,FALSE,-0.00381982567482567,0.109405857028155,0.0629540434500706,0.0756488435847502,0.000182866650598955,-5.76068209057162e-05,0.00448486428797223,"H00",0,0
"pathway_0683",0.0372469919666359,0.0340816625310352,0.204518173133474,0.0597499311832368,0.206644608415473,0.648454836749621,0.136821439599096,0.0080791152358092,0.991920884764191,FALSE,0.0181570642001872,0.143435591326377,0.0048555807385743,0.0254528790534515,-7.96697609339262e-05,8.4933302655596e-06,0.00125112245135753,"H00",0,0
"pathway_0684",0.284514422305141,-0.601452005694402,0.198381915169054,0.0547868385665801,2.62791155178324e-26,1.72475411702474e-25,0.879505295842383,0.120494704157617,0.879505295842383,FALSE,0.0360180456887334,0.11884372130579,-0.592950462248465,0.0543980262825591,4.98483315766358e-05,-0.0213070685088441,0.070643230367712,"H11",0.48121526322679,-0.665044340097924
"pathway_0685",0.179216377713965,-0.831120444068878,0.21483925857766,0.0559491685301676,1.04913657869058e-47,4.33167358547026e-47,0.944660753463782,0.0553392465362178,0.944660753463782,FALSE,0.0114592515995173,0.068853274672938,-0.819028656087295,0.0555450785873147,2.96061358850009e-05,-0.00935584930143387,0.0563467883692669,"H01",0,-0.785861968415538
"pathway_0686",0.308113079716722,0.0360543682805889,0.206266015169556,0.0565503328684098,0.112841997790434,0.800698694438712,0.0736791197304218,0.0127801880404317,0.987219811959568,FALSE,0.1855943480591,0.183301382017325,0.00305902910834935,0.0192649654573386,-0.000436427103254448,0.00013131140980346,0.0026895737870921,"H00",0,0
"pathway_0687",0.863594677096774,-0.011044055425821,0.208038914162894,0.0558800137847507,0.000528319490714192,0.920492821705137,0.00028448011161028,0.0786943786925382,0.921305621307462,FALSE,0.649652997000007,0.190244589655432,-0.001031510405303,0.015949211957025,-0.000209250158028576,-0.00087937398427036,0.0138854751758276,"H10",0.589796705303109,0
"pathway_0688",0.574412470093702,0.0269036242606066,0.199074799339473,0.0576469875925126,0.0137657298866913,0.950116946315576,0.00834625076025575,0.0277710730374771,0.972228926962523,FALSE,0.425113381819411,0.184090656847974,0.000909366632561319,0.0118253443104001,-2.22598801638985e-06,0.000384357936465482,0.00615800276682714,"H10",0.444625107323562,0
"pathway_0689",0.571558490051396,0.0438751513480426,0.215826007060405,0.0543249102377137,0.0231969801639868,0.929880978470281,0.016438647329931,0.0304833940358015,0.969516605964199,FALSE,0.399030173394397,0.199330345767329,0.00198253772655018,0.0146995526990126,-8.60360226636216e-05,0.00070505635012263,0.00703890939330232,"H10",0.512475567391734,0
"pathway_0690",0.556510286565811,0.00142018256689951,0.209499589618388,0.0600491755109793,0.0226316030839567,0.940313338200585,0.0128351181650466,0.0242199405504116,0.975780059449588,FALSE,0.395564094583115,0.193404433087928,1.14634060394182e-05,0.0114448157265358,-1.12216660472092e-05,-6.68715421638811e-06,0.00539054010616625,"H10",0.501358086392473,0
"pathway_0691",0.181160223546488,0.0636491210348415,0.218424695301454,0.0598316485860095,0.160596560418878,0.667521289588109,0.158297135975006,0.0135850140180076,0.986414985981992,FALSE,0.0886990325967434,0.16456167760614,0.0107494794872457,0.0340840633654024,-0.000808907611598694,0.00014456081983854,0.0027500826975161,"H10",0.440191603304418,0
"pathway_0692",0.63165536879155,-0.638947488628293,0.196970561407172,0.059704899988266,6.05412276198707e-26,8.81981211035461e-24,0.099451461482259,0.900548538517741,0.099451461482259,TRUE,0.576976819985022,0.266585999903534,-0.627222524019153,0.0590770119826805,-1.88343159319704e-05,-0.361911691647482,0.171598031844663,"H11",0.596124315040254,-0.660503898413362
"pathway_0693",1.04691133323378,-0.85939327092705,0.205442970909011,0.0563185737861083,1.15194858258909e-54,5.21704435219424e-50,4.13986742226035e-05,0.999958601325777,4.13986742226035e-05,TRUE,1.05623916839153,0.203514273259275,-0.845673952181531,0.0557763271289026,-0.000110807478807207,-0.893344759461405,0.182807025153461,"H11",0.49114034102062,-0.739533046798138
"pathway_0694",-0.0218042647254504,-0.0139760884233668,0.206256013423966,0.0553887903902904,0.21257431938797,0.665791057226733,0.114856701807994,0.00677792157730263,0.993222078422697,FALSE,-0.0108356983230325,0.145619411466558,-0.00167528930734823,0.0197001532807854,-1.69526811797011e-05,1.20024835852636e-06,0.000955217546939682,"H00",0,0
"pathway_0695",-0.0779447321257211,-0.0824319922495628,0.208343039166679,0.0573696338183433,0.16948605589292,0.560603635863271,0.253951258378659,0.01595904986515,0.98404095013485,FALSE,-0.0331895923871411,0.139006213363602,-0.0219045870425341,0.0466110431240691,-0.000634491818076062,9.25124972742966e-05,0.00271649050727985,"H00",0,0
"pathway_0696",-0.0365138500528934,-0.851486600622355,0.209532278982358,0.0574461328866668,1.83165766539666e-47,5.84415709546486e-47,0.966465670503945,0.0335343294960551,0.966465670503945,FALSE,-0.000162766478164226,0.0379847738370084,-0.838495472008257,0.0570113750160792,-4.67985359122117e-06,0.000131799101344213,0.0317680086181239,"H01",0,-0.872499383975466
"pathway_0697",0.100999755830161,-0.0449000694688961,0.19408470120484,0.0604000391954559,0.196122008019518,0.647839012327501,0.146750070609035,0.00928890904394527,0.990711090956055,FALSE,0.0506344036184814,0.142208703325047,-0.00689004180822399,0.028571936616582,0.000306489955953004,-4.23832019128211e-05,0.00156047915615199,"H00",0,0
"pathway_0698",0.129061621309246,-0.708405513376972,0.207635229542864,0.0563603617915999,2.77686073948026e-34,1.0030185605662e-33,0.949378240634812,0.0506217593651884,0.949378240634812,FALSE,0.00768143062591405,0.0569651096144629,-0.697959570036394,0.0559463531813837,1.5837691876245e-05,-0.00534549032505111,0.0397588029368432,"H01",0,-0.707489410798325
"pathway_0699",0.755761571657199,-0.769795732791822,0.213985462395047,0.0595214836312144,1.11234592021981e-37,3.22301355856554e-35,0.0338252214601381,0.966174778539862,0.0338252214601381,TRUE,0.742687510010143,0.250212231783182,-0.755629826027918,0.0588888138421002,-8.48844927341386e-05,-0.561281718474806,0.195001996069591,"H11",0.536779825375932,-0.722752646784385
"pathway_0700",-0.2010701770979,-0.0453811420947302,0.20935326157592,0.0591242422398224,0.16043897191866,0.708750680547509,0.1197097381593,0.0111006093745304,0.98889939062547,FALSE,-0.106324288569327,0.166154242002799,-0.00583247226703407,0.0259963696874272,-0.000526481171054988,9.36522933377377e-05,0.00218023055200312,"H00",0,0
"pathway_0701",-0.401094112707396,-0.627770078991058,0.212099045400528,0.0523467496922454,2.42150946227517e-31,2.82209222189556e-30,0.825735602502021,0.174264397497979,0.825735602502021,FALSE,-0.064345634056647,0.165206923308066,-0.619283566466055,0.0520147784731435,-0.000200700123270912,0.0396474936218491,0.102182993469646,"H01",0,-0.63772040938237
"pathway_0702",0.29013061542626,0.0305907096670284,0.218010050070374,0.0586275796698841,0.127550855060846,0.779886061623496,0.080760899972136,0.0118021833435221,0.988197816656478,FALSE,0.165042031189419,0.185134744269513,0.00277556097897052,0.0197100984376587,-0.000362537278946254,9.55469427131337e-05,0.00249411624321577,"H00",0,0
"pathway_0703",0.100091000952795,-0.0221804514784164,0.21455639728873,0.0568583985280227,0.196436434000064,0.682067592145325,0.113763042720139,0.00773293113447223,0.992267068865528,FALSE,0.0499918761040758,0.155304131166783,-0.0026562257867246,0.020925339177628,0.000115021771041529,-1.77679393928584e-05,0.0012477593123984,"H00",0,0
"pathway_0704",0.185397773624406,0.0297412643184296,0.221180566515943,0.0518928133667177,0.171332880579837,0.721005517281318,0.0989373337797633,0.00872426835908146,0.991275731640919,FALSE,0.0963066498589097,0.169918342220953,0.00315780258579998,0.0192066507779681,-0.000259784731286484,4.43326566677145e-05,0.0015536095652112,"H00",0,0
"pathway_0705",0.28962748810437,-0.0604100298793307,0.200746829931397,0.0619043737341982,0.114482915031452,0.761601328092204,0.106775071931069,0.0171406849452756,0.982859315054724,FALSE,0.169699328802555,0.178533355681346,-0.00736479025717591,0.0291492377949921,0.000953626094249869,-0.000296173869164477,0.00391564146563691,"H00",0,0
"pathway_0706",0.383995830661173,-0.83907708834956,0.20718224340566,0.0554546046836577,1.47875926642018e-49,1.63535973634323e-48,0.801745170936124,0.198254829063876,0.801745170936124,FALSE,0.0805158397895348,0.185891616475947,-0.826708349127529,0.0550492905208341,0.000159589196739834,-0.0664035277942831,0.153748289061125,"H11",0.587670585170709,-0.816654964802342
"pathway_0707",-0.00566118265267024,0.00383384218574725,0.201368377200581,0.0574291371282695,0.215511598687213,0.660567924135765,0.117197856387979,0.00672262078904319,0.993277379210957,FALSE,-0.00282739391078353,0.14230078061347,0.000467902796572226,0.0200991792764806,4.34241533047886e-07,-8.8870398481901e-07,0.000932289739458613,"H00",0,0
"pathway_0708",-0.176211643448261,-0.0645995206810954,0.213962277557974,0.054381627595447,0.161013824362551,0.659009409540155,0.1660656672188,0.0139110988784944,0.986088901121506,FALSE,-0.0862327435232831,0.161408716189178,-0.0114589952241419,0.0335134739473476,-0.000840685887937074,0.000147454708260883,0.00263825571313332,"H00",0,0
"pathway_0709",0.620189053298443,-0.76779018258273,0.214429494840324,0.0566166118642233,1.85116324194296e-40,1.2139786910542e-38,0.221319467901223,0.778680532098777,0.221319467901223,FALSE,0.495283078582617,0.323661412736682,-0.755006026938189,0.0561015802468425,0.000119769198593467,-0.373821940171783,0.246694090657285,"H11",0.492742761715674,-0.834825694295534
"pathway_0710",-0.468068203133661,-0.549572025116133,0.20527197889951,0.0556257818750838,1.62972210302984e-21,3.45554757594163e-20,0.673943679132716,0.326056320867284,0.673943679132716,FALSE,-0.143352093483076,0.2365240759874,-0.540583322895529,0.0552161498900709,-0.000392265914182927,0.077101485124929,0.128072236759646,"H01",0,-0.613874916725766
"pathway_0711",0.573381704307389,-0.777167455534629,0.207322132458011,0.057004480360676,9.66996355157535e-41,5.02879990172279e-39,0.300726715540235,0.699273284459765,0.300726715540235,FALSE,0.41222234113417,0.320204245151752,-0.764107798757912,0.0564922646666024,0.000186567573356167,-0.314795738109507,0.246423838640167,"H11",0.455658491093989,-0.724237665104645
"pathway_0712",-0.0632741358755641,0.0210361388235365,0.196618214946961,0.0607901021989762,0.209454163771063,0.655545403275599,0.127483853158785,0.00751657979455316,0.992483420205447,FALSE,-0.0317802782632431,0.141169827567363,0.00279256827713939,0.0232440411798471,7.80603266467792e-05,-1.06882702698159e-05,0.00113071198196017,"H00",0,0
"pathway_0713",0.0795135900792154,-0.0237605968123596,0.2149357525071,0.0603154493119703,0.198748379549483,0.671110427404788,0.122151016558633,0.00799017648709559,0.992009823512905,FALSE,0.0390698776052845,0.153038084777128,-0.00304175242720829,0.0229623418911492,0.000102969243214225,-1.587165182238e-05,0.00130224871961821,"H00",0,0
"pathway_0714",0.507763198363382,-0.0725539590340402,0.20571718588265,0.0647061983870688,0.0303648312433902,0.894463331321633,0.034324634562435,0.0408472028725414,0.959152797127458,FALSE,0.355520128004968,0.197442075645848,-0.00540347808612988,0.0258252095364778,0.000434039807749475,-0.00148700541310346,0.0104831157793228,"H10",0.448484528992695,0
"pathway_0715",0.569218309478431,-0.647392969378708,0.192229972791969,0.0656162915507972,6.0267988579297e-22,5.06075627280412e-20,0.197389206860673,0.802610793139327,0.197389206860673,FALSE,0.464789934786681,0.286835081149876,-0.633077437791646,0.0648086171000441,8.07267565496317e-05,-0.294167294269548,0.185138767594258,"H11",0.641172223354333,-0.621487885855684
"pathway_0716",-0.0883709961601341,-0.737192761065748,0.197208834235038,0.0608611265923056,8.00247873355677e-32,2.60381380593239e-31,0.962008449832342,0.0379915501676583,0.962008449832342,FALSE,-0.00239566687204636,0.0399495893800465,-0.724566905333067,0.0603436128531241,-1.43387354335468e-05,0.00172148219625403,0.028869136033342,"H01",0,-0.728603447546485
"pathway_0717",-0.204043396110049,-0.0381448650145119,0.213808518801653,0.0535736007120649,0.162294876849327,0.722145822697465,0.105604072480382,0.00995522797282601,0.990044772027174,FALSE,-0.108435602599579,0.169195703687175,-0.00434357493196059,0.0217160808144197,-0.00039906450465543,7.19336605281402e-05,0.00186224561307018,"H00",0,0
"pathway_0718",0.2232389236718,-0.777702190047536,0.203524499806176,0.0590991953658456,1.65307487705573e-37,7.97728007499488e-37,0.928049210629939,0.0719507893700614,0.928049210629939,FALSE,0.0176675772683718,0.083359279158103,-0.765052212149043,0.0586211000854653,4.59299019771112e-05,-0.0134706891705049,0.0637607444562525,"H01",0,-0.777611731353635
"pathway_0719",0.126619363638835,-0.0206660881942681,0.213185433450727,0.0588551794582852,0.189981567206327,0.689705063138313,0.1122133222057,0.00810004744966072,0.991899952550339,FALSE,0.0642078286038997,0.157604236115388,-0.00244912378775656,0.0213043202572516,0.000135394921608607,-2.18579987854005e-05,0.0013660931782887,"H00",0,0
"pathway_0720",-0.178663004811207,0.0907017927300926,0.205051624564616,0.0609895875810495,0.143591923974485,0.590350354597684,0.245150966725484,0.0209067547023477,0.979093245297652,FALSE,-0.0816681536262716,0.153265773176547,0.0237233485570795,0.0502490175376009,0.00160216513326718,-0.000335276941221974,0.00421437157090035,"H00",0,0
"pathway_0721",0.0972633014668907,0.0195160097427184,0.201392940179707,0.0596250254012351,0.201023016250674,0.672013797737834,0.119307731993209,0.00765545401828295,0.992344545981717,FALSE,0.0494738248220124,0.147616742358861,0.00243460047246602,0.0220149495039214,-0.000107714695204111,1.27343020822616e-05,0.00119354145315205,"H00",0,0
"pathway_0722",-0.12777152697275,-0.529581632777848,0.224658053541545,0.0552371387395946,3.77387876243837e-20,1.40236501997799e-19,0.945550598498101,0.0544494015018995,0.945550598498101,FALSE,-0.0055919446585646,0.0568024095544425,-0.522037834716231,0.0548466103776655,-2.11196382805994e-05,0.00289808704312946,0.0296494556171508,"H01",0,-0.59844078759111
"pathway_0723",0.295462331177119,-0.0691427704149611,0.204016007538781,0.0611706948927925,0.111244225398277,0.748605882524462,0.120348338791952,0.01980155328531,0.98019844671469,FALSE,0.169668766026034,0.180769358479807,-0.00953544822627341,0.032755291560084,0.00121914450517502,-0.000398723228881922,0.00457149446728599,"H00",0,0
"pathway_0724",-0.0773787859913569,-0.717116528214454,0.211629348393137,0.0566369841561206,8.95443443207407e-35,2.98773339999673e-34,0.95956868047831,0.04043131952169,0.95956868047831,FALSE,-0.00198919024449778,0.043206722645527,-0.706448232278995,0.0562188563487858,-1.16235049847956e-05,0.00139363642690728,0.0304612248307554,"H01",0,-0.731617933040739
"pathway_0725",-0.313452575023491,0.0562292808213598,0.188575263193196,0.0676087518793746,0.0949764188403622,0.802191555343662,0.0848790934125222,0.0179529324034531,0.982047067596547,FALSE,-0.199178380431346,0.177139830902396,0.00567648954391492,0.0272188372940546,0.000817418977974715,-0.00031321501591773,0.00422663958804683,"H00",0,0
"pathway_0726",0.217813680559441,-0.0350841091607657,0.208040488987693,0.0619011307906315,0.155147449847689,0.727925912795457,0.106123878796684,0.01080275856017,0.98919724143983,FALSE,0.118592947760237,0.169029107745833,-0.00403586108081007,0.0237273367267031,0.000396069637737664,-8.25550245864191e-05,0.00218740289127299,"H10",0.544927027810374,0
"pathway_0727",0.577647698481631,0.0920964362234451,0.19820181668587,0.0591274441714514,0.0120442872771448,0.888769544455713,0.0221891117299788,0.0769970565371637,0.923002943462836,FALSE,0.429472127650434,0.192233686304668,0.00882380411168712,0.0323581164175881,4.43547185142493e-05,0.00383393264433116,0.0171046616419858,"H10",0.540008821090315,0
"pathway_0728",0.165132696756583,-0.0015364790746632,0.216142019139098,0.0574201051480717,0.179635746611515,0.714898060069333,0.0974932403209669,0.00797295299818568,0.992027047001814,FALSE,0.0860662508043798,0.16493757356724,-0.000163128101739586,0.0185090495302857,1.05062734575887e-05,-3.53355065997282e-06,0.00136157019802591,"H00",0,0
"pathway_0729",0.875870002438839,0.0944239374924569,0.22231926737621,0.0576139999638305,0.000969834323373196,0.769117989404516,0.00198140702096891,0.227930769251142,0.772069230748858,FALSE,0.67022355748899,0.220761485527928,0.0207290036560969,0.0467672840343361,0.00357704753219516,0.0174701141057867,0.0411379169947342,"H10",0.585315555982392,0
"pathway_0730",0.319426822040291,-0.0446902502054238,0.207019633110014,0.0555181232929614,0.106778115222116,0.801348817685399,0.0771284221802339,0.0147446449122519,0.985255355087748,FALSE,0.192854913100907,0.185334053737373,-0.00405692993499301,0.0210158831350858,0.000573554304231353,-0.00020884456583819,0.00323782113811242,"H10",0.464236227083509,0
"pathway_0731",0.544927532228021,0.0320247868679497,0.209493867979459,0.0649045523058708,0.0248941967456166,0.930253126999568,0.0171665061636932,0.0276861700911222,0.972313829908878,FALSE,0.385149906048197,0.194996645542495,0.001351162094386,0.0149510119261039,-9.2151491116068e-05,0.000428248462592583,0.00666851564765378,"H10",0.495524567415704,0
"pathway_0732",0.343048475475838,-0.891261873888039,0.207218959463374,0.0610112117301925,4.19271261280823e-46,3.59233433417096e-45,0.859928059793417,0.140071940206583,0.859928059793417,FALSE,0.0515107144757904,0.14894100689493,-0.875590105388581,0.0604815692338117,0.000149010207186828,-0.0449532617093116,0.130358943602424,"H11",0.536670134166288,-0.878183138170058
"pathway_0733",0.358423511125737,-0.0198483970835297,0.215332430053776,0.0541415340609451,0.0961529204176717,0.83867947826045,0.0526033299779347,0.0125642713439437,0.987435728656056,FALSE,0.220759883320416,0.192836624377269,-0.00128595260780058,0.0145612585298833,0.000192548545559151,-9.13382020944892e-05,0.00264978855166663,"H00",0,0
"pathway_0734",-0.314889086868912,-0.729254194389469,0.208553143536424,0.0604665473209676,1.3917455202848e-31,1.00852879467099e-30,0.907639287561429,0.0923607124385711,0.907639287561429,FALSE,-0.0260748897818576,0.103038881450566,-0.716634249289416,0.0599610986974556,-0.000126605638861441,0.0185595534252643,0.0736003572809542,"H01",0,-0.703172818491105
"pathway_0735",-0.181470524543129,-0.812295456611034,0.207394975153723,0.0597785299938973,6.13299162996013e-40,2.54442803397931e-39,0.955135339407406,0.0448646605925939,0.955135339407406,FALSE,-0.00668344038748504,0.0533096556144227,-0.798823825356011,0.0592898766049603,-3.61585517386917e-05,0.00530273286513097,0.0424300290125284,"H01",0,-0.771550593527446
"pathway_0736",0.431469853461223,-0.040589242771831,0.196874490420316,0.0670287400626399,0.048426490162736,0.893001997785198,0.0366034889531455,0.0219680230989205,0.97803197690108,FALSE,0.300015890647754,0.188489038840024,-0.00235802965683697,0.0186152888873251,0.000320705931241569,-0.000386740436428193,0.00540172321168091,"H00",0,0
"pathway_0737",-0.146751782001341,-0.0645830033684046,0.20539078543315,0.0604487721277852,0.171557662046299,0.644092293459958,0.171607812367679,0.012742232126064,0.987257767873936,FALSE,-0.0715906561543172,0.152578808193002,-0.01169718826122,0.0356022457533283,-0.000725861776762921,0.000111547606018392,0.00240923521427233,"H00",0,0
"pathway_0738",0.327642306416473,-0.972250156506178,0.219368529209418,0.0537054427023547,1.04461523086688e-70,7.53941603650477e-70,0.89225588221004,0.10774411778996,0.89225588221004,FALSE,0.0386793164122467,0.132128647911594,-0.959043039155785,0.0533470837828633,0.000102596931604512,-0.0369925322328649,0.126600250621057,"H01",0,-0.912086086382892
"pathway_0739",0.644847251329291,-0.879951374407511,0.217242053029397,0.0570221434420113,4.10518582207311e-52,3.11832068538348e-50,0.193599752440551,0.806400247559449,0.193599752440551,FALSE,0.536210372062184,0.325955808366726,-0.864888159938485,0.0564946227205746,0.000152200162237326,-0.463609801870555,0.284226208840308,"H11",0.592438265259039,-0.900681946120882
"pathway_0740",0.259112323063113,-0.023970201784994,0.205349265985835,0.060194893095977,0.137180525632246,0.767733825207604,0.0842861389911296,0.010799510169021,0.989200489830979,FALSE,0.149645781903913,0.175408215725088,-0.00224850635065623,0.0196658589072471,0.000268453446736849,-6.80260442230164e-05,0.00218423149495613,"H00",0,0
"pathway_0741",0.590020333669936,-0.645207899410701,0.204111532717017,0.0589968207266535,1.09502624413157e-26,7.48599604064863e-25,0.220726412921342,0.779273587078658,0.220726412921342,FALSE,0.468149073049755,0.306448170417366,-0.633711511426294,0.0584114769013698,7.03519496735305e-05,-0.296601104705505,0.197041957898396,"H11",0.500107556001117,-0.691320542123452
"pathway_0742",0.71697309974721,-0.942061113754583,0.216991749643136,0.0525122667056164,1.57341955943425e-70,2.5454185214182e-68,0.0786420609072021,0.921357939092798,0.0786420609072021,TRUE,0.679918421530634,0.286159300468311,-0.928143829622534,0.0520838537147804,1.74468136139305e-05,-0.631044640776737,0.268584529007478,"H11",0.508953852771322,-0.862295356342887
"pathway_0743",0.351157654295941,0.098807990712857,0.206120423725255,0.0579928204645181,0.0774662505046949,0.703748181959641,0.177195910835078,0.041589656700586,0.958410343299414,FALSE,0.196301981623971,0.19287321431494,0.0212245092843156,0.048294989930037,-0.00281347539972959,0.00135293783177793,0.0089094230211215,"H10",0.468757306635133,0
"pathway_0744",0.378621438751888,-0.0356917994913943,0.217695258441659,0.0552924452306606,0.0878176906315515,0.840338904407764,0.0563722490548397,0.0154711559058444,0.984528844094155,FALSE,0.233331886181058,0.196300512096896,-0.00254065361619164,0.017313489914934,0.000384030773102897,-0.000208784727295824,0.00350945164536081,"H10",0.517531365321526,0
"pathway_0745",-0.0492124880378358,-0.711617867104802,0.20970666828191,0.0560650741894831,5.9983498029037e-35,1.93235982677723e-34,0.960531471830309,0.0394685281696916,0.960531471830309,FALSE,-0.000880183836895228,0.0414594093735146,-0.701247108516552,0.0556591947421985,-7.3950996630881e-06,0.000609831270922695,0.0290243944081117,"H01",0,-0.676257181279988
"pathway_0746",0.810883504776142,-0.760019306546367,0.209809367764698,0.0548490899243762,1.4843449729188e-43,1.0942109274026e-40,0.0101191450883387,0.989880854911661,0.0101191450883387,TRUE,0.813591662108404,0.22236128025118,-0.74822778387304,0.0543493180649801,-9.75875954793981e-05,-0.608849473912433,0.172963480506762,"H11",0.484438067618327,-0.730680210746034
"pathway_0747",-0.327838425469471,-0.0317942397941395,0.208175467902187,0.063117669997646,0.104141011414002,0.811739232578082,0.070235225184967,0.0138845308229492,0.986115469177051,FALSE,-0.199543557079981,0.186760713104049,-0.00260844814317602,0.0200701606698308,-0.000389344224968078,0.000131154795979937,0.00308811122905193,"H00",0,0
"pathway_0748",0.840185453108137,-0.87408945023736,0.201081630696389,0.0578215566502774,7.90989541800293e-52,1.63708738074011e-48,0.00316542412587454,0.996834575874125,0.00316542412587454,TRUE,0.850848038385612,0.204553113859958,-0.858779232977332,0.0572356175868555,-0.000106310913990715,-0.730796936699054,0.18311413338871,"H11",0.57721346314018,-0.908966902980219
"pathway_0749",0.759981223033254,0.0157136155680521,0.217158311483454,0.0525472312968396,0.00364416927587283,0.948271592775569,0.00189329459954024,0.0461909433490184,0.953809056650982,FALSE,0.550541502461308,0.193863194333948,0.000662780590632789,0.0118014764022475,0.000100518643117922,0.000465406865287091,0.00892865508201746,"H10",0.565415741083982,0
"pathway_0750",0.150387547315299,-0.0219860385637687,0.19028672634041,0.059278659737152,0.186104212755088,0.694178667287215,0.111479566575605,0.00823755338209199,0.991762446617908,FALSE,0.0812658636730303,0.149577087945699,-0.00259251263369732,0.0215220392745579,0.000182954627017433,-2.77281512432224e-05,0.00136854975676919,"H00",0,0
"pathway_0751",0.632763545847805,-0.719590051217294,0.196701681001955,0.0584376432972745,7.01945364620802e-34,1.04939823641136e-31,0.100077914032783,0.899922085967217,0.100077914032783,TRUE,0.579873069192136,0.267548492069099,-0.706729485458465,0.0578496050180366,6.55175570890565e-06,-0.409806844065671,0.192865985134246,"H11",0.594814049842536,-0.723201872388108
"pathway_0752",-0.0919396834286561,-0.0229783817279192,0.222170004192168,0.05268143421527,0.196796446493277,0.688089749323719,0.107732007064326,0.00738179711867678,0.992618202881323,FALSE,-0.0453738164518183,0.158964075750159,-0.00260921367817679,0.0191745654213452,-0.000104541674999007,1.38483075181606e-05,0.00115384380669777,"H00",0,0
"pathway_0753",0.28652850228449,-1.22447061696313,0.20699738329576,0.059973539907246,1.54230998926673e-89,9.75643260841148e-89,0.936871553930917,0.0631284460690829,0.936871553930917,FALSE,0.0204610259039712,0.0941481919050681,-1.20400549116027,0.0594843774692491,9.88534219392122e-05,-0.0245363341212146,0.113061226167054,"H01",0,-1.094811657379
"pathway_0754",0.151787961252314,-0.719267894442354,0.207625952178247,0.0543575446799537,5.74072535844234e-38,2.18935702779777e-37,0.945638240953881,0.0543617590461191,0.945638240953881,FALSE,0.00948226961720525,0.0621311399041587,-0.709384239154263,0.0539856148097668,1.89229699581028e-05,-0.00670764964789863,0.0440748416480961,"H11",0.489566399142996,-0.766897375969648
"pathway_0755",-0.144458583873786,-0.0548866495986167,0.196818004291171,0.0594943113169913,0.17836144049726,0.658303698117357,0.152309167860762,0.0110256935246201,0.98897430647538,FALSE,-0.0732897520895353,0.149410297934622,-0.00881212008389787,0.0310863637076234,-0.000564782247620805,8.1055848711285e-05,0.00199094161207234,"H00",0,0
"pathway_0756",0.718134675812326,-0.74109603070128,0.215734010414073,0.054698336807622,6.07536622537628e-41,1.05143523556137e-38,0.0649659037598253,0.935034096240175,0.0649659037598253,TRUE,0.68357245499121,0.273930262393399,-0.729564585040153,0.0542104713977646,-4.23035769129276e-05,-0.498752558047453,0.204071160102614,"H11",0.498797374433501,-0.71686069193407
"pathway_0757",0.851124679765807,-0.613526757620467,0.216430355742407,0.0545610700068297,1.14743098564782e-29,9.52905704385139e-27,0.00716322558800852,0.992836774411991,0.00716322558800852,TRUE,0.850154962417769,0.225175931425123,-0.604584779398701,0.0540687219685249,-0.000111000369986125,-0.514101750778044,0.144616197261421,"H11",0.526207487563371,-0.648387002149318
"pathway_0758",-0.325876113689426,-0.682110349135423,0.200417488727416,0.05784192185703,2.99080372794151e-30,2.45369489600611e-29,0.89005265308617,0.10994734691383,0.89005265308617,FALSE,-0.0326610972066831,0.113880832163954,-0.671209505256654,0.0573974877466193,-0.000135672703423798,0.0217867661938134,0.0762494802067659,"H01",0,-0.746712624682969
"pathway_0759",0.19587407239397,-0.0352919987435843,0.200929808271369,0.0592522460272363,0.164218194854141,0.716341431677997,0.109415551661158,0.010024821806704,0.989975178193296,FALSE,0.10671212074216,0.162191971827458,-0.00415154551553551,0.0232270006864754,0.000373783446446567,-6.923677987383e-05,0.00190567115266326,"H00",0,0
"pathway_0760",0.17862545654783,-0.0648571316958336,0.211731701194385,0.0584008569630975,0.160857554330275,0.662322072832367,0.162835540589929,0.0139848322474293,0.986015167752571,FALSE,0.0884185076028666,0.161109968409052,-0.0112917694699542,0.0344532366205954,0.000837893299332078,-0.000160508105396888,0.00280923427611689,"H00",0,0
"pathway_0761",0.071760128891134,0.0401780642973254,0.203188529701173,0.0599959575774194,0.20078208599138,0.648724553000592,0.14180587015924,0.00868749084878771,0.991312509151212,FALSE,0.0351617449679325,0.144509728449194,0.00594342336551733,0.0270561119143305,-0.000186612981604348,2.23681550104233e-05,0.00140475034399103,"H00",0,0
"pathway_0762",0.737399755633566,0.0344998425521393,0.206858287491613,0.053496233367946,0.00282011138608501,0.944357619544568,0.00175191647983679,0.0510703525895105,0.94892964741049,FALSE,0.549133480524135,0.186564124540236,0.00170164795572956,0.0141598049016789,0.0002449419525389,0.00117937381709545,0.0104205618474129,"H10",0.546108787984221,0
"pathway_0763",0.487015648137081,-0.0720998497795789,0.204371813161088,0.0609943047316316,0.0349700697937165,0.88639973324273,0.0400126370325916,0.0386175599309624,0.961382440069038,FALSE,0.33812438290344,0.196948157247679,-0.00561561387056465,0.0256188767324408,0.000559583294244626,-0.00133919268036405,0.00955484017633289,"H10",0.520063473720069,0
"pathway_0764",0.104705128557596,-0.691718447177873,0.219435242473828,0.0580300615300846,7.24875780205671e-31,2.56441890424226e-30,0.950393566977065,0.0496064330229349,0.950393566977065,FALSE,0.00644036179532212,0.0559435047080971,-0.680915420431847,0.0575784766408571,1.23897377653807e-05,-0.00437295192182958,0.0380951427818898,"H01",0,-0.77150210750185
"pathway_0765",-0.30410216809053,-0.703835842667255,0.207635767544618,0.0586717069021546,2.86992839731715e-31,1.97687054136658e-30,0.910260547021077,0.0897394529789233,0.910260547021077,FALSE,-0.0244895952480112,0.0993696969206237,-0.69236789935795,0.0582086470832669,-0.000109229152137895,0.0168465804658541,0.0686019070730796,"H01",0,-0.7613514639305
"pathway_0766",0.422284350054569,0.0876054944462962,0.197698715564168,0.0578040019155872,0.0490468563647965,0.825646947316996,0.0829925947813324,0.0423136015368753,0.957686398463125,FALSE,0.279914122400936,0.195435735909351,0.0107421730128065,0.0348880151573568,-0.00153642123650979,0.00147046469504896,0.00943699125011459,"H00",0,0
"pathway_0767",-0.234352915133986,0.0496275437509532,0.210107996445176,0.0598792016086513,0.145821126384055,0.725794148010126,0.11558193648404,0.0128027891217792,0.987197210878221,FALSE,-0.127038465611964,0.172296184815876,0.00627261789568662,0.0268266860903558,0.000649332861394148,-0.000147530891444026,0.00272110723060347,"H00",0,0
"pathway_0768",0.86647565262658,-0.588452431836647,0.202041943734584,0.0613930756018254,7.56962391604618e-23,2.19099240216735e-19,0.00177318138204776,0.998226818617952,0.00177318138204776,TRUE,0.868227887394838,0.203247988424005,-0.577795331727763,0.0606927374939808,-0.000125991621451216,-0.501784011834047,0.129798806204202,"H11",0.526620717326887,-0.713837989263867
"pathway_0769",0.590321607626535,0.0501386609268831,0.201654254359377,0.0589939382276935,0.0125680823822592,0.940060187757256,0.00999112187671431,0.0373806079837705,0.962619392016229,FALSE,0.435258652728048,0.187188781382811,0.00226431406780763,0.0162701473921871,3.28406883648314e-05,0.00101840297887195,0.00879551213933341,"H10",0.582206730722337,0
"pathway_0770",0.0406590680515027,-0.140271210471271,0.206499736650943,0.0576775240509775,0.0676235572780699,0.214147426635656,0.678009450656335,0.040219565429939,0.959780434570061,FALSE,0.00821185997204512,0.0927838940958356,-0.0991913761514801,0.0788181187701396,0.000561973560639805,-0.000252572130750606,0.0062556341656841,"H00",0,0
"pathway_0771",-0.191572321871767,-0.943067327963663,0.206461882011573,0.0589956560703019,4.27765899745391e-55,1.83323936823983e-54,0.961269230863052,0.038730769136948,0.961269230863052,FALSE,-0.00598514103883394,0.0500713064261597,-0.927862497362256,0.0585279059934809,-3.5513954876173e-05,0.00551787395648161,0.0462669036514847,"H01",0,-0.934534784148647
"pathway_0772",-0.170090154701157,0.0278076296693991,0.217691767184734,0.0538031225118345,0.176543350599324,0.712392127819673,0.102484720222517,0.00857980135848658,0.991420198641513,FALSE,-0.0881020495912021,0.166033440412459,0.00304994806003938,0.0197886205915157,0.000227903549588174,-4.0803125648006e-05,0.00152380826901783,"H00",0,0
"pathway_0773",-0.206058119519271,-0.0417611467346471,0.198534899555184,0.0614712204301401,0.157703361060164,0.716592903740352,0.11478660620903,0.0109171289904547,0.989082871009545,FALSE,-0.113119246632996,0.162660918237536,-0.00514946033973873,0.0255150563218958,-0.000495750109218801,8.67529649789375e-05,0.00212804762804524,"H00",0,0
"pathway_0774",-0.0132902046082924,0.0538047836195378,0.204071182222395,0.0553999508638277,0.200729311176102,0.622179893914889,0.167361254561962,0.009729540347046,0.990270459652954,FALSE,-0.00627021138627404,0.140051161196949,0.00939239275219308,0.0307518601174934,5.02071566991427e-05,-8.68513128001613e-06,0.00152377598851047,"H00",0,0
"pathway_0775",0.218963476416653,-0.73875198479383,0.19706249558322,0.0607619121487187,4.47272636772089e-32,2.14778263842778e-31,0.926830153902558,0.0731698460974424,0.926830153902558,FALSE,0.0174659783917844,0.0815717203017548,-0.72605897605726,0.0602418117884305,4.49919572509585e-05,-0.0126363384297263,0.0592365697641243,"H11",0.57652832535484,-0.686752175021938
"pathway_0776",0.255952817639519,0.00722062060360047,0.222277245185331,0.0570966340620447,0.14558080426281,0.765711915323643,0.079165701126032,0.00954157928751444,0.990458420712485,FALSE,0.140885054913179,0.181651653917411,0.000624071763087134,0.0169921120171362,-7.39613342473729e-05,1.39610503649221e-05,0.00184644442716538,"H10",0.555760879715489,0
"pathway_0777",0.507477373205814,-0.03314921608677,0.21059646630199,0.0583747293087298,0.0349861982424804,0.918837863107272,0.022610497438405,0.023565441211842,0.976434558788158,FALSE,0.35148680292026,0.196591065716357,-0.00153662861078647,0.0142580265129341,0.000139224097344844,-0.000400880580336294,0.00555610935256791,"H00",0,0
"pathway_0778",-0.245218351332805,-0.846001010783868,0.213051230047665,0.0593696812303497,6.98449334252629e-44,3.60334821514626e-43,0.945241901551476,0.0547580984485237,0.945241901551476,FALSE,-0.0114080539828945,0.0684062123639882,-0.832101330372516,0.0588925905265983,-6.18244515599563e-05,0.00943083244456803,0.0566972159795903,"H01",0,-0.763414678109513
"pathway_0779",-0.0126659627652873,-0.516003881089326,0.214327995897981,0.0535420106695152,2.34905668814947e-20,7.54460303131399e-20,0.952418335708653,0.0475816642913469,0.952418335708653,FALSE,0.000344398317594591,0.0462731747861295,-0.509121041656072,0.0531858617608231,-4.46733142469145e-06,-0.000179807761623048,0.023591387948352,"H01",0,-0.479874590191446
"pathway_0780",-0.503062336548996,-0.0693569672572371,0.203064583814532,0.0568574400271203,0.0298430061180996,0.898910559935573,0.0333730455126982,0.037873388433629,0.962126611566371,FALSE,-0.354486532155238,0.195055725877063,-0.00480489325528745,0.0229639748204592,-0.000467965471351375,0.00123530447609157,0.00889330128983336,"H00",0,0
"pathway_0781",0.151199825838403,-0.427104943456151,0.189405541268838,0.0623820851866077,1.59667486635094e-10,5.96650729099359e-10,0.936183533920026,0.0638164653236559,0.936183534676344,FALSE,0.0102954875614249,0.0616916746604579,-0.419400965520487,0.0618164409486415,1.13228773895848e-05,-0.00430661454637618,0.0260853927499969,"H01",0,-0.455798162738855
"pathway_0782",0.485403922385026,-0.878039263578896,0.203451534634863,0.0573179264329586,6.74268105494289e-51,1.72045549767621e-49,0.566986908280322,0.433013091719678,0.566986908280322,FALSE,0.219145266520452,0.28365444687953,-0.863588460334432,0.0568437215208727,0.000312336423710313,-0.188938986880265,0.2454737985307,"H11",0.53247385248274,-0.884813188735977
"pathway_0783",0.100232687656222,-0.0884720506825149,0.223206648901344,0.0526789337320738,0.149449469757835,0.529823283776489,0.299710967725034,0.0210162787406419,0.978983721259358,FALSE,0.0395697168610653,0.144660563524061,-0.0280116546593941,0.0504014959367163,0.000919872130623874,-0.000188541113058289,0.00358610667715021,"H00",0,0
"pathway_0784",0.424399542341241,-1.07422736931096,0.213229743353005,0.0548390331187358,1.01764725711298e-82,1.36350142762884e-81,0.791285931982437,0.208714068017563,0.791285931982437,FALSE,0.0951346054409435,0.208808623211507,-1.05866588501536,0.0544552678120038,0.000253528376828127,-0.100462232887895,0.220894784909897,"H11",0.580079573198389,-0.932678985925882
"pathway_0785",-0.00359783178096107,0.0644479256426813,0.197801385631768,0.0608847210106214,0.196976752545003,0.59562437903515,0.196368025665914,0.0110308427539331,0.988969157246067,FALSE,-0.00167466850150775,0.134027595772009,0.0131364934936047,0.0376175072416299,1.67723517121674e-05,-5.22692016183388e-06,0.00179525490642128,"H00",0,0
"pathway_0786",0.0939810256351723,-0.83705568394023,0.206933088744455,0.0600209440400014,4.89977550032277e-42,1.65272677120158e-41,0.959976911543933,0.0400230884560674,0.959976911543933,FALSE,0.00487078196430209,0.0474193208161284,-0.82311991822671,0.059524291912778,1.41693274750788e-05,-0.00399506832468139,0.0389727395079021,"H11",0.553039264228832,-0.828051655787692
"pathway_0787",0.0374299896439034,0.075514098333739,0.209351316497666,0.0566481127148168,0.18009724893675,0.574600960186324,0.23139121946737,0.0139105714095562,0.986089428590444,FALSE,0.0161904771083635,0.138515295213045,0.0182454332327867,0.0424217431623716,-0.00026212211207355,3.32801570140565e-05,0.00229478759530499,"H00",0,0
"pathway_0788",-0.0274981306240821,0.0730384916648706,0.200000282757622,0.061514150050752,0.188768764857407,0.579574306926596,0.219094329672734,0.0125625985432637,0.987437401456736,FALSE,-0.0122971659510513,0.133974297800797,0.0166237049596256,0.0421635139258703,0.000176463758160091,-2.79607004497406e-05,0.00210946216694113,"H00",0,0
"pathway_0789",-0.0257376322783011,-0.851612144204349,0.214237621944928,0.0578711728266195,8.78550617183646e-47,2.83199251672689e-46,0.965741471179024,0.0342585288209762,0.965741471179024,FALSE,0.000243025306557804,0.0392474902516541,-0.838427180143476,0.0574266923092571,-3.35424729039138e-06,-0.000207113269771154,0.0328241701806057,"H01",0,-0.835477936452301
"pathway_0790",-0.0056521051942108,-0.774803300681839,0.210134805198772,0.0569003937067059,3.85782065651259e-40,1.22018954536659e-39,0.9630184638297,0.0369815361703,0.9630184638297,FALSE,0.000841739354737301,0.0402211097633377,-0.763192086667822,0.056476737503912,-1.3836092366121e-06,-0.000643792423808999,0.030642419283086,"H01",0,-0.748548239158294
"pathway_0791",0.569898566626953,-0.579214669820107,0.209369936057195,0.0620045388423231,1.24935415385793e-19,5.90759567314865e-18,0.302424392286724,0.697575607713276,0.302424392286724,FALSE,0.404008041422244,0.317357483263101,-0.568056512204893,0.0613398127328448,7.8291404762898e-05,-0.229421107508287,0.183096803798268,"H11",0.521399722317017,-0.659190049431192
"pathway_0792",-0.10225851780482,-0.803871760950957,0.207661684400987,0.0624564933610238,7.5922721273853e-36,2.60153993216516e-35,0.962598363609529,0.0374016363904714,0.962598363609529,FALSE,-0.00267901910357101,0.0420133031565597,-0.789388386148971,0.0618987309715917,-1.77943647826943e-05,0.00209699220184749,0.0330520291517242,"H01",0,-0.841888680068845
"pathway_0793",-0.264496054598364,-0.00594438532833785,0.215764820152662,0.0573207268590946,0.139944638750737,0.774120368264547,0.0761980944599246,0.00973689852479213,0.990263101475208,FALSE,-0.149706502894549,0.180494214787714,-0.000495885475994597,0.0167504099904411,-6.26076705980231e-05,1.16296098493268e-05,0.00188310804057272,"H00",0,0
"pathway_0794",-0.142249238158526,-0.0481604718541081,0.217562583661308,0.0550687017975735,0.17873808480981,0.675309392970271,0.135683163474,0.0102693587459193,0.989730641254081,FALSE,-0.0701388500717057,0.160046905106014,-0.0069256553218189,0.0267767852309311,-0.00042085615490092,6.49013453644468e-05,0.00185139935390686,"H00",0,0
"pathway_0795",0.77129770920384,0.036949983230562,0.215284343303684,0.0543157451229374,0.00286777909804633,0.936324699857298,0.00185060787124236,0.058956913173413,0.941043086826587,FALSE,0.564264917234353,0.193896315543701,0.0020960113800052,0.0156230719595999,0.000338503578495016,0.00152120926635591,0.0120172136259399,"H10",0.539894475308138,0
"pathway_0796",-0.316889947212639,0.0421575775932639,0.21105016568881,0.0546777802771137,0.110813855417455,0.798334994140439,0.0768058924281625,0.0140452580139433,0.985954741986057,FALSE,-0.188482832002057,0.186518579012263,0.00378603341888503,0.0202769799291426,0.000527305277707621,-0.000186297023138259,0.00306189193148202,"H00",0,0
"pathway_0797",0.0177214472875808,-0.921593854447522,0.203535443549602,0.0604792190053321,4.4641070160162e-50,1.38271399501041e-49,0.969262694641508,0.0307373053584916,0.969262694641508,FALSE,0.00150351918905481,0.0363313087679986,-0.906054142205051,0.059972984044584,3.24355530506018e-06,-0.00135902623382283,0.0328291164702039,"H01",0,-0.874877646748325
"pathway_0798",0.0990019733645375,-0.0912046830807636,0.202965146291731,0.0579814599556388,0.15774357366728,0.531133437306283,0.292128103006078,0.0189948860203589,0.981005113979641,FALSE,0.0409653816633033,0.135672288758676,-0.0279364098121622,0.0525127577126752,0.00097165218374932,-0.000172773506508356,0.00330177320477029,"H00",0,0
"pathway_0799",0.0485062920259424,-0.0603084724487698,0.215673852200604,0.0536884957768264,0.189137877198226,0.620625480724686,0.178984522667674,0.0112521194094141,0.988747880590586,FALSE,0.0222047423206363,0.14682655983682,-0.0113197564750368,0.0329605634943397,0.00021685002904553,-3.4502246615016e-05,0.00185638704159717,"H00",0,0
"pathway_0800",0.172873490740231,-0.0250675380390491,0.216940967190368,0.0590201413384446,0.174731209491545,0.70984789988709,0.106438513805803,0.00898237681556216,0.991017623184438,FALSE,0.0894691679121317,0.165849986019814,-0.00285057036992441,0.021395588329561,0.000215579263629494,-3.94588954426213e-05,0.0016544738142724,"H00",0,0
"pathway_0801",-0.306707455174702,-0.925156005336372,0.212988841439899,0.0579755982646511,6.10181488906271e-55,4.12781061515831e-54,0.933930813141865,0.0660691868581353,0.933930813141865,FALSE,-0.0175443296093477,0.0853504361274068,-0.910583295295085,0.0575345694933908,-9.67247930248778e-05,0.015878848676398,0.0774002221507201,"H01",0,-0.940138609150688
"pathway_0802",0.362540633060342,-0.79160970819785,0.213198461459996,0.0566231717838369,2.36386467068885e-42,2.15061800775157e-41,0.833264060581499,0.166735939418501,0.833264060581499,FALSE,0.0641253291016058,0.167236094419215,-0.779539121875351,0.0561934134377844,0.000127046725818557,-0.0498611560120151,0.13045519302254,"H11",0.486365552482468,-0.783810430569326
"pathway_0803",0.327841348579179,-0.66406416327564,0.193165980400357,0.0617943498897449,3.28139769805922e-25,2.91725506710532e-24,0.835722891284315,0.164277108715685,0.835722891284315,FALSE,0.0562812299753105,0.148784744283258,-0.652057590259016,0.0612331522708721,0.000106053733026308,-0.0365925494614882,0.0972530614111128,"H01",0,-0.691661575907941
"pathway_0804",-0.0463045338230867,-0.665746473202917,0.215397431249125,0.0576386520853524,5.19423535032624e-29,1.70018086891404e-28,0.957688365628264,0.0423116343717362,0.957688365628264,FALSE,-0.00083755091333621,0.0440052497333118,-0.655491052991302,0.0571972154341093,-8.07969525208499e-06,0.000540927434864495,0.0288084494224551,"H01",0,-0.733745494081785
"pathway_0805",0.144761863782051,-0.043343810315413,0.206433490187912,0.062213392761824,0.180452738269769,0.675004295631134,0.134456533268512,0.0100864328305849,0.989913567169415,FALSE,0.0733986068155794,0.155220259096136,-0.00615661314579081,0.0278152126110849,0.000388613358269764,-6.32734693337629e-05,0.00188632522896862,"H00",0,0
"pathway_0806",0.26299159819422,-1.01528232679193,0.201552156752006,0.0602151139312629,3.17614049860919e-61,1.83716865765872e-60,0.927907897734358,0.072092102265642,0.927907897734358,FALSE,0.0210568532460235,0.0926278420198315,-0.998142184777629,0.0597147617608971,8.086474198735e-05,-0.0209368687615405,0.0922883259332516,"H01",0,-1.02094381426525
"pathway_0807",-0.124272160070552,-0.778038610606511,0.207816972195139,0.0577982744519479,3.14496072215548e-39,1.12469926070644e-38,0.959901433426983,0.0400985665730171,0.959901433426983,FALSE,-0.00376834057733171,0.0451303823351165,-0.765988681256341,0.0573552336614704,-1.97808137003251e-05,0.00286672541565475,0.0344677677932263,"H01",0,-0.768811005265779
"pathway_0808",0.0160376450356955,0.0295691527540114,0.199966641622422,0.0626026854946833,0.210426518890619,0.642980850685329,0.13868187339697,0.00791075702708291,0.992089242972917,FALSE,0.00783514679488151,0.139955771969866,0.00425538853325829,0.0258743991173826,-3.09991797369049e-05,2.34241409042933e-06,0.00120507517295677,"H00",0,0
"pathway_0809",0.432629266174077,-0.00798741174877305,0.19612573637668,0.0633559141059523,0.0479320638596885,0.905567724251653,0.0288705559054354,0.0176296559832228,0.982370344016777,FALSE,0.303609575520242,0.186632557876339,-0.000389066665475189,0.0136362165904691,4.67205926921627e-05,-7.14037724618355e-05,0.00393015753699288,"H10",0.664552250092864,0
"pathway_0810",0.584796926018555,0.0220866127402171,0.205088141449647,0.0605139976420822,0.015117691443696,0.947020756390714,0.00922118748276696,0.028640364682823,0.971359635317177,FALSE,0.425656464444412,0.188907884605725,0.000768225445784055,0.0122796876787082,-5.46365652046054e-06,0.000321536470628212,0.00646050619905439,"H10",0.522691575408092,0
"pathway_0811",0.116072015451286,-0.833156627676017,0.196156364446967,0.0658426423739094,1.27551800631356e-34,4.37432364790237e-34,0.958403548564805,0.0415964514351953,0.958403548564805,FALSE,0.00583982961307887,0.0485538707716007,-0.816516296130994,0.0651882344559847,2.12947629056335e-05,-0.00474702128280162,0.0395805985898342,"H01",0,-0.864041903299291
"pathway_0812",0.19875400699861,0.102840017242209,0.20912671293531,0.06298031217549,0.128488379172944,0.563305401154264,0.282673101258979,0.0255331184138143,0.974466881586186,FALSE,0.0867525514877592,0.156260405114288,0.0310909932743657,0.0580480606675813,-0.00221448635535164,0.000482736639488342,0.00524198281567935,"H00",0,0
"pathway_0813",0.23249789116614,-0.0514121645451165,0.213742251386697,0.0561371888318165,0.147081192617067,0.722035270086439,0.117983469145896,0.0129000681505984,0.987099931849401,FALSE,0.124272478318988,0.173305020000255,-0.00663669722474718,0.0264350200237255,0.000672130955542977,-0.000152627856429108,0.00268408610559658,"H10",0.497792634687007,0
"pathway_0814",-0.0182574755638636,-0.0781565352814369,0.200713615001353,0.0560047972292723,0.18091922020994,0.55474066859317,0.250068507069298,0.0142716041275918,0.985728395872408,FALSE,-0.00778500575713462,0.131552794731025,-0.0203574908716756,0.0443887684364754,-0.000143243413747248,1.52397698895625e-05,0.00225188907471253,"H00",0,0
"pathway_0815",-0.285526806431579,-0.0455379490400632,0.199596512597843,0.0619220836024183,0.118608968723301,0.777138780618681,0.0904020538779373,0.0138501967800813,0.986149803219919,FALSE,-0.17011549137578,0.177329012810902,-0.00464832868296018,0.024044023047442,-0.000624263518230795,0.000166489199747109,0.00300303839844194,"H00",0,0
"pathway_0816",-0.437671820948718,0.0259511489311524,0.213632388596865,0.0571219305662562,0.0607099424615541,0.88567328138499,0.036275306453602,0.0173414696998541,0.982658530300146,FALSE,-0.287669114349728,0.197746364698383,0.00138896432524802,0.0143572668830724,0.0001992382574321,-0.000200323879875365,0.00394633097193194,"H00",0,0
"pathway_0817",0.158350490461924,0.0446152984630322,0.211395622010445,0.060799321539834,0.175406341334923,0.683109264502738,0.131180159337166,0.0103042348251729,0.989695765174827,FALSE,0.0802240444990921,0.159707460861739,0.00619838088040832,0.0273332751174265,-0.000430472121511508,6.6787062060691e-05,0.00193780511310021,"H00",0,0
"pathway_0818",-0.101752990473736,-0.0120066801790466,0.217818469692842,0.0535383404217161,0.197500926549197,0.692922589691995,0.102519073839381,0.00705740991942736,0.992942590080573,FALSE,-0.0511102127727751,0.157980952275299,-0.00129630266228979,0.0179869010010211,-5.89716596679747e-05,7.28264521957126e-06,0.00108010846166152,"H00",0,0
"pathway_0819",0.0743254145319253,0.0804846239817236,0.192078659366983,0.0619492054004765,0.180227011637879,0.564258301169122,0.241432108570696,0.0140825786223029,0.985917421377697,FALSE,0.0330073186464387,0.131144331446577,0.0201952574729095,0.0463838669694056,-0.000590319610046489,7.6271688508707e-05,0.00238828737033873,"H00",0,0
"pathway_0820",0.797242021443071,-0.00233097875023785,0.210627731290774,0.0609295286123825,0.00159961602234321,0.935988889177221,0.000920679382432819,0.0614908154180031,0.938509184581997,FALSE,0.591684541362446,0.19004546721415,-0.00029231762449218,0.015093890316325,-6.19898858930466e-05,-0.000234949705472862,0.0121129960503082,"H10",0.664920609886498,0
"pathway_0821",0.530783862025703,-0.0126847391234929,0.215963698387478,0.0556175484069885,0.0328623851281568,0.92840350586853,0.0177261024086047,0.0210080065947089,0.978991993405291,FALSE,0.365008391292984,0.198916392647082,-0.00051168655692031,0.0111507580224437,3.35353808881309e-05,-0.000153234506099597,0.00463111206423664,"H10",0.454690459111786,0
"pathway_0822",0.534490716708161,-0.012493033325944,0.209595518942985,0.0596480511908941,0.0275142179821561,0.93371385205595,0.0158354340551552,0.0229364959067389,0.977063504093261,FALSE,0.37658355475516,0.194368009539289,-0.000511027759467158,0.0119069782398164,2.36930571319451e-05,-0.000168751593106762,0.00517731977578316,"H10",0.479138647461178,0
"pathway_0823",0.454778981069613,-0.100786563429279,0.202308051853707,0.0608348337442551,0.0401038376446213,0.808313681563743,0.0887653921801276,0.0628170886115085,0.937182911388492,FALSE,0.301804706599239,0.20331794517769,-0.0150725251019012,0.0426829100327838,0.00171956259722699,-0.00282939641886195,0.0141552717737298,"H10",0.522584862493921,0
"pathway_0824",0.816061709251518,-0.0436021703206109,0.211893865484246,0.055750857120954,0.00131796281948078,0.914901164394998,0.000938940518760056,0.0828419322667613,0.917158067733239,FALSE,0.608513363449908,0.193894525489445,-0.00375847138035823,0.0202487496464912,-0.00069907250023509,-0.00298615256132709,0.016726521628798,"H10",0.507604168211603,0
"pathway_0825",0.417630910531889,0.0503430871458219,0.194489159195471,0.0618593871757796,0.0515417562907846,0.885003907854961,0.0416594847713985,0.0217948510828559,0.978205148917144,FALSE,0.289402374364319,0.187097172384522,0.0031037958589937,0.0195020616935177,-0.000474560469245525,0.000423685421889394,0.00514244369959188,"H10",0.542758741630874,0
"pathway_0826",0.703934414110514,0.0363299646471499,0.203415052959752,0.0604048799632582,0.00359652699029443,0.944701512179318,0.00245025261593736,0.0492517082144498,0.95074829178555,FALSE,0.527464040976789,0.184395718088499,0.00173300643918537,0.0154805004571233,0.000213609123831392,0.0011277077032829,0.0108204641894248,"H10",0.483900468626812,0
"pathway_0827",0.00856614161073473,-0.084017464866167,0.213163964389067,0.0522261342763569,0.164545199394453,0.526048386516021,0.291776345371713,0.0176300687178136,0.982369931282186,FALSE,0.003464722207855,0.134510509645364,-0.0256647955197963,0.0479933173928931,7.02807086483945e-05,-1.86406783491012e-05,0.00273652128599262,"H00",0,0
"pathway_0828",0.0531288884492694,0.0206309658401907,0.205859235089633,0.0571634549082157,0.208205401502659,0.6646311102337,0.119913046154983,0.0072504421086575,0.992749557891342,FALSE,0.0264111206734924,0.14633105289768,0.0025825253128221,0.0213302688226694,-6.15619269312936e-05,6.64546074799943e-06,0.00107322474365496,"H00",0,0
"pathway_0829",0.0421219518712132,-0.755462815702562,0.212836001242236,0.0590333216748922,1.73869813150147e-35,5.62842755361951e-35,0.959907417246836,0.0400925827531645,0.959907417246836,FALSE,0.00278555248724218,0.0443117155061487,-0.743284308048797,0.0585599207141255,4.72513339708734e-06,-0.00206573231961632,0.0328963844711499,"H01",0,-0.783798908389514
"pathway_0830",-0.42352977692534,0.0123090208313654,0.21091584224263,0.0576835718217236,0.0642798361183223,0.884349587480694,0.0358260272927159,0.0155445491082675,0.984455450891733,FALSE,-0.27912636026301,0.19535175465548,0.000639873141385331,0.0132533519615724,9.13418695374918e-05,-8.72635914474543e-05,0.0034009434374003,"H00",0,0
"pathway_0831",0.421371430349344,0.0744821277445419,0.210878829360201,0.0544162072429649,0.0610105075108845,0.827370057105922,0.0790919276363043,0.0325275077468893,0.967472492253111,FALSE,0.267160069663113,0.200422854541493,0.00815673563581728,0.0292436712467023,-0.00122126651268506,0.000957887548003483,0.00737954956865052,"H10",0.617095405071671,0
"pathway_0832",0.743107894534349,0.0367976769386977,0.198317223590722,0.0555819310568526,0.00158675460421324,0.94124077181331,0.0010347707508149,0.0561377028316618,0.943862297168338,FALSE,0.566673749929364,0.179899122624962,0.0019577573801458,0.0153802403557766,0.000283266908865894,0.001392676624925,0.0114754554544093,"H10",0.539096725881273,0
"pathway_0833",0.619865708199574,-0.0598595840459825,0.205117331558288,0.059607435878232,0.010256926146253,0.930217220940152,0.00948115859528088,0.0500446943183143,0.949955305681686,FALSE,0.456588728992841,0.190462758935906,-0.00358089253085494,0.0202423767116527,-0.00021421009173452,-0.00184920526105754,0.0120319298288307,"H10",0.467963397432343,0
"pathway_0834",-0.0338655193558907,0.0812667104743002,0.198893969772675,0.0615029569250276,0.181274140205497,0.556367780340496,0.248141365489655,0.014216713964352,0.985783286035648,FALSE,-0.0146511897554794,0.131275641482548,0.0209480627001776,0.0469974493014101,0.000264576570853452,-4.23374707765296e-05,0.00239441369720203,"H00",0,0
"pathway_0835",0.339967763706385,-0.828466214395983,0.205882936667365,0.0585667416554538,2.622686880719e-43,2.23264728461461e-42,0.854423822226228,0.145576177773772,0.854423822226228,FALSE,0.0527371881708682,0.149572745178202,-0.815014367590078,0.0580952192767706,0.000126283794355316,-0.0428552822712037,0.121921722516852,"H01",0,-0.892558270420015
"pathway_0836",0.980745827978479,0.113996782446484,0.199135067948937,0.0620672479983152,1.98437910581661e-05,0.538983538962293,6.09450643635626e-05,0.460935672182285,0.539064327817715,FALSE,0.838510209548488,0.215391215320372,0.049895585437516,0.0681584807468366,0.00593816697834909,0.0477761247791051,0.067302583752215,"H10",0.531413285423835,0
"pathway_0837",0.639207425397235,-0.884846841175879,0.205655612472925,0.0609752516807056,2.76947684533916e-46,3.0437578862482e-44,0.142761937616004,0.857238062383996,0.142761937616004,TRUE,0.56360209228385,0.297388046338156,-0.867401422409638,0.0603207753671651,0.000116786472939834,-0.48875247004712,0.260959018962234,"H11",0.586650682733933,-0.796105994382304
"pathway_0838",0.543679528164591,0.0234689474498649,0.201552745653696,0.0592356477874115,0.02039822865121,0.942450409032212,0.0123273367677549,0.024824025548823,0.975175974451177,FALSE,0.395274654580489,0.187658458003821,0.000815767317892523,0.0120454559693069,-4.25388203888913e-05,0.000279913324409127,0.00557168429290523,"H10",0.504518864648365,0
"pathway_0839",0.478854842143936,-0.0544197843597628,0.212937652330393,0.0568555994070121,0.0446666738334334,0.889995199070222,0.0376862220667017,0.0276519050296432,0.972348094970357,FALSE,0.321663881952464,0.200383827450294,-0.00353136592746391,0.019648693234597,0.000421334963337329,-0.000714577909485377,0.00671594269438775,"H10",0.48651690760709,0
"pathway_0840",0.734437042383027,0.0191345426765663,0.205316785790105,0.0593362952107738,0.00270235407469008,0.946987278794346,0.00159376091465392,0.0487166062163105,0.95128339378369,FALSE,0.548711020602596,0.185056236052267,0.000838279384753068,0.0136628599103892,0.000115439948133052,0.000575413084891024,0.0100336532191636,"H10",0.532782859621456,0
"pathway_0841",0.0544106292617495,-0.895779656189962,0.197504613886971,0.060696886880332,5.33193500874825e-47,1.65694902565172e-46,0.967280307447739,0.0327196925522606,0.967280307447739,FALSE,0.00269313068722028,0.0383072303365111,-0.88056224283779,0.0601846331204174,8.23667496945707e-06,-0.00236323252322451,0.0336548999982515,"H01",0,-0.86651907266687
"pathway_0842",0.383330135170474,-0.576990632349937,0.20714047723587,0.0613398309432493,1.74077736927036e-19,1.91767107385954e-18,0.770904569806136,0.229095430193864,0.770904569806136,FALSE,0.0907376835673465,0.193230138680142,-0.566631832000799,0.060777746620268,0.000107473277321968,-0.0513073865939523,0.110071123011326,"H11",0.387896804393424,-0.594715047843928
"pathway_0843",-0.297570887667296,-0.0625858892574623,0.223803230744289,0.0537049707616003,0.120446572233223,0.742289095979266,0.119560585635159,0.0177037461523528,0.982296253847647,FALSE,-0.160570269680147,0.187848995461491,-0.00846001853658998,0.0289881567225015,-0.00105058542242797,0.00030784203549133,0.00387308314142103,"H00",0,0
"pathway_0844",0.744735132767792,0.0591285781561484,0.213044860961532,0.059312328633054,0.00345634177919649,0.920612413371974,0.00315676000144073,0.0727744848473889,0.927225515152611,FALSE,0.549299066215799,0.194597347421122,0.00423812864866312,0.0219117508672272,0.000608965879726875,0.00293696598893996,0.0162062867185166,"H10",0.55766024905149,0
"pathway_0845",0.0670873517157847,0.0237283950442995,0.219100565335172,0.05110933437255,0.202326264244583,0.681731781181246,0.108853471210413,0.00708848336375819,0.992911516636242,FALSE,0.0330485730627308,0.155398462128791,0.00271645865874189,0.018852695634115,-7.98780275164459e-05,9.89705493887307e-06,0.00105929064703919,"H00",0,0
"pathway_0846",-0.0975148916574459,-0.648891659400731,0.211656646683089,0.0586779813929531,1.25672434204314e-26,4.31498669662876e-26,0.955461229351285,0.0445387706487154,0.955461229351285,FALSE,-0.00318315082259936,0.0465928657921506,-0.638523675208795,0.0582124590993361,-1.64395813575112e-05,0.00201607758063253,0.0297001155954227,"H01",0,-0.618224722982515
"pathway_0847",0.662764271603394,-0.00240379470147784,0.210781485837963,0.0600204424718097,0.00820585797200489,0.951778456946626,0.00465400904993413,0.0353616760314351,0.964638323968565,FALSE,0.482358965386789,0.190556568435754,-0.000163827227647364,0.0119068683269206,-2.48450966046029e-05,-0.000103868628634771,0.00763414657780249,"H10",0.597523402446773,0
"pathway_0848",0.420745489863695,-0.0202262864491614,0.202309419795645,0.0589737151351047,0.0579784666036003,0.891255059049303,0.034217406257386,0.0165490680897111,0.983450931910289,FALSE,0.28590474290019,0.190471192638008,-0.00102882335510683,0.0139020385505825,0.000148452579177802,-0.000145692897653728,0.00367147184820488,"H10",0.533604930653172,0
"pathway_0849",0.179928291510337,0.0874952145611584,0.216250685048149,0.0562857790099396,0.142102514275208,0.588182781131396,0.248657963867779,0.0210567407256173,0.978943259274383,FALSE,0.0796142836017993,0.157530071278891,0.0232381461726765,0.0479994515186765,-0.0015424353662861,0.000307652993485428,0.00403537855540131,"H10",0.395533228041436,0
"pathway_0850",0.0342154060816846,-0.0155103524803235,0.217216523263439,0.0554579183131924,0.206331172730043,0.674214258435109,0.1124240262773,0.00703054255754691,0.992969457442453,FALSE,0.0167589242103736,0.15243619481657,-0.00182680734327046,0.0196652061733963,2.61052065825097e-05,-4.51011923031389e-06,0.00104103004317827,"H00",0,0
"pathway_0851",-0.0248303160120223,0.00402575540433817,0.202971815691527,0.0572539139767335,0.213976235542344,0.663227112022507,0.116041081522694,0.00675557091245541,0.993244429087545,FALSE,-0.0123986026563803,0.143686374158048,0.000487259998463413,0.019951980944906,4.6219523577011e-06,-1.41939075359524e-06,0.000946021963178183,"H00",0,0
"pathway_0852",0.780396516434584,-0.628293798730036,0.201440742331796,0.0641723925229028,6.06078618033087e-23,5.00779378847332e-20,0.00975496982713225,0.990245030172868,0.00975496982713225,TRUE,0.778930559811634,0.213066441662552,-0.615406108912349,0.0633754478646348,-0.000127926423923785,-0.479486551350519,0.141226362656158,"H11",0.536579516069383,-0.640773817322981
"pathway_0853",0.529389475340992,-0.81851261436902,0.208415584454905,0.0597023710694699,5.63074121294469e-41,1.88117218167608e-39,0.44913108040235,0.55086891959765,0.44913108040235,FALSE,0.301878319460306,0.312637989523515,-0.803699922556627,0.0591433331585973,0.00029560185260577,-0.242323980119167,0.252375399083375,"H11",0.451873351707443,-0.764579036900659
"pathway_0854",0.332504353252867,-0.690689054998849,0.212149009235113,0.0576886395357804,3.4789307133733e-31,2.70082654936169e-30,0.853737452957554,0.146262547042446,0.853737452957554,FALSE,0.0513676555626105,0.147804851550739,-0.679821134659258,0.0572338756301107,8.91724971426033e-05,-0.0348316453922172,0.100649367597162,"H01",0,-0.794864524815139
"pathway_0855",-0.442425488371828,-0.725147278330848,0.203179131883478,0.0574613696583105,1.22532494197187e-34,2.19770925972906e-33,0.764185003447675,0.235814996552325,0.764185003447675,FALSE,-0.0964714683274886,0.199264632154884,-0.713085949622036,0.0570280465798011,-0.000374345498589834,0.0684181031051496,0.14183837143861,"H01",0,-0.6686607700011
"pathway_0856",0.0625443286972652,0.0175858931414094,0.212939050018928,0.0555183915477124,0.204909085369119,0.674964995202027,0.112994224945198,0.00713169448365625,0.992868305516344,FALSE,0.0310006487776468,0.151419484364891,0.00208099969981831,0.0199162705022742,-5.79521614473576e-05,6.56017935309834e-06,0.00106465067351365,"H00",0,0
"pathway_0857",0.755915581098824,-0.595893318893574,0.222847087204147,0.0526458378905419,3.33488761399143e-29,6.37562554118969e-27,0.0486699187894566,0.951330081210543,0.0486699187894566,TRUE,0.725759487654309,0.270364378209618,-0.587665630248377,0.0522079404265265,-8.39386452510804e-05,-0.42658784536636,0.164248695631626,"H11",0.492533870073965,-0.577784323236998
"pathway_0858",0.45585152373537,-0.600468129320163,0.21700349165924,0.0543768104708029,9.72770584855311e-27,1.530046717229e-25,0.660443226852987,0.339556773147013,0.660443226852987,FALSE,0.159328558837918,0.254977983757367,-0.59183071832481,0.0539716324800206,0.000117491025914976,-0.0941780444007869,0.151640757873177,"H11",0.580484792905465,-0.605172958605069
"pathway_0859",-0.0130668295933671,-0.864366734495424,0.2181870832146,0.0582142247589436,1.29691714417725e-47,4.21918087042606e-47,0.965542701327165,0.0344572986728345,0.965542701327165,FALSE,0.000729485583379566,0.0402349356527614,-0.850828183568118,0.0577619170309122,-1.54963789713474e-06,-0.0006222165317431,0.0341490993184005,"H01",0,-0.979084737617897
"pathway_0860",0.59365878115473,-0.698327705953792,0.201869398531236,0.0611403052449332,5.01141256852136e-29,3.85630154510889e-27,0.20232031655647,0.79767968344353,0.20232031655647,FALSE,0.483272680712106,0.301867964112498,-0.684838909394555,0.0604874765516292,9.27120694466099e-05,-0.330871223529615,0.209700442656684,"H11",0.515166639191562,-0.737216378769308
"pathway_0861",-0.283928561665967,0.00447636303947804,0.197127064254125,0.0604273292843131,0.121172612719284,0.798728056750147,0.0693142422693629,0.0107850882612058,0.989214911738794,FALSE,-0.173979595983735,0.176015174464451,0.000361564577020495,0.0169970572871391,4.58911687118766e-05,-1.70136903201792e-05,0.00212299752820209,"H00",0,0
"pathway_0862",0.782139777663641,-0.753892120561467,0.205613028946169,0.0592286031566542,5.63286340102263e-37,3.65235308199471e-34,0.0130524994661746,0.986947500533825,0.0130524994661746,TRUE,0.782671547971871,0.221363113543035,-0.740233951034488,0.058601124935545,-0.000104661275918461,-0.579464713593415,0.171068334785155,"H11",0.604116516349149,-0.757111064298653
"pathway_0863",-0.0188362430578251,0.0604609985537989,0.222829643540915,0.0533628170210472,0.188053205273314,0.621766209866847,0.178834113988625,0.0113464708712138,0.988653529128786,FALSE,-0.00850098971561224,0.149590172864092,0.0113460652719416,0.0329017029557688,8.10366393593918e-05,-1.54161448300489e-05,0.00187726980761863,"H00",0,0
"pathway_0864",0.565825186945879,0.0242402985928636,0.210837765663806,0.0570151019155781,0.0215486453360949,0.94018267292259,0.0126907615281992,0.0255779202131156,0.974422079786884,FALSE,0.401521623191109,0.194320953764799,0.000871997112295828,0.0118864284218436,-3.84511561270634e-05,0.000311674539819917,0.00571572516725794,"H10",0.574770169954842,0
"pathway_0865",0.576282168061549,-0.0827941062369894,0.202059632211193,0.0629102553646689,0.0142158942792744,0.902541438279847,0.0197479975964824,0.0634946698443961,0.936505330155604,FALSE,0.423391145042343,0.193475405282924,-0.00685680352904973,0.0289806024414428,-8.84570461463226e-05,-0.00299156694364107,0.0154653168717286,"H10",0.633821128386865,0
"pathway_0866",0.582252537944301,0.00574129088419141,0.213563809301278,0.0561691229549581,0.0200965058597844,0.944499022456116,0.0107240780318677,0.024680393652232,0.975319606347768,FALSE,0.411695019823382,0.195379959653034,0.000162186798062985,0.010510091690417,-1.18869824554086e-05,5.48845145882227e-05,0.0053215109715685,"H00",0,0
"pathway_0867",0.105077613476861,-0.00675296758258055,0.21479643874702,0.0594219516238617,0.195862671705276,0.685930045606954,0.110608929740083,0.00759835294768714,0.992401647052313,FALSE,0.0527240513658392,0.156153282307455,-0.000787431121239079,0.0203749671732537,3.50795874410586e-05,-6.43697144221095e-06,0.00121975449212759,"H00",0,0
"pathway_0868",0.100054613712463,-0.131217928327513,0.194084741069029,0.0620753610680026,0.101138567985719,0.333446038344101,0.531965226255198,0.0334501674149814,0.966549832585019,FALSE,0.028765801999795,0.110578907265716,-0.0728744983078001,0.0788770644229865,0.00165226239522175,-0.000444030993934822,0.00567611882517755,"H00",0,0
"pathway_0869",0.229783266331375,0.0794360389104881,0.197166968344246,0.0620597276473501,0.133647557348039,0.672558065217107,0.175026702497247,0.0187676749376067,0.981232325062393,FALSE,0.120681873139519,0.164241818569423,0.0151016806942886,0.0410078646571728,-0.0015030578937057,0.000319441220035961,0.00396174910160499,"H10",0.525920876329734,0
"pathway_0870",0.168692708655928,-0.759131941936343,0.21102197591497,0.0618764630914967,1.24457524425522e-32,4.98092415867005e-32,0.943426798831203,0.0565732011687969,0.943426798831203,FALSE,0.0109209374365695,0.0667515994700678,-0.745663582513829,0.0613298116435944,3.01273903887522e-05,-0.00811321794297305,0.0497584402749075,"H01",0,-0.626757377950038
"pathway_0871",0.598099006693789,-0.796688163529203,0.220375136799532,0.0571650800117361,1.67927105493638e-42,7.51670672694974e-41,0.318906298907082,0.681093701092918,0.318906298907082,FALSE,0.419883442287776,0.33893623896707,-0.783289631726265,0.0566517752097526,0.000203968867533155,-0.328686378010016,0.267213617711819,"H11",0.49785411377658,-0.766636092775315
"pathway_0872",0.42059810658522,-0.581593688180573,0.205155107407085,0.0590705305859143,2.40596088324733e-21,3.53105135311535e-20,0.695384983921562,0.304615016078438,0.695384983921562,FALSE,0.131763018939755,0.228477373527251,-0.57178750502845,0.0585570495647575,0.000123614899394733,-0.0752168329551839,0.13138811385711,"H11",0.591145188265183,-0.609645704822967
"pathway_0873",0.0368805452301611,-0.777507613934034,0.204499654954892,0.0599566167550881,2.05811391115732e-36,6.45643543190232e-36,0.962512181133335,0.0374878188666651,0.962512181133335,FALSE,0.00236262074311235,0.0409928162407606,-0.76459450975747,0.0594612679250376,4.37449235554275e-06,-0.00180207235646727,0.0312951368604932,"H01",0,-0.807905672473527
"pathway_0874",0.243607176833719,0.0409443127443829,0.226428443719618,0.0541454574657543,0.14807785277317,0.740125141410494,0.100526838417134,0.0112701673992012,0.988729832600799,FALSE,0.128683014813127,0.180599025068408,0.00450733178102254,0.0220142476936254,-0.00047598855130368,0.000104028491041324,0.00228951566904702,"H00",0,0
"pathway_0875",0.0393988131424946,-0.827262320291685,0.204478992545595,0.062096276645738,2.26148237596409e-38,7.10597564092313e-38,0.964335375651934,0.035664624348066,0.964335375651934,FALSE,0.00239529710011372,0.0402143337943089,-0.812550827173601,0.0615471971374106,5.69545152179023e-06,-0.00194060518850214,0.0326103720746064,"H11",0.472251444030494,-0.8143131472025
"pathway_0876",0.554996075621861,-0.0560053005955037,0.218640666153605,0.0577339303344237,0.0281154576899149,0.911328400626352,0.0243740901223873,0.0361820515613456,0.963817948438654,FALSE,0.380613490425605,0.203900417291336,-0.00338514436967274,0.0193901877033574,0.00017174143347279,-0.00111669018066294,0.00891594818081903,"H10",0.466910564286899,0
"pathway_0877",-0.17344913139474,-0.00692263188088158,0.205099862737511,0.0603133420049236,0.17648641671316,0.713990136749271,0.101149640265658,0.0083738062719114,0.991626193728088,FALSE,-0.0929234653836991,0.160845999661204,-0.000740922079319956,0.0199022088382792,-6.10210308619412e-05,7.82801632776508e-06,0.00145130332237081,"H00",0,0
"pathway_0878",0.607678275786866,-0.835868692421433,0.225832564821022,0.0553757825856541,1.05199851042911e-49,4.41682829547154e-48,0.332617174056796,0.667382825943204,0.332617174056796,FALSE,0.419397653613449,0.347695403889557,-0.822660298036491,0.0549121033576109,0.000222064054295534,-0.34479973466315,0.287544540117289,"H11",0.571605422700251,-0.845851427013796
"pathway_0879",-0.0753949409796395,-0.537074738344331,0.201189991225933,0.0582246218454253,1.12060626421103e-18,3.61609422212904e-18,0.954152615923667,0.0458473840763332,0.954152615923667,FALSE,-0.00256618165651066,0.0442456890408449,-0.528620008350037,0.0577681772515379,-1.22528145302216e-05,0.00134428215416216,0.0233946575776881,"H01",0,-0.65446311612117
"pathway_0880",0.0691601853907295,-0.0230307738546339,0.201531189849191,0.0624649282931072,0.205251812517867,0.657557208354165,0.129324648649199,0.00786633047876933,0.992133669521231,FALSE,0.0344451251241294,0.144304120291796,-0.00310409840660497,0.0242115132499676,9.36326346773025e-05,-1.32884233358164e-05,0.00123395474467829,"H00",0,0
"pathway_0881",0.561590711478575,-0.802725845092036,0.195678487765914,0.0644584841196809,3.86600593215338e-34,2.61553235609263e-32,0.257222905963439,0.74277709403656,0.257222905963439,FALSE,0.428492979172121,0.302512906715787,-0.785361109386223,0.0637122551089907,0.000224843573881361,-0.336296877912944,0.23992201292278,"H11",0.578051133838678,-0.78575819575307
"pathway_0882",-0.225936169452955,-0.105279814291227,0.211216366058746,0.0569162166037365,0.11098350850885,0.534048140040594,0.322015512512364,0.0329528389381923,0.967047161061808,FALSE,-0.0949289685909558,0.160437143259998,-0.0367808002825008,0.059922378394419,-0.00276056091802686,0.000731002516740875,0.00633875645744111,"H00",0,0
"pathway_0883",0.121398848438096,-0.0482259457995542,0.201806244051639,0.0612096641142625,0.186919862065956,0.65648208115784,0.14651569999621,0.0100823567799945,0.989917643220005,FALSE,0.0605943228770572,0.148891531991603,-0.00742406188854138,0.0295520033163267,0.000390760316648719,-5.90956864848124e-05,0.00181106822409774,"H00",0,0
"pathway_0884",0.143459691620427,-0.820640981234694,0.20259256357261,0.0646591373538674,7.60949620600745e-35,2.82226319950178e-34,0.952545851008922,0.0474541489910782,0.952545851008922,FALSE,0.00799357924787527,0.0565061824726795,-0.804801364997042,0.0640382578980204,2.74521325548411e-05,-0.0064057913573472,0.0454201910057794,"H11",0.458157028368019,-0.680834802587395
"pathway_0885",-0.138228339035306,-0.798532582297048,0.204336058512204,0.0594231232803115,4.49606335312677e-39,1.64981343901674e-38,0.959971582390449,0.0400284176095508,0.959971582390449,FALSE,-0.00432193474393553,0.0456798999456719,-0.785470640483361,0.0589423897324702,-2.3644291956379e-05,0.00337110855948995,0.0357611576981461,"H01",0,-0.734617176575107
"pathway_0886",0.247444892504353,0.130347905699369,0.205930068443444,0.0590970377944152,0.0762331567205571,0.404426474939294,0.466044288189439,0.0532960801507097,0.94670391984929,FALSE,0.086469464543657,0.154484963655608,0.0665411690103824,0.076693711514941,-0.00415098632721463,0.00160279292722211,0.00993984387966523,"H00",0,0
"pathway_0887",-0.0373651213080292,-0.0404466736818017,0.201758882981566,0.0621164495511081,0.205253221066397,0.637948294070997,0.14816684645866,0.00863163840394668,0.991368361596053,FALSE,-0.0180661133602041,0.140973333031091,-0.00622734355458463,0.028332080691069,-0.000101622949568054,1.08809450220077e-05,0.00137293273283055,"H00",0,0
"pathway_0888",0.432468725538306,0.0842706636299083,0.210435347753161,0.0574188121871113,0.0554428974123232,0.817957786873287,0.086885026399733,0.0397142893146567,0.960285710685343,FALSE,0.274542028875265,0.202620181664097,0.010444785511325,0.0341051592753754,-0.00151291523200481,0.00135461737344134,0.00914919036899074,"H00",0,0
"pathway_0889",-0.0131688495304084,-0.774161613879049,0.210013430177441,0.0580463367078314,1.6391151777489e-38,5.18823979363082e-38,0.963109695433187,0.0368903045668124,0.963109695433187,FALSE,0.000565203711519028,0.0400235442822287,-0.762094966902623,0.0575968070739936,-2.43490970443521e-06,-0.000433173813527769,0.0304437386415745,"H01",0,-0.793486244196208
"pathway_0890",-0.136783615729942,0.0505772220068539,0.21203604597314,0.0534120220140454,0.180295222670691,0.667405445313111,0.141772613664148,0.0105267183520506,0.989473281647949,FALSE,-0.0676899587772783,0.156313547019381,0.00760332167430936,0.0273944240716221,0.000442037370682501,-7.26311600218857e-05,0.0018745575678386,"H00",0,0
"pathway_0891",0.338150233516437,-0.84635514762582,0.205439655831614,0.0602501425966071,1.09497465348192e-42,9.25736759217085e-42,0.857875173335187,0.142124826664813,0.857875173335187,FALSE,0.0513042483584199,0.147539143153675,-0.831833445544089,0.0597381340651014,0.000134715511724094,-0.04254187417131,0.12272408361219,"H11",0.489821569956306,-0.885282139255508
"pathway_0892",-0.18811244967014,0.0705035131155035,0.215109628317041,0.0562867377438059,0.154051734816592,0.652493589153693,0.177549030868829,0.0159056451608856,0.984094354839114,FALSE,-0.0913536486476206,0.163227977123303,0.0134441073272508,0.0368420579104759,0.00101936751817981,-0.000208800738974764,0.0031940929997,"H00",0,0
"pathway_0893",0.594678867293729,-0.00767498757379744,0.220308815906,0.0576011075955727,0.021604267043935,0.940306590382384,0.0118607188286536,0.0262284237450277,0.973771576254972,FALSE,0.412513096043179,0.200517505644104,-0.000329616834166892,0.0112605932528292,-7.06125301562621e-06,-0.000143032513785762,0.00581264020997946,"H10",0.550705183479944,0
"pathway_0894",0.288102432111316,-0.69813198294985,0.208331663136985,0.0579937814311777,1.68333911043978e-31,1.06590604430536e-30,0.888826092230261,0.111173907769739,0.888826092230261,FALSE,0.034164771601708,0.118571607101001,-0.687104920605543,0.0575361742300241,6.65368814287727e-05,-0.0234082457974693,0.0815674496739194,"H01",0,-0.74158371366732
"pathway_0895",-0.0755244934593746,-0.0583051296841675,0.209496906594947,0.0561710226067246,0.18981555013762,0.627995172814953,0.171368710653866,0.0108205663935608,0.989179433606439,FALSE,-0.0354281395032855,0.14599420258296,-0.0104641112013188,0.0325253433601789,-0.000327647115634388,4.3076875783828e-05,0.00181200460031113,"H00",0,0
"pathway_0896",0.610604436980199,0.0476456585246506,0.201989525120421,0.060525755788997,0.0102128536447339,0.942666506395217,0.00791404733156676,0.0392065926284826,0.960793407371518,FALSE,0.452132207495013,0.186428363191451,0.00212509253951695,0.0161343636351334,8.22786028865942e-05,0.00104310138390958,0.00923510799557987,"H10",0.547083873028109,0
"pathway_0897",0.0379985484892716,-0.71461609195389,0.216047219753721,0.0590547878544008,8.79651512169296e-32,2.86965188471343e-31,0.957905628735126,0.0420943712648742,0.957905628735126,FALSE,0.00272286962816806,0.0457246247872693,-0.703080634882028,0.058580297904522,3.54261092542617e-06,-0.00191085429594797,0.0321210682299205,"H01",0,-0.868056942455565
"pathway_0898",0.417135968125077,-0.763439616861876,0.219267460097082,0.0554362504443942,3.6286837046036e-41,4.29379825682124e-40,0.763081636587851,0.236918363412149,0.763081636587851,FALSE,0.103796807302772,0.214093413242121,-0.752136679213056,0.0550244318393528,0.000159190477251756,-0.0779101954803729,0.161274070978793,"H11",0.472668214879023,-0.808480922746641
"pathway_0899",-0.118356928644984,0.0737822130555973,0.20142062248049,0.0576229453939341,0.172722457802121,0.602098435392941,0.210810742824165,0.0143683639807728,0.985631636019227,FALSE,-0.0548494159048445,0.143785640675492,0.0163614385607881,0.0407089979841573,0.000772059520536365,-0.00012535582788586,0.00257690920773726,"H00",0,0
"pathway_0900",0.0249277015625911,-0.702692254338362,0.203989232424192,0.055039489458589,2.30434327117506e-35,7.16875046924849e-35,0.960331451957964,0.0396685480420364,0.960331451957964,FALSE,0.00193128144566852,0.0413379302592766,-0.69282410576496,0.0546548284748274,1.53744892698263e-06,-0.00133650089164877,0.0286169731994746,"H01",0,-0.685820406299347
"pathway_0901",0.0502823705804341,-0.0540855201055815,0.202192898468404,0.060750313091208,0.198331343627776,0.62377493065138,0.167930171936674,0.00996355378416917,0.990036446215831,FALSE,0.0238546717579599,0.14039604719991,-0.00945797172146275,0.0325371906868839,0.000197347048544971,-2.82697623665897e-05,0.00165709943181429,"H00",0,0
"pathway_0902",0.0865600754707965,-0.0513207376086384,0.206969813200877,0.0572473072715444,0.192675398288013,0.642538180706987,0.154832805361388,0.00995361564361242,0.990046384356388,FALSE,0.0417600047392637,0.146940198674029,-0.00833005672640131,0.0297236471753773,0.000303119658566706,-4.4743549806148e-05,0.00169085361787452,"H00",0,0
"pathway_0903",0.432617165706987,0.0320730534040277,0.213639841452206,0.0546046204371463,0.0626057956470162,0.881964674680003,0.0383190720698058,0.0171104576031753,0.982889542396825,FALSE,0.283045873551103,0.197640991851704,0.00173284159341989,0.0146280087726067,-0.000272604649678206,0.00021786901285701,0.00381472242987738,"H00",0,0
"pathway_0904",0.868076559524194,-0.779246083268516,0.22302120583064,0.0517183562039141,3.54804426238841e-51,2.44930956652351e-48,0.00853460008151369,0.991465399918486,0.00853460008151369,TRUE,0.872508747647487,0.233929413673654,-0.768557156112159,0.0512988151570646,-0.000100695089260361,-0.670673536864194,0.186062288631196,"H11",0.556083923832919,-0.814728517749979
"pathway_0905",0.298590964569904,-0.809670163344993,0.21470281864385,0.0612163762243377,7.11164593132698e-38,4.58621057251967e-37,0.893567819579569,0.106432180420431,0.893567819579569,FALSE,0.0343687562241117,0.121316837201588,-0.795451450697006,0.0606822971481243,9.21031359099669e-05,-0.0272465738612115,0.0965016236728466,"H11",0.54859822502132,-0.820000876744708
"pathway_0906",0.330080997833166,0.136422210339048,0.209889199055097,0.0589088341349383,0.0553599371069872,0.431297187317102,0.431185687430206,0.0821571881457044,0.917842811854296,FALSE,0.130064603354305,0.184007030440399,0.0687863148591635,0.0789779320201706,-0.00548863703653003,0.00345802772183141,0.0153425769834722,"H10",0.553092136088297,0
"pathway_0907",0.149749462876547,0.0225694712411567,0.200627780758685,0.0596892822225779,0.184744743968006,0.695180315407513,0.11171455800565,0.00836038261883139,0.991639617381169,FALSE,0.0790151306503497,0.154538312375683,0.00266124250353106,0.0217390750831677,-0.00018481942158412,2.545900252465e-05,0.00141396412310511,"H00",0,0
"pathway_0908",0.658495221663512,-0.84978815911488,0.221944596553303,0.0542998226398624,1.24601060067131e-53,9.21813311211493e-52,0.1868595938033,0.8131404061967,0.1868595938033,FALSE,0.551282967791009,0.330111843142546,-0.83663193341024,0.0538418422489398,0.000115187363372904,-0.461105747835754,0.278447940720057,"H11",0.528743423391957,-0.871487666134104
"pathway_0909",0.377358085637504,0.0268132217609584,0.215957187907111,0.0595047422232338,0.0873477898808335,0.84371902044037,0.0542379998546061,0.0146951898241905,0.98530481017581,FALSE,0.234180487111044,0.195266233046934,0.00180019316504022,0.0168419612219329,-0.00028757884287328,0.000133991269409811,0.00328854155537917,"H10",0.4646916302555,0
"pathway_0910",0.313753001236421,-0.045524014647762,0.211476570684151,0.0565372918466878,0.111897585431103,0.791118255697409,0.0822902895637023,0.0146938693077858,0.985306130692214,FALSE,0.184972342320188,0.186292851626182,-0.00435958086654422,0.0219595297217062,0.000598270446710458,-0.000208131437708503,0.00327046094392563,"H00",0,0
"pathway_0911",0.239587530160737,-0.741212438117614,0.203780167834058,0.0593390689327627,7.55993164648187e-34,3.90127417025177e-33,0.918651071247163,0.0813489287528367,0.918651071247163,FALSE,0.0211816277230721,0.0915375994815944,-0.729035889119928,0.0588535203690101,5.08115875972343e-05,-0.0153913552125,0.0667540469819649,"H01",0,-0.770727091971699
"pathway_0912",0.299650452391869,-0.550558516061942,0.211045474005142,0.0537798039325031,5.9961496117031e-23,3.96065011072009e-22,0.87117984497226,0.12882015502774,0.87117984497226,FALSE,0.0404150565853956,0.129090506162698,-0.543054209838508,0.0534102388835856,4.33268285854951e-05,-0.0219042397909751,0.0703538617674157,"H11",0.444055542956483,-0.539648006156371
"pathway_0913",0.36023738965087,0.0504976875443645,0.210486563200544,0.0570542062205898,0.0893348322366639,0.822319921563831,0.0708415567697908,0.0175036894297144,0.982496310570286,FALSE,0.222033684645334,0.191966797997189,0.00437360837134902,0.0219188913418,-0.00067504263532409,0.000296045746562211,0.00399251603605607,"H10",0.485428777174203,0
"pathway_0914",-0.0973963783871823,-0.0376345020081232,0.201778690752786,0.055858650472992,0.198024292489223,0.662815135183818,0.130770989520306,0.00838958280665234,0.991610417193348,FALSE,-0.048890911040294,0.147029547862924,-0.00515886525397446,0.0243417131511031,-0.000224101287483545,2.81203347173841e-05,0.00133868507913459,"H00",0,0
"pathway_0915",0.0689376084334473,-0.592728649228079,0.217010907991251,0.0563844224837257,4.01764947979084e-24,1.34819518005352e-23,0.950699809019555,0.0493001909804454,0.950699809019555,FALSE,0.00446097441547263,0.0515214599850574,-0.58397953456532,0.0559690872332075,4.82436031689747e-06,-0.00260029340253861,0.0301209818982979,"H01",0,-0.63855210539487
"pathway_0916",0.631565753182682,0.00762417645613393,0.20564455092216,0.0595591381690775,0.00943833602472,0.953465752340065,0.00535131684915386,0.0317445947860608,0.968255405213939,FALSE,0.464012865480738,0.187140004318783,0.000218226656850305,0.0114073144826304,5.00902655187298e-06,0.000106269002921265,0.00686483251551465,"H10",0.546773815142864,0
"pathway_0917",0.522706971694988,-0.974954373174585,0.224744656083443,0.0538755486010654,7.97299594945097e-71,1.76685492029398e-69,0.595108117797575,0.404891882202425,0.595108117797575,FALSE,0.223132670439646,0.30520174466465,-0.960818987182415,0.0534882725626863,0.000334925171512901,-0.214055181247616,0.293554761331935,"H11",0.552721808390791,-0.94527013324305
"pathway_0918",-0.0549490450435508,-0.9924166178496,0.204609784427301,0.0592776972323009,2.2547358589336e-60,7.18044607590329e-60,0.972683773106276,0.0273162268937241,0.972683773106276,FALSE,-0.000533505458361517,0.0336355073285334,-0.97634169593209,0.0588020256451124,-6.04869274305458e-06,0.000514834931262656,0.0327235448781465,"H01",0,-0.933027166382717
"pathway_0919",0.0539249255774042,-0.582684662195666,0.217536114297583,0.0561447874887746,1.59380635837764e-23,5.2821998280013e-23,0.951450146182037,0.0485498538179633,0.951450146182037,FALSE,0.00366638180026491,0.0501016629172353,-0.574155829475288,0.0557347307474036,2.90067566175193e-06,-0.00210217380804245,0.0287981795828766,"H01",0,-0.545980530550425
"pathway_0920",0.6012829755833,-0.618387411836617,0.213865259880155,0.0564735668957215,1.03476548666028e-26,5.76003552946032e-25,0.250544912132935,0.749455087867065,0.250544912132935,FALSE,0.458534343311863,0.322234594976338,-0.608388752247074,0.0559632651290637,5.91120538118717e-05,-0.278908024936124,0.198641790382281,"H11",0.534791539577908,-0.674526500158772
"pathway_0921",0.785148503546434,0.0841334867472373,0.215669278648204,0.0516014681009184,0.0022246134225299,0.841221074096805,0.00403753305568262,0.152516779424982,0.847483220575018,FALSE,0.591619377678699,0.20605816784583,0.0126959913524021,0.0357575864857508,0.00192696271805007,0.00943815722097236,0.0281165189700782,"H10",0.535606485154734,0
"pathway_0922",0.56223214646279,0.0247834631979022,0.211326709441566,0.0554593233185601,0.0225648669927118,0.939575987502763,0.0130540459470469,0.0248050995574781,0.975194900442522,FALSE,0.397811425967438,0.194747192576323,0.000886792165178859,0.0115959785058487,-4.35290714384686e-05,0.000309246984328085,0.00549064880045566,"H10",0.496561714624036,0
"pathway_0923",0.0695277610067492,-0.134594398428868,0.215585951302824,0.056223470115958,0.0721042071611559,0.24111797751968,0.64537502116142,0.0414027941577439,0.958597205842256,FALSE,0.0150865032330208,0.102659099583269,-0.091081076179713,0.0769574670483536,0.000968446192184377,-0.000405648758067875,0.00658306787329262,"H00",0,0
"pathway_0924",0.350896189146199,-0.942960994617604,0.201059397369284,0.0617790578452886,2.85554246425987e-50,2.72417053272527e-49,0.850858576094004,0.149141423905996,0.850858576094004,FALSE,0.056037586060233,0.154369963022049,-0.925924348685811,0.0612307380145801,0.000178393353809723,-0.0517081720209366,0.142829221378103,"H01",0,-0.842790220313217
"pathway_0925",0.309134481005257,-0.772543337166661,0.200145857504661,0.0619526370397872,9.98900910516372e-34,7.43797989476015e-33,0.873517489845067,0.126482510154933,0.873517489845067,FALSE,0.0415993362477043,0.130088482104691,-0.758594440155797,0.061395822587517,0.00010538117903873,-0.0314516440126412,0.0987355058104767,"H11",0.533095409173363,-0.780757727639486
"pathway_0926",1.04371161586446,-0.0316239222894237,0.207872060191143,0.0567775052970022,2.41699863394915e-05,0.787899891129866,1.51098889036926e-05,0.21206082899489,0.78793917100511,FALSE,0.820496509404293,0.212372472349403,-0.0071665314904031,0.029345703039478,-0.0014806512963811,-0.00736076536879279,0.0307275173439865,"H10",0.536323287050554,0
"pathway_0927",0.611869333312901,0.0932929392744028,0.207969922076581,0.0560731087023222,0.0115987746590231,0.870663848000035,0.0240506409784422,0.0936867363624994,0.9063132636375,FALSE,0.446645473250246,0.202005395511047,0.0106365100346088,0.0348046066554679,0.000261343349507527,0.00501209240764635,0.0197216175735646,"H10",0.445230622306418,0
"pathway_0928",0.0223573743980026,-0.00391017291075503,0.211511437424486,0.0582608581947945,0.209423747362458,0.668074203275831,0.115513772963398,0.00698827639831348,0.993011723601687,FALSE,0.0110096222791391,0.148616382017608,-0.000471872128649601,0.0202690799774846,3.71908501444879e-06,-1.47604888603664e-06,0.00101696984445924,"H00",0,0
"pathway_0929",-0.428412777341493,0.0175578824568649,0.207083356476441,0.058754242585895,0.0590131917285054,0.890248932049691,0.034220386719831,0.0165174895019727,0.983482510498027,FALSE,-0.287348161795045,0.193483048626058,0.000895519331153996,0.0136790763735981,0.000127419927331814,-0.000129905906327215,0.00367257968884989,"H00",0,0
"pathway_0930",0.570933874783516,-0.808201737174635,0.197613326817691,0.062027995992801,2.53331901555552e-37,1.77322283000584e-35,0.245153445936984,0.754846554063016,0.245153445936984,FALSE,0.442770510820052,0.304317464071015,-0.791964727495041,0.061359788064225,0.000201486808375451,-0.350457140136067,0.243270663035936,"H11",0.59449633677525,-0.758784702230639
"pathway_0931",0.295514730093142,-0.0606186729190299,0.20634418350073,0.0623963980565248,0.114566888123821,0.760799531796859,0.107226445133158,0.0174071349461614,0.982592865053839,FALSE,0.170678055871809,0.181617557749837,-0.00743148512680362,0.0293960973855173,0.000960536498029658,-0.000307854935653452,0.00405679257091991,"H10",0.518619493494811,0
"pathway_0932",0.417895772912027,-0.657934026348856,0.21225336064862,0.0569096115513315,3.4662136483881e-29,4.5044705952026e-28,0.730891069227459,0.269108930772541,0.730891069227459,FALSE,0.116687595459181,0.221018656462133,-0.64764889777895,0.0564568763290133,0.000138044423678443,-0.0754345481599361,0.143621943963997,"H11",0.513081212655902,-0.718455051728036
"pathway_0933",0.0768376631862488,-0.598323389556842,0.222752289352975,0.0524712063020903,2.52996707369767e-28,8.69952479844091e-28,0.94912361075756,0.0508763892424398,0.94912361075756,FALSE,0.00506845839323984,0.0542700580262235,-0.590657207298132,0.0521359083500898,5.03885107995972e-06,-0.00298868262877786,0.0320856501229245,"H01",0,-0.635398089413308
"pathway_0934",-0.124907661976576,0.0453702268059942,0.210029025174049,0.0547071403304402,0.186077419287046,0.669172780504606,0.135116385908997,0.00963341429935117,0.990366585700649,FALSE,-0.0621768985470891,0.15424974006448,0.00647835743774958,0.0259831894827571,0.000348169442719049,-5.46347304396866e-05,0.00167763942669564,"H00",0,0
"pathway_0935",-0.474277711359472,0.0974390107853591,0.218238461642593,0.0565449877912957,0.0447485760902787,0.785438860585219,0.103279145175455,0.0665334181490473,0.933466581850953,FALSE,-0.297192817161523,0.21490874309106,0.0163573303659422,0.0429197858037772,0.00184121547325022,-0.00302006561944586,0.0145975626379437,"H00",0,0
"pathway_0936",0.0468631698509663,0.0292965751513952,0.209953894989904,0.0593166856076808,0.204573058697158,0.658325542294999,0.129207853630761,0.00789354537708268,0.992106454622917,FALSE,0.0228665322410793,0.147579485473592,0.00394975733778725,0.0239306802237467,-8.1228666434172e-05,9.08858707477978e-06,0.00123034364034633,"H00",0,0
"pathway_0937",0.0660283424229344,-0.0612902121430113,0.204176318666111,0.0576537655323698,0.191329927274251,0.615728814172535,0.181811488341769,0.0111297702114446,0.988870229788555,FALSE,0.0308526460853108,0.141544294866506,-0.0116443415435481,0.0346203232992729,0.000313157260661589,-4.61014878779822e-05,0.00186925284924059,"H00",0,0
"pathway_0938",-0.0483685112818938,0.107504343556502,0.207783297848816,0.0568433294932692,0.133038054560977,0.425603737555942,0.416190859455975,0.0251673484271075,0.974832651572893,FALSE,-0.0163951465015319,0.121990040600007,0.0467370071122147,0.0645712464170469,0.000627277131635052,-0.000138982947012848,0.00402739707997502,"H00",0,0
"pathway_0939",-0.0342801901650541,0.0383972903532304,0.220815188062974,0.0516104367090579,0.200494088231135,0.662636126057788,0.128693994760711,0.00817579095036643,0.991824209049634,FALSE,-0.0164002954810478,0.153108955295207,0.00519059137550267,0.023020321321287,7.3400278144977e-05,-1.1726954134645e-05,0.00127459729492777,"H00",0,0
"pathway_0940",0.567602505145751,-0.644581779201946,0.210010711448442,0.0570845843985228,3.14653226815418e-28,1.42906903446515e-26,0.319069073080903,0.680930926919097,0.319069073080903,FALSE,0.394542085735746,0.319927549974824,-0.633922651275788,0.0565686838366585,0.000113533008423733,-0.249995632021059,0.204866554295016,"H11",0.520208763149209,-0.642886568011768
"pathway_0941",-0.00640283430518292,-0.825502468437184,0.199448671205794,0.0620023724085643,2.51614513809589e-38,7.65793833684236e-38,0.966723622561973,0.033276377438027,0.966723622561973,FALSE,0.000693227344986801,0.0362360902914628,-0.810871615282925,0.0614561391919014,-1.08858478941785e-06,-0.000563206961777159,0.0293091117420924,"H11",0.420379662490258,-0.896411903110552
"pathway_0942",0.612116814155209,-0.650114456062182,0.198586300679344,0.0578735974370679,2.68161226729544e-28,2.88387233003063e-26,0.14060507950193,0.85939492049807,0.14060507950193,TRUE,0.534587865405484,0.28288286375044,-0.638876339245242,0.0573079853524769,1.81715736700117e-05,-0.341517366881514,0.184191538541958,"H11",0.557854457757209,-0.6680326363452
"pathway_0943",0.571138966595407,-0.986679885541392,0.205251707775064,0.0550721051780373,1.17036030596402e-69,6.34917957643801e-68,0.330126248819751,0.669873751180249,0.330126248819751,FALSE,0.398130407329864,0.325238381073984,-0.970996233894692,0.0546233157508019,0.000317945275605525,-0.386265180840652,0.316903898618816,"H11",0.622552741606488,-0.92318511609914
"pathway_0944",-0.103778915114005,-0.0444348650185146,0.214002171689343,0.0541397041402108,0.190461318229054,0.664357747199412,0.135944448064065,0.00923648650747021,0.99076351349253,FALSE,-0.0507106641527018,0.15374481865925,-0.00636035981538331,0.0256496464580757,-0.000283533288719997,3.90047817682463e-05,0.00154629686231082,"H00",0,0
"pathway_0945",0.612975963893966,-0.56456836530451,0.205081952887074,0.0582675605812878,2.61851129614822e-21,2.20696743266089e-19,0.169220411109974,0.830779588890026,0.169220411109974,TRUE,0.515548541665894,0.297309117838089,-0.554907179728849,0.0576938037330424,-3.64992635343286e-06,-0.286085237195496,0.168691847075721,"H11",0.521441813716811,-0.62070443274346
"pathway_0946",0.359356527166415,0.0611796326426906,0.201310840276849,0.0590067813433697,0.0815977406044242,0.820549724528082,0.077175694738587,0.0206768401289067,0.979323159871093,FALSE,0.227235140679829,0.188459445233109,0.00586348050276581,0.025532614111085,-0.00090824324472015,0.000424145572199275,0.004767558278377,"H10",0.666546731297235,0
"pathway_0947",0.015179120501549,-0.651727078464727,0.207716840250693,0.0609861942772813,6.97939397564985e-25,2.19261285747104e-24,0.958006683444962,0.0419933165550381,0.958006683444962,FALSE,0.00159884335649503,0.0428211805663617,-0.640517072402804,0.0604633737190497,-2.2106716661874e-07,-0.00102430753309949,0.0274164427707791,"H01",0,-0.64017466172935
"pathway_0948",-0.160198963421512,0.00962171935050939,0.197821206951154,0.0639284151636309,0.180928797310312,0.700180983965665,0.110308876740642,0.00858134198338085,0.991418658016619,FALSE,-0.0857650444469604,0.154872246345454,0.00112676350645847,0.0220462595842365,8.20836978840164e-05,-1.4553224328607e-05,0.00149139709299514,"H00",0,0
"pathway_0949",0.642246372874191,-0.0343623396246462,0.213269271618728,0.0563378410942265,0.0111103270661035,0.944671553226814,0.00710596822677355,0.0371121514803087,0.962887848519691,FALSE,0.462402524731741,0.194130871067799,-0.00155399934269165,0.0137830763496851,-0.000113143198419596,-0.000831716417911681,0.00843792936853154,"H10",0.564157066325774,0
"pathway_0950",-0.0465296726865847,0.0252947304836176,0.199862568088855,0.059642291561325,0.210048763917145,0.653152424966581,0.129241984528371,0.00755682658790268,0.992443173412097,FALSE,-0.0231047595424403,0.141791947914013,0.00340408979147461,0.0234881243207207,6.90175482900864e-05,-9.63312780281011e-06,0.00113393301528669,"H00",0,0
"pathway_0951",0.0318126072965375,0.032599731757937,0.20445375925927,0.060744955205265,0.207193832998791,0.647877199036236,0.136882698404039,0.00804626956093404,0.991953730439066,FALSE,0.0154948701666906,0.143172235017358,0.00464284957745268,0.0255497727276199,-6.52774878192141e-05,6.66286358688919e-06,0.00124607569865618,"H00",0,0
"pathway_0952",0.729102913539495,-0.0381478357391597,0.213442846955075,0.0546681608270674,0.00431992420214079,0.939643647482383,0.00283903475521094,0.0531973935602657,0.946802606439734,FALSE,0.533563363556143,0.192773870322717,-0.00219546843192688,0.0156743707593185,-0.000328010317223415,-0.00149943183834366,0.0114360916041892,"H10",0.528667797309669,0
"pathway_0953",0.166829591242632,-0.944592346567186,0.204994383539712,0.0567618835707248,1.00285806371966e-59,3.97742486670123e-59,0.954347499895319,0.0456525001046808,0.954347499895319,FALSE,0.00896690888631185,0.0596789505409669,-0.930486628755369,0.0563420929623582,2.92455560202253e-05,-0.00831434326396065,0.0554385482801902,"H01",0,-0.854671775530014
"pathway_0954",0.439337547841361,-0.71740666606253,0.220930473485292,0.0532973807951752,2.11041510692015e-39,2.8118393599085e-38,0.72156186749327,0.27843813250673,0.72156186749327,FALSE,0.127608635677172,0.235542871276408,-0.707522939069956,0.0529254846044677,0.00014826435110267,-0.0901377726139173,0.167027166833818,"H11",0.484710236719672,-0.827965787679674
"pathway_0955",0.141132611685761,-0.0573596998591594,0.219370807182535,0.0495102946962562,0.17362906802253,0.656233018443177,0.158016305746336,0.0121216077879573,0.987878392212043,FALSE,0.0676508591813023,0.159213397750383,-0.00965017223965919,0.0294360790638086,0.000555102884459293,-9.77395588012031e-05,0.00214234368801325,"H00",0,0
"pathway_0956",0.0343016191681629,0.0724306236417597,0.206369942802773,0.0576921606758479,0.184949839328808,0.583026299934322,0.219059008510419,0.0129648522264512,0.987035147773549,FALSE,0.0151308328072848,0.137778994446283,0.0165440288473391,0.0408196199027823,-0.000223295993961115,2.70289404868694e-05,0.00213863562294383,"H00",0,0
"pathway_0957",0.599752478607431,-0.101232268118374,0.19067225375435,0.0641851006704683,0.00674817249083019,0.877904149380325,0.013841751162284,0.101505926966561,0.898494073033439,FALSE,0.463525828811241,0.1849575011059,-0.0116032048621012,0.0386829376334195,-0.000695227379898898,-0.00607361253047098,0.0228613064193706,"H10",0.548482094270886,0
"pathway_0958",0.0354621138738383,0.0566440660007678,0.21567401655583,0.0585643717254156,0.192879804784432,0.627569380683124,0.169086226604121,0.0104645879283225,0.989535412071678,FALSE,0.0163413506612046,0.147026153766803,0.0100070116541297,0.0326125080297456,-0.000146063225381457,1.74648611294369e-05,0.00176657095161982,"H00",0,0
"pathway_0959",0.354082700428981,-0.804911280678382,0.212935113548694,0.0599416731771818,4.57655200661778e-39,3.97652929012644e-38,0.843969486539306,0.156030513460694,0.843969486539306,FALSE,0.0587755334187401,0.160033289188452,-0.791209618745347,0.0594342597598586,0.000136092087277918,-0.0463676753005179,0.126687117246913,"H11",0.559420395214808,-0.759521548941999
"pathway_0960",0.228734079541791,-0.833385479544393,0.203838885681135,0.058396819071288,4.90879435814288e-44,2.42049525637056e-43,0.929558648126178,0.0704413518738226,0.929558648126178,FALSE,0.017816981028354,0.0840181313578542,-0.820148115736829,0.057936547902826,4.99218747744105e-05,-0.0145626415437489,0.0688600521995962,"H01",0,-0.751216544465923
"pathway_0961",0.0942199519287911,-0.686427988205596,0.222722450843238,0.0481463203269025,4.47437072711509e-44,1.57132087151934e-43,0.951001359994594,0.0489986400054061,0.951001359994594,FALSE,0.00589386300446987,0.055213530674327,-0.679012583771028,0.0478875223788595,7.46186170420739e-06,-0.00399454528535335,0.0374909626195895,"H11",0.569839716115114,-0.629664737944918
"pathway_0962",0.507248423897703,0.0790796333963502,0.200767897878883,0.0545673974709591,0.026689650359082,0.885581939734808,0.0387964894498678,0.0489319204562425,0.951068079543757,FALSE,0.359829158996014,0.195713390712791,0.0067646413774564,0.0270726671628743,-0.000588337414975223,0.00184577780278455,0.0108565596990577,"H10",0.510247636597562,0
"pathway_0963",0.0712827521181913,-0.801698978033798,0.216841661175719,0.0523721204668614,1.10485230077168e-50,3.7150285042827e-50,0.959221584972231,0.0407784150277691,0.959221584972231,FALSE,0.00411645043598444,0.0476855259969053,-0.79149240375717,0.0520409977247555,7.76454179279374e-06,-0.00325037470873178,0.0377024279884976,"H01",0,-0.746181349678421
"pathway_0964",0.209047601080691,-0.665221285933576,0.216149068517356,0.0533757393736641,9.4541352935493e-34,4.268952002754e-33,0.92698648639314,0.0730135136068597,0.92698648639314,FALSE,0.0168092811024776,0.083211208904663,-0.656369488041956,0.0530213181452547,2.76276185377233e-05,-0.0110054716130488,0.0546684567177732,"H01",0,-0.714958267230773
"pathway_0965",-0.344364954669067,0.0351260648838532,0.212913934406699,0.0560715631730843,0.0998370123420355,0.821845177546056,0.0642009930761133,0.0141168170357953,0.985883182964205,FALSE,-0.209745811552313,0.190668809957083,0.00272176224243744,0.0181568736592337,0.000400326264351436,-0.000170551966041048,0.00312604521182668,"H00",0,0
"pathway_0966",-0.2100016334384,-0.76837834458834,0.199340569710774,0.0642400050638838,5.14736356447848e-31,2.37295183586335e-30,0.94718670469935,0.0528132953006496,0.94718670469935,FALSE,-0.00955547699156019,0.0608045010607047,-0.753651222347536,0.0636341273528839,-5.53128817048299e-05,0.00714618403309826,0.0456447994985192,"H01",0,-0.720058639407173
"pathway_0967",0.739467726288023,-0.0162600752681324,0.203558342745898,0.061404375630497,0.00228859697002834,0.944477013601239,0.00137286534143554,0.0518615240872967,0.948138475912703,FALSE,0.555763294687118,0.183897715601541,-0.000965429658408106,0.0145868072753365,-0.000154829075034046,-0.000691379442779594,0.0108638127616576,"H10",0.558049492001641,0
"pathway_0968",-0.30662322557346,-0.0789210973357132,0.213826517602657,0.0565261128159788,0.106916262021456,0.719629327469834,0.149232460318212,0.0242219501904981,0.975778049809502,FALSE,-0.166622064760054,0.185885360374892,-0.0134605087567299,0.0375389477875968,-0.00169459844592645,0.000548219315840671,0.00533176226380169,"H00",0,0
"pathway_0969",0.00242188187394098,-0.676954525464761,0.211922813001361,0.0512556075027991,7.48291956250507e-38,2.38089407696986e-37,0.95868360828871,0.04131639171129,0.95868360828871,FALSE,0.00114036184030696,0.0429742392928021,-0.668688550988342,0.0509443660476521,-1.18724848819577e-06,-0.000763734155085455,0.0287170862015727,"H01",0,-0.703270435991921
"pathway_0970",0.00690846333863965,0.102329257393479,0.205022823105006,0.0603847775358371,0.151933601074068,0.472012943874261,0.355472088711585,0.0205813663400853,0.979418633659915,FALSE,0.00247601005113693,0.12456503220475,0.0378289379135703,0.0610110732068561,-8.96379732425674e-05,4.02685725526743e-06,0.00339356580701529,"H00",0,0
"pathway_0971",-0.0503481103225467,-0.804164865470803,0.210373950867078,0.0552944539417394,9.55849997513553e-46,3.08877810347241e-45,0.964271879013071,0.0357281209869289,0.964271879013071,FALSE,-0.000708855460629276,0.0395231762380789,-0.792775288546747,0.0549060146548003,-6.55478120619476e-06,0.000555408311132116,0.0312618611537834,"H01",0,-0.91399612162826
"pathway_0972",0.448994074814237,-0.781054545447343,0.21076595011038,0.0577630826338394,9.95622803388554e-40,1.64691417577828e-38,0.67880448555317,0.32119551444683,0.67880448555317,FALSE,0.150432761918095,0.248591465535386,-0.768312813213296,0.057287752085163,0.000223346065903476,-0.115356072442834,0.191408741446707,"H11",0.481866808063072,-0.656951555803481
"pathway_0973",0.186614838324497,-0.779774325107894,0.214073764068152,0.0577264439134082,1.65029841433804e-39,6.95866786965761e-39,0.939976365895589,0.0600236341044109,0.939976365895589,FALSE,0.0127333080609294,0.0723254665945367,-0.76769616778358,0.0572817883828988,3.17310031794464e-05,-0.00974358079840385,0.0555026988739035,"H11",0.415776022453375,-0.708597177531839
"pathway_0974",0.723180208225225,0.0472955992185267,0.210402373013446,0.0549724398094374,0.00399113129460541,0.93654556332199,0.00298804743423185,0.0564752579491724,0.943524742050827,FALSE,0.533643592140778,0.190754183679789,0.00265938635522588,0.0169802366764004,0.000354931272678497,0.0017740957601714,0.0121636678037509,"H10",0.384018092592827,0
"pathway_0975",0.0144345584006278,0.0679596356062072,0.21677951234333,0.0525656040248287,0.183690922760314,0.595012541320851,0.208468866141412,0.0128276697774237,0.987172330222576,FALSE,0.00630459682772912,0.143741041919582,0.0148447259206913,0.0371350942743086,-8.51407842348378e-05,8.44922771326104e-06,0.00205913783438975,"H00",0,0
"pathway_0976",-0.220394801356994,-0.00206956495324684,0.20956508109464,0.052389832789567,0.159402594938929,0.753427686062712,0.0790662365392876,0.00810348245907073,0.991896517540929,FALSE,-0.123046743625059,0.171133723503485,-0.000173997674553118,0.0153776248027836,-1.95389991663867e-05,1.8708480857073e-06,0.00140004176336248,"H00",0,0
"pathway_0977",-0.259055452641881,0.0100251103429585,0.202945399667495,0.0534280578540751,0.138391878499093,0.781286017673589,0.0711590116186811,0.00916309220863643,0.990836907791364,FALSE,-0.152700305747202,0.174631304354408,0.000799939739832201,0.0152808132106273,9.68598833172862e-05,-2.52911595344282e-05,0.00167822692192216,"H00",0,0
"pathway_0978",-0.0969981407860626,0.0417890713688132,0.219388727871373,0.0548192523570744,0.19103341147287,0.668027841823908,0.131870245247094,0.00906850145612786,0.990931498543872,FALSE,-0.0470138575681283,0.156149055821533,0.00580914192610062,0.0249656778434598,0.000235915600598176,-3.71945705085613e-05,0.00154748706873255,"H00",0,0
"pathway_0979",0.452925909803497,-0.923631840348945,0.204131387502897,0.0546991717338749,1.11427763225514e-61,2.13583052556712e-60,0.670744788869459,0.329255211130541,0.670744788869459,FALSE,0.156728813860693,0.251978129168352,-0.910009432534368,0.0543008083015982,0.000274728805867902,-0.142349970157286,0.229477843607135,"H11",0.515607091088701,-0.840331270829874
"pathway_0980",0.0577480992517951,-0.00852661591845786,0.206465429372255,0.0574954593078974,0.208532963210192,0.669956042850622,0.114516429962262,0.00699456397692372,0.993005436023076,FALSE,0.0288833606264438,0.147373824730269,-0.00102122591651184,0.0200757586777377,2.52924648797167e-05,-4.20397154796542e-06,0.00102208821381674,"H00",0,0
"pathway_0981",0.27652098957554,-0.0774860502247805,0.201501333763955,0.0620584233259379,0.1158686624275,0.716830959435491,0.145936936678378,0.021363441458631,0.978636558541369,FALSE,0.153656061353698,0.176139183900741,-0.0127451710108979,0.0379610865755039,0.00150762894808749,-0.000450743830726408,0.00486221422441273,"H00",0,0
"pathway_0982",0.101516988251524,-0.0617690370021559,0.227607785606178,0.052459832238072,0.177244919746749,0.635892144956459,0.17440553522616,0.0124574000706314,0.987542599929369,FALSE,0.0462444683367869,0.157335224011086,-0.0113964532213199,0.0327535995131432,0.000448300517853193,-7.87224022918063e-05,0.00221448734356857,"H00",0,0
"pathway_0983",0.147039117776745,-0.0832271400740078,0.208862454454012,0.0572503965079629,0.155705852193953,0.587629188622026,0.238504378669341,0.0181605805146798,0.98183941948532,FALSE,0.0658998182325105,0.149630594028861,-0.0210412248718821,0.0459408917533542,0.0011655483443214,-0.000221064550125014,0.00341535748424114,"H00",0,0
"pathway_0984",-0.019874667557108,-0.0298162420167015,0.198966110885161,0.0603352890217223,0.211548583925142,0.644845181130211,0.135879260975563,0.0077269739690845,0.992273026030915,FALSE,-0.0097600428937429,0.139665594290234,-0.00420892082483707,0.0248913503996935,-3.78329818026293e-05,3.24626598414819e-06,0.00115461279727565,"H00",0,0
"pathway_0985",0.849451967284195,0.0541160027212951,0.206757949980175,0.060401234085057,0.000573347052754709,0.891759662656365,0.00048515647942513,0.107181833811455,0.892818166188545,FALSE,0.646433822746953,0.192421664241926,0.00542436366057323,0.0250607937746364,0.000963595953588004,0.00447008809066201,0.0213666360122609,"H10",0.485538690054607,0
"pathway_0986",0.0599353921500157,0.0371159356491892,0.21232138216048,0.0505953200624553,0.202296539920189,0.663405028080155,0.126380678874254,0.0079177531254016,0.992082246874598,FALSE,0.0292915262891008,0.149872063169573,0.00492392103609515,0.0222701489752189,-0.000128472606332989,1.57565561412485e-05,0.0011988919153597,"H00",0,0
"pathway_0987",0.338909036902801,-0.014330253222188,0.204641640478551,0.0527343258572491,0.0981749440953199,0.839633284661703,0.0507928751668687,0.0113988960761086,0.988601103923892,FALSE,0.214303600640795,0.186006687089446,-0.000888109199872963,0.0135097329369722,0.000132813615257139,-5.75113840378531e-05,0.00226537876561914,"H10",0.525548856909,0
"pathway_0988",-0.225076420181439,-0.350559729082452,0.21141104443737,0.0577935588623845,2.28037515836659e-08,1.09351878827875e-07,0.917680844789156,0.0823190230552139,0.917680976944786,FALSE,-0.0170754756056973,0.08278171998658,-0.345014070707924,0.0573425775550982,-4.67198096633622e-05,0.00584455953833214,0.0287444533487946,"H01",0,-0.434271089657579
"pathway_0989",-0.102879690377411,-0.0973049950849222,0.213065251851301,0.0625272827391717,0.152840713755483,0.531163981570419,0.296187324875125,0.019807979798973,0.980192020201027,FALSE,-0.0414801037340597,0.140526750566589,-0.0301821546429287,0.0564345459140319,-0.00107280508696325,0.000179153818542867,0.00367415791446051,"H00",0,0
"pathway_0990",0.0168100562104687,-0.874043879992204,0.200177404893462,0.0598984298053398,5.67475811401224e-46,1.73575079314022e-45,0.967934747216171,0.0320652527838286,0.967934747216171,FALSE,0.00145757127412447,0.0363995393134857,-0.859576863881213,0.0594059595068329,2.58291008830495e-06,-0.00125031163460695,0.0312125951434386,"H01",0,-0.916441787339023
"pathway_0991",0.335258215117385,-0.653250563717404,0.202984076032282,0.0599596267851928,6.587253583722e-26,5.59308295812951e-25,0.838089727649065,0.161910272350935,0.838089727649065,FALSE,0.0568373279124381,0.152526664342353,-0.64213112671131,0.059446423944252,9.61121348854108e-05,-0.0364009052767886,0.0981905266186873,"H11",0.472570116107968,-0.617047429371154
"pathway_0992",0.186758884351212,-0.858799562089107,0.203048837996896,0.0568439537584573,2.59167288850004e-49,1.09401492259882e-48,0.944984012294837,0.0550159877051628,0.944984012294837,FALSE,0.0116899013603063,0.0676145401583287,-0.845909255998171,0.056420686444272,3.33500688719044e-05,-0.00985524569351679,0.0571355490573975,"H01",0,-0.84941847874518
"pathway_0993",0.0545669981674467,0.0806564882871824,0.212724509633329,0.0603015858403884,0.174690009020654,0.570765705021056,0.239695148561355,0.0148491373969354,0.985150862603065,FALSE,0.0233135616026612,0.140560146383671,0.0201809515051998,0.0458549453401928,-0.000413581042807677,5.6908813309118e-05,0.00259795887608115,"H00",0,0
"pathway_0994",0.32751144914455,-0.940063059569222,0.207196415138568,0.0598567148668065,3.22640591472036e-53,2.5290344318848e-52,0.8805249374334,0.1194750625666,0.8805249374334,FALSE,0.0423263601738025,0.135017128116437,-0.924209213739177,0.0593599225240193,0.000131908132279805,-0.0389865039243914,0.124671555747225,"H11",0.481785912475238,-0.942717248258794
"pathway_0995",-0.230242227073255,-0.0443809567696898,0.220643650178585,0.0588553103334773,0.150762262192449,0.726653777564756,0.110865490744245,0.0117184694985498,0.98828153050145,FALSE,-0.121358965119775,0.175861289155097,-0.00534392847811167,0.0249421617406758,-0.000538205728714086,0.00011032790106364,0.00242662882116749,"H00",0,0
"pathway_0996",0.0699445852852639,-0.0279587766659879,0.207474986569283,0.0592374290272176,0.202862151327899,0.662592511079183,0.126633341933606,0.00791199565931115,0.992088004340689,FALSE,0.0345846026829627,0.147885528171658,-0.00370186874481246,0.0235067091419901,0.000111873081028377,-1.61545786954396e-05,0.00125219204038445,"H00",0,0
"pathway_0997",-0.354554754583578,0.0330952232196872,0.226343504895843,0.0563474504537686,0.103854762997674,0.816505116484815,0.0655552263409621,0.0140848941765495,0.98591510582345,FALSE,-0.207294615290841,0.197118368745192,0.00260832028816916,0.0180999519425301,0.000375380788836762,-0.00016530996185456,0.00319879282062249,"H00",0,0
"pathway_0998",-0.0435901275301833,0.0489369892844573,0.201582797836495,0.0573670865658177,0.202356427715549,0.631465385100599,0.156959744289368,0.00921844289448416,0.990781557105516,FALSE,-0.0209284498104291,0.140509165622674,0.00800875454526671,0.0293316170770433,0.000146905892828076,-2.07049247165846e-05,0.00146427348131349,"H00",0,0
"pathway_0999",0.937063191057181,-0.689342876237546,0.216567421392246,0.0518918540949888,4.11812344295436e-41,1.09840324628218e-37,0.00142122844798494,0.998578771552015,0.00142122844798494,TRUE,0.941990620165473,0.216960369769837,-0.680192992856544,0.0514671358248006,-0.000103662162811879,-0.640839081335957,0.156165813339834,"H11",0.516457058097856,-0.699187405913054
"pathway_1000",0.587337688406532,-0.63719918309243,0.208721645525561,0.0588882378184134,4.37986964884911e-26,2.50114118026765e-24,0.25587277870597,0.74412722129403,0.25587277870597,FALSE,0.445223289385247,0.316098586352998,-0.625952169038023,0.058311706212655,8.31557429655794e-05,-0.278605327953973,0.200498817081393,"H11",0.508209352484356,-0.597959995194226
