"case_id","method","status","warning","error","elapsed_seconds","cached"
"linear_sparse_n300_t01_r0001","HDMT","ok","ties should not be present for the one-sample Kolmogorov-Smirnov test","",0.05,FALSE
"linear_sparse_n300_t01_r0001","MDACT","ok","ties should not be present for the one-sample Kolmogorov-Smirnov test","",0.0900000000000001,FALSE
"linear_sparse_n300_t01_r0001","MLFDR","ok","","",0.78,FALSE
"confounded_sparse_n300_t01_r0001","HDMT","ok","ties should not be present for the one-sample Kolmogorov-Smirnov test","",0.0300000000000002,FALSE
"confounded_sparse_n300_t01_r0001","MDACT","ok","ties should not be present for the one-sample Kolmogorov-Smirnov test","",0.13,FALSE
"confounded_sparse_n300_t01_r0001","MLFDR","ok","","",1.67,FALSE
"binary_sparse_n300_t01_r0001","HDMT","ok","","",0.0899999999999999,FALSE
"binary_sparse_n300_t01_r0001","MDACT","ok","","",0.14,FALSE
"binary_sparse_n300_t01_r0001","MLFDR","ok","","",0.39,FALSE
"linear_dense_n300_t01_r0001","HDMT","ok","ties should not be present for the one-sample Kolmogorov-Smirnov test","",0.03,FALSE
"linear_dense_n300_t01_r0001","MDACT","ok","ties should not be present for the one-sample Kolmogorov-Smirnov test","",0.11,FALSE
"linear_dense_n300_t01_r0001","MLFDR","ok","","",0.58,FALSE
"confounded_dense_n300_t01_r0001","HDMT","ok","ties should not be present for the one-sample Kolmogorov-Smirnov test","",0.03,FALSE
"confounded_dense_n300_t01_r0001","MDACT","ok","ties should not be present for the one-sample Kolmogorov-Smirnov test","",0.14,FALSE
"confounded_dense_n300_t01_r0001","MLFDR","ok","","",0.35,FALSE
"binary_dense_n300_t01_r0001","HDMT","ok","","",0.0899999999999999,FALSE
"binary_dense_n300_t01_r0001","MDACT","ok","","",0.12,FALSE
"binary_dense_n300_t01_r0001","MLFDR","ok","","",0.45,FALSE
"linear_sparse_n300_t02_r0001","HDMT","ok","ties should not be present for the one-sample Kolmogorov-Smirnov test","",0.0100000000000002,FALSE
"linear_sparse_n300_t02_r0001","MDACT","ok","ties should not be present for the one-sample Kolmogorov-Smirnov test","",0.0500000000000003,FALSE
"linear_sparse_n300_t02_r0001","MLFDR","ok","","",0.17,FALSE
"confounded_sparse_n300_t02_r0001","HDMT","ok","ties should not be present for the one-sample Kolmogorov-Smirnov test","",0.0100000000000002,FALSE
"confounded_sparse_n300_t02_r0001","MDACT","ok","ties should not be present for the one-sample Kolmogorov-Smirnov test","",0.0499999999999998,FALSE
"confounded_sparse_n300_t02_r0001","MLFDR","ok","","",0.39,FALSE
"binary_sparse_n300_t02_r0001","HDMT","ok","","",0.0300000000000002,FALSE
"binary_sparse_n300_t02_r0001","MDACT","ok","","",0.0700000000000003,FALSE
"binary_sparse_n300_t02_r0001","MLFDR","ok","","",0.36,FALSE
"linear_dense_n300_t02_r0001","HDMT","ok","ties should not be present for the one-sample Kolmogorov-Smirnov test","",0.02,FALSE
"linear_dense_n300_t02_r0001","MDACT","ok","ties should not be present for the one-sample Kolmogorov-Smirnov test","",0.1,FALSE
"linear_dense_n300_t02_r0001","MLFDR","ok","","",0.17,FALSE
"confounded_dense_n300_t02_r0001","HDMT","ok","ties should not be present for the one-sample Kolmogorov-Smirnov test","",0.0299999999999998,FALSE
"confounded_dense_n300_t02_r0001","MDACT","ok","ties should not be present for the one-sample Kolmogorov-Smirnov test","",0.12,FALSE
"confounded_dense_n300_t02_r0001","MLFDR","ok","","",0.19,FALSE
"binary_dense_n300_t02_r0001","HDMT","ok","","",0.0300000000000002,FALSE
"binary_dense_n300_t02_r0001","MDACT","ok","","",0.04,FALSE
"binary_dense_n300_t02_r0001","MLFDR","ok","","",0.19,FALSE
"linear_sparse_n300_t03_r0001","HDMT","ok","ties should not be present for the one-sample Kolmogorov-Smirnov test","",0.04,FALSE
"linear_sparse_n300_t03_r0001","MDACT","ok","ties should not be present for the one-sample Kolmogorov-Smirnov test","",0.0499999999999998,FALSE
"linear_sparse_n300_t03_r0001","MLFDR","ok","","",0.11,FALSE
"confounded_sparse_n300_t03_r0001","HDMT","ok","ties should not be present for the one-sample Kolmogorov-Smirnov test","",0.00999999999999979,FALSE
"confounded_sparse_n300_t03_r0001","MDACT","ok","ties should not be present for the one-sample Kolmogorov-Smirnov test","",0.0800000000000001,FALSE
"confounded_sparse_n300_t03_r0001","MLFDR","ok","","",0.0899999999999999,FALSE
"binary_sparse_n300_t03_r0001","HDMT","ok","","",0.00999999999999979,FALSE
"binary_sparse_n300_t03_r0001","MDACT","ok","","",0.04,FALSE
"binary_sparse_n300_t03_r0001","MLFDR","ok","","",0.22,FALSE
"linear_dense_n300_t03_r0001","HDMT","ok","ties should not be present for the one-sample Kolmogorov-Smirnov test","",0.04,FALSE
"linear_dense_n300_t03_r0001","MDACT","ok","ties should not be present for the one-sample Kolmogorov-Smirnov test","",0.0499999999999998,FALSE
"linear_dense_n300_t03_r0001","MLFDR","ok","","",0.16,FALSE
"confounded_dense_n300_t03_r0001","HDMT","ok","ties should not be present for the one-sample Kolmogorov-Smirnov test","",0.0299999999999994,FALSE
"confounded_dense_n300_t03_r0001","MDACT","ok","ties should not be present for the one-sample Kolmogorov-Smirnov test","",0.0499999999999998,FALSE
"confounded_dense_n300_t03_r0001","MLFDR","ok","","",0.140000000000001,FALSE
"binary_dense_n300_t03_r0001","HDMT","ok","","",0.0100000000000007,FALSE
"binary_dense_n300_t03_r0001","MDACT","ok","","",0.0500000000000007,FALSE
"binary_dense_n300_t03_r0001","MLFDR","ok","","",0.18,FALSE
"linear_sparse_n300_t01_r0002","HDMT","ok","ties should not be present for the one-sample Kolmogorov-Smirnov test","",0.00999999999999979,FALSE
"linear_sparse_n300_t01_r0002","MDACT","ok","ties should not be present for the one-sample Kolmogorov-Smirnov test","",0.0300000000000002,FALSE
"linear_sparse_n300_t01_r0002","MLFDR","ok","","",0.359999999999999,FALSE
"confounded_sparse_n300_t01_r0002","HDMT","ok","ties should not be present for the one-sample Kolmogorov-Smirnov test","",0.04,FALSE
"confounded_sparse_n300_t01_r0002","MDACT","ok","ties should not be present for the one-sample Kolmogorov-Smirnov test","",0.0499999999999998,FALSE
"confounded_sparse_n300_t01_r0002","MLFDR","ok","","",0.279999999999999,FALSE
"binary_sparse_n300_t01_r0002","HDMT","ok","","",0.0300000000000002,FALSE
"binary_sparse_n300_t01_r0002","MDACT","ok","","",0.0300000000000002,FALSE
"binary_sparse_n300_t01_r0002","MLFDR","ok","","",1.3,FALSE
"linear_dense_n300_t01_r0002","HDMT","ok","ties should not be present for the one-sample Kolmogorov-Smirnov test","",0.0100000000000007,FALSE
"linear_dense_n300_t01_r0002","MDACT","ok","ties should not be present for the one-sample Kolmogorov-Smirnov test","",0.0500000000000007,FALSE
"linear_dense_n300_t01_r0002","MLFDR","ok","","",0.48,FALSE
"confounded_dense_n300_t01_r0002","HDMT","ok","ties should not be present for the one-sample Kolmogorov-Smirnov test","",0.00999999999999979,FALSE
"confounded_dense_n300_t01_r0002","MDACT","ok","ties should not be present for the one-sample Kolmogorov-Smirnov test","",0.0499999999999998,FALSE
"confounded_dense_n300_t01_r0002","MLFDR","ok","","",0.5,FALSE
"binary_dense_n300_t01_r0002","HDMT","ok","","",0.00999999999999979,FALSE
"binary_dense_n300_t01_r0002","MDACT","ok","","",0.0300000000000011,FALSE
"binary_dense_n300_t01_r0002","MLFDR","ok","","",0.41,FALSE
"linear_sparse_n300_t02_r0002","HDMT","ok","ties should not be present for the one-sample Kolmogorov-Smirnov test","",0.0199999999999996,FALSE
"linear_sparse_n300_t02_r0002","MDACT","ok","ties should not be present for the one-sample Kolmogorov-Smirnov test","",0.0399999999999991,FALSE
"linear_sparse_n300_t02_r0002","MLFDR","ok","","",0.109999999999999,FALSE
"confounded_sparse_n300_t02_r0002","HDMT","ok","ties should not be present for the one-sample Kolmogorov-Smirnov test","",0.0199999999999996,FALSE
"confounded_sparse_n300_t02_r0002","MDACT","ok","ties should not be present for the one-sample Kolmogorov-Smirnov test","",0.0300000000000011,FALSE
"confounded_sparse_n300_t02_r0002","MLFDR","ok","","",0.300000000000001,FALSE
"binary_sparse_n300_t02_r0002","HDMT","ok","","",0.0199999999999996,FALSE
"binary_sparse_n300_t02_r0002","MDACT","ok","","",0.0500000000000007,FALSE
"binary_sparse_n300_t02_r0002","MLFDR","ok","","",0.460000000000001,FALSE
"linear_dense_n300_t02_r0002","HDMT","ok","ties should not be present for the one-sample Kolmogorov-Smirnov test","",0.0199999999999996,FALSE
"linear_dense_n300_t02_r0002","MDACT","ok","ties should not be present for the one-sample Kolmogorov-Smirnov test","",0.0500000000000007,FALSE
"linear_dense_n300_t02_r0002","MLFDR","ok","","",0.200000000000001,FALSE
"confounded_dense_n300_t02_r0002","HDMT","ok","ties should not be present for the one-sample Kolmogorov-Smirnov test","",0.0199999999999996,FALSE
"confounded_dense_n300_t02_r0002","MDACT","ok","ties should not be present for the one-sample Kolmogorov-Smirnov test","",0.0500000000000007,FALSE
"confounded_dense_n300_t02_r0002","MLFDR","ok","","",0.280000000000001,FALSE
"binary_dense_n300_t02_r0002","HDMT","ok","","",0.0299999999999994,FALSE
"binary_dense_n300_t02_r0002","MDACT","ok","","",0.0499999999999989,FALSE
"binary_dense_n300_t02_r0002","MLFDR","ok","","",0.210000000000001,FALSE
"linear_sparse_n300_t03_r0002","HDMT","ok","ties should not be present for the one-sample Kolmogorov-Smirnov test","",0.0299999999999994,FALSE
"linear_sparse_n300_t03_r0002","MDACT","ok","ties should not be present for the one-sample Kolmogorov-Smirnov test","",0.0300000000000011,FALSE
"linear_sparse_n300_t03_r0002","MLFDR","ok","","",0.17,FALSE
"confounded_sparse_n300_t03_r0002","HDMT","ok","ties should not be present for the one-sample Kolmogorov-Smirnov test","",0.0199999999999996,FALSE
"confounded_sparse_n300_t03_r0002","MDACT","ok","ties should not be present for the one-sample Kolmogorov-Smirnov test","",0.0500000000000007,FALSE
"confounded_sparse_n300_t03_r0002","MLFDR","ok","","",0.44,FALSE
"binary_sparse_n300_t03_r0002","HDMT","ok","","",0.0300000000000011,FALSE
"binary_sparse_n300_t03_r0002","MDACT","ok","","",0.0299999999999994,FALSE
"binary_sparse_n300_t03_r0002","MLFDR","ok","","",0.210000000000001,FALSE
"linear_dense_n300_t03_r0002","HDMT","ok","ties should not be present for the one-sample Kolmogorov-Smirnov test","",0.0400000000000009,FALSE
"linear_dense_n300_t03_r0002","MDACT","ok","ties should not be present for the one-sample Kolmogorov-Smirnov test","",0.0499999999999989,FALSE
"linear_dense_n300_t03_r0002","MLFDR","ok","","",0.109999999999999,FALSE
"confounded_dense_n300_t03_r0002","HDMT","ok","ties should not be present for the one-sample Kolmogorov-Smirnov test","",0.0199999999999996,FALSE
"confounded_dense_n300_t03_r0002","MDACT","ok","ties should not be present for the one-sample Kolmogorov-Smirnov test","",0.0299999999999994,FALSE
"confounded_dense_n300_t03_r0002","MLFDR","ok","","",0.100000000000001,FALSE
"binary_dense_n300_t03_r0002","HDMT","ok","","",0.0300000000000011,FALSE
"binary_dense_n300_t03_r0002","MDACT","ok","","",0.0499999999999989,FALSE
"binary_dense_n300_t03_r0002","MLFDR","ok","","",0.190000000000001,FALSE
"linear_sparse_n300_t01_r0003","HDMT","ok","ties should not be present for the one-sample Kolmogorov-Smirnov test","",0.0299999999999994,FALSE
"linear_sparse_n300_t01_r0003","MDACT","ok","ties should not be present for the one-sample Kolmogorov-Smirnov test","",0.0300000000000011,FALSE
"linear_sparse_n300_t01_r0003","MLFDR","ok","","",0.34,FALSE
"confounded_sparse_n300_t01_r0003","HDMT","ok","ties should not be present for the one-sample Kolmogorov-Smirnov test","",0.0800000000000001,FALSE
"confounded_sparse_n300_t01_r0003","MDACT","ok","ties should not be present for the one-sample Kolmogorov-Smirnov test","",0.0500000000000007,FALSE
"confounded_sparse_n300_t01_r0003","MLFDR","ok","","",0.25,FALSE
"binary_sparse_n300_t01_r0003","HDMT","ok","","",0.0299999999999994,FALSE
"binary_sparse_n300_t01_r0003","MDACT","ok","","",0.0500000000000007,FALSE
"binary_sparse_n300_t01_r0003","MLFDR","ok","","",0.31,FALSE
"linear_dense_n300_t01_r0003","HDMT","ok","ties should not be present for the one-sample Kolmogorov-Smirnov test","",0.0299999999999994,FALSE
"linear_dense_n300_t01_r0003","MDACT","ok","ties should not be present for the one-sample Kolmogorov-Smirnov test","",0.0399999999999991,FALSE
"linear_dense_n300_t01_r0003","MLFDR","ok","","",0.33,FALSE
"confounded_dense_n300_t01_r0003","HDMT","ok","ties should not be present for the one-sample Kolmogorov-Smirnov test","",0.0400000000000009,FALSE
"confounded_dense_n300_t01_r0003","MDACT","ok","ties should not be present for the one-sample Kolmogorov-Smirnov test","",0.0299999999999994,FALSE
"confounded_dense_n300_t01_r0003","MLFDR","ok","","",0.559999999999999,FALSE
"binary_dense_n300_t01_r0003","HDMT","ok","","",0.0300000000000011,FALSE
"binary_dense_n300_t01_r0003","MDACT","ok","","",0.0599999999999987,FALSE
"binary_dense_n300_t01_r0003","MLFDR","ok","","",0.389999999999999,FALSE
"linear_sparse_n300_t02_r0003","HDMT","ok","ties should not be present for the one-sample Kolmogorov-Smirnov test","",0.0199999999999996,FALSE
"linear_sparse_n300_t02_r0003","MDACT","ok","ties should not be present for the one-sample Kolmogorov-Smirnov test","",0.0299999999999994,FALSE
"linear_sparse_n300_t02_r0003","MLFDR","ok","","",0.110000000000001,FALSE
"confounded_sparse_n300_t02_r0003","HDMT","ok","ties should not be present for the one-sample Kolmogorov-Smirnov test","",0.0300000000000011,FALSE
"confounded_sparse_n300_t02_r0003","MDACT","ok","ties should not be present for the one-sample Kolmogorov-Smirnov test","",0.0299999999999994,FALSE
"confounded_sparse_n300_t02_r0003","MLFDR","ok","","",0.129999999999999,FALSE
"binary_sparse_n300_t02_r0003","HDMT","ok","","",0.00999999999999979,FALSE
"binary_sparse_n300_t02_r0003","MDACT","ok","","",0.0299999999999994,FALSE
"binary_sparse_n300_t02_r0003","MLFDR","ok","","",0.170000000000002,FALSE
"linear_dense_n300_t02_r0003","HDMT","ok","ties should not be present for the one-sample Kolmogorov-Smirnov test","",0.00999999999999979,FALSE
"linear_dense_n300_t02_r0003","MDACT","ok","ties should not be present for the one-sample Kolmogorov-Smirnov test","",0.0500000000000007,FALSE
"linear_dense_n300_t02_r0003","MLFDR","ok","","",0.289999999999999,FALSE
"confounded_dense_n300_t02_r0003","HDMT","ok","ties should not be present for the one-sample Kolmogorov-Smirnov test","",0.0199999999999996,FALSE
"confounded_dense_n300_t02_r0003","MDACT","ok","ties should not be present for the one-sample Kolmogorov-Smirnov test","",0.0500000000000007,FALSE
"confounded_dense_n300_t02_r0003","MLFDR","ok","","",0.16,FALSE
"binary_dense_n300_t02_r0003","HDMT","ok","","",0.0399999999999991,FALSE
"binary_dense_n300_t02_r0003","MDACT","ok","","",0.0499999999999972,FALSE
"binary_dense_n300_t02_r0003","MLFDR","ok","","",0.120000000000001,FALSE
"linear_sparse_n300_t03_r0003","HDMT","ok","ties should not be present for the one-sample Kolmogorov-Smirnov test","",0.0200000000000031,FALSE
"linear_sparse_n300_t03_r0003","MDACT","ok","ties should not be present for the one-sample Kolmogorov-Smirnov test","",0.0300000000000011,FALSE
"linear_sparse_n300_t03_r0003","MLFDR","ok","","",0.0799999999999983,FALSE
"confounded_sparse_n300_t03_r0003","HDMT","ok","ties should not be present for the one-sample Kolmogorov-Smirnov test","",0.0299999999999976,FALSE
"confounded_sparse_n300_t03_r0003","MDACT","ok","ties should not be present for the one-sample Kolmogorov-Smirnov test","",0.0500000000000007,FALSE
"confounded_sparse_n300_t03_r0003","MLFDR","ok","","",0.140000000000001,FALSE
"binary_sparse_n300_t03_r0003","HDMT","ok","","",0.0199999999999996,FALSE
"binary_sparse_n300_t03_r0003","MDACT","ok","","",0.0600000000000023,FALSE
"binary_sparse_n300_t03_r0003","MLFDR","ok","","",0.16,FALSE
"linear_dense_n300_t03_r0003","HDMT","ok","ties should not be present for the one-sample Kolmogorov-Smirnov test","",0.0299999999999976,FALSE
"linear_dense_n300_t03_r0003","MDACT","ok","ties should not be present for the one-sample Kolmogorov-Smirnov test","",0.0399999999999991,FALSE
"linear_dense_n300_t03_r0003","MLFDR","ok","","",0.18,FALSE
"confounded_dense_n300_t03_r0003","HDMT","ok","ties should not be present for the one-sample Kolmogorov-Smirnov test","",0.0299999999999976,FALSE
"confounded_dense_n300_t03_r0003","MDACT","ok","ties should not be present for the one-sample Kolmogorov-Smirnov test","",0.0400000000000027,FALSE
"confounded_dense_n300_t03_r0003","MLFDR","ok","","",0.149999999999999,FALSE
"binary_dense_n300_t03_r0003","HDMT","ok","","",0.0300000000000011,FALSE
"binary_dense_n300_t03_r0003","MDACT","ok","","",0.0399999999999991,FALSE
"binary_dense_n300_t03_r0003","MLFDR","ok","","",0.140000000000001,FALSE
"linear_sparse_n300_t01_r0004","HDMT","ok","ties should not be present for the one-sample Kolmogorov-Smirnov test","",0.0100000000000016,FALSE
"linear_sparse_n300_t01_r0004","MDACT","ok","ties should not be present for the one-sample Kolmogorov-Smirnov test","",0.0299999999999976,FALSE
"linear_sparse_n300_t01_r0004","MLFDR","ok","","",0.260000000000002,FALSE
"confounded_sparse_n300_t01_r0004","HDMT","ok","ties should not be present for the one-sample Kolmogorov-Smirnov test","",0.00999999999999801,FALSE
"confounded_sparse_n300_t01_r0004","MDACT","ok","ties should not be present for the one-sample Kolmogorov-Smirnov test","",0.0300000000000011,FALSE
"confounded_sparse_n300_t01_r0004","MLFDR","ok","","",0.489999999999998,FALSE
"binary_sparse_n300_t01_r0004","HDMT","ok","","",0.0300000000000011,FALSE
"binary_sparse_n300_t01_r0004","MDACT","ok","","",0.0399999999999991,FALSE
"binary_sparse_n300_t01_r0004","MLFDR","ok","","",1.7,FALSE
"linear_dense_n300_t01_r0004","HDMT","ok","ties should not be present for the one-sample Kolmogorov-Smirnov test","",0.0199999999999996,FALSE
"linear_dense_n300_t01_r0004","MDACT","ok","ties should not be present for the one-sample Kolmogorov-Smirnov test","",0.0500000000000007,FALSE
"linear_dense_n300_t01_r0004","MLFDR","ok","","",0.380000000000003,FALSE
"confounded_dense_n300_t01_r0004","HDMT","ok","ties should not be present for the one-sample Kolmogorov-Smirnov test","",0.0299999999999976,FALSE
"confounded_dense_n300_t01_r0004","MDACT","ok","ties should not be present for the one-sample Kolmogorov-Smirnov test","",0.0500000000000007,FALSE
"confounded_dense_n300_t01_r0004","MLFDR","ok","","",0.449999999999999,FALSE
"binary_dense_n300_t01_r0004","HDMT","ok","","",0.0300000000000011,FALSE
"binary_dense_n300_t01_r0004","MDACT","ok","","",0.0500000000000007,FALSE
"binary_dense_n300_t01_r0004","MLFDR","ok","","",0.560000000000002,FALSE
"linear_sparse_n300_t02_r0004","HDMT","ok","ties should not be present for the one-sample Kolmogorov-Smirnov test","",0.0399999999999991,FALSE
"linear_sparse_n300_t02_r0004","MDACT","ok","ties should not be present for the one-sample Kolmogorov-Smirnov test","",0.0299999999999976,FALSE
"linear_sparse_n300_t02_r0004","MLFDR","ok","","",0.25,FALSE
"confounded_sparse_n300_t02_r0004","HDMT","ok","ties should not be present for the one-sample Kolmogorov-Smirnov test","",0.0199999999999996,FALSE
"confounded_sparse_n300_t02_r0004","MDACT","ok","ties should not be present for the one-sample Kolmogorov-Smirnov test","",0.0300000000000011,FALSE
"confounded_sparse_n300_t02_r0004","MLFDR","ok","","",0.390000000000001,FALSE
"binary_sparse_n300_t02_r0004","HDMT","ok","","",0.0199999999999996,FALSE
"binary_sparse_n300_t02_r0004","MDACT","ok","","",0.0300000000000011,FALSE
"binary_sparse_n300_t02_r0004","MLFDR","ok","","",0.32,FALSE
"linear_dense_n300_t02_r0004","HDMT","ok","ties should not be present for the one-sample Kolmogorov-Smirnov test","",0.0199999999999996,FALSE
"linear_dense_n300_t02_r0004","MDACT","ok","ties should not be present for the one-sample Kolmogorov-Smirnov test","",0.0500000000000007,FALSE
"linear_dense_n300_t02_r0004","MLFDR","ok","","",0.440000000000001,FALSE
"confounded_dense_n300_t02_r0004","HDMT","ok","ties should not be present for the one-sample Kolmogorov-Smirnov test","",0.0300000000000011,FALSE
"confounded_dense_n300_t02_r0004","MDACT","ok","ties should not be present for the one-sample Kolmogorov-Smirnov test","",0.0500000000000007,FALSE
"confounded_dense_n300_t02_r0004","MLFDR","ok","","",0.140000000000001,FALSE
"binary_dense_n300_t02_r0004","HDMT","ok","","",0.0100000000000016,FALSE
"binary_dense_n300_t02_r0004","MDACT","ok","","",0.0500000000000007,FALSE
"binary_dense_n300_t02_r0004","MLFDR","ok","","",0.280000000000001,FALSE
"linear_sparse_n300_t03_r0004","HDMT","ok","ties should not be present for the one-sample Kolmogorov-Smirnov test","",0.0299999999999976,FALSE
"linear_sparse_n300_t03_r0004","MDACT","ok","ties should not be present for the one-sample Kolmogorov-Smirnov test","",0.0500000000000007,FALSE
"linear_sparse_n300_t03_r0004","MLFDR","ok","","",0.149999999999999,FALSE
"confounded_sparse_n300_t03_r0004","HDMT","ok","ties should not be present for the one-sample Kolmogorov-Smirnov test","",0.0199999999999996,FALSE
"confounded_sparse_n300_t03_r0004","MDACT","ok","ties should not be present for the one-sample Kolmogorov-Smirnov test","",0.0300000000000011,FALSE
"confounded_sparse_n300_t03_r0004","MLFDR","ok","","",0.239999999999998,FALSE
"binary_sparse_n300_t03_r0004","HDMT","ok","","",0.0100000000000016,FALSE
"binary_sparse_n300_t03_r0004","MDACT","ok","","",0.0299999999999976,FALSE
"binary_sparse_n300_t03_r0004","MLFDR","ok","","",0.18,FALSE
"linear_dense_n300_t03_r0004","HDMT","ok","ties should not be present for the one-sample Kolmogorov-Smirnov test","",0.0300000000000011,FALSE
"linear_dense_n300_t03_r0004","MDACT","ok","ties should not be present for the one-sample Kolmogorov-Smirnov test","",0.0500000000000007,FALSE
"linear_dense_n300_t03_r0004","MLFDR","ok","","",0.149999999999999,FALSE
"confounded_dense_n300_t03_r0004","HDMT","ok","ties should not be present for the one-sample Kolmogorov-Smirnov test","",0.0399999999999991,FALSE
"confounded_dense_n300_t03_r0004","MDACT","ok","ties should not be present for the one-sample Kolmogorov-Smirnov test","",0.0500000000000007,FALSE
"confounded_dense_n300_t03_r0004","MLFDR","ok","","",0.140000000000001,FALSE
"binary_dense_n300_t03_r0004","HDMT","ok","","",0.0199999999999996,FALSE
"binary_dense_n300_t03_r0004","MDACT","ok","","",0.0299999999999976,FALSE
"binary_dense_n300_t03_r0004","MLFDR","ok","","",0.129999999999999,FALSE
"linear_sparse_n300_t01_r0005","HDMT","ok","ties should not be present for the one-sample Kolmogorov-Smirnov test","",0.0300000000000011,FALSE
"linear_sparse_n300_t01_r0005","MDACT","ok","ties should not be present for the one-sample Kolmogorov-Smirnov test","",0.0500000000000007,FALSE
"linear_sparse_n300_t01_r0005","MLFDR","ok","","",0.640000000000001,FALSE
"confounded_sparse_n300_t01_r0005","HDMT","ok","ties should not be present for the one-sample Kolmogorov-Smirnov test","",0.0300000000000011,FALSE
"confounded_sparse_n300_t01_r0005","MDACT","ok","ties should not be present for the one-sample Kolmogorov-Smirnov test","",0.0299999999999976,FALSE
"confounded_sparse_n300_t01_r0005","MLFDR","ok","","",0.359999999999999,FALSE
"binary_sparse_n300_t01_r0005","HDMT","ok","","",0.0299999999999976,FALSE
"binary_sparse_n300_t01_r0005","MDACT","ok","","",0.0299999999999976,FALSE
"binary_sparse_n300_t01_r0005","MLFDR","ok","","",0.25,FALSE
"linear_dense_n300_t01_r0005","HDMT","ok","ties should not be present for the one-sample Kolmogorov-Smirnov test","",0.0300000000000011,FALSE
"linear_dense_n300_t01_r0005","MDACT","ok","ties should not be present for the one-sample Kolmogorov-Smirnov test","",0.0500000000000007,FALSE
"linear_dense_n300_t01_r0005","MLFDR","ok","","",0.419999999999998,FALSE
"confounded_dense_n300_t01_r0005","HDMT","ok","ties should not be present for the one-sample Kolmogorov-Smirnov test","",0.0299999999999976,FALSE
"confounded_dense_n300_t01_r0005","MDACT","ok","ties should not be present for the one-sample Kolmogorov-Smirnov test","",0.0300000000000011,FALSE
"confounded_dense_n300_t01_r0005","MLFDR","ok","","",0.640000000000001,FALSE
"binary_dense_n300_t01_r0005","HDMT","ok","","",0.00999999999999801,FALSE
"binary_dense_n300_t01_r0005","MDACT","ok","","",0.0600000000000023,FALSE
"binary_dense_n300_t01_r0005","MLFDR","ok","","",0.34,FALSE
"linear_sparse_n300_t02_r0005","HDMT","ok","ties should not be present for the one-sample Kolmogorov-Smirnov test","",0.0199999999999996,FALSE
"linear_sparse_n300_t02_r0005","MDACT","ok","ties should not be present for the one-sample Kolmogorov-Smirnov test","",0.0499999999999972,FALSE
"linear_sparse_n300_t02_r0005","MLFDR","ok","","",0.219999999999999,FALSE
"confounded_sparse_n300_t02_r0005","HDMT","ok","ties should not be present for the one-sample Kolmogorov-Smirnov test","",0.0399999999999991,FALSE
"confounded_sparse_n300_t02_r0005","MDACT","ok","ties should not be present for the one-sample Kolmogorov-Smirnov test","",0.0500000000000007,FALSE
"confounded_sparse_n300_t02_r0005","MLFDR","ok","","",0.210000000000001,FALSE
"binary_sparse_n300_t02_r0005","HDMT","ok","","",0.0199999999999996,FALSE
"binary_sparse_n300_t02_r0005","MDACT","ok","","",0.0500000000000007,FALSE
"binary_sparse_n300_t02_r0005","MLFDR","ok","","",0.619999999999997,FALSE
"linear_dense_n300_t02_r0005","HDMT","ok","ties should not be present for the one-sample Kolmogorov-Smirnov test","",0.0299999999999976,FALSE
"linear_dense_n300_t02_r0005","MDACT","ok","ties should not be present for the one-sample Kolmogorov-Smirnov test","",0.0399999999999991,FALSE
"linear_dense_n300_t02_r0005","MLFDR","ok","","",0.199999999999999,FALSE
"confounded_dense_n300_t02_r0005","HDMT","ok","ties should not be present for the one-sample Kolmogorov-Smirnov test","",0.0199999999999996,FALSE
"confounded_dense_n300_t02_r0005","MDACT","ok","ties should not be present for the one-sample Kolmogorov-Smirnov test","",0.0500000000000007,FALSE
"confounded_dense_n300_t02_r0005","MLFDR","ok","","",0.189999999999998,FALSE
"binary_dense_n300_t02_r0005","HDMT","ok","","",0.0600000000000023,FALSE
"binary_dense_n300_t02_r0005","MDACT","ok","","",0.0500000000000007,FALSE
"binary_dense_n300_t02_r0005","MLFDR","ok","","",0.110000000000003,FALSE
"linear_sparse_n300_t03_r0005","HDMT","ok","ties should not be present for the one-sample Kolmogorov-Smirnov test","",0.00999999999999801,FALSE
"linear_sparse_n300_t03_r0005","MDACT","ok","ties should not be present for the one-sample Kolmogorov-Smirnov test","",0.0300000000000011,FALSE
"linear_sparse_n300_t03_r0005","MLFDR","ok","","",0.149999999999999,FALSE
"confounded_sparse_n300_t03_r0005","HDMT","ok","ties should not be present for the one-sample Kolmogorov-Smirnov test","",0.0299999999999976,FALSE
"confounded_sparse_n300_t03_r0005","MDACT","ok","ties should not be present for the one-sample Kolmogorov-Smirnov test","",0.0399999999999991,FALSE
"confounded_sparse_n300_t03_r0005","MLFDR","ok","","",0.219999999999999,FALSE
"binary_sparse_n300_t03_r0005","HDMT","ok","","",0.0399999999999991,FALSE
"binary_sparse_n300_t03_r0005","MDACT","ok","","",0.0500000000000007,FALSE
"binary_sparse_n300_t03_r0005","MLFDR","ok","","",0.140000000000001,FALSE
"linear_dense_n300_t03_r0005","HDMT","ok","ties should not be present for the one-sample Kolmogorov-Smirnov test","",0.0300000000000011,FALSE
"linear_dense_n300_t03_r0005","MDACT","ok","ties should not be present for the one-sample Kolmogorov-Smirnov test","",0.0499999999999972,FALSE
"linear_dense_n300_t03_r0005","MLFDR","ok","","",0.139999999999997,FALSE
"confounded_dense_n300_t03_r0005","HDMT","ok","ties should not be present for the one-sample Kolmogorov-Smirnov test","",0.0300000000000011,FALSE
"confounded_dense_n300_t03_r0005","MDACT","ok","ties should not be present for the one-sample Kolmogorov-Smirnov test","",0.0500000000000007,FALSE
"confounded_dense_n300_t03_r0005","MLFDR","ok","","",0.18,FALSE
"binary_dense_n300_t03_r0005","HDMT","ok","","",0.0300000000000011,FALSE
"binary_dense_n300_t03_r0005","MDACT","ok","","",0.0300000000000011,FALSE
"binary_dense_n300_t03_r0005","MLFDR","ok","","",0.150000000000002,FALSE
"linear_sparse_n300_t01_r0006","HDMT","ok","ties should not be present for the one-sample Kolmogorov-Smirnov test","",0.00999999999999801,FALSE
"linear_sparse_n300_t01_r0006","MDACT","ok","ties should not be present for the one-sample Kolmogorov-Smirnov test","",0.0400000000000027,FALSE
"linear_sparse_n300_t01_r0006","MLFDR","ok","","",0.829999999999998,FALSE
"confounded_sparse_n300_t01_r0006","HDMT","ok","ties should not be present for the one-sample Kolmogorov-Smirnov test","",0.0299999999999976,FALSE
"confounded_sparse_n300_t01_r0006","MDACT","ok","ties should not be present for the one-sample Kolmogorov-Smirnov test","",0.0500000000000007,FALSE
"confounded_sparse_n300_t01_r0006","MLFDR","ok","","",0.690000000000001,FALSE
"binary_sparse_n300_t01_r0006","HDMT","ok","","",0.0200000000000031,FALSE
"binary_sparse_n300_t01_r0006","MDACT","ok","","",0.0500000000000043,FALSE
"binary_sparse_n300_t01_r0006","MLFDR","ok","","",0.519999999999996,FALSE
"linear_dense_n300_t01_r0006","HDMT","ok","ties should not be present for the one-sample Kolmogorov-Smirnov test","",0.0300000000000011,FALSE
"linear_dense_n300_t01_r0006","MDACT","ok","ties should not be present for the one-sample Kolmogorov-Smirnov test","",0.0399999999999991,FALSE
"linear_dense_n300_t01_r0006","MLFDR","ok","","",0.609999999999999,FALSE
"confounded_dense_n300_t01_r0006","HDMT","ok","ties should not be present for the one-sample Kolmogorov-Smirnov test","",0.0300000000000011,FALSE
"confounded_dense_n300_t01_r0006","MDACT","ok","ties should not be present for the one-sample Kolmogorov-Smirnov test","",0.0500000000000007,FALSE
"confounded_dense_n300_t01_r0006","MLFDR","ok","","",0.77,FALSE
"binary_dense_n300_t01_r0006","HDMT","ok","","",0.00999999999999801,FALSE
"binary_dense_n300_t01_r0006","MDACT","ok","","",0.0499999999999972,FALSE
"binary_dense_n300_t01_r0006","MLFDR","ok","","",0.43,FALSE
"linear_sparse_n300_t02_r0006","HDMT","ok","ties should not be present for the one-sample Kolmogorov-Smirnov test","",0.00999999999999801,FALSE
"linear_sparse_n300_t02_r0006","MDACT","ok","ties should not be present for the one-sample Kolmogorov-Smirnov test","",0.0499999999999972,FALSE
"linear_sparse_n300_t02_r0006","MLFDR","ok","","",0.149999999999999,FALSE
"confounded_sparse_n300_t02_r0006","HDMT","ok","ties should not be present for the one-sample Kolmogorov-Smirnov test","",0.0300000000000011,FALSE
"confounded_sparse_n300_t02_r0006","MDACT","ok","ties should not be present for the one-sample Kolmogorov-Smirnov test","",0.0300000000000011,FALSE
"confounded_sparse_n300_t02_r0006","MLFDR","ok","","",0.159999999999997,FALSE
"binary_sparse_n300_t02_r0006","HDMT","ok","","",0.0300000000000011,FALSE
"binary_sparse_n300_t02_r0006","MDACT","ok","","",0.0399999999999991,FALSE
"binary_sparse_n300_t02_r0006","MLFDR","ok","","",0.369999999999997,FALSE
"linear_dense_n300_t02_r0006","HDMT","ok","ties should not be present for the one-sample Kolmogorov-Smirnov test","",0.029999999999994,FALSE
"linear_dense_n300_t02_r0006","MDACT","ok","ties should not be present for the one-sample Kolmogorov-Smirnov test","",0.0900000000000034,FALSE
"linear_dense_n300_t02_r0006","MLFDR","ok","","",0.240000000000002,FALSE
"confounded_dense_n300_t02_r0006","HDMT","ok","ties should not be present for the one-sample Kolmogorov-Smirnov test","",0.0300000000000011,FALSE
"confounded_dense_n300_t02_r0006","MDACT","ok","ties should not be present for the one-sample Kolmogorov-Smirnov test","",0.0499999999999972,FALSE
"confounded_dense_n300_t02_r0006","MLFDR","ok","","",0.300000000000004,FALSE
"binary_dense_n300_t02_r0006","HDMT","ok","","",0.0300000000000011,FALSE
"binary_dense_n300_t02_r0006","MDACT","ok","","",0.0399999999999991,FALSE
"binary_dense_n300_t02_r0006","MLFDR","ok","","",0.269999999999996,FALSE
"linear_sparse_n300_t03_r0006","HDMT","ok","ties should not be present for the one-sample Kolmogorov-Smirnov test","",0.0300000000000011,FALSE
"linear_sparse_n300_t03_r0006","MDACT","ok","ties should not be present for the one-sample Kolmogorov-Smirnov test","",0.0500000000000043,FALSE
"linear_sparse_n300_t03_r0006","MLFDR","ok","","",0.130000000000003,FALSE
"confounded_sparse_n300_t03_r0006","HDMT","ok","ties should not be present for the one-sample Kolmogorov-Smirnov test","",0.029999999999994,FALSE
"confounded_sparse_n300_t03_r0006","MDACT","ok","ties should not be present for the one-sample Kolmogorov-Smirnov test","",0.0399999999999991,FALSE
"confounded_sparse_n300_t03_r0006","MLFDR","ok","","",0.109999999999999,FALSE
"binary_sparse_n300_t03_r0006","HDMT","ok","","",0.0200000000000031,FALSE
"binary_sparse_n300_t03_r0006","MDACT","ok","","",0.0499999999999972,FALSE
"binary_sparse_n300_t03_r0006","MLFDR","ok","","",0.100000000000001,FALSE
"linear_dense_n300_t03_r0006","HDMT","ok","ties should not be present for the one-sample Kolmogorov-Smirnov test","",0.0200000000000031,FALSE
"linear_dense_n300_t03_r0006","MDACT","ok","ties should not be present for the one-sample Kolmogorov-Smirnov test","",0.0499999999999972,FALSE
"linear_dense_n300_t03_r0006","MLFDR","ok","","",0.210000000000001,FALSE
"confounded_dense_n300_t03_r0006","HDMT","ok","ties should not be present for the one-sample Kolmogorov-Smirnov test","",0.0300000000000011,FALSE
"confounded_dense_n300_t03_r0006","MDACT","ok","ties should not be present for the one-sample Kolmogorov-Smirnov test","",0.0500000000000043,FALSE
"confounded_dense_n300_t03_r0006","MLFDR","ok","","",0.130000000000003,FALSE
"binary_dense_n300_t03_r0006","HDMT","ok","","",0.0200000000000031,FALSE
"binary_dense_n300_t03_r0006","MDACT","ok","","",0.0499999999999972,FALSE
"binary_dense_n300_t03_r0006","MLFDR","ok","","",0.109999999999999,FALSE
"linear_sparse_n300_t01_r0007","HDMT","ok","ties should not be present for the one-sample Kolmogorov-Smirnov test","",0.0300000000000011,FALSE
"linear_sparse_n300_t01_r0007","MDACT","ok","ties should not be present for the one-sample Kolmogorov-Smirnov test","",0.0399999999999991,FALSE
"linear_sparse_n300_t01_r0007","MLFDR","ok","","",0.340000000000003,FALSE
"confounded_sparse_n300_t01_r0007","HDMT","ok","ties should not be present for the one-sample Kolmogorov-Smirnov test","",0.029999999999994,FALSE
"confounded_sparse_n300_t01_r0007","MDACT","ok","ties should not be present for the one-sample Kolmogorov-Smirnov test","",0.0300000000000011,FALSE
"confounded_sparse_n300_t01_r0007","MLFDR","ok","","",1.19,FALSE
"binary_sparse_n300_t01_r0007","HDMT","ok","","",0.00999999999999801,FALSE
"binary_sparse_n300_t01_r0007","MDACT","ok","","",0.0499999999999972,FALSE
"binary_sparse_n300_t01_r0007","MLFDR","ok","","",1.36,FALSE
"linear_dense_n300_t01_r0007","HDMT","ok","ties should not be present for the one-sample Kolmogorov-Smirnov test","",0.0300000000000011,FALSE
"linear_dense_n300_t01_r0007","MDACT","ok","ties should not be present for the one-sample Kolmogorov-Smirnov test","",0.0300000000000011,FALSE
"linear_dense_n300_t01_r0007","MLFDR","ok","","",0.43,FALSE
"confounded_dense_n300_t01_r0007","HDMT","ok","ties should not be present for the one-sample Kolmogorov-Smirnov test","",0.0200000000000031,FALSE
"confounded_dense_n300_t01_r0007","MDACT","ok","ties should not be present for the one-sample Kolmogorov-Smirnov test","",0.0399999999999991,FALSE
"confounded_dense_n300_t01_r0007","MLFDR","ok","","",0.470000000000006,FALSE
"binary_dense_n300_t01_r0007","HDMT","ok","","",0.0300000000000011,FALSE
"binary_dense_n300_t01_r0007","MDACT","ok","","",0.0700000000000003,FALSE
"binary_dense_n300_t01_r0007","MLFDR","ok","","",0.439999999999998,FALSE
"linear_sparse_n300_t02_r0007","HDMT","ok","ties should not be present for the one-sample Kolmogorov-Smirnov test","",0.0200000000000031,FALSE
"linear_sparse_n300_t02_r0007","MDACT","ok","ties should not be present for the one-sample Kolmogorov-Smirnov test","",0.0300000000000011,FALSE
"linear_sparse_n300_t02_r0007","MLFDR","ok","","",0.160000000000004,FALSE
"confounded_sparse_n300_t02_r0007","HDMT","ok","ties should not be present for the one-sample Kolmogorov-Smirnov test","",0.0300000000000011,FALSE
"confounded_sparse_n300_t02_r0007","MDACT","ok","ties should not be present for the one-sample Kolmogorov-Smirnov test","",0.0300000000000011,FALSE
"confounded_sparse_n300_t02_r0007","MLFDR","ok","","",0.210000000000001,FALSE
"binary_sparse_n300_t02_r0007","HDMT","ok","","",0.00999999999999801,FALSE
"binary_sparse_n300_t02_r0007","MDACT","ok","","",0.0399999999999991,FALSE
"binary_sparse_n300_t02_r0007","MLFDR","ok","","",0.280000000000001,FALSE
"linear_dense_n300_t02_r0007","HDMT","ok","ties should not be present for the one-sample Kolmogorov-Smirnov test","",0.0200000000000031,FALSE
"linear_dense_n300_t02_r0007","MDACT","ok","ties should not be present for the one-sample Kolmogorov-Smirnov test","",0.0300000000000011,FALSE
"linear_dense_n300_t02_r0007","MLFDR","ok","","",0.170000000000002,FALSE
"confounded_dense_n300_t02_r0007","HDMT","ok","ties should not be present for the one-sample Kolmogorov-Smirnov test","",0.00999999999999801,FALSE
"confounded_dense_n300_t02_r0007","MDACT","ok","ties should not be present for the one-sample Kolmogorov-Smirnov test","",0.0300000000000011,FALSE
"confounded_dense_n300_t02_r0007","MLFDR","ok","","",0.160000000000004,FALSE
"binary_dense_n300_t02_r0007","HDMT","ok","","",0.0300000000000011,FALSE
"binary_dense_n300_t02_r0007","MDACT","ok","","",0.0499999999999972,FALSE
"binary_dense_n300_t02_r0007","MLFDR","ok","","",0.210000000000001,FALSE
"linear_sparse_n300_t03_r0007","HDMT","ok","ties should not be present for the one-sample Kolmogorov-Smirnov test","",0.0399999999999991,FALSE
"linear_sparse_n300_t03_r0007","MDACT","ok","ties should not be present for the one-sample Kolmogorov-Smirnov test","",0.0500000000000043,FALSE
"linear_sparse_n300_t03_r0007","MLFDR","ok","","",0.109999999999999,FALSE
"confounded_sparse_n300_t03_r0007","HDMT","ok","ties should not be present for the one-sample Kolmogorov-Smirnov test","",0.0300000000000011,FALSE
"confounded_sparse_n300_t03_r0007","MDACT","ok","ties should not be present for the one-sample Kolmogorov-Smirnov test","",0.0300000000000011,FALSE
"confounded_sparse_n300_t03_r0007","MLFDR","ok","","",0.359999999999999,FALSE
"binary_sparse_n300_t03_r0007","HDMT","ok","","",0.0300000000000011,FALSE
"binary_sparse_n300_t03_r0007","MDACT","ok","","",0.0399999999999991,FALSE
"binary_sparse_n300_t03_r0007","MLFDR","ok","","",0.219999999999999,FALSE
"linear_dense_n300_t03_r0007","HDMT","ok","ties should not be present for the one-sample Kolmogorov-Smirnov test","",0.0300000000000011,FALSE
"linear_dense_n300_t03_r0007","MDACT","ok","ties should not be present for the one-sample Kolmogorov-Smirnov test","",0.0399999999999991,FALSE
"linear_dense_n300_t03_r0007","MLFDR","ok","","",0.200000000000003,FALSE
"confounded_dense_n300_t03_r0007","HDMT","ok","ties should not be present for the one-sample Kolmogorov-Smirnov test","",0.0399999999999991,FALSE
"confounded_dense_n300_t03_r0007","MDACT","ok","ties should not be present for the one-sample Kolmogorov-Smirnov test","",0.0500000000000043,FALSE
"confounded_dense_n300_t03_r0007","MLFDR","ok","","",0.109999999999999,FALSE
"binary_dense_n300_t03_r0007","HDMT","ok","","",0.0300000000000011,FALSE
"binary_dense_n300_t03_r0007","MDACT","ok","","",0.0500000000000043,FALSE
"binary_dense_n300_t03_r0007","MLFDR","ok","","",0.119999999999997,FALSE
"linear_sparse_n300_t01_r0008","HDMT","ok","ties should not be present for the one-sample Kolmogorov-Smirnov test","",0.0300000000000011,FALSE
"linear_sparse_n300_t01_r0008","MDACT","ok","ties should not be present for the one-sample Kolmogorov-Smirnov test","",0.0300000000000011,FALSE
"linear_sparse_n300_t01_r0008","MLFDR","ok","","",0.520000000000003,FALSE
"confounded_sparse_n300_t01_r0008","HDMT","ok","ties should not be present for the one-sample Kolmogorov-Smirnov test","",0.019999999999996,FALSE
"confounded_sparse_n300_t01_r0008","MDACT","ok","ties should not be present for the one-sample Kolmogorov-Smirnov test","",0.0500000000000043,FALSE
"confounded_sparse_n300_t01_r0008","MLFDR","ok","","",0.390000000000001,FALSE
"binary_sparse_n300_t01_r0008","HDMT","ok","","",0.0300000000000011,FALSE
"binary_sparse_n300_t01_r0008","MDACT","ok","","",0.0399999999999991,FALSE
"binary_sparse_n300_t01_r0008","MLFDR","ok","","",0.450000000000003,FALSE
"linear_dense_n300_t01_r0008","HDMT","ok","ties should not be present for the one-sample Kolmogorov-Smirnov test","",0.0200000000000031,FALSE
"linear_dense_n300_t01_r0008","MDACT","ok","ties should not be present for the one-sample Kolmogorov-Smirnov test","",0.0500000000000043,FALSE
"linear_dense_n300_t01_r0008","MLFDR","ok","","",0.219999999999999,FALSE
"confounded_dense_n300_t01_r0008","HDMT","ok","ties should not be present for the one-sample Kolmogorov-Smirnov test","",0.0300000000000011,FALSE
"confounded_dense_n300_t01_r0008","MDACT","ok","ties should not be present for the one-sample Kolmogorov-Smirnov test","",0.0499999999999972,FALSE
"confounded_dense_n300_t01_r0008","MLFDR","ok","","",0.539999999999999,FALSE
"binary_dense_n300_t01_r0008","HDMT","ok","","",0.0300000000000011,FALSE
"binary_dense_n300_t01_r0008","MDACT","ok","","",0.0300000000000011,FALSE
"binary_dense_n300_t01_r0008","MLFDR","ok","","",0.359999999999999,FALSE
"linear_sparse_n300_t02_r0008","HDMT","ok","ties should not be present for the one-sample Kolmogorov-Smirnov test","",0.0300000000000011,FALSE
"linear_sparse_n300_t02_r0008","MDACT","ok","ties should not be present for the one-sample Kolmogorov-Smirnov test","",0.0399999999999991,FALSE
"linear_sparse_n300_t02_r0008","MLFDR","ok","","",0.159999999999997,FALSE
"confounded_sparse_n300_t02_r0008","HDMT","ok","ties should not be present for the one-sample Kolmogorov-Smirnov test","",0.0300000000000011,FALSE
"confounded_sparse_n300_t02_r0008","MDACT","ok","ties should not be present for the one-sample Kolmogorov-Smirnov test","",0.0300000000000011,FALSE
"confounded_sparse_n300_t02_r0008","MLFDR","ok","","",1.19,FALSE
"binary_sparse_n300_t02_r0008","HDMT","ok","","",0.0300000000000011,FALSE
"binary_sparse_n300_t02_r0008","MDACT","ok","","",0.0500000000000043,FALSE
"binary_sparse_n300_t02_r0008","MLFDR","ok","","",0.160000000000004,FALSE
"linear_dense_n300_t02_r0008","HDMT","ok","ties should not be present for the one-sample Kolmogorov-Smirnov test","",0.0200000000000031,FALSE
"linear_dense_n300_t02_r0008","MDACT","ok","ties should not be present for the one-sample Kolmogorov-Smirnov test","",0.0399999999999991,FALSE
"linear_dense_n300_t02_r0008","MLFDR","ok","","",0.359999999999999,FALSE
"confounded_dense_n300_t02_r0008","HDMT","ok","ties should not be present for the one-sample Kolmogorov-Smirnov test","",0.0300000000000011,FALSE
"confounded_dense_n300_t02_r0008","MDACT","ok","ties should not be present for the one-sample Kolmogorov-Smirnov test","",0.0499999999999972,FALSE
"confounded_dense_n300_t02_r0008","MLFDR","ok","","",0.339999999999996,FALSE
"binary_dense_n300_t02_r0008","HDMT","ok","","",0.0300000000000011,FALSE
"binary_dense_n300_t02_r0008","MDACT","ok","","",0.0599999999999952,FALSE
"binary_dense_n300_t02_r0008","MLFDR","ok","","",0.229999999999997,FALSE
"linear_sparse_n300_t03_r0008","HDMT","ok","ties should not be present for the one-sample Kolmogorov-Smirnov test","",0.00999999999999801,FALSE
"linear_sparse_n300_t03_r0008","MDACT","ok","ties should not be present for the one-sample Kolmogorov-Smirnov test","",0.0500000000000043,FALSE
"linear_sparse_n300_t03_r0008","MLFDR","ok","","",0.149999999999999,FALSE
"confounded_sparse_n300_t03_r0008","HDMT","ok","ties should not be present for the one-sample Kolmogorov-Smirnov test","",0.0200000000000031,FALSE
"confounded_sparse_n300_t03_r0008","MDACT","ok","ties should not be present for the one-sample Kolmogorov-Smirnov test","",0.0500000000000043,FALSE
"confounded_sparse_n300_t03_r0008","MLFDR","ok","","",0.0899999999999963,FALSE
"binary_sparse_n300_t03_r0008","HDMT","ok","","",0.0300000000000011,FALSE
"binary_sparse_n300_t03_r0008","MDACT","ok","","",0.029999999999994,FALSE
"binary_sparse_n300_t03_r0008","MLFDR","ok","","",0.18,FALSE
"linear_dense_n300_t03_r0008","HDMT","ok","ties should not be present for the one-sample Kolmogorov-Smirnov test","",0.0200000000000031,FALSE
"linear_dense_n300_t03_r0008","MDACT","ok","ties should not be present for the one-sample Kolmogorov-Smirnov test","",0.0499999999999972,FALSE
"linear_dense_n300_t03_r0008","MLFDR","ok","","",0.140000000000001,FALSE
"confounded_dense_n300_t03_r0008","HDMT","ok","ties should not be present for the one-sample Kolmogorov-Smirnov test","",0.00999999999999801,FALSE
"confounded_dense_n300_t03_r0008","MDACT","ok","ties should not be present for the one-sample Kolmogorov-Smirnov test","",0.0300000000000011,FALSE
"confounded_dense_n300_t03_r0008","MLFDR","ok","","",0.140000000000001,FALSE
"binary_dense_n300_t03_r0008","HDMT","ok","","",0.0200000000000031,FALSE
"binary_dense_n300_t03_r0008","MDACT","ok","","",0.0500000000000043,FALSE
"binary_dense_n300_t03_r0008","MLFDR","ok","","",0.100000000000001,FALSE
"linear_sparse_n300_t01_r0009","HDMT","ok","ties should not be present for the one-sample Kolmogorov-Smirnov test","",0.0399999999999991,FALSE
"linear_sparse_n300_t01_r0009","MDACT","ok","ties should not be present for the one-sample Kolmogorov-Smirnov test","",0.0500000000000043,FALSE
"linear_sparse_n300_t01_r0009","MLFDR","ok","","",0.25,FALSE
"confounded_sparse_n300_t01_r0009","HDMT","ok","ties should not be present for the one-sample Kolmogorov-Smirnov test","",0.0300000000000011,FALSE
"confounded_sparse_n300_t01_r0009","MDACT","ok","ties should not be present for the one-sample Kolmogorov-Smirnov test","",0.0499999999999972,FALSE
"confounded_sparse_n300_t01_r0009","MLFDR","ok","","",0.770000000000003,FALSE
"binary_sparse_n300_t01_r0009","HDMT","ok","","",0.0300000000000011,FALSE
"binary_sparse_n300_t01_r0009","MDACT","ok","","",0.0500000000000043,FALSE
"binary_sparse_n300_t01_r0009","MLFDR","ok","","",1.91,FALSE
"linear_dense_n300_t01_r0009","HDMT","ok","ties should not be present for the one-sample Kolmogorov-Smirnov test","",0.00999999999999801,FALSE
"linear_dense_n300_t01_r0009","MDACT","ok","ties should not be present for the one-sample Kolmogorov-Smirnov test","",0.0499999999999972,FALSE
"linear_dense_n300_t01_r0009","MLFDR","ok","","",0.789999999999999,FALSE
"confounded_dense_n300_t01_r0009","HDMT","ok","ties should not be present for the one-sample Kolmogorov-Smirnov test","",0.0300000000000011,FALSE
"confounded_dense_n300_t01_r0009","MDACT","ok","ties should not be present for the one-sample Kolmogorov-Smirnov test","",0.0499999999999972,FALSE
"confounded_dense_n300_t01_r0009","MLFDR","ok","","",0.369999999999997,FALSE
"binary_dense_n300_t01_r0009","HDMT","ok","","",0.0399999999999991,FALSE
"binary_dense_n300_t01_r0009","MDACT","ok","","",0.0500000000000043,FALSE
"binary_dense_n300_t01_r0009","MLFDR","ok","","",0.269999999999996,FALSE
"linear_sparse_n300_t02_r0009","HDMT","ok","ties should not be present for the one-sample Kolmogorov-Smirnov test","",0.0399999999999991,FALSE
"linear_sparse_n300_t02_r0009","MDACT","ok","ties should not be present for the one-sample Kolmogorov-Smirnov test","",0.0500000000000043,FALSE
"linear_sparse_n300_t02_r0009","MLFDR","ok","","",0.240000000000002,FALSE
"confounded_sparse_n300_t02_r0009","HDMT","ok","ties should not be present for the one-sample Kolmogorov-Smirnov test","",0.019999999999996,FALSE
"confounded_sparse_n300_t02_r0009","MDACT","ok","ties should not be present for the one-sample Kolmogorov-Smirnov test","",0.0399999999999991,FALSE
"confounded_sparse_n300_t02_r0009","MLFDR","ok","","",0.210000000000001,FALSE
"binary_sparse_n300_t02_r0009","HDMT","ok","","",0.00999999999999801,FALSE
"binary_sparse_n300_t02_r0009","MDACT","ok","","",0.0300000000000011,FALSE
"binary_sparse_n300_t02_r0009","MLFDR","ok","","",0.660000000000004,FALSE
"linear_dense_n300_t02_r0009","HDMT","ok","ties should not be present for the one-sample Kolmogorov-Smirnov test","",0.0300000000000011,FALSE
"linear_dense_n300_t02_r0009","MDACT","ok","ties should not be present for the one-sample Kolmogorov-Smirnov test","",0.0300000000000011,FALSE
"linear_dense_n300_t02_r0009","MLFDR","ok","","",0.329999999999998,FALSE
"confounded_dense_n300_t02_r0009","HDMT","ok","ties should not be present for the one-sample Kolmogorov-Smirnov test","",0.0200000000000031,FALSE
"confounded_dense_n300_t02_r0009","MDACT","ok","ties should not be present for the one-sample Kolmogorov-Smirnov test","",0.029999999999994,FALSE
"confounded_dense_n300_t02_r0009","MLFDR","ok","","",0.390000000000001,FALSE
"binary_dense_n300_t02_r0009","HDMT","ok","","",0.029999999999994,FALSE
"binary_dense_n300_t02_r0009","MDACT","ok","","",0.0399999999999991,FALSE
"binary_dense_n300_t02_r0009","MLFDR","ok","","",0.229999999999997,FALSE
"linear_sparse_n300_t03_r0009","HDMT","ok","ties should not be present for the one-sample Kolmogorov-Smirnov test","",0.0300000000000011,FALSE
"linear_sparse_n300_t03_r0009","MDACT","ok","ties should not be present for the one-sample Kolmogorov-Smirnov test","",0.029999999999994,FALSE
"linear_sparse_n300_t03_r0009","MLFDR","ok","","",0.0799999999999983,FALSE
"confounded_sparse_n300_t03_r0009","HDMT","ok","ties should not be present for the one-sample Kolmogorov-Smirnov test","",0.00999999999999801,FALSE
"confounded_sparse_n300_t03_r0009","MDACT","ok","ties should not be present for the one-sample Kolmogorov-Smirnov test","",0.0499999999999972,FALSE
"confounded_sparse_n300_t03_r0009","MLFDR","ok","","",0.140000000000001,FALSE
"binary_sparse_n300_t03_r0009","HDMT","ok","","",0.0300000000000011,FALSE
"binary_sparse_n300_t03_r0009","MDACT","ok","","",0.0300000000000011,FALSE
"binary_sparse_n300_t03_r0009","MLFDR","ok","","",0.160000000000004,FALSE
"linear_dense_n300_t03_r0009","HDMT","ok","ties should not be present for the one-sample Kolmogorov-Smirnov test","",0.0300000000000011,FALSE
"linear_dense_n300_t03_r0009","MDACT","ok","ties should not be present for the one-sample Kolmogorov-Smirnov test","",0.0500000000000043,FALSE
"linear_dense_n300_t03_r0009","MLFDR","ok","","",0.130000000000003,FALSE
"confounded_dense_n300_t03_r0009","HDMT","ok","ties should not be present for the one-sample Kolmogorov-Smirnov test","",0.0300000000000011,FALSE
"confounded_dense_n300_t03_r0009","MDACT","ok","ties should not be present for the one-sample Kolmogorov-Smirnov test","",0.0500000000000043,FALSE
"confounded_dense_n300_t03_r0009","MLFDR","ok","","",0.18,FALSE
"binary_dense_n300_t03_r0009","HDMT","ok","","",0.019999999999996,FALSE
"binary_dense_n300_t03_r0009","MDACT","ok","","",0.0300000000000011,FALSE
"binary_dense_n300_t03_r0009","MLFDR","ok","","",0.159999999999997,FALSE
"linear_sparse_n300_t01_r0010","HDMT","ok","ties should not be present for the one-sample Kolmogorov-Smirnov test","",0.0300000000000011,FALSE
"linear_sparse_n300_t01_r0010","MDACT","ok","ties should not be present for the one-sample Kolmogorov-Smirnov test","",0.0300000000000011,FALSE
"linear_sparse_n300_t01_r0010","MLFDR","ok","","",0.25,FALSE
"confounded_sparse_n300_t01_r0010","HDMT","ok","ties should not be present for the one-sample Kolmogorov-Smirnov test","",0.0399999999999991,FALSE
"confounded_sparse_n300_t01_r0010","MDACT","ok","ties should not be present for the one-sample Kolmogorov-Smirnov test","",0.0500000000000043,FALSE
"confounded_sparse_n300_t01_r0010","MLFDR","ok","","",0.330000000000005,FALSE
"binary_sparse_n300_t01_r0010","HDMT","ok","","",0.019999999999996,FALSE
"binary_sparse_n300_t01_r0010","MDACT","ok","","",0.0300000000000011,FALSE
"binary_sparse_n300_t01_r0010","MLFDR","ok","","",0.409999999999997,FALSE
"linear_dense_n300_t01_r0010","HDMT","ok","ties should not be present for the one-sample Kolmogorov-Smirnov test","",0.0300000000000011,FALSE
"linear_dense_n300_t01_r0010","MDACT","ok","ties should not be present for the one-sample Kolmogorov-Smirnov test","",0.0399999999999991,FALSE
"linear_dense_n300_t01_r0010","MLFDR","ok","","",0.920000000000002,FALSE
"confounded_dense_n300_t01_r0010","HDMT","ok","ties should not be present for the one-sample Kolmogorov-Smirnov test","",0.0200000000000031,FALSE
"confounded_dense_n300_t01_r0010","MDACT","ok","ties should not be present for the one-sample Kolmogorov-Smirnov test","",0.0500000000000043,FALSE
"confounded_dense_n300_t01_r0010","MLFDR","ok","","",0.549999999999997,FALSE
"binary_dense_n300_t01_r0010","HDMT","ok","","",0.00999999999999801,FALSE
"binary_dense_n300_t01_r0010","MDACT","ok","","",0.0700000000000003,FALSE
"binary_dense_n300_t01_r0010","MLFDR","ok","","",0.259999999999998,FALSE
"linear_sparse_n300_t02_r0010","HDMT","ok","ties should not be present for the one-sample Kolmogorov-Smirnov test","",0.0300000000000011,FALSE
"linear_sparse_n300_t02_r0010","MDACT","ok","ties should not be present for the one-sample Kolmogorov-Smirnov test","",0.0300000000000011,FALSE
"linear_sparse_n300_t02_r0010","MLFDR","ok","","",0.380000000000003,FALSE
"confounded_sparse_n300_t02_r0010","HDMT","ok","ties should not be present for the one-sample Kolmogorov-Smirnov test","",0.0300000000000011,FALSE
"confounded_sparse_n300_t02_r0010","MDACT","ok","ties should not be present for the one-sample Kolmogorov-Smirnov test","",0.0500000000000043,FALSE
"confounded_sparse_n300_t02_r0010","MLFDR","ok","","",0.809999999999995,FALSE
"binary_sparse_n300_t02_r0010","HDMT","ok","","",0.0300000000000011,FALSE
"binary_sparse_n300_t02_r0010","MDACT","ok","","",0.0300000000000011,FALSE
"binary_sparse_n300_t02_r0010","MLFDR","ok","","",0.579999999999998,FALSE
"linear_dense_n300_t02_r0010","HDMT","ok","ties should not be present for the one-sample Kolmogorov-Smirnov test","",0.00999999999999801,FALSE
"linear_dense_n300_t02_r0010","MDACT","ok","ties should not be present for the one-sample Kolmogorov-Smirnov test","",0.0499999999999972,FALSE
"linear_dense_n300_t02_r0010","MLFDR","ok","","",0.289999999999999,FALSE
"confounded_dense_n300_t02_r0010","HDMT","ok","ties should not be present for the one-sample Kolmogorov-Smirnov test","",0.0300000000000011,FALSE
"confounded_dense_n300_t02_r0010","MDACT","ok","ties should not be present for the one-sample Kolmogorov-Smirnov test","",0.0799999999999983,FALSE
"confounded_dense_n300_t02_r0010","MLFDR","ok","","",0.18,FALSE
"binary_dense_n300_t02_r0010","HDMT","ok","","",0.0300000000000011,FALSE
"binary_dense_n300_t02_r0010","MDACT","ok","","",0.0500000000000043,FALSE
"binary_dense_n300_t02_r0010","MLFDR","ok","","",0.160000000000004,FALSE
"linear_sparse_n300_t03_r0010","HDMT","ok","ties should not be present for the one-sample Kolmogorov-Smirnov test","",0.0300000000000011,FALSE
"linear_sparse_n300_t03_r0010","MDACT","ok","ties should not be present for the one-sample Kolmogorov-Smirnov test","",0.0500000000000043,FALSE
"linear_sparse_n300_t03_r0010","MLFDR","ok","","",0.119999999999997,FALSE
"confounded_sparse_n300_t03_r0010","HDMT","ok","ties should not be present for the one-sample Kolmogorov-Smirnov test","",0.00999999999999801,FALSE
"confounded_sparse_n300_t03_r0010","MDACT","ok","ties should not be present for the one-sample Kolmogorov-Smirnov test","",0.0300000000000011,FALSE
"confounded_sparse_n300_t03_r0010","MLFDR","ok","","",0.530000000000001,FALSE
"binary_sparse_n300_t03_r0010","HDMT","ok","","",0.0200000000000031,FALSE
"binary_sparse_n300_t03_r0010","MDACT","ok","","",0.0300000000000011,FALSE
"binary_sparse_n300_t03_r0010","MLFDR","ok","","",0.0900000000000034,FALSE
"linear_dense_n300_t03_r0010","HDMT","ok","ties should not be present for the one-sample Kolmogorov-Smirnov test","",0.019999999999996,FALSE
"linear_dense_n300_t03_r0010","MDACT","ok","ties should not be present for the one-sample Kolmogorov-Smirnov test","",0.0600000000000023,FALSE
"linear_dense_n300_t03_r0010","MLFDR","ok","","",0.269999999999996,FALSE
"confounded_dense_n300_t03_r0010","HDMT","ok","ties should not be present for the one-sample Kolmogorov-Smirnov test","",0.0200000000000031,FALSE
"confounded_dense_n300_t03_r0010","MDACT","ok","ties should not be present for the one-sample Kolmogorov-Smirnov test","",0.0500000000000043,FALSE
"confounded_dense_n300_t03_r0010","MLFDR","ok","","",0.100000000000001,FALSE
"binary_dense_n300_t03_r0010","HDMT","ok","","",0.00999999999999801,FALSE
"binary_dense_n300_t03_r0010","MDACT","ok","","",0.0399999999999991,FALSE
"binary_dense_n300_t03_r0010","MLFDR","ok","","",0.140000000000001,FALSE
"linear_sparse_n300_t01_r0011","HDMT","ok","ties should not be present for the one-sample Kolmogorov-Smirnov test","",0.019999999999996,FALSE
"linear_sparse_n300_t01_r0011","MDACT","ok","ties should not be present for the one-sample Kolmogorov-Smirnov test","",0.0399999999999991,FALSE
"linear_sparse_n300_t01_r0011","MLFDR","ok","","",1.53,FALSE
"confounded_sparse_n300_t01_r0011","HDMT","ok","ties should not be present for the one-sample Kolmogorov-Smirnov test","",0.0300000000000011,FALSE
"confounded_sparse_n300_t01_r0011","MDACT","ok","ties should not be present for the one-sample Kolmogorov-Smirnov test","",0.0300000000000011,FALSE
"confounded_sparse_n300_t01_r0011","MLFDR","ok","","",0.720000000000006,FALSE
"binary_sparse_n300_t01_r0011","HDMT","ok","","",0.019999999999996,FALSE
"binary_sparse_n300_t01_r0011","MDACT","ok","","",0.0300000000000011,FALSE
"binary_sparse_n300_t01_r0011","MLFDR","ok","","",0.479999999999997,FALSE
"linear_dense_n300_t01_r0011","HDMT","ok","ties should not be present for the one-sample Kolmogorov-Smirnov test","",0.0300000000000011,FALSE
"linear_dense_n300_t01_r0011","MDACT","ok","ties should not be present for the one-sample Kolmogorov-Smirnov test","",0.0399999999999991,FALSE
"linear_dense_n300_t01_r0011","MLFDR","ok","","",0.5,FALSE
"confounded_dense_n300_t01_r0011","HDMT","ok","ties should not be present for the one-sample Kolmogorov-Smirnov test","",0.019999999999996,FALSE
"confounded_dense_n300_t01_r0011","MDACT","ok","ties should not be present for the one-sample Kolmogorov-Smirnov test","",0.0500000000000043,FALSE
"confounded_dense_n300_t01_r0011","MLFDR","ok","","",0.369999999999997,FALSE
"binary_dense_n300_t01_r0011","HDMT","ok","","",0.00999999999999801,FALSE
"binary_dense_n300_t01_r0011","MDACT","ok","","",0.0300000000000011,FALSE
"binary_dense_n300_t01_r0011","MLFDR","ok","","",0.25,FALSE
"linear_sparse_n300_t02_r0011","HDMT","ok","ties should not be present for the one-sample Kolmogorov-Smirnov test","",0.0300000000000011,FALSE
"linear_sparse_n300_t02_r0011","MDACT","ok","ties should not be present for the one-sample Kolmogorov-Smirnov test","",0.0499999999999972,FALSE
"linear_sparse_n300_t02_r0011","MLFDR","ok","","",0.520000000000003,FALSE
"confounded_sparse_n300_t02_r0011","HDMT","ok","ties should not be present for the one-sample Kolmogorov-Smirnov test","",0.0200000000000031,FALSE
"confounded_sparse_n300_t02_r0011","MDACT","ok","ties should not be present for the one-sample Kolmogorov-Smirnov test","",0.0399999999999991,FALSE
"confounded_sparse_n300_t02_r0011","MLFDR","ok","","",0.140000000000001,FALSE
"binary_sparse_n300_t02_r0011","HDMT","ok","","",0.00999999999999091,FALSE
"binary_sparse_n300_t02_r0011","MDACT","ok","","",0.0300000000000011,FALSE
"binary_sparse_n300_t02_r0011","MLFDR","ok","","",1.25999999999999,FALSE
"linear_dense_n300_t02_r0011","HDMT","ok","ties should not be present for the one-sample Kolmogorov-Smirnov test","",0.0300000000000011,FALSE
"linear_dense_n300_t02_r0011","MDACT","ok","ties should not be present for the one-sample Kolmogorov-Smirnov test","",0.0599999999999881,FALSE
"linear_dense_n300_t02_r0011","MLFDR","ok","","",0.560000000000002,FALSE
"confounded_dense_n300_t02_r0011","HDMT","ok","ties should not be present for the one-sample Kolmogorov-Smirnov test","",0.019999999999996,FALSE
"confounded_dense_n300_t02_r0011","MDACT","ok","ties should not be present for the one-sample Kolmogorov-Smirnov test","",0.0400000000000063,FALSE
"confounded_dense_n300_t02_r0011","MLFDR","ok","","",0.159999999999997,FALSE
"binary_dense_n300_t02_r0011","HDMT","ok","","",0.0600000000000023,FALSE
"binary_dense_n300_t02_r0011","MDACT","ok","","",0.039999999999992,FALSE
"binary_dense_n300_t02_r0011","MLFDR","ok","","",0.219999999999999,FALSE
"linear_sparse_n300_t03_r0011","HDMT","ok","ties should not be present for the one-sample Kolmogorov-Smirnov test","",0.0300000000000011,FALSE
"linear_sparse_n300_t03_r0011","MDACT","ok","ties should not be present for the one-sample Kolmogorov-Smirnov test","",0.0400000000000063,FALSE
"linear_sparse_n300_t03_r0011","MLFDR","ok","","",0.0699999999999932,FALSE
"confounded_sparse_n300_t03_r0011","HDMT","ok","ties should not be present for the one-sample Kolmogorov-Smirnov test","",0.0299999999999869,FALSE
"confounded_sparse_n300_t03_r0011","MDACT","ok","ties should not be present for the one-sample Kolmogorov-Smirnov test","",0.0600000000000023,FALSE
"confounded_sparse_n300_t03_r0011","MLFDR","ok","","",0.0900000000000034,FALSE
"binary_sparse_n300_t03_r0011","HDMT","ok","","",0.0300000000000011,FALSE
"binary_sparse_n300_t03_r0011","MDACT","ok","","",0.0400000000000063,FALSE
"binary_sparse_n300_t03_r0011","MLFDR","ok","","",0.140000000000001,FALSE
"linear_dense_n300_t03_r0011","HDMT","ok","ties should not be present for the one-sample Kolmogorov-Smirnov test","",0.0100000000000051,FALSE
"linear_dense_n300_t03_r0011","MDACT","ok","ties should not be present for the one-sample Kolmogorov-Smirnov test","",0.0499999999999972,FALSE
"linear_dense_n300_t03_r0011","MLFDR","ok","","",0.190000000000012,FALSE
"confounded_dense_n300_t03_r0011","HDMT","ok","ties should not be present for the one-sample Kolmogorov-Smirnov test","",0.0300000000000011,FALSE
"confounded_dense_n300_t03_r0011","MDACT","ok","ties should not be present for the one-sample Kolmogorov-Smirnov test","",0.039999999999992,FALSE
"confounded_dense_n300_t03_r0011","MLFDR","ok","","",0.0999999999999943,FALSE
"binary_dense_n300_t03_r0011","HDMT","ok","","",0.0100000000000051,FALSE
"binary_dense_n300_t03_r0011","MDACT","ok","","",0.0499999999999972,FALSE
"binary_dense_n300_t03_r0011","MLFDR","ok","","",0.180000000000007,FALSE
"linear_sparse_n300_t01_r0012","HDMT","ok","ties should not be present for the one-sample Kolmogorov-Smirnov test","",0.0400000000000063,FALSE
"linear_sparse_n300_t01_r0012","MDACT","ok","ties should not be present for the one-sample Kolmogorov-Smirnov test","",0.0499999999999972,FALSE
"linear_sparse_n300_t01_r0012","MLFDR","ok","","",0.27000000000001,FALSE
"confounded_sparse_n300_t01_r0012","HDMT","ok","ties should not be present for the one-sample Kolmogorov-Smirnov test","",0.0299999999999869,FALSE
"confounded_sparse_n300_t01_r0012","MDACT","ok","ties should not be present for the one-sample Kolmogorov-Smirnov test","",0.0499999999999972,FALSE
"confounded_sparse_n300_t01_r0012","MLFDR","ok","","",0.879999999999995,FALSE
"binary_sparse_n300_t01_r0012","HDMT","ok","","",0.0200000000000102,FALSE
"binary_sparse_n300_t01_r0012","MDACT","ok","","",0.0499999999999972,FALSE
"binary_sparse_n300_t01_r0012","MLFDR","ok","","",0.550000000000011,FALSE
"linear_dense_n300_t01_r0012","HDMT","ok","ties should not be present for the one-sample Kolmogorov-Smirnov test","",0.0100000000000051,FALSE
"linear_dense_n300_t01_r0012","MDACT","ok","ties should not be present for the one-sample Kolmogorov-Smirnov test","",0.0299999999999869,FALSE
"linear_dense_n300_t01_r0012","MLFDR","ok","","",0.430000000000007,FALSE
"confounded_dense_n300_t01_r0012","HDMT","ok","ties should not be present for the one-sample Kolmogorov-Smirnov test","",0.0300000000000011,FALSE
"confounded_dense_n300_t01_r0012","MDACT","ok","ties should not be present for the one-sample Kolmogorov-Smirnov test","",0.0500000000000114,FALSE
"confounded_dense_n300_t01_r0012","MLFDR","ok","","",0.219999999999999,FALSE
"binary_dense_n300_t01_r0012","HDMT","ok","","",0.0300000000000011,FALSE
"binary_dense_n300_t01_r0012","MDACT","ok","","",0.0499999999999972,FALSE
"binary_dense_n300_t01_r0012","MLFDR","ok","","",0.25,FALSE
"linear_sparse_n300_t02_r0012","HDMT","ok","ties should not be present for the one-sample Kolmogorov-Smirnov test","",0.0100000000000051,FALSE
"linear_sparse_n300_t02_r0012","MDACT","ok","ties should not be present for the one-sample Kolmogorov-Smirnov test","",0.0499999999999972,FALSE
"linear_sparse_n300_t02_r0012","MLFDR","ok","","",0.0900000000000034,FALSE
"confounded_sparse_n300_t02_r0012","HDMT","ok","ties should not be present for the one-sample Kolmogorov-Smirnov test","",0.0300000000000011,FALSE
"confounded_sparse_n300_t02_r0012","MDACT","ok","ties should not be present for the one-sample Kolmogorov-Smirnov test","",0.0400000000000063,FALSE
"confounded_sparse_n300_t02_r0012","MLFDR","ok","","",0.240000000000009,FALSE
"binary_sparse_n300_t02_r0012","HDMT","ok","","",0.0300000000000011,FALSE
"binary_sparse_n300_t02_r0012","MDACT","ok","","",0.0499999999999972,FALSE
"binary_sparse_n300_t02_r0012","MLFDR","ok","","",0.170000000000002,FALSE
"linear_dense_n300_t02_r0012","HDMT","ok","ties should not be present for the one-sample Kolmogorov-Smirnov test","",0.0299999999999869,FALSE
"linear_dense_n300_t02_r0012","MDACT","ok","ties should not be present for the one-sample Kolmogorov-Smirnov test","",0.0600000000000023,FALSE
"linear_dense_n300_t02_r0012","MLFDR","ok","","",0.25,FALSE
"confounded_dense_n300_t02_r0012","HDMT","ok","ties should not be present for the one-sample Kolmogorov-Smirnov test","",0.019999999999996,FALSE
"confounded_dense_n300_t02_r0012","MDACT","ok","ties should not be present for the one-sample Kolmogorov-Smirnov test","",0.0300000000000011,FALSE
"confounded_dense_n300_t02_r0012","MLFDR","ok","","",0.290000000000006,FALSE
"binary_dense_n300_t02_r0012","HDMT","ok","","",0.0200000000000102,FALSE
"binary_dense_n300_t02_r0012","MDACT","ok","","",0.0300000000000011,FALSE
"binary_dense_n300_t02_r0012","MLFDR","ok","","",0.180000000000007,FALSE
"linear_sparse_n300_t03_r0012","HDMT","ok","ties should not be present for the one-sample Kolmogorov-Smirnov test","",0.0299999999999869,FALSE
"linear_sparse_n300_t03_r0012","MDACT","ok","ties should not be present for the one-sample Kolmogorov-Smirnov test","",0.0499999999999972,FALSE
"linear_sparse_n300_t03_r0012","MLFDR","ok","","",0.200000000000003,FALSE
"confounded_sparse_n300_t03_r0012","HDMT","ok","ties should not be present for the one-sample Kolmogorov-Smirnov test","",0.0100000000000051,FALSE
"confounded_sparse_n300_t03_r0012","MDACT","ok","ties should not be present for the one-sample Kolmogorov-Smirnov test","",0.0600000000000023,FALSE
"confounded_sparse_n300_t03_r0012","MLFDR","ok","","",0.120000000000005,FALSE
"binary_sparse_n300_t03_r0012","HDMT","ok","","",0.0400000000000063,FALSE
"binary_sparse_n300_t03_r0012","MDACT","ok","","",0.0499999999999972,FALSE
"binary_sparse_n300_t03_r0012","MLFDR","ok","","",0.100000000000009,FALSE
"linear_dense_n300_t03_r0012","HDMT","ok","ties should not be present for the one-sample Kolmogorov-Smirnov test","",0.019999999999996,FALSE
"linear_dense_n300_t03_r0012","MDACT","ok","ties should not be present for the one-sample Kolmogorov-Smirnov test","",0.039999999999992,FALSE
"linear_dense_n300_t03_r0012","MLFDR","ok","","",0.120000000000005,FALSE
"confounded_dense_n300_t03_r0012","HDMT","ok","ties should not be present for the one-sample Kolmogorov-Smirnov test","",0.0200000000000102,FALSE
"confounded_dense_n300_t03_r0012","MDACT","ok","ties should not be present for the one-sample Kolmogorov-Smirnov test","",0.0900000000000034,FALSE
"confounded_dense_n300_t03_r0012","MLFDR","ok","","",0.150000000000006,FALSE
"binary_dense_n300_t03_r0012","HDMT","ok","","",0.0300000000000011,FALSE
"binary_dense_n300_t03_r0012","MDACT","ok","","",0.039999999999992,FALSE
"binary_dense_n300_t03_r0012","MLFDR","ok","","",0.11999999999999,FALSE
"linear_sparse_n300_t01_r0013","HDMT","ok","ties should not be present for the one-sample Kolmogorov-Smirnov test","",0.0300000000000011,FALSE
"linear_sparse_n300_t01_r0013","MDACT","ok","ties should not be present for the one-sample Kolmogorov-Smirnov test","",0.0499999999999972,FALSE
"linear_sparse_n300_t01_r0013","MLFDR","ok","","",0.439999999999998,FALSE
"confounded_sparse_n300_t01_r0013","HDMT","ok","ties should not be present for the one-sample Kolmogorov-Smirnov test","",0.0200000000000102,FALSE
"confounded_sparse_n300_t01_r0013","MDACT","ok","ties should not be present for the one-sample Kolmogorov-Smirnov test","",0.0499999999999972,FALSE
"confounded_sparse_n300_t01_r0013","MLFDR","ok","","",0.740000000000009,FALSE
"binary_sparse_n300_t01_r0013","HDMT","ok","","",0.0300000000000011,FALSE
"binary_sparse_n300_t01_r0013","MDACT","ok","","",0.0300000000000011,FALSE
"binary_sparse_n300_t01_r0013","MLFDR","ok","","",0.539999999999992,FALSE
"linear_dense_n300_t01_r0013","HDMT","ok","ties should not be present for the one-sample Kolmogorov-Smirnov test","",0.0300000000000011,FALSE
"linear_dense_n300_t01_r0013","MDACT","ok","ties should not be present for the one-sample Kolmogorov-Smirnov test","",0.0600000000000023,FALSE
"linear_dense_n300_t01_r0013","MLFDR","ok","","",0.969999999999999,FALSE
"confounded_dense_n300_t01_r0013","HDMT","ok","ties should not be present for the one-sample Kolmogorov-Smirnov test","",0.0300000000000011,FALSE
"confounded_dense_n300_t01_r0013","MDACT","ok","ties should not be present for the one-sample Kolmogorov-Smirnov test","",0.039999999999992,FALSE
"confounded_dense_n300_t01_r0013","MLFDR","ok","","",1.44,FALSE
"binary_dense_n300_t01_r0013","HDMT","ok","","",0.0300000000000011,FALSE
"binary_dense_n300_t01_r0013","MDACT","ok","","",0.0400000000000063,FALSE
"binary_dense_n300_t01_r0013","MLFDR","ok","","",0.759999999999991,FALSE
"linear_sparse_n300_t02_r0013","HDMT","ok","ties should not be present for the one-sample Kolmogorov-Smirnov test","",0.0300000000000011,FALSE
"linear_sparse_n300_t02_r0013","MDACT","ok","ties should not be present for the one-sample Kolmogorov-Smirnov test","",0.0299999999999869,FALSE
"linear_sparse_n300_t02_r0013","MLFDR","ok","","",0.680000000000007,FALSE
"confounded_sparse_n300_t02_r0013","HDMT","ok","ties should not be present for the one-sample Kolmogorov-Smirnov test","",0.0300000000000011,FALSE
"confounded_sparse_n300_t02_r0013","MDACT","ok","ties should not be present for the one-sample Kolmogorov-Smirnov test","",0.0500000000000114,FALSE
"confounded_sparse_n300_t02_r0013","MLFDR","ok","","",0.140000000000001,FALSE
"binary_sparse_n300_t02_r0013","HDMT","ok","","",0.0100000000000051,FALSE
"binary_sparse_n300_t02_r0013","MDACT","ok","","",0.039999999999992,FALSE
"binary_sparse_n300_t02_r0013","MLFDR","ok","","",0.280000000000001,FALSE
"linear_dense_n300_t02_r0013","HDMT","ok","ties should not be present for the one-sample Kolmogorov-Smirnov test","",0.00999999999999091,FALSE
"linear_dense_n300_t02_r0013","MDACT","ok","ties should not be present for the one-sample Kolmogorov-Smirnov test","",0.0400000000000063,FALSE
"linear_dense_n300_t02_r0013","MLFDR","ok","","",0.189999999999998,FALSE
"confounded_dense_n300_t02_r0013","HDMT","ok","ties should not be present for the one-sample Kolmogorov-Smirnov test","",0.0300000000000011,FALSE
"confounded_dense_n300_t02_r0013","MDACT","ok","ties should not be present for the one-sample Kolmogorov-Smirnov test","",0.0500000000000114,FALSE
"confounded_dense_n300_t02_r0013","MLFDR","ok","","",0.150000000000006,FALSE
"binary_dense_n300_t02_r0013","HDMT","ok","","",0.0300000000000011,FALSE
"binary_dense_n300_t02_r0013","MDACT","ok","","",0.039999999999992,FALSE
"binary_dense_n300_t02_r0013","MLFDR","ok","","",0.200000000000003,FALSE
"linear_sparse_n300_t03_r0013","HDMT","ok","ties should not be present for the one-sample Kolmogorov-Smirnov test","",0.0200000000000102,FALSE
"linear_sparse_n300_t03_r0013","MDACT","ok","ties should not be present for the one-sample Kolmogorov-Smirnov test","",0.0600000000000023,FALSE
"linear_sparse_n300_t03_r0013","MLFDR","ok","","",0.210000000000008,FALSE
"confounded_sparse_n300_t03_r0013","HDMT","ok","ties should not be present for the one-sample Kolmogorov-Smirnov test","",0.0400000000000063,FALSE
"confounded_sparse_n300_t03_r0013","MDACT","ok","ties should not be present for the one-sample Kolmogorov-Smirnov test","",0.0499999999999972,FALSE
"confounded_sparse_n300_t03_r0013","MLFDR","ok","","",0.0799999999999983,FALSE
"binary_sparse_n300_t03_r0013","HDMT","ok","","",0.019999999999996,FALSE
"binary_sparse_n300_t03_r0013","MDACT","ok","","",0.039999999999992,FALSE
"binary_sparse_n300_t03_r0013","MLFDR","ok","","",0.109999999999999,FALSE
"linear_dense_n300_t03_r0013","HDMT","ok","ties should not be present for the one-sample Kolmogorov-Smirnov test","",0.0400000000000063,FALSE
"linear_dense_n300_t03_r0013","MDACT","ok","ties should not be present for the one-sample Kolmogorov-Smirnov test","",0.039999999999992,FALSE
"linear_dense_n300_t03_r0013","MLFDR","ok","","",0.170000000000002,FALSE
"confounded_dense_n300_t03_r0013","HDMT","ok","ties should not be present for the one-sample Kolmogorov-Smirnov test","",0.00999999999999091,FALSE
"confounded_dense_n300_t03_r0013","MDACT","ok","ties should not be present for the one-sample Kolmogorov-Smirnov test","",0.0400000000000063,FALSE
"confounded_dense_n300_t03_r0013","MLFDR","ok","","",0.109999999999999,FALSE
"binary_dense_n300_t03_r0013","HDMT","ok","","",0.00999999999999091,FALSE
"binary_dense_n300_t03_r0013","MDACT","ok","","",0.0400000000000063,FALSE
"binary_dense_n300_t03_r0013","MLFDR","ok","","",0.120000000000005,FALSE
"linear_sparse_n300_t01_r0014","HDMT","ok","ties should not be present for the one-sample Kolmogorov-Smirnov test","",0.0299999999999869,FALSE
"linear_sparse_n300_t01_r0014","MDACT","ok","ties should not be present for the one-sample Kolmogorov-Smirnov test","",0.0300000000000011,FALSE
"linear_sparse_n300_t01_r0014","MLFDR","ok","","",1.33,FALSE
"confounded_sparse_n300_t01_r0014","HDMT","ok","ties should not be present for the one-sample Kolmogorov-Smirnov test","",0.019999999999996,FALSE
"confounded_sparse_n300_t01_r0014","MDACT","ok","ties should not be present for the one-sample Kolmogorov-Smirnov test","",0.0499999999999972,FALSE
"confounded_sparse_n300_t01_r0014","MLFDR","ok","","",0.5,FALSE
"binary_sparse_n300_t01_r0014","HDMT","ok","","",0.0300000000000011,FALSE
"binary_sparse_n300_t01_r0014","MDACT","ok","","",0.0500000000000114,FALSE
"binary_sparse_n300_t01_r0014","MLFDR","ok","","",0.420000000000002,FALSE
"linear_dense_n300_t01_r0014","HDMT","ok","ties should not be present for the one-sample Kolmogorov-Smirnov test","",0.0100000000000051,FALSE
"linear_dense_n300_t01_r0014","MDACT","ok","ties should not be present for the one-sample Kolmogorov-Smirnov test","",0.039999999999992,FALSE
"linear_dense_n300_t01_r0014","MLFDR","ok","","",1.11,FALSE
"confounded_dense_n300_t01_r0014","HDMT","ok","ties should not be present for the one-sample Kolmogorov-Smirnov test","",0.0300000000000011,FALSE
"confounded_dense_n300_t01_r0014","MDACT","ok","ties should not be present for the one-sample Kolmogorov-Smirnov test","",0.0400000000000063,FALSE
"confounded_dense_n300_t01_r0014","MLFDR","ok","","",0.219999999999999,FALSE
"binary_dense_n300_t01_r0014","HDMT","ok","","",0.0300000000000011,FALSE
"binary_dense_n300_t01_r0014","MDACT","ok","","",0.039999999999992,FALSE
"binary_dense_n300_t01_r0014","MLFDR","ok","","",0.439999999999998,FALSE
"linear_sparse_n300_t02_r0014","HDMT","ok","ties should not be present for the one-sample Kolmogorov-Smirnov test","",0.019999999999996,FALSE
"linear_sparse_n300_t02_r0014","MDACT","ok","ties should not be present for the one-sample Kolmogorov-Smirnov test","",0.0499999999999972,FALSE
"linear_sparse_n300_t02_r0014","MLFDR","ok","","",0.239999999999995,FALSE
"confounded_sparse_n300_t02_r0014","HDMT","ok","ties should not be present for the one-sample Kolmogorov-Smirnov test","",0.0200000000000102,FALSE
"confounded_sparse_n300_t02_r0014","MDACT","ok","ties should not be present for the one-sample Kolmogorov-Smirnov test","",0.0300000000000011,FALSE
"confounded_sparse_n300_t02_r0014","MLFDR","ok","","",0.200000000000003,FALSE
"binary_sparse_n300_t02_r0014","HDMT","ok","","",0.0300000000000011,FALSE
"binary_sparse_n300_t02_r0014","MDACT","ok","","",0.0600000000000023,FALSE
"binary_sparse_n300_t02_r0014","MLFDR","ok","","",0.180000000000007,FALSE
"linear_dense_n300_t02_r0014","HDMT","ok","ties should not be present for the one-sample Kolmogorov-Smirnov test","",0.0400000000000063,FALSE
"linear_dense_n300_t02_r0014","MDACT","ok","ties should not be present for the one-sample Kolmogorov-Smirnov test","",0.0499999999999972,FALSE
"linear_dense_n300_t02_r0014","MLFDR","ok","","",0.159999999999997,FALSE
"confounded_dense_n300_t02_r0014","HDMT","ok","ties should not be present for the one-sample Kolmogorov-Smirnov test","",0.0100000000000051,FALSE
"confounded_dense_n300_t02_r0014","MDACT","ok","ties should not be present for the one-sample Kolmogorov-Smirnov test","",0.0500000000000114,FALSE
"confounded_dense_n300_t02_r0014","MLFDR","ok","","",0.400000000000006,FALSE
"binary_dense_n300_t02_r0014","HDMT","ok","","",0.0300000000000011,FALSE
"binary_dense_n300_t02_r0014","MDACT","ok","","",0.0700000000000074,FALSE
"binary_dense_n300_t02_r0014","MLFDR","ok","","",0.299999999999997,FALSE
"linear_sparse_n300_t03_r0014","HDMT","ok","ties should not be present for the one-sample Kolmogorov-Smirnov test","",0.0300000000000011,FALSE
"linear_sparse_n300_t03_r0014","MDACT","ok","ties should not be present for the one-sample Kolmogorov-Smirnov test","",0.0499999999999972,FALSE
"linear_sparse_n300_t03_r0014","MLFDR","ok","","",0.109999999999999,FALSE
"confounded_sparse_n300_t03_r0014","HDMT","ok","ties should not be present for the one-sample Kolmogorov-Smirnov test","",0.0300000000000011,FALSE
"confounded_sparse_n300_t03_r0014","MDACT","ok","ties should not be present for the one-sample Kolmogorov-Smirnov test","",0.0699999999999932,FALSE
"confounded_sparse_n300_t03_r0014","MLFDR","ok","","",0.289999999999992,FALSE
"binary_sparse_n300_t03_r0014","HDMT","ok","","",0.0200000000000102,FALSE
"binary_sparse_n300_t03_r0014","MDACT","ok","","",0.0500000000000114,FALSE
"binary_sparse_n300_t03_r0014","MLFDR","ok","","",0.289999999999992,FALSE
"linear_dense_n300_t03_r0014","HDMT","ok","ties should not be present for the one-sample Kolmogorov-Smirnov test","",0.0400000000000063,FALSE
"linear_dense_n300_t03_r0014","MDACT","ok","ties should not be present for the one-sample Kolmogorov-Smirnov test","",0.0999999999999943,FALSE
"linear_dense_n300_t03_r0014","MLFDR","ok","","",0.140000000000001,FALSE
"confounded_dense_n300_t03_r0014","HDMT","ok","ties should not be present for the one-sample Kolmogorov-Smirnov test","",0.0300000000000011,FALSE
"confounded_dense_n300_t03_r0014","MDACT","ok","ties should not be present for the one-sample Kolmogorov-Smirnov test","",0.0499999999999972,FALSE
"confounded_dense_n300_t03_r0014","MLFDR","ok","","",0.129999999999995,FALSE
"binary_dense_n300_t03_r0014","HDMT","ok","","",0.00999999999999091,FALSE
"binary_dense_n300_t03_r0014","MDACT","ok","","",0.0300000000000011,FALSE
"binary_dense_n300_t03_r0014","MLFDR","ok","","",0.189999999999998,FALSE
"linear_sparse_n300_t01_r0015","HDMT","ok","ties should not be present for the one-sample Kolmogorov-Smirnov test","",0.0300000000000011,FALSE
"linear_sparse_n300_t01_r0015","MDACT","ok","ties should not be present for the one-sample Kolmogorov-Smirnov test","",0.0299999999999869,FALSE
"linear_sparse_n300_t01_r0015","MLFDR","ok","","",0.480000000000004,FALSE
"confounded_sparse_n300_t01_r0015","HDMT","ok","ties should not be present for the one-sample Kolmogorov-Smirnov test","",0.0300000000000011,FALSE
"confounded_sparse_n300_t01_r0015","MDACT","ok","ties should not be present for the one-sample Kolmogorov-Smirnov test","",0.0500000000000114,FALSE
"confounded_sparse_n300_t01_r0015","MLFDR","ok","","",1.92,FALSE
"binary_sparse_n300_t01_r0015","HDMT","ok","","",0.0100000000000051,FALSE
"binary_sparse_n300_t01_r0015","MDACT","ok","","",0.039999999999992,FALSE
"binary_sparse_n300_t01_r0015","MLFDR","ok","","",0.329999999999998,FALSE
"linear_dense_n300_t01_r0015","HDMT","ok","ties should not be present for the one-sample Kolmogorov-Smirnov test","",0.0300000000000011,FALSE
"linear_dense_n300_t01_r0015","MDACT","ok","ties should not be present for the one-sample Kolmogorov-Smirnov test","",0.039999999999992,FALSE
"linear_dense_n300_t01_r0015","MLFDR","ok","","",0.469999999999999,FALSE
"confounded_dense_n300_t01_r0015","HDMT","ok","ties should not be present for the one-sample Kolmogorov-Smirnov test","",0.019999999999996,FALSE
"confounded_dense_n300_t01_r0015","MDACT","error","ties should not be present for the one-sample Kolmogorov-Smirnov test","the integral is probably divergent",0.0499999999999972,FALSE
"confounded_dense_n300_t01_r0015","MLFDR","ok","","",0.279999999999987,FALSE
"binary_dense_n300_t01_r0015","HDMT","ok","","",0.0300000000000011,FALSE
"binary_dense_n300_t01_r0015","MDACT","ok","","",0.0499999999999972,FALSE
"binary_dense_n300_t01_r0015","MLFDR","ok","","",0.539999999999992,FALSE
"linear_sparse_n300_t02_r0015","HDMT","ok","ties should not be present for the one-sample Kolmogorov-Smirnov test","",0.0400000000000063,FALSE
"linear_sparse_n300_t02_r0015","MDACT","ok","ties should not be present for the one-sample Kolmogorov-Smirnov test","",0.0499999999999972,FALSE
"linear_sparse_n300_t02_r0015","MLFDR","ok","","",0.189999999999998,FALSE
"confounded_sparse_n300_t02_r0015","HDMT","ok","ties should not be present for the one-sample Kolmogorov-Smirnov test","",0.0300000000000011,FALSE
"confounded_sparse_n300_t02_r0015","MDACT","ok","ties should not be present for the one-sample Kolmogorov-Smirnov test","",0.039999999999992,FALSE
"confounded_sparse_n300_t02_r0015","MLFDR","ok","","",0.219999999999999,FALSE
"binary_sparse_n300_t02_r0015","HDMT","ok","","",0.0200000000000102,FALSE
"binary_sparse_n300_t02_r0015","MDACT","ok","","",0.0500000000000114,FALSE
"binary_sparse_n300_t02_r0015","MLFDR","ok","","",0.149999999999991,FALSE
"linear_dense_n300_t02_r0015","HDMT","ok","ties should not be present for the one-sample Kolmogorov-Smirnov test","",0.0300000000000011,FALSE
"linear_dense_n300_t02_r0015","MDACT","ok","ties should not be present for the one-sample Kolmogorov-Smirnov test","",0.039999999999992,FALSE
"linear_dense_n300_t02_r0015","MLFDR","ok","","",0.25,FALSE
"confounded_dense_n300_t02_r0015","HDMT","ok","ties should not be present for the one-sample Kolmogorov-Smirnov test","",0.0300000000000011,FALSE
"confounded_dense_n300_t02_r0015","MDACT","ok","ties should not be present for the one-sample Kolmogorov-Smirnov test","",0.0500000000000114,FALSE
"confounded_dense_n300_t02_r0015","MLFDR","ok","","",0.290000000000006,FALSE
"binary_dense_n300_t02_r0015","HDMT","ok","","",0.0300000000000011,FALSE
"binary_dense_n300_t02_r0015","MDACT","ok","","",0.0699999999999932,FALSE
"binary_dense_n300_t02_r0015","MLFDR","ok","","",0.140000000000001,FALSE
"linear_sparse_n300_t03_r0015","HDMT","ok","ties should not be present for the one-sample Kolmogorov-Smirnov test","",0.0300000000000011,FALSE
"linear_sparse_n300_t03_r0015","MDACT","ok","ties should not be present for the one-sample Kolmogorov-Smirnov test","",0.0300000000000011,FALSE
"linear_sparse_n300_t03_r0015","MLFDR","ok","","",0.189999999999998,FALSE
"confounded_sparse_n300_t03_r0015","HDMT","ok","ties should not be present for the one-sample Kolmogorov-Smirnov test","",0.0100000000000051,FALSE
"confounded_sparse_n300_t03_r0015","MDACT","ok","ties should not be present for the one-sample Kolmogorov-Smirnov test","",0.0299999999999869,FALSE
"confounded_sparse_n300_t03_r0015","MLFDR","ok","","",0.210000000000008,FALSE
"binary_sparse_n300_t03_r0015","HDMT","ok","","",0.0299999999999869,FALSE
"binary_sparse_n300_t03_r0015","MDACT","ok","","",0.0500000000000114,FALSE
"binary_sparse_n300_t03_r0015","MLFDR","ok","","",0.260000000000005,FALSE
"linear_dense_n300_t03_r0015","HDMT","ok","ties should not be present for the one-sample Kolmogorov-Smirnov test","",0.0300000000000011,FALSE
"linear_dense_n300_t03_r0015","MDACT","ok","ties should not be present for the one-sample Kolmogorov-Smirnov test","",0.0400000000000063,FALSE
"linear_dense_n300_t03_r0015","MLFDR","ok","","",0.180000000000007,FALSE
"confounded_dense_n300_t03_r0015","HDMT","ok","ties should not be present for the one-sample Kolmogorov-Smirnov test","",0.0400000000000063,FALSE
"confounded_dense_n300_t03_r0015","MDACT","ok","ties should not be present for the one-sample Kolmogorov-Smirnov test","",0.039999999999992,FALSE
"confounded_dense_n300_t03_r0015","MLFDR","ok","","",0.259999999999991,FALSE
"binary_dense_n300_t03_r0015","HDMT","ok","","",0.0300000000000011,FALSE
"binary_dense_n300_t03_r0015","MDACT","ok","","",0.0400000000000063,FALSE
"binary_dense_n300_t03_r0015","MLFDR","ok","","",0.140000000000001,FALSE
"linear_sparse_n300_t01_r0016","HDMT","ok","ties should not be present for the one-sample Kolmogorov-Smirnov test","",0.019999999999996,FALSE
"linear_sparse_n300_t01_r0016","MDACT","ok","ties should not be present for the one-sample Kolmogorov-Smirnov test","",0.0300000000000011,FALSE
"linear_sparse_n300_t01_r0016","MLFDR","ok","","",2.2,FALSE
"confounded_sparse_n300_t01_r0016","HDMT","ok","ties should not be present for the one-sample Kolmogorov-Smirnov test","",0.0299999999999869,FALSE
"confounded_sparse_n300_t01_r0016","MDACT","ok","ties should not be present for the one-sample Kolmogorov-Smirnov test","",0.0499999999999972,FALSE
"confounded_sparse_n300_t01_r0016","MLFDR","ok","","",1.28,FALSE
"binary_sparse_n300_t01_r0016","HDMT","ok","","",0.00999999999999091,FALSE
"binary_sparse_n300_t01_r0016","MDACT","ok","","",0.0300000000000011,FALSE
"binary_sparse_n300_t01_r0016","MLFDR","ok","","",0.25,FALSE
"linear_dense_n300_t01_r0016","HDMT","ok","ties should not be present for the one-sample Kolmogorov-Smirnov test","",0.019999999999996,FALSE
"linear_dense_n300_t01_r0016","MDACT","ok","ties should not be present for the one-sample Kolmogorov-Smirnov test","",0.0500000000000114,FALSE
"linear_dense_n300_t01_r0016","MLFDR","ok","","",1.16999999999999,FALSE
"confounded_dense_n300_t01_r0016","HDMT","ok","ties should not be present for the one-sample Kolmogorov-Smirnov test","",0.019999999999996,FALSE
"confounded_dense_n300_t01_r0016","MDACT","ok","ties should not be present for the one-sample Kolmogorov-Smirnov test","",0.0300000000000011,FALSE
"confounded_dense_n300_t01_r0016","MLFDR","ok","","",0.670000000000002,FALSE
"binary_dense_n300_t01_r0016","HDMT","ok","","",0.0200000000000102,FALSE
"binary_dense_n300_t01_r0016","MDACT","ok","","",0.0500000000000114,FALSE
"binary_dense_n300_t01_r0016","MLFDR","ok","","",0.5,FALSE
"linear_sparse_n300_t02_r0016","HDMT","ok","ties should not be present for the one-sample Kolmogorov-Smirnov test","",0.0300000000000011,FALSE
"linear_sparse_n300_t02_r0016","MDACT","ok","ties should not be present for the one-sample Kolmogorov-Smirnov test","",0.0499999999999972,FALSE
"linear_sparse_n300_t02_r0016","MLFDR","ok","","",0.139999999999986,FALSE
"confounded_sparse_n300_t02_r0016","HDMT","ok","ties should not be present for the one-sample Kolmogorov-Smirnov test","",0.019999999999996,FALSE
"confounded_sparse_n300_t02_r0016","MDACT","ok","ties should not be present for the one-sample Kolmogorov-Smirnov test","",0.0300000000000011,FALSE
"confounded_sparse_n300_t02_r0016","MLFDR","ok","","",0.219999999999999,FALSE
"binary_sparse_n300_t02_r0016","HDMT","ok","","",0.0300000000000011,FALSE
"binary_sparse_n300_t02_r0016","MDACT","ok","","",0.0300000000000011,FALSE
"binary_sparse_n300_t02_r0016","MLFDR","ok","","",0.199999999999989,FALSE
"linear_dense_n300_t02_r0016","HDMT","ok","ties should not be present for the one-sample Kolmogorov-Smirnov test","",0.019999999999996,FALSE
"linear_dense_n300_t02_r0016","MDACT","ok","ties should not be present for the one-sample Kolmogorov-Smirnov test","",0.0500000000000114,FALSE
"linear_dense_n300_t02_r0016","MLFDR","ok","","",0.359999999999999,FALSE
"confounded_dense_n300_t02_r0016","HDMT","ok","ties should not be present for the one-sample Kolmogorov-Smirnov test","",0.0300000000000011,FALSE
"confounded_dense_n300_t02_r0016","MDACT","ok","ties should not be present for the one-sample Kolmogorov-Smirnov test","",0.0499999999999972,FALSE
"confounded_dense_n300_t02_r0016","MLFDR","ok","","",0.209999999999994,FALSE
"binary_dense_n300_t02_r0016","HDMT","ok","","",0.0299999999999869,FALSE
"binary_dense_n300_t02_r0016","MDACT","ok","","",0.0499999999999972,FALSE
"binary_dense_n300_t02_r0016","MLFDR","ok","","",0.219999999999999,FALSE
"linear_sparse_n300_t03_r0016","HDMT","ok","ties should not be present for the one-sample Kolmogorov-Smirnov test","",0.0299999999999869,FALSE
"linear_sparse_n300_t03_r0016","MDACT","ok","ties should not be present for the one-sample Kolmogorov-Smirnov test","",0.0499999999999972,FALSE
"linear_sparse_n300_t03_r0016","MLFDR","ok","","",0.0900000000000034,FALSE
"confounded_sparse_n300_t03_r0016","HDMT","ok","ties should not be present for the one-sample Kolmogorov-Smirnov test","",0.0300000000000011,FALSE
"confounded_sparse_n300_t03_r0016","MDACT","ok","ties should not be present for the one-sample Kolmogorov-Smirnov test","",0.0400000000000063,FALSE
"confounded_sparse_n300_t03_r0016","MLFDR","ok","","",0.330000000000013,FALSE
"binary_sparse_n300_t03_r0016","HDMT","ok","","",0.0300000000000011,FALSE
"binary_sparse_n300_t03_r0016","MDACT","ok","","",0.0499999999999972,FALSE
"binary_sparse_n300_t03_r0016","MLFDR","ok","","",0.0799999999999983,FALSE
"linear_dense_n300_t03_r0016","HDMT","ok","ties should not be present for the one-sample Kolmogorov-Smirnov test","",0.019999999999996,FALSE
"linear_dense_n300_t03_r0016","MDACT","ok","ties should not be present for the one-sample Kolmogorov-Smirnov test","",0.039999999999992,FALSE
"linear_dense_n300_t03_r0016","MLFDR","ok","","",0.170000000000002,FALSE
"confounded_dense_n300_t03_r0016","HDMT","ok","ties should not be present for the one-sample Kolmogorov-Smirnov test","",0.019999999999996,FALSE
"confounded_dense_n300_t03_r0016","MDACT","ok","ties should not be present for the one-sample Kolmogorov-Smirnov test","",0.0499999999999972,FALSE
"confounded_dense_n300_t03_r0016","MLFDR","ok","","",0.159999999999997,FALSE
"binary_dense_n300_t03_r0016","HDMT","ok","","",0.0300000000000011,FALSE
"binary_dense_n300_t03_r0016","MDACT","ok","","",0.0400000000000063,FALSE
"binary_dense_n300_t03_r0016","MLFDR","ok","","",0.140000000000001,FALSE
"linear_sparse_n300_t01_r0017","HDMT","ok","ties should not be present for the one-sample Kolmogorov-Smirnov test","",0.0300000000000011,FALSE
"linear_sparse_n300_t01_r0017","MDACT","ok","ties should not be present for the one-sample Kolmogorov-Smirnov test","",0.0499999999999972,FALSE
"linear_sparse_n300_t01_r0017","MLFDR","ok","","",0.269999999999996,FALSE
"confounded_sparse_n300_t01_r0017","HDMT","ok","ties should not be present for the one-sample Kolmogorov-Smirnov test","",0.0300000000000011,FALSE
"confounded_sparse_n300_t01_r0017","MDACT","ok","ties should not be present for the one-sample Kolmogorov-Smirnov test","",0.0300000000000011,FALSE
"confounded_sparse_n300_t01_r0017","MLFDR","ok","","",0.219999999999999,FALSE
"binary_sparse_n300_t01_r0017","HDMT","ok","","",0.00999999999999091,FALSE
"binary_sparse_n300_t01_r0017","MDACT","ok","","",0.0500000000000114,FALSE
"binary_sparse_n300_t01_r0017","MLFDR","ok","","",0.5,FALSE
"linear_dense_n300_t01_r0017","HDMT","ok","ties should not be present for the one-sample Kolmogorov-Smirnov test","",0.0299999999999869,FALSE
"linear_dense_n300_t01_r0017","MDACT","ok","ties should not be present for the one-sample Kolmogorov-Smirnov test","",0.0300000000000011,FALSE
"linear_dense_n300_t01_r0017","MLFDR","ok","","",0.530000000000001,FALSE
"confounded_dense_n300_t01_r0017","HDMT","ok","ties should not be present for the one-sample Kolmogorov-Smirnov test","",0.0300000000000011,FALSE
"confounded_dense_n300_t01_r0017","MDACT","ok","ties should not be present for the one-sample Kolmogorov-Smirnov test","",0.0300000000000011,FALSE
"confounded_dense_n300_t01_r0017","MLFDR","ok","","",0.459999999999994,FALSE
"binary_dense_n300_t01_r0017","HDMT","ok","","",0.019999999999996,FALSE
"binary_dense_n300_t01_r0017","MDACT","ok","","",0.039999999999992,FALSE
"binary_dense_n300_t01_r0017","MLFDR","ok","","",0.390000000000001,FALSE
"linear_sparse_n300_t02_r0017","HDMT","ok","ties should not be present for the one-sample Kolmogorov-Smirnov test","",0.0599999999999881,FALSE
"linear_sparse_n300_t02_r0017","MDACT","ok","ties should not be present for the one-sample Kolmogorov-Smirnov test","",0.0500000000000114,FALSE
"linear_sparse_n300_t02_r0017","MLFDR","ok","","",0.169999999999987,FALSE
"confounded_sparse_n300_t02_r0017","HDMT","ok","ties should not be present for the one-sample Kolmogorov-Smirnov test","",0.019999999999996,FALSE
"confounded_sparse_n300_t02_r0017","MDACT","ok","ties should not be present for the one-sample Kolmogorov-Smirnov test","",0.0300000000000011,FALSE
"confounded_sparse_n300_t02_r0017","MLFDR","ok","","",0.310000000000002,FALSE
"binary_sparse_n300_t02_r0017","HDMT","ok","","",0.00999999999999091,FALSE
"binary_sparse_n300_t02_r0017","MDACT","ok","","",0.0300000000000011,FALSE
"binary_sparse_n300_t02_r0017","MLFDR","ok","","",1.09999999999999,FALSE
"linear_dense_n300_t02_r0017","HDMT","ok","ties should not be present for the one-sample Kolmogorov-Smirnov test","",0.00999999999999091,FALSE
"linear_dense_n300_t02_r0017","MDACT","ok","ties should not be present for the one-sample Kolmogorov-Smirnov test","",0.0300000000000011,FALSE
"linear_dense_n300_t02_r0017","MLFDR","ok","","",0.310000000000002,FALSE
"confounded_dense_n300_t02_r0017","HDMT","ok","ties should not be present for the one-sample Kolmogorov-Smirnov test","",0.0100000000000051,FALSE
"confounded_dense_n300_t02_r0017","MDACT","ok","ties should not be present for the one-sample Kolmogorov-Smirnov test","",0.0499999999999972,FALSE
"confounded_dense_n300_t02_r0017","MLFDR","ok","","",0.240000000000009,FALSE
"binary_dense_n300_t02_r0017","HDMT","ok","","",0.0300000000000011,FALSE
"binary_dense_n300_t02_r0017","MDACT","ok","","",0.0400000000000063,FALSE
"binary_dense_n300_t02_r0017","MLFDR","ok","","",0.25,FALSE
"linear_sparse_n300_t03_r0017","HDMT","ok","ties should not be present for the one-sample Kolmogorov-Smirnov test","",0.00999999999999091,FALSE
"linear_sparse_n300_t03_r0017","MDACT","ok","ties should not be present for the one-sample Kolmogorov-Smirnov test","",0.0300000000000011,FALSE
"linear_sparse_n300_t03_r0017","MLFDR","ok","","",0.349999999999994,FALSE
"confounded_sparse_n300_t03_r0017","HDMT","ok","ties should not be present for the one-sample Kolmogorov-Smirnov test","",0.0100000000000051,FALSE
"confounded_sparse_n300_t03_r0017","MDACT","ok","ties should not be present for the one-sample Kolmogorov-Smirnov test","",0.0499999999999972,FALSE
"confounded_sparse_n300_t03_r0017","MLFDR","ok","","",0.27000000000001,FALSE
"binary_sparse_n300_t03_r0017","HDMT","ok","","",0.0300000000000011,FALSE
"binary_sparse_n300_t03_r0017","MDACT","ok","","",0.0300000000000011,FALSE
"binary_sparse_n300_t03_r0017","MLFDR","ok","","",0.129999999999995,FALSE
"linear_dense_n300_t03_r0017","HDMT","ok","ties should not be present for the one-sample Kolmogorov-Smirnov test","",0.0300000000000011,FALSE
"linear_dense_n300_t03_r0017","MDACT","ok","ties should not be present for the one-sample Kolmogorov-Smirnov test","",0.0500000000000114,FALSE
"linear_dense_n300_t03_r0017","MLFDR","ok","","",0.189999999999998,FALSE
"confounded_dense_n300_t03_r0017","HDMT","ok","ties should not be present for the one-sample Kolmogorov-Smirnov test","",0.0300000000000011,FALSE
"confounded_dense_n300_t03_r0017","MDACT","ok","ties should not be present for the one-sample Kolmogorov-Smirnov test","",0.0499999999999972,FALSE
"confounded_dense_n300_t03_r0017","MLFDR","ok","","",0.160000000000011,FALSE
"binary_dense_n300_t03_r0017","HDMT","ok","","",0.0300000000000011,FALSE
"binary_dense_n300_t03_r0017","MDACT","ok","","",0.0400000000000063,FALSE
"binary_dense_n300_t03_r0017","MLFDR","ok","","",0.140000000000001,FALSE
"linear_sparse_n300_t01_r0018","HDMT","ok","ties should not be present for the one-sample Kolmogorov-Smirnov test","",0.019999999999996,FALSE
"linear_sparse_n300_t01_r0018","MDACT","ok","ties should not be present for the one-sample Kolmogorov-Smirnov test","",0.0499999999999972,FALSE
"linear_sparse_n300_t01_r0018","MLFDR","ok","","",0.300000000000011,FALSE
"confounded_sparse_n300_t01_r0018","HDMT","ok","ties should not be present for the one-sample Kolmogorov-Smirnov test","",0.0300000000000011,FALSE
"confounded_sparse_n300_t01_r0018","MDACT","ok","ties should not be present for the one-sample Kolmogorov-Smirnov test","",0.039999999999992,FALSE
"confounded_sparse_n300_t01_r0018","MLFDR","ok","","",0.420000000000002,FALSE
"binary_sparse_n300_t01_r0018","HDMT","ok","","",0.0300000000000011,FALSE
"binary_sparse_n300_t01_r0018","MDACT","ok","","",0.039999999999992,FALSE
"binary_sparse_n300_t01_r0018","MLFDR","ok","","",0.359999999999999,FALSE
"linear_dense_n300_t01_r0018","HDMT","ok","ties should not be present for the one-sample Kolmogorov-Smirnov test","",0.0300000000000011,FALSE
"linear_dense_n300_t01_r0018","MDACT","ok","ties should not be present for the one-sample Kolmogorov-Smirnov test","",0.039999999999992,FALSE
"linear_dense_n300_t01_r0018","MLFDR","ok","","",0.219999999999999,FALSE
"confounded_dense_n300_t01_r0018","HDMT","ok","ties should not be present for the one-sample Kolmogorov-Smirnov test","",0.00999999999999091,FALSE
"confounded_dense_n300_t01_r0018","MDACT","ok","ties should not be present for the one-sample Kolmogorov-Smirnov test","",0.0499999999999972,FALSE
"confounded_dense_n300_t01_r0018","MLFDR","ok","","",0.239999999999995,FALSE
"binary_dense_n300_t01_r0018","HDMT","ok","","",0.0300000000000011,FALSE
"binary_dense_n300_t01_r0018","MDACT","ok","","",0.0400000000000063,FALSE
"binary_dense_n300_t01_r0018","MLFDR","ok","","",0.579999999999998,FALSE
"linear_sparse_n300_t02_r0018","HDMT","ok","ties should not be present for the one-sample Kolmogorov-Smirnov test","",0.0300000000000011,FALSE
"linear_sparse_n300_t02_r0018","MDACT","ok","ties should not be present for the one-sample Kolmogorov-Smirnov test","",0.0499999999999972,FALSE
"linear_sparse_n300_t02_r0018","MLFDR","ok","","",0.219999999999999,FALSE
"confounded_sparse_n300_t02_r0018","HDMT","ok","ties should not be present for the one-sample Kolmogorov-Smirnov test","",0.0400000000000063,FALSE
"confounded_sparse_n300_t02_r0018","MDACT","ok","ties should not be present for the one-sample Kolmogorov-Smirnov test","",0.0499999999999972,FALSE
"confounded_sparse_n300_t02_r0018","MLFDR","ok","","",0.61999999999999,FALSE
"binary_sparse_n300_t02_r0018","HDMT","ok","","",0.0400000000000063,FALSE
"binary_sparse_n300_t02_r0018","MDACT","ok","","",0.0300000000000011,FALSE
"binary_sparse_n300_t02_r0018","MLFDR","ok","","",0.230000000000004,FALSE
"linear_dense_n300_t02_r0018","HDMT","ok","ties should not be present for the one-sample Kolmogorov-Smirnov test","",0.019999999999996,FALSE
"linear_dense_n300_t02_r0018","MDACT","ok","ties should not be present for the one-sample Kolmogorov-Smirnov test","",0.039999999999992,FALSE
"linear_dense_n300_t02_r0018","MLFDR","ok","","",0.180000000000007,FALSE
"confounded_dense_n300_t02_r0018","HDMT","ok","ties should not be present for the one-sample Kolmogorov-Smirnov test","",0.0400000000000063,FALSE
"confounded_dense_n300_t02_r0018","MDACT","ok","ties should not be present for the one-sample Kolmogorov-Smirnov test","",0.0300000000000011,FALSE
"confounded_dense_n300_t02_r0018","MLFDR","ok","","",0.200000000000003,FALSE
"binary_dense_n300_t02_r0018","HDMT","ok","","",0.0299999999999869,FALSE
"binary_dense_n300_t02_r0018","MDACT","ok","","",0.0600000000000023,FALSE
"binary_dense_n300_t02_r0018","MLFDR","ok","","",0.420000000000002,FALSE
"linear_sparse_n300_t03_r0018","HDMT","ok","ties should not be present for the one-sample Kolmogorov-Smirnov test","",0.00999999999999091,FALSE
"linear_sparse_n300_t03_r0018","MDACT","ok","ties should not be present for the one-sample Kolmogorov-Smirnov test","",0.0400000000000063,FALSE
"linear_sparse_n300_t03_r0018","MLFDR","ok","","",0.170000000000002,FALSE
"confounded_sparse_n300_t03_r0018","HDMT","ok","ties should not be present for the one-sample Kolmogorov-Smirnov test","",0.0299999999999869,FALSE
"confounded_sparse_n300_t03_r0018","MDACT","ok","ties should not be present for the one-sample Kolmogorov-Smirnov test","",0.0300000000000011,FALSE
"confounded_sparse_n300_t03_r0018","MLFDR","ok","","",0.140000000000001,FALSE
"binary_sparse_n300_t03_r0018","HDMT","ok","","",0.0100000000000051,FALSE
"binary_sparse_n300_t03_r0018","MDACT","ok","","",0.0500000000000114,FALSE
"binary_sparse_n300_t03_r0018","MLFDR","ok","","",0.200000000000003,FALSE
"linear_dense_n300_t03_r0018","HDMT","ok","ties should not be present for the one-sample Kolmogorov-Smirnov test","",0.019999999999996,FALSE
"linear_dense_n300_t03_r0018","MDACT","ok","ties should not be present for the one-sample Kolmogorov-Smirnov test","",0.0499999999999972,FALSE
"linear_dense_n300_t03_r0018","MLFDR","ok","","",0.189999999999998,FALSE
"confounded_dense_n300_t03_r0018","HDMT","ok","ties should not be present for the one-sample Kolmogorov-Smirnov test","",0.0300000000000011,FALSE
"confounded_dense_n300_t03_r0018","MDACT","ok","ties should not be present for the one-sample Kolmogorov-Smirnov test","",0.0500000000000114,FALSE
"confounded_dense_n300_t03_r0018","MLFDR","ok","","",0.129999999999995,FALSE
"binary_dense_n300_t03_r0018","HDMT","ok","","",0.0100000000000051,FALSE
"binary_dense_n300_t03_r0018","MDACT","ok","","",0.0499999999999972,FALSE
"binary_dense_n300_t03_r0018","MLFDR","ok","","",0.140000000000001,FALSE
"linear_sparse_n300_t01_r0019","HDMT","ok","ties should not be present for the one-sample Kolmogorov-Smirnov test","",0.019999999999996,FALSE
"linear_sparse_n300_t01_r0019","MDACT","ok","ties should not be present for the one-sample Kolmogorov-Smirnov test","",0.0499999999999972,FALSE
"linear_sparse_n300_t01_r0019","MLFDR","ok","","",0.299999999999997,FALSE
"confounded_sparse_n300_t01_r0019","HDMT","ok","ties should not be present for the one-sample Kolmogorov-Smirnov test","",0.0300000000000011,FALSE
"confounded_sparse_n300_t01_r0019","MDACT","ok","ties should not be present for the one-sample Kolmogorov-Smirnov test","",0.0499999999999972,FALSE
"confounded_sparse_n300_t01_r0019","MLFDR","ok","","",0.590000000000003,FALSE
"binary_sparse_n300_t01_r0019","HDMT","ok","","",0.0299999999999869,FALSE
"binary_sparse_n300_t01_r0019","MDACT","ok","","",0.0499999999999972,FALSE
"binary_sparse_n300_t01_r0019","MLFDR","ok","","",0.230000000000004,FALSE
"linear_dense_n300_t01_r0019","HDMT","ok","ties should not be present for the one-sample Kolmogorov-Smirnov test","",0.019999999999996,FALSE
"linear_dense_n300_t01_r0019","MDACT","ok","ties should not be present for the one-sample Kolmogorov-Smirnov test","",0.0499999999999972,FALSE
"linear_dense_n300_t01_r0019","MLFDR","ok","","",0.239999999999995,FALSE
"confounded_dense_n300_t01_r0019","HDMT","ok","ties should not be present for the one-sample Kolmogorov-Smirnov test","",0.019999999999996,FALSE
"confounded_dense_n300_t01_r0019","MDACT","ok","ties should not be present for the one-sample Kolmogorov-Smirnov test","",0.0300000000000011,FALSE
"confounded_dense_n300_t01_r0019","MLFDR","ok","","",0.25,FALSE
"binary_dense_n300_t01_r0019","HDMT","ok","","",0.0300000000000011,FALSE
"binary_dense_n300_t01_r0019","MDACT","ok","","",0.0500000000000114,FALSE
"binary_dense_n300_t01_r0019","MLFDR","ok","","",0.279999999999987,FALSE
"linear_sparse_n300_t02_r0019","HDMT","ok","ties should not be present for the one-sample Kolmogorov-Smirnov test","",0.0200000000000102,FALSE
"linear_sparse_n300_t02_r0019","MDACT","ok","ties should not be present for the one-sample Kolmogorov-Smirnov test","",0.0400000000000063,FALSE
"linear_sparse_n300_t02_r0019","MLFDR","ok","","",0.140000000000001,FALSE
"confounded_sparse_n300_t02_r0019","HDMT","ok","ties should not be present for the one-sample Kolmogorov-Smirnov test","",0.0299999999999869,FALSE
"confounded_sparse_n300_t02_r0019","MDACT","ok","ties should not be present for the one-sample Kolmogorov-Smirnov test","",0.0300000000000011,FALSE
"confounded_sparse_n300_t02_r0019","MLFDR","ok","","",0.509999999999991,FALSE
"binary_sparse_n300_t02_r0019","HDMT","ok","","",0.019999999999996,FALSE
"binary_sparse_n300_t02_r0019","MDACT","ok","","",0.0300000000000011,FALSE
"binary_sparse_n300_t02_r0019","MLFDR","ok","","",0.129999999999995,FALSE
"linear_dense_n300_t02_r0019","HDMT","ok","ties should not be present for the one-sample Kolmogorov-Smirnov test","",0.0100000000000051,FALSE
"linear_dense_n300_t02_r0019","MDACT","ok","ties should not be present for the one-sample Kolmogorov-Smirnov test","",0.039999999999992,FALSE
"linear_dense_n300_t02_r0019","MLFDR","ok","","",0.170000000000002,FALSE
"confounded_dense_n300_t02_r0019","HDMT","ok","ties should not be present for the one-sample Kolmogorov-Smirnov test","",0.019999999999996,FALSE
"confounded_dense_n300_t02_r0019","MDACT","ok","ties should not be present for the one-sample Kolmogorov-Smirnov test","",0.0300000000000011,FALSE
"confounded_dense_n300_t02_r0019","MLFDR","ok","","",0.189999999999998,FALSE
"binary_dense_n300_t02_r0019","HDMT","ok","","",0.019999999999996,FALSE
"binary_dense_n300_t02_r0019","MDACT","ok","","",0.0499999999999972,FALSE
"binary_dense_n300_t02_r0019","MLFDR","ok","","",0.219999999999999,FALSE
"linear_sparse_n300_t03_r0019","HDMT","ok","ties should not be present for the one-sample Kolmogorov-Smirnov test","",0.0200000000000102,FALSE
"linear_sparse_n300_t03_r0019","MDACT","ok","ties should not be present for the one-sample Kolmogorov-Smirnov test","",0.0400000000000063,FALSE
"linear_sparse_n300_t03_r0019","MLFDR","ok","","",0.210000000000008,FALSE
"confounded_sparse_n300_t03_r0019","HDMT","ok","ties should not be present for the one-sample Kolmogorov-Smirnov test","",0.0300000000000011,FALSE
"confounded_sparse_n300_t03_r0019","MDACT","ok","ties should not be present for the one-sample Kolmogorov-Smirnov test","",0.0400000000000063,FALSE
"confounded_sparse_n300_t03_r0019","MLFDR","ok","","",0.0900000000000034,FALSE
"binary_sparse_n300_t03_r0019","HDMT","ok","","",0.0100000000000051,FALSE
"binary_sparse_n300_t03_r0019","MDACT","ok","","",0.0500000000000114,FALSE
"binary_sparse_n300_t03_r0019","MLFDR","ok","","",0.120000000000005,FALSE
"linear_dense_n300_t03_r0019","HDMT","ok","ties should not be present for the one-sample Kolmogorov-Smirnov test","",0.0100000000000051,FALSE
"linear_dense_n300_t03_r0019","MDACT","ok","ties should not be present for the one-sample Kolmogorov-Smirnov test","",0.0500000000000114,FALSE
"linear_dense_n300_t03_r0019","MLFDR","ok","","",0.230000000000004,FALSE
"confounded_dense_n300_t03_r0019","HDMT","ok","ties should not be present for the one-sample Kolmogorov-Smirnov test","",0.019999999999996,FALSE
"confounded_dense_n300_t03_r0019","MDACT","ok","ties should not be present for the one-sample Kolmogorov-Smirnov test","",0.039999999999992,FALSE
"confounded_dense_n300_t03_r0019","MLFDR","ok","","",0.120000000000005,FALSE
"binary_dense_n300_t03_r0019","HDMT","ok","","",0.0300000000000011,FALSE
"binary_dense_n300_t03_r0019","MDACT","ok","","",0.039999999999992,FALSE
"binary_dense_n300_t03_r0019","MLFDR","ok","","",0.209999999999994,FALSE
"linear_sparse_n300_t01_r0020","HDMT","ok","ties should not be present for the one-sample Kolmogorov-Smirnov test","",0.0300000000000011,FALSE
"linear_sparse_n300_t01_r0020","MDACT","ok","ties should not be present for the one-sample Kolmogorov-Smirnov test","",0.0300000000000011,FALSE
"linear_sparse_n300_t01_r0020","MLFDR","ok","","",0.47999999999999,FALSE
"confounded_sparse_n300_t01_r0020","HDMT","ok","ties should not be present for the one-sample Kolmogorov-Smirnov test","",0.0300000000000011,FALSE
"confounded_sparse_n300_t01_r0020","MDACT","ok","ties should not be present for the one-sample Kolmogorov-Smirnov test","",0.0499999999999972,FALSE
"confounded_sparse_n300_t01_r0020","MLFDR","ok","","",3.40000000000001,FALSE
"binary_sparse_n300_t01_r0020","HDMT","ok","","",0.00999999999999091,FALSE
"binary_sparse_n300_t01_r0020","MDACT","ok","","",0.0300000000000011,FALSE
"binary_sparse_n300_t01_r0020","MLFDR","ok","","",1.33,FALSE
"linear_dense_n300_t01_r0020","HDMT","ok","ties should not be present for the one-sample Kolmogorov-Smirnov test","",0.0300000000000011,FALSE
"linear_dense_n300_t01_r0020","MDACT","ok","ties should not be present for the one-sample Kolmogorov-Smirnov test","",0.0699999999999932,FALSE
"linear_dense_n300_t01_r0020","MLFDR","ok","","",0.739999999999995,FALSE
"confounded_dense_n300_t01_r0020","HDMT","ok","ties should not be present for the one-sample Kolmogorov-Smirnov test","",0.0299999999999869,FALSE
"confounded_dense_n300_t01_r0020","MDACT","ok","ties should not be present for the one-sample Kolmogorov-Smirnov test","",0.0499999999999972,FALSE
"confounded_dense_n300_t01_r0020","MLFDR","ok","","",0.5,FALSE
"binary_dense_n300_t01_r0020","HDMT","ok","","",0.019999999999996,FALSE
"binary_dense_n300_t01_r0020","MDACT","ok","","",0.0499999999999972,FALSE
"binary_dense_n300_t01_r0020","MLFDR","ok","","",0.5,FALSE
"linear_sparse_n300_t02_r0020","HDMT","ok","ties should not be present for the one-sample Kolmogorov-Smirnov test","",0.019999999999996,FALSE
"linear_sparse_n300_t02_r0020","MDACT","ok","ties should not be present for the one-sample Kolmogorov-Smirnov test","",0.0499999999999972,FALSE
"linear_sparse_n300_t02_r0020","MLFDR","ok","","",0.170000000000002,FALSE
"confounded_sparse_n300_t02_r0020","HDMT","ok","ties should not be present for the one-sample Kolmogorov-Smirnov test","",0.0300000000000011,FALSE
"confounded_sparse_n300_t02_r0020","MDACT","ok","ties should not be present for the one-sample Kolmogorov-Smirnov test","",0.039999999999992,FALSE
"confounded_sparse_n300_t02_r0020","MLFDR","ok","","",0.129999999999995,FALSE
"binary_sparse_n300_t02_r0020","HDMT","ok","","",0.019999999999996,FALSE
"binary_sparse_n300_t02_r0020","MDACT","ok","","",0.0300000000000011,FALSE
"binary_sparse_n300_t02_r0020","MLFDR","ok","","",0.239999999999995,FALSE
"linear_dense_n300_t02_r0020","HDMT","ok","ties should not be present for the one-sample Kolmogorov-Smirnov test","",0.0300000000000011,FALSE
"linear_dense_n300_t02_r0020","MDACT","ok","ties should not be present for the one-sample Kolmogorov-Smirnov test","",0.0400000000000063,FALSE
"linear_dense_n300_t02_r0020","MLFDR","ok","","",0.410000000000011,FALSE
"confounded_dense_n300_t02_r0020","HDMT","ok","ties should not be present for the one-sample Kolmogorov-Smirnov test","",0.0200000000000102,FALSE
"confounded_dense_n300_t02_r0020","MDACT","ok","ties should not be present for the one-sample Kolmogorov-Smirnov test","",0.0400000000000063,FALSE
"confounded_dense_n300_t02_r0020","MLFDR","ok","","",0.310000000000002,FALSE
"binary_dense_n300_t02_r0020","HDMT","ok","","",0.0300000000000011,FALSE
"binary_dense_n300_t02_r0020","MDACT","ok","","",0.0499999999999972,FALSE
"binary_dense_n300_t02_r0020","MLFDR","ok","","",0.310000000000002,FALSE
"linear_sparse_n300_t03_r0020","HDMT","ok","ties should not be present for the one-sample Kolmogorov-Smirnov test","",0.00999999999999091,FALSE
"linear_sparse_n300_t03_r0020","MDACT","ok","ties should not be present for the one-sample Kolmogorov-Smirnov test","",0.0400000000000063,FALSE
"linear_sparse_n300_t03_r0020","MLFDR","ok","","",0.359999999999999,FALSE
"confounded_sparse_n300_t03_r0020","HDMT","ok","ties should not be present for the one-sample Kolmogorov-Smirnov test","",0.0100000000000193,FALSE
"confounded_sparse_n300_t03_r0020","MDACT","ok","ties should not be present for the one-sample Kolmogorov-Smirnov test","",0.0499999999999829,FALSE
"confounded_sparse_n300_t03_r0020","MLFDR","ok","","",0.139999999999986,FALSE
"binary_sparse_n300_t03_r0020","HDMT","ok","","",0.0300000000000011,FALSE
"binary_sparse_n300_t03_r0020","MDACT","ok","","",0.0300000000000011,FALSE
"binary_sparse_n300_t03_r0020","MLFDR","ok","","",0.219999999999999,FALSE
"linear_dense_n300_t03_r0020","HDMT","ok","ties should not be present for the one-sample Kolmogorov-Smirnov test","",0.019999999999996,FALSE
"linear_dense_n300_t03_r0020","MDACT","ok","ties should not be present for the one-sample Kolmogorov-Smirnov test","",0.0499999999999972,FALSE
"linear_dense_n300_t03_r0020","MLFDR","ok","","",0.169999999999987,FALSE
"confounded_dense_n300_t03_r0020","HDMT","ok","ties should not be present for the one-sample Kolmogorov-Smirnov test","",0.019999999999996,FALSE
"confounded_dense_n300_t03_r0020","MDACT","ok","ties should not be present for the one-sample Kolmogorov-Smirnov test","",0.0300000000000011,FALSE
"confounded_dense_n300_t03_r0020","MLFDR","ok","","",0.159999999999997,FALSE
"binary_dense_n300_t03_r0020","HDMT","ok","","",0.0100000000000193,FALSE
"binary_dense_n300_t03_r0020","MDACT","ok","","",0.0499999999999829,FALSE
"binary_dense_n300_t03_r0020","MLFDR","ok","","",0.120000000000005,FALSE
"linear_sparse_n300_t01_r0021","HDMT","ok","ties should not be present for the one-sample Kolmogorov-Smirnov test","",0.00999999999999091,FALSE
"linear_sparse_n300_t01_r0021","MDACT","ok","ties should not be present for the one-sample Kolmogorov-Smirnov test","",0.0300000000000011,FALSE
"linear_sparse_n300_t01_r0021","MLFDR","ok","","",0.840000000000003,FALSE
"confounded_sparse_n300_t01_r0021","HDMT","ok","ties should not be present for the one-sample Kolmogorov-Smirnov test","",0.0300000000000011,FALSE
"confounded_sparse_n300_t01_r0021","MDACT","ok","ties should not be present for the one-sample Kolmogorov-Smirnov test","",0.0500000000000114,FALSE
"confounded_sparse_n300_t01_r0021","MLFDR","ok","","",0.360000000000014,FALSE
"binary_sparse_n300_t01_r0021","HDMT","ok","","",0.00999999999999091,FALSE
"binary_sparse_n300_t01_r0021","MDACT","ok","","",0.0500000000000114,FALSE
"binary_sparse_n300_t01_r0021","MLFDR","ok","","",1.47,FALSE
"linear_dense_n300_t01_r0021","HDMT","ok","ties should not be present for the one-sample Kolmogorov-Smirnov test","",0.0200000000000102,FALSE
"linear_dense_n300_t01_r0021","MDACT","ok","ties should not be present for the one-sample Kolmogorov-Smirnov test","",0.0499999999999829,FALSE
"linear_dense_n300_t01_r0021","MLFDR","ok","","",0.659999999999997,FALSE
"confounded_dense_n300_t01_r0021","HDMT","ok","ties should not be present for the one-sample Kolmogorov-Smirnov test","",0.039999999999992,FALSE
"confounded_dense_n300_t01_r0021","MDACT","ok","ties should not be present for the one-sample Kolmogorov-Smirnov test","",0.0500000000000114,FALSE
"confounded_dense_n300_t01_r0021","MLFDR","ok","","",0.530000000000001,FALSE
"binary_dense_n300_t01_r0021","HDMT","ok","","",0.0400000000000205,FALSE
"binary_dense_n300_t01_r0021","MDACT","ok","","",0.0499999999999829,FALSE
"binary_dense_n300_t01_r0021","MLFDR","ok","","",1.01000000000002,FALSE
"linear_sparse_n300_t02_r0021","HDMT","ok","ties should not be present for the one-sample Kolmogorov-Smirnov test","",0.0300000000000011,FALSE
"linear_sparse_n300_t02_r0021","MDACT","ok","ties should not be present for the one-sample Kolmogorov-Smirnov test","",0.0500000000000114,FALSE
"linear_sparse_n300_t02_r0021","MLFDR","ok","","",0.219999999999999,FALSE
"confounded_sparse_n300_t02_r0021","HDMT","ok","ties should not be present for the one-sample Kolmogorov-Smirnov test","",0.0300000000000011,FALSE
"confounded_sparse_n300_t02_r0021","MDACT","ok","ties should not be present for the one-sample Kolmogorov-Smirnov test","",0.0500000000000114,FALSE
"confounded_sparse_n300_t02_r0021","MLFDR","ok","","",0.169999999999987,FALSE
"binary_sparse_n300_t02_r0021","HDMT","ok","","",0.00999999999999091,FALSE
"binary_sparse_n300_t02_r0021","MDACT","ok","","",0.0499999999999829,FALSE
"binary_sparse_n300_t02_r0021","MLFDR","ok","","",0.169999999999987,FALSE
"linear_dense_n300_t02_r0021","HDMT","ok","ties should not be present for the one-sample Kolmogorov-Smirnov test","",0.0300000000000011,FALSE
"linear_dense_n300_t02_r0021","MDACT","ok","ties should not be present for the one-sample Kolmogorov-Smirnov test","",0.0499999999999829,FALSE
"linear_dense_n300_t02_r0021","MLFDR","ok","","",0.200000000000017,FALSE
"confounded_dense_n300_t02_r0021","HDMT","ok","ties should not be present for the one-sample Kolmogorov-Smirnov test","",0.0300000000000011,FALSE
"confounded_dense_n300_t02_r0021","MDACT","ok","ties should not be present for the one-sample Kolmogorov-Smirnov test","",0.0400000000000205,FALSE
"confounded_dense_n300_t02_r0021","MLFDR","ok","","",0.330000000000013,FALSE
"binary_dense_n300_t02_r0021","HDMT","ok","","",0.0300000000000011,FALSE
"binary_dense_n300_t02_r0021","MDACT","ok","","",0.0500000000000114,FALSE
"binary_dense_n300_t02_r0021","MLFDR","ok","","",0.149999999999977,FALSE
"linear_sparse_n300_t03_r0021","HDMT","ok","ties should not be present for the one-sample Kolmogorov-Smirnov test","",0.0100000000000193,FALSE
"linear_sparse_n300_t03_r0021","MDACT","ok","ties should not be present for the one-sample Kolmogorov-Smirnov test","",0.0300000000000011,FALSE
"linear_sparse_n300_t03_r0021","MLFDR","ok","","",0.0999999999999943,FALSE
"confounded_sparse_n300_t03_r0021","HDMT","ok","ties should not be present for the one-sample Kolmogorov-Smirnov test","",0.0199999999999818,FALSE
"confounded_sparse_n300_t03_r0021","MDACT","ok","ties should not be present for the one-sample Kolmogorov-Smirnov test","",0.0300000000000011,FALSE
"confounded_sparse_n300_t03_r0021","MLFDR","ok","","",0.0900000000000034,FALSE
"binary_sparse_n300_t03_r0021","HDMT","ok","","",0.0200000000000102,FALSE
"binary_sparse_n300_t03_r0021","MDACT","ok","","",0.0500000000000114,FALSE
"binary_sparse_n300_t03_r0021","MLFDR","ok","","",0.0800000000000125,FALSE
"linear_dense_n300_t03_r0021","HDMT","ok","ties should not be present for the one-sample Kolmogorov-Smirnov test","",0.0300000000000011,FALSE
"linear_dense_n300_t03_r0021","MDACT","ok","ties should not be present for the one-sample Kolmogorov-Smirnov test","",0.0300000000000011,FALSE
"linear_dense_n300_t03_r0021","MLFDR","ok","","",0.25,FALSE
"confounded_dense_n300_t03_r0021","HDMT","ok","ties should not be present for the one-sample Kolmogorov-Smirnov test","",0.0100000000000193,FALSE
"confounded_dense_n300_t03_r0021","MDACT","ok","ties should not be present for the one-sample Kolmogorov-Smirnov test","",0.0300000000000011,FALSE
"confounded_dense_n300_t03_r0021","MLFDR","ok","","",0.120000000000005,FALSE
"binary_dense_n300_t03_r0021","HDMT","ok","","",0.0199999999999818,FALSE
"binary_dense_n300_t03_r0021","MDACT","ok","","",0.0500000000000114,FALSE
"binary_dense_n300_t03_r0021","MLFDR","ok","","",0.159999999999997,FALSE
"linear_sparse_n300_t01_r0022","HDMT","ok","ties should not be present for the one-sample Kolmogorov-Smirnov test","",0.0300000000000011,FALSE
"linear_sparse_n300_t01_r0022","MDACT","ok","ties should not be present for the one-sample Kolmogorov-Smirnov test","",0.0300000000000011,FALSE
"linear_sparse_n300_t01_r0022","MLFDR","ok","","",0.260000000000019,FALSE
"confounded_sparse_n300_t01_r0022","HDMT","ok","ties should not be present for the one-sample Kolmogorov-Smirnov test","",0.0300000000000011,FALSE
"confounded_sparse_n300_t01_r0022","MDACT","ok","ties should not be present for the one-sample Kolmogorov-Smirnov test","",0.0499999999999829,FALSE
"confounded_sparse_n300_t01_r0022","MLFDR","ok","","",2.10999999999999,FALSE
"binary_sparse_n300_t01_r0022","HDMT","ok","","",0.039999999999992,FALSE
"binary_sparse_n300_t01_r0022","MDACT","ok","","",0.0499999999999829,FALSE
"binary_sparse_n300_t01_r0022","MLFDR","ok","","",0.280000000000001,FALSE
"linear_dense_n300_t01_r0022","HDMT","ok","ties should not be present for the one-sample Kolmogorov-Smirnov test","",0.0300000000000011,FALSE
"linear_dense_n300_t01_r0022","MDACT","ok","ties should not be present for the one-sample Kolmogorov-Smirnov test","",0.039999999999992,FALSE
"linear_dense_n300_t01_r0022","MLFDR","ok","","",0.539999999999992,FALSE
"confounded_dense_n300_t01_r0022","HDMT","ok","ties should not be present for the one-sample Kolmogorov-Smirnov test","",0.0199999999999818,FALSE
"confounded_dense_n300_t01_r0022","MDACT","ok","ties should not be present for the one-sample Kolmogorov-Smirnov test","",0.039999999999992,FALSE
"confounded_dense_n300_t01_r0022","MLFDR","ok","","",0.590000000000003,FALSE
"binary_dense_n300_t01_r0022","HDMT","ok","","",0.0300000000000011,FALSE
"binary_dense_n300_t01_r0022","MDACT","ok","","",0.0400000000000205,FALSE
"binary_dense_n300_t01_r0022","MLFDR","ok","","",0.219999999999999,FALSE
"linear_sparse_n300_t02_r0022","HDMT","ok","ties should not be present for the one-sample Kolmogorov-Smirnov test","",0.0199999999999818,FALSE
"linear_sparse_n300_t02_r0022","MDACT","ok","ties should not be present for the one-sample Kolmogorov-Smirnov test","",0.0500000000000114,FALSE
"linear_sparse_n300_t02_r0022","MLFDR","ok","","",0.680000000000007,FALSE
"confounded_sparse_n300_t02_r0022","HDMT","ok","ties should not be present for the one-sample Kolmogorov-Smirnov test","",0.0200000000000102,FALSE
"confounded_sparse_n300_t02_r0022","MDACT","ok","ties should not be present for the one-sample Kolmogorov-Smirnov test","",0.0500000000000114,FALSE
"confounded_sparse_n300_t02_r0022","MLFDR","ok","","",0.180000000000007,FALSE
"binary_sparse_n300_t02_r0022","HDMT","ok","","",0.0300000000000011,FALSE
"binary_sparse_n300_t02_r0022","MDACT","ok","","",0.039999999999992,FALSE
"binary_sparse_n300_t02_r0022","MLFDR","ok","","",0.219999999999999,FALSE
"linear_dense_n300_t02_r0022","HDMT","ok","ties should not be present for the one-sample Kolmogorov-Smirnov test","",0.0799999999999841,FALSE
"linear_dense_n300_t02_r0022","MDACT","ok","ties should not be present for the one-sample Kolmogorov-Smirnov test","",0.039999999999992,FALSE
"linear_dense_n300_t02_r0022","MLFDR","ok","","",0.319999999999993,FALSE
"confounded_dense_n300_t02_r0022","HDMT","ok","ties should not be present for the one-sample Kolmogorov-Smirnov test","",0.0300000000000011,FALSE
"confounded_dense_n300_t02_r0022","MDACT","ok","ties should not be present for the one-sample Kolmogorov-Smirnov test","",0.039999999999992,FALSE
"confounded_dense_n300_t02_r0022","MLFDR","ok","","",0.180000000000007,FALSE
"binary_dense_n300_t02_r0022","HDMT","ok","","",0.0199999999999818,FALSE
"binary_dense_n300_t02_r0022","MDACT","ok","","",0.0500000000000114,FALSE
"binary_dense_n300_t02_r0022","MLFDR","ok","","",0.22999999999999,FALSE
"linear_sparse_n300_t03_r0022","HDMT","ok","ties should not be present for the one-sample Kolmogorov-Smirnov test","",0.0300000000000011,FALSE
"linear_sparse_n300_t03_r0022","MDACT","ok","ties should not be present for the one-sample Kolmogorov-Smirnov test","",0.039999999999992,FALSE
"linear_sparse_n300_t03_r0022","MLFDR","ok","","",0.340000000000003,FALSE
"confounded_sparse_n300_t03_r0022","HDMT","ok","ties should not be present for the one-sample Kolmogorov-Smirnov test","",0.00999999999999091,FALSE
"confounded_sparse_n300_t03_r0022","MDACT","ok","ties should not be present for the one-sample Kolmogorov-Smirnov test","",0.039999999999992,FALSE
"confounded_sparse_n300_t03_r0022","MLFDR","ok","","",0.139999999999986,FALSE
"binary_sparse_n300_t03_r0022","HDMT","ok","","",0.0300000000000011,FALSE
"binary_sparse_n300_t03_r0022","MDACT","ok","","",0.0300000000000011,FALSE
"binary_sparse_n300_t03_r0022","MLFDR","ok","","",0.140000000000015,FALSE
"linear_dense_n300_t03_r0022","HDMT","ok","ties should not be present for the one-sample Kolmogorov-Smirnov test","",0.0300000000000011,FALSE
"linear_dense_n300_t03_r0022","MDACT","ok","ties should not be present for the one-sample Kolmogorov-Smirnov test","",0.0500000000000114,FALSE
"linear_dense_n300_t03_r0022","MLFDR","ok","","",0.0900000000000034,FALSE
"confounded_dense_n300_t03_r0022","HDMT","ok","ties should not be present for the one-sample Kolmogorov-Smirnov test","",0.0200000000000102,FALSE
"confounded_dense_n300_t03_r0022","MDACT","ok","ties should not be present for the one-sample Kolmogorov-Smirnov test","",0.0499999999999829,FALSE
"confounded_dense_n300_t03_r0022","MLFDR","ok","","",0.169999999999987,FALSE
"binary_dense_n300_t03_r0022","HDMT","ok","","",0.0200000000000102,FALSE
"binary_dense_n300_t03_r0022","MDACT","ok","","",0.0499999999999829,FALSE
"binary_dense_n300_t03_r0022","MLFDR","ok","","",0.140000000000015,FALSE
"linear_sparse_n300_t01_r0023","HDMT","ok","ties should not be present for the one-sample Kolmogorov-Smirnov test","",0.039999999999992,FALSE
"linear_sparse_n300_t01_r0023","MDACT","ok","ties should not be present for the one-sample Kolmogorov-Smirnov test","",0.0500000000000114,FALSE
"linear_sparse_n300_t01_r0023","MLFDR","ok","","",0.210000000000008,FALSE
"confounded_sparse_n300_t01_r0023","HDMT","ok","ties should not be present for the one-sample Kolmogorov-Smirnov test","",0.0300000000000011,FALSE
"confounded_sparse_n300_t01_r0023","MDACT","ok","ties should not be present for the one-sample Kolmogorov-Smirnov test","",0.0400000000000205,FALSE
"confounded_sparse_n300_t01_r0023","MLFDR","ok","","",0.230000000000018,FALSE
"binary_sparse_n300_t01_r0023","HDMT","ok","","",0.0300000000000011,FALSE
"binary_sparse_n300_t01_r0023","MDACT","ok","","",0.0300000000000011,FALSE
"binary_sparse_n300_t01_r0023","MLFDR","ok","","",1.03999999999999,FALSE
"linear_dense_n300_t01_r0023","HDMT","ok","ties should not be present for the one-sample Kolmogorov-Smirnov test","",0.0200000000000102,FALSE
"linear_dense_n300_t01_r0023","MDACT","ok","ties should not be present for the one-sample Kolmogorov-Smirnov test","",0.039999999999992,FALSE
"linear_dense_n300_t01_r0023","MLFDR","ok","","",0.549999999999983,FALSE
"confounded_dense_n300_t01_r0023","HDMT","ok","ties should not be present for the one-sample Kolmogorov-Smirnov test","",0.039999999999992,FALSE
"confounded_dense_n300_t01_r0023","MDACT","ok","ties should not be present for the one-sample Kolmogorov-Smirnov test","",0.0500000000000114,FALSE
"confounded_dense_n300_t01_r0023","MLFDR","ok","","",0.430000000000007,FALSE
"binary_dense_n300_t01_r0023","HDMT","ok","","",0.0199999999999818,FALSE
"binary_dense_n300_t01_r0023","MDACT","ok","","",0.039999999999992,FALSE
"binary_dense_n300_t01_r0023","MLFDR","ok","","",0.210000000000008,FALSE
"linear_sparse_n300_t02_r0023","HDMT","ok","ties should not be present for the one-sample Kolmogorov-Smirnov test","",0.0200000000000102,FALSE
"linear_sparse_n300_t02_r0023","MDACT","ok","ties should not be present for the one-sample Kolmogorov-Smirnov test","",0.0300000000000011,FALSE
"linear_sparse_n300_t02_r0023","MLFDR","ok","","",0.70999999999998,FALSE
"confounded_sparse_n300_t02_r0023","HDMT","ok","ties should not be present for the one-sample Kolmogorov-Smirnov test","",0.0300000000000011,FALSE
"confounded_sparse_n300_t02_r0023","MDACT","ok","ties should not be present for the one-sample Kolmogorov-Smirnov test","",0.0499999999999829,FALSE
"confounded_sparse_n300_t02_r0023","MLFDR","ok","","",0.150000000000006,FALSE
"binary_sparse_n300_t02_r0023","HDMT","ok","","",0.0199999999999818,FALSE
"binary_sparse_n300_t02_r0023","MDACT","ok","","",0.0499999999999829,FALSE
"binary_sparse_n300_t02_r0023","MLFDR","ok","","",0.199999999999989,FALSE
"linear_dense_n300_t02_r0023","HDMT","ok","ties should not be present for the one-sample Kolmogorov-Smirnov test","",0.0199999999999818,FALSE
"linear_dense_n300_t02_r0023","MDACT","ok","ties should not be present for the one-sample Kolmogorov-Smirnov test","",0.0499999999999829,FALSE
"linear_dense_n300_t02_r0023","MLFDR","ok","","",0.169999999999987,FALSE
"confounded_dense_n300_t02_r0023","HDMT","ok","ties should not be present for the one-sample Kolmogorov-Smirnov test","",0.00999999999999091,FALSE
"confounded_dense_n300_t02_r0023","MDACT","ok","ties should not be present for the one-sample Kolmogorov-Smirnov test","",0.0500000000000114,FALSE
"confounded_dense_n300_t02_r0023","MLFDR","ok","","",0.189999999999998,FALSE
"binary_dense_n300_t02_r0023","HDMT","ok","","",0.0300000000000011,FALSE
"binary_dense_n300_t02_r0023","MDACT","ok","","",0.0400000000000205,FALSE
"binary_dense_n300_t02_r0023","MLFDR","ok","","",0.139999999999986,FALSE
"linear_sparse_n300_t03_r0023","HDMT","ok","ties should not be present for the one-sample Kolmogorov-Smirnov test","",0.00999999999999091,FALSE
"linear_sparse_n300_t03_r0023","MDACT","ok","ties should not be present for the one-sample Kolmogorov-Smirnov test","",0.0300000000000011,FALSE
"linear_sparse_n300_t03_r0023","MLFDR","ok","","",0.0800000000000125,FALSE
"confounded_sparse_n300_t03_r0023","HDMT","ok","ties should not be present for the one-sample Kolmogorov-Smirnov test","",0.0200000000000102,FALSE
"confounded_sparse_n300_t03_r0023","MDACT","ok","ties should not be present for the one-sample Kolmogorov-Smirnov test","",0.0300000000000011,FALSE
"confounded_sparse_n300_t03_r0023","MLFDR","ok","","",0.310000000000002,FALSE
"binary_sparse_n300_t03_r0023","HDMT","ok","","",0.0199999999999818,FALSE
"binary_sparse_n300_t03_r0023","MDACT","ok","","",0.039999999999992,FALSE
"binary_sparse_n300_t03_r0023","MLFDR","ok","","",0.330000000000013,FALSE
"linear_dense_n300_t03_r0023","HDMT","ok","ties should not be present for the one-sample Kolmogorov-Smirnov test","",0.0199999999999818,FALSE
"linear_dense_n300_t03_r0023","MDACT","ok","ties should not be present for the one-sample Kolmogorov-Smirnov test","",0.0400000000000205,FALSE
"linear_dense_n300_t03_r0023","MLFDR","ok","","",0.140000000000015,FALSE
"confounded_dense_n300_t03_r0023","HDMT","ok","ties should not be present for the one-sample Kolmogorov-Smirnov test","",0.0300000000000011,FALSE
"confounded_dense_n300_t03_r0023","MDACT","ok","ties should not be present for the one-sample Kolmogorov-Smirnov test","",0.0300000000000011,FALSE
"confounded_dense_n300_t03_r0023","MLFDR","ok","","",0.150000000000006,FALSE
"binary_dense_n300_t03_r0023","HDMT","ok","","",0.0300000000000011,FALSE
"binary_dense_n300_t03_r0023","MDACT","ok","","",0.0400000000000205,FALSE
"binary_dense_n300_t03_r0023","MLFDR","ok","","",0.200000000000017,FALSE
"linear_sparse_n300_t01_r0024","HDMT","ok","ties should not be present for the one-sample Kolmogorov-Smirnov test","",0.0199999999999818,FALSE
"linear_sparse_n300_t01_r0024","MDACT","ok","ties should not be present for the one-sample Kolmogorov-Smirnov test","",0.0100000000000193,FALSE
"linear_sparse_n300_t01_r0024","MLFDR","ok","","",0.70999999999998,FALSE
"confounded_sparse_n300_t01_r0024","HDMT","ok","ties should not be present for the one-sample Kolmogorov-Smirnov test","",0.0300000000000011,FALSE
"confounded_sparse_n300_t01_r0024","MDACT","ok","ties should not be present for the one-sample Kolmogorov-Smirnov test","",0.0499999999999829,FALSE
"confounded_sparse_n300_t01_r0024","MLFDR","ok","","",1.07999999999998,FALSE
"binary_sparse_n300_t01_r0024","HDMT","ok","","",0.0300000000000011,FALSE
"binary_sparse_n300_t01_r0024","MDACT","ok","","",0.0300000000000011,FALSE
"binary_sparse_n300_t01_r0024","MLFDR","ok","","",0.29000000000002,FALSE
"linear_dense_n300_t01_r0024","HDMT","ok","ties should not be present for the one-sample Kolmogorov-Smirnov test","",0.0100000000000193,FALSE
"linear_dense_n300_t01_r0024","MDACT","ok","ties should not be present for the one-sample Kolmogorov-Smirnov test","",0.0499999999999829,FALSE
"linear_dense_n300_t01_r0024","MLFDR","ok","","",0.699999999999989,FALSE
"confounded_dense_n300_t01_r0024","HDMT","ok","ties should not be present for the one-sample Kolmogorov-Smirnov test","",0.0300000000000011,FALSE
"confounded_dense_n300_t01_r0024","MDACT","ok","ties should not be present for the one-sample Kolmogorov-Smirnov test","",0.0300000000000011,FALSE
"confounded_dense_n300_t01_r0024","MLFDR","ok","","",0.550000000000011,FALSE
"binary_dense_n300_t01_r0024","HDMT","ok","","",0.0300000000000011,FALSE
"binary_dense_n300_t01_r0024","MDACT","ok","","",0.039999999999992,FALSE
"binary_dense_n300_t01_r0024","MLFDR","ok","","",0.310000000000002,FALSE
"linear_sparse_n300_t02_r0024","HDMT","ok","ties should not be present for the one-sample Kolmogorov-Smirnov test","",0.0199999999999818,FALSE
"linear_sparse_n300_t02_r0024","MDACT","ok","ties should not be present for the one-sample Kolmogorov-Smirnov test","",0.0300000000000011,FALSE
"linear_sparse_n300_t02_r0024","MLFDR","ok","","",0.230000000000018,FALSE
"confounded_sparse_n300_t02_r0024","HDMT","ok","ties should not be present for the one-sample Kolmogorov-Smirnov test","",0.0200000000000102,FALSE
"confounded_sparse_n300_t02_r0024","MDACT","ok","ties should not be present for the one-sample Kolmogorov-Smirnov test","",0.0300000000000011,FALSE
"confounded_sparse_n300_t02_r0024","MLFDR","ok","","",0.25,FALSE
"binary_sparse_n300_t02_r0024","HDMT","ok","","",0.00999999999999091,FALSE
"binary_sparse_n300_t02_r0024","MDACT","ok","","",0.0499999999999829,FALSE
"binary_sparse_n300_t02_r0024","MLFDR","ok","","",0.269999999999982,FALSE
"linear_dense_n300_t02_r0024","HDMT","ok","ties should not be present for the one-sample Kolmogorov-Smirnov test","",0.0200000000000102,FALSE
"linear_dense_n300_t02_r0024","MDACT","ok","ties should not be present for the one-sample Kolmogorov-Smirnov test","",0.0400000000000205,FALSE
"linear_dense_n300_t02_r0024","MLFDR","ok","","",0.280000000000001,FALSE
"confounded_dense_n300_t02_r0024","HDMT","ok","ties should not be present for the one-sample Kolmogorov-Smirnov test","",0.00999999999999091,FALSE
"confounded_dense_n300_t02_r0024","MDACT","ok","ties should not be present for the one-sample Kolmogorov-Smirnov test","",0.0500000000000114,FALSE
"confounded_dense_n300_t02_r0024","MLFDR","ok","","",0.230000000000018,FALSE
"binary_dense_n300_t02_r0024","HDMT","ok","","",0.0199999999999818,FALSE
"binary_dense_n300_t02_r0024","MDACT","ok","","",0.0500000000000114,FALSE
"binary_dense_n300_t02_r0024","MLFDR","ok","","",0.280000000000001,FALSE
"linear_sparse_n300_t03_r0024","HDMT","ok","ties should not be present for the one-sample Kolmogorov-Smirnov test","",0.00999999999999091,FALSE
"linear_sparse_n300_t03_r0024","MDACT","ok","ties should not be present for the one-sample Kolmogorov-Smirnov test","",0.039999999999992,FALSE
"linear_sparse_n300_t03_r0024","MLFDR","ok","","",0.109999999999985,FALSE
"confounded_sparse_n300_t03_r0024","HDMT","ok","ties should not be present for the one-sample Kolmogorov-Smirnov test","",0.0300000000000011,FALSE
"confounded_sparse_n300_t03_r0024","MDACT","ok","ties should not be present for the one-sample Kolmogorov-Smirnov test","",0.0600000000000023,FALSE
"confounded_sparse_n300_t03_r0024","MLFDR","ok","","",0.180000000000007,FALSE
"binary_sparse_n300_t03_r0024","HDMT","ok","","",0.0100000000000193,FALSE
"binary_sparse_n300_t03_r0024","MDACT","ok","","",0.0499999999999829,FALSE
"binary_sparse_n300_t03_r0024","MLFDR","ok","","",0.169999999999987,FALSE
"linear_dense_n300_t03_r0024","HDMT","ok","ties should not be present for the one-sample Kolmogorov-Smirnov test","",0.0300000000000011,FALSE
"linear_dense_n300_t03_r0024","MDACT","ok","ties should not be present for the one-sample Kolmogorov-Smirnov test","",0.0600000000000023,FALSE
"linear_dense_n300_t03_r0024","MLFDR","ok","","",0.199999999999989,FALSE
"confounded_dense_n300_t03_r0024","HDMT","ok","ties should not be present for the one-sample Kolmogorov-Smirnov test","",0.0300000000000011,FALSE
"confounded_dense_n300_t03_r0024","MDACT","ok","ties should not be present for the one-sample Kolmogorov-Smirnov test","",0.0499999999999829,FALSE
"confounded_dense_n300_t03_r0024","MLFDR","ok","","",0.159999999999997,FALSE
"binary_dense_n300_t03_r0024","HDMT","ok","","",0.0300000000000011,FALSE
"binary_dense_n300_t03_r0024","MDACT","ok","","",0.039999999999992,FALSE
"binary_dense_n300_t03_r0024","MLFDR","ok","","",0.150000000000006,FALSE
"linear_sparse_n300_t01_r0025","HDMT","ok","ties should not be present for the one-sample Kolmogorov-Smirnov test","",0.0199999999999818,FALSE
"linear_sparse_n300_t01_r0025","MDACT","ok","ties should not be present for the one-sample Kolmogorov-Smirnov test","",0.0500000000000114,FALSE
"linear_sparse_n300_t01_r0025","MLFDR","ok","","",0.280000000000001,FALSE
"confounded_sparse_n300_t01_r0025","HDMT","ok","ties should not be present for the one-sample Kolmogorov-Smirnov test","",0.0300000000000011,FALSE
"confounded_sparse_n300_t01_r0025","MDACT","ok","ties should not be present for the one-sample Kolmogorov-Smirnov test","",0.0500000000000114,FALSE
"confounded_sparse_n300_t01_r0025","MLFDR","ok","","",0.390000000000015,FALSE
"binary_sparse_n300_t01_r0025","HDMT","ok","","",0.00999999999999091,FALSE
"binary_sparse_n300_t01_r0025","MDACT","ok","","",0.039999999999992,FALSE
"binary_sparse_n300_t01_r0025","MLFDR","ok","","",0.439999999999998,FALSE
"linear_dense_n300_t01_r0025","HDMT","ok","ties should not be present for the one-sample Kolmogorov-Smirnov test","",0.0300000000000011,FALSE
"linear_dense_n300_t01_r0025","MDACT","ok","ties should not be present for the one-sample Kolmogorov-Smirnov test","",0.0500000000000114,FALSE
"linear_dense_n300_t01_r0025","MLFDR","ok","","",0.450000000000017,FALSE
"confounded_dense_n300_t01_r0025","HDMT","ok","ties should not be present for the one-sample Kolmogorov-Smirnov test","",0.0199999999999818,FALSE
"confounded_dense_n300_t01_r0025","MDACT","ok","ties should not be present for the one-sample Kolmogorov-Smirnov test","",0.0300000000000011,FALSE
"confounded_dense_n300_t01_r0025","MLFDR","ok","","",0.280000000000001,FALSE
"binary_dense_n300_t01_r0025","HDMT","ok","","",0.00999999999999091,FALSE
"binary_dense_n300_t01_r0025","MDACT","ok","","",0.0300000000000011,FALSE
"binary_dense_n300_t01_r0025","MLFDR","ok","","",0.529999999999973,FALSE
"linear_sparse_n300_t02_r0025","HDMT","ok","ties should not be present for the one-sample Kolmogorov-Smirnov test","",0.0300000000000011,FALSE
"linear_sparse_n300_t02_r0025","MDACT","ok","ties should not be present for the one-sample Kolmogorov-Smirnov test","",0.0400000000000205,FALSE
"linear_sparse_n300_t02_r0025","MLFDR","ok","","",0.150000000000006,FALSE
"confounded_sparse_n300_t02_r0025","HDMT","ok","ties should not be present for the one-sample Kolmogorov-Smirnov test","",0.0199999999999818,FALSE
"confounded_sparse_n300_t02_r0025","MDACT","ok","ties should not be present for the one-sample Kolmogorov-Smirnov test","",0.0500000000000114,FALSE
"confounded_sparse_n300_t02_r0025","MLFDR","ok","","",0.219999999999999,FALSE
"binary_sparse_n300_t02_r0025","HDMT","ok","","",0.0300000000000011,FALSE
"binary_sparse_n300_t02_r0025","MDACT","ok","","",0.0500000000000114,FALSE
"binary_sparse_n300_t02_r0025","MLFDR","ok","","",0.240000000000009,FALSE
"linear_dense_n300_t02_r0025","HDMT","ok","ties should not be present for the one-sample Kolmogorov-Smirnov test","",0.0199999999999818,FALSE
"linear_dense_n300_t02_r0025","MDACT","ok","ties should not be present for the one-sample Kolmogorov-Smirnov test","",0.0500000000000114,FALSE
"linear_dense_n300_t02_r0025","MLFDR","ok","","",0.219999999999999,FALSE
"confounded_dense_n300_t02_r0025","HDMT","ok","ties should not be present for the one-sample Kolmogorov-Smirnov test","",0.0199999999999818,FALSE
"confounded_dense_n300_t02_r0025","MDACT","ok","ties should not be present for the one-sample Kolmogorov-Smirnov test","",0.0400000000000205,FALSE
"confounded_dense_n300_t02_r0025","MLFDR","ok","","",0.140000000000015,FALSE
"binary_dense_n300_t02_r0025","HDMT","ok","","",0.00999999999999091,FALSE
"binary_dense_n300_t02_r0025","MDACT","ok","","",0.0500000000000114,FALSE
"binary_dense_n300_t02_r0025","MLFDR","ok","","",0.150000000000006,FALSE
"linear_sparse_n300_t03_r0025","HDMT","ok","ties should not be present for the one-sample Kolmogorov-Smirnov test","",0.0199999999999818,FALSE
"linear_sparse_n300_t03_r0025","MDACT","ok","ties should not be present for the one-sample Kolmogorov-Smirnov test","",0.039999999999992,FALSE
"linear_sparse_n300_t03_r0025","MLFDR","ok","","",0.129999999999995,FALSE
"confounded_sparse_n300_t03_r0025","HDMT","ok","ties should not be present for the one-sample Kolmogorov-Smirnov test","",0.0200000000000102,FALSE
"confounded_sparse_n300_t03_r0025","MDACT","ok","ties should not be present for the one-sample Kolmogorov-Smirnov test","",0.0500000000000114,FALSE
"confounded_sparse_n300_t03_r0025","MLFDR","ok","","",0.0999999999999943,FALSE
"binary_sparse_n300_t03_r0025","HDMT","ok","","",0.0199999999999818,FALSE
"binary_sparse_n300_t03_r0025","MDACT","ok","","",0.0499999999999829,FALSE
"binary_sparse_n300_t03_r0025","MLFDR","ok","","",0.300000000000011,FALSE
"linear_dense_n300_t03_r0025","HDMT","ok","ties should not be present for the one-sample Kolmogorov-Smirnov test","",0.0199999999999818,FALSE
"linear_dense_n300_t03_r0025","MDACT","ok","ties should not be present for the one-sample Kolmogorov-Smirnov test","",0.039999999999992,FALSE
"linear_dense_n300_t03_r0025","MLFDR","ok","","",0.180000000000007,FALSE
"confounded_dense_n300_t03_r0025","HDMT","ok","ties should not be present for the one-sample Kolmogorov-Smirnov test","",0.0300000000000011,FALSE
"confounded_dense_n300_t03_r0025","MDACT","ok","ties should not be present for the one-sample Kolmogorov-Smirnov test","",0.0400000000000205,FALSE
"confounded_dense_n300_t03_r0025","MLFDR","ok","","",0.120000000000005,FALSE
"binary_dense_n300_t03_r0025","HDMT","ok","","",0.0300000000000011,FALSE
"binary_dense_n300_t03_r0025","MDACT","ok","","",0.0400000000000205,FALSE
"binary_dense_n300_t03_r0025","MLFDR","ok","","",0.0900000000000034,FALSE
"linear_sparse_n300_t01_r0026","HDMT","ok","ties should not be present for the one-sample Kolmogorov-Smirnov test","",0.00999999999999091,FALSE
"linear_sparse_n300_t01_r0026","MDACT","ok","ties should not be present for the one-sample Kolmogorov-Smirnov test","",0.0499999999999829,FALSE
"linear_sparse_n300_t01_r0026","MLFDR","ok","","",0.25,FALSE
"confounded_sparse_n300_t01_r0026","HDMT","ok","ties should not be present for the one-sample Kolmogorov-Smirnov test","",0.0200000000000102,FALSE
"confounded_sparse_n300_t01_r0026","MDACT","ok","ties should not be present for the one-sample Kolmogorov-Smirnov test","",0.0300000000000011,FALSE
"confounded_sparse_n300_t01_r0026","MLFDR","ok","","",1.73999999999998,FALSE
"binary_sparse_n300_t01_r0026","HDMT","ok","","",0.0199999999999818,FALSE
"binary_sparse_n300_t01_r0026","MDACT","ok","","",0.0499999999999829,FALSE
"binary_sparse_n300_t01_r0026","MLFDR","ok","","",0.549999999999983,FALSE
"linear_dense_n300_t01_r0026","HDMT","ok","ties should not be present for the one-sample Kolmogorov-Smirnov test","",0.0300000000000011,FALSE
"linear_dense_n300_t01_r0026","MDACT","ok","ties should not be present for the one-sample Kolmogorov-Smirnov test","",0.0500000000000114,FALSE
"linear_dense_n300_t01_r0026","MLFDR","ok","","",0.409999999999997,FALSE
"confounded_dense_n300_t01_r0026","HDMT","ok","ties should not be present for the one-sample Kolmogorov-Smirnov test","",0.0199999999999818,FALSE
"confounded_dense_n300_t01_r0026","MDACT","ok","ties should not be present for the one-sample Kolmogorov-Smirnov test","",0.0300000000000011,FALSE
"confounded_dense_n300_t01_r0026","MLFDR","ok","","",0.560000000000002,FALSE
"binary_dense_n300_t01_r0026","HDMT","ok","","",0.0300000000000011,FALSE
"binary_dense_n300_t01_r0026","MDACT","ok","","",0.0499999999999829,FALSE
"binary_dense_n300_t01_r0026","MLFDR","ok","","",0.25,FALSE
"linear_sparse_n300_t02_r0026","HDMT","ok","ties should not be present for the one-sample Kolmogorov-Smirnov test","",0.0100000000000193,FALSE
"linear_sparse_n300_t02_r0026","MDACT","ok","ties should not be present for the one-sample Kolmogorov-Smirnov test","",0.0499999999999829,FALSE
"linear_sparse_n300_t02_r0026","MLFDR","ok","","",0.219999999999999,FALSE
"confounded_sparse_n300_t02_r0026","HDMT","ok","ties should not be present for the one-sample Kolmogorov-Smirnov test","",0.0200000000000102,FALSE
"confounded_sparse_n300_t02_r0026","MDACT","ok","ties should not be present for the one-sample Kolmogorov-Smirnov test","",0.0499999999999829,FALSE
"confounded_sparse_n300_t02_r0026","MLFDR","ok","","",0.489999999999981,FALSE
"binary_sparse_n300_t02_r0026","HDMT","ok","","",0.0300000000000011,FALSE
"binary_sparse_n300_t02_r0026","MDACT","ok","","",0.039999999999992,FALSE
"binary_sparse_n300_t02_r0026","MLFDR","ok","","",1.01000000000002,FALSE
"linear_dense_n300_t02_r0026","HDMT","ok","ties should not be present for the one-sample Kolmogorov-Smirnov test","",0.0199999999999818,FALSE
"linear_dense_n300_t02_r0026","MDACT","ok","ties should not be present for the one-sample Kolmogorov-Smirnov test","",0.039999999999992,FALSE
"linear_dense_n300_t02_r0026","MLFDR","ok","","",0.25,FALSE
"confounded_dense_n300_t02_r0026","HDMT","ok","ties should not be present for the one-sample Kolmogorov-Smirnov test","",0.0300000000000011,FALSE
"confounded_dense_n300_t02_r0026","MDACT","ok","ties should not be present for the one-sample Kolmogorov-Smirnov test","",0.0499999999999829,FALSE
"confounded_dense_n300_t02_r0026","MLFDR","ok","","",0.289999999999992,FALSE
"binary_dense_n300_t02_r0026","HDMT","ok","","",0.0300000000000011,FALSE
"binary_dense_n300_t02_r0026","MDACT","ok","","",0.0500000000000114,FALSE
"binary_dense_n300_t02_r0026","MLFDR","ok","","",0.25,FALSE
"linear_sparse_n300_t03_r0026","HDMT","ok","ties should not be present for the one-sample Kolmogorov-Smirnov test","",0.0200000000000102,FALSE
"linear_sparse_n300_t03_r0026","MDACT","ok","ties should not be present for the one-sample Kolmogorov-Smirnov test","",0.039999999999992,FALSE
"linear_sparse_n300_t03_r0026","MLFDR","ok","","",0.159999999999997,FALSE
"confounded_sparse_n300_t03_r0026","HDMT","ok","ties should not be present for the one-sample Kolmogorov-Smirnov test","",0.0300000000000011,FALSE
"confounded_sparse_n300_t03_r0026","MDACT","ok","ties should not be present for the one-sample Kolmogorov-Smirnov test","",0.0300000000000011,FALSE
"confounded_sparse_n300_t03_r0026","MLFDR","ok","","",0.200000000000017,FALSE
"binary_sparse_n300_t03_r0026","HDMT","ok","","",0.0100000000000193,FALSE
"binary_sparse_n300_t03_r0026","MDACT","ok","","",0.0300000000000011,FALSE
"binary_sparse_n300_t03_r0026","MLFDR","ok","","",0.210000000000008,FALSE
"linear_dense_n300_t03_r0026","HDMT","ok","ties should not be present for the one-sample Kolmogorov-Smirnov test","",0.0200000000000102,FALSE
"linear_dense_n300_t03_r0026","MDACT","ok","ties should not be present for the one-sample Kolmogorov-Smirnov test","",0.0499999999999829,FALSE
"linear_dense_n300_t03_r0026","MLFDR","ok","","",0.129999999999995,FALSE
"confounded_dense_n300_t03_r0026","HDMT","ok","ties should not be present for the one-sample Kolmogorov-Smirnov test","",0.0300000000000011,FALSE
"confounded_dense_n300_t03_r0026","MDACT","ok","ties should not be present for the one-sample Kolmogorov-Smirnov test","",0.039999999999992,FALSE
"confounded_dense_n300_t03_r0026","MLFDR","ok","","",0.0799999999999841,FALSE
"binary_dense_n300_t03_r0026","HDMT","ok","","",0.0300000000000011,FALSE
"binary_dense_n300_t03_r0026","MDACT","ok","","",0.039999999999992,FALSE
"binary_dense_n300_t03_r0026","MLFDR","ok","","",0.150000000000006,FALSE
"linear_sparse_n300_t01_r0027","HDMT","ok","ties should not be present for the one-sample Kolmogorov-Smirnov test","",0.039999999999992,FALSE
"linear_sparse_n300_t01_r0027","MDACT","ok","ties should not be present for the one-sample Kolmogorov-Smirnov test","",0.0499999999999829,FALSE
"linear_sparse_n300_t01_r0027","MLFDR","ok","","",1.20999999999998,FALSE
"confounded_sparse_n300_t01_r0027","HDMT","ok","ties should not be present for the one-sample Kolmogorov-Smirnov test","",0.0300000000000011,FALSE
"confounded_sparse_n300_t01_r0027","MDACT","ok","ties should not be present for the one-sample Kolmogorov-Smirnov test","",0.0300000000000011,FALSE
"confounded_sparse_n300_t01_r0027","MLFDR","ok","","",0.370000000000005,FALSE
"binary_sparse_n300_t01_r0027","HDMT","ok","","",0.00999999999999091,FALSE
"binary_sparse_n300_t01_r0027","MDACT","ok","","",0.0300000000000011,FALSE
"binary_sparse_n300_t01_r0027","MLFDR","ok","","",1.04999999999998,FALSE
"linear_dense_n300_t01_r0027","HDMT","ok","ties should not be present for the one-sample Kolmogorov-Smirnov test","",0.0199999999999818,FALSE
"linear_dense_n300_t01_r0027","MDACT","ok","ties should not be present for the one-sample Kolmogorov-Smirnov test","",0.0400000000000205,FALSE
"linear_dense_n300_t01_r0027","MLFDR","ok","","",0.409999999999997,FALSE
"confounded_dense_n300_t01_r0027","HDMT","ok","ties should not be present for the one-sample Kolmogorov-Smirnov test","",0.0200000000000102,FALSE
"confounded_dense_n300_t01_r0027","MDACT","ok","ties should not be present for the one-sample Kolmogorov-Smirnov test","",0.0300000000000011,FALSE
"confounded_dense_n300_t01_r0027","MLFDR","ok","","",0.419999999999987,FALSE
"binary_dense_n300_t01_r0027","HDMT","ok","","",0.0200000000000102,FALSE
"binary_dense_n300_t01_r0027","MDACT","ok","","",0.0499999999999829,FALSE
"binary_dense_n300_t01_r0027","MLFDR","ok","","",0.280000000000001,FALSE
"linear_sparse_n300_t02_r0027","HDMT","ok","ties should not be present for the one-sample Kolmogorov-Smirnov test","",0.0199999999999818,FALSE
"linear_sparse_n300_t02_r0027","MDACT","ok","ties should not be present for the one-sample Kolmogorov-Smirnov test","",0.039999999999992,FALSE
"linear_sparse_n300_t02_r0027","MLFDR","ok","","",0.150000000000006,FALSE
"confounded_sparse_n300_t02_r0027","HDMT","ok","ties should not be present for the one-sample Kolmogorov-Smirnov test","",0.0300000000000011,FALSE
"confounded_sparse_n300_t02_r0027","MDACT","ok","ties should not be present for the one-sample Kolmogorov-Smirnov test","",0.039999999999992,FALSE
"confounded_sparse_n300_t02_r0027","MLFDR","ok","","",0.390000000000015,FALSE
"binary_sparse_n300_t02_r0027","HDMT","ok","","",0.00999999999999091,FALSE
"binary_sparse_n300_t02_r0027","MDACT","ok","","",0.0300000000000011,FALSE
"binary_sparse_n300_t02_r0027","MLFDR","ok","","",0.430000000000007,FALSE
"linear_dense_n300_t02_r0027","HDMT","ok","ties should not be present for the one-sample Kolmogorov-Smirnov test","",0.0199999999999818,FALSE
"linear_dense_n300_t02_r0027","MDACT","ok","ties should not be present for the one-sample Kolmogorov-Smirnov test","",0.0499999999999829,FALSE
"linear_dense_n300_t02_r0027","MLFDR","ok","","",0.25,FALSE
"confounded_dense_n300_t02_r0027","HDMT","ok","ties should not be present for the one-sample Kolmogorov-Smirnov test","",0.0199999999999818,FALSE
"confounded_dense_n300_t02_r0027","MDACT","ok","ties should not be present for the one-sample Kolmogorov-Smirnov test","",0.0400000000000205,FALSE
"confounded_dense_n300_t02_r0027","MLFDR","ok","","",0.25,FALSE
"binary_dense_n300_t02_r0027","HDMT","ok","","",0.0300000000000011,FALSE
"binary_dense_n300_t02_r0027","MDACT","ok","","",0.0499999999999829,FALSE
"binary_dense_n300_t02_r0027","MLFDR","ok","","",0.139999999999986,FALSE
"linear_sparse_n300_t03_r0027","HDMT","ok","ties should not be present for the one-sample Kolmogorov-Smirnov test","",0.00999999999999091,FALSE
"linear_sparse_n300_t03_r0027","MDACT","ok","ties should not be present for the one-sample Kolmogorov-Smirnov test","",0.039999999999992,FALSE
"linear_sparse_n300_t03_r0027","MLFDR","ok","","",0.0800000000000125,FALSE
"confounded_sparse_n300_t03_r0027","HDMT","ok","ties should not be present for the one-sample Kolmogorov-Smirnov test","",0.0300000000000011,FALSE
"confounded_sparse_n300_t03_r0027","MDACT","ok","ties should not be present for the one-sample Kolmogorov-Smirnov test","",0.0300000000000011,FALSE
"confounded_sparse_n300_t03_r0027","MLFDR","ok","","",0.110000000000014,FALSE
"binary_sparse_n300_t03_r0027","HDMT","ok","","",0.0300000000000011,FALSE
"binary_sparse_n300_t03_r0027","MDACT","ok","","",0.0400000000000205,FALSE
"binary_sparse_n300_t03_r0027","MLFDR","ok","","",0.0800000000000125,FALSE
"linear_dense_n300_t03_r0027","HDMT","ok","ties should not be present for the one-sample Kolmogorov-Smirnov test","",0.0300000000000011,FALSE
"linear_dense_n300_t03_r0027","MDACT","ok","ties should not be present for the one-sample Kolmogorov-Smirnov test","",0.0500000000000114,FALSE
"linear_dense_n300_t03_r0027","MLFDR","ok","","",0.189999999999998,FALSE
"confounded_dense_n300_t03_r0027","HDMT","ok","ties should not be present for the one-sample Kolmogorov-Smirnov test","",0.0300000000000011,FALSE
"confounded_dense_n300_t03_r0027","MDACT","ok","ties should not be present for the one-sample Kolmogorov-Smirnov test","",0.0500000000000114,FALSE
"confounded_dense_n300_t03_r0027","MLFDR","ok","","",0.189999999999998,FALSE
"binary_dense_n300_t03_r0027","HDMT","ok","","",0.0300000000000011,FALSE
"binary_dense_n300_t03_r0027","MDACT","ok","","",0.0500000000000114,FALSE
"binary_dense_n300_t03_r0027","MLFDR","ok","","",0.150000000000006,FALSE
"linear_sparse_n300_t01_r0028","HDMT","ok","ties should not be present for the one-sample Kolmogorov-Smirnov test","",0.0300000000000011,FALSE
"linear_sparse_n300_t01_r0028","MDACT","ok","ties should not be present for the one-sample Kolmogorov-Smirnov test","",0.039999999999992,FALSE
"linear_sparse_n300_t01_r0028","MLFDR","ok","","",0.329999999999984,FALSE
"confounded_sparse_n300_t01_r0028","HDMT","ok","ties should not be present for the one-sample Kolmogorov-Smirnov test","",0.0300000000000011,FALSE
"confounded_sparse_n300_t01_r0028","MDACT","ok","ties should not be present for the one-sample Kolmogorov-Smirnov test","",0.039999999999992,FALSE
"confounded_sparse_n300_t01_r0028","MLFDR","ok","","",0.509999999999991,FALSE
"binary_sparse_n300_t01_r0028","HDMT","ok","","",0.00999999999999091,FALSE
"binary_sparse_n300_t01_r0028","MDACT","ok","","",0.0300000000000011,FALSE
"binary_sparse_n300_t01_r0028","MLFDR","ok","","",0.269999999999982,FALSE
"linear_dense_n300_t01_r0028","HDMT","ok","ties should not be present for the one-sample Kolmogorov-Smirnov test","",0.0200000000000102,FALSE
"linear_dense_n300_t01_r0028","MDACT","ok","ties should not be present for the one-sample Kolmogorov-Smirnov test","",0.0499999999999829,FALSE
"linear_dense_n300_t01_r0028","MLFDR","ok","","",0.199999999999989,FALSE
"confounded_dense_n300_t01_r0028","HDMT","ok","ties should not be present for the one-sample Kolmogorov-Smirnov test","",0.0300000000000011,FALSE
"confounded_dense_n300_t01_r0028","MDACT","ok","ties should not be present for the one-sample Kolmogorov-Smirnov test","",0.0400000000000205,FALSE
"confounded_dense_n300_t01_r0028","MLFDR","ok","","",0.300000000000011,FALSE
"binary_dense_n300_t01_r0028","HDMT","ok","","",0.00999999999999091,FALSE
"binary_dense_n300_t01_r0028","MDACT","ok","","",0.0500000000000114,FALSE
"binary_dense_n300_t01_r0028","MLFDR","ok","","",0.300000000000011,FALSE
"linear_sparse_n300_t02_r0028","HDMT","ok","ties should not be present for the one-sample Kolmogorov-Smirnov test","",0.0300000000000011,FALSE
"linear_sparse_n300_t02_r0028","MDACT","ok","ties should not be present for the one-sample Kolmogorov-Smirnov test","",0.0400000000000205,FALSE
"linear_sparse_n300_t02_r0028","MLFDR","ok","","",0.480000000000018,FALSE
"confounded_sparse_n300_t02_r0028","HDMT","ok","ties should not be present for the one-sample Kolmogorov-Smirnov test","",0.0300000000000011,FALSE
"confounded_sparse_n300_t02_r0028","MDACT","ok","ties should not be present for the one-sample Kolmogorov-Smirnov test","",0.0300000000000011,FALSE
"confounded_sparse_n300_t02_r0028","MLFDR","ok","","",0.579999999999984,FALSE
"binary_sparse_n300_t02_r0028","HDMT","ok","","",0.0300000000000011,FALSE
"binary_sparse_n300_t02_r0028","MDACT","ok","","",0.0499999999999829,FALSE
"binary_sparse_n300_t02_r0028","MLFDR","ok","","",0.219999999999999,FALSE
"linear_dense_n300_t02_r0028","HDMT","ok","ties should not be present for the one-sample Kolmogorov-Smirnov test","",0.039999999999992,FALSE
"linear_dense_n300_t02_r0028","MDACT","ok","ties should not be present for the one-sample Kolmogorov-Smirnov test","",0.0300000000000011,FALSE
"linear_dense_n300_t02_r0028","MLFDR","ok","","",0.469999999999999,FALSE
"confounded_dense_n300_t02_r0028","HDMT","ok","ties should not be present for the one-sample Kolmogorov-Smirnov test","",0.00999999999999091,FALSE
"confounded_dense_n300_t02_r0028","MDACT","ok","ties should not be present for the one-sample Kolmogorov-Smirnov test","",0.039999999999992,FALSE
"confounded_dense_n300_t02_r0028","MLFDR","ok","","",0.269999999999982,FALSE
"binary_dense_n300_t02_r0028","HDMT","ok","","",0.0300000000000011,FALSE
"binary_dense_n300_t02_r0028","MDACT","ok","","",0.0500000000000114,FALSE
"binary_dense_n300_t02_r0028","MLFDR","ok","","",0.159999999999997,FALSE
"linear_sparse_n300_t03_r0028","HDMT","ok","ties should not be present for the one-sample Kolmogorov-Smirnov test","",0.0300000000000011,FALSE
"linear_sparse_n300_t03_r0028","MDACT","ok","ties should not be present for the one-sample Kolmogorov-Smirnov test","",0.0500000000000114,FALSE
"linear_sparse_n300_t03_r0028","MLFDR","ok","","",0.169999999999987,FALSE
"confounded_sparse_n300_t03_r0028","HDMT","ok","ties should not be present for the one-sample Kolmogorov-Smirnov test","",0.00999999999999091,FALSE
"confounded_sparse_n300_t03_r0028","MDACT","ok","ties should not be present for the one-sample Kolmogorov-Smirnov test","",0.0300000000000011,FALSE
"confounded_sparse_n300_t03_r0028","MLFDR","ok","","",0.0999999999999943,FALSE
"binary_sparse_n300_t03_r0028","HDMT","ok","","",0.0300000000000011,FALSE
"binary_sparse_n300_t03_r0028","MDACT","ok","","",0.0500000000000114,FALSE
"binary_sparse_n300_t03_r0028","MLFDR","ok","","",0.27000000000001,FALSE
"linear_dense_n300_t03_r0028","HDMT","ok","ties should not be present for the one-sample Kolmogorov-Smirnov test","",0.0300000000000011,FALSE
"linear_dense_n300_t03_r0028","MDACT","ok","ties should not be present for the one-sample Kolmogorov-Smirnov test","",0.0300000000000011,FALSE
"linear_dense_n300_t03_r0028","MLFDR","ok","","",0.159999999999997,FALSE
"confounded_dense_n300_t03_r0028","HDMT","ok","ties should not be present for the one-sample Kolmogorov-Smirnov test","",0.0300000000000011,FALSE
"confounded_dense_n300_t03_r0028","MDACT","ok","ties should not be present for the one-sample Kolmogorov-Smirnov test","",0.0499999999999829,FALSE
"confounded_dense_n300_t03_r0028","MLFDR","ok","","",0.139999999999986,FALSE
"binary_dense_n300_t03_r0028","HDMT","ok","","",0.00999999999999091,FALSE
"binary_dense_n300_t03_r0028","MDACT","ok","","",0.039999999999992,FALSE
"binary_dense_n300_t03_r0028","MLFDR","ok","","",0.0999999999999943,FALSE
"linear_sparse_n300_t01_r0029","HDMT","ok","ties should not be present for the one-sample Kolmogorov-Smirnov test","",0.0300000000000011,FALSE
"linear_sparse_n300_t01_r0029","MDACT","ok","ties should not be present for the one-sample Kolmogorov-Smirnov test","",0.0300000000000011,FALSE
"linear_sparse_n300_t01_r0029","MLFDR","ok","","",0.340000000000003,FALSE
"confounded_sparse_n300_t01_r0029","HDMT","ok","ties should not be present for the one-sample Kolmogorov-Smirnov test","",0.0199999999999818,FALSE
"confounded_sparse_n300_t01_r0029","MDACT","ok","ties should not be present for the one-sample Kolmogorov-Smirnov test","",0.0300000000000011,FALSE
"confounded_sparse_n300_t01_r0029","MLFDR","ok","","",0.360000000000014,FALSE
"binary_sparse_n300_t01_r0029","HDMT","ok","","",0.0300000000000011,FALSE
"binary_sparse_n300_t01_r0029","MDACT","ok","","",0.0500000000000114,FALSE
"binary_sparse_n300_t01_r0029","MLFDR","ok","","",0.360000000000014,FALSE
"linear_dense_n300_t01_r0029","HDMT","ok","ties should not be present for the one-sample Kolmogorov-Smirnov test","",0.0200000000000102,FALSE
"linear_dense_n300_t01_r0029","MDACT","ok","ties should not be present for the one-sample Kolmogorov-Smirnov test","",0.039999999999992,FALSE
"linear_dense_n300_t01_r0029","MLFDR","ok","","",0.439999999999998,FALSE
"confounded_dense_n300_t01_r0029","HDMT","ok","ties should not be present for the one-sample Kolmogorov-Smirnov test","",0.0300000000000011,FALSE
"confounded_dense_n300_t01_r0029","MDACT","ok","ties should not be present for the one-sample Kolmogorov-Smirnov test","",0.0499999999999829,FALSE
"confounded_dense_n300_t01_r0029","MLFDR","ok","","",0.710000000000008,FALSE
"binary_dense_n300_t01_r0029","HDMT","ok","","",0.039999999999992,FALSE
"binary_dense_n300_t01_r0029","MDACT","ok","","",0.0300000000000011,FALSE
"binary_dense_n300_t01_r0029","MLFDR","ok","","",1.18000000000001,FALSE
"linear_sparse_n300_t02_r0029","HDMT","ok","ties should not be present for the one-sample Kolmogorov-Smirnov test","",0.00999999999999091,FALSE
"linear_sparse_n300_t02_r0029","MDACT","ok","ties should not be present for the one-sample Kolmogorov-Smirnov test","",0.0500000000000114,FALSE
"linear_sparse_n300_t02_r0029","MLFDR","ok","","",0.159999999999997,FALSE
"confounded_sparse_n300_t02_r0029","HDMT","ok","ties should not be present for the one-sample Kolmogorov-Smirnov test","",0.0200000000000102,FALSE
"confounded_sparse_n300_t02_r0029","MDACT","ok","ties should not be present for the one-sample Kolmogorov-Smirnov test","",0.0300000000000011,FALSE
"confounded_sparse_n300_t02_r0029","MLFDR","ok","","",0.150000000000006,FALSE
"binary_sparse_n300_t02_r0029","HDMT","ok","","",0.0200000000000102,FALSE
"binary_sparse_n300_t02_r0029","MDACT","ok","","",0.039999999999992,FALSE
"binary_sparse_n300_t02_r0029","MLFDR","ok","","",1.06999999999999,FALSE
"linear_dense_n300_t02_r0029","HDMT","ok","ties should not be present for the one-sample Kolmogorov-Smirnov test","",0.0199999999999818,FALSE
"linear_dense_n300_t02_r0029","MDACT","ok","ties should not be present for the one-sample Kolmogorov-Smirnov test","",0.0400000000000205,FALSE
"linear_dense_n300_t02_r0029","MLFDR","ok","","",0.360000000000014,FALSE
"confounded_dense_n300_t02_r0029","HDMT","ok","ties should not be present for the one-sample Kolmogorov-Smirnov test","",0.0300000000000011,FALSE
"confounded_dense_n300_t02_r0029","MDACT","ok","ties should not be present for the one-sample Kolmogorov-Smirnov test","",0.0500000000000114,FALSE
"confounded_dense_n300_t02_r0029","MLFDR","ok","","",0.420000000000016,FALSE
"binary_dense_n300_t02_r0029","HDMT","ok","","",0.039999999999992,FALSE
"binary_dense_n300_t02_r0029","MDACT","ok","","",0.0499999999999829,FALSE
"binary_dense_n300_t02_r0029","MLFDR","ok","","",0.159999999999997,FALSE
"linear_sparse_n300_t03_r0029","HDMT","ok","ties should not be present for the one-sample Kolmogorov-Smirnov test","",0.0300000000000011,FALSE
"linear_sparse_n300_t03_r0029","MDACT","ok","ties should not be present for the one-sample Kolmogorov-Smirnov test","",0.0400000000000205,FALSE
"linear_sparse_n300_t03_r0029","MLFDR","ok","","",0.20999999999998,FALSE
"confounded_sparse_n300_t03_r0029","HDMT","ok","ties should not be present for the one-sample Kolmogorov-Smirnov test","",0.0300000000000011,FALSE
"confounded_sparse_n300_t03_r0029","MDACT","ok","ties should not be present for the one-sample Kolmogorov-Smirnov test","",0.039999999999992,FALSE
"confounded_sparse_n300_t03_r0029","MLFDR","ok","","",0.129999999999995,FALSE
"binary_sparse_n300_t03_r0029","HDMT","ok","","",0.0300000000000011,FALSE
"binary_sparse_n300_t03_r0029","MDACT","ok","","",0.0300000000000011,FALSE
"binary_sparse_n300_t03_r0029","MLFDR","ok","","",0.139999999999986,FALSE
"linear_dense_n300_t03_r0029","HDMT","ok","ties should not be present for the one-sample Kolmogorov-Smirnov test","",0.039999999999992,FALSE
"linear_dense_n300_t03_r0029","MDACT","ok","ties should not be present for the one-sample Kolmogorov-Smirnov test","",0.0600000000000023,FALSE
"linear_dense_n300_t03_r0029","MLFDR","ok","","",0.200000000000017,FALSE
"confounded_dense_n300_t03_r0029","HDMT","ok","ties should not be present for the one-sample Kolmogorov-Smirnov test","",0.0300000000000011,FALSE
"confounded_dense_n300_t03_r0029","MDACT","ok","ties should not be present for the one-sample Kolmogorov-Smirnov test","",0.039999999999992,FALSE
"confounded_dense_n300_t03_r0029","MLFDR","ok","","",0.219999999999999,FALSE
"binary_dense_n300_t03_r0029","HDMT","ok","","",0.0300000000000011,FALSE
"binary_dense_n300_t03_r0029","MDACT","ok","","",0.0300000000000011,FALSE
"binary_dense_n300_t03_r0029","MLFDR","ok","","",0.129999999999995,FALSE
"linear_sparse_n300_t01_r0030","HDMT","ok","ties should not be present for the one-sample Kolmogorov-Smirnov test","",0.00999999999999091,FALSE
"linear_sparse_n300_t01_r0030","MDACT","ok","ties should not be present for the one-sample Kolmogorov-Smirnov test","",0.110000000000014,FALSE
"linear_sparse_n300_t01_r0030","MLFDR","ok","","",0.52000000000001,FALSE
"confounded_sparse_n300_t01_r0030","HDMT","ok","ties should not be present for the one-sample Kolmogorov-Smirnov test","",0.0300000000000011,FALSE
"confounded_sparse_n300_t01_r0030","MDACT","ok","ties should not be present for the one-sample Kolmogorov-Smirnov test","",0.0300000000000011,FALSE
"confounded_sparse_n300_t01_r0030","MLFDR","ok","","",0.349999999999994,FALSE
"binary_sparse_n300_t01_r0030","HDMT","ok","","",0.0199999999999818,FALSE
"binary_sparse_n300_t01_r0030","MDACT","ok","","",0.0300000000000011,FALSE
"binary_sparse_n300_t01_r0030","MLFDR","ok","","",0.389999999999986,FALSE
"linear_dense_n300_t01_r0030","HDMT","ok","ties should not be present for the one-sample Kolmogorov-Smirnov test","",0.0200000000000102,FALSE
"linear_dense_n300_t01_r0030","MDACT","ok","ties should not be present for the one-sample Kolmogorov-Smirnov test","",0.0300000000000011,FALSE
"linear_dense_n300_t01_r0030","MLFDR","ok","","",0.289999999999992,FALSE
"confounded_dense_n300_t01_r0030","HDMT","ok","ties should not be present for the one-sample Kolmogorov-Smirnov test","",0.0100000000000193,FALSE
"confounded_dense_n300_t01_r0030","MDACT","ok","ties should not be present for the one-sample Kolmogorov-Smirnov test","",0.0400000000000205,FALSE
"confounded_dense_n300_t01_r0030","MLFDR","ok","","",0.52000000000001,FALSE
"binary_dense_n300_t01_r0030","HDMT","ok","","",0.0199999999999818,FALSE
"binary_dense_n300_t01_r0030","MDACT","ok","","",0.039999999999992,FALSE
"binary_dense_n300_t01_r0030","MLFDR","ok","","",0.300000000000011,FALSE
"linear_sparse_n300_t02_r0030","HDMT","ok","ties should not be present for the one-sample Kolmogorov-Smirnov test","",0.0199999999999818,FALSE
"linear_sparse_n300_t02_r0030","MDACT","ok","ties should not be present for the one-sample Kolmogorov-Smirnov test","",0.039999999999992,FALSE
"linear_sparse_n300_t02_r0030","MLFDR","ok","","",0.609999999999985,FALSE
"confounded_sparse_n300_t02_r0030","HDMT","ok","ties should not be present for the one-sample Kolmogorov-Smirnov test","",0.0199999999999818,FALSE
"confounded_sparse_n300_t02_r0030","MDACT","ok","ties should not be present for the one-sample Kolmogorov-Smirnov test","",0.0500000000000114,FALSE
"confounded_sparse_n300_t02_r0030","MLFDR","ok","","",0.710000000000008,FALSE
"binary_sparse_n300_t02_r0030","HDMT","ok","","",0.0200000000000102,FALSE
"binary_sparse_n300_t02_r0030","MDACT","ok","","",0.0300000000000011,FALSE
"binary_sparse_n300_t02_r0030","MLFDR","ok","","",0.219999999999999,FALSE
"linear_dense_n300_t02_r0030","HDMT","ok","ties should not be present for the one-sample Kolmogorov-Smirnov test","",0.0300000000000011,FALSE
"linear_dense_n300_t02_r0030","MDACT","ok","ties should not be present for the one-sample Kolmogorov-Smirnov test","",0.0500000000000114,FALSE
"linear_dense_n300_t02_r0030","MLFDR","ok","","",0.29000000000002,FALSE
"confounded_dense_n300_t02_r0030","HDMT","ok","ties should not be present for the one-sample Kolmogorov-Smirnov test","",0.0300000000000011,FALSE
"confounded_dense_n300_t02_r0030","MDACT","ok","ties should not be present for the one-sample Kolmogorov-Smirnov test","",0.0400000000000205,FALSE
"confounded_dense_n300_t02_r0030","MLFDR","ok","","",0.25,FALSE
"binary_dense_n300_t02_r0030","HDMT","ok","","",0.0800000000000125,FALSE
"binary_dense_n300_t02_r0030","MDACT","ok","","",0.0499999999999829,FALSE
"binary_dense_n300_t02_r0030","MLFDR","ok","","",0.390000000000015,FALSE
"linear_sparse_n300_t03_r0030","HDMT","ok","ties should not be present for the one-sample Kolmogorov-Smirnov test","",0.0300000000000011,FALSE
"linear_sparse_n300_t03_r0030","MDACT","ok","ties should not be present for the one-sample Kolmogorov-Smirnov test","",0.0300000000000011,FALSE
"linear_sparse_n300_t03_r0030","MLFDR","ok","","",0.25,FALSE
"confounded_sparse_n300_t03_r0030","HDMT","ok","ties should not be present for the one-sample Kolmogorov-Smirnov test","",0.0199999999999818,FALSE
"confounded_sparse_n300_t03_r0030","MDACT","ok","ties should not be present for the one-sample Kolmogorov-Smirnov test","",0.0499999999999829,FALSE
"confounded_sparse_n300_t03_r0030","MLFDR","ok","","",0.219999999999999,FALSE
"binary_sparse_n300_t03_r0030","HDMT","ok","","",0.0300000000000011,FALSE
"binary_sparse_n300_t03_r0030","MDACT","ok","","",0.0500000000000114,FALSE
"binary_sparse_n300_t03_r0030","MLFDR","ok","","",0.469999999999999,FALSE
"linear_dense_n300_t03_r0030","HDMT","ok","ties should not be present for the one-sample Kolmogorov-Smirnov test","",0.0300000000000011,FALSE
"linear_dense_n300_t03_r0030","MDACT","ok","ties should not be present for the one-sample Kolmogorov-Smirnov test","",0.0499999999999829,FALSE
"linear_dense_n300_t03_r0030","MLFDR","ok","","",0.139999999999986,FALSE
"confounded_dense_n300_t03_r0030","HDMT","ok","ties should not be present for the one-sample Kolmogorov-Smirnov test","",0.00999999999999091,FALSE
"confounded_dense_n300_t03_r0030","MDACT","ok","ties should not be present for the one-sample Kolmogorov-Smirnov test","",0.0500000000000114,FALSE
"confounded_dense_n300_t03_r0030","MLFDR","ok","","",0.109999999999985,FALSE
"binary_dense_n300_t03_r0030","HDMT","ok","","",0.0100000000000193,FALSE
"binary_dense_n300_t03_r0030","MDACT","ok","","",0.0500000000000114,FALSE
"binary_dense_n300_t03_r0030","MLFDR","ok","","",0.170000000000016,FALSE
"linear_sparse_n300_t01_r0031","HDMT","ok","ties should not be present for the one-sample Kolmogorov-Smirnov test","",0.0300000000000011,FALSE
"linear_sparse_n300_t01_r0031","MDACT","ok","ties should not be present for the one-sample Kolmogorov-Smirnov test","",0.0500000000000114,FALSE
"linear_sparse_n300_t01_r0031","MLFDR","ok","","",1.66,FALSE
"confounded_sparse_n300_t01_r0031","HDMT","ok","ties should not be present for the one-sample Kolmogorov-Smirnov test","",0.0200000000000102,FALSE
"confounded_sparse_n300_t01_r0031","MDACT","ok","ties should not be present for the one-sample Kolmogorov-Smirnov test","",0.0300000000000011,FALSE
"confounded_sparse_n300_t01_r0031","MLFDR","ok","","",0.659999999999997,FALSE
"binary_sparse_n300_t01_r0031","HDMT","ok","","",0.0300000000000011,FALSE
"binary_sparse_n300_t01_r0031","MDACT","ok","","",0.0400000000000205,FALSE
"binary_sparse_n300_t01_r0031","MLFDR","ok","","",0.25,FALSE
"linear_dense_n300_t01_r0031","HDMT","ok","ties should not be present for the one-sample Kolmogorov-Smirnov test","",0.0300000000000011,FALSE
"linear_dense_n300_t01_r0031","MDACT","ok","ties should not be present for the one-sample Kolmogorov-Smirnov test","",0.0499999999999829,FALSE
"linear_dense_n300_t01_r0031","MLFDR","ok","","",0.310000000000002,FALSE
"confounded_dense_n300_t01_r0031","HDMT","ok","ties should not be present for the one-sample Kolmogorov-Smirnov test","",0.0100000000000193,FALSE
"confounded_dense_n300_t01_r0031","MDACT","ok","ties should not be present for the one-sample Kolmogorov-Smirnov test","",0.0300000000000011,FALSE
"confounded_dense_n300_t01_r0031","MLFDR","ok","","",0.370000000000005,FALSE
"binary_dense_n300_t01_r0031","HDMT","ok","","",0.0300000000000011,FALSE
"binary_dense_n300_t01_r0031","MDACT","ok","","",0.039999999999992,FALSE
"binary_dense_n300_t01_r0031","MLFDR","ok","","",0.269999999999982,FALSE
"linear_sparse_n300_t02_r0031","HDMT","ok","ties should not be present for the one-sample Kolmogorov-Smirnov test","",0.0300000000000011,FALSE
"linear_sparse_n300_t02_r0031","MDACT","ok","ties should not be present for the one-sample Kolmogorov-Smirnov test","",0.0500000000000114,FALSE
"linear_sparse_n300_t02_r0031","MLFDR","ok","","",0.150000000000006,FALSE
"confounded_sparse_n300_t02_r0031","HDMT","ok","ties should not be present for the one-sample Kolmogorov-Smirnov test","",0.0300000000000011,FALSE
"confounded_sparse_n300_t02_r0031","MDACT","ok","ties should not be present for the one-sample Kolmogorov-Smirnov test","",0.0600000000000023,FALSE
"confounded_sparse_n300_t02_r0031","MLFDR","ok","","",0.469999999999999,FALSE
"binary_sparse_n300_t02_r0031","HDMT","ok","","",0.0100000000000193,FALSE
"binary_sparse_n300_t02_r0031","MDACT","ok","","",0.0499999999999829,FALSE
"binary_sparse_n300_t02_r0031","MLFDR","ok","","",0.180000000000007,FALSE
"linear_dense_n300_t02_r0031","HDMT","ok","ties should not be present for the one-sample Kolmogorov-Smirnov test","",0.0200000000000102,FALSE
"linear_dense_n300_t02_r0031","MDACT","ok","ties should not be present for the one-sample Kolmogorov-Smirnov test","",0.0499999999999829,FALSE
"linear_dense_n300_t02_r0031","MLFDR","ok","","",0.269999999999982,FALSE
"confounded_dense_n300_t02_r0031","HDMT","ok","ties should not be present for the one-sample Kolmogorov-Smirnov test","",0.0200000000000102,FALSE
"confounded_dense_n300_t02_r0031","MDACT","ok","ties should not be present for the one-sample Kolmogorov-Smirnov test","",0.0400000000000205,FALSE
"confounded_dense_n300_t02_r0031","MLFDR","ok","","",0.189999999999998,FALSE
"binary_dense_n300_t02_r0031","HDMT","ok","","",0.0300000000000011,FALSE
"binary_dense_n300_t02_r0031","MDACT","ok","","",0.0400000000000205,FALSE
"binary_dense_n300_t02_r0031","MLFDR","ok","","",0.230000000000018,FALSE
"linear_sparse_n300_t03_r0031","HDMT","ok","ties should not be present for the one-sample Kolmogorov-Smirnov test","",0.0300000000000011,FALSE
"linear_sparse_n300_t03_r0031","MDACT","ok","ties should not be present for the one-sample Kolmogorov-Smirnov test","",0.0499999999999829,FALSE
"linear_sparse_n300_t03_r0031","MLFDR","ok","","",0.460000000000008,FALSE
"confounded_sparse_n300_t03_r0031","HDMT","ok","ties should not be present for the one-sample Kolmogorov-Smirnov test","",0.0200000000000102,FALSE
"confounded_sparse_n300_t03_r0031","MDACT","ok","ties should not be present for the one-sample Kolmogorov-Smirnov test","",0.0300000000000011,FALSE
"confounded_sparse_n300_t03_r0031","MLFDR","ok","","",0.139999999999986,FALSE
"binary_sparse_n300_t03_r0031","HDMT","ok","","",0.039999999999992,FALSE
"binary_sparse_n300_t03_r0031","MDACT","ok","","",0.0300000000000011,FALSE
"binary_sparse_n300_t03_r0031","MLFDR","ok","","",0.159999999999997,FALSE
"linear_dense_n300_t03_r0031","HDMT","ok","ties should not be present for the one-sample Kolmogorov-Smirnov test","",0.0300000000000011,FALSE
"linear_dense_n300_t03_r0031","MDACT","ok","ties should not be present for the one-sample Kolmogorov-Smirnov test","",0.0300000000000011,FALSE
"linear_dense_n300_t03_r0031","MLFDR","ok","","",0.0900000000000034,FALSE
"confounded_dense_n300_t03_r0031","HDMT","ok","ties should not be present for the one-sample Kolmogorov-Smirnov test","",0.0300000000000011,FALSE
"confounded_dense_n300_t03_r0031","MDACT","ok","ties should not be present for the one-sample Kolmogorov-Smirnov test","",0.039999999999992,FALSE
"confounded_dense_n300_t03_r0031","MLFDR","ok","","",0.139999999999986,FALSE
"binary_dense_n300_t03_r0031","HDMT","ok","","",0.00999999999999091,FALSE
"binary_dense_n300_t03_r0031","MDACT","ok","","",0.0300000000000011,FALSE
"binary_dense_n300_t03_r0031","MLFDR","ok","","",0.150000000000006,FALSE
"linear_sparse_n300_t01_r0032","HDMT","ok","ties should not be present for the one-sample Kolmogorov-Smirnov test","",0.0300000000000011,FALSE
"linear_sparse_n300_t01_r0032","MDACT","ok","ties should not be present for the one-sample Kolmogorov-Smirnov test","",0.0999999999999943,FALSE
"linear_sparse_n300_t01_r0032","MLFDR","ok","","",0.269999999999982,FALSE
"confounded_sparse_n300_t01_r0032","HDMT","ok","ties should not be present for the one-sample Kolmogorov-Smirnov test","",0.0300000000000011,FALSE
"confounded_sparse_n300_t01_r0032","MDACT","ok","ties should not be present for the one-sample Kolmogorov-Smirnov test","",0.039999999999992,FALSE
"confounded_sparse_n300_t01_r0032","MLFDR","ok","","",0.22999999999999,FALSE
"binary_sparse_n300_t01_r0032","HDMT","ok","","",0.0300000000000011,FALSE
"binary_sparse_n300_t01_r0032","MDACT","ok","","",0.0300000000000011,FALSE
"binary_sparse_n300_t01_r0032","MLFDR","ok","","",0.550000000000011,FALSE
"linear_dense_n300_t01_r0032","HDMT","ok","ties should not be present for the one-sample Kolmogorov-Smirnov test","",0.0300000000000011,FALSE
"linear_dense_n300_t01_r0032","MDACT","ok","ties should not be present for the one-sample Kolmogorov-Smirnov test","",0.0500000000000114,FALSE
"linear_dense_n300_t01_r0032","MLFDR","ok","","",0.280000000000001,FALSE
"confounded_dense_n300_t01_r0032","HDMT","ok","ties should not be present for the one-sample Kolmogorov-Smirnov test","",0.0300000000000011,FALSE
"confounded_dense_n300_t01_r0032","MDACT","ok","ties should not be present for the one-sample Kolmogorov-Smirnov test","",0.0500000000000114,FALSE
"confounded_dense_n300_t01_r0032","MLFDR","ok","","",0.210000000000008,FALSE
"binary_dense_n300_t01_r0032","HDMT","ok","","",0.0300000000000011,FALSE
"binary_dense_n300_t01_r0032","MDACT","ok","","",0.0499999999999829,FALSE
"binary_dense_n300_t01_r0032","MLFDR","ok","","",0.310000000000002,FALSE
"linear_sparse_n300_t02_r0032","HDMT","ok","ties should not be present for the one-sample Kolmogorov-Smirnov test","",0.0300000000000011,FALSE
"linear_sparse_n300_t02_r0032","MDACT","ok","ties should not be present for the one-sample Kolmogorov-Smirnov test","",0.0999999999999943,FALSE
"linear_sparse_n300_t02_r0032","MLFDR","ok","","",0.169999999999987,FALSE
"confounded_sparse_n300_t02_r0032","HDMT","ok","ties should not be present for the one-sample Kolmogorov-Smirnov test","",0.0300000000000011,FALSE
"confounded_sparse_n300_t02_r0032","MDACT","ok","ties should not be present for the one-sample Kolmogorov-Smirnov test","",0.0499999999999829,FALSE
"confounded_sparse_n300_t02_r0032","MLFDR","ok","","",0.180000000000007,FALSE
"binary_sparse_n300_t02_r0032","HDMT","ok","","",0.0300000000000011,FALSE
"binary_sparse_n300_t02_r0032","MDACT","ok","","",0.0300000000000011,FALSE
"binary_sparse_n300_t02_r0032","MLFDR","ok","","",0.159999999999997,FALSE
"linear_dense_n300_t02_r0032","HDMT","ok","ties should not be present for the one-sample Kolmogorov-Smirnov test","",0.0300000000000011,FALSE
"linear_dense_n300_t02_r0032","MDACT","ok","ties should not be present for the one-sample Kolmogorov-Smirnov test","",0.039999999999992,FALSE
"linear_dense_n300_t02_r0032","MLFDR","ok","","",0.289999999999992,FALSE
"confounded_dense_n300_t02_r0032","HDMT","ok","ties should not be present for the one-sample Kolmogorov-Smirnov test","",0.0100000000000193,FALSE
"confounded_dense_n300_t02_r0032","MDACT","ok","ties should not be present for the one-sample Kolmogorov-Smirnov test","",0.039999999999992,FALSE
"confounded_dense_n300_t02_r0032","MLFDR","ok","","",0.389999999999986,FALSE
"binary_dense_n300_t02_r0032","HDMT","ok","","",0.0200000000000102,FALSE
"binary_dense_n300_t02_r0032","MDACT","ok","","",0.039999999999992,FALSE
"binary_dense_n300_t02_r0032","MLFDR","ok","","",0.310000000000002,FALSE
"linear_sparse_n300_t03_r0032","HDMT","ok","ties should not be present for the one-sample Kolmogorov-Smirnov test","",0.00999999999999091,FALSE
"linear_sparse_n300_t03_r0032","MDACT","ok","ties should not be present for the one-sample Kolmogorov-Smirnov test","",0.0499999999999829,FALSE
"linear_sparse_n300_t03_r0032","MLFDR","ok","","",0.159999999999997,FALSE
"confounded_sparse_n300_t03_r0032","HDMT","ok","ties should not be present for the one-sample Kolmogorov-Smirnov test","",0.0100000000000193,FALSE
"confounded_sparse_n300_t03_r0032","MDACT","ok","ties should not be present for the one-sample Kolmogorov-Smirnov test","",0.0300000000000011,FALSE
"confounded_sparse_n300_t03_r0032","MLFDR","ok","","",0.0900000000000034,FALSE
"binary_sparse_n300_t03_r0032","HDMT","ok","","",0.0200000000000102,FALSE
"binary_sparse_n300_t03_r0032","MDACT","ok","","",0.0499999999999829,FALSE
"binary_sparse_n300_t03_r0032","MLFDR","ok","","",0.189999999999998,FALSE
"linear_dense_n300_t03_r0032","HDMT","ok","ties should not be present for the one-sample Kolmogorov-Smirnov test","",0.0300000000000011,FALSE
"linear_dense_n300_t03_r0032","MDACT","ok","ties should not be present for the one-sample Kolmogorov-Smirnov test","",0.0499999999999829,FALSE
"linear_dense_n300_t03_r0032","MLFDR","ok","","",0.110000000000014,FALSE
"confounded_dense_n300_t03_r0032","HDMT","ok","ties should not be present for the one-sample Kolmogorov-Smirnov test","",0.0300000000000011,FALSE
"confounded_dense_n300_t03_r0032","MDACT","ok","ties should not be present for the one-sample Kolmogorov-Smirnov test","",0.039999999999992,FALSE
"confounded_dense_n300_t03_r0032","MLFDR","ok","","",0.129999999999995,FALSE
"binary_dense_n300_t03_r0032","HDMT","ok","","",0.0199999999999818,FALSE
"binary_dense_n300_t03_r0032","MDACT","ok","","",0.0300000000000011,FALSE
"binary_dense_n300_t03_r0032","MLFDR","ok","","",0.129999999999995,FALSE
"linear_sparse_n300_t01_r0033","HDMT","ok","ties should not be present for the one-sample Kolmogorov-Smirnov test","",0.0300000000000011,FALSE
"linear_sparse_n300_t01_r0033","MDACT","ok","ties should not be present for the one-sample Kolmogorov-Smirnov test","",0.0499999999999829,FALSE
"linear_sparse_n300_t01_r0033","MLFDR","ok","","",0.259999999999991,FALSE
"confounded_sparse_n300_t01_r0033","HDMT","ok","ties should not be present for the one-sample Kolmogorov-Smirnov test","",0.0300000000000011,FALSE
"confounded_sparse_n300_t01_r0033","MDACT","ok","ties should not be present for the one-sample Kolmogorov-Smirnov test","",0.0400000000000205,FALSE
"confounded_sparse_n300_t01_r0033","MLFDR","ok","","",2.12,FALSE
"binary_sparse_n300_t01_r0033","HDMT","ok","","",0.039999999999992,FALSE
"binary_sparse_n300_t01_r0033","MDACT","ok","","",0.0499999999999829,FALSE
"binary_sparse_n300_t01_r0033","MLFDR","ok","","",1.25,FALSE
"linear_dense_n300_t01_r0033","HDMT","ok","ties should not be present for the one-sample Kolmogorov-Smirnov test","",0.0300000000000011,FALSE
"linear_dense_n300_t01_r0033","MDACT","ok","ties should not be present for the one-sample Kolmogorov-Smirnov test","",0.039999999999992,FALSE
"linear_dense_n300_t01_r0033","MLFDR","ok","","",0.370000000000005,FALSE
"confounded_dense_n300_t01_r0033","HDMT","ok","ties should not be present for the one-sample Kolmogorov-Smirnov test","",0.0200000000000102,FALSE
"confounded_dense_n300_t01_r0033","MDACT","ok","ties should not be present for the one-sample Kolmogorov-Smirnov test","",0.0499999999999829,FALSE
"confounded_dense_n300_t01_r0033","MLFDR","ok","","",0.799999999999983,FALSE
"binary_dense_n300_t01_r0033","HDMT","ok","","",0.0300000000000011,FALSE
"binary_dense_n300_t01_r0033","MDACT","ok","","",0.0499999999999829,FALSE
"binary_dense_n300_t01_r0033","MLFDR","ok","","",0.280000000000001,FALSE
"linear_sparse_n300_t02_r0033","HDMT","ok","ties should not be present for the one-sample Kolmogorov-Smirnov test","",0.00999999999999091,FALSE
"linear_sparse_n300_t02_r0033","MDACT","ok","ties should not be present for the one-sample Kolmogorov-Smirnov test","",0.0300000000000011,FALSE
"linear_sparse_n300_t02_r0033","MLFDR","ok","","",0.140000000000015,FALSE
"confounded_sparse_n300_t02_r0033","HDMT","ok","ties should not be present for the one-sample Kolmogorov-Smirnov test","",0.0300000000000011,FALSE
"confounded_sparse_n300_t02_r0033","MDACT","ok","ties should not be present for the one-sample Kolmogorov-Smirnov test","",0.039999999999992,FALSE
"confounded_sparse_n300_t02_r0033","MLFDR","ok","","",0.159999999999997,FALSE
"binary_sparse_n300_t02_r0033","HDMT","ok","","",0.00999999999999091,FALSE
"binary_sparse_n300_t02_r0033","MDACT","ok","","",0.0300000000000011,FALSE
"binary_sparse_n300_t02_r0033","MLFDR","ok","","",0.150000000000006,FALSE
"linear_dense_n300_t02_r0033","HDMT","ok","ties should not be present for the one-sample Kolmogorov-Smirnov test","",0.0300000000000011,FALSE
"linear_dense_n300_t02_r0033","MDACT","ok","ties should not be present for the one-sample Kolmogorov-Smirnov test","",0.0500000000000114,FALSE
"linear_dense_n300_t02_r0033","MLFDR","ok","","",0.260000000000019,FALSE
"confounded_dense_n300_t02_r0033","HDMT","ok","ties should not be present for the one-sample Kolmogorov-Smirnov test","",0.0300000000000011,FALSE
"confounded_dense_n300_t02_r0033","MDACT","ok","ties should not be present for the one-sample Kolmogorov-Smirnov test","",0.0500000000000114,FALSE
"confounded_dense_n300_t02_r0033","MLFDR","ok","","",0.25,FALSE
"binary_dense_n300_t02_r0033","HDMT","ok","","",0.00999999999999091,FALSE
"binary_dense_n300_t02_r0033","MDACT","ok","","",0.039999999999992,FALSE
"binary_dense_n300_t02_r0033","MLFDR","ok","","",0.189999999999998,FALSE
"linear_sparse_n300_t03_r0033","HDMT","ok","ties should not be present for the one-sample Kolmogorov-Smirnov test","",0.0200000000000102,FALSE
"linear_sparse_n300_t03_r0033","MDACT","ok","ties should not be present for the one-sample Kolmogorov-Smirnov test","",0.0300000000000011,FALSE
"linear_sparse_n300_t03_r0033","MLFDR","ok","","",0.0999999999999943,FALSE
"confounded_sparse_n300_t03_r0033","HDMT","ok","ties should not be present for the one-sample Kolmogorov-Smirnov test","",0.0300000000000011,FALSE
"confounded_sparse_n300_t03_r0033","MDACT","ok","ties should not be present for the one-sample Kolmogorov-Smirnov test","",0.0500000000000114,FALSE
"confounded_sparse_n300_t03_r0033","MLFDR","ok","","",0.159999999999997,FALSE
"binary_sparse_n300_t03_r0033","HDMT","ok","","",0.0300000000000011,FALSE
"binary_sparse_n300_t03_r0033","MDACT","ok","","",0.0600000000000023,FALSE
"binary_sparse_n300_t03_r0033","MLFDR","ok","","",0.22999999999999,FALSE
"linear_dense_n300_t03_r0033","HDMT","ok","ties should not be present for the one-sample Kolmogorov-Smirnov test","",0.0300000000000011,FALSE
"linear_dense_n300_t03_r0033","MDACT","ok","ties should not be present for the one-sample Kolmogorov-Smirnov test","",0.039999999999992,FALSE
"linear_dense_n300_t03_r0033","MLFDR","ok","","",0.120000000000005,FALSE
"confounded_dense_n300_t03_r0033","HDMT","ok","ties should not be present for the one-sample Kolmogorov-Smirnov test","",0.0300000000000011,FALSE
"confounded_dense_n300_t03_r0033","MDACT","ok","ties should not be present for the one-sample Kolmogorov-Smirnov test","",0.039999999999992,FALSE
"confounded_dense_n300_t03_r0033","MLFDR","ok","","",0.140000000000015,FALSE
"binary_dense_n300_t03_r0033","HDMT","ok","","",0.0200000000000102,FALSE
"binary_dense_n300_t03_r0033","MDACT","ok","","",0.039999999999992,FALSE
"binary_dense_n300_t03_r0033","MLFDR","ok","","",0.0999999999999943,FALSE
"linear_sparse_n300_t01_r0034","HDMT","ok","ties should not be present for the one-sample Kolmogorov-Smirnov test","",0.0200000000000102,FALSE
"linear_sparse_n300_t01_r0034","MDACT","ok","ties should not be present for the one-sample Kolmogorov-Smirnov test","",0.0400000000000205,FALSE
"linear_sparse_n300_t01_r0034","MLFDR","ok","","",0.389999999999986,FALSE
"confounded_sparse_n300_t01_r0034","HDMT","ok","ties should not be present for the one-sample Kolmogorov-Smirnov test","",0.039999999999992,FALSE
"confounded_sparse_n300_t01_r0034","MDACT","ok","ties should not be present for the one-sample Kolmogorov-Smirnov test","",0.0500000000000114,FALSE
"confounded_sparse_n300_t01_r0034","MLFDR","ok","","",0.939999999999998,FALSE
"binary_sparse_n300_t01_r0034","HDMT","ok","","",0.0200000000000102,FALSE
"binary_sparse_n300_t01_r0034","MDACT","ok","","",0.0300000000000011,FALSE
"binary_sparse_n300_t01_r0034","MLFDR","ok","","",0.299999999999983,FALSE
"linear_dense_n300_t01_r0034","HDMT","ok","ties should not be present for the one-sample Kolmogorov-Smirnov test","",0.0300000000000011,FALSE
"linear_dense_n300_t01_r0034","MDACT","ok","ties should not be present for the one-sample Kolmogorov-Smirnov test","",0.0500000000000114,FALSE
"linear_dense_n300_t01_r0034","MLFDR","ok","","",0.280000000000001,FALSE
"confounded_dense_n300_t01_r0034","HDMT","ok","ties should not be present for the one-sample Kolmogorov-Smirnov test","",0.0300000000000011,FALSE
"confounded_dense_n300_t01_r0034","MDACT","ok","ties should not be present for the one-sample Kolmogorov-Smirnov test","",0.0400000000000205,FALSE
"confounded_dense_n300_t01_r0034","MLFDR","ok","","",0.280000000000001,FALSE
"binary_dense_n300_t01_r0034","HDMT","ok","","",0.0300000000000011,FALSE
"binary_dense_n300_t01_r0034","MDACT","ok","","",0.039999999999992,FALSE
"binary_dense_n300_t01_r0034","MLFDR","ok","","",0.549999999999983,FALSE
"linear_sparse_n300_t02_r0034","HDMT","ok","ties should not be present for the one-sample Kolmogorov-Smirnov test","",0.0100000000000193,FALSE
"linear_sparse_n300_t02_r0034","MDACT","ok","ties should not be present for the one-sample Kolmogorov-Smirnov test","",0.0300000000000011,FALSE
"linear_sparse_n300_t02_r0034","MLFDR","ok","","",0.120000000000005,FALSE
"confounded_sparse_n300_t02_r0034","HDMT","ok","ties should not be present for the one-sample Kolmogorov-Smirnov test","",0.0100000000000193,FALSE
"confounded_sparse_n300_t02_r0034","MDACT","ok","ties should not be present for the one-sample Kolmogorov-Smirnov test","",0.0300000000000011,FALSE
"confounded_sparse_n300_t02_r0034","MLFDR","ok","","",0.199999999999989,FALSE
"binary_sparse_n300_t02_r0034","HDMT","ok","","",0.039999999999992,FALSE
"binary_sparse_n300_t02_r0034","MDACT","ok","","",0.0300000000000011,FALSE
"binary_sparse_n300_t02_r0034","MLFDR","ok","","",0.22999999999999,FALSE
"linear_dense_n300_t02_r0034","HDMT","ok","ties should not be present for the one-sample Kolmogorov-Smirnov test","",0.0300000000000011,FALSE
"linear_dense_n300_t02_r0034","MDACT","ok","ties should not be present for the one-sample Kolmogorov-Smirnov test","",0.0500000000000114,FALSE
"linear_dense_n300_t02_r0034","MLFDR","ok","","",0.219999999999999,FALSE
"confounded_dense_n300_t02_r0034","HDMT","ok","ties should not be present for the one-sample Kolmogorov-Smirnov test","",0.0300000000000011,FALSE
"confounded_dense_n300_t02_r0034","MDACT","ok","ties should not be present for the one-sample Kolmogorov-Smirnov test","",0.0500000000000114,FALSE
"confounded_dense_n300_t02_r0034","MLFDR","ok","","",0.159999999999997,FALSE
"binary_dense_n300_t02_r0034","HDMT","ok","","",0.00999999999999091,FALSE
"binary_dense_n300_t02_r0034","MDACT","ok","","",0.0500000000000114,FALSE
"binary_dense_n300_t02_r0034","MLFDR","ok","","",0.25,FALSE
"linear_sparse_n300_t03_r0034","HDMT","ok","ties should not be present for the one-sample Kolmogorov-Smirnov test","",0.039999999999992,FALSE
"linear_sparse_n300_t03_r0034","MDACT","ok","ties should not be present for the one-sample Kolmogorov-Smirnov test","",0.0300000000000011,FALSE
"linear_sparse_n300_t03_r0034","MLFDR","ok","","",0.25,FALSE
"confounded_sparse_n300_t03_r0034","HDMT","ok","ties should not be present for the one-sample Kolmogorov-Smirnov test","",0.039999999999992,FALSE
"confounded_sparse_n300_t03_r0034","MDACT","ok","ties should not be present for the one-sample Kolmogorov-Smirnov test","",0.0300000000000011,FALSE
"confounded_sparse_n300_t03_r0034","MLFDR","ok","","",0.219999999999999,FALSE
"binary_sparse_n300_t03_r0034","HDMT","ok","","",0.0199999999999818,FALSE
"binary_sparse_n300_t03_r0034","MDACT","ok","","",0.0500000000000114,FALSE
"binary_sparse_n300_t03_r0034","MLFDR","ok","","",0.110000000000014,FALSE
"linear_dense_n300_t03_r0034","HDMT","ok","ties should not be present for the one-sample Kolmogorov-Smirnov test","",0.00999999999999091,FALSE
"linear_dense_n300_t03_r0034","MDACT","ok","ties should not be present for the one-sample Kolmogorov-Smirnov test","",0.0500000000000114,FALSE
"linear_dense_n300_t03_r0034","MLFDR","ok","","",0.139999999999986,FALSE
"confounded_dense_n300_t03_r0034","HDMT","ok","ties should not be present for the one-sample Kolmogorov-Smirnov test","",0.0300000000000011,FALSE
"confounded_dense_n300_t03_r0034","MDACT","ok","ties should not be present for the one-sample Kolmogorov-Smirnov test","",0.0400000000000205,FALSE
"confounded_dense_n300_t03_r0034","MLFDR","ok","","",0.159999999999997,FALSE
"binary_dense_n300_t03_r0034","HDMT","ok","","",0.00999999999999091,FALSE
"binary_dense_n300_t03_r0034","MDACT","ok","","",0.0500000000000114,FALSE
"binary_dense_n300_t03_r0034","MLFDR","ok","","",0.140000000000015,FALSE
"linear_sparse_n300_t01_r0035","HDMT","ok","ties should not be present for the one-sample Kolmogorov-Smirnov test","",0.0300000000000011,FALSE
"linear_sparse_n300_t01_r0035","MDACT","ok","ties should not be present for the one-sample Kolmogorov-Smirnov test","",0.0300000000000011,FALSE
"linear_sparse_n300_t01_r0035","MLFDR","ok","","",0.310000000000002,FALSE
"confounded_sparse_n300_t01_r0035","HDMT","ok","ties should not be present for the one-sample Kolmogorov-Smirnov test","",0.0300000000000011,FALSE
"confounded_sparse_n300_t01_r0035","MDACT","ok","ties should not be present for the one-sample Kolmogorov-Smirnov test","",0.0500000000000114,FALSE
"confounded_sparse_n300_t01_r0035","MLFDR","ok","","",0.72999999999999,FALSE
"binary_sparse_n300_t01_r0035","HDMT","ok","","",0.0300000000000011,FALSE
"binary_sparse_n300_t01_r0035","MDACT","ok","","",0.0600000000000023,FALSE
"binary_sparse_n300_t01_r0035","MLFDR","ok","","",0.609999999999985,FALSE
"linear_dense_n300_t01_r0035","HDMT","ok","ties should not be present for the one-sample Kolmogorov-Smirnov test","",0.00999999999999091,FALSE
"linear_dense_n300_t01_r0035","MDACT","ok","ties should not be present for the one-sample Kolmogorov-Smirnov test","",0.0300000000000011,FALSE
"linear_dense_n300_t01_r0035","MLFDR","ok","","",0.25,FALSE
"confounded_dense_n300_t01_r0035","HDMT","ok","ties should not be present for the one-sample Kolmogorov-Smirnov test","",0.0300000000000011,FALSE
"confounded_dense_n300_t01_r0035","MDACT","ok","ties should not be present for the one-sample Kolmogorov-Smirnov test","",0.0600000000000023,FALSE
"confounded_dense_n300_t01_r0035","MLFDR","ok","","",0.320000000000022,FALSE
"binary_dense_n300_t01_r0035","HDMT","ok","","",0.0300000000000011,FALSE
"binary_dense_n300_t01_r0035","MDACT","ok","","",0.0600000000000023,FALSE
"binary_dense_n300_t01_r0035","MLFDR","ok","","",0.319999999999993,FALSE
"linear_sparse_n300_t02_r0035","HDMT","ok","ties should not be present for the one-sample Kolmogorov-Smirnov test","",0.00999999999999091,FALSE
"linear_sparse_n300_t02_r0035","MDACT","ok","ties should not be present for the one-sample Kolmogorov-Smirnov test","",0.0200000000000102,FALSE
"linear_sparse_n300_t02_r0035","MLFDR","ok","","",0.140000000000015,FALSE
"confounded_sparse_n300_t02_r0035","HDMT","ok","ties should not be present for the one-sample Kolmogorov-Smirnov test","",0.0100000000000193,FALSE
"confounded_sparse_n300_t02_r0035","MDACT","ok","ties should not be present for the one-sample Kolmogorov-Smirnov test","",0.0499999999999829,FALSE
"confounded_sparse_n300_t02_r0035","MLFDR","ok","","",0.340000000000003,FALSE
"binary_sparse_n300_t02_r0035","HDMT","ok","","",0.0200000000000102,FALSE
"binary_sparse_n300_t02_r0035","MDACT","ok","","",0.0300000000000011,FALSE
"binary_sparse_n300_t02_r0035","MLFDR","ok","","",0.560000000000002,FALSE
"linear_dense_n300_t02_r0035","HDMT","ok","ties should not be present for the one-sample Kolmogorov-Smirnov test","",0.0199999999999818,FALSE
"linear_dense_n300_t02_r0035","MDACT","ok","ties should not be present for the one-sample Kolmogorov-Smirnov test","",0.0499999999999829,FALSE
"linear_dense_n300_t02_r0035","MLFDR","ok","","",0.189999999999998,FALSE
"confounded_dense_n300_t02_r0035","HDMT","ok","ties should not be present for the one-sample Kolmogorov-Smirnov test","",0.00999999999999091,FALSE
"confounded_dense_n300_t02_r0035","MDACT","ok","ties should not be present for the one-sample Kolmogorov-Smirnov test","",0.0300000000000011,FALSE
"confounded_dense_n300_t02_r0035","MLFDR","ok","","",0.210000000000008,FALSE
"binary_dense_n300_t02_r0035","HDMT","ok","","",0.0300000000000011,FALSE
"binary_dense_n300_t02_r0035","MDACT","ok","","",0.0499999999999829,FALSE
"binary_dense_n300_t02_r0035","MLFDR","ok","","",0.200000000000017,FALSE
"linear_sparse_n300_t03_r0035","HDMT","ok","ties should not be present for the one-sample Kolmogorov-Smirnov test","",0.00999999999999091,FALSE
"linear_sparse_n300_t03_r0035","MDACT","ok","ties should not be present for the one-sample Kolmogorov-Smirnov test","",0.0499999999999829,FALSE
"linear_sparse_n300_t03_r0035","MLFDR","ok","","",0.109999999999985,FALSE
"confounded_sparse_n300_t03_r0035","HDMT","ok","ties should not be present for the one-sample Kolmogorov-Smirnov test","",0.0300000000000011,FALSE
"confounded_sparse_n300_t03_r0035","MDACT","ok","ties should not be present for the one-sample Kolmogorov-Smirnov test","",0.0300000000000011,FALSE
"confounded_sparse_n300_t03_r0035","MLFDR","ok","","",0.139999999999986,FALSE
"binary_sparse_n300_t03_r0035","HDMT","ok","","",0.0199999999999818,FALSE
"binary_sparse_n300_t03_r0035","MDACT","ok","","",0.0500000000000114,FALSE
"binary_sparse_n300_t03_r0035","MLFDR","ok","","",0.340000000000003,FALSE
"linear_dense_n300_t03_r0035","HDMT","ok","ties should not be present for the one-sample Kolmogorov-Smirnov test","",0.0100000000000193,FALSE
"linear_dense_n300_t03_r0035","MDACT","ok","ties should not be present for the one-sample Kolmogorov-Smirnov test","",0.0300000000000011,FALSE
"linear_dense_n300_t03_r0035","MLFDR","ok","","",0.120000000000005,FALSE
"confounded_dense_n300_t03_r0035","HDMT","ok","ties should not be present for the one-sample Kolmogorov-Smirnov test","",0.0300000000000011,FALSE
"confounded_dense_n300_t03_r0035","MDACT","ok","ties should not be present for the one-sample Kolmogorov-Smirnov test","",0.0500000000000114,FALSE
"confounded_dense_n300_t03_r0035","MLFDR","ok","","",0.109999999999985,FALSE
"binary_dense_n300_t03_r0035","HDMT","ok","","",0.0300000000000011,FALSE
"binary_dense_n300_t03_r0035","MDACT","ok","","",0.0499999999999829,FALSE
"binary_dense_n300_t03_r0035","MLFDR","ok","","",0.120000000000005,FALSE
"linear_sparse_n300_t01_r0036","HDMT","ok","ties should not be present for the one-sample Kolmogorov-Smirnov test","",0.0300000000000011,FALSE
"linear_sparse_n300_t01_r0036","MDACT","ok","ties should not be present for the one-sample Kolmogorov-Smirnov test","",0.039999999999992,FALSE
"linear_sparse_n300_t01_r0036","MLFDR","ok","","",1.19,FALSE
"confounded_sparse_n300_t01_r0036","HDMT","ok","ties should not be present for the one-sample Kolmogorov-Smirnov test","",0.0200000000000102,FALSE
"confounded_sparse_n300_t01_r0036","MDACT","ok","ties should not be present for the one-sample Kolmogorov-Smirnov test","",0.0499999999999829,FALSE
"confounded_sparse_n300_t01_r0036","MLFDR","ok","","",0.20999999999998,FALSE
"binary_sparse_n300_t01_r0036","HDMT","ok","","",0.0300000000000011,FALSE
"binary_sparse_n300_t01_r0036","MDACT","ok","","",0.0300000000000011,FALSE
"binary_sparse_n300_t01_r0036","MLFDR","ok","","",0.579999999999984,FALSE
"linear_dense_n300_t01_r0036","HDMT","ok","ties should not be present for the one-sample Kolmogorov-Smirnov test","",0.039999999999992,FALSE
"linear_dense_n300_t01_r0036","MDACT","ok","ties should not be present for the one-sample Kolmogorov-Smirnov test","",0.0500000000000114,FALSE
"linear_dense_n300_t01_r0036","MLFDR","ok","","",0.219999999999999,FALSE
"confounded_dense_n300_t01_r0036","HDMT","ok","ties should not be present for the one-sample Kolmogorov-Smirnov test","",0.00999999999999091,FALSE
"confounded_dense_n300_t01_r0036","MDACT","ok","ties should not be present for the one-sample Kolmogorov-Smirnov test","",0.0499999999999829,FALSE
"confounded_dense_n300_t01_r0036","MLFDR","ok","","",0.769999999999982,FALSE
"binary_dense_n300_t01_r0036","HDMT","ok","","",0.0300000000000011,FALSE
"binary_dense_n300_t01_r0036","MDACT","ok","","",0.0300000000000011,FALSE
"binary_dense_n300_t01_r0036","MLFDR","ok","","",0.670000000000016,FALSE
"linear_sparse_n300_t02_r0036","HDMT","ok","ties should not be present for the one-sample Kolmogorov-Smirnov test","",0.0300000000000011,FALSE
"linear_sparse_n300_t02_r0036","MDACT","ok","ties should not be present for the one-sample Kolmogorov-Smirnov test","",0.0300000000000011,FALSE
"linear_sparse_n300_t02_r0036","MLFDR","ok","","",0.900000000000006,FALSE
"confounded_sparse_n300_t02_r0036","HDMT","ok","ties should not be present for the one-sample Kolmogorov-Smirnov test","",0.0300000000000011,FALSE
"confounded_sparse_n300_t02_r0036","MDACT","ok","ties should not be present for the one-sample Kolmogorov-Smirnov test","",0.0300000000000011,FALSE
"confounded_sparse_n300_t02_r0036","MLFDR","ok","","",0.169999999999987,FALSE
"binary_sparse_n300_t02_r0036","HDMT","ok","","",0.0199999999999818,FALSE
"binary_sparse_n300_t02_r0036","MDACT","ok","","",0.0499999999999829,FALSE
"binary_sparse_n300_t02_r0036","MLFDR","ok","","",0.219999999999999,FALSE
"linear_dense_n300_t02_r0036","HDMT","ok","ties should not be present for the one-sample Kolmogorov-Smirnov test","",0.0200000000000102,FALSE
"linear_dense_n300_t02_r0036","MDACT","ok","ties should not be present for the one-sample Kolmogorov-Smirnov test","",0.039999999999992,FALSE
"linear_dense_n300_t02_r0036","MLFDR","ok","","",0.139999999999986,FALSE
"confounded_dense_n300_t02_r0036","HDMT","ok","ties should not be present for the one-sample Kolmogorov-Smirnov test","",0.0300000000000011,FALSE
"confounded_dense_n300_t02_r0036","MDACT","ok","ties should not be present for the one-sample Kolmogorov-Smirnov test","",0.0500000000000114,FALSE
"confounded_dense_n300_t02_r0036","MLFDR","ok","","",0.669999999999987,FALSE
"binary_dense_n300_t02_r0036","HDMT","ok","","",0.039999999999992,FALSE
"binary_dense_n300_t02_r0036","MDACT","ok","","",0.0500000000000114,FALSE
"binary_dense_n300_t02_r0036","MLFDR","ok","","",0.240000000000009,FALSE
"linear_sparse_n300_t03_r0036","HDMT","ok","ties should not be present for the one-sample Kolmogorov-Smirnov test","",0.0200000000000102,FALSE
"linear_sparse_n300_t03_r0036","MDACT","ok","ties should not be present for the one-sample Kolmogorov-Smirnov test","",0.0499999999999829,FALSE
"linear_sparse_n300_t03_r0036","MLFDR","ok","","",0.139999999999986,FALSE
"confounded_sparse_n300_t03_r0036","HDMT","ok","ties should not be present for the one-sample Kolmogorov-Smirnov test","",0.0199999999999818,FALSE
"confounded_sparse_n300_t03_r0036","MDACT","ok","ties should not be present for the one-sample Kolmogorov-Smirnov test","",0.039999999999992,FALSE
"confounded_sparse_n300_t03_r0036","MLFDR","ok","","",0.140000000000015,FALSE
"binary_sparse_n300_t03_r0036","HDMT","ok","","",0.0100000000000193,FALSE
"binary_sparse_n300_t03_r0036","MDACT","ok","","",0.039999999999992,FALSE
"binary_sparse_n300_t03_r0036","MLFDR","ok","","",0.139999999999986,FALSE
"linear_dense_n300_t03_r0036","HDMT","ok","ties should not be present for the one-sample Kolmogorov-Smirnov test","",0.0300000000000011,FALSE
"linear_dense_n300_t03_r0036","MDACT","ok","ties should not be present for the one-sample Kolmogorov-Smirnov test","",0.0800000000000125,FALSE
"linear_dense_n300_t03_r0036","MLFDR","ok","","",0.109999999999985,FALSE
"confounded_dense_n300_t03_r0036","HDMT","ok","ties should not be present for the one-sample Kolmogorov-Smirnov test","",0.0199999999999818,FALSE
"confounded_dense_n300_t03_r0036","MDACT","ok","ties should not be present for the one-sample Kolmogorov-Smirnov test","",0.0300000000000011,FALSE
"confounded_dense_n300_t03_r0036","MLFDR","ok","","",0.129999999999995,FALSE
"binary_dense_n300_t03_r0036","HDMT","ok","","",0.0300000000000011,FALSE
"binary_dense_n300_t03_r0036","MDACT","ok","","",0.0499999999999829,FALSE
"binary_dense_n300_t03_r0036","MLFDR","ok","","",0.109999999999985,FALSE
"linear_sparse_n300_t01_r0037","HDMT","ok","ties should not be present for the one-sample Kolmogorov-Smirnov test","",0.0200000000000102,FALSE
"linear_sparse_n300_t01_r0037","MDACT","ok","ties should not be present for the one-sample Kolmogorov-Smirnov test","",0.0300000000000011,FALSE
"linear_sparse_n300_t01_r0037","MLFDR","ok","","",0.319999999999993,FALSE
"confounded_sparse_n300_t01_r0037","HDMT","ok","ties should not be present for the one-sample Kolmogorov-Smirnov test","",0.0300000000000011,FALSE
"confounded_sparse_n300_t01_r0037","MDACT","ok","ties should not be present for the one-sample Kolmogorov-Smirnov test","",0.0500000000000114,FALSE
"confounded_sparse_n300_t01_r0037","MLFDR","ok","","",1.26999999999998,FALSE
"binary_sparse_n300_t01_r0037","HDMT","ok","","",0.0300000000000011,FALSE
"binary_sparse_n300_t01_r0037","MDACT","ok","","",0.0300000000000011,FALSE
"binary_sparse_n300_t01_r0037","MLFDR","ok","","",0.550000000000011,FALSE
"linear_dense_n300_t01_r0037","HDMT","ok","ties should not be present for the one-sample Kolmogorov-Smirnov test","",0.0200000000000102,FALSE
"linear_dense_n300_t01_r0037","MDACT","ok","ties should not be present for the one-sample Kolmogorov-Smirnov test","",0.0500000000000114,FALSE
"linear_dense_n300_t01_r0037","MLFDR","ok","","",0.419999999999987,FALSE
"confounded_dense_n300_t01_r0037","HDMT","ok","ties should not be present for the one-sample Kolmogorov-Smirnov test","",0.00999999999999091,FALSE
"confounded_dense_n300_t01_r0037","MDACT","ok","ties should not be present for the one-sample Kolmogorov-Smirnov test","",0.0300000000000011,FALSE
"confounded_dense_n300_t01_r0037","MLFDR","ok","","",0.200000000000017,FALSE
"binary_dense_n300_t01_r0037","HDMT","ok","","",0.0199999999999818,FALSE
"binary_dense_n300_t01_r0037","MDACT","ok","","",0.0500000000000114,FALSE
"binary_dense_n300_t01_r0037","MLFDR","ok","","",0.240000000000009,FALSE
"linear_sparse_n300_t02_r0037","HDMT","ok","ties should not be present for the one-sample Kolmogorov-Smirnov test","",0.0300000000000011,FALSE
"linear_sparse_n300_t02_r0037","MDACT","ok","ties should not be present for the one-sample Kolmogorov-Smirnov test","",0.039999999999992,FALSE
"linear_sparse_n300_t02_r0037","MLFDR","ok","","",0.370000000000005,FALSE
"confounded_sparse_n300_t02_r0037","HDMT","ok","ties should not be present for the one-sample Kolmogorov-Smirnov test","",0.0300000000000011,FALSE
"confounded_sparse_n300_t02_r0037","MDACT","ok","ties should not be present for the one-sample Kolmogorov-Smirnov test","",0.0499999999999829,FALSE
"confounded_sparse_n300_t02_r0037","MLFDR","ok","","",0.449999999999989,FALSE
"binary_sparse_n300_t02_r0037","HDMT","ok","","",0.0600000000000023,FALSE
"binary_sparse_n300_t02_r0037","MDACT","ok","","",0.0300000000000011,FALSE
"binary_sparse_n300_t02_r0037","MLFDR","ok","","",0.319999999999993,FALSE
"linear_dense_n300_t02_r0037","HDMT","ok","ties should not be present for the one-sample Kolmogorov-Smirnov test","",0.0299999999999727,FALSE
"linear_dense_n300_t02_r0037","MDACT","ok","ties should not be present for the one-sample Kolmogorov-Smirnov test","",0.0300000000000011,FALSE
"linear_dense_n300_t02_r0037","MLFDR","ok","","",0.150000000000006,FALSE
"confounded_dense_n300_t02_r0037","HDMT","ok","ties should not be present for the one-sample Kolmogorov-Smirnov test","",0.0300000000000011,FALSE
"confounded_dense_n300_t02_r0037","MDACT","ok","ties should not be present for the one-sample Kolmogorov-Smirnov test","",0.039999999999992,FALSE
"confounded_dense_n300_t02_r0037","MLFDR","ok","","",0.310000000000002,FALSE
"binary_dense_n300_t02_r0037","HDMT","ok","","",0.0300000000000011,FALSE
"binary_dense_n300_t02_r0037","MDACT","ok","","",0.0699999999999932,FALSE
"binary_dense_n300_t02_r0037","MLFDR","ok","","",0.219999999999999,FALSE
"linear_sparse_n300_t03_r0037","HDMT","ok","ties should not be present for the one-sample Kolmogorov-Smirnov test","",0.00999999999999091,FALSE
"linear_sparse_n300_t03_r0037","MDACT","ok","ties should not be present for the one-sample Kolmogorov-Smirnov test","",0.0300000000000011,FALSE
"linear_sparse_n300_t03_r0037","MLFDR","ok","","",0.199999999999989,FALSE
"confounded_sparse_n300_t03_r0037","HDMT","ok","ties should not be present for the one-sample Kolmogorov-Smirnov test","",0.0300000000000011,FALSE
"confounded_sparse_n300_t03_r0037","MDACT","ok","ties should not be present for the one-sample Kolmogorov-Smirnov test","",0.0500000000000114,FALSE
"confounded_sparse_n300_t03_r0037","MLFDR","ok","","",0.0900000000000034,FALSE
"binary_sparse_n300_t03_r0037","HDMT","ok","","",0.00999999999999091,FALSE
"binary_sparse_n300_t03_r0037","MDACT","ok","","",0.0400000000000205,FALSE
"binary_sparse_n300_t03_r0037","MLFDR","ok","","",0.300000000000011,FALSE
"linear_dense_n300_t03_r0037","HDMT","ok","ties should not be present for the one-sample Kolmogorov-Smirnov test","",0.039999999999992,FALSE
"linear_dense_n300_t03_r0037","MDACT","ok","ties should not be present for the one-sample Kolmogorov-Smirnov test","",0.0499999999999829,FALSE
"linear_dense_n300_t03_r0037","MLFDR","ok","","",0.110000000000014,FALSE
"confounded_dense_n300_t03_r0037","HDMT","ok","ties should not be present for the one-sample Kolmogorov-Smirnov test","",0.0100000000000193,FALSE
"confounded_dense_n300_t03_r0037","MDACT","ok","ties should not be present for the one-sample Kolmogorov-Smirnov test","",0.039999999999992,FALSE
"confounded_dense_n300_t03_r0037","MLFDR","ok","","",0.169999999999987,FALSE
"binary_dense_n300_t03_r0037","HDMT","ok","","",0.00999999999999091,FALSE
"binary_dense_n300_t03_r0037","MDACT","ok","","",0.0799999999999841,FALSE
"binary_dense_n300_t03_r0037","MLFDR","ok","","",0.129999999999995,FALSE
"linear_sparse_n300_t01_r0038","HDMT","ok","ties should not be present for the one-sample Kolmogorov-Smirnov test","",0.00999999999999091,FALSE
"linear_sparse_n300_t01_r0038","MDACT","ok","ties should not be present for the one-sample Kolmogorov-Smirnov test","",0.0300000000000011,FALSE
"linear_sparse_n300_t01_r0038","MLFDR","ok","","",0.879999999999995,FALSE
"confounded_sparse_n300_t01_r0038","HDMT","ok","ties should not be present for the one-sample Kolmogorov-Smirnov test","",0.00999999999999091,FALSE
"confounded_sparse_n300_t01_r0038","MDACT","ok","ties should not be present for the one-sample Kolmogorov-Smirnov test","",0.0500000000000114,FALSE
"confounded_sparse_n300_t01_r0038","MLFDR","ok","","",0.230000000000018,FALSE
"binary_sparse_n300_t01_r0038","HDMT","ok","","",0.0300000000000011,FALSE
"binary_sparse_n300_t01_r0038","MDACT","ok","","",0.0400000000000205,FALSE
"binary_sparse_n300_t01_r0038","MLFDR","ok","","",0.890000000000015,FALSE
"linear_dense_n300_t01_r0038","HDMT","ok","ties should not be present for the one-sample Kolmogorov-Smirnov test","",0.039999999999992,FALSE
"linear_dense_n300_t01_r0038","MDACT","ok","ties should not be present for the one-sample Kolmogorov-Smirnov test","",0.0500000000000114,FALSE
"linear_dense_n300_t01_r0038","MLFDR","ok","","",0.490000000000009,FALSE
"confounded_dense_n300_t01_r0038","HDMT","ok","ties should not be present for the one-sample Kolmogorov-Smirnov test","",0.0300000000000011,FALSE
"confounded_dense_n300_t01_r0038","MDACT","ok","ties should not be present for the one-sample Kolmogorov-Smirnov test","",0.039999999999992,FALSE
"confounded_dense_n300_t01_r0038","MLFDR","ok","","",0.25,FALSE
"binary_dense_n300_t01_r0038","HDMT","ok","","",0.00999999999999091,FALSE
"binary_dense_n300_t01_r0038","MDACT","ok","","",0.0500000000000114,FALSE
"binary_dense_n300_t01_r0038","MLFDR","ok","","",0.219999999999999,FALSE
"linear_sparse_n300_t02_r0038","HDMT","ok","ties should not be present for the one-sample Kolmogorov-Smirnov test","",0.0300000000000011,FALSE
"linear_sparse_n300_t02_r0038","MDACT","ok","ties should not be present for the one-sample Kolmogorov-Smirnov test","",0.0500000000000114,FALSE
"linear_sparse_n300_t02_r0038","MLFDR","ok","","",0.379999999999995,FALSE
"confounded_sparse_n300_t02_r0038","HDMT","ok","ties should not be present for the one-sample Kolmogorov-Smirnov test","",0.0300000000000011,FALSE
"confounded_sparse_n300_t02_r0038","MDACT","ok","ties should not be present for the one-sample Kolmogorov-Smirnov test","",0.0499999999999829,FALSE
"confounded_sparse_n300_t02_r0038","MLFDR","ok","","",0.129999999999995,FALSE
"binary_sparse_n300_t02_r0038","HDMT","ok","","",0.0300000000000011,FALSE
"binary_sparse_n300_t02_r0038","MDACT","ok","","",0.0600000000000023,FALSE
"binary_sparse_n300_t02_r0038","MLFDR","ok","","",0.259999999999991,FALSE
"linear_dense_n300_t02_r0038","HDMT","ok","ties should not be present for the one-sample Kolmogorov-Smirnov test","",0.00999999999999091,FALSE
"linear_dense_n300_t02_r0038","MDACT","ok","ties should not be present for the one-sample Kolmogorov-Smirnov test","",0.0300000000000011,FALSE
"linear_dense_n300_t02_r0038","MLFDR","ok","","",0.300000000000011,FALSE
"confounded_dense_n300_t02_r0038","HDMT","ok","ties should not be present for the one-sample Kolmogorov-Smirnov test","",0.0300000000000011,FALSE
"confounded_dense_n300_t02_r0038","MDACT","ok","ties should not be present for the one-sample Kolmogorov-Smirnov test","",0.0600000000000023,FALSE
"confounded_dense_n300_t02_r0038","MLFDR","ok","","",0.349999999999994,FALSE
"binary_dense_n300_t02_r0038","HDMT","ok","","",0.0300000000000011,FALSE
"binary_dense_n300_t02_r0038","MDACT","ok","","",0.0500000000000114,FALSE
"binary_dense_n300_t02_r0038","MLFDR","ok","","",0.280000000000001,FALSE
"linear_sparse_n300_t03_r0038","HDMT","ok","ties should not be present for the one-sample Kolmogorov-Smirnov test","",0.00999999999999091,FALSE
"linear_sparse_n300_t03_r0038","MDACT","ok","ties should not be present for the one-sample Kolmogorov-Smirnov test","",0.039999999999992,FALSE
"linear_sparse_n300_t03_r0038","MLFDR","ok","","",0.109999999999985,FALSE
"confounded_sparse_n300_t03_r0038","HDMT","ok","ties should not be present for the one-sample Kolmogorov-Smirnov test","",0.0300000000000011,FALSE
"confounded_sparse_n300_t03_r0038","MDACT","ok","ties should not be present for the one-sample Kolmogorov-Smirnov test","",0.0500000000000114,FALSE
"confounded_sparse_n300_t03_r0038","MLFDR","ok","","",0.0800000000000125,FALSE
"binary_sparse_n300_t03_r0038","HDMT","ok","","",0.0300000000000011,FALSE
"binary_sparse_n300_t03_r0038","MDACT","ok","","",0.0300000000000011,FALSE
"binary_sparse_n300_t03_r0038","MLFDR","ok","","",0.219999999999999,FALSE
"linear_dense_n300_t03_r0038","HDMT","ok","ties should not be present for the one-sample Kolmogorov-Smirnov test","",0.0199999999999818,FALSE
"linear_dense_n300_t03_r0038","MDACT","ok","ties should not be present for the one-sample Kolmogorov-Smirnov test","",0.0499999999999829,FALSE
"linear_dense_n300_t03_r0038","MLFDR","ok","","",0.0999999999999943,FALSE
"confounded_dense_n300_t03_r0038","HDMT","ok","ties should not be present for the one-sample Kolmogorov-Smirnov test","",0.0100000000000193,FALSE
"confounded_dense_n300_t03_r0038","MDACT","ok","ties should not be present for the one-sample Kolmogorov-Smirnov test","",0.0499999999999829,FALSE
"confounded_dense_n300_t03_r0038","MLFDR","ok","","",0.219999999999999,FALSE
"binary_dense_n300_t03_r0038","HDMT","ok","","",0.00999999999999091,FALSE
"binary_dense_n300_t03_r0038","MDACT","ok","","",0.0300000000000011,FALSE
"binary_dense_n300_t03_r0038","MLFDR","ok","","",0.120000000000005,FALSE
"linear_sparse_n300_t01_r0039","HDMT","ok","ties should not be present for the one-sample Kolmogorov-Smirnov test","",0.0100000000000193,FALSE
"linear_sparse_n300_t01_r0039","MDACT","ok","ties should not be present for the one-sample Kolmogorov-Smirnov test","",0.0300000000000011,FALSE
"linear_sparse_n300_t01_r0039","MLFDR","ok","","",0.409999999999997,FALSE
"confounded_sparse_n300_t01_r0039","HDMT","ok","ties should not be present for the one-sample Kolmogorov-Smirnov test","",0.0200000000000102,FALSE
"confounded_sparse_n300_t01_r0039","MDACT","ok","ties should not be present for the one-sample Kolmogorov-Smirnov test","",0.0500000000000114,FALSE
"confounded_sparse_n300_t01_r0039","MLFDR","ok","","",0.610000000000014,FALSE
"binary_sparse_n300_t01_r0039","HDMT","ok","","",0.0199999999999818,FALSE
"binary_sparse_n300_t01_r0039","MDACT","ok","","",0.0499999999999829,FALSE
"binary_sparse_n300_t01_r0039","MLFDR","ok","","",0.419999999999987,FALSE
"linear_dense_n300_t01_r0039","HDMT","ok","ties should not be present for the one-sample Kolmogorov-Smirnov test","",0.0300000000000011,FALSE
"linear_dense_n300_t01_r0039","MDACT","ok","ties should not be present for the one-sample Kolmogorov-Smirnov test","",0.0400000000000205,FALSE
"linear_dense_n300_t01_r0039","MLFDR","ok","","",0.169999999999987,FALSE
"confounded_dense_n300_t01_r0039","HDMT","ok","ties should not be present for the one-sample Kolmogorov-Smirnov test","",0.0200000000000102,FALSE
"confounded_dense_n300_t01_r0039","MDACT","ok","ties should not be present for the one-sample Kolmogorov-Smirnov test","",0.039999999999992,FALSE
"confounded_dense_n300_t01_r0039","MLFDR","ok","","",0.549999999999983,FALSE
"binary_dense_n300_t01_r0039","HDMT","ok","","",0.0300000000000011,FALSE
"binary_dense_n300_t01_r0039","MDACT","ok","","",0.039999999999992,FALSE
"binary_dense_n300_t01_r0039","MLFDR","ok","","",0.889999999999986,FALSE
"linear_sparse_n300_t02_r0039","HDMT","ok","ties should not be present for the one-sample Kolmogorov-Smirnov test","",0.039999999999992,FALSE
"linear_sparse_n300_t02_r0039","MDACT","ok","ties should not be present for the one-sample Kolmogorov-Smirnov test","",0.0300000000000011,FALSE
"linear_sparse_n300_t02_r0039","MLFDR","ok","","",0.219999999999999,FALSE
"confounded_sparse_n300_t02_r0039","HDMT","ok","ties should not be present for the one-sample Kolmogorov-Smirnov test","",0.0199999999999818,FALSE
"confounded_sparse_n300_t02_r0039","MDACT","ok","ties should not be present for the one-sample Kolmogorov-Smirnov test","",0.0300000000000011,FALSE
"confounded_sparse_n300_t02_r0039","MLFDR","ok","","",0.219999999999999,FALSE
"binary_sparse_n300_t02_r0039","HDMT","ok","","",0.0100000000000193,FALSE
"binary_sparse_n300_t02_r0039","MDACT","ok","","",0.0300000000000011,FALSE
"binary_sparse_n300_t02_r0039","MLFDR","ok","","",0.300000000000011,FALSE
"linear_dense_n300_t02_r0039","HDMT","ok","ties should not be present for the one-sample Kolmogorov-Smirnov test","",0.0300000000000011,FALSE
"linear_dense_n300_t02_r0039","MDACT","ok","ties should not be present for the one-sample Kolmogorov-Smirnov test","",0.0499999999999829,FALSE
"linear_dense_n300_t02_r0039","MLFDR","ok","","",0.300000000000011,FALSE
"confounded_dense_n300_t02_r0039","HDMT","ok","ties should not be present for the one-sample Kolmogorov-Smirnov test","",0.0200000000000102,FALSE
"confounded_dense_n300_t02_r0039","MDACT","ok","ties should not be present for the one-sample Kolmogorov-Smirnov test","",0.0500000000000114,FALSE
"confounded_dense_n300_t02_r0039","MLFDR","ok","","",0.450000000000017,FALSE
"binary_dense_n300_t02_r0039","HDMT","ok","","",0.0200000000000102,FALSE
"binary_dense_n300_t02_r0039","MDACT","ok","","",0.0300000000000011,FALSE
"binary_dense_n300_t02_r0039","MLFDR","ok","","",0.179999999999978,FALSE
"linear_sparse_n300_t03_r0039","HDMT","ok","ties should not be present for the one-sample Kolmogorov-Smirnov test","",0.0199999999999818,FALSE
"linear_sparse_n300_t03_r0039","MDACT","ok","ties should not be present for the one-sample Kolmogorov-Smirnov test","",0.0400000000000205,FALSE
"linear_sparse_n300_t03_r0039","MLFDR","ok","","",0.109999999999957,FALSE
"confounded_sparse_n300_t03_r0039","HDMT","ok","ties should not be present for the one-sample Kolmogorov-Smirnov test","",0.0300000000000296,FALSE
"confounded_sparse_n300_t03_r0039","MDACT","ok","ties should not be present for the one-sample Kolmogorov-Smirnov test","",0.0400000000000205,FALSE
"confounded_sparse_n300_t03_r0039","MLFDR","ok","","",0.170000000000016,FALSE
"binary_sparse_n300_t03_r0039","HDMT","ok","","",0.0300000000000296,FALSE
"binary_sparse_n300_t03_r0039","MDACT","ok","","",0.0500000000000114,FALSE
"binary_sparse_n300_t03_r0039","MLFDR","ok","","",0.28000000000003,FALSE
"linear_dense_n300_t03_r0039","HDMT","ok","ties should not be present for the one-sample Kolmogorov-Smirnov test","",0.00999999999999091,FALSE
"linear_dense_n300_t03_r0039","MDACT","ok","ties should not be present for the one-sample Kolmogorov-Smirnov test","",0.0400000000000205,FALSE
"linear_dense_n300_t03_r0039","MLFDR","ok","","",0.189999999999998,FALSE
"confounded_dense_n300_t03_r0039","HDMT","ok","ties should not be present for the one-sample Kolmogorov-Smirnov test","",0.0199999999999818,FALSE
"confounded_dense_n300_t03_r0039","MDACT","ok","ties should not be present for the one-sample Kolmogorov-Smirnov test","",0.0299999999999727,FALSE
"confounded_dense_n300_t03_r0039","MLFDR","ok","","",0.139999999999986,FALSE
"binary_dense_n300_t03_r0039","HDMT","ok","","",0.0200000000000387,FALSE
"binary_dense_n300_t03_r0039","MDACT","ok","","",0.0500000000000114,FALSE
"binary_dense_n300_t03_r0039","MLFDR","ok","","",0.150000000000034,FALSE
"linear_sparse_n300_t01_r0040","HDMT","ok","ties should not be present for the one-sample Kolmogorov-Smirnov test","",0.0300000000000296,FALSE
"linear_sparse_n300_t01_r0040","MDACT","ok","ties should not be present for the one-sample Kolmogorov-Smirnov test","",0.0500000000000114,FALSE
"linear_sparse_n300_t01_r0040","MLFDR","ok","","",0.970000000000027,FALSE
"confounded_sparse_n300_t01_r0040","HDMT","ok","ties should not be present for the one-sample Kolmogorov-Smirnov test","",0.0300000000000296,FALSE
"confounded_sparse_n300_t01_r0040","MDACT","ok","ties should not be present for the one-sample Kolmogorov-Smirnov test","",0.0299999999999727,FALSE
"confounded_sparse_n300_t01_r0040","MLFDR","ok","","",0.42999999999995,FALSE
"binary_sparse_n300_t01_r0040","HDMT","ok","","",0.0100000000000477,FALSE
"binary_sparse_n300_t01_r0040","MDACT","ok","","",0.0300000000000296,FALSE
"binary_sparse_n300_t01_r0040","MLFDR","ok","","",0.340000000000032,FALSE
"linear_dense_n300_t01_r0040","HDMT","ok","ties should not be present for the one-sample Kolmogorov-Smirnov test","",0.00999999999999091,FALSE
"linear_dense_n300_t01_r0040","MDACT","ok","ties should not be present for the one-sample Kolmogorov-Smirnov test","",0.0399999999999636,FALSE
"linear_dense_n300_t01_r0040","MLFDR","ok","","",0.229999999999961,FALSE
"confounded_dense_n300_t01_r0040","HDMT","ok","ties should not be present for the one-sample Kolmogorov-Smirnov test","",0.0199999999999818,FALSE
"confounded_dense_n300_t01_r0040","MDACT","ok","ties should not be present for the one-sample Kolmogorov-Smirnov test","",0.0300000000000296,FALSE
"confounded_dense_n300_t01_r0040","MLFDR","ok","","",0.300000000000011,FALSE
"binary_dense_n300_t01_r0040","HDMT","ok","","",0.0100000000000477,FALSE
"binary_dense_n300_t01_r0040","MDACT","ok","","",0.0500000000000114,FALSE
"binary_dense_n300_t01_r0040","MLFDR","ok","","",0.300000000000011,FALSE
"linear_sparse_n300_t02_r0040","HDMT","ok","ties should not be present for the one-sample Kolmogorov-Smirnov test","",0.0200000000000387,FALSE
"linear_sparse_n300_t02_r0040","MDACT","ok","ties should not be present for the one-sample Kolmogorov-Smirnov test","",0.0500000000000114,FALSE
"linear_sparse_n300_t02_r0040","MLFDR","ok","","",0.420000000000016,FALSE
"confounded_sparse_n300_t02_r0040","HDMT","ok","ties should not be present for the one-sample Kolmogorov-Smirnov test","",0.0299999999999727,FALSE
"confounded_sparse_n300_t02_r0040","MDACT","ok","ties should not be present for the one-sample Kolmogorov-Smirnov test","",0.0499999999999545,FALSE
"confounded_sparse_n300_t02_r0040","MLFDR","ok","","",0.129999999999995,FALSE
"binary_sparse_n300_t02_r0040","HDMT","ok","","",0.0299999999999727,FALSE
"binary_sparse_n300_t02_r0040","MDACT","ok","","",0.0499999999999545,FALSE
"binary_sparse_n300_t02_r0040","MLFDR","ok","","",0.189999999999998,FALSE
"linear_dense_n300_t02_r0040","HDMT","ok","ties should not be present for the one-sample Kolmogorov-Smirnov test","",0.0400000000000205,FALSE
"linear_dense_n300_t02_r0040","MDACT","ok","ties should not be present for the one-sample Kolmogorov-Smirnov test","",0.0500000000000114,FALSE
"linear_dense_n300_t02_r0040","MLFDR","ok","","",0.230000000000018,FALSE
"confounded_dense_n300_t02_r0040","HDMT","ok","ties should not be present for the one-sample Kolmogorov-Smirnov test","",0.0200000000000387,FALSE
"confounded_dense_n300_t02_r0040","MDACT","ok","ties should not be present for the one-sample Kolmogorov-Smirnov test","",0.0500000000000114,FALSE
"confounded_dense_n300_t02_r0040","MLFDR","ok","","",0.28000000000003,FALSE
"binary_dense_n300_t02_r0040","HDMT","ok","","",0.0299999999999727,FALSE
"binary_dense_n300_t02_r0040","MDACT","ok","","",0.0400000000000205,FALSE
"binary_dense_n300_t02_r0040","MLFDR","ok","","",0.330000000000041,FALSE
"linear_sparse_n300_t03_r0040","HDMT","ok","ties should not be present for the one-sample Kolmogorov-Smirnov test","",0.0300000000000296,FALSE
"linear_sparse_n300_t03_r0040","MDACT","ok","ties should not be present for the one-sample Kolmogorov-Smirnov test","",0.089999999999975,FALSE
"linear_sparse_n300_t03_r0040","MLFDR","ok","","",0.120000000000005,FALSE
"confounded_sparse_n300_t03_r0040","HDMT","ok","ties should not be present for the one-sample Kolmogorov-Smirnov test","",0.0299999999999727,FALSE
"confounded_sparse_n300_t03_r0040","MDACT","ok","ties should not be present for the one-sample Kolmogorov-Smirnov test","",0.0299999999999727,FALSE
"confounded_sparse_n300_t03_r0040","MLFDR","ok","","",0.169999999999959,FALSE
"binary_sparse_n300_t03_r0040","HDMT","ok","","",0.0300000000000296,FALSE
"binary_sparse_n300_t03_r0040","MDACT","ok","","",0.0500000000000114,FALSE
"binary_sparse_n300_t03_r0040","MLFDR","ok","","",0.110000000000014,FALSE
"linear_dense_n300_t03_r0040","HDMT","ok","ties should not be present for the one-sample Kolmogorov-Smirnov test","",0.00999999999999091,FALSE
"linear_dense_n300_t03_r0040","MDACT","ok","ties should not be present for the one-sample Kolmogorov-Smirnov test","",0.0499999999999545,FALSE
"linear_dense_n300_t03_r0040","MLFDR","ok","","",0.170000000000016,FALSE
"confounded_dense_n300_t03_r0040","HDMT","ok","ties should not be present for the one-sample Kolmogorov-Smirnov test","",0.0299999999999727,FALSE
"confounded_dense_n300_t03_r0040","MDACT","ok","ties should not be present for the one-sample Kolmogorov-Smirnov test","",0.0500000000000114,FALSE
"confounded_dense_n300_t03_r0040","MLFDR","ok","","",0.129999999999995,FALSE
"binary_dense_n300_t03_r0040","HDMT","ok","","",0.0199999999999818,FALSE
"binary_dense_n300_t03_r0040","MDACT","ok","","",0.0400000000000205,FALSE
"binary_dense_n300_t03_r0040","MLFDR","ok","","",0.110000000000014,FALSE
