"case_id","scenario","mixture","profile","n","m","tau","replicate","seed","method","q","status","cached","elapsed_seconds","warning","error","cache_key","discoveries","false_discoveries","true_discoveries","alternatives","FDP","power","dataset","stage","arm"
"linear_sparse_n300_t01_r0009","linear","sparse","paper_adjusted",300,1000,1.3,9,142876051,"HDMT",0.05,"ok",TRUE,0.00999999999999801,"ties should not be present for the one-sample Kolmogorov-Smirnov test","","05385beb53430ca81514e04428439cbb",10,1,9,23,0.1,0.391304347826087,"paper_adjusted","confirmation","null10"
"linear_sparse_n300_t01_r0009","linear","sparse","paper_adjusted",300,1000,1.3,9,142876051,"MDACT",0.05,"ok",TRUE,0.0200000000000031,"ties should not be present for the one-sample Kolmogorov-Smirnov test","","7d752af2ad9e72d5118355ebcca61bb4",7,0,7,23,0,0.304347826086957,"paper_adjusted","confirmation","null10"
"linear_sparse_n300_t01_r0009","linear","sparse","paper_adjusted",300,1000,1.3,9,142876051,"MLFDR",0.05,"ok",TRUE,0.520000000000003,"","","019e8330492ab081ff5afeb50917dc9f",12,1,11,23,0.0833333333333333,0.478260869565217,"paper_adjusted","confirmation","null10"
"linear_sparse_n300_t01_r0009","linear","sparse","paper_adjusted",300,1000,1.3,9,142876051,"ASHMED",0.05,"ok",TRUE,0.25,"","","751efc9dbc80bad390287e5db9a34564",3,0,3,23,0,0.130434782608696,"paper_adjusted","confirmation","null10"
"confounded_sparse_n300_t01_r0009","confounded","sparse","paper_adjusted",300,1000,1.3,9,165262279,"HDMT",0.05,"ok",TRUE,0.0300000000000011,"ties should not be present for the one-sample Kolmogorov-Smirnov test","","cccac1a55c06e4d80bab68bb54799992",9,0,9,22,0,0.409090909090909,"paper_adjusted","confirmation","null10"
"confounded_sparse_n300_t01_r0009","confounded","sparse","paper_adjusted",300,1000,1.3,9,165262279,"MDACT",0.05,"ok",TRUE,0.019999999999996,"ties should not be present for the one-sample Kolmogorov-Smirnov test","","8c519942b70a90592133e35d11ecb3b1",9,0,9,22,0,0.409090909090909,"paper_adjusted","confirmation","null10"
"confounded_sparse_n300_t01_r0009","confounded","sparse","paper_adjusted",300,1000,1.3,9,165262279,"MLFDR",0.05,"ok",TRUE,1.04,"","","8241f09dbc7c7e62bd7abf802e5314fb",11,0,11,22,0,0.5,"paper_adjusted","confirmation","null10"
"confounded_sparse_n300_t01_r0009","confounded","sparse","paper_adjusted",300,1000,1.3,9,165262279,"ASHMED",0.05,"ok",TRUE,0.440000000000005,"","","e80a72235e51b6fe13a40c61f7408bae",6,0,6,22,0,0.272727272727273,"paper_adjusted","confirmation","null10"
"binary_sparse_n300_t01_r0009","binary","sparse","paper_adjusted",300,1000,1.3,9,228224096,"HDMT",0.05,"ok",TRUE,0.0300000000000011,"","","6bfd8d9ed8397b8d4ded3f96cac5f40e",0,0,0,13,0,0,"paper_adjusted","confirmation","null10"
"binary_sparse_n300_t01_r0009","binary","sparse","paper_adjusted",300,1000,1.3,9,228224096,"MDACT",0.05,"ok",TRUE,0,"","","cfc8a72793b212a3163a6135a5c195dd",1,0,1,13,0,0.0769230769230769,"paper_adjusted","confirmation","null10"
"binary_sparse_n300_t01_r0009","binary","sparse","paper_adjusted",300,1000,1.3,9,228224096,"MLFDR",0.05,"ok",TRUE,0.619999999999997,"","","e95e53950dc18fb232ac38a7a344dfb9",8,0,8,13,0,0.615384615384615,"paper_adjusted","confirmation","null10"
"binary_sparse_n300_t01_r0009","binary","sparse","paper_adjusted",300,1000,1.3,9,228224096,"ASHMED",0.05,"ok",TRUE,0.329999999999998,"","","b536d0188b4946bf9a4102942528d5c3",3,0,3,13,0,0.230769230769231,"paper_adjusted","confirmation","null10"
"linear_dense_n300_t01_r0009","linear","dense","paper_adjusted",300,1000,1.3,9,60526811,"HDMT",0.05,"ok",TRUE,0.019999999999996,"ties should not be present for the one-sample Kolmogorov-Smirnov test","","a1102d550a9f16e68bd221958ef0e7a2",99,1,98,219,0.0101010101010101,0.447488584474886,"paper_adjusted","confirmation","null10"
"linear_dense_n300_t01_r0009","linear","dense","paper_adjusted",300,1000,1.3,9,60526811,"MDACT",0.05,"ok",TRUE,0,"ties should not be present for the one-sample Kolmogorov-Smirnov test","","bc41e9835768d5a81431184488ba5e9d",112,3,109,219,0.0267857142857143,0.497716894977169,"paper_adjusted","confirmation","null10"
"linear_dense_n300_t01_r0009","linear","dense","paper_adjusted",300,1000,1.3,9,60526811,"MLFDR",0.05,"ok",TRUE,0.600000000000001,"","","06f73067c9789766960aa6b86cdc8e6f",171,4,167,219,0.0233918128654971,0.762557077625571,"paper_adjusted","confirmation","null10"
"linear_dense_n300_t01_r0009","linear","dense","paper_adjusted",300,1000,1.3,9,60526811,"ASHMED",0.05,"ok",TRUE,0.300000000000004,"","","37ab1e2c23282cf4c0fabbf6fa258488",62,0,62,219,0,0.28310502283105,"paper_adjusted","confirmation","null10"
"confounded_dense_n300_t01_r0009","confounded","dense","paper_adjusted",300,1000,1.3,9,77534457,"HDMT",0.05,"ok",TRUE,0.0300000000000011,"ties should not be present for the one-sample Kolmogorov-Smirnov test","","fd47c551c38ffc26c9ba6c4020df4685",93,4,89,211,0.043010752688172,0.421800947867299,"paper_adjusted","confirmation","null10"
"confounded_dense_n300_t01_r0009","confounded","dense","paper_adjusted",300,1000,1.3,9,77534457,"MDACT",0.05,"ok",TRUE,0.00999999999999801,"ties should not be present for the one-sample Kolmogorov-Smirnov test","","2add18c502ca40f0e10cf172a281300a",112,6,106,211,0.0535714285714286,0.502369668246445,"paper_adjusted","confirmation","null10"
"confounded_dense_n300_t01_r0009","confounded","dense","paper_adjusted",300,1000,1.3,9,77534457,"MLFDR",0.05,"ok",TRUE,0.559999999999995,"","","4a4536e9dc0a3ed5b61e3067d3ed49ec",170,14,156,211,0.0823529411764706,0.739336492890995,"paper_adjusted","confirmation","null10"
"confounded_dense_n300_t01_r0009","confounded","dense","paper_adjusted",300,1000,1.3,9,77534457,"ASHMED",0.05,"ok",TRUE,0.670000000000002,"","","89ed8327fa209a6f589c6e8d13e88e5e",68,0,68,211,0,0.322274881516588,"paper_adjusted","confirmation","null10"
"binary_dense_n300_t01_r0009","binary","dense","paper_adjusted",300,1000,1.3,9,109985445,"HDMT",0.05,"ok",TRUE,0.0300000000000011,"","","cd34dbe7d47dae28433b169ea27c6fe2",89,3,86,211,0.0337078651685393,0.407582938388626,"paper_adjusted","confirmation","null10"
"binary_dense_n300_t01_r0009","binary","dense","paper_adjusted",300,1000,1.3,9,109985445,"MDACT",0.05,"ok",TRUE,0,"","","c2a238d1572379cbc762c042872a3c93",96,5,91,211,0.0520833333333333,0.431279620853081,"paper_adjusted","confirmation","null10"
"binary_dense_n300_t01_r0009","binary","dense","paper_adjusted",300,1000,1.3,9,109985445,"MLFDR",0.05,"ok",TRUE,0.399999999999999,"","","dbdc6b4b9b7d08350ba02aba6532ccf2",154,10,144,211,0.0649350649350649,0.682464454976303,"paper_adjusted","confirmation","null10"
"binary_dense_n300_t01_r0009","binary","dense","paper_adjusted",300,1000,1.3,9,109985445,"ASHMED",0.05,"ok",TRUE,0.759999999999998,"","","a5ac1c8f55a11b72966b40a51a1c6c36",101,4,97,211,0.0396039603960396,0.459715639810427,"paper_adjusted","confirmation","null10"
"linear_sparse_n300_t02_r0009","linear","sparse","paper_adjusted",300,1000,1.5,9,145901807,"HDMT",0.05,"ok",TRUE,0.0399999999999991,"ties should not be present for the one-sample Kolmogorov-Smirnov test","","40eb83a08dd83617a5f9ff96e4451401",5,0,5,14,0,0.357142857142857,"paper_adjusted","confirmation","null10"
"linear_sparse_n300_t02_r0009","linear","sparse","paper_adjusted",300,1000,1.5,9,145901807,"MDACT",0.05,"ok",TRUE,0,"ties should not be present for the one-sample Kolmogorov-Smirnov test","","2cc9d8e7bb0459259185c8f9186e4df5",6,0,6,14,0,0.428571428571429,"paper_adjusted","confirmation","null10"
"linear_sparse_n300_t02_r0009","linear","sparse","paper_adjusted",300,1000,1.5,9,145901807,"MLFDR",0.05,"ok",TRUE,0.82,"","","7abba41dbff7c88294427d981a6956bd",7,0,7,14,0,0.5,"paper_adjusted","confirmation","null10"
"linear_sparse_n300_t02_r0009","linear","sparse","paper_adjusted",300,1000,1.5,9,145901807,"ASHMED",0.05,"ok",TRUE,0.530000000000001,"","","6a49a70b73c704b6810cefc0e079abcc",4,0,4,14,0,0.285714285714286,"paper_adjusted","confirmation","null10"
"confounded_sparse_n300_t02_r0009","confounded","sparse","paper_adjusted",300,1000,1.5,9,90107356,"HDMT",0.05,"ok",TRUE,0.0200000000000031,"ties should not be present for the one-sample Kolmogorov-Smirnov test","","bd7beb74489cc940a6ab44df3bc660c9",12,1,11,22,0.0833333333333333,0.5,"paper_adjusted","confirmation","null10"
"confounded_sparse_n300_t02_r0009","confounded","sparse","paper_adjusted",300,1000,1.5,9,90107356,"MDACT",0.05,"ok",TRUE,0.0200000000000031,"ties should not be present for the one-sample Kolmogorov-Smirnov test","","47ac53b152d7de191648b342e489be25",17,3,14,22,0.176470588235294,0.636363636363636,"paper_adjusted","confirmation","null10"
"confounded_sparse_n300_t02_r0009","confounded","sparse","paper_adjusted",300,1000,1.5,9,90107356,"MLFDR",0.05,"ok",TRUE,0.609999999999999,"","","af3a586d650e1e8e5f1aff4be3af9c04",15,0,15,22,0,0.681818181818182,"paper_adjusted","confirmation","null10"
"confounded_sparse_n300_t02_r0009","confounded","sparse","paper_adjusted",300,1000,1.5,9,90107356,"ASHMED",0.05,"ok",TRUE,0.259999999999998,"","","d20e8a8719556992f1b233b3edaa6daf",9,0,9,22,0,0.409090909090909,"paper_adjusted","confirmation","null10"
"binary_sparse_n300_t02_r0009","binary","sparse","paper_adjusted",300,1000,1.5,9,156240950,"HDMT",0.05,"ok",TRUE,0.0400000000000063,"","","4457953a11e3ceab228f4a16c5255bca",6,0,6,16,0,0.375,"paper_adjusted","confirmation","null10"
"binary_sparse_n300_t02_r0009","binary","sparse","paper_adjusted",300,1000,1.5,9,156240950,"MDACT",0.05,"ok",TRUE,0.019999999999996,"","","f9ad9fcd1f64dc3a29a9aa10e5672676",6,0,6,16,0,0.375,"paper_adjusted","confirmation","null10"
"binary_sparse_n300_t02_r0009","binary","sparse","paper_adjusted",300,1000,1.5,9,156240950,"MLFDR",0.05,"ok",TRUE,0.560000000000002,"","","03be6116e94c59c35b955db6a2311e52",8,0,8,16,0,0.5,"paper_adjusted","confirmation","null10"
"binary_sparse_n300_t02_r0009","binary","sparse","paper_adjusted",300,1000,1.5,9,156240950,"ASHMED",0.05,"ok",TRUE,0.420000000000002,"","","781272f36a588452ecddfe326eb166ce",6,0,6,16,0,0.375,"paper_adjusted","confirmation","null10"
"linear_dense_n300_t02_r0009","linear","dense","paper_adjusted",300,1000,1.5,9,172297180,"HDMT",0.05,"ok",TRUE,0.0300000000000011,"ties should not be present for the one-sample Kolmogorov-Smirnov test","","9e277562414b895937dafe8b55bc5fcd",123,4,119,196,0.032520325203252,0.607142857142857,"paper_adjusted","confirmation","null10"
"linear_dense_n300_t02_r0009","linear","dense","paper_adjusted",300,1000,1.5,9,172297180,"MDACT",0.05,"ok",TRUE,0.019999999999996,"ties should not be present for the one-sample Kolmogorov-Smirnov test","","368917dec46a3d5b9b93ea3f9290dae9",129,9,120,196,0.0697674418604651,0.612244897959184,"paper_adjusted","confirmation","null10"
"linear_dense_n300_t02_r0009","linear","dense","paper_adjusted",300,1000,1.5,9,172297180,"MLFDR",0.05,"ok",TRUE,0.280000000000001,"","","544bc144981310856054a73f39ebe905",162,6,156,196,0.037037037037037,0.795918367346939,"paper_adjusted","confirmation","null10"
"linear_dense_n300_t02_r0009","linear","dense","paper_adjusted",300,1000,1.5,9,172297180,"ASHMED",0.05,"ok",TRUE,0.32,"","","297fa40057653960e8ac2badb854f05a",81,0,81,196,0,0.413265306122449,"paper_adjusted","confirmation","null10"
"confounded_dense_n300_t02_r0009","confounded","dense","paper_adjusted",300,1000,1.5,9,120084552,"HDMT",0.05,"ok",TRUE,0.019999999999996,"ties should not be present for the one-sample Kolmogorov-Smirnov test","","a9f7cde57ca2887717028e3e0da52062",102,7,95,186,0.0686274509803922,0.510752688172043,"paper_adjusted","confirmation","null10"
"confounded_dense_n300_t02_r0009","confounded","dense","paper_adjusted",300,1000,1.5,9,120084552,"MDACT",0.05,"ok",TRUE,0,"ties should not be present for the one-sample Kolmogorov-Smirnov test","","84ac442a621728a1b49f65d7aaa8eaa7",112,7,105,186,0.0625,0.564516129032258,"paper_adjusted","confirmation","null10"
"confounded_dense_n300_t02_r0009","confounded","dense","paper_adjusted",300,1000,1.5,9,120084552,"MLFDR",0.05,"ok",TRUE,0.410000000000004,"","","e160b10431665c312e088929dbb3c86c",157,7,150,186,0.0445859872611465,0.806451612903226,"paper_adjusted","confirmation","null10"
"confounded_dense_n300_t02_r0009","confounded","dense","paper_adjusted",300,1000,1.5,9,120084552,"ASHMED",0.05,"ok",TRUE,0.600000000000001,"","","8b0ca2bef3a4e536bca7b22c0830d9a4",65,1,64,186,0.0153846153846154,0.344086021505376,"paper_adjusted","confirmation","null10"
"binary_dense_n300_t02_r0009","binary","dense","paper_adjusted",300,1000,1.5,9,142460817,"HDMT",0.05,"ok",TRUE,0.0400000000000063,"","","0dc5945834226382797fc6f97b8fd64c",117,3,114,198,0.0256410256410256,0.575757575757576,"paper_adjusted","confirmation","null10"
"binary_dense_n300_t02_r0009","binary","dense","paper_adjusted",300,1000,1.5,9,142460817,"MDACT",0.05,"ok",TRUE,0,"","","b5f00fc2cf09135704d56f9307564901",120,3,117,198,0.025,0.590909090909091,"paper_adjusted","confirmation","null10"
"binary_dense_n300_t02_r0009","binary","dense","paper_adjusted",300,1000,1.5,9,142460817,"MLFDR",0.05,"ok",TRUE,0.259999999999991,"","","29484766ea4e2879a83e92e32749b3bb",177,10,167,198,0.0564971751412429,0.843434343434343,"paper_adjusted","confirmation","null10"
"binary_dense_n300_t02_r0009","binary","dense","paper_adjusted",300,1000,1.5,9,142460817,"ASHMED",0.05,"ok",TRUE,0.310000000000002,"","","262ea51876eb1b58790291c7c2b9c644",140,5,135,198,0.0357142857142857,0.681818181818182,"paper_adjusted","confirmation","null10"
"linear_sparse_n300_t03_r0009","linear","sparse","paper_adjusted",300,1000,1.9,9,155667381,"HDMT",0.05,"ok",TRUE,0.019999999999996,"ties should not be present for the one-sample Kolmogorov-Smirnov test","","3760909cc0951c98863dcaed74129abe",21,0,21,25,0,0.84,"paper_adjusted","confirmation","null10"
"linear_sparse_n300_t03_r0009","linear","sparse","paper_adjusted",300,1000,1.9,9,155667381,"MDACT",0.05,"ok",TRUE,0.019999999999996,"ties should not be present for the one-sample Kolmogorov-Smirnov test","","099f3d7cad2c2bec6289ef40bb9e7307",21,0,21,25,0,0.84,"paper_adjusted","confirmation","null10"
"linear_sparse_n300_t03_r0009","linear","sparse","paper_adjusted",300,1000,1.9,9,155667381,"MLFDR",0.05,"ok",TRUE,0.169999999999987,"","","5a04455c2d8f19a20bd82d7292d7147e",25,1,24,25,0.04,0.96,"paper_adjusted","confirmation","null10"
"linear_sparse_n300_t03_r0009","linear","sparse","paper_adjusted",300,1000,1.9,9,155667381,"ASHMED",0.05,"ok",TRUE,0.219999999999999,"","","b98c10580e4cc6787c4491fe80054ee0",19,0,19,25,0,0.76,"paper_adjusted","confirmation","null10"
"confounded_sparse_n300_t03_r0009","confounded","sparse","paper_adjusted",300,1000,1.9,9,19511273,"HDMT",0.05,"ok",TRUE,0.00999999999999091,"ties should not be present for the one-sample Kolmogorov-Smirnov test","","9bd539f519be83a5e63e5f88839a128d",15,2,13,18,0.133333333333333,0.722222222222222,"paper_adjusted","confirmation","null10"
"confounded_sparse_n300_t03_r0009","confounded","sparse","paper_adjusted",300,1000,1.9,9,19511273,"MDACT",0.05,"ok",TRUE,0.019999999999996,"ties should not be present for the one-sample Kolmogorov-Smirnov test","","779d86fc70826f44d8423df76dce1b2c",20,4,16,18,0.2,0.888888888888889,"paper_adjusted","confirmation","null10"
"confounded_sparse_n300_t03_r0009","confounded","sparse","paper_adjusted",300,1000,1.9,9,19511273,"MLFDR",0.05,"ok",TRUE,0.0899999999999892,"","","792700d61487ac0898ca9663094a0499",16,0,16,18,0,0.888888888888889,"paper_adjusted","confirmation","null10"
"confounded_sparse_n300_t03_r0009","confounded","sparse","paper_adjusted",300,1000,1.9,9,19511273,"ASHMED",0.05,"ok",TRUE,0.460000000000001,"","","d4c51a4cc5c73f86a3660b6be6622c79",15,1,14,18,0.0666666666666667,0.777777777777778,"paper_adjusted","confirmation","null10"
"binary_sparse_n300_t03_r0009","binary","sparse","paper_adjusted",300,1000,1.9,9,37604745,"HDMT",0.05,"ok",TRUE,0.0300000000000011,"","","489053d81802a0de14cc3e6637ebfd76",18,1,17,23,0.0555555555555556,0.739130434782609,"paper_adjusted","confirmation","null10"
"binary_sparse_n300_t03_r0009","binary","sparse","paper_adjusted",300,1000,1.9,9,37604745,"MDACT",0.05,"ok",TRUE,0.0100000000000051,"","","dafbce22ef151cb35129b2ae9be36494",18,1,17,23,0.0555555555555556,0.739130434782609,"paper_adjusted","confirmation","null10"
"binary_sparse_n300_t03_r0009","binary","sparse","paper_adjusted",300,1000,1.9,9,37604745,"MLFDR",0.05,"ok",TRUE,0.200000000000003,"","","a53177527f568d8c37d55e0c1049bf37",21,0,21,23,0,0.91304347826087,"paper_adjusted","confirmation","null10"
"binary_sparse_n300_t03_r0009","binary","sparse","paper_adjusted",300,1000,1.9,9,37604745,"ASHMED",0.05,"ok",TRUE,0.25,"","","4c230ab5bfce653013b5de67ab1a4d70",18,1,17,23,0.0555555555555556,0.739130434782609,"paper_adjusted","confirmation","null10"
"linear_dense_n300_t03_r0009","linear","dense","paper_adjusted",300,1000,1.9,9,17803050,"HDMT",0.05,"ok",TRUE,0.0400000000000063,"ties should not be present for the one-sample Kolmogorov-Smirnov test","","ac4bb3684384ee0d7ca5165591b1c7bf",146,8,138,189,0.0547945205479452,0.73015873015873,"paper_adjusted","confirmation","null10"
"linear_dense_n300_t03_r0009","linear","dense","paper_adjusted",300,1000,1.9,9,17803050,"MDACT",0.05,"ok",TRUE,0.0100000000000051,"ties should not be present for the one-sample Kolmogorov-Smirnov test","","85afa14ca588a5b7966afd7faa4cb45b",155,10,145,189,0.0645161290322581,0.767195767195767,"paper_adjusted","confirmation","null10"
"linear_dense_n300_t03_r0009","linear","dense","paper_adjusted",300,1000,1.9,9,17803050,"MLFDR",0.05,"ok",TRUE,0.219999999999999,"","","a963627f37344cda0055185c71c13d33",184,14,170,189,0.0760869565217391,0.899470899470899,"paper_adjusted","confirmation","null10"
"linear_dense_n300_t03_r0009","linear","dense","paper_adjusted",300,1000,1.9,9,17803050,"ASHMED",0.05,"ok",TRUE,0.32,"","","913931f54bf820f2359c71b6c1b044e6",126,2,124,189,0.0158730158730159,0.656084656084656,"paper_adjusted","confirmation","null10"
"confounded_dense_n300_t03_r0009","confounded","dense","paper_adjusted",300,1000,1.9,9,50826736,"HDMT",0.05,"ok",TRUE,0.0300000000000011,"ties should not be present for the one-sample Kolmogorov-Smirnov test","","49bf28dd8bc83df805fcce4a843955b2",161,2,159,187,0.0124223602484472,0.850267379679144,"paper_adjusted","confirmation","null10"
"confounded_dense_n300_t03_r0009","confounded","dense","paper_adjusted",300,1000,1.9,9,50826736,"MDACT",0.05,"ok",TRUE,0.0200000000000102,"ties should not be present for the one-sample Kolmogorov-Smirnov test","","1849714aae9ed8fe1d583c226c058866",163,4,159,187,0.0245398773006135,0.850267379679144,"paper_adjusted","confirmation","null10"
"confounded_dense_n300_t03_r0009","confounded","dense","paper_adjusted",300,1000,1.9,9,50826736,"MLFDR",0.05,"ok",TRUE,0.199999999999989,"","","21c3b943212cebe6c9c06618a989e5b1",193,11,182,187,0.0569948186528497,0.973262032085562,"paper_adjusted","confirmation","null10"
"confounded_dense_n300_t03_r0009","confounded","dense","paper_adjusted",300,1000,1.9,9,50826736,"ASHMED",0.05,"ok",TRUE,0.200000000000003,"","","7b98e6a34ee578acacb1ca4865d8b696",167,5,162,187,0.029940119760479,0.866310160427808,"paper_adjusted","confirmation","null10"
"binary_dense_n300_t03_r0009","binary","dense","paper_adjusted",300,1000,1.9,9,209670366,"HDMT",0.05,"ok",TRUE,0.0300000000000011,"","","70746feb9f0139d750d0502fa07009a0",162,7,155,192,0.0432098765432099,0.807291666666667,"paper_adjusted","confirmation","null10"
"binary_dense_n300_t03_r0009","binary","dense","paper_adjusted",300,1000,1.9,9,209670366,"MDACT",0.05,"ok",TRUE,0.0100000000000051,"","","4a500a931f5283c3f7ec1d1eb9aa2000",159,6,153,192,0.0377358490566038,0.796875,"paper_adjusted","confirmation","null10"
"binary_dense_n300_t03_r0009","binary","dense","paper_adjusted",300,1000,1.9,9,209670366,"MLFDR",0.05,"ok",TRUE,0.149999999999991,"","","6ec054fbf4d11d0178d47d8b6660ee4e",192,10,182,192,0.0520833333333333,0.947916666666667,"paper_adjusted","confirmation","null10"
"binary_dense_n300_t03_r0009","binary","dense","paper_adjusted",300,1000,1.9,9,209670366,"ASHMED",0.05,"ok",TRUE,0.359999999999999,"","","f8f46ec8aa58905b7f526933363d9d9f",189,16,173,192,0.0846560846560847,0.901041666666667,"paper_adjusted","confirmation","null10"
"linear_sparse_n300_t01_r0010","linear","sparse","paper_adjusted",300,1000,1.3,10,140886206,"HDMT",0.05,"ok",TRUE,0.0300000000000011,"ties should not be present for the one-sample Kolmogorov-Smirnov test","","11bec28940f345a14d4e3334e98952db",4,1,3,24,0.25,0.125,"paper_adjusted","confirmation","null10"
"linear_sparse_n300_t01_r0010","linear","sparse","paper_adjusted",300,1000,1.3,10,140886206,"MDACT",0.05,"ok",TRUE,0.0100000000000051,"ties should not be present for the one-sample Kolmogorov-Smirnov test","","111811dab44ea020764b6faffd6b8e99",4,1,3,24,0.25,0.125,"paper_adjusted","confirmation","null10"
"linear_sparse_n300_t01_r0010","linear","sparse","paper_adjusted",300,1000,1.3,10,140886206,"MLFDR",0.05,"ok",TRUE,0.609999999999999,"","","d2e7840b5f3c2632920ed42e84534db4",5,0,5,24,0,0.208333333333333,"paper_adjusted","confirmation","null10"
"linear_sparse_n300_t01_r0010","linear","sparse","paper_adjusted",300,1000,1.3,10,140886206,"ASHMED",0.05,"ok",TRUE,0.619999999999997,"","","aaabb4cf7e5e229a44bf05828d7a343c",2,0,2,24,0,0.0833333333333333,"paper_adjusted","confirmation","null10"
"confounded_sparse_n300_t01_r0010","confounded","sparse","paper_adjusted",300,1000,1.3,10,266927061,"HDMT",0.05,"ok",TRUE,0.019999999999996,"ties should not be present for the one-sample Kolmogorov-Smirnov test","","a1146931be616a06259311a5604f5abc",3,1,2,23,0.333333333333333,0.0869565217391304,"paper_adjusted","confirmation","null10"
"confounded_sparse_n300_t01_r0010","confounded","sparse","paper_adjusted",300,1000,1.3,10,266927061,"MDACT",0.05,"ok",TRUE,0,"ties should not be present for the one-sample Kolmogorov-Smirnov test","","8623de099432dcf8dfb3d8fc0d962b05",4,1,3,23,0.25,0.130434782608696,"paper_adjusted","confirmation","null10"
"confounded_sparse_n300_t01_r0010","confounded","sparse","paper_adjusted",300,1000,1.3,10,266927061,"MLFDR",0.05,"ok",TRUE,0.430000000000007,"","","7811a10fb40134cf71e7b811e568cdab",4,0,4,23,0,0.173913043478261,"paper_adjusted","confirmation","null10"
"confounded_sparse_n300_t01_r0010","confounded","sparse","paper_adjusted",300,1000,1.3,10,266927061,"ASHMED",0.05,"ok",TRUE,0.380000000000003,"","","ccc7d6e7a0c46a91de103cf04b1911c1",0,0,0,23,0,0,"paper_adjusted","confirmation","null10"
"binary_sparse_n300_t01_r0010","binary","sparse","paper_adjusted",300,1000,1.3,10,219416018,"HDMT",0.05,"ok",TRUE,0.019999999999996,"","","536717cca05336b46a9caea835e768cf",14,0,14,25,0,0.56,"paper_adjusted","confirmation","null10"
"binary_sparse_n300_t01_r0010","binary","sparse","paper_adjusted",300,1000,1.3,10,219416018,"MDACT",0.05,"ok",TRUE,0,"","","ab4d2c9a389a7fdb247a1435a77caf5b",14,0,14,25,0,0.56,"paper_adjusted","confirmation","null10"
"binary_sparse_n300_t01_r0010","binary","sparse","paper_adjusted",300,1000,1.3,10,219416018,"MLFDR",0.05,"ok",TRUE,0.170000000000002,"","","08a1d29fce37b04e6928dacd30cac24d",20,1,19,25,0.05,0.76,"paper_adjusted","confirmation","null10"
"binary_sparse_n300_t01_r0010","binary","sparse","paper_adjusted",300,1000,1.3,10,219416018,"ASHMED",0.05,"ok",TRUE,0.25,"","","20655883ca743c1a48a14bcb81e08ca8",14,0,14,25,0,0.56,"paper_adjusted","confirmation","null10"
"linear_dense_n300_t01_r0010","linear","dense","paper_adjusted",300,1000,1.3,10,107804595,"HDMT",0.05,"ok",TRUE,0.0299999999999869,"ties should not be present for the one-sample Kolmogorov-Smirnov test","","474eea87334f7ae734b026421b68bfcf",160,6,154,232,0.0375,0.663793103448276,"paper_adjusted","confirmation","null10"
"linear_dense_n300_t01_r0010","linear","dense","paper_adjusted",300,1000,1.3,10,107804595,"MDACT",0.05,"ok",TRUE,0,"ties should not be present for the one-sample Kolmogorov-Smirnov test","","273c7883580a7e8bba80a8cac434a0e9",163,6,157,232,0.0368098159509202,0.676724137931034,"paper_adjusted","confirmation","null10"
"linear_dense_n300_t01_r0010","linear","dense","paper_adjusted",300,1000,1.3,10,107804595,"MLFDR",0.05,"ok",TRUE,0.390000000000001,"","","1f4d4748b1603d86805459fb0946b013",212,10,202,232,0.0471698113207547,0.870689655172414,"paper_adjusted","confirmation","null10"
"linear_dense_n300_t01_r0010","linear","dense","paper_adjusted",300,1000,1.3,10,107804595,"ASHMED",0.05,"ok",TRUE,0.270000000000003,"","","44a2cd2267214db40bc0c6ef21b2a3ec",114,0,114,232,0,0.491379310344828,"paper_adjusted","confirmation","null10"
"confounded_dense_n300_t01_r0010","confounded","dense","paper_adjusted",300,1000,1.3,10,237537235,"HDMT",0.05,"ok",TRUE,0.0300000000000011,"ties should not be present for the one-sample Kolmogorov-Smirnov test","","1a16365f211da5c0b16108b13f766455",46,0,46,210,0,0.219047619047619,"paper_adjusted","confirmation","null10"
"confounded_dense_n300_t01_r0010","confounded","dense","paper_adjusted",300,1000,1.3,10,237537235,"MDACT",0.05,"ok",TRUE,0,"ties should not be present for the one-sample Kolmogorov-Smirnov test","","fa153a275ac09e1dc21061d59faa6e44",66,1,65,210,0.0151515151515152,0.30952380952381,"paper_adjusted","confirmation","null10"
"confounded_dense_n300_t01_r0010","confounded","dense","paper_adjusted",300,1000,1.3,10,237537235,"MLFDR",0.05,"ok",TRUE,0.320000000000007,"","","f71ffb8e8e998f32285295081fb45055",121,3,118,210,0.0247933884297521,0.561904761904762,"paper_adjusted","confirmation","null10"
"confounded_dense_n300_t01_r0010","confounded","dense","paper_adjusted",300,1000,1.3,10,237537235,"ASHMED",0.05,"ok",TRUE,0.280000000000001,"","","129c0ee12d25662a92d61a3643b5c0d9",19,0,19,210,0,0.0904761904761905,"paper_adjusted","confirmation","null10"
"binary_dense_n300_t01_r0010","binary","dense","paper_adjusted",300,1000,1.3,10,236151310,"HDMT",0.05,"ok",TRUE,0.019999999999996,"","","89b3c9cc0461432c3293acb695230f6c",70,2,68,205,0.0285714285714286,0.331707317073171,"paper_adjusted","confirmation","null10"
"binary_dense_n300_t01_r0010","binary","dense","paper_adjusted",300,1000,1.3,10,236151310,"MDACT",0.05,"ok",TRUE,0,"","","a62c0cc32743a0be20e08fa3c4578c46",82,2,80,205,0.024390243902439,0.390243902439024,"paper_adjusted","confirmation","null10"
"binary_dense_n300_t01_r0010","binary","dense","paper_adjusted",300,1000,1.3,10,236151310,"MLFDR",0.05,"ok",TRUE,0.36999999999999,"","","b4d98fbfb478064640e5bdb610b723ca",140,5,135,205,0.0357142857142857,0.658536585365854,"paper_adjusted","confirmation","null10"
"binary_dense_n300_t01_r0010","binary","dense","paper_adjusted",300,1000,1.3,10,236151310,"ASHMED",0.05,"ok",TRUE,1.45,"","","bfc85db64072ba364a8c5134750b259e",67,2,65,205,0.0298507462686567,0.317073170731707,"paper_adjusted","confirmation","null10"
"linear_sparse_n300_t02_r0010","linear","sparse","paper_adjusted",300,1000,1.5,10,176942814,"HDMT",0.05,"ok",TRUE,0.0200000000000102,"ties should not be present for the one-sample Kolmogorov-Smirnov test","","fbd48a197f9738fb6497c94a7076c8e8",7,1,6,16,0.142857142857143,0.375,"paper_adjusted","confirmation","null10"
"linear_sparse_n300_t02_r0010","linear","sparse","paper_adjusted",300,1000,1.5,10,176942814,"MDACT",0.05,"ok",TRUE,0,"ties should not be present for the one-sample Kolmogorov-Smirnov test","","5d70c41af42d79bbdfe94e8573d71809",9,1,8,16,0.111111111111111,0.5,"paper_adjusted","confirmation","null10"
"linear_sparse_n300_t02_r0010","linear","sparse","paper_adjusted",300,1000,1.5,10,176942814,"MLFDR",0.05,"ok",TRUE,0.219999999999999,"","","245a120ad9bbf836696f5bdc8bac987e",14,1,13,16,0.0714285714285714,0.8125,"paper_adjusted","confirmation","null10"
"linear_sparse_n300_t02_r0010","linear","sparse","paper_adjusted",300,1000,1.5,10,176942814,"ASHMED",0.05,"ok",TRUE,0.259999999999998,"","","56dea9a65622463585dabbb5d6e9e123",3,0,3,16,0,0.1875,"paper_adjusted","confirmation","null10"
"confounded_sparse_n300_t02_r0010","confounded","sparse","paper_adjusted",300,1000,1.5,10,82975549,"HDMT",0.05,"ok",TRUE,0.0200000000000102,"ties should not be present for the one-sample Kolmogorov-Smirnov test","","d5f40367767b79020b0af256431562cf",11,0,11,20,0,0.55,"paper_adjusted","confirmation","null10"
"confounded_sparse_n300_t02_r0010","confounded","sparse","paper_adjusted",300,1000,1.5,10,82975549,"MDACT",0.05,"ok",TRUE,0.0100000000000051,"ties should not be present for the one-sample Kolmogorov-Smirnov test","","a71c761a418eb881a9f509b1a61c0669",12,1,11,20,0.0833333333333333,0.55,"paper_adjusted","confirmation","null10"
"confounded_sparse_n300_t02_r0010","confounded","sparse","paper_adjusted",300,1000,1.5,10,82975549,"MLFDR",0.05,"ok",TRUE,0.409999999999997,"","","8e6b4f6affcca8d1f838e76668fb8cee",13,0,13,20,0,0.65,"paper_adjusted","confirmation","null10"
"confounded_sparse_n300_t02_r0010","confounded","sparse","paper_adjusted",300,1000,1.5,10,82975549,"ASHMED",0.05,"ok",TRUE,0.340000000000003,"","","f65382781248bd5d9863de140714b8ec",8,0,8,20,0,0.4,"paper_adjusted","confirmation","null10"
"binary_sparse_n300_t02_r0010","binary","sparse","paper_adjusted",300,1000,1.5,10,250882807,"HDMT",0.05,"ok",TRUE,0.0300000000000011,"","","f59e31c9a8a28e8e9d31be3c313fb7d2",3,0,3,22,0,0.136363636363636,"paper_adjusted","confirmation","null10"
"binary_sparse_n300_t02_r0010","binary","sparse","paper_adjusted",300,1000,1.5,10,250882807,"MDACT",0.05,"ok",TRUE,0.0100000000000051,"","","f7e835f9d94b3685e963b5a255fc2147",7,1,6,22,0.142857142857143,0.272727272727273,"paper_adjusted","confirmation","null10"
"binary_sparse_n300_t02_r0010","binary","sparse","paper_adjusted",300,1000,1.5,10,250882807,"MLFDR",0.05,"ok",TRUE,0.320000000000007,"","","98c2b66212719dae22876a29d3416afc",11,1,10,22,0.0909090909090909,0.454545454545455,"paper_adjusted","confirmation","null10"
"binary_sparse_n300_t02_r0010","binary","sparse","paper_adjusted",300,1000,1.5,10,250882807,"ASHMED",0.05,"ok",TRUE,0.369999999999997,"","","05a9083bd620417ec8c74bcb7d284ec0",7,1,6,22,0.142857142857143,0.272727272727273,"paper_adjusted","confirmation","null10"
"linear_dense_n300_t02_r0010","linear","dense","paper_adjusted",300,1000,1.5,10,32823322,"HDMT",0.05,"ok",TRUE,0.0300000000000011,"ties should not be present for the one-sample Kolmogorov-Smirnov test","","bc81a4c86f221f804ee9b213528737b2",81,0,81,207,0,0.391304347826087,"paper_adjusted","confirmation","null10"
"linear_dense_n300_t02_r0010","linear","dense","paper_adjusted",300,1000,1.5,10,32823322,"MDACT",0.05,"ok",TRUE,0.00999999999999091,"ties should not be present for the one-sample Kolmogorov-Smirnov test","","243f8aa71da671435858141bb18db128",103,2,101,207,0.0194174757281553,0.48792270531401,"paper_adjusted","confirmation","null10"
"linear_dense_n300_t02_r0010","linear","dense","paper_adjusted",300,1000,1.5,10,32823322,"MLFDR",0.05,"ok",TRUE,0.719999999999999,"","","a7e5c5cfb3138c5e8843744668767d4c",159,7,152,207,0.0440251572327044,0.734299516908213,"paper_adjusted","confirmation","null10"
"linear_dense_n300_t02_r0010","linear","dense","paper_adjusted",300,1000,1.5,10,32823322,"ASHMED",0.05,"ok",TRUE,0.340000000000003,"","","26a76acc3e646dae14704c53012dd96f",58,0,58,207,0,0.280193236714976,"paper_adjusted","confirmation","null10"
"confounded_dense_n300_t02_r0010","confounded","dense","paper_adjusted",300,1000,1.5,10,4822906,"HDMT",0.05,"ok",TRUE,0.0300000000000011,"ties should not be present for the one-sample Kolmogorov-Smirnov test","","652153a93f21f084600f69af8f0db85d",104,2,102,205,0.0192307692307692,0.497560975609756,"paper_adjusted","confirmation","null10"
"confounded_dense_n300_t02_r0010","confounded","dense","paper_adjusted",300,1000,1.5,10,4822906,"MDACT",0.05,"ok",TRUE,0.00999999999999091,"ties should not be present for the one-sample Kolmogorov-Smirnov test","","782967b38f888de48a8f1b17a48296af",122,4,118,205,0.0327868852459016,0.575609756097561,"paper_adjusted","confirmation","null10"
"confounded_dense_n300_t02_r0010","confounded","dense","paper_adjusted",300,1000,1.5,10,4822906,"MLFDR",0.05,"ok",TRUE,0.260000000000005,"","","f3cbbb1c8e237770642ad4ff914014be",175,10,165,205,0.0571428571428571,0.804878048780488,"paper_adjusted","confirmation","null10"
"confounded_dense_n300_t02_r0010","confounded","dense","paper_adjusted",300,1000,1.5,10,4822906,"ASHMED",0.05,"ok",TRUE,0.380000000000003,"","","a0dbf9014f17b30d30529490d001fddf",70,1,69,205,0.0142857142857143,0.336585365853659,"paper_adjusted","confirmation","null10"
"binary_dense_n300_t02_r0010","binary","dense","paper_adjusted",300,1000,1.5,10,212239450,"HDMT",0.05,"ok",TRUE,0.0300000000000011,"","","78b4ce5072f36619db4c976d3cc1faa0",109,5,104,217,0.0458715596330275,0.47926267281106,"paper_adjusted","confirmation","null10"
"binary_dense_n300_t02_r0010","binary","dense","paper_adjusted",300,1000,1.5,10,212239450,"MDACT",0.05,"ok",TRUE,0.0200000000000102,"","","eef875a8c4eaf03d06bea8d90a842e1f",118,6,112,217,0.0508474576271186,0.516129032258065,"paper_adjusted","confirmation","null10"
"binary_dense_n300_t02_r0010","binary","dense","paper_adjusted",300,1000,1.5,10,212239450,"MLFDR",0.05,"ok",TRUE,0.190000000000012,"","","7edc216fe25596b7f28bc7992be4f7c7",171,7,164,217,0.0409356725146199,0.755760368663594,"paper_adjusted","confirmation","null10"
"binary_dense_n300_t02_r0010","binary","dense","paper_adjusted",300,1000,1.5,10,212239450,"ASHMED",0.05,"ok",TRUE,0.199999999999996,"","","1c66b6318877fe56e0df0a395d63e1b9",105,2,103,217,0.019047619047619,0.474654377880184,"paper_adjusted","confirmation","null10"
"linear_sparse_n300_t03_r0010","linear","sparse","paper_adjusted",300,1000,1.9,10,98830660,"HDMT",0.05,"ok",TRUE,0.0300000000000011,"ties should not be present for the one-sample Kolmogorov-Smirnov test","","ebd15a8d321dbd1c7e949041c9c1eb8f",13,0,13,19,0,0.684210526315789,"paper_adjusted","confirmation","null10"
"linear_sparse_n300_t03_r0010","linear","sparse","paper_adjusted",300,1000,1.9,10,98830660,"MDACT",0.05,"ok",TRUE,0.0100000000000051,"ties should not be present for the one-sample Kolmogorov-Smirnov test","","deeef24e6a771c10af980eef0be2ad66",11,0,11,19,0,0.578947368421053,"paper_adjusted","confirmation","null10"
"linear_sparse_n300_t03_r0010","linear","sparse","paper_adjusted",300,1000,1.9,10,98830660,"MLFDR",0.05,"ok",TRUE,0.100000000000009,"","","94bd8d7ed33efb2bbdb04575c235beff",16,1,15,19,0.0625,0.789473684210526,"paper_adjusted","confirmation","null10"
"linear_sparse_n300_t03_r0010","linear","sparse","paper_adjusted",300,1000,1.9,10,98830660,"ASHMED",0.05,"ok",TRUE,0.340000000000003,"","","a9a1500a2403fb1fdc3853fb69f606e2",12,0,12,19,0,0.631578947368421,"paper_adjusted","confirmation","null10"
"confounded_sparse_n300_t03_r0010","confounded","sparse","paper_adjusted",300,1000,1.9,10,164746765,"HDMT",0.05,"ok",TRUE,0.0300000000000011,"ties should not be present for the one-sample Kolmogorov-Smirnov test","","7082d0cffc8070ff8fe89a242fcf5d9a",18,0,18,26,0,0.692307692307692,"paper_adjusted","confirmation","null10"
"confounded_sparse_n300_t03_r0010","confounded","sparse","paper_adjusted",300,1000,1.9,10,164746765,"MDACT",0.05,"ok",TRUE,0,"ties should not be present for the one-sample Kolmogorov-Smirnov test","","115030c0392fbe280d41188647b8e99a",19,0,19,26,0,0.730769230769231,"paper_adjusted","confirmation","null10"
"confounded_sparse_n300_t03_r0010","confounded","sparse","paper_adjusted",300,1000,1.9,10,164746765,"MLFDR",0.05,"ok",TRUE,0.140000000000001,"","","b85c872e370033dd8e1b4f45882bf7ff",26,1,25,26,0.0384615384615385,0.961538461538462,"paper_adjusted","confirmation","null10"
"confounded_sparse_n300_t03_r0010","confounded","sparse","paper_adjusted",300,1000,1.9,10,164746765,"ASHMED",0.05,"ok",TRUE,4.37,"","","6caa384dda8692c2f6663b59cb70e07d",19,0,19,26,0,0.730769230769231,"paper_adjusted","confirmation","null10"
"binary_sparse_n300_t03_r0010","binary","sparse","paper_adjusted",300,1000,1.9,10,241255075,"HDMT",0.05,"ok",TRUE,0.0300000000000011,"","","060503c0fc37f183cf054422162c5a45",10,1,9,17,0.1,0.529411764705882,"paper_adjusted","confirmation","null10"
"binary_sparse_n300_t03_r0010","binary","sparse","paper_adjusted",300,1000,1.9,10,241255075,"MDACT",0.05,"ok",TRUE,0,"","","9d942e4ac675f3b540bcd55cb6c5ba8b",10,1,9,17,0.1,0.529411764705882,"paper_adjusted","confirmation","null10"
"binary_sparse_n300_t03_r0010","binary","sparse","paper_adjusted",300,1000,1.9,10,241255075,"MLFDR",0.05,"ok",TRUE,0.680000000000007,"","","47c529c15c16fad6b00535c64b87658d",14,1,13,17,0.0714285714285714,0.764705882352941,"paper_adjusted","confirmation","null10"
"binary_sparse_n300_t03_r0010","binary","sparse","paper_adjusted",300,1000,1.9,10,241255075,"ASHMED",0.05,"ok",TRUE,0.530000000000001,"","","9b7be3ecdfedc6d726e8482124700930",10,0,10,17,0,0.588235294117647,"paper_adjusted","confirmation","null10"
"linear_dense_n300_t03_r0010","linear","dense","paper_adjusted",300,1000,1.9,10,88402562,"HDMT",0.05,"ok",TRUE,0.0300000000000011,"ties should not be present for the one-sample Kolmogorov-Smirnov test","","eebc76759d394f27cbb4fcd8b23309e0",141,3,138,186,0.0212765957446809,0.741935483870968,"paper_adjusted","confirmation","null10"
"linear_dense_n300_t03_r0010","linear","dense","paper_adjusted",300,1000,1.9,10,88402562,"MDACT",0.05,"ok",TRUE,0,"ties should not be present for the one-sample Kolmogorov-Smirnov test","","2dc671042fd320a7b8b236c8a336d42f",143,4,139,186,0.027972027972028,0.747311827956989,"paper_adjusted","confirmation","null10"
"linear_dense_n300_t03_r0010","linear","dense","paper_adjusted",300,1000,1.9,10,88402562,"MLFDR",0.05,"ok",TRUE,0.299999999999997,"","","4466638aff80e4d818655a6ee105c159",181,9,172,186,0.0497237569060773,0.924731182795699,"paper_adjusted","confirmation","null10"
"linear_dense_n300_t03_r0010","linear","dense","paper_adjusted",300,1000,1.9,10,88402562,"ASHMED",0.05,"ok",TRUE,0.140000000000001,"","","27066ba7a1076484412ddcef0bacf745",141,3,138,186,0.0212765957446809,0.741935483870968,"paper_adjusted","confirmation","null10"
"confounded_dense_n300_t03_r0010","confounded","dense","paper_adjusted",300,1000,1.9,10,247456714,"HDMT",0.05,"ok",TRUE,0.0900000000000034,"ties should not be present for the one-sample Kolmogorov-Smirnov test","","e9d79bf4825ecd52666b9fc36130f785",180,10,170,196,0.0555555555555556,0.86734693877551,"paper_adjusted","confirmation","null10"
"confounded_dense_n300_t03_r0010","confounded","dense","paper_adjusted",300,1000,1.9,10,247456714,"MDACT",0.05,"ok",TRUE,0,"ties should not be present for the one-sample Kolmogorov-Smirnov test","","5d7642394eb7b460ae4580cfc09fdcea",182,10,172,196,0.0549450549450549,0.877551020408163,"paper_adjusted","confirmation","null10"
"confounded_dense_n300_t03_r0010","confounded","dense","paper_adjusted",300,1000,1.9,10,247456714,"MLFDR",0.05,"ok",TRUE,0.25,"","","d6dd000f93d5fa9782c45343fa416722",196,9,187,196,0.0459183673469388,0.954081632653061,"paper_adjusted","confirmation","null10"
"confounded_dense_n300_t03_r0010","confounded","dense","paper_adjusted",300,1000,1.9,10,247456714,"ASHMED",0.05,"ok",TRUE,0.25,"","","dff95af9ed3c69eb9f020a412390d93e",161,4,157,196,0.0248447204968944,0.801020408163265,"paper_adjusted","confirmation","null10"
"binary_dense_n300_t03_r0010","binary","dense","paper_adjusted",300,1000,1.9,10,187884150,"HDMT",0.05,"ok",TRUE,0.00999999999999091,"","","570d405decb48ff6c29252a72ff6f1bc",153,8,145,187,0.0522875816993464,0.775401069518717,"paper_adjusted","confirmation","null10"
"binary_dense_n300_t03_r0010","binary","dense","paper_adjusted",300,1000,1.9,10,187884150,"MDACT",0.05,"ok",TRUE,0,"","","3a3f1b4544cc02fb57b10cbe7bb9983e",153,8,145,187,0.0522875816993464,0.775401069518717,"paper_adjusted","confirmation","null10"
"binary_dense_n300_t03_r0010","binary","dense","paper_adjusted",300,1000,1.9,10,187884150,"MLFDR",0.05,"ok",TRUE,0.140000000000001,"","","a2385644ad0b4fbfdaf375fcd2a5526e",182,8,174,187,0.043956043956044,0.93048128342246,"paper_adjusted","confirmation","null10"
"binary_dense_n300_t03_r0010","binary","dense","paper_adjusted",300,1000,1.9,10,187884150,"ASHMED",0.05,"ok",TRUE,0.230000000000004,"","","f4e385503b9dbbfab138c6d3f1627faa",160,10,150,187,0.0625,0.802139037433155,"paper_adjusted","confirmation","null10"
"linear_sparse_n300_t01_r0011","linear","sparse","paper_adjusted",300,1000,1.3,11,36126080,"HDMT",0.05,"ok",TRUE,0.00999999999999091,"ties should not be present for the one-sample Kolmogorov-Smirnov test","","a8cb498b2842475b86293c5876534dca",2,0,2,18,0,0.111111111111111,"paper_adjusted","confirmation","null10"
"linear_sparse_n300_t01_r0011","linear","sparse","paper_adjusted",300,1000,1.3,11,36126080,"MDACT",0.05,"ok",TRUE,0,"ties should not be present for the one-sample Kolmogorov-Smirnov test","","ed9de1364c40508cef2b82b4eded38f2",2,0,2,18,0,0.111111111111111,"paper_adjusted","confirmation","null10"
"linear_sparse_n300_t01_r0011","linear","sparse","paper_adjusted",300,1000,1.3,11,36126080,"MLFDR",0.05,"ok",TRUE,0.469999999999999,"","","57a4bba8b4bcd51b541abebbcd91b33b",9,0,9,18,0,0.5,"paper_adjusted","confirmation","null10"
"linear_sparse_n300_t01_r0011","linear","sparse","paper_adjusted",300,1000,1.3,11,36126080,"ASHMED",0.05,"ok",TRUE,1.31,"","","fd2cc7d68252276be48550860aa4ce1f",2,0,2,18,0,0.111111111111111,"paper_adjusted","confirmation","null10"
"confounded_sparse_n300_t01_r0011","confounded","sparse","paper_adjusted",300,1000,1.3,11,50125100,"HDMT",0.05,"ok",TRUE,0.0300000000000011,"ties should not be present for the one-sample Kolmogorov-Smirnov test","","4de11faadd8638bee96f934a1454cb2f",1,0,1,10,0,0.1,"paper_adjusted","confirmation","null10"
"confounded_sparse_n300_t01_r0011","confounded","sparse","paper_adjusted",300,1000,1.3,11,50125100,"MDACT",0.05,"ok",TRUE,0,"ties should not be present for the one-sample Kolmogorov-Smirnov test","","04dfbd4d079d6f6b6e5f697cfb780344",1,0,1,10,0,0.1,"paper_adjusted","confirmation","null10"
"confounded_sparse_n300_t01_r0011","confounded","sparse","paper_adjusted",300,1000,1.3,11,50125100,"MLFDR",0.05,"ok",TRUE,0.699999999999989,"","","e98c05f8f6d55c9e7353f62efae460af",1,0,1,10,0,0.1,"paper_adjusted","confirmation","null10"
"confounded_sparse_n300_t01_r0011","confounded","sparse","paper_adjusted",300,1000,1.3,11,50125100,"ASHMED",0.05,"ok",TRUE,0.469999999999999,"","","d702661c224e6656705dc8d21a6540db",0,0,0,10,0,0,"paper_adjusted","confirmation","null10"
"binary_sparse_n300_t01_r0011","binary","sparse","paper_adjusted",300,1000,1.3,11,192646908,"HDMT",0.05,"ok",TRUE,0.0400000000000063,"","","8af50ca40eade95c714692283addf122",4,0,4,21,0,0.19047619047619,"paper_adjusted","confirmation","null10"
"binary_sparse_n300_t01_r0011","binary","sparse","paper_adjusted",300,1000,1.3,11,192646908,"MDACT",0.05,"ok",TRUE,0.019999999999996,"","","fe1090e1572b7c880877092c0b74a81d",6,0,6,21,0,0.285714285714286,"paper_adjusted","confirmation","null10"
"binary_sparse_n300_t01_r0011","binary","sparse","paper_adjusted",300,1000,1.3,11,192646908,"MLFDR",0.05,"ok",TRUE,0.870000000000005,"","","24dec52357856ada58bea1272f04a282",12,1,11,21,0.0833333333333333,0.523809523809524,"paper_adjusted","confirmation","null10"
"binary_sparse_n300_t01_r0011","binary","sparse","paper_adjusted",300,1000,1.3,11,192646908,"ASHMED",0.05,"ok",TRUE,7.87,"","","0a0d8d893abf4f55622abc81e8c0b4a4",5,0,5,21,0,0.238095238095238,"paper_adjusted","confirmation","null10"
"linear_dense_n300_t01_r0011","linear","dense","paper_adjusted",300,1000,1.3,11,86093870,"HDMT",0.05,"ok",TRUE,0.00999999999999091,"ties should not be present for the one-sample Kolmogorov-Smirnov test","","e30ba66fd60c558b59e102dff63dca59",93,5,88,207,0.0537634408602151,0.42512077294686,"paper_adjusted","confirmation","null10"
"linear_dense_n300_t01_r0011","linear","dense","paper_adjusted",300,1000,1.3,11,86093870,"MDACT",0.05,"ok",TRUE,0,"ties should not be present for the one-sample Kolmogorov-Smirnov test","","01e8c2676ee372131660dec8bc322f8f",100,5,95,207,0.05,0.458937198067633,"paper_adjusted","confirmation","null10"
"linear_dense_n300_t01_r0011","linear","dense","paper_adjusted",300,1000,1.3,11,86093870,"MLFDR",0.05,"ok",TRUE,0.289999999999992,"","","caf901be669b3e7d22d8ebb56eb7c678",157,9,148,207,0.0573248407643312,0.714975845410628,"paper_adjusted","confirmation","null10"
"linear_dense_n300_t01_r0011","linear","dense","paper_adjusted",300,1000,1.3,11,86093870,"ASHMED",0.05,"ok",TRUE,0.300000000000004,"","","a2329fdac2f478e2ee5d4adc3863fefc",54,2,52,207,0.037037037037037,0.251207729468599,"paper_adjusted","confirmation","null10"
"confounded_dense_n300_t01_r0011","confounded","dense","paper_adjusted",300,1000,1.3,11,163927055,"HDMT",0.05,"ok",TRUE,0.0300000000000011,"ties should not be present for the one-sample Kolmogorov-Smirnov test","","45804af7238ff63c2655b466f772963b",88,3,85,204,0.0340909090909091,0.416666666666667,"paper_adjusted","confirmation","null10"
"confounded_dense_n300_t01_r0011","confounded","dense","paper_adjusted",300,1000,1.3,11,163927055,"MDACT",0.05,"ok",TRUE,0,"ties should not be present for the one-sample Kolmogorov-Smirnov test","","1a0eddfc78f79fe77c0c4806527c0220",97,4,93,204,0.0412371134020619,0.455882352941176,"paper_adjusted","confirmation","null10"
"confounded_dense_n300_t01_r0011","confounded","dense","paper_adjusted",300,1000,1.3,11,163927055,"MLFDR",0.05,"ok",TRUE,0.359999999999999,"","","2fe88ec455de9a70753032c785811698",150,8,142,204,0.0533333333333333,0.696078431372549,"paper_adjusted","confirmation","null10"
"confounded_dense_n300_t01_r0011","confounded","dense","paper_adjusted",300,1000,1.3,11,163927055,"ASHMED",0.05,"ok",TRUE,0.350000000000001,"","","4a1be66f96e1ba9b25c7e2ad341c6f54",43,0,43,204,0,0.21078431372549,"paper_adjusted","confirmation","null10"
"binary_dense_n300_t01_r0011","binary","dense","paper_adjusted",300,1000,1.3,11,30923975,"HDMT",0.05,"ok",TRUE,0.0300000000000011,"","","e31b34a7b13b60610951814979a8a150",65,1,64,188,0.0153846153846154,0.340425531914894,"paper_adjusted","confirmation","null10"
"binary_dense_n300_t01_r0011","binary","dense","paper_adjusted",300,1000,1.3,11,30923975,"MDACT",0.05,"ok",TRUE,0.0100000000000051,"","","7eb52c37386796e70a62e403b688b716",87,4,83,188,0.0459770114942529,0.441489361702128,"paper_adjusted","confirmation","null10"
"binary_dense_n300_t01_r0011","binary","dense","paper_adjusted",300,1000,1.3,11,30923975,"MLFDR",0.05,"ok",TRUE,0.469999999999999,"","","a95ddbc00e694b722535e90385199b2f",111,6,105,188,0.0540540540540541,0.558510638297872,"paper_adjusted","confirmation","null10"
"binary_dense_n300_t01_r0011","binary","dense","paper_adjusted",300,1000,1.3,11,30923975,"ASHMED",0.05,"ok",TRUE,0.859999999999999,"","","15ff52a1f4466b3667c142dad880e388",74,5,69,188,0.0675675675675676,0.367021276595745,"paper_adjusted","confirmation","null10"
"linear_sparse_n300_t02_r0011","linear","sparse","paper_adjusted",300,1000,1.5,11,222763503,"HDMT",0.05,"ok",TRUE,0.0300000000000011,"ties should not be present for the one-sample Kolmogorov-Smirnov test","","9123021aa000bfa161293b2d65e7dda6",8,1,7,24,0.125,0.291666666666667,"paper_adjusted","confirmation","null10"
"linear_sparse_n300_t02_r0011","linear","sparse","paper_adjusted",300,1000,1.5,11,222763503,"MDACT",0.05,"ok",TRUE,0.019999999999996,"ties should not be present for the one-sample Kolmogorov-Smirnov test","","9d4b21fd5324f0d33ce1bd867d00432f",12,1,11,24,0.0833333333333333,0.458333333333333,"paper_adjusted","confirmation","null10"
"linear_sparse_n300_t02_r0011","linear","sparse","paper_adjusted",300,1000,1.5,11,222763503,"MLFDR",0.05,"ok",TRUE,0.469999999999999,"","","50219ad3d65b962b4a5742729dbc8843",15,0,15,24,0,0.625,"paper_adjusted","confirmation","null10"
"linear_sparse_n300_t02_r0011","linear","sparse","paper_adjusted",300,1000,1.5,11,222763503,"ASHMED",0.05,"ok",TRUE,0.229999999999997,"","","4b39e095b2963efc6bb98310ededb9d6",6,0,6,24,0,0.25,"paper_adjusted","confirmation","null10"
"confounded_sparse_n300_t02_r0011","confounded","sparse","paper_adjusted",300,1000,1.5,11,39676855,"HDMT",0.05,"ok",TRUE,0.0499999999999972,"ties should not be present for the one-sample Kolmogorov-Smirnov test","","030e1a60825a1c5adf45dbe17b071cf3",6,1,5,13,0.166666666666667,0.384615384615385,"paper_adjusted","confirmation","null10"
"confounded_sparse_n300_t02_r0011","confounded","sparse","paper_adjusted",300,1000,1.5,11,39676855,"MDACT",0.05,"ok",TRUE,0.019999999999996,"ties should not be present for the one-sample Kolmogorov-Smirnov test","","2679478aedc906d95e81115a4a4ca9a4",4,0,4,13,0,0.307692307692308,"paper_adjusted","confirmation","null10"
"confounded_sparse_n300_t02_r0011","confounded","sparse","paper_adjusted",300,1000,1.5,11,39676855,"MLFDR",0.05,"ok",TRUE,0.239999999999995,"","","93e235637e2153b5ff3e25bbde680c7b",6,1,5,13,0.166666666666667,0.384615384615385,"paper_adjusted","confirmation","null10"
"confounded_sparse_n300_t02_r0011","confounded","sparse","paper_adjusted",300,1000,1.5,11,39676855,"ASHMED",0.05,"ok",TRUE,0.199999999999996,"","","364ab9ecfb9fce543ef7433f11c53bce",1,0,1,13,0,0.0769230769230769,"paper_adjusted","confirmation","null10"
"binary_sparse_n300_t02_r0011","binary","sparse","paper_adjusted",300,1000,1.5,11,138412866,"HDMT",0.05,"ok",TRUE,0.0300000000000011,"","","5b4b67f1340ef9d606a77ac9d204abc1",5,0,5,20,0,0.25,"paper_adjusted","confirmation","null10"
"binary_sparse_n300_t02_r0011","binary","sparse","paper_adjusted",300,1000,1.5,11,138412866,"MDACT",0.05,"ok",TRUE,0.0100000000000051,"","","a929343afbbc27e1d362809a5034f2a6",6,0,6,20,0,0.3,"paper_adjusted","confirmation","null10"
"binary_sparse_n300_t02_r0011","binary","sparse","paper_adjusted",300,1000,1.5,11,138412866,"MLFDR",0.05,"ok",TRUE,0.219999999999999,"","","92169e1e1849c8354569f272cd6911d6",12,0,12,20,0,0.6,"paper_adjusted","confirmation","null10"
"binary_sparse_n300_t02_r0011","binary","sparse","paper_adjusted",300,1000,1.5,11,138412866,"ASHMED",0.05,"ok",TRUE,0.279999999999994,"","","53420e8154337ac9560860cc76d24aa8",5,0,5,20,0,0.25,"paper_adjusted","confirmation","null10"
"linear_dense_n300_t02_r0011","linear","dense","paper_adjusted",300,1000,1.5,11,234090260,"HDMT",0.05,"ok",TRUE,0.019999999999996,"ties should not be present for the one-sample Kolmogorov-Smirnov test","","b6ba53bec0037929da4f5797422de45f",135,3,132,208,0.0222222222222222,0.634615384615385,"paper_adjusted","confirmation","null10"
"linear_dense_n300_t02_r0011","linear","dense","paper_adjusted",300,1000,1.5,11,234090260,"MDACT",0.05,"ok",TRUE,0,"ties should not be present for the one-sample Kolmogorov-Smirnov test","","2e4a746c19f7bfae3c39696b38aafa7b",146,5,141,208,0.0342465753424658,0.677884615384615,"paper_adjusted","confirmation","null10"
"linear_dense_n300_t02_r0011","linear","dense","paper_adjusted",300,1000,1.5,11,234090260,"MLFDR",0.05,"ok",TRUE,0.200000000000003,"","","09a09fbf959e02cc2420fbef235c5c44",196,9,187,208,0.0459183673469388,0.899038461538462,"paper_adjusted","confirmation","null10"
"linear_dense_n300_t02_r0011","linear","dense","paper_adjusted",300,1000,1.5,11,234090260,"ASHMED",0.05,"ok",TRUE,0.409999999999997,"","","3965d99ea186bc7de317ca8fffaf133e",107,3,104,208,0.0280373831775701,0.5,"paper_adjusted","confirmation","null10"
"confounded_dense_n300_t02_r0011","confounded","dense","paper_adjusted",300,1000,1.5,11,123577974,"HDMT",0.05,"ok",TRUE,0.0400000000000063,"ties should not be present for the one-sample Kolmogorov-Smirnov test","","95e7ae69c987aee65a44bc61181e164e",107,5,102,194,0.0467289719626168,0.525773195876289,"paper_adjusted","confirmation","null10"
"confounded_dense_n300_t02_r0011","confounded","dense","paper_adjusted",300,1000,1.5,11,123577974,"MDACT",0.05,"ok",TRUE,0.019999999999996,"ties should not be present for the one-sample Kolmogorov-Smirnov test","","f3a9262d6c6db0ff3b6020acf75720e2",118,7,111,194,0.0593220338983051,0.572164948453608,"paper_adjusted","confirmation","null10"
"confounded_dense_n300_t02_r0011","confounded","dense","paper_adjusted",300,1000,1.5,11,123577974,"MLFDR",0.05,"ok",TRUE,0.25,"","","96fb8e8d2874b8499d3eb7e27bc4cc32",164,13,151,194,0.0792682926829268,0.778350515463918,"paper_adjusted","confirmation","null10"
"confounded_dense_n300_t02_r0011","confounded","dense","paper_adjusted",300,1000,1.5,11,123577974,"ASHMED",0.05,"ok",TRUE,0.329999999999998,"","","65220e15086af99a64a565bb60feea89",59,1,58,194,0.0169491525423729,0.298969072164948,"paper_adjusted","confirmation","null10"
"binary_dense_n300_t02_r0011","binary","dense","paper_adjusted",300,1000,1.5,11,78663835,"HDMT",0.05,"ok",TRUE,0.0300000000000011,"","","e5b34ed0ff7765bc05c3027cafe95b7a",142,8,134,197,0.0563380281690141,0.680203045685279,"paper_adjusted","confirmation","null10"
"binary_dense_n300_t02_r0011","binary","dense","paper_adjusted",300,1000,1.5,11,78663835,"MDACT",0.05,"ok",TRUE,0.019999999999996,"","","cb20e07ac2573c15c0e66960b52e5c97",143,7,136,197,0.048951048951049,0.690355329949239,"paper_adjusted","confirmation","null10"
"binary_dense_n300_t02_r0011","binary","dense","paper_adjusted",300,1000,1.5,11,78663835,"MLFDR",0.05,"ok",TRUE,0.220000000000013,"","","260930c93a916aecc97eca0731c930a8",182,11,171,197,0.0604395604395604,0.868020304568528,"paper_adjusted","confirmation","null10"
"binary_dense_n300_t02_r0011","binary","dense","paper_adjusted",300,1000,1.5,11,78663835,"ASHMED",0.05,"ok",TRUE,0.18,"","","a40408b4d8ee47dfbe75a37793468b98",144,5,139,197,0.0347222222222222,0.705583756345178,"paper_adjusted","confirmation","null10"
"linear_sparse_n300_t03_r0011","linear","sparse","paper_adjusted",300,1000,1.9,11,215808894,"HDMT",0.05,"ok",TRUE,0.0300000000000011,"ties should not be present for the one-sample Kolmogorov-Smirnov test","","504f17d0d7d89ec64d5c000b1285f034",16,0,16,22,0,0.727272727272727,"paper_adjusted","confirmation","null10"
"linear_sparse_n300_t03_r0011","linear","sparse","paper_adjusted",300,1000,1.9,11,215808894,"MDACT",0.05,"ok",TRUE,0.0200000000000102,"ties should not be present for the one-sample Kolmogorov-Smirnov test","","090bfaafdff2dc13a63964dc48591736",16,0,16,22,0,0.727272727272727,"paper_adjusted","confirmation","null10"
"linear_sparse_n300_t03_r0011","linear","sparse","paper_adjusted",300,1000,1.9,11,215808894,"MLFDR",0.05,"ok",TRUE,0.170000000000002,"","","eec137bdc71e2e3aed9a24bbd2b24987",19,1,18,22,0.0526315789473684,0.818181818181818,"paper_adjusted","confirmation","null10"
"linear_sparse_n300_t03_r0011","linear","sparse","paper_adjusted",300,1000,1.9,11,215808894,"ASHMED",0.05,"ok",TRUE,0.339999999999996,"","","766357172e40e9f9603bc2f8c2f6ba1d",16,0,16,22,0,0.727272727272727,"paper_adjusted","confirmation","null10"
"confounded_sparse_n300_t03_r0011","confounded","sparse","paper_adjusted",300,1000,1.9,11,110117734,"HDMT",0.05,"ok",TRUE,0.0300000000000011,"ties should not be present for the one-sample Kolmogorov-Smirnov test","","bddeecae7b789dee91393c7ee86b1d0b",7,0,7,24,0,0.291666666666667,"paper_adjusted","confirmation","null10"
"confounded_sparse_n300_t03_r0011","confounded","sparse","paper_adjusted",300,1000,1.9,11,110117734,"MDACT",0.05,"ok",TRUE,0,"ties should not be present for the one-sample Kolmogorov-Smirnov test","","ae123e03b99315fba878b9428428e5b8",9,0,9,24,0,0.375,"paper_adjusted","confirmation","null10"
"confounded_sparse_n300_t03_r0011","confounded","sparse","paper_adjusted",300,1000,1.9,11,110117734,"MLFDR",0.05,"ok",TRUE,0.75,"","","f8759df256927dbaf4aee8aa20be391d",17,2,15,24,0.117647058823529,0.625,"paper_adjusted","confirmation","null10"
"confounded_sparse_n300_t03_r0011","confounded","sparse","paper_adjusted",300,1000,1.9,11,110117734,"ASHMED",0.05,"ok",TRUE,0.390000000000001,"","","2828b22277c7a8f64df7d89b3e2e658e",4,0,4,24,0,0.166666666666667,"paper_adjusted","confirmation","null10"
"binary_sparse_n300_t03_r0011","binary","sparse","paper_adjusted",300,1000,1.9,11,61079019,"HDMT",0.05,"ok",TRUE,0.019999999999996,"","","45ba20a62c00585ebca1f24eab7d0d96",11,0,11,19,0,0.578947368421053,"paper_adjusted","confirmation","null10"
"binary_sparse_n300_t03_r0011","binary","sparse","paper_adjusted",300,1000,1.9,11,61079019,"MDACT",0.05,"ok",TRUE,0.019999999999996,"","","d8b356fb29fb7c32819db08815bbef5d",12,0,12,19,0,0.631578947368421,"paper_adjusted","confirmation","null10"
"binary_sparse_n300_t03_r0011","binary","sparse","paper_adjusted",300,1000,1.9,11,61079019,"MLFDR",0.05,"ok",TRUE,0.180000000000007,"","","13c8a8dfa174247501a68ce0302c4bad",16,0,16,19,0,0.842105263157895,"paper_adjusted","confirmation","null10"
"binary_sparse_n300_t03_r0011","binary","sparse","paper_adjusted",300,1000,1.9,11,61079019,"ASHMED",0.05,"ok",TRUE,0.379999999999995,"","","3cc2a5dcc25186c76dcf56092e7c24d6",11,0,11,19,0,0.578947368421053,"paper_adjusted","confirmation","null10"
"linear_dense_n300_t03_r0011","linear","dense","paper_adjusted",300,1000,1.9,11,72725005,"HDMT",0.05,"ok",TRUE,0.0400000000000063,"ties should not be present for the one-sample Kolmogorov-Smirnov test","","cff2315a4904b81310e03a9d974db1da",158,6,152,186,0.0379746835443038,0.817204301075269,"paper_adjusted","confirmation","null10"
"linear_dense_n300_t03_r0011","linear","dense","paper_adjusted",300,1000,1.9,11,72725005,"MDACT",0.05,"ok",TRUE,0.019999999999996,"ties should not be present for the one-sample Kolmogorov-Smirnov test","","e1d2943baf297659b9aa5acfba2dc01b",163,8,155,186,0.049079754601227,0.833333333333333,"paper_adjusted","confirmation","null10"
"linear_dense_n300_t03_r0011","linear","dense","paper_adjusted",300,1000,1.9,11,72725005,"MLFDR",0.05,"ok",TRUE,0.170000000000002,"","","99cb40b40391c96b4ba22b903fa61d99",185,10,175,186,0.0540540540540541,0.940860215053763,"paper_adjusted","confirmation","null10"
"linear_dense_n300_t03_r0011","linear","dense","paper_adjusted",300,1000,1.9,11,72725005,"ASHMED",0.05,"ok",TRUE,0.229999999999997,"","","c2356a0cee066f25e4de13508c625e7b",137,3,134,186,0.0218978102189781,0.720430107526882,"paper_adjusted","confirmation","null10"
"confounded_dense_n300_t03_r0011","confounded","dense","paper_adjusted",300,1000,1.9,11,267660904,"HDMT",0.05,"ok",TRUE,0.0300000000000011,"ties should not be present for the one-sample Kolmogorov-Smirnov test","","d9815a872bd488229ba9229700a48949",189,6,183,219,0.0317460317460317,0.835616438356164,"paper_adjusted","confirmation","null10"
"confounded_dense_n300_t03_r0011","confounded","dense","paper_adjusted",300,1000,1.9,11,267660904,"MDACT",0.05,"ok",TRUE,0.0100000000000051,"ties should not be present for the one-sample Kolmogorov-Smirnov test","","153717c0896011725dd2bb6fc258b5cd",196,7,189,219,0.0357142857142857,0.863013698630137,"paper_adjusted","confirmation","null10"
"confounded_dense_n300_t03_r0011","confounded","dense","paper_adjusted",300,1000,1.9,11,267660904,"MLFDR",0.05,"ok",TRUE,0.189999999999998,"","","ae13374f0bfcf8363814e214ac5c2356",220,7,213,219,0.0318181818181818,0.972602739726027,"paper_adjusted","confirmation","null10"
"confounded_dense_n300_t03_r0011","confounded","dense","paper_adjusted",300,1000,1.9,11,267660904,"ASHMED",0.05,"ok",TRUE,0.189999999999998,"","","fff9ad414e0a3d45c8a8f9f0aa401aed",168,4,164,219,0.0238095238095238,0.748858447488584,"paper_adjusted","confirmation","null10"
"binary_dense_n300_t03_r0011","binary","dense","paper_adjusted",300,1000,1.9,11,73424719,"HDMT",0.05,"ok",TRUE,0.0300000000000011,"","","b9ceebcf6ccb74397272b79538437841",179,7,172,195,0.0391061452513966,0.882051282051282,"paper_adjusted","confirmation","null10"
"binary_dense_n300_t03_r0011","binary","dense","paper_adjusted",300,1000,1.9,11,73424719,"MDACT",0.05,"ok",TRUE,0.0100000000000051,"","","38beb46b36efc74c9960736e60506d21",181,7,174,195,0.0386740331491713,0.892307692307692,"paper_adjusted","confirmation","null10"
"binary_dense_n300_t03_r0011","binary","dense","paper_adjusted",300,1000,1.9,11,73424719,"MLFDR",0.05,"ok",TRUE,0.179999999999993,"","","3863e1d74c6ff352d04022e322bdf9a0",197,7,190,195,0.0355329949238579,0.974358974358974,"paper_adjusted","confirmation","null10"
"binary_dense_n300_t03_r0011","binary","dense","paper_adjusted",300,1000,1.9,11,73424719,"ASHMED",0.05,"ok",TRUE,0.18,"","","21b121391302ac5b16907f3ef8100c6c",201,17,184,195,0.0845771144278607,0.943589743589744,"paper_adjusted","confirmation","null10"
"linear_sparse_n300_t01_r0012","linear","sparse","paper_adjusted",300,1000,1.3,12,201848793,"HDMT",0.05,"ok",TRUE,0.0200000000000102,"ties should not be present for the one-sample Kolmogorov-Smirnov test","","b84da544f90521a93260447e82ef7205",6,0,6,19,0,0.315789473684211,"paper_adjusted","confirmation","null10"
"linear_sparse_n300_t01_r0012","linear","sparse","paper_adjusted",300,1000,1.3,12,201848793,"MDACT",0.05,"ok",TRUE,0,"ties should not be present for the one-sample Kolmogorov-Smirnov test","","5c5b0480103e7dd1b52833b9c721f2e1",10,0,10,19,0,0.526315789473684,"paper_adjusted","confirmation","null10"
"linear_sparse_n300_t01_r0012","linear","sparse","paper_adjusted",300,1000,1.3,12,201848793,"MLFDR",0.05,"ok",TRUE,0.529999999999987,"","","fe3d104cb1b3c43a765eca1d8a2cd246",14,1,13,19,0.0714285714285714,0.684210526315789,"paper_adjusted","confirmation","null10"
"linear_sparse_n300_t01_r0012","linear","sparse","paper_adjusted",300,1000,1.3,12,201848793,"ASHMED",0.05,"ok",TRUE,0.339999999999996,"","","539554f7af7ba6f729131ae4fbf29aaa",5,0,5,19,0,0.263157894736842,"paper_adjusted","confirmation","null10"
"confounded_sparse_n300_t01_r0012","confounded","sparse","paper_adjusted",300,1000,1.3,12,220910518,"HDMT",0.05,"ok",TRUE,0.0300000000000011,"ties should not be present for the one-sample Kolmogorov-Smirnov test","","db00b9c0af6fc928b55651b0f063886b",5,0,5,19,0,0.263157894736842,"paper_adjusted","confirmation","null10"
"confounded_sparse_n300_t01_r0012","confounded","sparse","paper_adjusted",300,1000,1.3,12,220910518,"MDACT",0.05,"ok",TRUE,0.0200000000000102,"ties should not be present for the one-sample Kolmogorov-Smirnov test","","b25d55548d4c2fd0c7cdb9e555762bf7",11,1,10,19,0.0909090909090909,0.526315789473684,"paper_adjusted","confirmation","null10"
"confounded_sparse_n300_t01_r0012","confounded","sparse","paper_adjusted",300,1000,1.3,12,220910518,"MLFDR",0.05,"ok",TRUE,0.450000000000003,"","","3612573e8cc566afc468e38efc242773",11,1,10,19,0.0909090909090909,0.526315789473684,"paper_adjusted","confirmation","null10"
"confounded_sparse_n300_t01_r0012","confounded","sparse","paper_adjusted",300,1000,1.3,12,220910518,"ASHMED",0.05,"ok",TRUE,0.25,"","","a4787bfa833388af4a308bf395face14",4,0,4,19,0,0.210526315789474,"paper_adjusted","confirmation","null10"
"binary_sparse_n300_t01_r0012","binary","sparse","paper_adjusted",300,1000,1.3,12,107284408,"HDMT",0.05,"ok",TRUE,0.0300000000000011,"","","864e7f79509a68628efd102f7030248d",4,0,4,18,0,0.222222222222222,"paper_adjusted","confirmation","null10"
"binary_sparse_n300_t01_r0012","binary","sparse","paper_adjusted",300,1000,1.3,12,107284408,"MDACT",0.05,"ok",TRUE,0.0100000000000051,"","","fab3de5bb8e615beb084d790393c6dcc",4,0,4,18,0,0.222222222222222,"paper_adjusted","confirmation","null10"
"binary_sparse_n300_t01_r0012","binary","sparse","paper_adjusted",300,1000,1.3,12,107284408,"MLFDR",0.05,"ok",TRUE,0.189999999999998,"","","33f4aa165c7e08c97ffa797251aa27e2",8,1,7,18,0.125,0.388888888888889,"paper_adjusted","confirmation","null10"
"binary_sparse_n300_t01_r0012","binary","sparse","paper_adjusted",300,1000,1.3,12,107284408,"ASHMED",0.05,"ok",TRUE,0.339999999999996,"","","2a1ef697a7712282705b275a37e060a4",7,1,6,18,0.142857142857143,0.333333333333333,"paper_adjusted","confirmation","null10"
"linear_dense_n300_t01_r0012","linear","dense","paper_adjusted",300,1000,1.3,12,36277315,"HDMT",0.05,"ok",TRUE,0.0300000000000011,"ties should not be present for the one-sample Kolmogorov-Smirnov test","","8cba3a7c8646657f082f9e3a344de2eb",94,3,91,173,0.0319148936170213,0.526011560693642,"paper_adjusted","confirmation","null10"
"linear_dense_n300_t01_r0012","linear","dense","paper_adjusted",300,1000,1.3,12,36277315,"MDACT",0.05,"ok",TRUE,0.00999999999999091,"ties should not be present for the one-sample Kolmogorov-Smirnov test","","69fe778ff76d41542decf26525ef424f",104,5,99,173,0.0480769230769231,0.572254335260116,"paper_adjusted","confirmation","null10"
"linear_dense_n300_t01_r0012","linear","dense","paper_adjusted",300,1000,1.3,12,36277315,"MLFDR",0.05,"ok",TRUE,0.450000000000003,"","","5ddf09a6dedc90738d3625576acae1a3",127,4,123,173,0.031496062992126,0.710982658959538,"paper_adjusted","confirmation","null10"
"linear_dense_n300_t01_r0012","linear","dense","paper_adjusted",300,1000,1.3,12,36277315,"ASHMED",0.05,"ok",TRUE,0.410000000000004,"","","759a2ea8a24109419712a3b24a63fc68",53,0,53,173,0,0.30635838150289,"paper_adjusted","confirmation","null10"
"confounded_dense_n300_t01_r0012","confounded","dense","paper_adjusted",300,1000,1.3,12,222579121,"HDMT",0.05,"ok",TRUE,0.0300000000000011,"ties should not be present for the one-sample Kolmogorov-Smirnov test","","c745c855c2a6ccb8e4a0a8a8938fd3d8",94,4,90,195,0.0425531914893617,0.461538461538462,"paper_adjusted","confirmation","null10"
"confounded_dense_n300_t01_r0012","confounded","dense","paper_adjusted",300,1000,1.3,12,222579121,"MDACT",0.05,"ok",TRUE,0,"ties should not be present for the one-sample Kolmogorov-Smirnov test","","2e115b25a98109d778ea3d24187c52a9",108,10,98,195,0.0925925925925926,0.502564102564103,"paper_adjusted","confirmation","null10"
"confounded_dense_n300_t01_r0012","confounded","dense","paper_adjusted",300,1000,1.3,12,222579121,"MLFDR",0.05,"ok",TRUE,0.5,"","","a4c7fa4ccbf5d50f3958ba0d38b03775",136,10,126,195,0.0735294117647059,0.646153846153846,"paper_adjusted","confirmation","null10"
"confounded_dense_n300_t01_r0012","confounded","dense","paper_adjusted",300,1000,1.3,12,222579121,"ASHMED",0.05,"ok",TRUE,0.25,"","","2a5e8c792b4e98a035feb45c9d809397",49,1,48,195,0.0204081632653061,0.246153846153846,"paper_adjusted","confirmation","null10"
"binary_dense_n300_t01_r0012","binary","dense","paper_adjusted",300,1000,1.3,12,111191420,"HDMT",0.05,"ok",TRUE,0.0200000000000102,"","","19264d8711a4cac3ea5494a3b87aca9a",100,3,97,189,0.03,0.513227513227513,"paper_adjusted","confirmation","null10"
"binary_dense_n300_t01_r0012","binary","dense","paper_adjusted",300,1000,1.3,12,111191420,"MDACT",0.05,"ok",TRUE,0,"","","ee89b582fff09992d4ff71697a3263fc",119,4,115,189,0.0336134453781513,0.608465608465608,"paper_adjusted","confirmation","null10"
"binary_dense_n300_t01_r0012","binary","dense","paper_adjusted",300,1000,1.3,12,111191420,"MLFDR",0.05,"ok",TRUE,0.230000000000004,"","","a447d00e2092423d4fee55d194dd106a",149,12,137,189,0.0805369127516778,0.724867724867725,"paper_adjusted","confirmation","null10"
"binary_dense_n300_t01_r0012","binary","dense","paper_adjusted",300,1000,1.3,12,111191420,"ASHMED",0.05,"ok",TRUE,0.670000000000002,"","","f1c45e9d727a3a71225d58f7039a1231",119,4,115,189,0.0336134453781513,0.608465608465608,"paper_adjusted","confirmation","null10"
"linear_sparse_n300_t02_r0012","linear","sparse","paper_adjusted",300,1000,1.5,12,218481438,"HDMT",0.05,"ok",TRUE,0.0300000000000011,"ties should not be present for the one-sample Kolmogorov-Smirnov test","","36e386088f6111a52c5f4ca64729ab3a",4,1,3,13,0.25,0.230769230769231,"paper_adjusted","confirmation","null10"
"linear_sparse_n300_t02_r0012","linear","sparse","paper_adjusted",300,1000,1.5,12,218481438,"MDACT",0.05,"ok",TRUE,0,"ties should not be present for the one-sample Kolmogorov-Smirnov test","","0316fd1d3088d6b3a5ca312aaac7791f",7,1,6,13,0.142857142857143,0.461538461538462,"paper_adjusted","confirmation","null10"
"linear_sparse_n300_t02_r0012","linear","sparse","paper_adjusted",300,1000,1.5,12,218481438,"MLFDR",0.05,"ok",TRUE,0.629999999999995,"","","ed49d8f9627d549d8146422c4b6a8065",10,1,9,13,0.1,0.692307692307692,"paper_adjusted","confirmation","null10"
"linear_sparse_n300_t02_r0012","linear","sparse","paper_adjusted",300,1000,1.5,12,218481438,"ASHMED",0.05,"ok",TRUE,0.380000000000003,"","","842b59cdff9a330f85a199389ae22f5d",0,0,0,13,0,0,"paper_adjusted","confirmation","null10"
"confounded_sparse_n300_t02_r0012","confounded","sparse","paper_adjusted",300,1000,1.5,12,94563371,"HDMT",0.05,"ok",TRUE,0.019999999999996,"ties should not be present for the one-sample Kolmogorov-Smirnov test","","92bebb0655e1fc34ec24b2111a1aca3b",14,0,14,24,0,0.583333333333333,"paper_adjusted","confirmation","null10"
"confounded_sparse_n300_t02_r0012","confounded","sparse","paper_adjusted",300,1000,1.5,12,94563371,"MDACT",0.05,"ok",TRUE,0.019999999999996,"ties should not be present for the one-sample Kolmogorov-Smirnov test","","9b7ec1e48082bc121c325bec45eb3573",15,0,15,24,0,0.625,"paper_adjusted","confirmation","null10"
"confounded_sparse_n300_t02_r0012","confounded","sparse","paper_adjusted",300,1000,1.5,12,94563371,"MLFDR",0.05,"ok",TRUE,0.200000000000003,"","","cc421127f3a51cff0551c8a5151cbcd1",18,0,18,24,0,0.75,"paper_adjusted","confirmation","null10"
"confounded_sparse_n300_t02_r0012","confounded","sparse","paper_adjusted",300,1000,1.5,12,94563371,"ASHMED",0.05,"ok",TRUE,0.829999999999998,"","","d811b2d1d1c714cd96b21a4b9baf50d8",9,0,9,24,0,0.375,"paper_adjusted","confirmation","null10"
"binary_sparse_n300_t02_r0012","binary","sparse","paper_adjusted",300,1000,1.5,12,54830902,"HDMT",0.05,"ok",TRUE,0.0300000000000011,"","","13d77ee6c725142d442125c453376a98",4,0,4,21,0,0.19047619047619,"paper_adjusted","confirmation","null10"
"binary_sparse_n300_t02_r0012","binary","sparse","paper_adjusted",300,1000,1.5,12,54830902,"MDACT",0.05,"ok",TRUE,0.0100000000000051,"","","3fd3e0f520b7e9159776a9597ff6b12c",6,0,6,21,0,0.285714285714286,"paper_adjusted","confirmation","null10"
"binary_sparse_n300_t02_r0012","binary","sparse","paper_adjusted",300,1000,1.5,12,54830902,"MLFDR",0.05,"ok",TRUE,0.230000000000004,"","","6240fcbe20bb5cb0b3b006e0c57cf741",14,0,14,21,0,0.666666666666667,"paper_adjusted","confirmation","null10"
"binary_sparse_n300_t02_r0012","binary","sparse","paper_adjusted",300,1000,1.5,12,54830902,"ASHMED",0.05,"ok",TRUE,0.299999999999997,"","","b8894767d5907e21030850bcf1310058",6,0,6,21,0,0.285714285714286,"paper_adjusted","confirmation","null10"
"linear_dense_n300_t02_r0012","linear","dense","paper_adjusted",300,1000,1.5,12,189687734,"HDMT",0.05,"ok",TRUE,0.0300000000000011,"ties should not be present for the one-sample Kolmogorov-Smirnov test","","2e04e85caa4d48cb8630b6c26b2d601c",135,7,128,191,0.0518518518518519,0.670157068062827,"paper_adjusted","confirmation","null10"
"linear_dense_n300_t02_r0012","linear","dense","paper_adjusted",300,1000,1.5,12,189687734,"MDACT",0.05,"ok",TRUE,0.0100000000000051,"ties should not be present for the one-sample Kolmogorov-Smirnov test","","5d30a85c6303bde58b07a97491504ffe",149,11,138,191,0.0738255033557047,0.722513089005236,"paper_adjusted","confirmation","null10"
"linear_dense_n300_t02_r0012","linear","dense","paper_adjusted",300,1000,1.5,12,189687734,"MLFDR",0.05,"ok",TRUE,0.260000000000005,"","","6b059715ca974a73e8751b852de687db",170,9,161,191,0.0529411764705882,0.842931937172775,"paper_adjusted","confirmation","null10"
"linear_dense_n300_t02_r0012","linear","dense","paper_adjusted",300,1000,1.5,12,189687734,"ASHMED",0.05,"ok",TRUE,0.200000000000003,"","","89e4c64f3cdf26e7daed902d1fec3fba",108,1,107,191,0.00925925925925926,0.56020942408377,"paper_adjusted","confirmation","null10"
"confounded_dense_n300_t02_r0012","confounded","dense","paper_adjusted",300,1000,1.5,12,235699983,"HDMT",0.05,"ok",TRUE,0.0300000000000011,"ties should not be present for the one-sample Kolmogorov-Smirnov test","","2557c72952a3aef1435b754062829efd",78,2,76,192,0.0256410256410256,0.395833333333333,"paper_adjusted","confirmation","null10"
"confounded_dense_n300_t02_r0012","confounded","dense","paper_adjusted",300,1000,1.5,12,235699983,"MDACT",0.05,"ok",TRUE,0.0100000000000051,"ties should not be present for the one-sample Kolmogorov-Smirnov test","","90a36595374ac36580bec17c0347ae46",91,4,87,192,0.043956043956044,0.453125,"paper_adjusted","confirmation","null10"
"confounded_dense_n300_t02_r0012","confounded","dense","paper_adjusted",300,1000,1.5,12,235699983,"MLFDR",0.05,"ok",TRUE,0.280000000000001,"","","4c0fc0e81cd8642dcb1e94134807f435",157,6,151,192,0.0382165605095541,0.786458333333333,"paper_adjusted","confirmation","null10"
"confounded_dense_n300_t02_r0012","confounded","dense","paper_adjusted",300,1000,1.5,12,235699983,"ASHMED",0.05,"ok",TRUE,0.219999999999999,"","","16442ad2f0596737a31b44cab899ca69",67,0,67,192,0,0.348958333333333,"paper_adjusted","confirmation","null10"
"binary_dense_n300_t02_r0012","binary","dense","paper_adjusted",300,1000,1.5,12,67511930,"HDMT",0.05,"ok",TRUE,0.0100000000000051,"","","e09ea93b2f76837a4bc8c627d75f2e40",161,6,155,208,0.0372670807453416,0.745192307692308,"paper_adjusted","confirmation","null10"
"binary_dense_n300_t02_r0012","binary","dense","paper_adjusted",300,1000,1.5,12,67511930,"MDACT",0.05,"ok",TRUE,0,"","","515538ae93e09ced095703595b03fd1f",172,10,162,208,0.0581395348837209,0.778846153846154,"paper_adjusted","confirmation","null10"
"binary_dense_n300_t02_r0012","binary","dense","paper_adjusted",300,1000,1.5,12,67511930,"MLFDR",0.05,"ok",TRUE,0.25,"","","788ccd8933460b97c85775970eef1fdd",193,12,181,208,0.0621761658031088,0.870192307692308,"paper_adjusted","confirmation","null10"
"binary_dense_n300_t02_r0012","binary","dense","paper_adjusted",300,1000,1.5,12,67511930,"ASHMED",0.05,"ok",TRUE,0.169999999999995,"","","e951242ecc66d37b5a5f5ea01f5a7574",165,7,158,208,0.0424242424242424,0.759615384615385,"paper_adjusted","confirmation","null10"
"linear_sparse_n300_t03_r0012","linear","sparse","paper_adjusted",300,1000,1.9,12,228304345,"HDMT",0.05,"ok",TRUE,0.0299999999999869,"ties should not be present for the one-sample Kolmogorov-Smirnov test","","f515af84165b08583b1ad971b0425ea6",17,1,16,24,0.0588235294117647,0.666666666666667,"paper_adjusted","confirmation","null10"
"linear_sparse_n300_t03_r0012","linear","sparse","paper_adjusted",300,1000,1.9,12,228304345,"MDACT",0.05,"ok",TRUE,0.019999999999996,"ties should not be present for the one-sample Kolmogorov-Smirnov test","","3e9f10531af6ec2d39901a7308304820",18,1,17,24,0.0555555555555556,0.708333333333333,"paper_adjusted","confirmation","null10"
"linear_sparse_n300_t03_r0012","linear","sparse","paper_adjusted",300,1000,1.9,12,228304345,"MLFDR",0.05,"ok",TRUE,0.159999999999997,"","","3e2231efa5664014e7423c5f10781bab",22,0,22,24,0,0.916666666666667,"paper_adjusted","confirmation","null10"
"linear_sparse_n300_t03_r0012","linear","sparse","paper_adjusted",300,1000,1.9,12,228304345,"ASHMED",0.05,"ok",TRUE,0.32,"","","a8569a4e78ab447a89284b303743f2c0",11,1,10,24,0.0909090909090909,0.416666666666667,"paper_adjusted","confirmation","null10"
"confounded_sparse_n300_t03_r0012","confounded","sparse","paper_adjusted",300,1000,1.9,12,160802140,"HDMT",0.05,"ok",TRUE,0.0100000000000051,"ties should not be present for the one-sample Kolmogorov-Smirnov test","","0242a80a35daf9e40cbef7fcd9c4be66",15,0,15,23,0,0.652173913043478,"paper_adjusted","confirmation","null10"
"confounded_sparse_n300_t03_r0012","confounded","sparse","paper_adjusted",300,1000,1.9,12,160802140,"MDACT",0.05,"ok",TRUE,0.0200000000000102,"ties should not be present for the one-sample Kolmogorov-Smirnov test","","a5689f640a842e5e4fa86b3e69f26e08",15,0,15,23,0,0.652173913043478,"paper_adjusted","confirmation","null10"
"confounded_sparse_n300_t03_r0012","confounded","sparse","paper_adjusted",300,1000,1.9,12,160802140,"MLFDR",0.05,"ok",TRUE,0.300000000000011,"","","98a5ed162762caba79f59800ed59b88e",17,0,17,23,0,0.739130434782609,"paper_adjusted","confirmation","null10"
"confounded_sparse_n300_t03_r0012","confounded","sparse","paper_adjusted",300,1000,1.9,12,160802140,"ASHMED",0.05,"ok",TRUE,0.329999999999998,"","","60221eede8dbe7d05c3bc440e1b7f547",12,0,12,23,0,0.521739130434783,"paper_adjusted","confirmation","null10"
"binary_sparse_n300_t03_r0012","binary","sparse","paper_adjusted",300,1000,1.9,12,21103981,"HDMT",0.05,"ok",TRUE,0.0300000000000011,"","","e7c9f26b8e6cf100128628cbd52faf3c",10,0,10,17,0,0.588235294117647,"paper_adjusted","confirmation","null10"
"binary_sparse_n300_t03_r0012","binary","sparse","paper_adjusted",300,1000,1.9,12,21103981,"MDACT",0.05,"ok",TRUE,0.0200000000000102,"","","23d98571e626f6ee782a2e6d8abebde2",11,0,11,17,0,0.647058823529412,"paper_adjusted","confirmation","null10"
"binary_sparse_n300_t03_r0012","binary","sparse","paper_adjusted",300,1000,1.9,12,21103981,"MLFDR",0.05,"ok",TRUE,0.0999999999999943,"","","aeada8fe99be428265f377353571a9fb",14,0,14,17,0,0.823529411764706,"paper_adjusted","confirmation","null10"
"binary_sparse_n300_t03_r0012","binary","sparse","paper_adjusted",300,1000,1.9,12,21103981,"ASHMED",0.05,"ok",TRUE,0.370000000000005,"","","e9579a2d75aa46cb2443bd4a401ef2d3",11,0,11,17,0,0.647058823529412,"paper_adjusted","confirmation","null10"
"linear_dense_n300_t03_r0012","linear","dense","paper_adjusted",300,1000,1.9,12,104926843,"HDMT",0.05,"ok",TRUE,0.00999999999999091,"ties should not be present for the one-sample Kolmogorov-Smirnov test","","9e12a925a6bb91aaf05e5d0b71baefc3",172,4,168,193,0.0232558139534884,0.870466321243523,"paper_adjusted","confirmation","null10"
"linear_dense_n300_t03_r0012","linear","dense","paper_adjusted",300,1000,1.9,12,104926843,"MDACT",0.05,"ok",TRUE,0.0100000000000051,"ties should not be present for the one-sample Kolmogorov-Smirnov test","","dc8cd2785cd525cd907eb3f2a88b129e",175,6,169,193,0.0342857142857143,0.875647668393782,"paper_adjusted","confirmation","null10"
"linear_dense_n300_t03_r0012","linear","dense","paper_adjusted",300,1000,1.9,12,104926843,"MLFDR",0.05,"ok",TRUE,0.219999999999999,"","","ad73ec19ceb4ba3366c0b5453d3619af",195,6,189,193,0.0307692307692308,0.979274611398964,"paper_adjusted","confirmation","null10"
"linear_dense_n300_t03_r0012","linear","dense","paper_adjusted",300,1000,1.9,12,104926843,"ASHMED",0.05,"ok",TRUE,0.310000000000002,"","","73027c1d7cb80282e2aa1ecc71ba9ccb",165,3,162,193,0.0181818181818182,0.839378238341969,"paper_adjusted","confirmation","null10"
"confounded_dense_n300_t03_r0012","confounded","dense","paper_adjusted",300,1000,1.9,12,146013129,"HDMT",0.05,"ok",TRUE,0.0300000000000011,"ties should not be present for the one-sample Kolmogorov-Smirnov test","","c2ed86659727f97d83d4d3b131094572",180,11,169,189,0.0611111111111111,0.894179894179894,"paper_adjusted","confirmation","null10"
"confounded_dense_n300_t03_r0012","confounded","dense","paper_adjusted",300,1000,1.9,12,146013129,"MDACT",0.05,"ok",TRUE,0.019999999999996,"ties should not be present for the one-sample Kolmogorov-Smirnov test","","9d6cb77005bbb03967ba045b3754b41a",183,12,171,189,0.0655737704918033,0.904761904761905,"paper_adjusted","confirmation","null10"
"confounded_dense_n300_t03_r0012","confounded","dense","paper_adjusted",300,1000,1.9,12,146013129,"MLFDR",0.05,"ok",TRUE,0.159999999999997,"","","21cc1165e6c995cb48ad041deb97d65b",199,13,186,189,0.0653266331658292,0.984126984126984,"paper_adjusted","confirmation","null10"
"confounded_dense_n300_t03_r0012","confounded","dense","paper_adjusted",300,1000,1.9,12,146013129,"ASHMED",0.05,"ok",TRUE,0.280000000000001,"","","cbc35f9ff43fc3f039f961f705b7efcc",175,8,167,189,0.0457142857142857,0.883597883597884,"paper_adjusted","confirmation","null10"
"binary_dense_n300_t03_r0012","binary","dense","paper_adjusted",300,1000,1.9,12,122055263,"HDMT",0.05,"ok",TRUE,0.0100000000000051,"","","d2f56ef71ad41328b651b12cd44312d3",162,4,158,182,0.0246913580246914,0.868131868131868,"paper_adjusted","confirmation","null10"
"binary_dense_n300_t03_r0012","binary","dense","paper_adjusted",300,1000,1.9,12,122055263,"MDACT",0.05,"ok",TRUE,0,"","","14a3ad45f075eec1ef06430c2486239e",162,3,159,182,0.0185185185185185,0.873626373626374,"paper_adjusted","confirmation","null10"
"binary_dense_n300_t03_r0012","binary","dense","paper_adjusted",300,1000,1.9,12,122055263,"MLFDR",0.05,"ok",TRUE,0.0799999999999983,"","","adb335300c28e3d786003585db66e86d",176,3,173,182,0.0170454545454545,0.950549450549451,"paper_adjusted","confirmation","null10"
"binary_dense_n300_t03_r0012","binary","dense","paper_adjusted",300,1000,1.9,12,122055263,"ASHMED",0.05,"ok",TRUE,0.25,"","","3fd6cada80f738106fc2437b3b8f63dc",177,10,167,182,0.0564971751412429,0.917582417582418,"paper_adjusted","confirmation","null10"
"linear_sparse_n300_t01_r0009","linear","sparse","paper_adjusted",300,1000,1.3,9,142876051,"ASHMED_Adaptive",0.05,"ok",FALSE,1.61,"","","d147be91416eb0a30d54082584ced45e",12,1,11,23,0.0833333333333333,0.478260869565217,"paper_adjusted","confirmation","null10"
"confounded_sparse_n300_t01_r0009","confounded","sparse","paper_adjusted",300,1000,1.3,9,165262279,"ASHMED_Adaptive",0.05,"ok",FALSE,3.84,"","","8c1116d04bf13df4b4feca7a16f8b441",11,0,11,22,0,0.5,"paper_adjusted","confirmation","null10"
"binary_sparse_n300_t01_r0009","binary","sparse","paper_adjusted",300,1000,1.3,9,228224096,"ASHMED_Adaptive",0.05,"ok",FALSE,2.31,"","","4db4ed1ec84a71d4da1148428d64aad7",5,0,5,13,0,0.384615384615385,"paper_adjusted","confirmation","null10"
"linear_dense_n300_t01_r0009","linear","dense","paper_adjusted",300,1000,1.3,9,60526811,"ASHMED_Adaptive",0.05,"ok",FALSE,2.9,"","","f35904dee61ff8d6e7828027e4295b2d",170,4,166,219,0.0235294117647059,0.757990867579909,"paper_adjusted","confirmation","null10"
"confounded_dense_n300_t01_r0009","confounded","dense","paper_adjusted",300,1000,1.3,9,77534457,"ASHMED_Adaptive",0.05,"ok",FALSE,1.31,"","","6e9c3dcbc56b8dea0a1a18f951dd114e",169,14,155,211,0.0828402366863905,0.734597156398104,"paper_adjusted","confirmation","null10"
"binary_dense_n300_t01_r0009","binary","dense","paper_adjusted",300,1000,1.3,9,109985445,"ASHMED_Adaptive",0.05,"ok",FALSE,5.55,"","","34ffca2dd3bbc3e29597306f7372db9c",152,10,142,211,0.0657894736842105,0.672985781990521,"paper_adjusted","confirmation","null10"
"linear_sparse_n300_t02_r0009","linear","sparse","paper_adjusted",300,1000,1.5,9,145901807,"ASHMED_Adaptive",0.05,"ok",FALSE,2,"","","d9c01d19aad8f5b33aeac0fc1610b684",7,0,7,14,0,0.5,"paper_adjusted","confirmation","null10"
"confounded_sparse_n300_t02_r0009","confounded","sparse","paper_adjusted",300,1000,1.5,9,90107356,"ASHMED_Adaptive",0.05,"ok",FALSE,2.09,"","","3c13900b8a9273038516fa2faae2c0a9",14,0,14,22,0,0.636363636363636,"paper_adjusted","confirmation","null10"
"binary_sparse_n300_t02_r0009","binary","sparse","paper_adjusted",300,1000,1.5,9,156240950,"ASHMED_Adaptive",0.05,"ok",FALSE,2.39,"","","4e3d241d98b86d913703e3e81aeb1c4e",7,0,7,16,0,0.4375,"paper_adjusted","confirmation","null10"
"linear_dense_n300_t02_r0009","linear","dense","paper_adjusted",300,1000,1.5,9,172297180,"ASHMED_Adaptive",0.05,"ok",FALSE,1.69,"","","0ae7197bf8eb224da1c3fc54dd6833eb",161,5,156,196,0.031055900621118,0.795918367346939,"paper_adjusted","confirmation","null10"
"confounded_dense_n300_t02_r0009","confounded","dense","paper_adjusted",300,1000,1.5,9,120084552,"ASHMED_Adaptive",0.05,"ok",FALSE,0.64,"","","f44a0b6b5534c0ccc086edc49a91aef3",156,9,147,186,0.0576923076923077,0.790322580645161,"paper_adjusted","confirmation","null10"
"binary_dense_n300_t02_r0009","binary","dense","paper_adjusted",300,1000,1.5,9,142460817,"ASHMED_Adaptive",0.05,"ok",FALSE,0.69,"","","c94d595f22c1357826c29eb148a1b2be",177,10,167,198,0.0564971751412429,0.843434343434343,"paper_adjusted","confirmation","null10"
"linear_sparse_n300_t03_r0009","linear","sparse","paper_adjusted",300,1000,1.9,9,155667381,"ASHMED_Adaptive",0.05,"ok",FALSE,0.640000000000001,"","","6a9d33d420ec203750c79b070eab2f8a",25,1,24,25,0.04,0.96,"paper_adjusted","confirmation","null10"
"confounded_sparse_n300_t03_r0009","confounded","sparse","paper_adjusted",300,1000,1.9,9,19511273,"ASHMED_Adaptive",0.05,"ok",FALSE,0.58,"","","52581801028fd1e4a2e6c01ec8537905",16,0,16,18,0,0.888888888888889,"paper_adjusted","confirmation","null10"
"binary_sparse_n300_t03_r0009","binary","sparse","paper_adjusted",300,1000,1.9,9,37604745,"ASHMED_Adaptive",0.05,"ok",FALSE,0.539999999999999,"","","ab23f81ba54db99cab6b444a2fbf86f4",21,0,21,23,0,0.91304347826087,"paper_adjusted","confirmation","null10"
"linear_dense_n300_t03_r0009","linear","dense","paper_adjusted",300,1000,1.9,9,17803050,"ASHMED_Adaptive",0.05,"ok",FALSE,2.21,"","","172dcd8459b476518c293b561c531233",184,14,170,189,0.0760869565217391,0.899470899470899,"paper_adjusted","confirmation","null10"
"confounded_dense_n300_t03_r0009","confounded","dense","paper_adjusted",300,1000,1.9,9,50826736,"ASHMED_Adaptive",0.05,"ok",FALSE,8.06,"","","98d6bb0fb899b23813052c49911747e6",192,11,181,187,0.0572916666666667,0.967914438502674,"paper_adjusted","confirmation","null10"
"binary_dense_n300_t03_r0009","binary","dense","paper_adjusted",300,1000,1.9,9,209670366,"ASHMED_Adaptive",0.05,"ok",FALSE,1.06,"","","05b80d93a5ba512365246e6e39a0f863",193,10,183,192,0.0518134715025907,0.953125,"paper_adjusted","confirmation","null10"
"linear_sparse_n300_t01_r0010","linear","sparse","paper_adjusted",300,1000,1.3,10,140886206,"ASHMED_Adaptive",0.05,"ok",FALSE,2.02,"","","ed525c8e1580f0e951a6a4dcd2dd61dd",6,1,5,24,0.166666666666667,0.208333333333333,"paper_adjusted","confirmation","null10"
"confounded_sparse_n300_t01_r0010","confounded","sparse","paper_adjusted",300,1000,1.3,10,266927061,"ASHMED_Adaptive",0.05,"ok",FALSE,1.67,"","","f39f46bc25f512af09fa66eaf2295e06",3,0,3,23,0,0.130434782608696,"paper_adjusted","confirmation","null10"
"binary_sparse_n300_t01_r0010","binary","sparse","paper_adjusted",300,1000,1.3,10,219416018,"ASHMED_Adaptive",0.05,"ok",FALSE,1.56,"","","6e75084c9634eb0209363787233bb100",20,1,19,25,0.05,0.76,"paper_adjusted","confirmation","null10"
"linear_dense_n300_t01_r0010","linear","dense","paper_adjusted",300,1000,1.3,10,107804595,"ASHMED_Adaptive",0.05,"ok",FALSE,0.950000000000001,"","","c776734678efd11d849ba26264773100",211,10,201,232,0.0473933649289099,0.866379310344828,"paper_adjusted","confirmation","null10"
"confounded_dense_n300_t01_r0010","confounded","dense","paper_adjusted",300,1000,1.3,10,237537235,"ASHMED_Adaptive",0.05,"ok",FALSE,12.56,"","","2ea4571c15bee6a729b5cf3948fe3e21",121,4,117,210,0.0330578512396694,0.557142857142857,"paper_adjusted","confirmation","null10"
"binary_dense_n300_t01_r0010","binary","dense","paper_adjusted",300,1000,1.3,10,236151310,"ASHMED_Adaptive",0.05,"ok",FALSE,2.42,"","","06883f688fef261cc8a8bbab38a75409",138,5,133,205,0.036231884057971,0.648780487804878,"paper_adjusted","confirmation","null10"
"linear_sparse_n300_t02_r0010","linear","sparse","paper_adjusted",300,1000,1.5,10,176942814,"ASHMED_Adaptive",0.05,"ok",FALSE,0.559999999999999,"","","366fcf4746bb51ac0d3b5fcebf3bc1ed",14,1,13,16,0.0714285714285714,0.8125,"paper_adjusted","confirmation","null10"
"confounded_sparse_n300_t02_r0010","confounded","sparse","paper_adjusted",300,1000,1.5,10,82975549,"ASHMED_Adaptive",0.05,"ok",FALSE,1.06,"","","5aed40c63c76326681beef7c0bbc3c66",12,0,12,20,0,0.6,"paper_adjusted","confirmation","null10"
"binary_sparse_n300_t02_r0010","binary","sparse","paper_adjusted",300,1000,1.5,10,250882807,"ASHMED_Adaptive",0.05,"ok",FALSE,2.07,"","","3c794523ee963577f1ae5f9bd586dad6",11,1,10,22,0.0909090909090909,0.454545454545455,"paper_adjusted","confirmation","null10"
"linear_dense_n300_t02_r0010","linear","dense","paper_adjusted",300,1000,1.5,10,32823322,"ASHMED_Adaptive",0.05,"ok",FALSE,2.19,"","","701e896db008b08476f68de1bc4adb67",158,7,151,207,0.0443037974683544,0.729468599033816,"paper_adjusted","confirmation","null10"
"confounded_dense_n300_t02_r0010","confounded","dense","paper_adjusted",300,1000,1.5,10,4822906,"ASHMED_Adaptive",0.05,"ok",FALSE,0.98,"","","dbc54fd50f79db26be3c414d7d6bd01d",175,10,165,205,0.0571428571428571,0.804878048780488,"paper_adjusted","confirmation","null10"
"binary_dense_n300_t02_r0010","binary","dense","paper_adjusted",300,1000,1.5,10,212239450,"ASHMED_Adaptive",0.05,"ok",FALSE,1.13,"","","442f4cc156ffcc39b250c34cf434c3e5",171,7,164,217,0.0409356725146199,0.755760368663594,"paper_adjusted","confirmation","null10"
"linear_sparse_n300_t03_r0010","linear","sparse","paper_adjusted",300,1000,1.9,10,98830660,"ASHMED_Adaptive",0.05,"ok",FALSE,0.880000000000003,"","","97451fa9c2f0ea7f1f2d9eb2c4b1f080",16,1,15,19,0.0625,0.789473684210526,"paper_adjusted","confirmation","null10"
"confounded_sparse_n300_t03_r0010","confounded","sparse","paper_adjusted",300,1000,1.9,10,164746765,"ASHMED_Adaptive",0.05,"ok",FALSE,0.539999999999999,"","","bc078be056ddf5f200dc6e52378401d2",26,1,25,26,0.0384615384615385,0.961538461538462,"paper_adjusted","confirmation","null10"
"binary_sparse_n300_t03_r0010","binary","sparse","paper_adjusted",300,1000,1.9,10,241255075,"ASHMED_Adaptive",0.05,"ok",FALSE,1.59,"","","bc41c6f290d8dd36ad030e8d00099400",13,0,13,17,0,0.764705882352941,"paper_adjusted","confirmation","null10"
"linear_dense_n300_t03_r0010","linear","dense","paper_adjusted",300,1000,1.9,10,88402562,"ASHMED_Adaptive",0.05,"ok",FALSE,3.36,"","","10c6ed84e71c3fc0912cc1167a69d9eb",179,8,171,186,0.0446927374301676,0.919354838709677,"paper_adjusted","confirmation","null10"
"confounded_dense_n300_t03_r0010","confounded","dense","paper_adjusted",300,1000,1.9,10,247456714,"ASHMED_Adaptive",0.05,"ok",FALSE,0.969999999999999,"","","7e9b2477448cd7830e6346b7eeb2de56",196,9,187,196,0.0459183673469388,0.954081632653061,"paper_adjusted","confirmation","null10"
"binary_dense_n300_t03_r0010","binary","dense","paper_adjusted",300,1000,1.9,10,187884150,"ASHMED_Adaptive",0.05,"ok",FALSE,1.61,"","","c5f22ac9fd80f9b3e5eac3b2b2f6aa2f",182,8,174,187,0.043956043956044,0.93048128342246,"paper_adjusted","confirmation","null10"
"linear_sparse_n300_t01_r0011","linear","sparse","paper_adjusted",300,1000,1.3,11,36126080,"ASHMED_Adaptive",0.05,"ok",FALSE,1.7,"","","65a9158aec8425eeb838fa2b8a315daf",9,0,9,18,0,0.5,"paper_adjusted","confirmation","null10"
"confounded_sparse_n300_t01_r0011","confounded","sparse","paper_adjusted",300,1000,1.3,11,50125100,"ASHMED_Adaptive",0.05,"ok",FALSE,2.05,"","","f29988744853c2888654a82e49445ce7",1,0,1,10,0,0.1,"paper_adjusted","confirmation","null10"
"binary_sparse_n300_t01_r0011","binary","sparse","paper_adjusted",300,1000,1.3,11,192646908,"ASHMED_Adaptive",0.05,"ok",FALSE,1.19,"","","81f24dfe3e2a367220824e95380d362d",10,1,9,21,0.1,0.428571428571429,"paper_adjusted","confirmation","null10"
"linear_dense_n300_t01_r0011","linear","dense","paper_adjusted",300,1000,1.3,11,86093870,"ASHMED_Adaptive",0.05,"ok",FALSE,1.23,"","","53c4697416cdff7dce9284ca08289d4c",157,10,147,207,0.0636942675159236,0.710144927536232,"paper_adjusted","confirmation","null10"
"confounded_dense_n300_t01_r0011","confounded","dense","paper_adjusted",300,1000,1.3,11,163927055,"ASHMED_Adaptive",0.05,"ok",FALSE,2.02,"","","ed6117a3c749ffd03c402cd0b388588e",148,8,140,204,0.0540540540540541,0.686274509803922,"paper_adjusted","confirmation","null10"
"binary_dense_n300_t01_r0011","binary","dense","paper_adjusted",300,1000,1.3,11,30923975,"ASHMED_Adaptive",0.05,"ok",FALSE,1.19,"","","08b26952d6f9459cfb0dbcd1c7b0bb9c",110,6,104,188,0.0545454545454545,0.553191489361702,"paper_adjusted","confirmation","null10"
"linear_sparse_n300_t02_r0011","linear","sparse","paper_adjusted",300,1000,1.5,11,222763503,"ASHMED_Adaptive",0.05,"ok",FALSE,1.02,"","","de18328b6ed1ef955bd95f253f67f094",16,0,16,24,0,0.666666666666667,"paper_adjusted","confirmation","null10"
"confounded_sparse_n300_t02_r0011","confounded","sparse","paper_adjusted",300,1000,1.5,11,39676855,"ASHMED_Adaptive",0.05,"ok",FALSE,0.839999999999996,"","","db315b8ae18d7b8b6283a37c42c1e75f",6,1,5,13,0.166666666666667,0.384615384615385,"paper_adjusted","confirmation","null10"
"binary_sparse_n300_t02_r0011","binary","sparse","paper_adjusted",300,1000,1.5,11,138412866,"ASHMED_Adaptive",0.05,"ok",FALSE,1.31,"","","20238eebb034c878be6b26341e495aca",12,0,12,20,0,0.6,"paper_adjusted","confirmation","null10"
"linear_dense_n300_t02_r0011","linear","dense","paper_adjusted",300,1000,1.5,11,234090260,"ASHMED_Adaptive",0.05,"ok",FALSE,0.68,"","","333b31c764c69f5b7b60ed88396892f9",197,10,187,208,0.050761421319797,0.899038461538462,"paper_adjusted","confirmation","null10"
"confounded_dense_n300_t02_r0011","confounded","dense","paper_adjusted",300,1000,1.5,11,123577974,"ASHMED_Adaptive",0.05,"ok",FALSE,0.600000000000001,"","","ddc38d12bde851478865449204aa5eba",163,13,150,194,0.0797546012269939,0.77319587628866,"paper_adjusted","confirmation","null10"
"binary_dense_n300_t02_r0011","binary","dense","paper_adjusted",300,1000,1.5,11,78663835,"ASHMED_Adaptive",0.05,"ok",FALSE,1.3,"","","c4a5232abb8428be910b697ba74f3999",181,11,170,197,0.0607734806629834,0.862944162436548,"paper_adjusted","confirmation","null10"
"linear_sparse_n300_t03_r0011","linear","sparse","paper_adjusted",300,1000,1.9,11,215808894,"ASHMED_Adaptive",0.05,"ok",FALSE,1.11,"","","375e23e1bd6f3a0b2e5c77ba666b9ed8",19,1,18,22,0.0526315789473684,0.818181818181818,"paper_adjusted","confirmation","null10"
"confounded_sparse_n300_t03_r0011","confounded","sparse","paper_adjusted",300,1000,1.9,11,110117734,"ASHMED_Adaptive",0.05,"ok",FALSE,1.32,"","","fe9b087fd45b6316937c36e5ea81bb2e",16,1,15,24,0.0625,0.625,"paper_adjusted","confirmation","null10"
"binary_sparse_n300_t03_r0011","binary","sparse","paper_adjusted",300,1000,1.9,11,61079019,"ASHMED_Adaptive",0.05,"ok",FALSE,1.31,"","","ad3efebd8437037977b6b319b50310c1",16,0,16,19,0,0.842105263157895,"paper_adjusted","confirmation","null10"
"linear_dense_n300_t03_r0011","linear","dense","paper_adjusted",300,1000,1.9,11,72725005,"ASHMED_Adaptive",0.05,"ok",FALSE,3.64,"","","667e9bfe963b6e17b76898555ac3f186",184,10,174,186,0.0543478260869565,0.935483870967742,"paper_adjusted","confirmation","null10"
"confounded_dense_n300_t03_r0011","confounded","dense","paper_adjusted",300,1000,1.9,11,267660904,"ASHMED_Adaptive",0.05,"ok",FALSE,10.06,"","","3b778bd12b01f7e862bc618e771d0db0",220,7,213,219,0.0318181818181818,0.972602739726027,"paper_adjusted","confirmation","null10"
"binary_dense_n300_t03_r0011","binary","dense","paper_adjusted",300,1000,1.9,11,73424719,"ASHMED_Adaptive",0.05,"ok",FALSE,2.5,"","","fa26223cde4293cb1d8e02ec91d7b4c4",196,7,189,195,0.0357142857142857,0.969230769230769,"paper_adjusted","confirmation","null10"
"linear_sparse_n300_t01_r0012","linear","sparse","paper_adjusted",300,1000,1.3,12,201848793,"ASHMED_Adaptive",0.05,"ok",FALSE,3.63,"","","f14a6a340dd45a14bd8aa583e798751f",13,1,12,19,0.0769230769230769,0.631578947368421,"paper_adjusted","confirmation","null10"
"confounded_sparse_n300_t01_r0012","confounded","sparse","paper_adjusted",300,1000,1.3,12,220910518,"ASHMED_Adaptive",0.05,"ok",FALSE,1.33000000000001,"","","ad73a410a319295c1d5bc01713ffd18e",11,0,11,19,0,0.578947368421053,"paper_adjusted","confirmation","null10"
"binary_sparse_n300_t01_r0012","binary","sparse","paper_adjusted",300,1000,1.3,12,107284408,"ASHMED_Adaptive",0.05,"ok",FALSE,0.75,"","","eed38c06b468820f8ad27ddfa1c3d6b9",7,1,6,18,0.142857142857143,0.333333333333333,"paper_adjusted","confirmation","null10"
"linear_dense_n300_t01_r0012","linear","dense","paper_adjusted",300,1000,1.3,12,36277315,"ASHMED_Adaptive",0.05,"ok",FALSE,0.75,"","","8f61300c50fdc336bc1d6ee9509b0a5a",127,4,123,173,0.031496062992126,0.710982658959538,"paper_adjusted","confirmation","null10"
"confounded_dense_n300_t01_r0012","confounded","dense","paper_adjusted",300,1000,1.3,12,222579121,"ASHMED_Adaptive",0.05,"ok",FALSE,1.05,"","","9dda6b0a432e5f816ac7f8eaa145126f",134,10,124,195,0.0746268656716418,0.635897435897436,"paper_adjusted","confirmation","null10"
"binary_dense_n300_t01_r0012","binary","dense","paper_adjusted",300,1000,1.3,12,111191420,"ASHMED_Adaptive",0.05,"ok",FALSE,1.4,"","","8212942463ebb2e46e16c2439885d615",148,11,137,189,0.0743243243243243,0.724867724867725,"paper_adjusted","confirmation","null10"
"linear_sparse_n300_t02_r0012","linear","sparse","paper_adjusted",300,1000,1.5,12,218481438,"ASHMED_Adaptive",0.05,"ok",FALSE,1.33000000000001,"","","4551eefc1579fe0f5831ecee53623988",10,1,9,13,0.1,0.692307692307692,"paper_adjusted","confirmation","null10"
"confounded_sparse_n300_t02_r0012","confounded","sparse","paper_adjusted",300,1000,1.5,12,94563371,"ASHMED_Adaptive",0.05,"ok",FALSE,0.670000000000002,"","","4ea02146b48a15f672ad82cb99fa4705",18,0,18,24,0,0.75,"paper_adjusted","confirmation","null10"
"binary_sparse_n300_t02_r0012","binary","sparse","paper_adjusted",300,1000,1.5,12,54830902,"ASHMED_Adaptive",0.05,"ok",FALSE,0.75,"","","db56509e11fdaa60734002a40bc9a270",14,0,14,21,0,0.666666666666667,"paper_adjusted","confirmation","null10"
"linear_dense_n300_t02_r0012","linear","dense","paper_adjusted",300,1000,1.5,12,189687734,"ASHMED_Adaptive",0.05,"ok",FALSE,1.19,"","","810b157e6e3b7b19da547c8050783b4f",169,8,161,191,0.0473372781065089,0.842931937172775,"paper_adjusted","confirmation","null10"
"confounded_dense_n300_t02_r0012","confounded","dense","paper_adjusted",300,1000,1.5,12,235699983,"ASHMED_Adaptive",0.05,"ok",FALSE,1.98,"","","79b0e80acafd00d042bce73f97d19bf9",157,6,151,192,0.0382165605095541,0.786458333333333,"paper_adjusted","confirmation","null10"
"binary_dense_n300_t02_r0012","binary","dense","paper_adjusted",300,1000,1.5,12,67511930,"ASHMED_Adaptive",0.05,"ok",FALSE,0.759999999999998,"","","40fcfd9c089776dc74ee18e0c38af846",192,13,179,208,0.0677083333333333,0.860576923076923,"paper_adjusted","confirmation","null10"
"linear_sparse_n300_t03_r0012","linear","sparse","paper_adjusted",300,1000,1.9,12,228304345,"ASHMED_Adaptive",0.05,"ok",FALSE,0.630000000000003,"","","33407a8ee7137f031c9fb570e37da295",22,1,21,24,0.0454545454545455,0.875,"paper_adjusted","confirmation","null10"
"confounded_sparse_n300_t03_r0012","confounded","sparse","paper_adjusted",300,1000,1.9,12,160802140,"ASHMED_Adaptive",0.05,"ok",FALSE,0.549999999999997,"","","5079164b3fca16a238547537cbba4d5d",17,0,17,23,0,0.739130434782609,"paper_adjusted","confirmation","null10"
"binary_sparse_n300_t03_r0012","binary","sparse","paper_adjusted",300,1000,1.9,12,21103981,"ASHMED_Adaptive",0.05,"ok",FALSE,0.609999999999999,"","","38002492e3c826ea23848bcea0290688",14,0,14,17,0,0.823529411764706,"paper_adjusted","confirmation","null10"
"linear_dense_n300_t03_r0012","linear","dense","paper_adjusted",300,1000,1.9,12,104926843,"ASHMED_Adaptive",0.05,"ok",FALSE,11.64,"","","c2f6964a9c737c2f0ec7c9fa6d26d393",194,5,189,193,0.0257731958762887,0.979274611398964,"paper_adjusted","confirmation","null10"
"confounded_dense_n300_t03_r0012","confounded","dense","paper_adjusted",300,1000,1.9,12,146013129,"ASHMED_Adaptive",0.05,"ok",FALSE,12.5,"","","70e1b4b782853db3ee63fa402157a7db",199,13,186,189,0.0653266331658292,0.984126984126984,"paper_adjusted","confirmation","null10"
"binary_dense_n300_t03_r0012","binary","dense","paper_adjusted",300,1000,1.9,12,122055263,"ASHMED_Adaptive",0.05,"ok",FALSE,1.36,"","","44b88a4684102634fd87e7a553272e7a",175,3,172,182,0.0171428571428571,0.945054945054945,"paper_adjusted","confirmation","null10"
"linear_sparse_n300_t01_r0009","linear","sparse","teaching_fixed",300,1000,1.3,9,218037109,"HDMT",0.05,"ok",TRUE,0.0300000000000011,"ties should not be present for the one-sample Kolmogorov-Smirnov test","","e5b50030cc15d48a0ccf4c1f3abdf0c7",1,0,1,20,0,0.05,"teaching_fixed","confirmation","null10"
"linear_sparse_n300_t01_r0009","linear","sparse","teaching_fixed",300,1000,1.3,9,218037109,"MDACT",0.05,"ok",TRUE,0.019999999999996,"ties should not be present for the one-sample Kolmogorov-Smirnov test","","7b6f6459055f6fe37063d05e0ad0996b",1,0,1,20,0,0.05,"teaching_fixed","confirmation","null10"
"linear_sparse_n300_t01_r0009","linear","sparse","teaching_fixed",300,1000,1.3,9,218037109,"MLFDR",0.05,"ok",TRUE,0.82,"","","162ece7ea369cec1b71d8554103daa17",3,0,3,20,0,0.15,"teaching_fixed","confirmation","null10"
"linear_sparse_n300_t01_r0009","linear","sparse","teaching_fixed",300,1000,1.3,9,218037109,"ASHMED",0.05,"ok",TRUE,0.460000000000001,"","","2c331213829c72990c24a4208a1c54d2",0,0,0,20,0,0,"teaching_fixed","confirmation","null10"
"confounded_sparse_n300_t01_r0009","confounded","sparse","teaching_fixed",300,1000,1.3,9,106581991,"HDMT",0.05,"ok",TRUE,0.0300000000000011,"ties should not be present for the one-sample Kolmogorov-Smirnov test","","ee2bdb463396e36916b0b678d45a8d4c",2,0,2,20,0,0.1,"teaching_fixed","confirmation","null10"
"confounded_sparse_n300_t01_r0009","confounded","sparse","teaching_fixed",300,1000,1.3,9,106581991,"MDACT",0.05,"ok",TRUE,0,"ties should not be present for the one-sample Kolmogorov-Smirnov test","","f1c9d92278db2d97789e5617053612d3",2,0,2,20,0,0.1,"teaching_fixed","confirmation","null10"
"confounded_sparse_n300_t01_r0009","confounded","sparse","teaching_fixed",300,1000,1.3,9,106581991,"MLFDR",0.05,"ok",TRUE,0.359999999999999,"","","59c4558237a4ec6158961d642d9c2c93",8,0,8,20,0,0.4,"teaching_fixed","confirmation","null10"
"confounded_sparse_n300_t01_r0009","confounded","sparse","teaching_fixed",300,1000,1.3,9,106581991,"ASHMED",0.05,"ok",TRUE,0.530000000000001,"","","058c9892477b63f9f0fafb7111862663",0,0,0,20,0,0,"teaching_fixed","confirmation","null10"
"binary_sparse_n300_t01_r0009","binary","sparse","teaching_fixed",300,1000,1.3,9,77178130,"HDMT",0.05,"ok",TRUE,0.00999999999999801,"","","2b9a08850abb7e03eebb586eabef6d79",12,1,11,20,0.0833333333333333,0.55,"teaching_fixed","confirmation","null10"
"binary_sparse_n300_t01_r0009","binary","sparse","teaching_fixed",300,1000,1.3,9,77178130,"MDACT",0.05,"ok",TRUE,0.00999999999999801,"","","62e9473b058878946f9ee10abdaeb3f3",18,4,14,20,0.222222222222222,0.7,"teaching_fixed","confirmation","null10"
"binary_sparse_n300_t01_r0009","binary","sparse","teaching_fixed",300,1000,1.3,9,77178130,"MLFDR",0.05,"ok",TRUE,0.390000000000001,"","","2ca70eb7bcb06606e5daf4b6f00a2ab6",14,1,13,20,0.0714285714285714,0.65,"teaching_fixed","confirmation","null10"
"binary_sparse_n300_t01_r0009","binary","sparse","teaching_fixed",300,1000,1.3,9,77178130,"ASHMED",0.05,"ok",TRUE,17.89,"","","7846ce6576e30ecfb5fe8d9d2a965afc",10,0,10,20,0,0.5,"teaching_fixed","confirmation","null10"
"linear_dense_n300_t01_r0009","linear","dense","teaching_fixed",300,1000,1.3,9,189822594,"HDMT",0.05,"ok",TRUE,0.0300000000000011,"ties should not be present for the one-sample Kolmogorov-Smirnov test","","b835532891f9d6c90458a7822fa089b3",72,4,68,200,0.0555555555555556,0.34,"teaching_fixed","confirmation","null10"
"linear_dense_n300_t01_r0009","linear","dense","teaching_fixed",300,1000,1.3,9,189822594,"MDACT",0.05,"ok",TRUE,0.00999999999999801,"ties should not be present for the one-sample Kolmogorov-Smirnov test","","d70e9c1c330fb85d296716f6c53e0920",79,5,74,200,0.0632911392405063,0.37,"teaching_fixed","confirmation","null10"
"linear_dense_n300_t01_r0009","linear","dense","teaching_fixed",300,1000,1.3,9,189822594,"MLFDR",0.05,"ok",TRUE,0.509999999999998,"","","c97377bd65da942e548176eac1fa63eb",123,9,114,200,0.0731707317073171,0.57,"teaching_fixed","confirmation","null10"
"linear_dense_n300_t01_r0009","linear","dense","teaching_fixed",300,1000,1.3,9,189822594,"ASHMED",0.05,"ok",TRUE,0.279999999999994,"","","293623762b90375e49b2b388ecc46525",30,0,30,200,0,0.15,"teaching_fixed","confirmation","null10"
"confounded_dense_n300_t01_r0009","confounded","dense","teaching_fixed",300,1000,1.3,9,183673903,"HDMT",0.05,"ok",TRUE,0.0300000000000011,"ties should not be present for the one-sample Kolmogorov-Smirnov test","","e2edc6fc4f6c27257ebeaf38753237b4",82,0,82,200,0,0.41,"teaching_fixed","confirmation","null10"
"confounded_dense_n300_t01_r0009","confounded","dense","teaching_fixed",300,1000,1.3,9,183673903,"MDACT",0.05,"ok",TRUE,0,"ties should not be present for the one-sample Kolmogorov-Smirnov test","","cd69ed3691c6d9dc4a2c6f5dd9057130",99,3,96,200,0.0303030303030303,0.48,"teaching_fixed","confirmation","null10"
"confounded_dense_n300_t01_r0009","confounded","dense","teaching_fixed",300,1000,1.3,9,183673903,"MLFDR",0.05,"ok",TRUE,0.5,"","","3351004b42f471b2fdd7412471d69b5a",146,5,141,200,0.0342465753424658,0.705,"teaching_fixed","confirmation","null10"
"confounded_dense_n300_t01_r0009","confounded","dense","teaching_fixed",300,1000,1.3,9,183673903,"ASHMED",0.05,"ok",TRUE,0.309999999999995,"","","fa49b1f5e001fdf2f24809ae151628e7",42,0,42,200,0,0.21,"teaching_fixed","confirmation","null10"
"binary_dense_n300_t01_r0009","binary","dense","teaching_fixed",300,1000,1.3,9,141024967,"HDMT",0.05,"ok",TRUE,0.00999999999999801,"","","bf2b71ecbc68961c147e110bfe04e54a",74,2,72,200,0.027027027027027,0.36,"teaching_fixed","confirmation","null10"
"binary_dense_n300_t01_r0009","binary","dense","teaching_fixed",300,1000,1.3,9,141024967,"MDACT",0.05,"ok",TRUE,0.00999999999999801,"","","843f00aacc463887f3fc81d88a21c73e",85,3,82,200,0.0352941176470588,0.41,"teaching_fixed","confirmation","null10"
"binary_dense_n300_t01_r0009","binary","dense","teaching_fixed",300,1000,1.3,9,141024967,"MLFDR",0.05,"ok",TRUE,0.310000000000002,"","","0c1ccc9871f2aa32ba01d8f64579fe1c",143,8,135,200,0.0559440559440559,0.675,"teaching_fixed","confirmation","null10"
"binary_dense_n300_t01_r0009","binary","dense","teaching_fixed",300,1000,1.3,9,141024967,"ASHMED",0.05,"ok",TRUE,1.12,"","","57129c81f0a95ec31ec90235c97504b6",75,3,72,200,0.04,0.36,"teaching_fixed","confirmation","null10"
"linear_sparse_n300_t02_r0009","linear","sparse","teaching_fixed",300,1000,1.5,9,49032960,"HDMT",0.05,"ok",TRUE,0.00999999999999801,"ties should not be present for the one-sample Kolmogorov-Smirnov test","","cfc272030499a740e1bec1413b0058a6",4,0,4,20,0,0.2,"teaching_fixed","confirmation","null10"
"linear_sparse_n300_t02_r0009","linear","sparse","teaching_fixed",300,1000,1.5,9,49032960,"MDACT",0.05,"ok",TRUE,0.00999999999999801,"ties should not be present for the one-sample Kolmogorov-Smirnov test","","b3d9d1f2625d279563be1fd62251519d",3,0,3,20,0,0.15,"teaching_fixed","confirmation","null10"
"linear_sparse_n300_t02_r0009","linear","sparse","teaching_fixed",300,1000,1.5,9,49032960,"MLFDR",0.05,"ok",TRUE,0.419999999999995,"","","484e8e4f823242503c0811bf64df121f",9,0,9,20,0,0.45,"teaching_fixed","confirmation","null10"
"linear_sparse_n300_t02_r0009","linear","sparse","teaching_fixed",300,1000,1.5,9,49032960,"ASHMED",0.05,"ok",TRUE,0.310000000000002,"","","4b427bbcd66b22b3d845a701c7a7d784",2,0,2,20,0,0.1,"teaching_fixed","confirmation","null10"
"confounded_sparse_n300_t02_r0009","confounded","sparse","teaching_fixed",300,1000,1.5,9,224239896,"HDMT",0.05,"ok",TRUE,0.0200000000000031,"ties should not be present for the one-sample Kolmogorov-Smirnov test","","8b5ca024f214afcc9ba31f6b5f35da23",2,0,2,20,0,0.1,"teaching_fixed","confirmation","null10"
"confounded_sparse_n300_t02_r0009","confounded","sparse","teaching_fixed",300,1000,1.5,9,224239896,"MDACT",0.05,"ok",TRUE,0.019999999999996,"ties should not be present for the one-sample Kolmogorov-Smirnov test","","283a0fa7975268ba2ee40c926487a932",7,0,7,20,0,0.35,"teaching_fixed","confirmation","null10"
"confounded_sparse_n300_t02_r0009","confounded","sparse","teaching_fixed",300,1000,1.5,9,224239896,"MLFDR",0.05,"ok",TRUE,0.170000000000002,"","","95f672ee67a247dfdfb5678322f40c00",13,0,13,20,0,0.65,"teaching_fixed","confirmation","null10"
"confounded_sparse_n300_t02_r0009","confounded","sparse","teaching_fixed",300,1000,1.5,9,224239896,"ASHMED",0.05,"ok",TRUE,0.299999999999997,"","","1b5c955894e26489feb37fe7ffdeb998",2,0,2,20,0,0.1,"teaching_fixed","confirmation","null10"
"binary_sparse_n300_t02_r0009","binary","sparse","teaching_fixed",300,1000,1.5,9,156739578,"HDMT",0.05,"ok",TRUE,0.00999999999999801,"","","5486e29c4d24b653c49a7e5654fc3e2b",6,0,6,20,0,0.3,"teaching_fixed","confirmation","null10"
"binary_sparse_n300_t02_r0009","binary","sparse","teaching_fixed",300,1000,1.5,9,156739578,"MDACT",0.05,"ok",TRUE,0.0200000000000031,"","","3b683a8d36d40ddb1636a21c486f9c68",6,1,5,20,0.166666666666667,0.25,"teaching_fixed","confirmation","null10"
"binary_sparse_n300_t02_r0009","binary","sparse","teaching_fixed",300,1000,1.5,9,156739578,"MLFDR",0.05,"ok",TRUE,1.13,"","","4977cbc080a8274ac3dd3b68095d414c",15,2,13,20,0.133333333333333,0.65,"teaching_fixed","confirmation","null10"
"binary_sparse_n300_t02_r0009","binary","sparse","teaching_fixed",300,1000,1.5,9,156739578,"ASHMED",0.05,"ok",TRUE,0.310000000000002,"","","1fbf31b57e724afb1e52d83a46e6251c",9,0,9,20,0,0.45,"teaching_fixed","confirmation","null10"
"linear_dense_n300_t02_r0009","linear","dense","teaching_fixed",300,1000,1.5,9,254583219,"HDMT",0.05,"ok",TRUE,0.029999999999994,"ties should not be present for the one-sample Kolmogorov-Smirnov test","","68f1c60a82b4550970919ff78d415413",125,6,119,200,0.048,0.595,"teaching_fixed","confirmation","null10"
"linear_dense_n300_t02_r0009","linear","dense","teaching_fixed",300,1000,1.5,9,254583219,"MDACT",0.05,"ok",TRUE,0,"ties should not be present for the one-sample Kolmogorov-Smirnov test","","ec8dea2b12506c35b998ce5b71bb8187",131,6,125,200,0.0458015267175573,0.625,"teaching_fixed","confirmation","null10"
"linear_dense_n300_t02_r0009","linear","dense","teaching_fixed",300,1000,1.5,9,254583219,"MLFDR",0.05,"ok",TRUE,0.170000000000002,"","","4244538c305efb9d503c7dfb934f502a",176,6,170,200,0.0340909090909091,0.85,"teaching_fixed","confirmation","null10"
"linear_dense_n300_t02_r0009","linear","dense","teaching_fixed",300,1000,1.5,9,254583219,"ASHMED",0.05,"ok",TRUE,0.560000000000002,"","","14a4bb92fec262638827ec6f850e3ad9",83,1,82,200,0.0120481927710843,0.41,"teaching_fixed","confirmation","null10"
"confounded_dense_n300_t02_r0009","confounded","dense","teaching_fixed",300,1000,1.5,9,107246696,"HDMT",0.05,"ok",TRUE,0.00999999999999801,"ties should not be present for the one-sample Kolmogorov-Smirnov test","","b335953c63480dcb76ad6fab983536e4",103,1,102,200,0.00970873786407767,0.51,"teaching_fixed","confirmation","null10"
"confounded_dense_n300_t02_r0009","confounded","dense","teaching_fixed",300,1000,1.5,9,107246696,"MDACT",0.05,"ok",TRUE,0.00999999999999801,"ties should not be present for the one-sample Kolmogorov-Smirnov test","","eaef2355ecea999777b3dce284695382",108,2,106,200,0.0185185185185185,0.53,"teaching_fixed","confirmation","null10"
"confounded_dense_n300_t02_r0009","confounded","dense","teaching_fixed",300,1000,1.5,9,107246696,"MLFDR",0.05,"ok",TRUE,0.359999999999999,"","","8b877f8f3ad59087fae23f184d8d411f",176,10,166,200,0.0568181818181818,0.83,"teaching_fixed","confirmation","null10"
"confounded_dense_n300_t02_r0009","confounded","dense","teaching_fixed",300,1000,1.5,9,107246696,"ASHMED",0.05,"ok",TRUE,0.200000000000003,"","","adee59feebd9b98b74156e6499b58c5a",78,1,77,200,0.0128205128205128,0.385,"teaching_fixed","confirmation","null10"
"binary_dense_n300_t02_r0009","binary","dense","teaching_fixed",300,1000,1.5,9,184040085,"HDMT",0.05,"ok",TRUE,0.0200000000000031,"","","8900e2c5fff728fb67c3edc466ae758f",116,5,111,200,0.0431034482758621,0.555,"teaching_fixed","confirmation","null10"
"binary_dense_n300_t02_r0009","binary","dense","teaching_fixed",300,1000,1.5,9,184040085,"MDACT",0.05,"ok",TRUE,0.0200000000000031,"","","05f5b36e63abd050b29527c3e6b52eaa",121,4,117,200,0.0330578512396694,0.585,"teaching_fixed","confirmation","null10"
"binary_dense_n300_t02_r0009","binary","dense","teaching_fixed",300,1000,1.5,9,184040085,"MLFDR",0.05,"ok",TRUE,0.32,"","","036d8cfed7245172c134fb65a5eb2be1",165,6,159,200,0.0363636363636364,0.795,"teaching_fixed","confirmation","null10"
"binary_dense_n300_t02_r0009","binary","dense","teaching_fixed",300,1000,1.5,9,184040085,"ASHMED",0.05,"ok",TRUE,0.259999999999998,"","","18a911f738914516ac7e070d0a292650",124,6,118,200,0.0483870967741935,0.59,"teaching_fixed","confirmation","null10"
"linear_sparse_n300_t03_r0009","linear","sparse","teaching_fixed",300,1000,1.9,9,64033774,"HDMT",0.05,"ok",TRUE,0.0300000000000011,"ties should not be present for the one-sample Kolmogorov-Smirnov test","","0c5bbbcbd60ec3dcc12b6b37016067dc",5,0,5,20,0,0.25,"teaching_fixed","confirmation","null10"
"linear_sparse_n300_t03_r0009","linear","sparse","teaching_fixed",300,1000,1.9,9,64033774,"MDACT",0.05,"ok",TRUE,0.00999999999999801,"ties should not be present for the one-sample Kolmogorov-Smirnov test","","5693c57ceb7117393cea55d0f78ddf57",10,0,10,20,0,0.5,"teaching_fixed","confirmation","null10"
"linear_sparse_n300_t03_r0009","linear","sparse","teaching_fixed",300,1000,1.9,9,64033774,"MLFDR",0.05,"ok",TRUE,1.05,"","","500bc078bce4084792927d6c18232c65",16,0,16,20,0,0.8,"teaching_fixed","confirmation","null10"
"linear_sparse_n300_t03_r0009","linear","sparse","teaching_fixed",300,1000,1.9,9,64033774,"ASHMED",0.05,"ok",TRUE,0.310000000000002,"","","6dd39e2a31dca43f90ac5ced30dc9058",6,0,6,20,0,0.3,"teaching_fixed","confirmation","null10"
"confounded_sparse_n300_t03_r0009","confounded","sparse","teaching_fixed",300,1000,1.9,9,29763902,"HDMT",0.05,"ok",TRUE,0.00999999999999801,"ties should not be present for the one-sample Kolmogorov-Smirnov test","","a94dd6241d5643eb42a2f6e27fd3f0b9",15,1,14,20,0.0666666666666667,0.7,"teaching_fixed","confirmation","null10"
"confounded_sparse_n300_t03_r0009","confounded","sparse","teaching_fixed",300,1000,1.9,9,29763902,"MDACT",0.05,"ok",TRUE,0.00999999999999801,"ties should not be present for the one-sample Kolmogorov-Smirnov test","","b5aa09ce6c3af4a987da76cb6dac635e",16,1,15,20,0.0625,0.75,"teaching_fixed","confirmation","null10"
"confounded_sparse_n300_t03_r0009","confounded","sparse","teaching_fixed",300,1000,1.9,9,29763902,"MLFDR",0.05,"ok",TRUE,0.170000000000002,"","","31cb28f31fdb74b0ede0d27162fa8ec2",16,0,16,20,0,0.8,"teaching_fixed","confirmation","null10"
"confounded_sparse_n300_t03_r0009","confounded","sparse","teaching_fixed",300,1000,1.9,9,29763902,"ASHMED",0.05,"ok",TRUE,0.289999999999999,"","","bf3fd64984480951a3438869882343d5",15,1,14,20,0.0666666666666667,0.7,"teaching_fixed","confirmation","null10"
"binary_sparse_n300_t03_r0009","binary","sparse","teaching_fixed",300,1000,1.9,9,197395628,"HDMT",0.05,"ok",TRUE,0.0300000000000011,"","","a8f83b5cdf0e47c4dc6b3be09164547d",15,0,15,20,0,0.75,"teaching_fixed","confirmation","null10"
"binary_sparse_n300_t03_r0009","binary","sparse","teaching_fixed",300,1000,1.9,9,197395628,"MDACT",0.05,"ok",TRUE,0.00999999999999801,"","","6704b721412b0603632016114d58bd39",18,1,17,20,0.0555555555555556,0.85,"teaching_fixed","confirmation","null10"
"binary_sparse_n300_t03_r0009","binary","sparse","teaching_fixed",300,1000,1.9,9,197395628,"MLFDR",0.05,"ok",TRUE,0.160000000000004,"","","cc95929be7cd63b6e6369ff98df87b47",21,1,20,20,0.0476190476190476,1,"teaching_fixed","confirmation","null10"
"binary_sparse_n300_t03_r0009","binary","sparse","teaching_fixed",300,1000,1.9,9,197395628,"ASHMED",0.05,"ok",TRUE,0.210000000000001,"","","1d2f37eb92ed18a797a1f0e8ccb71f99",16,0,16,20,0,0.8,"teaching_fixed","confirmation","null10"
"linear_dense_n300_t03_r0009","linear","dense","teaching_fixed",300,1000,1.9,9,65834373,"HDMT",0.05,"ok",TRUE,0.019999999999996,"ties should not be present for the one-sample Kolmogorov-Smirnov test","","a09ee6ff57d6d6b58d13ba3aa8b03b14",156,6,150,200,0.0384615384615385,0.75,"teaching_fixed","confirmation","null10"
"linear_dense_n300_t03_r0009","linear","dense","teaching_fixed",300,1000,1.9,9,65834373,"MDACT",0.05,"ok",TRUE,0.00999999999999801,"ties should not be present for the one-sample Kolmogorov-Smirnov test","","1cf480bd9030ad857d599a8cf00dbd38",155,5,150,200,0.032258064516129,0.75,"teaching_fixed","confirmation","null10"
"linear_dense_n300_t03_r0009","linear","dense","teaching_fixed",300,1000,1.9,9,65834373,"MLFDR",0.05,"ok",TRUE,0.140000000000001,"","","8125d9d89ce884d17437a6cc61ccf20d",196,13,183,200,0.0663265306122449,0.915,"teaching_fixed","confirmation","null10"
"linear_dense_n300_t03_r0009","linear","dense","teaching_fixed",300,1000,1.9,9,65834373,"ASHMED",0.05,"ok",TRUE,0.410000000000004,"","","5c7c0901a9dd41e66b14bb87cf5e5be5",145,1,144,200,0.00689655172413793,0.72,"teaching_fixed","confirmation","null10"
"confounded_dense_n300_t03_r0009","confounded","dense","teaching_fixed",300,1000,1.9,9,172971181,"HDMT",0.05,"ok",TRUE,0.0300000000000011,"ties should not be present for the one-sample Kolmogorov-Smirnov test","","2e49dffa91dfb53de28f23377d63d1ac",167,12,155,200,0.0718562874251497,0.775,"teaching_fixed","confirmation","null10"
"confounded_dense_n300_t03_r0009","confounded","dense","teaching_fixed",300,1000,1.9,9,172971181,"MDACT",0.05,"ok",TRUE,0.0200000000000031,"ties should not be present for the one-sample Kolmogorov-Smirnov test","","e67d4b1a7b077538d0b8393358433392",177,16,161,200,0.0903954802259887,0.805,"teaching_fixed","confirmation","null10"
"confounded_dense_n300_t03_r0009","confounded","dense","teaching_fixed",300,1000,1.9,9,172971181,"MLFDR",0.05,"ok",TRUE,0.240000000000002,"","","5d89d74a2788bd87737d49723a7cd3ec",196,12,184,200,0.0612244897959184,0.92,"teaching_fixed","confirmation","null10"
"confounded_dense_n300_t03_r0009","confounded","dense","teaching_fixed",300,1000,1.9,9,172971181,"ASHMED",0.05,"ok",TRUE,0.240000000000002,"","","7bcd263a0354e0e7404de17126936b94",130,5,125,200,0.0384615384615385,0.625,"teaching_fixed","confirmation","null10"
"binary_dense_n300_t03_r0009","binary","dense","teaching_fixed",300,1000,1.9,9,214731417,"HDMT",0.05,"ok",TRUE,0.00999999999999801,"","","0617ab402c3a6f7d48657a2c2eda442c",170,8,162,200,0.0470588235294118,0.81,"teaching_fixed","confirmation","null10"
"binary_dense_n300_t03_r0009","binary","dense","teaching_fixed",300,1000,1.9,9,214731417,"MDACT",0.05,"ok",TRUE,0.00999999999999801,"","","2eec4785363cc6e033d7e5f219802297",178,10,168,200,0.0561797752808989,0.84,"teaching_fixed","confirmation","null10"
"binary_dense_n300_t03_r0009","binary","dense","teaching_fixed",300,1000,1.9,9,214731417,"MLFDR",0.05,"ok",TRUE,0.259999999999998,"","","212b8b6d6fbfccfe0d1b2f8e67e23d8e",205,14,191,200,0.0682926829268293,0.955,"teaching_fixed","confirmation","null10"
"binary_dense_n300_t03_r0009","binary","dense","teaching_fixed",300,1000,1.9,9,214731417,"ASHMED",0.05,"ok",TRUE,0.270000000000003,"","","d363fb9c1bcf4a4e9c70c55add9eeafe",178,11,167,200,0.0617977528089888,0.835,"teaching_fixed","confirmation","null10"
"linear_sparse_n300_t01_r0010","linear","sparse","teaching_fixed",300,1000,1.3,10,31656698,"HDMT",0.05,"ok",TRUE,0.0300000000000011,"ties should not be present for the one-sample Kolmogorov-Smirnov test","","9678405006dc80b01409aefcd4fda344",5,1,4,20,0.2,0.2,"teaching_fixed","confirmation","null10"
"linear_sparse_n300_t01_r0010","linear","sparse","teaching_fixed",300,1000,1.3,10,31656698,"MDACT",0.05,"ok",TRUE,0.0200000000000031,"ties should not be present for the one-sample Kolmogorov-Smirnov test","","4d67c3c71163cfc3ca6a38c97cd3e860",5,1,4,20,0.2,0.2,"teaching_fixed","confirmation","null10"
"linear_sparse_n300_t01_r0010","linear","sparse","teaching_fixed",300,1000,1.3,10,31656698,"MLFDR",0.05,"ok",TRUE,0.409999999999997,"","","a1ac540a5e2f3f63006401450177314f",7,1,6,20,0.142857142857143,0.3,"teaching_fixed","confirmation","null10"
"linear_sparse_n300_t01_r0010","linear","sparse","teaching_fixed",300,1000,1.3,10,31656698,"ASHMED",0.05,"ok",TRUE,0.980000000000004,"","","dca91d90d3d2c7eb52b006e7fff25d72",2,0,2,20,0,0.1,"teaching_fixed","confirmation","null10"
"confounded_sparse_n300_t01_r0010","confounded","sparse","teaching_fixed",300,1000,1.3,10,158115245,"HDMT",0.05,"ok",TRUE,0.029999999999994,"ties should not be present for the one-sample Kolmogorov-Smirnov test","","db3de46957fa5256d053472d8b266428",7,1,6,20,0.142857142857143,0.3,"teaching_fixed","confirmation","null10"
"confounded_sparse_n300_t01_r0010","confounded","sparse","teaching_fixed",300,1000,1.3,10,158115245,"MDACT",0.05,"ok",TRUE,0.00999999999999801,"ties should not be present for the one-sample Kolmogorov-Smirnov test","","6cb0f1a50c46e616b366a401852affc9",2,0,2,20,0,0.1,"teaching_fixed","confirmation","null10"
"confounded_sparse_n300_t01_r0010","confounded","sparse","teaching_fixed",300,1000,1.3,10,158115245,"MLFDR",0.05,"ok",TRUE,0.369999999999997,"","","a23aff6e1111cfb7e74383e19df67c42",9,1,8,20,0.111111111111111,0.4,"teaching_fixed","confirmation","null10"
"confounded_sparse_n300_t01_r0010","confounded","sparse","teaching_fixed",300,1000,1.3,10,158115245,"ASHMED",0.05,"ok",TRUE,0.330000000000005,"","","00cafa5fbc709df557832ddf479ca5b6",2,0,2,20,0,0.1,"teaching_fixed","confirmation","null10"
"binary_sparse_n300_t01_r0010","binary","sparse","teaching_fixed",300,1000,1.3,10,241503752,"HDMT",0.05,"ok",TRUE,0.019999999999996,"","","d232350bd68d01be57937f490729c526",3,0,3,20,0,0.15,"teaching_fixed","confirmation","null10"
"binary_sparse_n300_t01_r0010","binary","sparse","teaching_fixed",300,1000,1.3,10,241503752,"MDACT",0.05,"ok",TRUE,0.00999999999999801,"","","2d92865d42a4fa947aeba324386bb59a",5,0,5,20,0,0.25,"teaching_fixed","confirmation","null10"
"binary_sparse_n300_t01_r0010","binary","sparse","teaching_fixed",300,1000,1.3,10,241503752,"MLFDR",0.05,"ok",TRUE,1.07,"","","4a7e34f933b5f58326d71ff9ef3ce9f3",9,0,9,20,0,0.45,"teaching_fixed","confirmation","null10"
"binary_sparse_n300_t01_r0010","binary","sparse","teaching_fixed",300,1000,1.3,10,241503752,"ASHMED",0.05,"ok",TRUE,0.420000000000002,"","","41c0a6a859f2df462cb306aa399c8059",4,0,4,20,0,0.2,"teaching_fixed","confirmation","null10"
"linear_dense_n300_t01_r0010","linear","dense","teaching_fixed",300,1000,1.3,10,134038110,"HDMT",0.05,"ok",TRUE,0.019999999999996,"ties should not be present for the one-sample Kolmogorov-Smirnov test","","2e6b24c11b5dc3c25a6b76061ba33738",61,2,59,200,0.0327868852459016,0.295,"teaching_fixed","confirmation","null10"
"linear_dense_n300_t01_r0010","linear","dense","teaching_fixed",300,1000,1.3,10,134038110,"MDACT",0.05,"ok",TRUE,0.00999999999999801,"ties should not be present for the one-sample Kolmogorov-Smirnov test","","766f806669ef56124a3a9a3dcae9858c",78,3,75,200,0.0384615384615385,0.375,"teaching_fixed","confirmation","null10"
"linear_dense_n300_t01_r0010","linear","dense","teaching_fixed",300,1000,1.3,10,134038110,"MLFDR",0.05,"ok",TRUE,0.259999999999998,"","","bea28c1d1fed08116eda8b091d5a75f2",140,9,131,200,0.0642857142857143,0.655,"teaching_fixed","confirmation","null10"
"linear_dense_n300_t01_r0010","linear","dense","teaching_fixed",300,1000,1.3,10,134038110,"ASHMED",0.05,"ok",TRUE,0.160000000000004,"","","b8ce6c5369f03a17a253091c9ffce8db",36,0,36,200,0,0.18,"teaching_fixed","confirmation","null10"
"confounded_dense_n300_t01_r0010","confounded","dense","teaching_fixed",300,1000,1.3,10,47218452,"HDMT",0.05,"ok",TRUE,0.0300000000000011,"ties should not be present for the one-sample Kolmogorov-Smirnov test","","7b3825c934d5b48f34ea3f6f762f2fcb",71,3,68,200,0.0422535211267606,0.34,"teaching_fixed","confirmation","null10"
"confounded_dense_n300_t01_r0010","confounded","dense","teaching_fixed",300,1000,1.3,10,47218452,"MDACT",0.05,"ok",TRUE,0.0500000000000043,"ties should not be present for the one-sample Kolmogorov-Smirnov test","","2ea302a54447f4e73892d075338c15c5",77,3,74,200,0.038961038961039,0.37,"teaching_fixed","confirmation","null10"
"confounded_dense_n300_t01_r0010","confounded","dense","teaching_fixed",300,1000,1.3,10,47218452,"MLFDR",0.05,"ok",TRUE,0.259999999999998,"","","6bf518343973b6494db1252f128fa356",139,11,128,200,0.079136690647482,0.64,"teaching_fixed","confirmation","null10"
"confounded_dense_n300_t01_r0010","confounded","dense","teaching_fixed",300,1000,1.3,10,47218452,"ASHMED",0.05,"ok",TRUE,0.670000000000002,"","","78ef2e55b004501842cab45366d9124c",36,1,35,200,0.0277777777777778,0.175,"teaching_fixed","confirmation","null10"
"binary_dense_n300_t01_r0010","binary","dense","teaching_fixed",300,1000,1.3,10,223330314,"HDMT",0.05,"ok",TRUE,0.029999999999994,"","","417db5be1bc999ca51f03e2f7e70b82d",75,3,72,200,0.04,0.36,"teaching_fixed","confirmation","null10"
"binary_dense_n300_t01_r0010","binary","dense","teaching_fixed",300,1000,1.3,10,223330314,"MDACT",0.05,"ok",TRUE,0,"","","c553c71af61922348c1b4c3caab42bed",88,3,85,200,0.0340909090909091,0.425,"teaching_fixed","confirmation","null10"
"binary_dense_n300_t01_r0010","binary","dense","teaching_fixed",300,1000,1.3,10,223330314,"MLFDR",0.05,"ok",TRUE,0.240000000000002,"","","263c386df2e978798595bb707ac814dc",136,7,129,200,0.0514705882352941,0.645,"teaching_fixed","confirmation","null10"
"binary_dense_n300_t01_r0010","binary","dense","teaching_fixed",300,1000,1.3,10,223330314,"ASHMED",0.05,"ok",TRUE,1.55,"","","7e311352599b72de674e37ecaf19bb6e",75,4,71,200,0.0533333333333333,0.355,"teaching_fixed","confirmation","null10"
"linear_sparse_n300_t02_r0010","linear","sparse","teaching_fixed",300,1000,1.5,10,150465602,"HDMT",0.05,"ok",TRUE,0.0300000000000011,"ties should not be present for the one-sample Kolmogorov-Smirnov test","","6b43dffba3867dba6859caba1bbf52e8",6,0,6,20,0,0.3,"teaching_fixed","confirmation","null10"
"linear_sparse_n300_t02_r0010","linear","sparse","teaching_fixed",300,1000,1.5,10,150465602,"MDACT",0.05,"ok",TRUE,0.0200000000000031,"ties should not be present for the one-sample Kolmogorov-Smirnov test","","ff162c4bc340a08da2dcba4076d32495",7,0,7,20,0,0.35,"teaching_fixed","confirmation","null10"
"linear_sparse_n300_t02_r0010","linear","sparse","teaching_fixed",300,1000,1.5,10,150465602,"MLFDR",0.05,"ok",TRUE,0.160000000000004,"","","dd058ef14fe8bc4215ac90a3ac4e1334",14,1,13,20,0.0714285714285714,0.65,"teaching_fixed","confirmation","null10"
"linear_sparse_n300_t02_r0010","linear","sparse","teaching_fixed",300,1000,1.5,10,150465602,"ASHMED",0.05,"ok",TRUE,0.189999999999998,"","","9d2fbee06e087687c0c3a31c0c5e2019",5,0,5,20,0,0.25,"teaching_fixed","confirmation","null10"
"confounded_sparse_n300_t02_r0010","confounded","sparse","teaching_fixed",300,1000,1.5,10,7632354,"HDMT",0.05,"ok",TRUE,0.0300000000000011,"ties should not be present for the one-sample Kolmogorov-Smirnov test","","818d1b5693b0102b882caf5da1f5bb9f",2,1,1,20,0.5,0.05,"teaching_fixed","confirmation","null10"
"confounded_sparse_n300_t02_r0010","confounded","sparse","teaching_fixed",300,1000,1.5,10,7632354,"MDACT",0.05,"ok",TRUE,0.0200000000000031,"ties should not be present for the one-sample Kolmogorov-Smirnov test","","0e5688d7152b4bd9742959953c6bf67f",5,1,4,20,0.2,0.2,"teaching_fixed","confirmation","null10"
"confounded_sparse_n300_t02_r0010","confounded","sparse","teaching_fixed",300,1000,1.5,10,7632354,"MLFDR",0.05,"ok",TRUE,0.18,"","","adf50d1d2866ef70384f421b0c22a8ca",18,2,16,20,0.111111111111111,0.8,"teaching_fixed","confirmation","null10"
"confounded_sparse_n300_t02_r0010","confounded","sparse","teaching_fixed",300,1000,1.5,10,7632354,"ASHMED",0.05,"ok",TRUE,0.299999999999997,"","","bbed9246255d4f815a8815e6bdd7a818",2,1,1,20,0.5,0.05,"teaching_fixed","confirmation","null10"
"binary_sparse_n300_t02_r0010","binary","sparse","teaching_fixed",300,1000,1.5,10,20137433,"HDMT",0.05,"ok",TRUE,0.0200000000000031,"","","cc662be4f7c3ac448520b87d5da36e05",5,0,5,20,0,0.25,"teaching_fixed","confirmation","null10"
"binary_sparse_n300_t02_r0010","binary","sparse","teaching_fixed",300,1000,1.5,10,20137433,"MDACT",0.05,"ok",TRUE,0.0200000000000031,"","","5d76e9be90ee821541de639c02a85802",6,0,6,20,0,0.3,"teaching_fixed","confirmation","null10"
"binary_sparse_n300_t02_r0010","binary","sparse","teaching_fixed",300,1000,1.5,10,20137433,"MLFDR",0.05,"ok",TRUE,0.32,"","","8b95a90c986470a81a2ad64bf062fa38",9,0,9,20,0,0.45,"teaching_fixed","confirmation","null10"
"binary_sparse_n300_t02_r0010","binary","sparse","teaching_fixed",300,1000,1.5,10,20137433,"ASHMED",0.05,"ok",TRUE,0.340000000000003,"","","021c8e1343ba88c81bf6c812bf4ef83d",5,0,5,20,0,0.25,"teaching_fixed","confirmation","null10"
"linear_dense_n300_t02_r0010","linear","dense","teaching_fixed",300,1000,1.5,10,128665656,"HDMT",0.05,"ok",TRUE,0.0300000000000011,"ties should not be present for the one-sample Kolmogorov-Smirnov test","","6ecc071115bcd964c7861b16444d0939",76,3,73,200,0.0394736842105263,0.365,"teaching_fixed","confirmation","null10"
"linear_dense_n300_t02_r0010","linear","dense","teaching_fixed",300,1000,1.5,10,128665656,"MDACT",0.05,"ok",TRUE,0.0200000000000031,"ties should not be present for the one-sample Kolmogorov-Smirnov test","","8b5664dfa3ef6182c0b3623097ea35df",76,3,73,200,0.0394736842105263,0.365,"teaching_fixed","confirmation","null10"
"linear_dense_n300_t02_r0010","linear","dense","teaching_fixed",300,1000,1.5,10,128665656,"MLFDR",0.05,"ok",TRUE,0.490000000000002,"","","e28fd786d966dc0a5f31834b3075c1db",156,6,150,200,0.0384615384615385,0.75,"teaching_fixed","confirmation","null10"
"linear_dense_n300_t02_r0010","linear","dense","teaching_fixed",300,1000,1.5,10,128665656,"ASHMED",0.05,"ok",TRUE,0.290000000000006,"","","033092cc56abda064d1688ab0810a926",58,2,56,200,0.0344827586206897,0.28,"teaching_fixed","confirmation","null10"
"confounded_dense_n300_t02_r0010","confounded","dense","teaching_fixed",300,1000,1.5,10,138232740,"HDMT",0.05,"ok",TRUE,0.029999999999994,"ties should not be present for the one-sample Kolmogorov-Smirnov test","","8af0a8fb92e8006391d073c3628ed33b",121,7,114,200,0.0578512396694215,0.57,"teaching_fixed","confirmation","null10"
"confounded_dense_n300_t02_r0010","confounded","dense","teaching_fixed",300,1000,1.5,10,138232740,"MDACT",0.05,"ok",TRUE,0.00999999999999801,"ties should not be present for the one-sample Kolmogorov-Smirnov test","","1348435cf0a5a8b21fdf80a83e56836a",130,8,122,200,0.0615384615384615,0.61,"teaching_fixed","confirmation","null10"
"confounded_dense_n300_t02_r0010","confounded","dense","teaching_fixed",300,1000,1.5,10,138232740,"MLFDR",0.05,"ok",TRUE,0.259999999999998,"","","a251c1ece52d54e245df6eea7d26ede7",173,10,163,200,0.0578034682080925,0.815,"teaching_fixed","confirmation","null10"
"confounded_dense_n300_t02_r0010","confounded","dense","teaching_fixed",300,1000,1.5,10,138232740,"ASHMED",0.05,"ok",TRUE,0.189999999999998,"","","b4e2a70d8a0b34532d66017862543256",97,4,93,200,0.0412371134020619,0.465,"teaching_fixed","confirmation","null10"
"binary_dense_n300_t02_r0010","binary","dense","teaching_fixed",300,1000,1.5,10,209465327,"HDMT",0.05,"ok",TRUE,0.019999999999996,"","","c88d2c2b2e881b3e6ac494013a0f38fc",113,7,106,200,0.0619469026548673,0.53,"teaching_fixed","confirmation","null10"
"binary_dense_n300_t02_r0010","binary","dense","teaching_fixed",300,1000,1.5,10,209465327,"MDACT",0.05,"ok",TRUE,0.00999999999999801,"","","3de4525d0ba99b278c136993d5b44f45",132,11,121,200,0.0833333333333333,0.605,"teaching_fixed","confirmation","null10"
"binary_dense_n300_t02_r0010","binary","dense","teaching_fixed",300,1000,1.5,10,209465327,"MLFDR",0.05,"ok",TRUE,0.18,"","","cdb7fdb8ecdafef45443edbd8377ad40",189,22,167,200,0.116402116402116,0.835,"teaching_fixed","confirmation","null10"
"binary_dense_n300_t02_r0010","binary","dense","teaching_fixed",300,1000,1.5,10,209465327,"ASHMED",0.05,"ok",TRUE,0.239999999999995,"","","7ba066e4fdf184f0e64d4b127cc3d8b1",121,7,114,200,0.0578512396694215,0.57,"teaching_fixed","confirmation","null10"
"linear_sparse_n300_t03_r0010","linear","sparse","teaching_fixed",300,1000,1.9,10,118508523,"HDMT",0.05,"ok",TRUE,0.019999999999996,"ties should not be present for the one-sample Kolmogorov-Smirnov test","","2f2e24636763016c51d657f019e04bbc",14,0,14,20,0,0.7,"teaching_fixed","confirmation","null10"
"linear_sparse_n300_t03_r0010","linear","sparse","teaching_fixed",300,1000,1.9,10,118508523,"MDACT",0.05,"ok",TRUE,0.00999999999999801,"ties should not be present for the one-sample Kolmogorov-Smirnov test","","5df5e84312176b9d6d78fb8a6ee6d5e7",17,1,16,20,0.0588235294117647,0.8,"teaching_fixed","confirmation","null10"
"linear_sparse_n300_t03_r0010","linear","sparse","teaching_fixed",300,1000,1.9,10,118508523,"MLFDR",0.05,"ok",TRUE,0.149999999999999,"","","81551eee3d1d7a0163723cd315e9b9e4",18,0,18,20,0,0.9,"teaching_fixed","confirmation","null10"
"linear_sparse_n300_t03_r0010","linear","sparse","teaching_fixed",300,1000,1.9,10,118508523,"ASHMED",0.05,"ok",TRUE,0.269999999999996,"","","ee93a58d138d902b3303a6a6e6b9df63",10,0,10,20,0,0.5,"teaching_fixed","confirmation","null10"
"confounded_sparse_n300_t03_r0010","confounded","sparse","teaching_fixed",300,1000,1.9,10,174198189,"HDMT",0.05,"ok",TRUE,0.0200000000000031,"ties should not be present for the one-sample Kolmogorov-Smirnov test","","7582ed560f9e36002fb0aa97ecbb8ce0",15,0,15,20,0,0.75,"teaching_fixed","confirmation","null10"
"confounded_sparse_n300_t03_r0010","confounded","sparse","teaching_fixed",300,1000,1.9,10,174198189,"MDACT",0.05,"ok",TRUE,0.0200000000000031,"ties should not be present for the one-sample Kolmogorov-Smirnov test","","e556c7e7a3b4166d868d1167aee1ebb4",17,1,16,20,0.0588235294117647,0.8,"teaching_fixed","confirmation","null10"
"confounded_sparse_n300_t03_r0010","confounded","sparse","teaching_fixed",300,1000,1.9,10,174198189,"MLFDR",0.05,"ok",TRUE,0.159999999999997,"","","86a0e0ff48db2161d599259995df7c1f",17,0,17,20,0,0.85,"teaching_fixed","confirmation","null10"
"confounded_sparse_n300_t03_r0010","confounded","sparse","teaching_fixed",300,1000,1.9,10,174198189,"ASHMED",0.05,"ok",TRUE,0.280000000000001,"","","48781dcd9bc0b2219e5ffeca8ad29600",10,0,10,20,0,0.5,"teaching_fixed","confirmation","null10"
"binary_sparse_n300_t03_r0010","binary","sparse","teaching_fixed",300,1000,1.9,10,145609734,"HDMT",0.05,"ok",TRUE,0.019999999999996,"","","9b1f337269fbf24c44ca28274f401ccf",13,0,13,20,0,0.65,"teaching_fixed","confirmation","null10"
"binary_sparse_n300_t03_r0010","binary","sparse","teaching_fixed",300,1000,1.9,10,145609734,"MDACT",0.05,"ok",TRUE,0.00999999999999801,"","","f7056dadf554f813b8d1411a4c1c1a4e",13,0,13,20,0,0.65,"teaching_fixed","confirmation","null10"
"binary_sparse_n300_t03_r0010","binary","sparse","teaching_fixed",300,1000,1.9,10,145609734,"MLFDR",0.05,"ok",TRUE,0.170000000000002,"","","f7c2491750d30100759cffcbb83cbba5",17,0,17,20,0,0.85,"teaching_fixed","confirmation","null10"
"binary_sparse_n300_t03_r0010","binary","sparse","teaching_fixed",300,1000,1.9,10,145609734,"ASHMED",0.05,"ok",TRUE,0.219999999999999,"","","adc2232f50b72715f1d42e67eee1a192",13,0,13,20,0,0.65,"teaching_fixed","confirmation","null10"
"linear_dense_n300_t03_r0010","linear","dense","teaching_fixed",300,1000,1.9,10,255863148,"HDMT",0.05,"ok",TRUE,0.0300000000000011,"ties should not be present for the one-sample Kolmogorov-Smirnov test","","d658f5f75da7b05aeb470416d429981a",160,2,158,200,0.0125,0.79,"teaching_fixed","confirmation","null10"
"linear_dense_n300_t03_r0010","linear","dense","teaching_fixed",300,1000,1.9,10,255863148,"MDACT",0.05,"ok",TRUE,0,"ties should not be present for the one-sample Kolmogorov-Smirnov test","","a383adea83298dc605731261188ff01b",163,2,161,200,0.0122699386503067,0.805,"teaching_fixed","confirmation","null10"
"linear_dense_n300_t03_r0010","linear","dense","teaching_fixed",300,1000,1.9,10,255863148,"MLFDR",0.05,"ok",TRUE,0.200000000000003,"","","6f7f73a10abeccdbcf89742e2748f1d1",205,8,197,200,0.0390243902439024,0.985,"teaching_fixed","confirmation","null10"
"linear_dense_n300_t03_r0010","linear","dense","teaching_fixed",300,1000,1.9,10,255863148,"ASHMED",0.05,"ok",TRUE,0.390000000000001,"","","580b7fa20e350b86e5562b88ad06f012",161,3,158,200,0.0186335403726708,0.79,"teaching_fixed","confirmation","null10"
"confounded_dense_n300_t03_r0010","confounded","dense","teaching_fixed",300,1000,1.9,10,222983134,"HDMT",0.05,"ok",TRUE,0.019999999999996,"ties should not be present for the one-sample Kolmogorov-Smirnov test","","a5387728f210626c3ab53445ebf68140",178,7,171,200,0.0393258426966292,0.855,"teaching_fixed","confirmation","null10"
"confounded_dense_n300_t03_r0010","confounded","dense","teaching_fixed",300,1000,1.9,10,222983134,"MDACT",0.05,"ok",TRUE,0.00999999999999801,"ties should not be present for the one-sample Kolmogorov-Smirnov test","","252e8312a3afb8bd1a415b7c5280b06c",178,6,172,200,0.0337078651685393,0.86,"teaching_fixed","confirmation","null10"
"confounded_dense_n300_t03_r0010","confounded","dense","teaching_fixed",300,1000,1.9,10,222983134,"MLFDR",0.05,"ok",TRUE,0.109999999999999,"","","aa197f5890941b45e7d811974979f2bc",197,5,192,200,0.0253807106598985,0.96,"teaching_fixed","confirmation","null10"
"confounded_dense_n300_t03_r0010","confounded","dense","teaching_fixed",300,1000,1.9,10,222983134,"ASHMED",0.05,"ok",TRUE,0.22999999999999,"","","6c5a88e86a4be7ee1ff8c27333babd3b",159,3,156,200,0.0188679245283019,0.78,"teaching_fixed","confirmation","null10"
"binary_dense_n300_t03_r0010","binary","dense","teaching_fixed",300,1000,1.9,10,11641917,"HDMT",0.05,"ok",TRUE,0.0300000000000011,"","","acd34b85e4535f3d5e782134c8bda8f6",166,8,158,200,0.0481927710843374,0.79,"teaching_fixed","confirmation","null10"
"binary_dense_n300_t03_r0010","binary","dense","teaching_fixed",300,1000,1.9,10,11641917,"MDACT",0.05,"ok",TRUE,0.019999999999996,"","","511c4c58d4a01286850404d033a56a14",175,11,164,200,0.0628571428571429,0.82,"teaching_fixed","confirmation","null10"
"binary_dense_n300_t03_r0010","binary","dense","teaching_fixed",300,1000,1.9,10,11641917,"MLFDR",0.05,"ok",TRUE,0.150000000000006,"","","035a115bc759886c826e5f0bfc13f51b",196,11,185,200,0.0561224489795918,0.925,"teaching_fixed","confirmation","null10"
"binary_dense_n300_t03_r0010","binary","dense","teaching_fixed",300,1000,1.9,10,11641917,"ASHMED",0.05,"ok",TRUE,0.310000000000002,"","","56273abe2530dba1785f806568924ceb",167,10,157,200,0.0598802395209581,0.785,"teaching_fixed","confirmation","null10"
"linear_sparse_n300_t01_r0011","linear","sparse","teaching_fixed",300,1000,1.3,11,50206201,"HDMT",0.05,"ok",TRUE,0.0300000000000011,"ties should not be present for the one-sample Kolmogorov-Smirnov test","","346dd9e8b9cb9455c79c52264925f17b",1,0,1,20,0,0.05,"teaching_fixed","confirmation","null10"
"linear_sparse_n300_t01_r0011","linear","sparse","teaching_fixed",300,1000,1.3,11,50206201,"MDACT",0.05,"ok",TRUE,0,"ties should not be present for the one-sample Kolmogorov-Smirnov test","","073830406883253289cb1046319a0652",1,0,1,20,0,0.05,"teaching_fixed","confirmation","null10"
"linear_sparse_n300_t01_r0011","linear","sparse","teaching_fixed",300,1000,1.3,11,50206201,"MLFDR",0.05,"ok",TRUE,0.590000000000003,"","","44c06698eb86638ae9baae573dda0504",6,0,6,20,0,0.3,"teaching_fixed","confirmation","null10"
"linear_sparse_n300_t01_r0011","linear","sparse","teaching_fixed",300,1000,1.3,11,50206201,"ASHMED",0.05,"ok",TRUE,0.359999999999999,"","","fa6d6428a88609368e6c62b0f758e242",0,0,0,20,0,0,"teaching_fixed","confirmation","null10"
"confounded_sparse_n300_t01_r0011","confounded","sparse","teaching_fixed",300,1000,1.3,11,103192995,"HDMT",0.05,"ok",TRUE,0.0200000000000102,"ties should not be present for the one-sample Kolmogorov-Smirnov test","","f444ff4d47c098c16080b4ac2e499911",3,0,3,20,0,0.15,"teaching_fixed","confirmation","null10"
"confounded_sparse_n300_t01_r0011","confounded","sparse","teaching_fixed",300,1000,1.3,11,103192995,"MDACT",0.05,"ok",TRUE,0.0100000000000051,"ties should not be present for the one-sample Kolmogorov-Smirnov test","","9282576fd71f73b393adde52ceced1ec",3,0,3,20,0,0.15,"teaching_fixed","confirmation","null10"
"confounded_sparse_n300_t01_r0011","confounded","sparse","teaching_fixed",300,1000,1.3,11,103192995,"MLFDR",0.05,"ok",TRUE,0.370000000000005,"","","a272478336634f9cd46c6f75d540a858",6,0,6,20,0,0.3,"teaching_fixed","confirmation","null10"
"confounded_sparse_n300_t01_r0011","confounded","sparse","teaching_fixed",300,1000,1.3,11,103192995,"ASHMED",0.05,"ok",TRUE,0.359999999999999,"","","08d9c5bbb7cad68cf8ee015e8a4b9906",1,0,1,20,0,0.05,"teaching_fixed","confirmation","null10"
"binary_sparse_n300_t01_r0011","binary","sparse","teaching_fixed",300,1000,1.3,11,128723490,"HDMT",0.05,"ok",TRUE,0.0300000000000011,"","","f2a914807f306a328b926ca803ebd0ac",6,0,6,20,0,0.3,"teaching_fixed","confirmation","null10"
"binary_sparse_n300_t01_r0011","binary","sparse","teaching_fixed",300,1000,1.3,11,128723490,"MDACT",0.05,"ok",TRUE,0,"","","cefaac28b3307e32e7896d7f321ab187",6,0,6,20,0,0.3,"teaching_fixed","confirmation","null10"
"binary_sparse_n300_t01_r0011","binary","sparse","teaching_fixed",300,1000,1.3,11,128723490,"MLFDR",0.05,"ok",TRUE,3.45,"","","22c161ee41e93f8d74bb785446c259fd",10,0,10,20,0,0.5,"teaching_fixed","confirmation","null10"
"binary_sparse_n300_t01_r0011","binary","sparse","teaching_fixed",300,1000,1.3,11,128723490,"ASHMED",0.05,"ok",TRUE,0.980000000000004,"","","2db58308fbac60069f566cf8e1eb5969",7,1,6,20,0.142857142857143,0.3,"teaching_fixed","confirmation","null10"
"linear_dense_n300_t01_r0011","linear","dense","teaching_fixed",300,1000,1.3,11,68108639,"HDMT",0.05,"ok",TRUE,0.019999999999996,"ties should not be present for the one-sample Kolmogorov-Smirnov test","","7802b389b99e4d5bd98433b81a57aafd",74,3,71,200,0.0405405405405405,0.355,"teaching_fixed","confirmation","null10"
"linear_dense_n300_t01_r0011","linear","dense","teaching_fixed",300,1000,1.3,11,68108639,"MDACT",0.05,"ok",TRUE,0.019999999999996,"ties should not be present for the one-sample Kolmogorov-Smirnov test","","5c1da75a02c5e768a1ee4a7e032262c6",83,3,80,200,0.036144578313253,0.4,"teaching_fixed","confirmation","null10"
"linear_dense_n300_t01_r0011","linear","dense","teaching_fixed",300,1000,1.3,11,68108639,"MLFDR",0.05,"ok",TRUE,0.660000000000011,"","","425f5e10195b2a41861449929be27f57",134,9,125,200,0.0671641791044776,0.625,"teaching_fixed","confirmation","null10"
"linear_dense_n300_t01_r0011","linear","dense","teaching_fixed",300,1000,1.3,11,68108639,"ASHMED",0.05,"ok",TRUE,0.790000000000006,"","","48a018aafe9d87e11342f77d4bcd2be4",33,0,33,200,0,0.165,"teaching_fixed","confirmation","null10"
"confounded_dense_n300_t01_r0011","confounded","dense","teaching_fixed",300,1000,1.3,11,40752341,"HDMT",0.05,"ok",TRUE,0.0200000000000102,"ties should not be present for the one-sample Kolmogorov-Smirnov test","","105744c5a243799c26df5d164a0e75c1",75,3,72,200,0.04,0.36,"teaching_fixed","confirmation","null10"
"confounded_dense_n300_t01_r0011","confounded","dense","teaching_fixed",300,1000,1.3,11,40752341,"MDACT",0.05,"ok",TRUE,0.0100000000000051,"ties should not be present for the one-sample Kolmogorov-Smirnov test","","2c5b006eeb589ede4f0f73c8a5f08dba",85,4,81,200,0.0470588235294118,0.405,"teaching_fixed","confirmation","null10"
"confounded_dense_n300_t01_r0011","confounded","dense","teaching_fixed",300,1000,1.3,11,40752341,"MLFDR",0.05,"ok",TRUE,0.280000000000001,"","","b0c7c8aeeea60fd78d9d45a710168d25",133,7,126,200,0.0526315789473684,0.63,"teaching_fixed","confirmation","null10"
"confounded_dense_n300_t01_r0011","confounded","dense","teaching_fixed",300,1000,1.3,11,40752341,"ASHMED",0.05,"ok",TRUE,0.409999999999997,"","","8ab6ee6b84e7e16e1f4cdbb895ecd48e",38,1,37,200,0.0263157894736842,0.185,"teaching_fixed","confirmation","null10"
"binary_dense_n300_t01_r0011","binary","dense","teaching_fixed",300,1000,1.3,11,69867726,"HDMT",0.05,"ok",TRUE,0.0200000000000102,"","","a53967cc46e3134e320564844ef08f6f",48,1,47,200,0.0208333333333333,0.235,"teaching_fixed","confirmation","null10"
"binary_dense_n300_t01_r0011","binary","dense","teaching_fixed",300,1000,1.3,11,69867726,"MDACT",0.05,"ok",TRUE,0.0100000000000051,"","","5fa82c7f24055e554f89e4edea3ad1fd",66,2,64,200,0.0303030303030303,0.32,"teaching_fixed","confirmation","null10"
"binary_dense_n300_t01_r0011","binary","dense","teaching_fixed",300,1000,1.3,11,69867726,"MLFDR",0.05,"ok",TRUE,0.319999999999993,"","","5c6b968f083678e18163dc7763de66b3",139,9,130,200,0.0647482014388489,0.65,"teaching_fixed","confirmation","null10"
"binary_dense_n300_t01_r0011","binary","dense","teaching_fixed",300,1000,1.3,11,69867726,"ASHMED",0.05,"ok",TRUE,0.799999999999997,"","","e9a4626a03d8e885e8a7f5085c4f9b48",75,4,71,200,0.0533333333333333,0.355,"teaching_fixed","confirmation","null10"
"linear_sparse_n300_t02_r0011","linear","sparse","teaching_fixed",300,1000,1.5,11,207550972,"HDMT",0.05,"ok",TRUE,0.019999999999996,"ties should not be present for the one-sample Kolmogorov-Smirnov test","","7cf39f0971650c08b72d74032377474b",7,0,7,20,0,0.35,"teaching_fixed","confirmation","null10"
"linear_sparse_n300_t02_r0011","linear","sparse","teaching_fixed",300,1000,1.5,11,207550972,"MDACT",0.05,"ok",TRUE,0,"ties should not be present for the one-sample Kolmogorov-Smirnov test","","c9f7412c9bb194003ea7d1975ca4acd4",10,0,10,20,0,0.5,"teaching_fixed","confirmation","null10"
"linear_sparse_n300_t02_r0011","linear","sparse","teaching_fixed",300,1000,1.5,11,207550972,"MLFDR",0.05,"ok",TRUE,0.25,"","","445ff7c35d32d5845e7112432884caaf",12,0,12,20,0,0.6,"teaching_fixed","confirmation","null10"
"linear_sparse_n300_t02_r0011","linear","sparse","teaching_fixed",300,1000,1.5,11,207550972,"ASHMED",0.05,"ok",TRUE,0.38000000000001,"","","56bfcda0a07e5eea228418b30570fd7d",5,0,5,20,0,0.25,"teaching_fixed","confirmation","null10"
"confounded_sparse_n300_t02_r0011","confounded","sparse","teaching_fixed",300,1000,1.5,11,73850352,"HDMT",0.05,"ok",TRUE,0.0100000000000051,"ties should not be present for the one-sample Kolmogorov-Smirnov test","","b647ef3483f4c00aadb6c4e09b1ef814",3,0,3,20,0,0.15,"teaching_fixed","confirmation","null10"
"confounded_sparse_n300_t02_r0011","confounded","sparse","teaching_fixed",300,1000,1.5,11,73850352,"MDACT",0.05,"ok",TRUE,0.0100000000000051,"ties should not be present for the one-sample Kolmogorov-Smirnov test","","5827fc22a6333d8796a261f0aa2555b6",3,0,3,20,0,0.15,"teaching_fixed","confirmation","null10"
"confounded_sparse_n300_t02_r0011","confounded","sparse","teaching_fixed",300,1000,1.5,11,73850352,"MLFDR",0.05,"ok",TRUE,0.230000000000004,"","","7994a01cd8445adbad679957c6473d5a",4,0,4,20,0,0.2,"teaching_fixed","confirmation","null10"
"confounded_sparse_n300_t02_r0011","confounded","sparse","teaching_fixed",300,1000,1.5,11,73850352,"ASHMED",0.05,"ok",TRUE,0.239999999999995,"","","a2a804c35f95269c21fefff1c6a2f6fa",1,0,1,20,0,0.05,"teaching_fixed","confirmation","null10"
"binary_sparse_n300_t02_r0011","binary","sparse","teaching_fixed",300,1000,1.5,11,11374349,"HDMT",0.05,"ok",TRUE,0.019999999999996,"","","07f6e817a11295769d080e02d2e6806c",5,0,5,20,0,0.25,"teaching_fixed","confirmation","null10"
"binary_sparse_n300_t02_r0011","binary","sparse","teaching_fixed",300,1000,1.5,11,11374349,"MDACT",0.05,"ok",TRUE,0.0200000000000102,"","","aea2d632db7c76b7ac6953ed5d4a0c47",6,1,5,20,0.166666666666667,0.25,"teaching_fixed","confirmation","null10"
"binary_sparse_n300_t02_r0011","binary","sparse","teaching_fixed",300,1000,1.5,11,11374349,"MLFDR",0.05,"ok",TRUE,0.52000000000001,"","","c76e134a6b5e4e2b7100daaaedcf0d83",12,1,11,20,0.0833333333333333,0.55,"teaching_fixed","confirmation","null10"
"binary_sparse_n300_t02_r0011","binary","sparse","teaching_fixed",300,1000,1.5,11,11374349,"ASHMED",0.05,"ok",TRUE,0.230000000000004,"","","6a5bbb80c769fbb3d789e8be90571611",7,1,6,20,0.142857142857143,0.3,"teaching_fixed","confirmation","null10"
"linear_dense_n300_t02_r0011","linear","dense","teaching_fixed",300,1000,1.5,11,101219938,"HDMT",0.05,"ok",TRUE,0.0300000000000011,"ties should not be present for the one-sample Kolmogorov-Smirnov test","","63b840a464809f491e004236ad0cab9f",97,2,95,200,0.0206185567010309,0.475,"teaching_fixed","confirmation","null10"
"linear_dense_n300_t02_r0011","linear","dense","teaching_fixed",300,1000,1.5,11,101219938,"MDACT",0.05,"ok",TRUE,0,"ties should not be present for the one-sample Kolmogorov-Smirnov test","","2800f9eb7b9397ef9b3c347a34e09727",116,3,113,200,0.0258620689655172,0.565,"teaching_fixed","confirmation","null10"
"linear_dense_n300_t02_r0011","linear","dense","teaching_fixed",300,1000,1.5,11,101219938,"MLFDR",0.05,"ok",TRUE,0.209999999999994,"","","1beb39bc64684be121b1ea525ef0deb0",175,12,163,200,0.0685714285714286,0.815,"teaching_fixed","confirmation","null10"
"linear_dense_n300_t02_r0011","linear","dense","teaching_fixed",300,1000,1.5,11,101219938,"ASHMED",0.05,"ok",TRUE,0.829999999999998,"","","68f0b84f65bd653c7921f15278813c3f",63,1,62,200,0.0158730158730159,0.31,"teaching_fixed","confirmation","null10"
"confounded_dense_n300_t02_r0011","confounded","dense","teaching_fixed",300,1000,1.5,11,201338902,"HDMT",0.05,"ok",TRUE,0.0299999999999869,"ties should not be present for the one-sample Kolmogorov-Smirnov test","","8ec2ca5eaa20470660f96907dd8d069a",109,4,105,200,0.036697247706422,0.525,"teaching_fixed","confirmation","null10"
"confounded_dense_n300_t02_r0011","confounded","dense","teaching_fixed",300,1000,1.5,11,201338902,"MDACT",0.05,"ok",TRUE,0.00999999999999091,"ties should not be present for the one-sample Kolmogorov-Smirnov test","","699bc303cd85f24c2af7627a89f67e0d",127,10,117,200,0.078740157480315,0.585,"teaching_fixed","confirmation","null10"
"confounded_dense_n300_t02_r0011","confounded","dense","teaching_fixed",300,1000,1.5,11,201338902,"MLFDR",0.05,"ok",TRUE,0.199999999999989,"","","68e697de037514bff32a55e1afcf9d3a",192,18,174,200,0.09375,0.87,"teaching_fixed","confirmation","null10"
"confounded_dense_n300_t02_r0011","confounded","dense","teaching_fixed",300,1000,1.5,11,201338902,"ASHMED",0.05,"ok",TRUE,0.890000000000001,"","","893b84178f0b19a9bd76d59c2f9b0d9b",84,0,84,200,0,0.42,"teaching_fixed","confirmation","null10"
"binary_dense_n300_t02_r0011","binary","dense","teaching_fixed",300,1000,1.5,11,189154043,"HDMT",0.05,"ok",TRUE,0.0100000000000051,"","","98ff9bc367729cea0390e255bbf4b74e",90,4,86,200,0.0444444444444444,0.43,"teaching_fixed","confirmation","null10"
"binary_dense_n300_t02_r0011","binary","dense","teaching_fixed",300,1000,1.5,11,189154043,"MDACT",0.05,"ok",TRUE,0.00999999999999091,"","","70cac7ca503542dc7ed8fe0787b099e5",106,6,100,200,0.0566037735849057,0.5,"teaching_fixed","confirmation","null10"
"binary_dense_n300_t02_r0011","binary","dense","teaching_fixed",300,1000,1.5,11,189154043,"MLFDR",0.05,"ok",TRUE,0.439999999999998,"","","6dfb2ea877ea0a4297b963b498a3ec33",164,9,155,200,0.0548780487804878,0.775,"teaching_fixed","confirmation","null10"
"binary_dense_n300_t02_r0011","binary","dense","teaching_fixed",300,1000,1.5,11,189154043,"ASHMED",0.05,"ok",TRUE,0.450000000000003,"","","fcae22bfcdee2c09e12a5b525baee91a",102,6,96,200,0.0588235294117647,0.48,"teaching_fixed","confirmation","null10"
"linear_sparse_n300_t03_r0011","linear","sparse","teaching_fixed",300,1000,1.9,11,205186982,"HDMT",0.05,"ok",TRUE,0.00999999999999091,"ties should not be present for the one-sample Kolmogorov-Smirnov test","","fa7d2fb3db29602b0e6224085e51114c",13,1,12,20,0.0769230769230769,0.6,"teaching_fixed","confirmation","null10"
"linear_sparse_n300_t03_r0011","linear","sparse","teaching_fixed",300,1000,1.9,11,205186982,"MDACT",0.05,"ok",TRUE,0.00999999999999091,"ties should not be present for the one-sample Kolmogorov-Smirnov test","","f983a05430ad1ac5c9086971590621c3",13,0,13,20,0,0.65,"teaching_fixed","confirmation","null10"
"linear_sparse_n300_t03_r0011","linear","sparse","teaching_fixed",300,1000,1.9,11,205186982,"MLFDR",0.05,"ok",TRUE,0.25,"","","99c74ed26085b97e11d73cb460a08c4a",15,0,15,20,0,0.75,"teaching_fixed","confirmation","null10"
"linear_sparse_n300_t03_r0011","linear","sparse","teaching_fixed",300,1000,1.9,11,205186982,"ASHMED",0.05,"ok",TRUE,0.239999999999995,"","","c14b13102e6df3e208d1f3d2179f8cab",13,1,12,20,0.0769230769230769,0.6,"teaching_fixed","confirmation","null10"
"confounded_sparse_n300_t03_r0011","confounded","sparse","teaching_fixed",300,1000,1.9,11,265638536,"HDMT",0.05,"ok",TRUE,0.0299999999999869,"ties should not be present for the one-sample Kolmogorov-Smirnov test","","aff2ec51423f6896afd9800be6ddc15a",19,3,16,20,0.157894736842105,0.8,"teaching_fixed","confirmation","null10"
"confounded_sparse_n300_t03_r0011","confounded","sparse","teaching_fixed",300,1000,1.9,11,265638536,"MDACT",0.05,"ok",TRUE,0,"ties should not be present for the one-sample Kolmogorov-Smirnov test","","242891841a7a2799d2866164cbd45660",18,2,16,20,0.111111111111111,0.8,"teaching_fixed","confirmation","null10"
"confounded_sparse_n300_t03_r0011","confounded","sparse","teaching_fixed",300,1000,1.9,11,265638536,"MLFDR",0.05,"ok",TRUE,0.140000000000001,"","","fb096210fcc4752fb44bff19d7ead87a",19,0,19,20,0,0.95,"teaching_fixed","confirmation","null10"
"confounded_sparse_n300_t03_r0011","confounded","sparse","teaching_fixed",300,1000,1.9,11,265638536,"ASHMED",0.05,"ok",TRUE,0.25,"","","3117379b6a1b71a7f6d90b46c30d9909",10,0,10,20,0,0.5,"teaching_fixed","confirmation","null10"
"binary_sparse_n300_t03_r0011","binary","sparse","teaching_fixed",300,1000,1.9,11,472467,"HDMT",0.05,"ok",TRUE,0.019999999999996,"","","3df0107815ac54ca0560e1a0c2ed2b11",17,1,16,20,0.0588235294117647,0.8,"teaching_fixed","confirmation","null10"
"binary_sparse_n300_t03_r0011","binary","sparse","teaching_fixed",300,1000,1.9,11,472467,"MDACT",0.05,"ok",TRUE,0,"","","89332efb50b58247d524b1f0f142e00f",17,1,16,20,0.0588235294117647,0.8,"teaching_fixed","confirmation","null10"
"binary_sparse_n300_t03_r0011","binary","sparse","teaching_fixed",300,1000,1.9,11,472467,"MLFDR",0.05,"ok",TRUE,0.160000000000011,"","","32c717ce538e9cd889be5ab174da98a4",19,1,18,20,0.0526315789473684,0.9,"teaching_fixed","confirmation","null10"
"binary_sparse_n300_t03_r0011","binary","sparse","teaching_fixed",300,1000,1.9,11,472467,"ASHMED",0.05,"ok",TRUE,0.25,"","","e51fede46edc34d059337839bd0e978b",17,1,16,20,0.0588235294117647,0.8,"teaching_fixed","confirmation","null10"
"linear_dense_n300_t03_r0011","linear","dense","teaching_fixed",300,1000,1.9,11,95541711,"HDMT",0.05,"ok",TRUE,0.0300000000000011,"ties should not be present for the one-sample Kolmogorov-Smirnov test","","a55ed0b3c95f68a4e3efe0000c8ce98d",166,10,156,200,0.0602409638554217,0.78,"teaching_fixed","confirmation","null10"
"linear_dense_n300_t03_r0011","linear","dense","teaching_fixed",300,1000,1.9,11,95541711,"MDACT",0.05,"ok",TRUE,0.00999999999999091,"ties should not be present for the one-sample Kolmogorov-Smirnov test","","a84699290ced6eb53170b0f63a903bc0",168,11,157,200,0.0654761904761905,0.785,"teaching_fixed","confirmation","null10"
"linear_dense_n300_t03_r0011","linear","dense","teaching_fixed",300,1000,1.9,11,95541711,"MLFDR",0.05,"ok",TRUE,0.11999999999999,"","","d31f57ddbb299710e9528b5315713e92",193,6,187,200,0.0310880829015544,0.935,"teaching_fixed","confirmation","null10"
"linear_dense_n300_t03_r0011","linear","dense","teaching_fixed",300,1000,1.9,11,95541711,"ASHMED",0.05,"ok",TRUE,0.5,"","","1288c263b8809abdc7351a425691bc29",147,5,142,200,0.0340136054421769,0.71,"teaching_fixed","confirmation","null10"
"confounded_dense_n300_t03_r0011","confounded","dense","teaching_fixed",300,1000,1.9,11,242660599,"HDMT",0.05,"ok",TRUE,0.0300000000000011,"ties should not be present for the one-sample Kolmogorov-Smirnov test","","939b1edd443b713eae66db930b71a6b4",160,1,159,200,0.00625,0.795,"teaching_fixed","confirmation","null10"
"confounded_dense_n300_t03_r0011","confounded","dense","teaching_fixed",300,1000,1.9,11,242660599,"MDACT",0.05,"ok",TRUE,0,"ties should not be present for the one-sample Kolmogorov-Smirnov test","","9de5a195cedf103f7658fd6a3279518e",163,2,161,200,0.0122699386503067,0.805,"teaching_fixed","confirmation","null10"
"confounded_dense_n300_t03_r0011","confounded","dense","teaching_fixed",300,1000,1.9,11,242660599,"MLFDR",0.05,"ok",TRUE,0.140000000000001,"","","2cfeb2019e7b5f8b4a9e27ebc6bb1925",192,7,185,200,0.0364583333333333,0.925,"teaching_fixed","confirmation","null10"
"confounded_dense_n300_t03_r0011","confounded","dense","teaching_fixed",300,1000,1.9,11,242660599,"ASHMED",0.05,"ok",TRUE,0.25,"","","95c99d0e39c2dc1b78aa92e7e9eb8388",157,0,157,200,0,0.785,"teaching_fixed","confirmation","null10"
"binary_dense_n300_t03_r0011","binary","dense","teaching_fixed",300,1000,1.9,11,249110589,"HDMT",0.05,"ok",TRUE,0.0100000000000051,"","","003741fef1f8a6309dea70fbc4289658",184,7,177,200,0.0380434782608696,0.885,"teaching_fixed","confirmation","null10"
"binary_dense_n300_t03_r0011","binary","dense","teaching_fixed",300,1000,1.9,11,249110589,"MDACT",0.05,"ok",TRUE,0,"","","e4d070add1f86ca942232db4029ab7e9",190,11,179,200,0.0578947368421053,0.895,"teaching_fixed","confirmation","null10"
"binary_dense_n300_t03_r0011","binary","dense","teaching_fixed",300,1000,1.9,11,249110589,"MLFDR",0.05,"ok",TRUE,0.140000000000001,"","","155defc5dc83b49102c99a45640bb4f7",207,12,195,200,0.0579710144927536,0.975,"teaching_fixed","confirmation","null10"
"binary_dense_n300_t03_r0011","binary","dense","teaching_fixed",300,1000,1.9,11,249110589,"ASHMED",0.05,"ok",TRUE,0.230000000000004,"","","535b768fe5c4ec2cac13018afb245bc3",190,14,176,200,0.0736842105263158,0.88,"teaching_fixed","confirmation","null10"
"linear_sparse_n300_t01_r0012","linear","sparse","teaching_fixed",300,1000,1.3,12,86123533,"HDMT",0.05,"ok",TRUE,0.0300000000000011,"ties should not be present for the one-sample Kolmogorov-Smirnov test","","ce6424912df27f0cf88f0dd43f2bd5f9",3,0,3,20,0,0.15,"teaching_fixed","confirmation","null10"
"linear_sparse_n300_t01_r0012","linear","sparse","teaching_fixed",300,1000,1.3,12,86123533,"MDACT",0.05,"ok",TRUE,0.019999999999996,"ties should not be present for the one-sample Kolmogorov-Smirnov test","","2fb14f1c60b658df735ecd019ae0c995",3,0,3,20,0,0.15,"teaching_fixed","confirmation","null10"
"linear_sparse_n300_t01_r0012","linear","sparse","teaching_fixed",300,1000,1.3,12,86123533,"MLFDR",0.05,"ok",TRUE,0.430000000000007,"","","a9397644d5efc3840775c5e38730758d",8,0,8,20,0,0.4,"teaching_fixed","confirmation","null10"
"linear_sparse_n300_t01_r0012","linear","sparse","teaching_fixed",300,1000,1.3,12,86123533,"ASHMED",0.05,"ok",TRUE,1.05000000000001,"","","876d3333e5dae4161db4375b7dc7322a",2,0,2,20,0,0.1,"teaching_fixed","confirmation","null10"
"confounded_sparse_n300_t01_r0012","confounded","sparse","teaching_fixed",300,1000,1.3,12,77154735,"HDMT",0.05,"ok",TRUE,0.0300000000000011,"ties should not be present for the one-sample Kolmogorov-Smirnov test","","f67a077609960702eaa9285f0e3a2fe7",9,1,8,20,0.111111111111111,0.4,"teaching_fixed","confirmation","null10"
"confounded_sparse_n300_t01_r0012","confounded","sparse","teaching_fixed",300,1000,1.3,12,77154735,"MDACT",0.05,"ok",TRUE,0.019999999999996,"ties should not be present for the one-sample Kolmogorov-Smirnov test","","9713a5cef8e6d82511b8e584d2223595",9,1,8,20,0.111111111111111,0.4,"teaching_fixed","confirmation","null10"
"confounded_sparse_n300_t01_r0012","confounded","sparse","teaching_fixed",300,1000,1.3,12,77154735,"MLFDR",0.05,"ok",TRUE,0.25,"","","9dfc503c3247d20894fc2e1bdd15dc95",15,1,14,20,0.0666666666666667,0.7,"teaching_fixed","confirmation","null10"
"confounded_sparse_n300_t01_r0012","confounded","sparse","teaching_fixed",300,1000,1.3,12,77154735,"ASHMED",0.05,"ok",TRUE,0.209999999999994,"","","b913875e858f05d3428ce0878a5400b2",6,0,6,20,0,0.3,"teaching_fixed","confirmation","null10"
"binary_sparse_n300_t01_r0012","binary","sparse","teaching_fixed",300,1000,1.3,12,212105905,"HDMT",0.05,"ok",TRUE,0.0300000000000011,"","","a2aa134c00c22c4b817ec882f3fc433c",5,0,5,20,0,0.25,"teaching_fixed","confirmation","null10"
"binary_sparse_n300_t01_r0012","binary","sparse","teaching_fixed",300,1000,1.3,12,212105905,"MDACT",0.05,"ok",TRUE,0,"","","b4c65278488de593449a88ed15c0f7f1",8,0,8,20,0,0.4,"teaching_fixed","confirmation","null10"
"binary_sparse_n300_t01_r0012","binary","sparse","teaching_fixed",300,1000,1.3,12,212105905,"MLFDR",0.05,"ok",TRUE,0.199999999999989,"","","7193a74d4d19acff83412a735018b2e3",10,0,10,20,0,0.5,"teaching_fixed","confirmation","null10"
"binary_sparse_n300_t01_r0012","binary","sparse","teaching_fixed",300,1000,1.3,12,212105905,"ASHMED",0.05,"ok",TRUE,0.200000000000003,"","","890f6176c22e8753bb823b23a6fbceea",7,0,7,20,0,0.35,"teaching_fixed","confirmation","null10"
"linear_dense_n300_t01_r0012","linear","dense","teaching_fixed",300,1000,1.3,12,118655435,"HDMT",0.05,"ok",TRUE,0.0100000000000051,"ties should not be present for the one-sample Kolmogorov-Smirnov test","","042ab95161018c89f84f9b069d4b2cfb",69,1,68,200,0.0144927536231884,0.34,"teaching_fixed","confirmation","null10"
"linear_dense_n300_t01_r0012","linear","dense","teaching_fixed",300,1000,1.3,12,118655435,"MDACT",0.05,"ok",TRUE,0.00999999999999091,"ties should not be present for the one-sample Kolmogorov-Smirnov test","","fa9e21e6e1b341737172d9ea81f3016c",87,2,85,200,0.0229885057471264,0.425,"teaching_fixed","confirmation","null10"
"linear_dense_n300_t01_r0012","linear","dense","teaching_fixed",300,1000,1.3,12,118655435,"MLFDR",0.05,"ok",TRUE,0.659999999999997,"","","bca7b40ae239cf3d57fb50795c78a17f",160,13,147,200,0.08125,0.735,"teaching_fixed","confirmation","null10"
"linear_dense_n300_t01_r0012","linear","dense","teaching_fixed",300,1000,1.3,12,118655435,"ASHMED",0.05,"ok",TRUE,0.579999999999998,"","","daa9222a2c4987058b8afcf8b9743bd8",34,0,34,200,0,0.17,"teaching_fixed","confirmation","null10"
"confounded_dense_n300_t01_r0012","confounded","dense","teaching_fixed",300,1000,1.3,12,134536761,"HDMT",0.05,"ok",TRUE,0.019999999999996,"ties should not be present for the one-sample Kolmogorov-Smirnov test","","e857899169474191f2bddc224fcc6546",60,1,59,200,0.0166666666666667,0.295,"teaching_fixed","confirmation","null10"
"confounded_dense_n300_t01_r0012","confounded","dense","teaching_fixed",300,1000,1.3,12,134536761,"MDACT",0.05,"ok",TRUE,0.0200000000000102,"ties should not be present for the one-sample Kolmogorov-Smirnov test","","697e0004fc19271d69ec1b451f79e4b5",92,1,91,200,0.0108695652173913,0.455,"teaching_fixed","confirmation","null10"
"confounded_dense_n300_t01_r0012","confounded","dense","teaching_fixed",300,1000,1.3,12,134536761,"MLFDR",0.05,"ok",TRUE,0.190000000000012,"","","cab11eb2ae9518fad953c0583f22b47c",137,3,134,200,0.0218978102189781,0.67,"teaching_fixed","confirmation","null10"
"confounded_dense_n300_t01_r0012","confounded","dense","teaching_fixed",300,1000,1.3,12,134536761,"ASHMED",0.05,"ok",TRUE,0.299999999999997,"","","9419dd54a60e319635c6e358cdca291f",37,1,36,200,0.027027027027027,0.18,"teaching_fixed","confirmation","null10"
"binary_dense_n300_t01_r0012","binary","dense","teaching_fixed",300,1000,1.3,12,85954752,"HDMT",0.05,"ok",TRUE,0.0300000000000011,"","","5ce1b291cb26c1f5efe0dac691ee7999",54,3,51,200,0.0555555555555556,0.255,"teaching_fixed","confirmation","null10"
"binary_dense_n300_t01_r0012","binary","dense","teaching_fixed",300,1000,1.3,12,85954752,"MDACT",0.05,"ok",TRUE,0,"","","64c8156cafb9e7c0bf29edaacef66f87",65,3,62,200,0.0461538461538462,0.31,"teaching_fixed","confirmation","null10"
"binary_dense_n300_t01_r0012","binary","dense","teaching_fixed",300,1000,1.3,12,85954752,"MLFDR",0.05,"ok",TRUE,0.430000000000007,"","","0bcd1f9f840df1371881a22812e81549",123,3,120,200,0.024390243902439,0.6,"teaching_fixed","confirmation","null10"
"binary_dense_n300_t01_r0012","binary","dense","teaching_fixed",300,1000,1.3,12,85954752,"ASHMED",0.05,"ok",TRUE,0.920000000000002,"","","660560903dec3537f2d0fc60326f8594",74,5,69,200,0.0675675675675676,0.345,"teaching_fixed","confirmation","null10"
"linear_sparse_n300_t02_r0012","linear","sparse","teaching_fixed",300,1000,1.5,12,107310186,"HDMT",0.05,"ok",TRUE,0.0300000000000011,"ties should not be present for the one-sample Kolmogorov-Smirnov test","","b9e5220f6722e9b22476f097ae2e9f4f",12,1,11,20,0.0833333333333333,0.55,"teaching_fixed","confirmation","null10"
"linear_sparse_n300_t02_r0012","linear","sparse","teaching_fixed",300,1000,1.5,12,107310186,"MDACT",0.05,"ok",TRUE,0,"ties should not be present for the one-sample Kolmogorov-Smirnov test","","cd26fe2a7d860ad4de8dbe28bd5460fb",14,1,13,20,0.0714285714285714,0.65,"teaching_fixed","confirmation","null10"
"linear_sparse_n300_t02_r0012","linear","sparse","teaching_fixed",300,1000,1.5,12,107310186,"MLFDR",0.05,"ok",TRUE,0.230000000000004,"","","5446532fa64ba45bbce3b563e3761ba0",12,0,12,20,0,0.6,"teaching_fixed","confirmation","null10"
"linear_sparse_n300_t02_r0012","linear","sparse","teaching_fixed",300,1000,1.5,12,107310186,"ASHMED",0.05,"ok",TRUE,0.319999999999993,"","","ce4a0113848571071f8a933fa77d362b",2,0,2,20,0,0.1,"teaching_fixed","confirmation","null10"
"confounded_sparse_n300_t02_r0012","confounded","sparse","teaching_fixed",300,1000,1.5,12,193680095,"HDMT",0.05,"ok",TRUE,0.0300000000000011,"ties should not be present for the one-sample Kolmogorov-Smirnov test","","a6473bbc84b1d6845f0e120170a71cf5",2,0,2,20,0,0.1,"teaching_fixed","confirmation","null10"
"confounded_sparse_n300_t02_r0012","confounded","sparse","teaching_fixed",300,1000,1.5,12,193680095,"MDACT",0.05,"ok",TRUE,0,"ties should not be present for the one-sample Kolmogorov-Smirnov test","","606ce5e99299561b2a64ceb635fa9bf2",2,0,2,20,0,0.1,"teaching_fixed","confirmation","null10"
"confounded_sparse_n300_t02_r0012","confounded","sparse","teaching_fixed",300,1000,1.5,12,193680095,"MLFDR",0.05,"ok",TRUE,0.220000000000013,"","","ab97f69df8598ea5a5d41b5604b9f1b7",9,0,9,20,0,0.45,"teaching_fixed","confirmation","null10"
"confounded_sparse_n300_t02_r0012","confounded","sparse","teaching_fixed",300,1000,1.5,12,193680095,"ASHMED",0.05,"ok",TRUE,0.190000000000012,"","","4a563afd91d787edc613456ddb8534f2",1,0,1,20,0,0.05,"teaching_fixed","confirmation","null10"
"binary_sparse_n300_t02_r0012","binary","sparse","teaching_fixed",300,1000,1.5,12,137894409,"HDMT",0.05,"ok",TRUE,0.019999999999996,"","","7c73fd7147ede7434e9535cd98dc1141",9,1,8,20,0.111111111111111,0.4,"teaching_fixed","confirmation","null10"
"binary_sparse_n300_t02_r0012","binary","sparse","teaching_fixed",300,1000,1.5,12,137894409,"MDACT",0.05,"ok",TRUE,0.0200000000000102,"","","e8ac5ce2d3763bba6685f0091aad02fb",10,1,9,20,0.1,0.45,"teaching_fixed","confirmation","null10"
"binary_sparse_n300_t02_r0012","binary","sparse","teaching_fixed",300,1000,1.5,12,137894409,"MLFDR",0.05,"ok",TRUE,0.25,"","","35f9cb2c0b216efeadebbd451d17efdb",17,1,16,20,0.0588235294117647,0.8,"teaching_fixed","confirmation","null10"
"binary_sparse_n300_t02_r0012","binary","sparse","teaching_fixed",300,1000,1.5,12,137894409,"ASHMED",0.05,"ok",TRUE,0.280000000000001,"","","4c568490f651be5accd669879d44efe8",7,0,7,20,0,0.35,"teaching_fixed","confirmation","null10"
"linear_dense_n300_t02_r0012","linear","dense","teaching_fixed",300,1000,1.5,12,55194782,"HDMT",0.05,"ok",TRUE,0.0300000000000011,"ties should not be present for the one-sample Kolmogorov-Smirnov test","","7ae4a33a9d9b222cc69be1604f705c88",104,1,103,200,0.00961538461538462,0.515,"teaching_fixed","confirmation","null10"
"linear_dense_n300_t02_r0012","linear","dense","teaching_fixed",300,1000,1.5,12,55194782,"MDACT",0.05,"ok",TRUE,0,"ties should not be present for the one-sample Kolmogorov-Smirnov test","","e8e33050f62bc388da745478f021e815",106,1,105,200,0.00943396226415094,0.525,"teaching_fixed","confirmation","null10"
"linear_dense_n300_t02_r0012","linear","dense","teaching_fixed",300,1000,1.5,12,55194782,"MLFDR",0.05,"ok",TRUE,0.170000000000002,"","","e94b8fef9afe81d2e194a1bd3b8c073e",160,5,155,200,0.03125,0.775,"teaching_fixed","confirmation","null10"
"linear_dense_n300_t02_r0012","linear","dense","teaching_fixed",300,1000,1.5,12,55194782,"ASHMED",0.05,"ok",TRUE,0.150000000000006,"","","794f19c1d87ebbfdef569b765486e8cf",65,0,65,200,0,0.325,"teaching_fixed","confirmation","null10"
"confounded_dense_n300_t02_r0012","confounded","dense","teaching_fixed",300,1000,1.5,12,152381299,"HDMT",0.05,"ok",TRUE,0.0300000000000011,"ties should not be present for the one-sample Kolmogorov-Smirnov test","","f952771f920fe8ef435f700eeaa6ee9c",130,13,117,200,0.1,0.585,"teaching_fixed","confirmation","null10"
"confounded_dense_n300_t02_r0012","confounded","dense","teaching_fixed",300,1000,1.5,12,152381299,"MDACT",0.05,"ok",TRUE,0.00999999999999091,"ties should not be present for the one-sample Kolmogorov-Smirnov test","","fb77d8ba980ccb8373fc4375b7b684db",137,15,122,200,0.109489051094891,0.61,"teaching_fixed","confirmation","null10"
"confounded_dense_n300_t02_r0012","confounded","dense","teaching_fixed",300,1000,1.5,12,152381299,"MLFDR",0.05,"ok",TRUE,0.390000000000001,"","","55da8f16bcc87915cb386c03ce3bf674",180,10,170,200,0.0555555555555556,0.85,"teaching_fixed","confirmation","null10"
"confounded_dense_n300_t02_r0012","confounded","dense","teaching_fixed",300,1000,1.5,12,152381299,"ASHMED",0.05,"ok",TRUE,0.680000000000007,"","","49ab984f8bba45957917de335ddbb48e",72,0,72,200,0,0.36,"teaching_fixed","confirmation","null10"
"binary_dense_n300_t02_r0012","binary","dense","teaching_fixed",300,1000,1.5,12,156996009,"HDMT",0.05,"ok",TRUE,0.0300000000000011,"","","511755f04d4e9c006ef387acdf320427",102,1,101,200,0.00980392156862745,0.505,"teaching_fixed","confirmation","null10"
"binary_dense_n300_t02_r0012","binary","dense","teaching_fixed",300,1000,1.5,12,156996009,"MDACT",0.05,"ok",TRUE,0,"","","7764c59158509a1482a55d4de8531c05",121,1,120,200,0.00826446280991736,0.6,"teaching_fixed","confirmation","null10"
"binary_dense_n300_t02_r0012","binary","dense","teaching_fixed",300,1000,1.5,12,156996009,"MLFDR",0.05,"ok",TRUE,0.349999999999994,"","","15e4297cec389f970f9f432e49ae1633",159,3,156,200,0.0188679245283019,0.78,"teaching_fixed","confirmation","null10"
"binary_dense_n300_t02_r0012","binary","dense","teaching_fixed",300,1000,1.5,12,156996009,"ASHMED",0.05,"ok",TRUE,0.209999999999994,"","","f16358a104e616e309e9144642753de2",109,1,108,200,0.00917431192660551,0.54,"teaching_fixed","confirmation","null10"
"linear_sparse_n300_t03_r0012","linear","sparse","teaching_fixed",300,1000,1.9,12,222999140,"HDMT",0.05,"ok",TRUE,0.0100000000000051,"ties should not be present for the one-sample Kolmogorov-Smirnov test","","49eee64bb871cdd66a29b793752b57b3",17,0,17,20,0,0.85,"teaching_fixed","confirmation","null10"
"linear_sparse_n300_t03_r0012","linear","sparse","teaching_fixed",300,1000,1.9,12,222999140,"MDACT",0.05,"ok",TRUE,0.00999999999999091,"ties should not be present for the one-sample Kolmogorov-Smirnov test","","bd2e7125e87dde81e7053d0451a1b502",17,0,17,20,0,0.85,"teaching_fixed","confirmation","null10"
"linear_sparse_n300_t03_r0012","linear","sparse","teaching_fixed",300,1000,1.9,12,222999140,"MLFDR",0.05,"ok",TRUE,0.109999999999999,"","","d0254c84f6ba6f28c9cbab2b7d62cab1",20,1,19,20,0.05,0.95,"teaching_fixed","confirmation","null10"
"linear_sparse_n300_t03_r0012","linear","sparse","teaching_fixed",300,1000,1.9,12,222999140,"ASHMED",0.05,"ok",TRUE,0.269999999999996,"","","ddb17082c078c1c17ff57fc9341cde0a",15,0,15,20,0,0.75,"teaching_fixed","confirmation","null10"
"confounded_sparse_n300_t03_r0012","confounded","sparse","teaching_fixed",300,1000,1.9,12,28294745,"HDMT",0.05,"ok",TRUE,0.0300000000000011,"ties should not be present for the one-sample Kolmogorov-Smirnov test","","a22c4738efd7951412df70af991ddb55",16,2,14,20,0.125,0.7,"teaching_fixed","confirmation","null10"
"confounded_sparse_n300_t03_r0012","confounded","sparse","teaching_fixed",300,1000,1.9,12,28294745,"MDACT",0.05,"ok",TRUE,0.0100000000000051,"ties should not be present for the one-sample Kolmogorov-Smirnov test","","9a49375186d23ca7cc280fe83c76bbca",11,0,11,20,0,0.55,"teaching_fixed","confirmation","null10"
"confounded_sparse_n300_t03_r0012","confounded","sparse","teaching_fixed",300,1000,1.9,12,28294745,"MLFDR",0.05,"ok",TRUE,0.189999999999998,"","","0899374438aa1abfbb14c91bb613e802",17,1,16,20,0.0588235294117647,0.8,"teaching_fixed","confirmation","null10"
"confounded_sparse_n300_t03_r0012","confounded","sparse","teaching_fixed",300,1000,1.9,12,28294745,"ASHMED",0.05,"ok",TRUE,0.300000000000011,"","","38f5445352932e62f4f7cd2af864e097",7,0,7,20,0,0.35,"teaching_fixed","confirmation","null10"
"binary_sparse_n300_t03_r0012","binary","sparse","teaching_fixed",300,1000,1.9,12,74797977,"HDMT",0.05,"ok",TRUE,0.019999999999996,"","","8a3a006498a504e2939a3343ec88909b",12,0,12,20,0,0.6,"teaching_fixed","confirmation","null10"
"binary_sparse_n300_t03_r0012","binary","sparse","teaching_fixed",300,1000,1.9,12,74797977,"MDACT",0.05,"ok",TRUE,0.019999999999996,"","","d3359b4638a8fb0905b99f301469ecf2",15,0,15,20,0,0.75,"teaching_fixed","confirmation","null10"
"binary_sparse_n300_t03_r0012","binary","sparse","teaching_fixed",300,1000,1.9,12,74797977,"MLFDR",0.05,"ok",TRUE,0.13000000000001,"","","dd2558678edeeb725382fc45e1d5e067",22,3,19,20,0.136363636363636,0.95,"teaching_fixed","confirmation","null10"
"binary_sparse_n300_t03_r0012","binary","sparse","teaching_fixed",300,1000,1.9,12,74797977,"ASHMED",0.05,"ok",TRUE,0.260000000000005,"","","92794961801ae858f6afe2afac545a4a",14,0,14,20,0,0.7,"teaching_fixed","confirmation","null10"
"linear_dense_n300_t03_r0012","linear","dense","teaching_fixed",300,1000,1.9,12,145218504,"HDMT",0.05,"ok",TRUE,0.0300000000000011,"ties should not be present for the one-sample Kolmogorov-Smirnov test","","2cdba54e0e4b830a182a7ede66995947",183,9,174,200,0.0491803278688525,0.87,"teaching_fixed","confirmation","null10"
"linear_dense_n300_t03_r0012","linear","dense","teaching_fixed",300,1000,1.9,12,145218504,"MDACT",0.05,"ok",TRUE,0,"ties should not be present for the one-sample Kolmogorov-Smirnov test","","020f04d0c5b1ba4f7a416a9411e2ffc1",191,8,183,200,0.0418848167539267,0.915,"teaching_fixed","confirmation","null10"
"linear_dense_n300_t03_r0012","linear","dense","teaching_fixed",300,1000,1.9,12,145218504,"MLFDR",0.05,"ok",TRUE,0.160000000000011,"","","173d9abb6dbc68b58d2a7de49811a1a8",204,10,194,200,0.0490196078431373,0.97,"teaching_fixed","confirmation","null10"
"linear_dense_n300_t03_r0012","linear","dense","teaching_fixed",300,1000,1.9,12,145218504,"ASHMED",0.05,"ok",TRUE,0.280000000000001,"","","1e61af30ddf3a63936cb6ced76f735bb",154,2,152,200,0.012987012987013,0.76,"teaching_fixed","confirmation","null10"
"confounded_dense_n300_t03_r0012","confounded","dense","teaching_fixed",300,1000,1.9,12,111476008,"HDMT",0.05,"ok",TRUE,0.019999999999996,"ties should not be present for the one-sample Kolmogorov-Smirnov test","","a5908cccc5e24fe00aba53071bacd6dc",165,11,154,200,0.0666666666666667,0.77,"teaching_fixed","confirmation","null10"
"confounded_dense_n300_t03_r0012","confounded","dense","teaching_fixed",300,1000,1.9,12,111476008,"MDACT",0.05,"ok",TRUE,0.0200000000000102,"ties should not be present for the one-sample Kolmogorov-Smirnov test","","e4b150e1a9a32865bfbcf68677dccd9c",174,17,157,200,0.0977011494252874,0.785,"teaching_fixed","confirmation","null10"
"confounded_dense_n300_t03_r0012","confounded","dense","teaching_fixed",300,1000,1.9,12,111476008,"MLFDR",0.05,"ok",TRUE,0.290000000000006,"","","aa54890a3e692b9452f0e342f6e67dba",198,10,188,200,0.0505050505050505,0.94,"teaching_fixed","confirmation","null10"
"confounded_dense_n300_t03_r0012","confounded","dense","teaching_fixed",300,1000,1.9,12,111476008,"ASHMED",0.05,"ok",TRUE,0.180000000000007,"","","fd716f42ff2988942538c1512b6f6681",129,3,126,200,0.0232558139534884,0.63,"teaching_fixed","confirmation","null10"
"binary_dense_n300_t03_r0012","binary","dense","teaching_fixed",300,1000,1.9,12,189366417,"HDMT",0.05,"ok",TRUE,0.0300000000000011,"","","dcaea332200b5d24b97cc40743b3a6b8",179,7,172,200,0.0391061452513966,0.86,"teaching_fixed","confirmation","null10"
"binary_dense_n300_t03_r0012","binary","dense","teaching_fixed",300,1000,1.9,12,189366417,"MDACT",0.05,"ok",TRUE,0,"","","236b219b11c49725a68a62428e05472f",184,9,175,200,0.0489130434782609,0.875,"teaching_fixed","confirmation","null10"
"binary_dense_n300_t03_r0012","binary","dense","teaching_fixed",300,1000,1.9,12,189366417,"MLFDR",0.05,"ok",TRUE,0.159999999999997,"","","da75d69af9306bab311d0bd72e18ef0b",200,10,190,200,0.05,0.95,"teaching_fixed","confirmation","null10"
"binary_dense_n300_t03_r0012","binary","dense","teaching_fixed",300,1000,1.9,12,189366417,"ASHMED",0.05,"ok",TRUE,0.280000000000001,"","","a61d1e65dd7d6394bcd00a2657d4dfbb",186,7,179,200,0.0376344086021505,0.895,"teaching_fixed","confirmation","null10"
"linear_sparse_n300_t01_r0009","linear","sparse","teaching_fixed",300,1000,1.3,9,218037109,"ASHMED_Adaptive",0.05,"ok",FALSE,3.32,"","","129e012a1de127b3d80893b4201b2be0",2,0,2,20,0,0.1,"teaching_fixed","confirmation","null10"
"confounded_sparse_n300_t01_r0009","confounded","sparse","teaching_fixed",300,1000,1.3,9,106581991,"ASHMED_Adaptive",0.05,"ok",FALSE,1.81,"","","dcb2c746fc7ae2982c8c81db593f42db",7,0,7,20,0,0.35,"teaching_fixed","confirmation","null10"
"binary_sparse_n300_t01_r0009","binary","sparse","teaching_fixed",300,1000,1.3,9,77178130,"ASHMED_Adaptive",0.05,"ok",FALSE,1.99,"","","ab1d100f541f41f05918977e447a221a",14,1,13,20,0.0714285714285714,0.65,"teaching_fixed","confirmation","null10"
"linear_dense_n300_t01_r0009","linear","dense","teaching_fixed",300,1000,1.3,9,189822594,"ASHMED_Adaptive",0.05,"ok",FALSE,2.84,"","","69100026bd76f9d1495efd479cffd86d",122,9,113,200,0.0737704918032787,0.565,"teaching_fixed","confirmation","null10"
"confounded_dense_n300_t01_r0009","confounded","dense","teaching_fixed",300,1000,1.3,9,183673903,"ASHMED_Adaptive",0.05,"ok",FALSE,2.45,"","","036228843a9959e7d76b087036ae49fc",144,5,139,200,0.0347222222222222,0.695,"teaching_fixed","confirmation","null10"
"binary_dense_n300_t01_r0009","binary","dense","teaching_fixed",300,1000,1.3,9,141024967,"ASHMED_Adaptive",0.05,"ok",FALSE,0.79,"","","92fe83deaaefc99decb6370a94d846cf",141,8,133,200,0.0567375886524823,0.665,"teaching_fixed","confirmation","null10"
"linear_sparse_n300_t02_r0009","linear","sparse","teaching_fixed",300,1000,1.5,9,49032960,"ASHMED_Adaptive",0.05,"ok",FALSE,1.88,"","","5fb88f0a992911d5f612df34e948e841",9,0,9,20,0,0.45,"teaching_fixed","confirmation","null10"
"confounded_sparse_n300_t02_r0009","confounded","sparse","teaching_fixed",300,1000,1.5,9,224239896,"ASHMED_Adaptive",0.05,"ok",FALSE,0.92,"","","ae771abb6fc56f6b5f3a45a274b3d579",13,0,13,20,0,0.65,"teaching_fixed","confirmation","null10"
"binary_sparse_n300_t02_r0009","binary","sparse","teaching_fixed",300,1000,1.5,9,156739578,"ASHMED_Adaptive",0.05,"ok",FALSE,1.41,"","","3c84a949d6584f22ed01a3fb2255f30b",15,2,13,20,0.133333333333333,0.65,"teaching_fixed","confirmation","null10"
"linear_dense_n300_t02_r0009","linear","dense","teaching_fixed",300,1000,1.5,9,254583219,"ASHMED_Adaptive",0.05,"ok",FALSE,1.14,"","","5d8afa58700f3ce58df0dafbe456bcf5",175,5,170,200,0.0285714285714286,0.85,"teaching_fixed","confirmation","null10"
"confounded_dense_n300_t02_r0009","confounded","dense","teaching_fixed",300,1000,1.5,9,107246696,"ASHMED_Adaptive",0.05,"ok",FALSE,0.69,"","","7ef8026d41146897a1cdfb8054745b5e",174,10,164,200,0.0574712643678161,0.82,"teaching_fixed","confirmation","null10"
"binary_dense_n300_t02_r0009","binary","dense","teaching_fixed",300,1000,1.5,9,184040085,"ASHMED_Adaptive",0.05,"ok",FALSE,1.18,"","","a77930975c20b617d06a4b8147a5b7fd",165,6,159,200,0.0363636363636364,0.795,"teaching_fixed","confirmation","null10"
"linear_sparse_n300_t03_r0009","linear","sparse","teaching_fixed",300,1000,1.9,9,64033774,"ASHMED_Adaptive",0.05,"ok",FALSE,1.16,"","","afdfeba7a583b2f87580a500c02f76ca",16,0,16,20,0,0.8,"teaching_fixed","confirmation","null10"
"confounded_sparse_n300_t03_r0009","confounded","sparse","teaching_fixed",300,1000,1.9,9,29763902,"ASHMED_Adaptive",0.05,"ok",FALSE,0.609999999999999,"","","8b86f3d8f66e20592d24335be10957a6",17,1,16,20,0.0588235294117647,0.8,"teaching_fixed","confirmation","null10"
"binary_sparse_n300_t03_r0009","binary","sparse","teaching_fixed",300,1000,1.9,9,197395628,"ASHMED_Adaptive",0.05,"ok",FALSE,0.58,"","","cfaef3a3c8f312cceb6887c9083ae1b5",21,1,20,20,0.0476190476190476,1,"teaching_fixed","confirmation","null10"
"linear_dense_n300_t03_r0009","linear","dense","teaching_fixed",300,1000,1.9,9,65834373,"ASHMED_Adaptive",0.05,"ok",FALSE,3.8,"","","5e1492cdc7618801e0ee750b22ec21f5",196,13,183,200,0.0663265306122449,0.915,"teaching_fixed","confirmation","null10"
"confounded_dense_n300_t03_r0009","confounded","dense","teaching_fixed",300,1000,1.9,9,172971181,"ASHMED_Adaptive",0.05,"ok",FALSE,0.77,"","","1338f60be8c0fbf6d18d96ab6c7358a4",195,11,184,200,0.0564102564102564,0.92,"teaching_fixed","confirmation","null10"
"binary_dense_n300_t03_r0009","binary","dense","teaching_fixed",300,1000,1.9,9,214731417,"ASHMED_Adaptive",0.05,"ok",FALSE,5.51,"","","78318469e386878f0e8fd2ef793ac275",205,14,191,200,0.0682926829268293,0.955,"teaching_fixed","confirmation","null10"
"linear_sparse_n300_t01_r0010","linear","sparse","teaching_fixed",300,1000,1.3,10,31656698,"ASHMED_Adaptive",0.05,"ok",FALSE,1.75,"","","f14b3ce6fabd2dc10d060ec7322f0639",7,1,6,20,0.142857142857143,0.3,"teaching_fixed","confirmation","null10"
"confounded_sparse_n300_t01_r0010","confounded","sparse","teaching_fixed",300,1000,1.3,10,158115245,"ASHMED_Adaptive",0.05,"ok",FALSE,1.56,"","","7e4f2146f739a2088a9861a6769b48de",9,1,8,20,0.111111111111111,0.4,"teaching_fixed","confirmation","null10"
"binary_sparse_n300_t01_r0010","binary","sparse","teaching_fixed",300,1000,1.3,10,241503752,"ASHMED_Adaptive",0.05,"ok",FALSE,2.15,"","","610a7b3d0d2f1aac3c99480b1e1e0647",8,0,8,20,0,0.4,"teaching_fixed","confirmation","null10"
"linear_dense_n300_t01_r0010","linear","dense","teaching_fixed",300,1000,1.3,10,134038110,"ASHMED_Adaptive",0.05,"ok",FALSE,2.11,"","","d379a3f9540972003848aa37fe8c9725",138,9,129,200,0.0652173913043478,0.645,"teaching_fixed","confirmation","null10"
"confounded_dense_n300_t01_r0010","confounded","dense","teaching_fixed",300,1000,1.3,10,47218452,"ASHMED_Adaptive",0.05,"ok",FALSE,1.27,"","","7ca4fd00aa741b59b8bd2671190b9cc7",137,11,126,200,0.0802919708029197,0.63,"teaching_fixed","confirmation","null10"
"binary_dense_n300_t01_r0010","binary","dense","teaching_fixed",300,1000,1.3,10,223330314,"ASHMED_Adaptive",0.05,"ok",FALSE,0.640000000000001,"","","da6093f18d2226673cda987940523308",135,7,128,200,0.0518518518518519,0.64,"teaching_fixed","confirmation","null10"
"linear_sparse_n300_t02_r0010","linear","sparse","teaching_fixed",300,1000,1.5,10,150465602,"ASHMED_Adaptive",0.05,"ok",FALSE,0.699999999999999,"","","87b02a4157dacbcbf2a74ad5a9d6473f",14,1,13,20,0.0714285714285714,0.65,"teaching_fixed","confirmation","null10"
"confounded_sparse_n300_t02_r0010","confounded","sparse","teaching_fixed",300,1000,1.5,10,7632354,"ASHMED_Adaptive",0.05,"ok",FALSE,0.76,"","","2a9079fb80e97cfe2794e023e4e1be8a",18,2,16,20,0.111111111111111,0.8,"teaching_fixed","confirmation","null10"
"binary_sparse_n300_t02_r0010","binary","sparse","teaching_fixed",300,1000,1.5,10,20137433,"ASHMED_Adaptive",0.05,"ok",FALSE,1.01,"","","74cb1dac2ad16a445753a1c77b4493ea",9,0,9,20,0,0.45,"teaching_fixed","confirmation","null10"
"linear_dense_n300_t02_r0010","linear","dense","teaching_fixed",300,1000,1.5,10,128665656,"ASHMED_Adaptive",0.05,"ok",FALSE,0.859999999999999,"","","ac5bd5c365f5f9bb05b964e0e14d7274",156,6,150,200,0.0384615384615385,0.75,"teaching_fixed","confirmation","null10"
"confounded_dense_n300_t02_r0010","confounded","dense","teaching_fixed",300,1000,1.5,10,138232740,"ASHMED_Adaptive",0.05,"ok",FALSE,1.23,"","","f4d8cc86c0214864871ec55f393dc10b",172,10,162,200,0.0581395348837209,0.81,"teaching_fixed","confirmation","null10"
"binary_dense_n300_t02_r0010","binary","dense","teaching_fixed",300,1000,1.5,10,209465327,"ASHMED_Adaptive",0.05,"ok",FALSE,0.889999999999999,"","","9b86fab8e8669c9a445e6eeb133512e5",187,21,166,200,0.112299465240642,0.83,"teaching_fixed","confirmation","null10"
"linear_sparse_n300_t03_r0010","linear","sparse","teaching_fixed",300,1000,1.9,10,118508523,"ASHMED_Adaptive",0.05,"ok",FALSE,0.720000000000001,"","","3da699a9223fdb85152e653ca6f7d30c",18,0,18,20,0,0.9,"teaching_fixed","confirmation","null10"
"confounded_sparse_n300_t03_r0010","confounded","sparse","teaching_fixed",300,1000,1.9,10,174198189,"ASHMED_Adaptive",0.05,"ok",FALSE,1,"","","a45ea9186a4d50e68a18f16bbf42cfff",16,0,16,20,0,0.8,"teaching_fixed","confirmation","null10"
"binary_sparse_n300_t03_r0010","binary","sparse","teaching_fixed",300,1000,1.9,10,145609734,"ASHMED_Adaptive",0.05,"ok",FALSE,0.790000000000001,"","","bf8964340c4f31109f886bc66831448d",17,0,17,20,0,0.85,"teaching_fixed","confirmation","null10"
"linear_dense_n300_t03_r0010","linear","dense","teaching_fixed",300,1000,1.9,10,255863148,"ASHMED_Adaptive",0.05,"ok",FALSE,4.38,"","","448192783cba714bf2d11d8b73aaec1d",205,8,197,200,0.0390243902439024,0.985,"teaching_fixed","confirmation","null10"
"confounded_dense_n300_t03_r0010","confounded","dense","teaching_fixed",300,1000,1.9,10,222983134,"ASHMED_Adaptive",0.05,"ok",FALSE,0.469999999999999,"","","9d2782a0edf15ed39e95736d745c3d1d",197,5,192,200,0.0253807106598985,0.96,"teaching_fixed","confirmation","null10"
"binary_dense_n300_t03_r0010","binary","dense","teaching_fixed",300,1000,1.9,10,11641917,"ASHMED_Adaptive",0.05,"ok",FALSE,3.84,"","","761306972dbe1750132b60029ef71907",196,11,185,200,0.0561224489795918,0.925,"teaching_fixed","confirmation","null10"
"linear_sparse_n300_t01_r0011","linear","sparse","teaching_fixed",300,1000,1.3,11,50206201,"ASHMED_Adaptive",0.05,"ok",FALSE,3.08,"","","738de381102f74005bad911776da2c9f",5,0,5,20,0,0.25,"teaching_fixed","confirmation","null10"
"confounded_sparse_n300_t01_r0011","confounded","sparse","teaching_fixed",300,1000,1.3,11,103192995,"ASHMED_Adaptive",0.05,"ok",FALSE,1.3,"","","7a2c2b734e823f7833e1042c6436fa99",5,0,5,20,0,0.25,"teaching_fixed","confirmation","null10"
"binary_sparse_n300_t01_r0011","binary","sparse","teaching_fixed",300,1000,1.3,11,128723490,"ASHMED_Adaptive",0.05,"ok",FALSE,1.79,"","","c65170f6a3c4a091846b8668845c5b50",7,0,7,20,0,0.35,"teaching_fixed","confirmation","null10"
"linear_dense_n300_t01_r0011","linear","dense","teaching_fixed",300,1000,1.3,11,68108639,"ASHMED_Adaptive",0.05,"ok",FALSE,2.83,"","","af3563454c660768fed9150a61038617",133,9,124,200,0.0676691729323308,0.62,"teaching_fixed","confirmation","null10"
"confounded_dense_n300_t01_r0011","confounded","dense","teaching_fixed",300,1000,1.3,11,40752341,"ASHMED_Adaptive",0.05,"ok",FALSE,3.05,"","","dc33d9d00b202e7c73d835291864c97a",131,7,124,200,0.0534351145038168,0.62,"teaching_fixed","confirmation","null10"
"binary_dense_n300_t01_r0011","binary","dense","teaching_fixed",300,1000,1.3,11,69867726,"ASHMED_Adaptive",0.05,"ok",FALSE,2.16,"","","013d1f486f4eb45565f4b22de960f878",136,8,128,200,0.0588235294117647,0.64,"teaching_fixed","confirmation","null10"
"linear_sparse_n300_t02_r0011","linear","sparse","teaching_fixed",300,1000,1.5,11,207550972,"ASHMED_Adaptive",0.05,"ok",FALSE,0.75,"","","4c4c2bd0a550167c27555ce75c47c738",12,0,12,20,0,0.6,"teaching_fixed","confirmation","null10"
"confounded_sparse_n300_t02_r0011","confounded","sparse","teaching_fixed",300,1000,1.5,11,73850352,"ASHMED_Adaptive",0.05,"ok",FALSE,1.22,"","","13e91971e8383e85bdfa14b520372720",4,0,4,20,0,0.2,"teaching_fixed","confirmation","null10"
"binary_sparse_n300_t02_r0011","binary","sparse","teaching_fixed",300,1000,1.5,11,11374349,"ASHMED_Adaptive",0.05,"ok",FALSE,1.54,"","","07bda83b874980dad0d229ad3fa4b237",12,1,11,20,0.0833333333333333,0.55,"teaching_fixed","confirmation","null10"
"linear_dense_n300_t02_r0011","linear","dense","teaching_fixed",300,1000,1.5,11,101219938,"ASHMED_Adaptive",0.05,"ok",FALSE,0.73,"","","b13dd7d00757590d877d3711fb3ba5e3",175,12,163,200,0.0685714285714286,0.815,"teaching_fixed","confirmation","null10"
"confounded_dense_n300_t02_r0011","confounded","dense","teaching_fixed",300,1000,1.5,11,201338902,"ASHMED_Adaptive",0.05,"ok",FALSE,0.649999999999999,"","","c0bbea10bd29a0afdebbea98d8e9f6f5",191,18,173,200,0.0942408376963351,0.865,"teaching_fixed","confirmation","null10"
"binary_dense_n300_t02_r0011","binary","dense","teaching_fixed",300,1000,1.5,11,189154043,"ASHMED_Adaptive",0.05,"ok",FALSE,0.84,"","","a336a763e445c144b2dcd59e4777e36e",164,9,155,200,0.0548780487804878,0.775,"teaching_fixed","confirmation","null10"
"linear_sparse_n300_t03_r0011","linear","sparse","teaching_fixed",300,1000,1.9,11,205186982,"ASHMED_Adaptive",0.05,"ok",FALSE,0.690000000000001,"","","d19bc903771b3066294457a4c2ced348",15,0,15,20,0,0.75,"teaching_fixed","confirmation","null10"
"confounded_sparse_n300_t03_r0011","confounded","sparse","teaching_fixed",300,1000,1.9,11,265638536,"ASHMED_Adaptive",0.05,"ok",FALSE,0.93,"","","0f51601225d43a23d5ee902de3b09bd8",19,0,19,20,0,0.95,"teaching_fixed","confirmation","null10"
"binary_sparse_n300_t03_r0011","binary","sparse","teaching_fixed",300,1000,1.9,11,472467,"ASHMED_Adaptive",0.05,"ok",FALSE,0.870000000000001,"","","c7dd6314ebc659da84ecbade5992e290",19,1,18,20,0.0526315789473684,0.9,"teaching_fixed","confirmation","null10"
"linear_dense_n300_t03_r0011","linear","dense","teaching_fixed",300,1000,1.9,11,95541711,"ASHMED_Adaptive",0.05,"ok",FALSE,1.64,"","","7934186fc0539e9cf3bb8c2205a64399",194,7,187,200,0.0360824742268041,0.935,"teaching_fixed","confirmation","null10"
"confounded_dense_n300_t03_r0011","confounded","dense","teaching_fixed",300,1000,1.9,11,242660599,"ASHMED_Adaptive",0.05,"ok",FALSE,0.770000000000003,"","","a6490c64844cff5cee5e8bbba984fa9d",192,7,185,200,0.0364583333333333,0.925,"teaching_fixed","confirmation","null10"
"binary_dense_n300_t03_r0011","binary","dense","teaching_fixed",300,1000,1.9,11,249110589,"ASHMED_Adaptive",0.05,"ok",FALSE,4.15,"","","15188d4733da3cad98b44b265a4a5fe8",207,12,195,200,0.0579710144927536,0.975,"teaching_fixed","confirmation","null10"
"linear_sparse_n300_t01_r0012","linear","sparse","teaching_fixed",300,1000,1.3,12,86123533,"ASHMED_Adaptive",0.05,"ok",FALSE,0.919999999999998,"","","4dd435598b3aac06faa6c5b873d20f5b",8,0,8,20,0,0.4,"teaching_fixed","confirmation","null10"
"confounded_sparse_n300_t01_r0012","confounded","sparse","teaching_fixed",300,1000,1.3,12,77154735,"ASHMED_Adaptive",0.05,"ok",FALSE,1.26,"","","88f544d9ee23d33db517fbe433df3728",15,1,14,20,0.0666666666666667,0.7,"teaching_fixed","confirmation","null10"
"binary_sparse_n300_t01_r0012","binary","sparse","teaching_fixed",300,1000,1.3,12,212105905,"ASHMED_Adaptive",0.05,"ok",FALSE,0.73,"","","f75540823fc146832fb1be9f50b40f85",10,0,10,20,0,0.5,"teaching_fixed","confirmation","null10"
"linear_dense_n300_t01_r0012","linear","dense","teaching_fixed",300,1000,1.3,12,118655435,"ASHMED_Adaptive",0.05,"ok",FALSE,3.18,"","","686ac002a3536766d6c034a48a5b9cc8",159,13,146,200,0.0817610062893082,0.73,"teaching_fixed","confirmation","null10"
"confounded_dense_n300_t01_r0012","confounded","dense","teaching_fixed",300,1000,1.3,12,134536761,"ASHMED_Adaptive",0.05,"ok",FALSE,0.75,"","","bd4859d6cd2b3c84e8172eaad144e122",136,4,132,200,0.0294117647058824,0.66,"teaching_fixed","confirmation","null10"
"binary_dense_n300_t01_r0012","binary","dense","teaching_fixed",300,1000,1.3,12,85954752,"ASHMED_Adaptive",0.05,"ok",FALSE,0.740000000000002,"","","b729611e178b52f8faad332eb9cab994",121,3,118,200,0.0247933884297521,0.59,"teaching_fixed","confirmation","null10"
"linear_sparse_n300_t02_r0012","linear","sparse","teaching_fixed",300,1000,1.5,12,107310186,"ASHMED_Adaptive",0.05,"ok",FALSE,0.539999999999999,"","","cffca97bb1efba8e119cda6dda8e8db7",12,0,12,20,0,0.6,"teaching_fixed","confirmation","null10"
"confounded_sparse_n300_t02_r0012","confounded","sparse","teaching_fixed",300,1000,1.5,12,193680095,"ASHMED_Adaptive",0.05,"ok",FALSE,0.669999999999998,"","","9d38c308b85c8600a342125ca573618b",8,0,8,20,0,0.4,"teaching_fixed","confirmation","null10"
"binary_sparse_n300_t02_r0012","binary","sparse","teaching_fixed",300,1000,1.5,12,137894409,"ASHMED_Adaptive",0.05,"ok",FALSE,0.73,"","","23fdf5d48640faf0e36256d69eb3f480",17,1,16,20,0.0588235294117647,0.8,"teaching_fixed","confirmation","null10"
"linear_dense_n300_t02_r0012","linear","dense","teaching_fixed",300,1000,1.5,12,55194782,"ASHMED_Adaptive",0.05,"ok",FALSE,0.579999999999998,"","","9d7acce367d1f7acdbaf2df1ccd9c6a8",159,3,156,200,0.0188679245283019,0.78,"teaching_fixed","confirmation","null10"
"confounded_dense_n300_t02_r0012","confounded","dense","teaching_fixed",300,1000,1.5,12,152381299,"ASHMED_Adaptive",0.05,"ok",FALSE,0.77,"","","88b0654e559e0d0c5d344887e898a975",178,9,169,200,0.050561797752809,0.845,"teaching_fixed","confirmation","null10"
"binary_dense_n300_t02_r0012","binary","dense","teaching_fixed",300,1000,1.5,12,156996009,"ASHMED_Adaptive",0.05,"ok",FALSE,1.08,"","","75e012beb9a798995f8ba748a398f9ca",158,2,156,200,0.0126582278481013,0.78,"teaching_fixed","confirmation","null10"
"linear_sparse_n300_t03_r0012","linear","sparse","teaching_fixed",300,1000,1.9,12,222999140,"ASHMED_Adaptive",0.05,"ok",FALSE,0.5,"","","3ecd7f33065d591b3fed5030a56f5939",20,1,19,20,0.05,0.95,"teaching_fixed","confirmation","null10"
"confounded_sparse_n300_t03_r0012","confounded","sparse","teaching_fixed",300,1000,1.9,12,28294745,"ASHMED_Adaptive",0.05,"ok",FALSE,0.640000000000001,"","","504fc76546c7b272cf50cc46db3335c1",17,1,16,20,0.0588235294117647,0.8,"teaching_fixed","confirmation","null10"
"binary_sparse_n300_t03_r0012","binary","sparse","teaching_fixed",300,1000,1.9,12,74797977,"ASHMED_Adaptive",0.05,"ok",FALSE,1.59,"","","49ed62dcb7381498287419a4e9431887",22,3,19,20,0.136363636363636,0.95,"teaching_fixed","confirmation","null10"
"linear_dense_n300_t03_r0012","linear","dense","teaching_fixed",300,1000,1.9,12,145218504,"ASHMED_Adaptive",0.05,"ok",FALSE,0.57,"","","5b00e614d940db8c625ef78bb60b4102",204,10,194,200,0.0490196078431373,0.97,"teaching_fixed","confirmation","null10"
"confounded_dense_n300_t03_r0012","confounded","dense","teaching_fixed",300,1000,1.9,12,111476008,"ASHMED_Adaptive",0.05,"ok",FALSE,0.75,"","","dee45d4d0646d27058dac72771b3f26e",197,9,188,200,0.0456852791878173,0.94,"teaching_fixed","confirmation","null10"
"binary_dense_n300_t03_r0012","binary","dense","teaching_fixed",300,1000,1.9,12,189366417,"ASHMED_Adaptive",0.05,"ok",FALSE,5.84,"","","3c4d6c47f0717dc115b0c796e40d9762",200,10,190,200,0.05,0.95,"teaching_fixed","confirmation","null10"
