"case_id","scenario","mixture","profile","n","m","tau","replicate","seed","method","q","status","cached","elapsed_seconds","warning","error","cache_key","discoveries","false_discoveries","true_discoveries","alternatives","FDP","power","dataset","stage","arm"
"linear_sparse_n300_t01_r0004","linear","sparse","paper_adjusted",300,1000,1.3,4,95484633,"HDMT",0.05,"ok",TRUE,0.0299999999999976,"ties should not be present for the one-sample Kolmogorov-Smirnov test","","fd819fc2d76b3cb0a6f6c1cffd1db364",3,0,3,17,0,0.176470588235294,"paper_adjusted","development","null90"
"linear_sparse_n300_t01_r0004","linear","sparse","paper_adjusted",300,1000,1.3,4,95484633,"MDACT",0.05,"ok",TRUE,0.0100000000000016,"ties should not be present for the one-sample Kolmogorov-Smirnov test","","dcc0d42b86e21cc3b43e0343364fe399",4,0,4,17,0,0.235294117647059,"paper_adjusted","development","null90"
"linear_sparse_n300_t01_r0004","linear","sparse","paper_adjusted",300,1000,1.3,4,95484633,"MLFDR",0.05,"ok",TRUE,3.73,"","","4ff3c7ecd4f31136a163178609dcf8a4",11,1,10,17,0.0909090909090909,0.588235294117647,"paper_adjusted","development","null90"
"linear_sparse_n300_t01_r0004","linear","sparse","paper_adjusted",300,1000,1.3,4,95484633,"ASHMED",0.05,"ok",TRUE,1.57,"","","91cad5fb25f9bad27b296ae88d2a69a4",2,0,2,17,0,0.117647058823529,"paper_adjusted","development","null90"
"confounded_sparse_n300_t01_r0004","confounded","sparse","paper_adjusted",300,1000,1.3,4,198353107,"HDMT",0.05,"ok",TRUE,0.0300000000000011,"ties should not be present for the one-sample Kolmogorov-Smirnov test","","f05e70cfe445a9cecb096fd90d2ce4a5",10,2,8,22,0.2,0.363636363636364,"paper_adjusted","development","null90"
"confounded_sparse_n300_t01_r0004","confounded","sparse","paper_adjusted",300,1000,1.3,4,198353107,"MDACT",0.05,"ok",TRUE,0.00999999999999801,"ties should not be present for the one-sample Kolmogorov-Smirnov test","","b0f7592d6a8dcb952c2083c5d680dced",10,2,8,22,0.2,0.363636363636364,"paper_adjusted","development","null90"
"confounded_sparse_n300_t01_r0004","confounded","sparse","paper_adjusted",300,1000,1.3,4,198353107,"MLFDR",0.05,"ok",TRUE,0.309999999999999,"","","4106b706031f6ed1b425802891031072",15,2,13,22,0.133333333333333,0.590909090909091,"paper_adjusted","development","null90"
"confounded_sparse_n300_t01_r0004","confounded","sparse","paper_adjusted",300,1000,1.3,4,198353107,"ASHMED",0.05,"ok",TRUE,0.91,"","","8b91212d801956b04455779aeed690eb",4,0,4,22,0,0.181818181818182,"paper_adjusted","development","null90"
"binary_sparse_n300_t01_r0004","binary","sparse","paper_adjusted",300,1000,1.3,4,48050431,"HDMT",0.05,"ok",TRUE,0.0299999999999976,"","","81bb31156e8b95bd5d936a9964786229",1,0,1,15,0,0.0666666666666667,"paper_adjusted","development","null90"
"binary_sparse_n300_t01_r0004","binary","sparse","paper_adjusted",300,1000,1.3,4,48050431,"MDACT",0.05,"ok",TRUE,0.0100000000000016,"","","0f2e36a30d3a88750f5fdb62d9ec322f",1,0,1,15,0,0.0666666666666667,"paper_adjusted","development","null90"
"binary_sparse_n300_t01_r0004","binary","sparse","paper_adjusted",300,1000,1.3,4,48050431,"MLFDR",0.05,"ok",TRUE,0.330000000000002,"","","5eb8aef547d25d339e6bba2badcbaa45",6,0,6,15,0,0.4,"paper_adjusted","development","null90"
"binary_sparse_n300_t01_r0004","binary","sparse","paper_adjusted",300,1000,1.3,4,48050431,"ASHMED",0.05,"ok",TRUE,2.38,"","","5e39bb6822df73ee305052d7c1ddd87f",1,0,1,15,0,0.0666666666666667,"paper_adjusted","development","null90"
"linear_dense_n300_t01_r0004","linear","dense","paper_adjusted",300,1000,1.3,4,223643334,"HDMT",0.05,"ok",TRUE,0.0300000000000011,"ties should not be present for the one-sample Kolmogorov-Smirnov test","","88f7e76e03fc4951f3bcf9153e26b8ad",29,0,29,181,0,0.160220994475138,"paper_adjusted","development","null90"
"linear_dense_n300_t01_r0004","linear","dense","paper_adjusted",300,1000,1.3,4,223643334,"MDACT",0.05,"ok",TRUE,0.0100000000000016,"ties should not be present for the one-sample Kolmogorov-Smirnov test","","8d4c09a1805a64fffc4cb6eae1535713",37,1,36,181,0.027027027027027,0.198895027624309,"paper_adjusted","development","null90"
"linear_dense_n300_t01_r0004","linear","dense","paper_adjusted",300,1000,1.3,4,223643334,"MLFDR",0.05,"ok",TRUE,0.270000000000003,"","","08e783fd9a10aa1084e0efbba85a6d98",89,2,87,181,0.0224719101123595,0.480662983425414,"paper_adjusted","development","null90"
"linear_dense_n300_t01_r0004","linear","dense","paper_adjusted",300,1000,1.3,4,223643334,"ASHMED",0.05,"ok",TRUE,0.219999999999999,"","","70b578fdda0c7e38edad49d0b40a92e1",16,0,16,181,0,0.0883977900552486,"paper_adjusted","development","null90"
"confounded_dense_n300_t01_r0004","confounded","dense","paper_adjusted",300,1000,1.3,4,25681988,"HDMT",0.05,"ok",TRUE,0.0300000000000011,"ties should not be present for the one-sample Kolmogorov-Smirnov test","","bf7074ac20af93d4ea0e4912c7fb5132",95,0,95,215,0,0.441860465116279,"paper_adjusted","development","null90"
"confounded_dense_n300_t01_r0004","confounded","dense","paper_adjusted",300,1000,1.3,4,25681988,"MDACT",0.05,"ok",TRUE,0.0100000000000016,"ties should not be present for the one-sample Kolmogorov-Smirnov test","","b4b68b9795fc743d5f20ca9493ce0168",103,0,103,215,0,0.47906976744186,"paper_adjusted","development","null90"
"confounded_dense_n300_t01_r0004","confounded","dense","paper_adjusted",300,1000,1.3,4,25681988,"MLFDR",0.05,"ok",TRUE,0.419999999999998,"","","a3e182ec63dcad2441d4408b219b53d4",178,10,168,215,0.0561797752808989,0.781395348837209,"paper_adjusted","development","null90"
"confounded_dense_n300_t01_r0004","confounded","dense","paper_adjusted",300,1000,1.3,4,25681988,"ASHMED",0.05,"ok",TRUE,0.5,"","","1375b586de4f7e8e80f21abf7cc6dca1",75,0,75,215,0,0.348837209302326,"paper_adjusted","development","null90"
"binary_dense_n300_t01_r0004","binary","dense","paper_adjusted",300,1000,1.3,4,65613215,"HDMT",0.05,"ok",TRUE,0.0199999999999996,"","","3df28a4ac40b7a28660d03f9d49e15fa",66,1,65,207,0.0151515151515152,0.314009661835749,"paper_adjusted","development","null90"
"binary_dense_n300_t01_r0004","binary","dense","paper_adjusted",300,1000,1.3,4,65613215,"MDACT",0.05,"ok",TRUE,0,"","","bb2022db7e8673f1dcc5748719d027be",82,1,81,207,0.0121951219512195,0.391304347826087,"paper_adjusted","development","null90"
"binary_dense_n300_t01_r0004","binary","dense","paper_adjusted",300,1000,1.3,4,65613215,"MLFDR",0.05,"ok",TRUE,0.350000000000001,"","","1b18a129e1a73892f17bc0f499aae92f",142,6,136,207,0.0422535211267606,0.657004830917874,"paper_adjusted","development","null90"
"binary_dense_n300_t01_r0004","binary","dense","paper_adjusted",300,1000,1.3,4,65613215,"ASHMED",0.05,"ok",TRUE,1.43,"","","9e4861cbfde41c624734da2becb29a12",100,9,91,207,0.09,0.439613526570048,"paper_adjusted","development","null90"
"linear_sparse_n300_t02_r0004","linear","sparse","paper_adjusted",300,1000,1.5,4,176109856,"HDMT",0.05,"ok",TRUE,0.0199999999999996,"ties should not be present for the one-sample Kolmogorov-Smirnov test","","7123fc8c3590729aab1456eb287475d1",11,0,11,23,0,0.478260869565217,"paper_adjusted","development","null90"
"linear_sparse_n300_t02_r0004","linear","sparse","paper_adjusted",300,1000,1.5,4,176109856,"MDACT",0.05,"ok",TRUE,0.00999999999999801,"ties should not be present for the one-sample Kolmogorov-Smirnov test","","f72fb0f17d8506984276ceb68fc40edc",13,1,12,23,0.0769230769230769,0.521739130434783,"paper_adjusted","development","null90"
"linear_sparse_n300_t02_r0004","linear","sparse","paper_adjusted",300,1000,1.5,4,176109856,"MLFDR",0.05,"ok",TRUE,0.59,"","","46963a722dbb7fb77ad0d079f9dcface",17,1,16,23,0.0588235294117647,0.695652173913043,"paper_adjusted","development","null90"
"linear_sparse_n300_t02_r0004","linear","sparse","paper_adjusted",300,1000,1.5,4,176109856,"ASHMED",0.05,"ok",TRUE,0.24,"","","33d5c4f5414d2f2c34e3ee299baccda9",6,0,6,23,0,0.260869565217391,"paper_adjusted","development","null90"
"confounded_sparse_n300_t02_r0004","confounded","sparse","paper_adjusted",300,1000,1.5,4,122233610,"HDMT",0.05,"ok",TRUE,0.00999999999999801,"ties should not be present for the one-sample Kolmogorov-Smirnov test","","f7cbfc79a898f72392560f4ae25283df",1,0,1,19,0,0.0526315789473684,"paper_adjusted","development","null90"
"confounded_sparse_n300_t02_r0004","confounded","sparse","paper_adjusted",300,1000,1.5,4,122233610,"MDACT",0.05,"ok",TRUE,0.0199999999999996,"ties should not be present for the one-sample Kolmogorov-Smirnov test","","43af1022b74facd21071dc54c1929523",1,0,1,19,0,0.0526315789473684,"paper_adjusted","development","null90"
"confounded_sparse_n300_t02_r0004","confounded","sparse","paper_adjusted",300,1000,1.5,4,122233610,"MLFDR",0.05,"ok",TRUE,1.97,"","","116562d906ee681af83e162557752631",4,1,3,19,0.25,0.157894736842105,"paper_adjusted","development","null90"
"confounded_sparse_n300_t02_r0004","confounded","sparse","paper_adjusted",300,1000,1.5,4,122233610,"ASHMED",0.05,"ok",TRUE,0.5,"","","ea4f144978df5bc79cbcaeaf4a3e62f4",1,0,1,19,0,0.0526315789473684,"paper_adjusted","development","null90"
"binary_sparse_n300_t02_r0004","binary","sparse","paper_adjusted",300,1000,1.5,4,217127518,"HDMT",0.05,"ok",TRUE,0.0299999999999976,"","","6a613dcaa46d5be5d9f433823937b080",4,0,4,16,0,0.25,"paper_adjusted","development","null90"
"binary_sparse_n300_t02_r0004","binary","sparse","paper_adjusted",300,1000,1.5,4,217127518,"MDACT",0.05,"ok",TRUE,0.0100000000000016,"","","e42a3676d9127196f28084ba4981bb3d",4,0,4,16,0,0.25,"paper_adjusted","development","null90"
"binary_sparse_n300_t02_r0004","binary","sparse","paper_adjusted",300,1000,1.5,4,217127518,"MLFDR",0.05,"ok",TRUE,0.75,"","","f2403222ffaaba2706af718e5c35c9e9",8,0,8,16,0,0.5,"paper_adjusted","development","null90"
"binary_sparse_n300_t02_r0004","binary","sparse","paper_adjusted",300,1000,1.5,4,217127518,"ASHMED",0.05,"ok",TRUE,0.33,"","","769d50b678bd6b3a945f52d9353d589a",4,0,4,16,0,0.25,"paper_adjusted","development","null90"
"linear_dense_n300_t02_r0004","linear","dense","paper_adjusted",300,1000,1.5,4,235422568,"HDMT",0.05,"ok",TRUE,0.0300000000000011,"ties should not be present for the one-sample Kolmogorov-Smirnov test","","242c7aa777f53bbefe34d54b8dcbd22b",132,4,128,199,0.0303030303030303,0.64321608040201,"paper_adjusted","development","null90"
"linear_dense_n300_t02_r0004","linear","dense","paper_adjusted",300,1000,1.5,4,235422568,"MDACT",0.05,"ok",TRUE,0,"ties should not be present for the one-sample Kolmogorov-Smirnov test","","93a626faae7e7051ce1e2000da323a0b",145,6,139,199,0.0413793103448276,0.698492462311558,"paper_adjusted","development","null90"
"linear_dense_n300_t02_r0004","linear","dense","paper_adjusted",300,1000,1.5,4,235422568,"MLFDR",0.05,"ok",TRUE,0.27,"","","4f51f826ce661fdb2ce6c7e9f5bb4249",195,13,182,199,0.0666666666666667,0.914572864321608,"paper_adjusted","development","null90"
"linear_dense_n300_t02_r0004","linear","dense","paper_adjusted",300,1000,1.5,4,235422568,"ASHMED",0.05,"ok",TRUE,0.25,"","","87133f8874e9f3dde8d02c730598604f",102,1,101,199,0.00980392156862745,0.507537688442211,"paper_adjusted","development","null90"
"confounded_dense_n300_t02_r0004","confounded","dense","paper_adjusted",300,1000,1.5,4,86221430,"HDMT",0.05,"ok",TRUE,0.00999999999999801,"ties should not be present for the one-sample Kolmogorov-Smirnov test","","011e28e6343274bba3243decb51386cd",110,2,108,191,0.0181818181818182,0.565445026178011,"paper_adjusted","development","null90"
"confounded_dense_n300_t02_r0004","confounded","dense","paper_adjusted",300,1000,1.5,4,86221430,"MDACT",0.05,"ok",TRUE,0,"ties should not be present for the one-sample Kolmogorov-Smirnov test","","98602bfb3c77ec060e2f9a1962a2fdc6",120,5,115,191,0.0416666666666667,0.602094240837696,"paper_adjusted","development","null90"
"confounded_dense_n300_t02_r0004","confounded","dense","paper_adjusted",300,1000,1.5,4,86221430,"MLFDR",0.05,"ok",TRUE,0.199999999999999,"","","b95d31c6ca0a894c691c6df8c2cc0a82",170,9,161,191,0.0529411764705882,0.842931937172775,"paper_adjusted","development","null90"
"confounded_dense_n300_t02_r0004","confounded","dense","paper_adjusted",300,1000,1.5,4,86221430,"ASHMED",0.05,"ok",TRUE,0.270000000000001,"","","4d00f1e028e1e8d2778b48869c63f65a",93,1,92,191,0.010752688172043,0.481675392670157,"paper_adjusted","development","null90"
"binary_dense_n300_t02_r0004","binary","dense","paper_adjusted",300,1000,1.5,4,212064024,"HDMT",0.05,"ok",TRUE,0.0399999999999991,"","","15db5576ab77365507d66e6aa6e6912c",143,3,140,198,0.020979020979021,0.707070707070707,"paper_adjusted","development","null90"
"binary_dense_n300_t02_r0004","binary","dense","paper_adjusted",300,1000,1.5,4,212064024,"MDACT",0.05,"ok",TRUE,0.0100000000000016,"","","de67eebc75eb4a98a9da018a2e3e5912",145,2,143,198,0.0137931034482759,0.722222222222222,"paper_adjusted","development","null90"
"binary_dense_n300_t02_r0004","binary","dense","paper_adjusted",300,1000,1.5,4,212064024,"MLFDR",0.05,"ok",TRUE,0.27,"","","d54a31c21e9067c10da95f793abb9a94",186,6,180,198,0.032258064516129,0.909090909090909,"paper_adjusted","development","null90"
"binary_dense_n300_t02_r0004","binary","dense","paper_adjusted",300,1000,1.5,4,212064024,"ASHMED",0.05,"ok",TRUE,0.17,"","","37e07e23c667a4aa418d6965abf13fbe",162,6,156,198,0.037037037037037,0.787878787878788,"paper_adjusted","development","null90"
"linear_sparse_n300_t03_r0004","linear","sparse","paper_adjusted",300,1000,1.9,4,175675833,"HDMT",0.05,"ok",TRUE,0.0200000000000031,"ties should not be present for the one-sample Kolmogorov-Smirnov test","","99e05ba7451665604d9f59c98e0ba7df",8,1,7,15,0.125,0.466666666666667,"paper_adjusted","development","null90"
"linear_sparse_n300_t03_r0004","linear","sparse","paper_adjusted",300,1000,1.9,4,175675833,"MDACT",0.05,"ok",TRUE,0.0199999999999996,"ties should not be present for the one-sample Kolmogorov-Smirnov test","","ad7e4d35d893d2e6d826da5b2afac89e",8,1,7,15,0.125,0.466666666666667,"paper_adjusted","development","null90"
"linear_sparse_n300_t03_r0004","linear","sparse","paper_adjusted",300,1000,1.9,4,175675833,"MLFDR",0.05,"ok",TRUE,0.530000000000001,"","","ec865602ffabe8149936edb50bf011af",11,1,10,15,0.0909090909090909,0.666666666666667,"paper_adjusted","development","null90"
"linear_sparse_n300_t03_r0004","linear","sparse","paper_adjusted",300,1000,1.9,4,175675833,"ASHMED",0.05,"ok",TRUE,0.31,"","","6487634ed4a8faf51c4c33846ac5e561",5,0,5,15,0,0.333333333333333,"paper_adjusted","development","null90"
"confounded_sparse_n300_t03_r0004","confounded","sparse","paper_adjusted",300,1000,1.9,4,109295095,"HDMT",0.05,"ok",TRUE,0.0300000000000011,"ties should not be present for the one-sample Kolmogorov-Smirnov test","","620c82c87e7ac92d1865f7b2f079100d",18,2,16,21,0.111111111111111,0.761904761904762,"paper_adjusted","development","null90"
"confounded_sparse_n300_t03_r0004","confounded","sparse","paper_adjusted",300,1000,1.9,4,109295095,"MDACT",0.05,"ok",TRUE,0.0200000000000031,"ties should not be present for the one-sample Kolmogorov-Smirnov test","","3669b66d9b79a24842bbbb9c30580cd5",19,2,17,21,0.105263157894737,0.80952380952381,"paper_adjusted","development","null90"
"confounded_sparse_n300_t03_r0004","confounded","sparse","paper_adjusted",300,1000,1.9,4,109295095,"MLFDR",0.05,"ok",TRUE,0.16,"","","69a736373e6361124b29f36ef57ce103",19,0,19,21,0,0.904761904761905,"paper_adjusted","development","null90"
"confounded_sparse_n300_t03_r0004","confounded","sparse","paper_adjusted",300,1000,1.9,4,109295095,"ASHMED",0.05,"ok",TRUE,0.24,"","","4ec2f43f2a6dbb578acbb42bdcb9aba0",14,0,14,21,0,0.666666666666667,"paper_adjusted","development","null90"
"binary_sparse_n300_t03_r0004","binary","sparse","paper_adjusted",300,1000,1.9,4,99358646,"HDMT",0.05,"ok",TRUE,0.0300000000000011,"","","47a6488e3426a1fda470cc898b3f51b1",15,0,15,24,0,0.625,"paper_adjusted","development","null90"
"binary_sparse_n300_t03_r0004","binary","sparse","paper_adjusted",300,1000,1.9,4,99358646,"MDACT",0.05,"ok",TRUE,0,"","","19b4997cec67b0d1437cc92f609c70d7",14,0,14,24,0,0.583333333333333,"paper_adjusted","development","null90"
"binary_sparse_n300_t03_r0004","binary","sparse","paper_adjusted",300,1000,1.9,4,99358646,"MLFDR",0.05,"ok",TRUE,0.129999999999999,"","","9b6e57a1446b4ad694fa451cdd5e8419",18,0,18,24,0,0.75,"paper_adjusted","development","null90"
"binary_sparse_n300_t03_r0004","binary","sparse","paper_adjusted",300,1000,1.9,4,99358646,"ASHMED",0.05,"ok",TRUE,0.26,"","","c9e7c5b3538b791f890db366d274a27a",15,0,15,24,0,0.625,"paper_adjusted","development","null90"
"linear_dense_n300_t03_r0004","linear","dense","paper_adjusted",300,1000,1.9,4,215274922,"HDMT",0.05,"ok",TRUE,0.0399999999999991,"ties should not be present for the one-sample Kolmogorov-Smirnov test","","300a65319baa11eef06ed421ad9a2774",217,7,210,226,0.032258064516129,0.929203539823009,"paper_adjusted","development","null90"
"linear_dense_n300_t03_r0004","linear","dense","paper_adjusted",300,1000,1.9,4,215274922,"MDACT",0.05,"ok",TRUE,0,"ties should not be present for the one-sample Kolmogorov-Smirnov test","","17af33172312134775c39c36e118617f",217,7,210,226,0.032258064516129,0.929203539823009,"paper_adjusted","development","null90"
"linear_dense_n300_t03_r0004","linear","dense","paper_adjusted",300,1000,1.9,4,215274922,"MLFDR",0.05,"ok",TRUE,0.120000000000001,"","","bbb8e20a927442d58f23dbf6f84dde10",230,9,221,226,0.0391304347826087,0.97787610619469,"paper_adjusted","development","null90"
"linear_dense_n300_t03_r0004","linear","dense","paper_adjusted",300,1000,1.9,4,215274922,"ASHMED",0.05,"ok",TRUE,0.209999999999999,"","","75fc6d6e2e8eb56dcd4d15f65827e45a",218,7,211,226,0.0321100917431193,0.933628318584071,"paper_adjusted","development","null90"
"confounded_dense_n300_t03_r0004","confounded","dense","paper_adjusted",300,1000,1.9,4,181025285,"HDMT",0.05,"ok",TRUE,0.0299999999999976,"ties should not be present for the one-sample Kolmogorov-Smirnov test","","c943e9ef3c4f278de7d0abe9e295d838",182,10,172,198,0.0549450549450549,0.868686868686869,"paper_adjusted","development","null90"
"confounded_dense_n300_t03_r0004","confounded","dense","paper_adjusted",300,1000,1.9,4,181025285,"MDACT",0.05,"ok",TRUE,0.0199999999999996,"ties should not be present for the one-sample Kolmogorov-Smirnov test","","a73e042b9aeeeeecc735f770ce53b58e",182,10,172,198,0.0549450549450549,0.868686868686869,"paper_adjusted","development","null90"
"confounded_dense_n300_t03_r0004","confounded","dense","paper_adjusted",300,1000,1.9,4,181025285,"MLFDR",0.05,"ok",TRUE,0.18,"","","1c2196a8909137c7be603b20fd9c19b6",198,7,191,198,0.0353535353535354,0.964646464646465,"paper_adjusted","development","null90"
"confounded_dense_n300_t03_r0004","confounded","dense","paper_adjusted",300,1000,1.9,4,181025285,"ASHMED",0.05,"ok",TRUE,0.140000000000001,"","","0adc196ba658eaa9eafc46cea5796afe",168,2,166,198,0.0119047619047619,0.838383838383838,"paper_adjusted","development","null90"
"binary_dense_n300_t03_r0004","binary","dense","paper_adjusted",300,1000,1.9,4,14618708,"HDMT",0.05,"ok",TRUE,0.0299999999999976,"","","beac2385eea631e624ce09190caf9490",128,6,122,184,0.046875,0.66304347826087,"paper_adjusted","development","null90"
"binary_dense_n300_t03_r0004","binary","dense","paper_adjusted",300,1000,1.9,4,14618708,"MDACT",0.05,"ok",TRUE,0.0199999999999996,"","","50d8943d28932b01c6bf341173231a90",140,7,133,184,0.05,0.722826086956522,"paper_adjusted","development","null90"
"binary_dense_n300_t03_r0004","binary","dense","paper_adjusted",300,1000,1.9,4,14618708,"MLFDR",0.05,"ok",TRUE,0.209999999999997,"","","9cc95e2748667dfc5343b427a90c4b7e",178,7,171,184,0.0393258426966292,0.929347826086957,"paper_adjusted","development","null90"
"binary_dense_n300_t03_r0004","binary","dense","paper_adjusted",300,1000,1.9,4,14618708,"ASHMED",0.05,"ok",TRUE,0.199999999999999,"","","5db74f3eb94b54cdf99bb72a5476f383",138,3,135,184,0.0217391304347826,0.733695652173913,"paper_adjusted","development","null90"
"linear_sparse_n300_t01_r0005","linear","sparse","paper_adjusted",300,1000,1.3,5,10847831,"HDMT",0.05,"ok",TRUE,0.0300000000000011,"ties should not be present for the one-sample Kolmogorov-Smirnov test","","bb6c63ff882955d2bfa32ab2dea6f82a",3,0,3,25,0,0.12,"paper_adjusted","development","null90"
"linear_sparse_n300_t01_r0005","linear","sparse","paper_adjusted",300,1000,1.3,5,10847831,"MDACT",0.05,"ok",TRUE,0.0199999999999996,"ties should not be present for the one-sample Kolmogorov-Smirnov test","","505761917770bd432189fc1c9c533b68",13,2,11,25,0.153846153846154,0.44,"paper_adjusted","development","null90"
"linear_sparse_n300_t01_r0005","linear","sparse","paper_adjusted",300,1000,1.3,5,10847831,"MLFDR",0.05,"ok",TRUE,5.07,"","","495a4bbccb8b2a2ea1c1951a56526293",26,7,19,25,0.269230769230769,0.76,"paper_adjusted","development","null90"
"linear_sparse_n300_t01_r0005","linear","sparse","paper_adjusted",300,1000,1.3,5,10847831,"ASHMED",0.05,"ok",TRUE,0.479999999999999,"","","877b3894606a1b9ca3e6f61125f5df70",0,0,0,25,0,0,"paper_adjusted","development","null90"
"confounded_sparse_n300_t01_r0005","confounded","sparse","paper_adjusted",300,1000,1.3,5,172144086,"HDMT",0.05,"ok",TRUE,0.0499999999999972,"ties should not be present for the one-sample Kolmogorov-Smirnov test","","d8f94a1dfa99a4cd9d49eeafbdc4e15b",2,0,2,20,0,0.1,"paper_adjusted","development","null90"
"confounded_sparse_n300_t01_r0005","confounded","sparse","paper_adjusted",300,1000,1.3,5,172144086,"MDACT",0.05,"ok",TRUE,0.00999999999999801,"ties should not be present for the one-sample Kolmogorov-Smirnov test","","e29e918b46bfbe086e58e0ca7ca3eabf",2,0,2,20,0,0.1,"paper_adjusted","development","null90"
"confounded_sparse_n300_t01_r0005","confounded","sparse","paper_adjusted",300,1000,1.3,5,172144086,"MLFDR",0.05,"ok",TRUE,2.61,"","","b827c85721b83fa1d9e95a23d8d08986",17,5,12,20,0.294117647058824,0.6,"paper_adjusted","development","null90"
"confounded_sparse_n300_t01_r0005","confounded","sparse","paper_adjusted",300,1000,1.3,5,172144086,"ASHMED",0.05,"ok",TRUE,0.390000000000001,"","","0cec60a44231961c6cbf4ee3fe2e507a",1,0,1,20,0,0.05,"paper_adjusted","development","null90"
"binary_sparse_n300_t01_r0005","binary","sparse","paper_adjusted",300,1000,1.3,5,61711300,"HDMT",0.05,"ok",TRUE,0.0399999999999991,"","","0ce3ae7deb6baf1263b22b82a57fa7e0",6,0,6,23,0,0.260869565217391,"paper_adjusted","development","null90"
"binary_sparse_n300_t01_r0005","binary","sparse","paper_adjusted",300,1000,1.3,5,61711300,"MDACT",0.05,"ok",TRUE,0,"","","b46c261ab0e22c38791c107e856f7bee",8,0,8,23,0,0.347826086956522,"paper_adjusted","development","null90"
"binary_sparse_n300_t01_r0005","binary","sparse","paper_adjusted",300,1000,1.3,5,61711300,"MLFDR",0.05,"ok",TRUE,0.300000000000001,"","","fbae076db4a6b01dcba5d0139084d2a2",11,0,11,23,0,0.478260869565217,"paper_adjusted","development","null90"
"binary_sparse_n300_t01_r0005","binary","sparse","paper_adjusted",300,1000,1.3,5,61711300,"ASHMED",0.05,"ok",TRUE,0.33,"","","80213081518f340b415d5a3d573488ba",8,0,8,23,0,0.347826086956522,"paper_adjusted","development","null90"
"linear_dense_n300_t01_r0005","linear","dense","paper_adjusted",300,1000,1.3,5,108837877,"HDMT",0.05,"ok",TRUE,0.0199999999999996,"ties should not be present for the one-sample Kolmogorov-Smirnov test","","577e1f949ed881b4cbe7b625cba97e4d",116,7,109,217,0.0603448275862069,0.502304147465438,"paper_adjusted","development","null90"
"linear_dense_n300_t01_r0005","linear","dense","paper_adjusted",300,1000,1.3,5,108837877,"MDACT",0.05,"ok",TRUE,0.0199999999999996,"ties should not be present for the one-sample Kolmogorov-Smirnov test","","88bf8b639d57e88ffa50b2581b7256d3",124,9,115,217,0.0725806451612903,0.529953917050691,"paper_adjusted","development","null90"
"linear_dense_n300_t01_r0005","linear","dense","paper_adjusted",300,1000,1.3,5,108837877,"MLFDR",0.05,"ok",TRUE,0.469999999999999,"","","4d5a711e209003c34dbf7d293c5a30ae",173,15,158,217,0.0867052023121387,0.728110599078341,"paper_adjusted","development","null90"
"linear_dense_n300_t01_r0005","linear","dense","paper_adjusted",300,1000,1.3,5,108837877,"ASHMED",0.05,"ok",TRUE,0.5,"","","77575e64ef60486bb3dd9a76b342a8c5",62,0,62,217,0,0.285714285714286,"paper_adjusted","development","null90"
"confounded_dense_n300_t01_r0005","confounded","dense","paper_adjusted",300,1000,1.3,5,134199027,"HDMT",0.05,"ok",TRUE,0.0299999999999976,"ties should not be present for the one-sample Kolmogorov-Smirnov test","","73e0da96c118cd9b4f5cdc5eed3afc88",79,3,76,187,0.0379746835443038,0.406417112299465,"paper_adjusted","development","null90"
"confounded_dense_n300_t01_r0005","confounded","dense","paper_adjusted",300,1000,1.3,5,134199027,"MDACT",0.05,"ok",TRUE,0,"ties should not be present for the one-sample Kolmogorov-Smirnov test","","0f06330b2602546f96ec81829becac79",92,3,89,187,0.0326086956521739,0.475935828877005,"paper_adjusted","development","null90"
"confounded_dense_n300_t01_r0005","confounded","dense","paper_adjusted",300,1000,1.3,5,134199027,"MLFDR",0.05,"ok",TRUE,0.489999999999998,"","","92348de629e442e72a44b367f3b99bbe",141,7,134,187,0.049645390070922,0.716577540106952,"paper_adjusted","development","null90"
"confounded_dense_n300_t01_r0005","confounded","dense","paper_adjusted",300,1000,1.3,5,134199027,"ASHMED",0.05,"ok",TRUE,0.399999999999999,"","","112e29784cec33035139fd02cc5b455d",63,1,62,187,0.0158730158730159,0.331550802139037,"paper_adjusted","development","null90"
"binary_dense_n300_t01_r0005","binary","dense","paper_adjusted",300,1000,1.3,5,253312943,"HDMT",0.05,"ok",TRUE,0.0100000000000016,"","","3f62feef22d0619f11784749ec0e3998",73,3,70,212,0.0410958904109589,0.330188679245283,"paper_adjusted","development","null90"
"binary_dense_n300_t01_r0005","binary","dense","paper_adjusted",300,1000,1.3,5,253312943,"MDACT",0.05,"ok",TRUE,0,"","","b1f918af488f5d0b8b5ed665dcbfee34",84,4,80,212,0.0476190476190476,0.377358490566038,"paper_adjusted","development","null90"
"binary_dense_n300_t01_r0005","binary","dense","paper_adjusted",300,1000,1.3,5,253312943,"MLFDR",0.05,"ok",TRUE,0.780000000000001,"","","7513adbef97c9f61f54f900f6bbe77ea",148,9,139,212,0.0608108108108108,0.655660377358491,"paper_adjusted","development","null90"
"binary_dense_n300_t01_r0005","binary","dense","paper_adjusted",300,1000,1.3,5,253312943,"ASHMED",0.05,"ok",TRUE,1.43,"","","7b7032d475f42bb3761179a387af3ee6",100,8,92,212,0.08,0.433962264150943,"paper_adjusted","development","null90"
"linear_sparse_n300_t02_r0005","linear","sparse","paper_adjusted",300,1000,1.5,5,197566384,"HDMT",0.05,"ok",TRUE,0.0300000000000011,"ties should not be present for the one-sample Kolmogorov-Smirnov test","","e8f745af10f777037fbdfa47997dcbd9",6,0,6,20,0,0.3,"paper_adjusted","development","null90"
"linear_sparse_n300_t02_r0005","linear","sparse","paper_adjusted",300,1000,1.5,5,197566384,"MDACT",0.05,"ok",TRUE,0.0199999999999996,"ties should not be present for the one-sample Kolmogorov-Smirnov test","","61462a938475c056226542a2dd741ed9",7,0,7,20,0,0.35,"paper_adjusted","development","null90"
"linear_sparse_n300_t02_r0005","linear","sparse","paper_adjusted",300,1000,1.5,5,197566384,"MLFDR",0.05,"ok",TRUE,0.469999999999999,"","","26be3daaeaaa5ad2e42419195f15ea54",11,0,11,20,0,0.55,"paper_adjusted","development","null90"
"linear_sparse_n300_t02_r0005","linear","sparse","paper_adjusted",300,1000,1.5,5,197566384,"ASHMED",0.05,"ok",TRUE,0.629999999999999,"","","ae9f86071e27afd5e433f7de225685c4",6,0,6,20,0,0.3,"paper_adjusted","development","null90"
"confounded_sparse_n300_t02_r0005","confounded","sparse","paper_adjusted",300,1000,1.5,5,68426988,"HDMT",0.05,"ok",TRUE,0.0300000000000011,"ties should not be present for the one-sample Kolmogorov-Smirnov test","","bb9cd16fef6c8e68d191d69cc9f51415",4,0,4,26,0,0.153846153846154,"paper_adjusted","development","null90"
"confounded_sparse_n300_t02_r0005","confounded","sparse","paper_adjusted",300,1000,1.5,5,68426988,"MDACT",0.05,"ok",TRUE,0.0199999999999996,"ties should not be present for the one-sample Kolmogorov-Smirnov test","","50a17a0e59e321898349b6767e28efab",4,0,4,26,0,0.153846153846154,"paper_adjusted","development","null90"
"confounded_sparse_n300_t02_r0005","confounded","sparse","paper_adjusted",300,1000,1.5,5,68426988,"MLFDR",0.05,"ok",TRUE,0.309999999999999,"","","926f7d7913bcb0ce2d434f48c8fa1bf5",10,0,10,26,0,0.384615384615385,"paper_adjusted","development","null90"
"confounded_sparse_n300_t02_r0005","confounded","sparse","paper_adjusted",300,1000,1.5,5,68426988,"ASHMED",0.05,"ok",TRUE,0.289999999999999,"","","574fd8d6ec0be530500f3ef5ca83e9bd",1,0,1,26,0,0.0384615384615385,"paper_adjusted","development","null90"
"binary_sparse_n300_t02_r0005","binary","sparse","paper_adjusted",300,1000,1.5,5,160077102,"HDMT",0.05,"ok",TRUE,0.0200000000000031,"","","bd4f3fda80a17c711f03f627a626057f",12,0,12,18,0,0.666666666666667,"paper_adjusted","development","null90"
"binary_sparse_n300_t02_r0005","binary","sparse","paper_adjusted",300,1000,1.5,5,160077102,"MDACT",0.05,"ok",TRUE,0,"","","e396d0df60ddf57514e6b150b2b59fcb",13,0,13,18,0,0.722222222222222,"paper_adjusted","development","null90"
"binary_sparse_n300_t02_r0005","binary","sparse","paper_adjusted",300,1000,1.5,5,160077102,"MLFDR",0.05,"ok",TRUE,0.199999999999996,"","","b60cdd8c53baef9506c4cbc07e800716",16,2,14,18,0.125,0.777777777777778,"paper_adjusted","development","null90"
"binary_sparse_n300_t02_r0005","binary","sparse","paper_adjusted",300,1000,1.5,5,160077102,"ASHMED",0.05,"ok",TRUE,0.300000000000001,"","","b5132443800e842264c8d8f5d69560db",13,0,13,18,0,0.722222222222222,"paper_adjusted","development","null90"
"linear_dense_n300_t02_r0005","linear","dense","paper_adjusted",300,1000,1.5,5,10202655,"HDMT",0.05,"ok",TRUE,0.0299999999999976,"ties should not be present for the one-sample Kolmogorov-Smirnov test","","dbfe3835e90585ade4cb4185e296113b",127,1,126,203,0.0078740157480315,0.620689655172414,"paper_adjusted","development","null90"
"linear_dense_n300_t02_r0005","linear","dense","paper_adjusted",300,1000,1.5,5,10202655,"MDACT",0.05,"ok",TRUE,0.0199999999999996,"ties should not be present for the one-sample Kolmogorov-Smirnov test","","d29775599626008b7b24c3c57fa8e6fe",136,4,132,203,0.0294117647058824,0.650246305418719,"paper_adjusted","development","null90"
"linear_dense_n300_t02_r0005","linear","dense","paper_adjusted",300,1000,1.5,5,10202655,"MLFDR",0.05,"ok",TRUE,0.230000000000004,"","","d188e7831f60b649131b9fa77a9b1970",196,13,183,203,0.0663265306122449,0.901477832512315,"paper_adjusted","development","null90"
"linear_dense_n300_t02_r0005","linear","dense","paper_adjusted",300,1000,1.5,5,10202655,"ASHMED",0.05,"ok",TRUE,0.379999999999999,"","","d0e92898fc1a3eef06e50de2c0a860f2",121,3,118,203,0.0247933884297521,0.58128078817734,"paper_adjusted","development","null90"
"confounded_dense_n300_t02_r0005","confounded","dense","paper_adjusted",300,1000,1.5,5,22355573,"HDMT",0.05,"ok",TRUE,0.0300000000000011,"ties should not be present for the one-sample Kolmogorov-Smirnov test","","4771d0c67ff543fd6401747d64025a01",145,8,137,204,0.0551724137931034,0.67156862745098,"paper_adjusted","development","null90"
"confounded_dense_n300_t02_r0005","confounded","dense","paper_adjusted",300,1000,1.5,5,22355573,"MDACT",0.05,"ok",TRUE,0.0200000000000031,"ties should not be present for the one-sample Kolmogorov-Smirnov test","","9fe52a80813fe34df44b5981fe4a14a3",155,12,143,204,0.0774193548387097,0.700980392156863,"paper_adjusted","development","null90"
"confounded_dense_n300_t02_r0005","confounded","dense","paper_adjusted",300,1000,1.5,5,22355573,"MLFDR",0.05,"ok",TRUE,0.270000000000003,"","","be2c0b6934209443704893ab1ce10d95",190,12,178,204,0.0631578947368421,0.872549019607843,"paper_adjusted","development","null90"
"confounded_dense_n300_t02_r0005","confounded","dense","paper_adjusted",300,1000,1.5,5,22355573,"ASHMED",0.05,"ok",TRUE,0.18,"","","8726dd141ed4eab38de73058fa4da11d",110,3,107,204,0.0272727272727273,0.524509803921569,"paper_adjusted","development","null90"
"binary_dense_n300_t02_r0005","binary","dense","paper_adjusted",300,1000,1.5,5,59561594,"HDMT",0.05,"ok",TRUE,0.0300000000000011,"","","a2fc1fb3333f163abcc757f60c6f16bb",164,8,156,219,0.0487804878048781,0.712328767123288,"paper_adjusted","development","null90"
"binary_dense_n300_t02_r0005","binary","dense","paper_adjusted",300,1000,1.5,5,59561594,"MDACT",0.05,"ok",TRUE,0.0200000000000031,"","","70b655185708b53cc82886cde2972ba9",170,9,161,219,0.0529411764705882,0.735159817351598,"paper_adjusted","development","null90"
"binary_dense_n300_t02_r0005","binary","dense","paper_adjusted",300,1000,1.5,5,59561594,"MLFDR",0.05,"ok",TRUE,0.270000000000003,"","","ddc494b7a5ab6134c35fd86b0f211f89",207,13,194,219,0.0628019323671498,0.885844748858447,"paper_adjusted","development","null90"
"binary_dense_n300_t02_r0005","binary","dense","paper_adjusted",300,1000,1.5,5,59561594,"ASHMED",0.05,"ok",TRUE,0.199999999999999,"","","448df969de113e56497034b36bf13518",176,11,165,219,0.0625,0.753424657534247,"paper_adjusted","development","null90"
"linear_sparse_n300_t03_r0005","linear","sparse","paper_adjusted",300,1000,1.9,5,40372452,"HDMT",0.05,"ok",TRUE,0.00999999999999801,"ties should not be present for the one-sample Kolmogorov-Smirnov test","","f72e60464be84a72aa9999922e780ec7",17,0,17,24,0,0.708333333333333,"paper_adjusted","development","null90"
"linear_sparse_n300_t03_r0005","linear","sparse","paper_adjusted",300,1000,1.9,5,40372452,"MDACT",0.05,"ok",TRUE,0.00999999999999801,"ties should not be present for the one-sample Kolmogorov-Smirnov test","","d68c88e6cb78e68c02544a0913006938",20,0,20,24,0,0.833333333333333,"paper_adjusted","development","null90"
"linear_sparse_n300_t03_r0005","linear","sparse","paper_adjusted",300,1000,1.9,5,40372452,"MLFDR",0.05,"ok",TRUE,0.190000000000005,"","","1582a5e4b6db7deb75187bdf2662ca25",22,0,22,24,0,0.916666666666667,"paper_adjusted","development","null90"
"linear_sparse_n300_t03_r0005","linear","sparse","paper_adjusted",300,1000,1.9,5,40372452,"ASHMED",0.05,"ok",TRUE,0.25,"","","288f9a79faea7783de342bf38d2119ae",15,0,15,24,0,0.625,"paper_adjusted","development","null90"
"confounded_sparse_n300_t03_r0005","confounded","sparse","paper_adjusted",300,1000,1.9,5,201186306,"HDMT",0.05,"ok",TRUE,0.0200000000000031,"ties should not be present for the one-sample Kolmogorov-Smirnov test","","44f6a1f2d6df9264803ffa6d8cadf1af",10,0,10,18,0,0.555555555555556,"paper_adjusted","development","null90"
"confounded_sparse_n300_t03_r0005","confounded","sparse","paper_adjusted",300,1000,1.9,5,201186306,"MDACT",0.05,"ok",TRUE,0,"ties should not be present for the one-sample Kolmogorov-Smirnov test","","4ea87f0e3c908a1c468fada95493063f",5,0,5,18,0,0.277777777777778,"paper_adjusted","development","null90"
"confounded_sparse_n300_t03_r0005","confounded","sparse","paper_adjusted",300,1000,1.9,5,201186306,"MLFDR",0.05,"ok",TRUE,0.359999999999999,"","","d66d8349e1e9493fbd677cf346f8e8c1",12,1,11,18,0.0833333333333333,0.611111111111111,"paper_adjusted","development","null90"
"confounded_sparse_n300_t03_r0005","confounded","sparse","paper_adjusted",300,1000,1.9,5,201186306,"ASHMED",0.05,"ok",TRUE,0.75,"","","3359208eca59fa36c070fc31fb67ffb1",2,0,2,18,0,0.111111111111111,"paper_adjusted","development","null90"
"binary_sparse_n300_t03_r0005","binary","sparse","paper_adjusted",300,1000,1.9,5,42540023,"HDMT",0.05,"ok",TRUE,0.0799999999999983,"","","a9b5bac5931f2762d9cfa0413bc9b316",23,1,22,23,0.0434782608695652,0.956521739130435,"paper_adjusted","development","null90"
"binary_sparse_n300_t03_r0005","binary","sparse","paper_adjusted",300,1000,1.9,5,42540023,"MDACT",0.05,"ok",TRUE,0.00999999999999801,"","","30b8578fba9499634e7ff8c6b393b7d0",23,1,22,23,0.0434782608695652,0.956521739130435,"paper_adjusted","development","null90"
"binary_sparse_n300_t03_r0005","binary","sparse","paper_adjusted",300,1000,1.9,5,42540023,"MLFDR",0.05,"ok",TRUE,0.259999999999998,"","","f13bbf89b9538290953d79bc5cf1e7dd",24,2,22,23,0.0833333333333333,0.956521739130435,"paper_adjusted","development","null90"
"binary_sparse_n300_t03_r0005","binary","sparse","paper_adjusted",300,1000,1.9,5,42540023,"ASHMED",0.05,"ok",TRUE,0.280000000000001,"","","d58d53616f608dc0b99ad9a75dce3905",21,0,21,23,0,0.91304347826087,"paper_adjusted","development","null90"
"linear_dense_n300_t03_r0005","linear","dense","paper_adjusted",300,1000,1.9,5,152598682,"HDMT",0.05,"ok",TRUE,0.0200000000000031,"ties should not be present for the one-sample Kolmogorov-Smirnov test","","c386cead1b8ccc3cc3c1bc6a2e05315c",202,7,195,212,0.0346534653465347,0.919811320754717,"paper_adjusted","development","null90"
"linear_dense_n300_t03_r0005","linear","dense","paper_adjusted",300,1000,1.9,5,152598682,"MDACT",0.05,"ok",TRUE,0.00999999999999801,"ties should not be present for the one-sample Kolmogorov-Smirnov test","","8d04f6cdb6ea03725f920b7798ec7a9e",202,7,195,212,0.0346534653465347,0.919811320754717,"paper_adjusted","development","null90"
"linear_dense_n300_t03_r0005","linear","dense","paper_adjusted",300,1000,1.9,5,152598682,"MLFDR",0.05,"ok",TRUE,0.159999999999997,"","","1d5f39fab8ddeeb78476f95529abfd04",216,8,208,212,0.037037037037037,0.981132075471698,"paper_adjusted","development","null90"
"linear_dense_n300_t03_r0005","linear","dense","paper_adjusted",300,1000,1.9,5,152598682,"ASHMED",0.05,"ok",TRUE,0.140000000000001,"","","fc71c9c7686c9ad256a4062e8af6f378",212,13,199,212,0.0613207547169811,0.938679245283019,"paper_adjusted","development","null90"
"confounded_dense_n300_t03_r0005","confounded","dense","paper_adjusted",300,1000,1.9,5,70790343,"HDMT",0.05,"ok",TRUE,0.0200000000000031,"ties should not be present for the one-sample Kolmogorov-Smirnov test","","99f91d0763fe754ad63ace2d7e69f1f9",146,5,141,205,0.0342465753424658,0.68780487804878,"paper_adjusted","development","null90"
"confounded_dense_n300_t03_r0005","confounded","dense","paper_adjusted",300,1000,1.9,5,70790343,"MDACT",0.05,"ok",TRUE,0,"ties should not be present for the one-sample Kolmogorov-Smirnov test","","dbb799c93b2e7f75a64f89df5acc96db",155,7,148,205,0.0451612903225806,0.721951219512195,"paper_adjusted","development","null90"
"confounded_dense_n300_t03_r0005","confounded","dense","paper_adjusted",300,1000,1.9,5,70790343,"MLFDR",0.05,"ok",TRUE,0.340000000000003,"","","fd0aeeda696e31eb66f05053109a6fe1",191,5,186,205,0.0261780104712042,0.907317073170732,"paper_adjusted","development","null90"
"confounded_dense_n300_t03_r0005","confounded","dense","paper_adjusted",300,1000,1.9,5,70790343,"ASHMED",0.05,"ok",TRUE,0.199999999999999,"","","d31461a0a2748cab3bb2d14430e0ead0",131,1,130,205,0.00763358778625954,0.634146341463415,"paper_adjusted","development","null90"
"binary_dense_n300_t03_r0005","binary","dense","paper_adjusted",300,1000,1.9,5,93734395,"HDMT",0.05,"ok",TRUE,0.0300000000000011,"","","a0c958ce8d26ebfb4a7aaa5549c6803f",180,8,172,192,0.0444444444444444,0.895833333333333,"paper_adjusted","development","null90"
"binary_dense_n300_t03_r0005","binary","dense","paper_adjusted",300,1000,1.9,5,93734395,"MDACT",0.05,"ok",TRUE,0,"","","ce4b4ba941d1ccd1c6aea547ee899ab9",182,9,173,192,0.0494505494505494,0.901041666666667,"paper_adjusted","development","null90"
"binary_dense_n300_t03_r0005","binary","dense","paper_adjusted",300,1000,1.9,5,93734395,"MLFDR",0.05,"ok",TRUE,0.109999999999999,"","","c440275e1f39278ed2b197404abb10a0",197,9,188,192,0.0456852791878173,0.979166666666667,"paper_adjusted","development","null90"
"binary_dense_n300_t03_r0005","binary","dense","paper_adjusted",300,1000,1.9,5,93734395,"ASHMED",0.05,"ok",TRUE,0.190000000000001,"","","b5e018edfbddd42f4b89cdec8adc7f33",190,12,178,192,0.0631578947368421,0.927083333333333,"paper_adjusted","development","null90"
"linear_sparse_n300_t01_r0006","linear","sparse","paper_adjusted",300,1000,1.3,6,31488383,"HDMT",0.05,"ok",TRUE,0.0300000000000011,"ties should not be present for the one-sample Kolmogorov-Smirnov test","","bc01d3d627c210583be99a38861ce4d0",1,0,1,25,0,0.04,"paper_adjusted","development","null90"
"linear_sparse_n300_t01_r0006","linear","sparse","paper_adjusted",300,1000,1.3,6,31488383,"MDACT",0.05,"ok",TRUE,0,"ties should not be present for the one-sample Kolmogorov-Smirnov test","","608cc7eaedd9f2e52c75b26b6d4ce507",1,0,1,25,0,0.04,"paper_adjusted","development","null90"
"linear_sparse_n300_t01_r0006","linear","sparse","paper_adjusted",300,1000,1.3,6,31488383,"MLFDR",0.05,"ok",TRUE,0.270000000000003,"","","9eccf5546053a4f80dba39973d72d97e",8,1,7,25,0.125,0.28,"paper_adjusted","development","null90"
"linear_sparse_n300_t01_r0006","linear","sparse","paper_adjusted",300,1000,1.3,6,31488383,"ASHMED",0.05,"ok",TRUE,0.449999999999999,"","","4a70976e120d6e2168eca58bb3fd190e",0,0,0,25,0,0,"paper_adjusted","development","null90"
"confounded_sparse_n300_t01_r0006","confounded","sparse","paper_adjusted",300,1000,1.3,6,136007483,"HDMT",0.05,"ok",TRUE,0.0300000000000011,"ties should not be present for the one-sample Kolmogorov-Smirnov test","","f6b1f700579348e31ce55ae50218f23b",18,2,16,24,0.111111111111111,0.666666666666667,"paper_adjusted","development","null90"
"confounded_sparse_n300_t01_r0006","confounded","sparse","paper_adjusted",300,1000,1.3,6,136007483,"MDACT",0.05,"ok",TRUE,0.00999999999999801,"ties should not be present for the one-sample Kolmogorov-Smirnov test","","c87a63fb405990a0b7803038b72fbeac",15,0,15,24,0,0.625,"paper_adjusted","development","null90"
"confounded_sparse_n300_t01_r0006","confounded","sparse","paper_adjusted",300,1000,1.3,6,136007483,"MLFDR",0.05,"ok",TRUE,0.369999999999997,"","","f7d44fb1ede608a5753bb3f8b50cef22",19,2,17,24,0.105263157894737,0.708333333333333,"paper_adjusted","development","null90"
"confounded_sparse_n300_t01_r0006","confounded","sparse","paper_adjusted",300,1000,1.3,6,136007483,"ASHMED",0.05,"ok",TRUE,0.370000000000001,"","","6a6d1a4af738f22cee74d56ecb623d9c",8,0,8,24,0,0.333333333333333,"paper_adjusted","development","null90"
"binary_sparse_n300_t01_r0006","binary","sparse","paper_adjusted",300,1000,1.3,6,249507088,"HDMT",0.05,"ok",TRUE,0.0300000000000011,"","","55568c85ab9b9a56f92e8cdc836b12d7",1,0,1,21,0,0.0476190476190476,"paper_adjusted","development","null90"
"binary_sparse_n300_t01_r0006","binary","sparse","paper_adjusted",300,1000,1.3,6,249507088,"MDACT",0.05,"ok",TRUE,0.0200000000000031,"","","7d51ab3d82da7d10028f42b56b520227",1,0,1,21,0,0.0476190476190476,"paper_adjusted","development","null90"
"binary_sparse_n300_t01_r0006","binary","sparse","paper_adjusted",300,1000,1.3,6,249507088,"MLFDR",0.05,"ok",TRUE,1.43,"","","2d3c29727b23893bf2dc1f5a32bb6b5f",5,0,5,21,0,0.238095238095238,"paper_adjusted","development","null90"
"binary_sparse_n300_t01_r0006","binary","sparse","paper_adjusted",300,1000,1.3,6,249507088,"ASHMED",0.05,"ok",TRUE,1.06,"","","ddc9b74114a69fac510c25aae1677117",1,0,1,21,0,0.0476190476190476,"paper_adjusted","development","null90"
"linear_dense_n300_t01_r0006","linear","dense","paper_adjusted",300,1000,1.3,6,140641956,"HDMT",0.05,"ok",TRUE,0.0399999999999991,"ties should not be present for the one-sample Kolmogorov-Smirnov test","","ea7f90774c2ab01b15f14fb028a8e352",65,0,65,214,0,0.303738317757009,"paper_adjusted","development","null90"
"linear_dense_n300_t01_r0006","linear","dense","paper_adjusted",300,1000,1.3,6,140641956,"MDACT",0.05,"ok",TRUE,0.00999999999999801,"ties should not be present for the one-sample Kolmogorov-Smirnov test","","87aa9cd60e7aee8c045702128f28ccf4",89,6,83,214,0.0674157303370786,0.38785046728972,"paper_adjusted","development","null90"
"linear_dense_n300_t01_r0006","linear","dense","paper_adjusted",300,1000,1.3,6,140641956,"MLFDR",0.05,"ok",TRUE,0.259999999999998,"","","d400301be0cbf14c16a50e034cef31fa",137,6,131,214,0.0437956204379562,0.61214953271028,"paper_adjusted","development","null90"
"linear_dense_n300_t01_r0006","linear","dense","paper_adjusted",300,1000,1.3,6,140641956,"ASHMED",0.05,"ok",TRUE,0.469999999999999,"","","0bdf1ffa4cc93e0a33a3bc7a3717741b",24,0,24,214,0,0.11214953271028,"paper_adjusted","development","null90"
"confounded_dense_n300_t01_r0006","confounded","dense","paper_adjusted",300,1000,1.3,6,58653702,"HDMT",0.05,"ok",TRUE,0.0399999999999991,"ties should not be present for the one-sample Kolmogorov-Smirnov test","","b4d95dc980174a8b9a69a2fd29e2241b",66,4,62,184,0.0606060606060606,0.33695652173913,"paper_adjusted","development","null90"
"confounded_dense_n300_t01_r0006","confounded","dense","paper_adjusted",300,1000,1.3,6,58653702,"MDACT",0.05,"ok",TRUE,0.0200000000000031,"ties should not be present for the one-sample Kolmogorov-Smirnov test","","c56f5205c1086013e6831aa1b68a9371",87,6,81,184,0.0689655172413793,0.440217391304348,"paper_adjusted","development","null90"
"confounded_dense_n300_t01_r0006","confounded","dense","paper_adjusted",300,1000,1.3,6,58653702,"MLFDR",0.05,"ok",TRUE,0.350000000000001,"","","9b47d531fdfa1fae92fe3f08403ac72d",137,5,132,184,0.0364963503649635,0.717391304347826,"paper_adjusted","development","null90"
"confounded_dense_n300_t01_r0006","confounded","dense","paper_adjusted",300,1000,1.3,6,58653702,"ASHMED",0.05,"ok",TRUE,0.190000000000001,"","","826e2345d8bbcd4ec5c789694b79ffda",25,0,25,184,0,0.135869565217391,"paper_adjusted","development","null90"
"binary_dense_n300_t01_r0006","binary","dense","paper_adjusted",300,1000,1.3,6,46564766,"HDMT",0.05,"ok",TRUE,0.0300000000000011,"","","e114dd61461a4f4ff76b02ecd14fec74",87,0,87,213,0,0.408450704225352,"paper_adjusted","development","null90"
"binary_dense_n300_t01_r0006","binary","dense","paper_adjusted",300,1000,1.3,6,46564766,"MDACT",0.05,"ok",TRUE,0.0200000000000031,"","","0dce1b88636f2d6d5ffe5b04d95a0a46",112,1,111,213,0.00892857142857143,0.52112676056338,"paper_adjusted","development","null90"
"binary_dense_n300_t01_r0006","binary","dense","paper_adjusted",300,1000,1.3,6,46564766,"MLFDR",0.05,"ok",TRUE,0.359999999999999,"","","1e4e87f57256028d22c533a16f0fbb6e",172,10,162,213,0.0581395348837209,0.76056338028169,"paper_adjusted","development","null90"
"binary_dense_n300_t01_r0006","binary","dense","paper_adjusted",300,1000,1.3,6,46564766,"ASHMED",0.05,"ok",TRUE,2.44,"","","a4900b6ecef4eb658d8dd31fe9131ba8",127,4,123,213,0.031496062992126,0.577464788732394,"paper_adjusted","development","null90"
"linear_sparse_n300_t02_r0006","linear","sparse","paper_adjusted",300,1000,1.5,6,137367047,"HDMT",0.05,"ok",TRUE,0.0300000000000011,"ties should not be present for the one-sample Kolmogorov-Smirnov test","","d16fb85b801d749f5938ac5f012fdb60",2,0,2,15,0,0.133333333333333,"paper_adjusted","development","null90"
"linear_sparse_n300_t02_r0006","linear","sparse","paper_adjusted",300,1000,1.5,6,137367047,"MDACT",0.05,"ok",TRUE,0,"ties should not be present for the one-sample Kolmogorov-Smirnov test","","0f6abb33fc4050dc05c63b8cb51ac026",7,1,6,15,0.142857142857143,0.4,"paper_adjusted","development","null90"
"linear_sparse_n300_t02_r0006","linear","sparse","paper_adjusted",300,1000,1.5,6,137367047,"MLFDR",0.05,"ok",TRUE,0.700000000000003,"","","aebf6a8752c28884e97c5bcc57669019",6,0,6,15,0,0.4,"paper_adjusted","development","null90"
"linear_sparse_n300_t02_r0006","linear","sparse","paper_adjusted",300,1000,1.5,6,137367047,"ASHMED",0.05,"ok",TRUE,0.559999999999999,"","","88673e35d35b8f3a594f23c74b67568b",1,0,1,15,0,0.0666666666666667,"paper_adjusted","development","null90"
"confounded_sparse_n300_t02_r0006","confounded","sparse","paper_adjusted",300,1000,1.5,6,172920684,"HDMT",0.05,"ok",TRUE,0.0300000000000011,"ties should not be present for the one-sample Kolmogorov-Smirnov test","","c935b00f185f0254db7ac72c007023cb",1,0,1,19,0,0.0526315789473684,"paper_adjusted","development","null90"
"confounded_sparse_n300_t02_r0006","confounded","sparse","paper_adjusted",300,1000,1.5,6,172920684,"MDACT",0.05,"ok",TRUE,0.0200000000000031,"ties should not be present for the one-sample Kolmogorov-Smirnov test","","ca61ee9f4c1aac11a376e12730c297ac",8,1,7,19,0.125,0.368421052631579,"paper_adjusted","development","null90"
"confounded_sparse_n300_t02_r0006","confounded","sparse","paper_adjusted",300,1000,1.5,6,172920684,"MLFDR",0.05,"ok",TRUE,0.240000000000002,"","","2bb2befb9393a744a683bf47febcd448",11,0,11,19,0,0.578947368421053,"paper_adjusted","development","null90"
"confounded_sparse_n300_t02_r0006","confounded","sparse","paper_adjusted",300,1000,1.5,6,172920684,"ASHMED",0.05,"ok",TRUE,0.279999999999998,"","","a0c47f4d8107f3ce671f39750d7ba81e",1,0,1,19,0,0.0526315789473684,"paper_adjusted","development","null90"
"binary_sparse_n300_t02_r0006","binary","sparse","paper_adjusted",300,1000,1.5,6,32880415,"HDMT",0.05,"ok",TRUE,0.0300000000000011,"","","8d9ae0d4906407741ac68e4a69647e07",4,1,3,17,0.25,0.176470588235294,"paper_adjusted","development","null90"
"binary_sparse_n300_t02_r0006","binary","sparse","paper_adjusted",300,1000,1.5,6,32880415,"MDACT",0.05,"ok",TRUE,0.0200000000000031,"","","9138cfc7d0cb76c2b19888784528ea0f",6,1,5,17,0.166666666666667,0.294117647058824,"paper_adjusted","development","null90"
"binary_sparse_n300_t02_r0006","binary","sparse","paper_adjusted",300,1000,1.5,6,32880415,"MLFDR",0.05,"ok",TRUE,0.490000000000002,"","","9f64f7968d063be66608a3a99404e99c",9,1,8,17,0.111111111111111,0.470588235294118,"paper_adjusted","development","null90"
"binary_sparse_n300_t02_r0006","binary","sparse","paper_adjusted",300,1000,1.5,6,32880415,"ASHMED",0.05,"ok",TRUE,0.809999999999999,"","","1064cc90cc7140b548903b9a3e7a02fa",5,1,4,17,0.2,0.235294117647059,"paper_adjusted","development","null90"
"linear_dense_n300_t02_r0006","linear","dense","paper_adjusted",300,1000,1.5,6,247898289,"HDMT",0.05,"ok",TRUE,0.0300000000000011,"ties should not be present for the one-sample Kolmogorov-Smirnov test","","a21b5f9c48d79af212171f5b4579c0a3",153,4,149,196,0.0261437908496732,0.760204081632653,"paper_adjusted","development","null90"
"linear_dense_n300_t02_r0006","linear","dense","paper_adjusted",300,1000,1.5,6,247898289,"MDACT",0.05,"ok",TRUE,0.0200000000000031,"ties should not be present for the one-sample Kolmogorov-Smirnov test","","e50b9876bcfaf4378371f218b95833a5",155,3,152,196,0.0193548387096774,0.775510204081633,"paper_adjusted","development","null90"
"linear_dense_n300_t02_r0006","linear","dense","paper_adjusted",300,1000,1.5,6,247898289,"MLFDR",0.05,"ok",TRUE,0.25,"","","23cb12403d72e93020b059d65fff35ca",192,12,180,196,0.0625,0.918367346938776,"paper_adjusted","development","null90"
"linear_dense_n300_t02_r0006","linear","dense","paper_adjusted",300,1000,1.5,6,247898289,"ASHMED",0.05,"ok",TRUE,0.169999999999998,"","","880754f3ab7472fcf31046692b4c7628",135,0,135,196,0,0.688775510204082,"paper_adjusted","development","null90"
"confounded_dense_n300_t02_r0006","confounded","dense","paper_adjusted",300,1000,1.5,6,77226566,"HDMT",0.05,"ok",TRUE,0.019999999999996,"ties should not be present for the one-sample Kolmogorov-Smirnov test","","701c7674749c9819329d26897565f4c7",123,4,119,196,0.032520325203252,0.607142857142857,"paper_adjusted","development","null90"
"confounded_dense_n300_t02_r0006","confounded","dense","paper_adjusted",300,1000,1.5,6,77226566,"MDACT",0.05,"ok",TRUE,0,"ties should not be present for the one-sample Kolmogorov-Smirnov test","","32c0ecf83b51bd08ed54236c76dd6b41",128,4,124,196,0.03125,0.63265306122449,"paper_adjusted","development","null90"
"confounded_dense_n300_t02_r0006","confounded","dense","paper_adjusted",300,1000,1.5,6,77226566,"MLFDR",0.05,"ok",TRUE,0.5,"","","c1c2b5b253e1d44b23297442b9554532",180,12,168,196,0.0666666666666667,0.857142857142857,"paper_adjusted","development","null90"
"confounded_dense_n300_t02_r0006","confounded","dense","paper_adjusted",300,1000,1.5,6,77226566,"ASHMED",0.05,"ok",TRUE,0.300000000000001,"","","a8e4b22bd86fd611282ad96533bbc8f3",82,1,81,196,0.0121951219512195,0.413265306122449,"paper_adjusted","development","null90"
"binary_dense_n300_t02_r0006","binary","dense","paper_adjusted",300,1000,1.5,6,210656461,"HDMT",0.05,"ok",TRUE,0.0499999999999972,"","","5f5434b2c4f9787bbcb61801caf49011",100,7,93,199,0.07,0.467336683417085,"paper_adjusted","development","null90"
"binary_dense_n300_t02_r0006","binary","dense","paper_adjusted",300,1000,1.5,6,210656461,"MDACT",0.05,"ok",TRUE,0,"","","85a90654871023a0eb1adca6854f58dd",124,10,114,199,0.0806451612903226,0.57286432160804,"paper_adjusted","development","null90"
"binary_dense_n300_t02_r0006","binary","dense","paper_adjusted",300,1000,1.5,6,210656461,"MLFDR",0.05,"ok",TRUE,0.339999999999996,"","","16becec820036dbf0d00c08f1ded946c",170,8,162,199,0.0470588235294118,0.814070351758794,"paper_adjusted","development","null90"
"binary_dense_n300_t02_r0006","binary","dense","paper_adjusted",300,1000,1.5,6,210656461,"ASHMED",0.05,"ok",TRUE,0.199999999999999,"","","7bab1f9d7dee61a19a0c5e6b75a7c9d9",105,6,99,199,0.0571428571428571,0.49748743718593,"paper_adjusted","development","null90"
"linear_sparse_n300_t03_r0006","linear","sparse","paper_adjusted",300,1000,1.9,6,13699505,"HDMT",0.05,"ok",TRUE,0.0300000000000011,"ties should not be present for the one-sample Kolmogorov-Smirnov test","","915d9dbf817033925d5d973419a81ead",10,0,10,26,0,0.384615384615385,"paper_adjusted","development","null90"
"linear_sparse_n300_t03_r0006","linear","sparse","paper_adjusted",300,1000,1.9,6,13699505,"MDACT",0.05,"ok",TRUE,0.00999999999999801,"ties should not be present for the one-sample Kolmogorov-Smirnov test","","cecb48b3fb2cb1dfb67e93192d6ccbd4",16,0,16,26,0,0.615384615384615,"paper_adjusted","development","null90"
"linear_sparse_n300_t03_r0006","linear","sparse","paper_adjusted",300,1000,1.9,6,13699505,"MLFDR",0.05,"ok",TRUE,0.259999999999998,"","","34642628574c1fb5c7601d8822e3b59c",22,0,22,26,0,0.846153846153846,"paper_adjusted","development","null90"
"linear_sparse_n300_t03_r0006","linear","sparse","paper_adjusted",300,1000,1.9,6,13699505,"ASHMED",0.05,"ok",TRUE,1.33,"","","e6cec3a938a23698fed93181b2daf47d",10,0,10,26,0,0.384615384615385,"paper_adjusted","development","null90"
"confounded_sparse_n300_t03_r0006","confounded","sparse","paper_adjusted",300,1000,1.9,6,234008246,"HDMT",0.05,"ok",TRUE,0.0300000000000011,"ties should not be present for the one-sample Kolmogorov-Smirnov test","","65a4d5590cc4d7db8c9ad6bbb7bc68fa",17,0,17,26,0,0.653846153846154,"paper_adjusted","development","null90"
"confounded_sparse_n300_t03_r0006","confounded","sparse","paper_adjusted",300,1000,1.9,6,234008246,"MDACT",0.05,"ok",TRUE,0.0200000000000031,"ties should not be present for the one-sample Kolmogorov-Smirnov test","","df947e116b4f9d3ba6754048023a5637",20,0,20,26,0,0.769230769230769,"paper_adjusted","development","null90"
"confounded_sparse_n300_t03_r0006","confounded","sparse","paper_adjusted",300,1000,1.9,6,234008246,"MLFDR",0.05,"ok",TRUE,0.140000000000001,"","","3a1c93705036af3a8be80eda119f5ee4",27,2,25,26,0.0740740740740741,0.961538461538462,"paper_adjusted","development","null90"
"confounded_sparse_n300_t03_r0006","confounded","sparse","paper_adjusted",300,1000,1.9,6,234008246,"ASHMED",0.05,"ok",TRUE,0.419999999999998,"","","62ab6ac5ac1d50e4facea6b322d5760c",17,0,17,26,0,0.653846153846154,"paper_adjusted","development","null90"
"binary_sparse_n300_t03_r0006","binary","sparse","paper_adjusted",300,1000,1.9,6,14832615,"HDMT",0.05,"ok",TRUE,0.0399999999999991,"","","c40f85b2ca45b9451e6fa1ea79629dd7",19,0,19,21,0,0.904761904761905,"paper_adjusted","development","null90"
"binary_sparse_n300_t03_r0006","binary","sparse","paper_adjusted",300,1000,1.9,6,14832615,"MDACT",0.05,"ok",TRUE,0.0200000000000031,"","","c25c2a5619e207d5b0c5183523ff8945",21,1,20,21,0.0476190476190476,0.952380952380952,"paper_adjusted","development","null90"
"binary_sparse_n300_t03_r0006","binary","sparse","paper_adjusted",300,1000,1.9,6,14832615,"MLFDR",0.05,"ok",TRUE,0.140000000000001,"","","8912c1d0fd56b372b2a0229b7751123c",20,0,20,21,0,0.952380952380952,"paper_adjusted","development","null90"
"binary_sparse_n300_t03_r0006","binary","sparse","paper_adjusted",300,1000,1.9,6,14832615,"ASHMED",0.05,"ok",TRUE,0.25,"","","49f98b55189498ee535760d5b96a970f",20,0,20,21,0,0.952380952380952,"paper_adjusted","development","null90"
"linear_dense_n300_t03_r0006","linear","dense","paper_adjusted",300,1000,1.9,6,104382079,"HDMT",0.05,"ok",TRUE,0.0300000000000011,"ties should not be present for the one-sample Kolmogorov-Smirnov test","","af474fbcda55ee3a1871ea35e10c15f6",184,5,179,221,0.0271739130434783,0.809954751131222,"paper_adjusted","development","null90"
"linear_dense_n300_t03_r0006","linear","dense","paper_adjusted",300,1000,1.9,6,104382079,"MDACT",0.05,"ok",TRUE,0.00999999999999801,"ties should not be present for the one-sample Kolmogorov-Smirnov test","","90ae8db068da7a95c9afc61531b6bf7f",184,5,179,221,0.0271739130434783,0.809954751131222,"paper_adjusted","development","null90"
"linear_dense_n300_t03_r0006","linear","dense","paper_adjusted",300,1000,1.9,6,104382079,"MLFDR",0.05,"ok",TRUE,0.280000000000001,"","","7837607d62279136a7151bf0a60894e2",222,9,213,221,0.0405405405405405,0.963800904977376,"paper_adjusted","development","null90"
"linear_dense_n300_t03_r0006","linear","dense","paper_adjusted",300,1000,1.9,6,104382079,"ASHMED",0.05,"ok",TRUE,0.260000000000002,"","","19105ba2b424b6b6445c1d811ede58d7",189,6,183,221,0.0317460317460317,0.828054298642534,"paper_adjusted","development","null90"
"confounded_dense_n300_t03_r0006","confounded","dense","paper_adjusted",300,1000,1.9,6,174690890,"HDMT",0.05,"ok",TRUE,0.0300000000000011,"ties should not be present for the one-sample Kolmogorov-Smirnov test","","a8cf71f8499fcacfdafed17bed87e853",167,3,164,186,0.0179640718562874,0.881720430107527,"paper_adjusted","development","null90"
"confounded_dense_n300_t03_r0006","confounded","dense","paper_adjusted",300,1000,1.9,6,174690890,"MDACT",0.05,"ok",TRUE,0,"ties should not be present for the one-sample Kolmogorov-Smirnov test","","9716cf3054aad157ee85949ab2bccb92",172,4,168,186,0.0232558139534884,0.903225806451613,"paper_adjusted","development","null90"
"confounded_dense_n300_t03_r0006","confounded","dense","paper_adjusted",300,1000,1.9,6,174690890,"MLFDR",0.05,"ok",TRUE,0.159999999999997,"","","75b799996eb3e265a9ef29d72ccec4a1",189,7,182,186,0.037037037037037,0.978494623655914,"paper_adjusted","development","null90"
"confounded_dense_n300_t03_r0006","confounded","dense","paper_adjusted",300,1000,1.9,6,174690890,"ASHMED",0.05,"ok",TRUE,0.260000000000002,"","","24bbf628a89d14aa526ea73265ee7729",157,2,155,186,0.0127388535031847,0.833333333333333,"paper_adjusted","development","null90"
"binary_dense_n300_t03_r0006","binary","dense","paper_adjusted",300,1000,1.9,6,13417686,"HDMT",0.05,"ok",TRUE,0.00999999999999801,"","","37ba2a5835900cd7bcfa619a47d6f27b",207,11,196,211,0.0531400966183575,0.928909952606635,"paper_adjusted","development","null90"
"binary_dense_n300_t03_r0006","binary","dense","paper_adjusted",300,1000,1.9,6,13417686,"MDACT",0.05,"ok",TRUE,0,"","","20ac8dab7a9e7a7ac307e99d8b9b7c15",206,11,195,211,0.0533980582524272,0.924170616113744,"paper_adjusted","development","null90"
"binary_dense_n300_t03_r0006","binary","dense","paper_adjusted",300,1000,1.9,6,13417686,"MLFDR",0.05,"ok",TRUE,0.100000000000001,"","","26aab8a107cbf4a0c36c91ec2cae9a8f",210,7,203,211,0.0333333333333333,0.962085308056872,"paper_adjusted","development","null90"
"binary_dense_n300_t03_r0006","binary","dense","paper_adjusted",300,1000,1.9,6,13417686,"ASHMED",0.05,"ok",TRUE,0.219999999999999,"","","71b6a1475ca31d78fce6d213384dc325",216,20,196,211,0.0925925925925926,0.928909952606635,"paper_adjusted","development","null90"
"linear_sparse_n300_t01_r0007","linear","sparse","paper_adjusted",300,1000,1.3,7,227711122,"HDMT",0.05,"ok",TRUE,0.0300000000000011,"ties should not be present for the one-sample Kolmogorov-Smirnov test","","c49dcc16909214ead6334b5dd8c64d5b",1,0,1,16,0,0.0625,"paper_adjusted","development","null90"
"linear_sparse_n300_t01_r0007","linear","sparse","paper_adjusted",300,1000,1.3,7,227711122,"MDACT",0.05,"ok",TRUE,0.019999999999996,"ties should not be present for the one-sample Kolmogorov-Smirnov test","","7330a80788189865deec21880047b354",2,0,2,16,0,0.125,"paper_adjusted","development","null90"
"linear_sparse_n300_t01_r0007","linear","sparse","paper_adjusted",300,1000,1.3,7,227711122,"MLFDR",0.05,"ok",TRUE,0.780000000000001,"","","680125a4bb0a4a4d51b2c5b5384ec2b0",8,2,6,16,0.25,0.375,"paper_adjusted","development","null90"
"linear_sparse_n300_t01_r0007","linear","sparse","paper_adjusted",300,1000,1.3,7,227711122,"ASHMED",0.05,"ok",TRUE,1.08,"","","943af79dba4588daf40373580087a3e4",1,0,1,16,0,0.0625,"paper_adjusted","development","null90"
"confounded_sparse_n300_t01_r0007","confounded","sparse","paper_adjusted",300,1000,1.3,7,185695362,"HDMT",0.05,"ok",TRUE,0.0300000000000011,"ties should not be present for the one-sample Kolmogorov-Smirnov test","","18d9c17e9ef43760dc2c61108c78af88",5,0,5,19,0,0.263157894736842,"paper_adjusted","development","null90"
"confounded_sparse_n300_t01_r0007","confounded","sparse","paper_adjusted",300,1000,1.3,7,185695362,"MDACT",0.05,"ok",TRUE,0,"ties should not be present for the one-sample Kolmogorov-Smirnov test","","05861386ccab5debef9d75abe1237657",5,0,5,19,0,0.263157894736842,"paper_adjusted","development","null90"
"confounded_sparse_n300_t01_r0007","confounded","sparse","paper_adjusted",300,1000,1.3,7,185695362,"MLFDR",0.05,"ok",TRUE,1.36,"","","e33adc9f109b34e83a823300843727a2",8,0,8,19,0,0.421052631578947,"paper_adjusted","development","null90"
"confounded_sparse_n300_t01_r0007","confounded","sparse","paper_adjusted",300,1000,1.3,7,185695362,"ASHMED",0.05,"ok",TRUE,0.370000000000001,"","","90b01a30b5b07021af835e5829adac39",5,0,5,19,0,0.263157894736842,"paper_adjusted","development","null90"
"binary_sparse_n300_t01_r0007","binary","sparse","paper_adjusted",300,1000,1.3,7,70257972,"HDMT",0.05,"ok",TRUE,0.00999999999999801,"","","888c6f1254dabdf63b4db83e9957b9bb",2,0,2,19,0,0.105263157894737,"paper_adjusted","development","null90"
"binary_sparse_n300_t01_r0007","binary","sparse","paper_adjusted",300,1000,1.3,7,70257972,"MDACT",0.05,"ok",TRUE,0.00999999999999801,"","","c3025ed4dc6375f6bf7789ff45f5f583",2,0,2,19,0,0.105263157894737,"paper_adjusted","development","null90"
"binary_sparse_n300_t01_r0007","binary","sparse","paper_adjusted",300,1000,1.3,7,70257972,"MLFDR",0.05,"ok",TRUE,0.619999999999997,"","","6de71d2c2a0c8bfe0f7b69a54b57f6a7",8,1,7,19,0.125,0.368421052631579,"paper_adjusted","development","null90"
"binary_sparse_n300_t01_r0007","binary","sparse","paper_adjusted",300,1000,1.3,7,70257972,"ASHMED",0.05,"ok",TRUE,0.490000000000002,"","","8f7681f56a8b4178f42f04d52ff907fa",2,0,2,19,0,0.105263157894737,"paper_adjusted","development","null90"
"linear_dense_n300_t01_r0007","linear","dense","paper_adjusted",300,1000,1.3,7,241217592,"HDMT",0.05,"ok",TRUE,0.0300000000000011,"ties should not be present for the one-sample Kolmogorov-Smirnov test","","e09f08c36c1982a79fd2905cf079c8fb",69,1,68,187,0.0144927536231884,0.363636363636364,"paper_adjusted","development","null90"
"linear_dense_n300_t01_r0007","linear","dense","paper_adjusted",300,1000,1.3,7,241217592,"MDACT",0.05,"ok",TRUE,0,"ties should not be present for the one-sample Kolmogorov-Smirnov test","","e136a6ed9be0777d8d4c1f868b8d1f3c",84,1,83,187,0.0119047619047619,0.443850267379679,"paper_adjusted","development","null90"
"linear_dense_n300_t01_r0007","linear","dense","paper_adjusted",300,1000,1.3,7,241217592,"MLFDR",0.05,"ok",TRUE,0.259999999999998,"","","de6187897b89bad256d04ff6722be406",136,5,131,187,0.0367647058823529,0.700534759358289,"paper_adjusted","development","null90"
"linear_dense_n300_t01_r0007","linear","dense","paper_adjusted",300,1000,1.3,7,241217592,"ASHMED",0.05,"ok",TRUE,0.25,"","","f3506428f95a31a6751db46587c68a29",53,1,52,187,0.0188679245283019,0.27807486631016,"paper_adjusted","development","null90"
"confounded_dense_n300_t01_r0007","confounded","dense","paper_adjusted",300,1000,1.3,7,89235431,"HDMT",0.05,"ok",TRUE,0.0300000000000011,"ties should not be present for the one-sample Kolmogorov-Smirnov test","","b1aba49f9651e643c0cf096c749eb50d",44,0,44,187,0,0.235294117647059,"paper_adjusted","development","null90"
"confounded_dense_n300_t01_r0007","confounded","dense","paper_adjusted",300,1000,1.3,7,89235431,"MDACT",0.05,"ok",TRUE,0.00999999999999801,"ties should not be present for the one-sample Kolmogorov-Smirnov test","","148a020444afa4bf4f26b3d86e282f56",70,4,66,187,0.0571428571428571,0.352941176470588,"paper_adjusted","development","null90"
"confounded_dense_n300_t01_r0007","confounded","dense","paper_adjusted",300,1000,1.3,7,89235431,"MLFDR",0.05,"ok",TRUE,0.339999999999996,"","","f416e34cced3905727ac6d5c7eeacd95",104,3,101,187,0.0288461538461538,0.540106951871658,"paper_adjusted","development","null90"
"confounded_dense_n300_t01_r0007","confounded","dense","paper_adjusted",300,1000,1.3,7,89235431,"ASHMED",0.05,"ok",TRUE,0.169999999999998,"","","450848bbcb2ddba1e53ef6ea64e5ab72",21,0,21,187,0,0.112299465240642,"paper_adjusted","development","null90"
"binary_dense_n300_t01_r0007","binary","dense","paper_adjusted",300,1000,1.3,7,116258530,"HDMT",0.05,"ok",TRUE,0.0300000000000011,"","","ca6adba4826acf66bd4ac74e2c3c47db",48,0,48,189,0,0.253968253968254,"paper_adjusted","development","null90"
"binary_dense_n300_t01_r0007","binary","dense","paper_adjusted",300,1000,1.3,7,116258530,"MDACT",0.05,"ok",TRUE,0.019999999999996,"","","775833ddce7ae128c3cd285c4b34d8d9",59,0,59,189,0,0.312169312169312,"paper_adjusted","development","null90"
"binary_dense_n300_t01_r0007","binary","dense","paper_adjusted",300,1000,1.3,7,116258530,"MLFDR",0.05,"ok",TRUE,0.609999999999999,"","","92731d730ebf18eca85b861d9eedd4ce",106,3,103,189,0.0283018867924528,0.544973544973545,"paper_adjusted","development","null90"
"binary_dense_n300_t01_r0007","binary","dense","paper_adjusted",300,1000,1.3,7,116258530,"ASHMED",0.05,"ok",TRUE,1.1,"","","ce4f93741c39bd57425306176ac870e7",61,2,59,189,0.0327868852459016,0.312169312169312,"paper_adjusted","development","null90"
"linear_sparse_n300_t02_r0007","linear","sparse","paper_adjusted",300,1000,1.5,7,134744444,"HDMT",0.05,"ok",TRUE,0.0200000000000031,"ties should not be present for the one-sample Kolmogorov-Smirnov test","","a349f23a31a7f5f5f721cbb3f23678f7",2,0,2,9,0,0.222222222222222,"paper_adjusted","development","null90"
"linear_sparse_n300_t02_r0007","linear","sparse","paper_adjusted",300,1000,1.5,7,134744444,"MDACT",0.05,"ok",TRUE,0,"ties should not be present for the one-sample Kolmogorov-Smirnov test","","0f3b07a3f2ce6ea55ee76d03a90a0f8e",2,0,2,9,0,0.222222222222222,"paper_adjusted","development","null90"
"linear_sparse_n300_t02_r0007","linear","sparse","paper_adjusted",300,1000,1.5,7,134744444,"MLFDR",0.05,"ok",TRUE,0.139999999999993,"","","820a8c8a06924f81fd2e49962de400bb",4,1,3,9,0.25,0.333333333333333,"paper_adjusted","development","null90"
"linear_sparse_n300_t02_r0007","linear","sparse","paper_adjusted",300,1000,1.5,7,134744444,"ASHMED",0.05,"ok",TRUE,0.529999999999998,"","","9a96b9d187c4f284e17833934ce4f104",0,0,0,9,0,0,"paper_adjusted","development","null90"
"confounded_sparse_n300_t02_r0007","confounded","sparse","paper_adjusted",300,1000,1.5,7,189890030,"HDMT",0.05,"ok",TRUE,0.0200000000000031,"ties should not be present for the one-sample Kolmogorov-Smirnov test","","61899f9d52193d71bc4c158bae40f675",15,5,10,13,0.333333333333333,0.769230769230769,"paper_adjusted","development","null90"
"confounded_sparse_n300_t02_r0007","confounded","sparse","paper_adjusted",300,1000,1.5,7,189890030,"MDACT",0.05,"ok",TRUE,0,"ties should not be present for the one-sample Kolmogorov-Smirnov test","","bb8bfa7ba99551e179534211f6cb9c25",1,0,1,13,0,0.0769230769230769,"paper_adjusted","development","null90"
"confounded_sparse_n300_t02_r0007","confounded","sparse","paper_adjusted",300,1000,1.5,7,189890030,"MLFDR",0.05,"ok",TRUE,0.259999999999998,"","","cdb0b1d3fe2e401d684989d015b88f42",5,0,5,13,0,0.384615384615385,"paper_adjusted","development","null90"
"confounded_sparse_n300_t02_r0007","confounded","sparse","paper_adjusted",300,1000,1.5,7,189890030,"ASHMED",0.05,"ok",TRUE,0.23,"","","52fa45feafa5cb633314ad58ed01dd3e",0,0,0,13,0,0,"paper_adjusted","development","null90"
"binary_sparse_n300_t02_r0007","binary","sparse","paper_adjusted",300,1000,1.5,7,266586441,"HDMT",0.05,"ok",TRUE,0.0300000000000011,"","","16758720a00ed233d2ddf5392b82ced2",0,0,0,17,0,0,"paper_adjusted","development","null90"
"binary_sparse_n300_t02_r0007","binary","sparse","paper_adjusted",300,1000,1.5,7,266586441,"MDACT",0.05,"ok",TRUE,0.00999999999999801,"","","3b0f120ed3d0e59c33af1738e33a2254",5,0,5,17,0,0.294117647058824,"paper_adjusted","development","null90"
"binary_sparse_n300_t02_r0007","binary","sparse","paper_adjusted",300,1000,1.5,7,266586441,"MLFDR",0.05,"ok",TRUE,0.390000000000001,"","","ae9a6d74b82cc755f65729122c2d1dde",7,0,7,17,0,0.411764705882353,"paper_adjusted","development","null90"
"binary_sparse_n300_t02_r0007","binary","sparse","paper_adjusted",300,1000,1.5,7,266586441,"ASHMED",0.05,"ok",TRUE,0.48,"","","12ad98ac06691fe89d4c32202fc3e221",0,0,0,17,0,0,"paper_adjusted","development","null90"
"linear_dense_n300_t02_r0007","linear","dense","paper_adjusted",300,1000,1.5,7,91328463,"HDMT",0.05,"ok",TRUE,0.0300000000000011,"ties should not be present for the one-sample Kolmogorov-Smirnov test","","ad1bfbbfe8aecd6378a08011b1d8646e",95,2,93,197,0.0210526315789474,0.472081218274112,"paper_adjusted","development","null90"
"linear_dense_n300_t02_r0007","linear","dense","paper_adjusted",300,1000,1.5,7,91328463,"MDACT",0.05,"ok",TRUE,0.0200000000000031,"ties should not be present for the one-sample Kolmogorov-Smirnov test","","63747cfbebcd27c2087a9e1f274fdee1",104,3,101,197,0.0288461538461538,0.512690355329949,"paper_adjusted","development","null90"
"linear_dense_n300_t02_r0007","linear","dense","paper_adjusted",300,1000,1.5,7,91328463,"MLFDR",0.05,"ok",TRUE,0.32,"","","b8e1d4ff63c97d6bc0d0d57c2adcbb08",170,11,159,197,0.0647058823529412,0.807106598984772,"paper_adjusted","development","null90"
"linear_dense_n300_t02_r0007","linear","dense","paper_adjusted",300,1000,1.5,7,91328463,"ASHMED",0.05,"ok",TRUE,0.280000000000001,"","","96a0ea68a3b5e7fafa51caf52509158f",67,0,67,197,0,0.34010152284264,"paper_adjusted","development","null90"
"confounded_dense_n300_t02_r0007","confounded","dense","paper_adjusted",300,1000,1.5,7,160308905,"HDMT",0.05,"ok",TRUE,0.0300000000000011,"ties should not be present for the one-sample Kolmogorov-Smirnov test","","261b7daf5b9e8363839b53a03c88e510",170,7,163,218,0.0411764705882353,0.747706422018349,"paper_adjusted","development","null90"
"confounded_dense_n300_t02_r0007","confounded","dense","paper_adjusted",300,1000,1.5,7,160308905,"MDACT",0.05,"ok",TRUE,0.00999999999999801,"ties should not be present for the one-sample Kolmogorov-Smirnov test","","92002fcfe9f7992262823da1e926057b",172,7,165,218,0.0406976744186047,0.756880733944954,"paper_adjusted","development","null90"
"confounded_dense_n300_t02_r0007","confounded","dense","paper_adjusted",300,1000,1.5,7,160308905,"MLFDR",0.05,"ok",TRUE,0.170000000000002,"","","74a6f9bb11c919bdc402f84ea3244165",208,10,198,218,0.0480769230769231,0.908256880733945,"paper_adjusted","development","null90"
"confounded_dense_n300_t02_r0007","confounded","dense","paper_adjusted",300,1000,1.5,7,160308905,"ASHMED",0.05,"ok",TRUE,0.34,"","","127c6102cbf2e20054013a7b02ffaa27",126,0,126,218,0,0.577981651376147,"paper_adjusted","development","null90"
"binary_dense_n300_t02_r0007","binary","dense","paper_adjusted",300,1000,1.5,7,55158131,"HDMT",0.05,"ok",TRUE,0.00999999999999801,"","","54aacab6f0d2c0ce64d6f96b4fe14345",121,7,114,188,0.0578512396694215,0.606382978723404,"paper_adjusted","development","null90"
"binary_dense_n300_t02_r0007","binary","dense","paper_adjusted",300,1000,1.5,7,55158131,"MDACT",0.05,"ok",TRUE,0,"","","a8554737618c9f9fa1df379a791b726b",127,8,119,188,0.062992125984252,0.632978723404255,"paper_adjusted","development","null90"
"binary_dense_n300_t02_r0007","binary","dense","paper_adjusted",300,1000,1.5,7,55158131,"MLFDR",0.05,"ok",TRUE,0.25,"","","644f59d0d6b76a36830f39d932189947",161,2,159,188,0.0124223602484472,0.845744680851064,"paper_adjusted","development","null90"
"binary_dense_n300_t02_r0007","binary","dense","paper_adjusted",300,1000,1.5,7,55158131,"ASHMED",0.05,"ok",TRUE,0.25,"","","97437ba1b5e13333719dac796cef603b",124,8,116,188,0.0645161290322581,0.617021276595745,"paper_adjusted","development","null90"
"linear_sparse_n300_t03_r0007","linear","sparse","paper_adjusted",300,1000,1.9,7,227978865,"HDMT",0.05,"ok",TRUE,0.0200000000000031,"ties should not be present for the one-sample Kolmogorov-Smirnov test","","e364ab5c4ae40b44e34c8382245ba046",8,1,7,21,0.125,0.333333333333333,"paper_adjusted","development","null90"
"linear_sparse_n300_t03_r0007","linear","sparse","paper_adjusted",300,1000,1.9,7,227978865,"MDACT",0.05,"ok",TRUE,0,"ties should not be present for the one-sample Kolmogorov-Smirnov test","","006703aeffafbe84a4abdf33d78ac06c",7,0,7,21,0,0.333333333333333,"paper_adjusted","development","null90"
"linear_sparse_n300_t03_r0007","linear","sparse","paper_adjusted",300,1000,1.9,7,227978865,"MLFDR",0.05,"ok",TRUE,2.19,"","","7bbd80bff970289fb2fbe96797265b39",40,19,21,21,0.475,1,"paper_adjusted","development","null90"
"linear_sparse_n300_t03_r0007","linear","sparse","paper_adjusted",300,1000,1.9,7,227978865,"ASHMED",0.05,"ok",TRUE,0.389999999999997,"","","caa280271f3b34285060e0089c69b757",3,0,3,21,0,0.142857142857143,"paper_adjusted","development","null90"
"confounded_sparse_n300_t03_r0007","confounded","sparse","paper_adjusted",300,1000,1.9,7,109260165,"HDMT",0.05,"ok",TRUE,0.0300000000000011,"ties should not be present for the one-sample Kolmogorov-Smirnov test","","075a2dd828a8d79b1a7c61bc4244393c",15,1,14,19,0.0666666666666667,0.736842105263158,"paper_adjusted","development","null90"
"confounded_sparse_n300_t03_r0007","confounded","sparse","paper_adjusted",300,1000,1.9,7,109260165,"MDACT",0.05,"ok",TRUE,0.0200000000000031,"ties should not be present for the one-sample Kolmogorov-Smirnov test","","309edfebbd4ce04483c314476b074910",16,1,15,19,0.0625,0.789473684210526,"paper_adjusted","development","null90"
"confounded_sparse_n300_t03_r0007","confounded","sparse","paper_adjusted",300,1000,1.9,7,109260165,"MLFDR",0.05,"ok",TRUE,0.160000000000004,"","","f097411a3adab7bc7800c5d5f272403a",18,0,18,19,0,0.947368421052632,"paper_adjusted","development","null90"
"confounded_sparse_n300_t03_r0007","confounded","sparse","paper_adjusted",300,1000,1.9,7,109260165,"ASHMED",0.05,"ok",TRUE,0.289999999999999,"","","854cd8c806bd8bebfec422749dabb014",13,0,13,19,0,0.684210526315789,"paper_adjusted","development","null90"
"binary_sparse_n300_t03_r0007","binary","sparse","paper_adjusted",300,1000,1.9,7,196537243,"HDMT",0.05,"ok",TRUE,0.0300000000000011,"","","bfdc0096e16e8babe6cdbfd396be2fd0",28,1,27,29,0.0357142857142857,0.931034482758621,"paper_adjusted","development","null90"
"binary_sparse_n300_t03_r0007","binary","sparse","paper_adjusted",300,1000,1.9,7,196537243,"MDACT",0.05,"ok",TRUE,0.00999999999999801,"","","975e8449418135b46e16f22cedf7e7a9",21,0,21,29,0,0.724137931034483,"paper_adjusted","development","null90"
"binary_sparse_n300_t03_r0007","binary","sparse","paper_adjusted",300,1000,1.9,7,196537243,"MLFDR",0.05,"ok",TRUE,0.119999999999997,"","","5d5b5205fffeb96e1206ab3d020be2a4",29,1,28,29,0.0344827586206897,0.96551724137931,"paper_adjusted","development","null90"
"binary_sparse_n300_t03_r0007","binary","sparse","paper_adjusted",300,1000,1.9,7,196537243,"ASHMED",0.05,"ok",TRUE,0.289999999999999,"","","22efacc462a9de1fb3c1c101357289f5",25,0,25,29,0,0.862068965517241,"paper_adjusted","development","null90"
"linear_dense_n300_t03_r0007","linear","dense","paper_adjusted",300,1000,1.9,7,118954621,"HDMT",0.05,"ok",TRUE,0.0300000000000011,"ties should not be present for the one-sample Kolmogorov-Smirnov test","","e6dd51a41dfd398e65ef36b842be4ee8",104,1,103,212,0.00961538461538462,0.485849056603774,"paper_adjusted","development","null90"
"linear_dense_n300_t03_r0007","linear","dense","paper_adjusted",300,1000,1.9,7,118954621,"MDACT",0.05,"ok",TRUE,0.00999999999999801,"ties should not be present for the one-sample Kolmogorov-Smirnov test","","c9fc39e5fb8dce56629de4d4d1823739",112,1,111,212,0.00892857142857143,0.523584905660377,"paper_adjusted","development","null90"
"linear_dense_n300_t03_r0007","linear","dense","paper_adjusted",300,1000,1.9,7,118954621,"MLFDR",0.05,"ok",TRUE,0.479999999999997,"","","57ed835cfb5b17096fc4051c38fbcbca",178,7,171,212,0.0393258426966292,0.806603773584906,"paper_adjusted","development","null90"
"linear_dense_n300_t03_r0007","linear","dense","paper_adjusted",300,1000,1.9,7,118954621,"ASHMED",0.05,"ok",TRUE,0.200000000000003,"","","0c4326e8cc78f99296585575685c9afd",81,1,80,212,0.0123456790123457,0.377358490566038,"paper_adjusted","development","null90"
"confounded_dense_n300_t03_r0007","confounded","dense","paper_adjusted",300,1000,1.9,7,181621925,"HDMT",0.05,"ok",TRUE,0.00999999999999801,"ties should not be present for the one-sample Kolmogorov-Smirnov test","","2d9e590e88ffacb22b594107615b9dd1",191,14,177,201,0.0732984293193717,0.880597014925373,"paper_adjusted","development","null90"
"confounded_dense_n300_t03_r0007","confounded","dense","paper_adjusted",300,1000,1.9,7,181621925,"MDACT",0.05,"ok",TRUE,0,"ties should not be present for the one-sample Kolmogorov-Smirnov test","","a96a66ae01d375e119e1e5c67480cac1",191,14,177,201,0.0732984293193717,0.880597014925373,"paper_adjusted","development","null90"
"confounded_dense_n300_t03_r0007","confounded","dense","paper_adjusted",300,1000,1.9,7,181621925,"MLFDR",0.05,"ok",TRUE,0.18,"","","d05a0604cd80cb1ac74f0f735eb56461",199,10,189,201,0.050251256281407,0.940298507462687,"paper_adjusted","development","null90"
"confounded_dense_n300_t03_r0007","confounded","dense","paper_adjusted",300,1000,1.9,7,181621925,"ASHMED",0.05,"ok",TRUE,0.16,"","","1654ab73bace40e073a286de533990ed",178,8,170,201,0.0449438202247191,0.845771144278607,"paper_adjusted","development","null90"
"binary_dense_n300_t03_r0007","binary","dense","paper_adjusted",300,1000,1.9,7,25976497,"HDMT",0.05,"ok",TRUE,0.0300000000000011,"","","69fb55b3107879426658040738102813",181,8,173,198,0.0441988950276243,0.873737373737374,"paper_adjusted","development","null90"
"binary_dense_n300_t03_r0007","binary","dense","paper_adjusted",300,1000,1.9,7,25976497,"MDACT",0.05,"ok",TRUE,0.00999999999999801,"","","3f3a37719872c05e0af3f0aedeb298d3",184,8,176,198,0.0434782608695652,0.888888888888889,"paper_adjusted","development","null90"
"binary_dense_n300_t03_r0007","binary","dense","paper_adjusted",300,1000,1.9,7,25976497,"MLFDR",0.05,"ok",TRUE,0.25,"","","087e80dbb23280a85eaeb6b940ce97a1",204,12,192,198,0.0588235294117647,0.96969696969697,"paper_adjusted","development","null90"
"binary_dense_n300_t03_r0007","binary","dense","paper_adjusted",300,1000,1.9,7,25976497,"ASHMED",0.05,"ok",TRUE,0.25,"","","7cacbe2b69ee1dfbb5cd7142190f5db8",199,21,178,198,0.105527638190955,0.898989898989899,"paper_adjusted","development","null90"
"linear_sparse_n300_t01_r0008","linear","sparse","paper_adjusted",300,1000,1.3,8,4369987,"HDMT",0.05,"ok",TRUE,0.0300000000000011,"ties should not be present for the one-sample Kolmogorov-Smirnov test","","768b0effe9c8333b23e1bec981bb10ae",7,0,7,25,0,0.28,"paper_adjusted","development","null90"
"linear_sparse_n300_t01_r0008","linear","sparse","paper_adjusted",300,1000,1.3,8,4369987,"MDACT",0.05,"ok",TRUE,0.00999999999999801,"ties should not be present for the one-sample Kolmogorov-Smirnov test","","ced2c677cee0a33d108f436858e21754",7,0,7,25,0,0.28,"paper_adjusted","development","null90"
"linear_sparse_n300_t01_r0008","linear","sparse","paper_adjusted",300,1000,1.3,8,4369987,"MLFDR",0.05,"ok",TRUE,0.299999999999997,"","","7159ee4633cf62a0795aec34e382b1c1",19,1,18,25,0.0526315789473684,0.72,"paper_adjusted","development","null90"
"linear_sparse_n300_t01_r0008","linear","sparse","paper_adjusted",300,1000,1.3,8,4369987,"ASHMED",0.05,"ok",TRUE,0.309999999999999,"","","c59e2d96459eca06a6be0d5ee8ed814a",4,0,4,25,0,0.16,"paper_adjusted","development","null90"
"confounded_sparse_n300_t01_r0008","confounded","sparse","paper_adjusted",300,1000,1.3,8,211724716,"HDMT",0.05,"ok",TRUE,0.029999999999994,"ties should not be present for the one-sample Kolmogorov-Smirnov test","","191a34b5d09c798b8e442e47d02077b3",9,1,8,26,0.111111111111111,0.307692307692308,"paper_adjusted","development","null90"
"confounded_sparse_n300_t01_r0008","confounded","sparse","paper_adjusted",300,1000,1.3,8,211724716,"MDACT",0.05,"ok",TRUE,0.00999999999999801,"ties should not be present for the one-sample Kolmogorov-Smirnov test","","97e464b89f8979c5bc88953d58a36709",13,1,12,26,0.0769230769230769,0.461538461538462,"paper_adjusted","development","null90"
"confounded_sparse_n300_t01_r0008","confounded","sparse","paper_adjusted",300,1000,1.3,8,211724716,"MLFDR",0.05,"ok",TRUE,0.289999999999999,"","","df145c36dee1a6bea50962b0707cd92e",20,1,19,26,0.05,0.730769230769231,"paper_adjusted","development","null90"
"confounded_sparse_n300_t01_r0008","confounded","sparse","paper_adjusted",300,1000,1.3,8,211724716,"ASHMED",0.05,"ok",TRUE,0.890000000000001,"","","34f34bf47c56629c99f2d78fc01867ef",3,0,3,26,0,0.115384615384615,"paper_adjusted","development","null90"
"binary_sparse_n300_t01_r0008","binary","sparse","paper_adjusted",300,1000,1.3,8,179267389,"HDMT",0.05,"ok",TRUE,0.0300000000000011,"","","04b42840d1eaa15690390369b6927a04",6,0,6,30,0,0.2,"paper_adjusted","development","null90"
"binary_sparse_n300_t01_r0008","binary","sparse","paper_adjusted",300,1000,1.3,8,179267389,"MDACT",0.05,"ok",TRUE,0,"","","f526703b283bb2f8dffbfdac1a4b6921",12,0,12,30,0,0.4,"paper_adjusted","development","null90"
"binary_sparse_n300_t01_r0008","binary","sparse","paper_adjusted",300,1000,1.3,8,179267389,"MLFDR",0.05,"ok",TRUE,0.350000000000001,"","","cda7078859bd81cd21c46f5dbaa9ae63",15,1,14,30,0.0666666666666667,0.466666666666667,"paper_adjusted","development","null90"
"binary_sparse_n300_t01_r0008","binary","sparse","paper_adjusted",300,1000,1.3,8,179267389,"ASHMED",0.05,"ok",TRUE,0.640000000000001,"","","efc79c8ca6e08ed8d1ee75fc4ee4e254",7,0,7,30,0,0.233333333333333,"paper_adjusted","development","null90"
"linear_dense_n300_t01_r0008","linear","dense","paper_adjusted",300,1000,1.3,8,38768928,"HDMT",0.05,"ok",TRUE,0.0200000000000031,"ties should not be present for the one-sample Kolmogorov-Smirnov test","","59f6449354e8d25dd564e9947cbabf5e",72,3,69,221,0.0416666666666667,0.312217194570136,"paper_adjusted","development","null90"
"linear_dense_n300_t01_r0008","linear","dense","paper_adjusted",300,1000,1.3,8,38768928,"MDACT",0.05,"ok",TRUE,0.00999999999999801,"ties should not be present for the one-sample Kolmogorov-Smirnov test","","20f8a6ff7960a036b49dfb2a5c95362f",87,5,82,221,0.0574712643678161,0.3710407239819,"paper_adjusted","development","null90"
"linear_dense_n300_t01_r0008","linear","dense","paper_adjusted",300,1000,1.3,8,38768928,"MLFDR",0.05,"ok",TRUE,0.419999999999995,"","","46b90f42ea4e2eb0d0be4699073eb3cd",155,6,149,221,0.0387096774193548,0.67420814479638,"paper_adjusted","development","null90"
"linear_dense_n300_t01_r0008","linear","dense","paper_adjusted",300,1000,1.3,8,38768928,"ASHMED",0.05,"ok",TRUE,0.310000000000002,"","","4938928e76d8ff0e8d3954dfd83c2985",37,1,36,221,0.027027027027027,0.16289592760181,"paper_adjusted","development","null90"
"confounded_dense_n300_t01_r0008","confounded","dense","paper_adjusted",300,1000,1.3,8,123819269,"HDMT",0.05,"ok",TRUE,0.019999999999996,"ties should not be present for the one-sample Kolmogorov-Smirnov test","","5aad6c22107013d73fe6594f210ca052",82,1,81,200,0.0121951219512195,0.405,"paper_adjusted","development","null90"
"confounded_dense_n300_t01_r0008","confounded","dense","paper_adjusted",300,1000,1.3,8,123819269,"MDACT",0.05,"ok",TRUE,0,"ties should not be present for the one-sample Kolmogorov-Smirnov test","","e5fc3afc82f5a15d7c4ed05701fe4523",103,4,99,200,0.0388349514563107,0.495,"paper_adjusted","development","null90"
"confounded_dense_n300_t01_r0008","confounded","dense","paper_adjusted",300,1000,1.3,8,123819269,"MLFDR",0.05,"ok",TRUE,0.240000000000002,"","","a5cf405c8e058dc33ce97f6eae680d2a",163,12,151,200,0.0736196319018405,0.755,"paper_adjusted","development","null90"
"confounded_dense_n300_t01_r0008","confounded","dense","paper_adjusted",300,1000,1.3,8,123819269,"ASHMED",0.05,"ok",TRUE,0.34,"","","6df947f2f44c000ced8d8e71bf0a4d76",61,0,61,200,0,0.305,"paper_adjusted","development","null90"
"binary_dense_n300_t01_r0008","binary","dense","paper_adjusted",300,1000,1.3,8,211752150,"HDMT",0.05,"ok",TRUE,0.0300000000000011,"","","8f23936a07381391bf805c7d7d9fc69c",89,1,88,184,0.0112359550561798,0.478260869565217,"paper_adjusted","development","null90"
"binary_dense_n300_t01_r0008","binary","dense","paper_adjusted",300,1000,1.3,8,211752150,"MDACT",0.05,"ok",TRUE,0.00999999999999801,"","","881a30d4a44277329e40c5a5bae67fd1",107,2,105,184,0.0186915887850467,0.570652173913043,"paper_adjusted","development","null90"
"binary_dense_n300_t01_r0008","binary","dense","paper_adjusted",300,1000,1.3,8,211752150,"MLFDR",0.05,"ok",TRUE,0.279999999999994,"","","68fae349bce5082ba67d907e20fbb653",140,4,136,184,0.0285714285714286,0.739130434782609,"paper_adjusted","development","null90"
"binary_dense_n300_t01_r0008","binary","dense","paper_adjusted",300,1000,1.3,8,211752150,"ASHMED",0.05,"ok",TRUE,0.419999999999998,"","","2f2c0735d9589744c2e4c128eac7efea",113,3,110,184,0.0265486725663717,0.597826086956522,"paper_adjusted","development","null90"
"linear_sparse_n300_t02_r0008","linear","sparse","paper_adjusted",300,1000,1.5,8,201766340,"HDMT",0.05,"ok",TRUE,0.0300000000000011,"ties should not be present for the one-sample Kolmogorov-Smirnov test","","c0de178150c7091ebbf4a3f15e678bfe",14,0,14,18,0,0.777777777777778,"paper_adjusted","development","null90"
"linear_sparse_n300_t02_r0008","linear","sparse","paper_adjusted",300,1000,1.5,8,201766340,"MDACT",0.05,"ok",TRUE,0.0200000000000031,"ties should not be present for the one-sample Kolmogorov-Smirnov test","","0532b4ba3730eb06cd84bfb3360ccffd",11,0,11,18,0,0.611111111111111,"paper_adjusted","development","null90"
"linear_sparse_n300_t02_r0008","linear","sparse","paper_adjusted",300,1000,1.5,8,201766340,"MLFDR",0.05,"ok",TRUE,0.289999999999999,"","","d4fa45d19d1fceb9c78ea264f9e8a8ed",15,0,15,18,0,0.833333333333333,"paper_adjusted","development","null90"
"linear_sparse_n300_t02_r0008","linear","sparse","paper_adjusted",300,1000,1.5,8,201766340,"ASHMED",0.05,"ok",TRUE,0.27,"","","a7bea40af4bccfa9c8273c40242aa59f",7,0,7,18,0,0.388888888888889,"paper_adjusted","development","null90"
"confounded_sparse_n300_t02_r0008","confounded","sparse","paper_adjusted",300,1000,1.5,8,185306473,"HDMT",0.05,"ok",TRUE,0.0300000000000011,"ties should not be present for the one-sample Kolmogorov-Smirnov test","","a04403d76f53b8eecb3a220c3c266200",4,0,4,11,0,0.363636363636364,"paper_adjusted","development","null90"
"confounded_sparse_n300_t02_r0008","confounded","sparse","paper_adjusted",300,1000,1.5,8,185306473,"MDACT",0.05,"ok",TRUE,0,"ties should not be present for the one-sample Kolmogorov-Smirnov test","","92a47e6cf26f0493f5bb6e7079a0ba83",4,0,4,11,0,0.363636363636364,"paper_adjusted","development","null90"
"confounded_sparse_n300_t02_r0008","confounded","sparse","paper_adjusted",300,1000,1.5,8,185306473,"MLFDR",0.05,"ok",TRUE,0.189999999999998,"","","71c2b4c178ea2df18826ca0775d280fb",6,0,6,11,0,0.545454545454545,"paper_adjusted","development","null90"
"confounded_sparse_n300_t02_r0008","confounded","sparse","paper_adjusted",300,1000,1.5,8,185306473,"ASHMED",0.05,"ok",TRUE,0.199999999999999,"","","f6c137fe2bb2c86d071b8a2301a74be0",1,0,1,11,0,0.0909090909090909,"paper_adjusted","development","null90"
"binary_sparse_n300_t02_r0008","binary","sparse","paper_adjusted",300,1000,1.5,8,3574882,"HDMT",0.05,"ok",TRUE,0.0300000000000011,"","","45e00c4b621f9be425c67ac95024a0fd",11,0,11,18,0,0.611111111111111,"paper_adjusted","development","null90"
"binary_sparse_n300_t02_r0008","binary","sparse","paper_adjusted",300,1000,1.5,8,3574882,"MDACT",0.05,"ok",TRUE,0,"","","96ca55c0c1f17e542923620765fab2e8",6,0,6,18,0,0.333333333333333,"paper_adjusted","development","null90"
"binary_sparse_n300_t02_r0008","binary","sparse","paper_adjusted",300,1000,1.5,8,3574882,"MLFDR",0.05,"ok",TRUE,0.649999999999999,"","","09b504eb952100b1ab6f5ee7cc212941",10,0,10,18,0,0.555555555555556,"paper_adjusted","development","null90"
"binary_sparse_n300_t02_r0008","binary","sparse","paper_adjusted",300,1000,1.5,8,3574882,"ASHMED",0.05,"ok",TRUE,0.850000000000001,"","","b26a553416c31ecf6479772deedbc0fc",4,0,4,18,0,0.222222222222222,"paper_adjusted","development","null90"
"linear_dense_n300_t02_r0008","linear","dense","paper_adjusted",300,1000,1.5,8,159279603,"HDMT",0.05,"ok",TRUE,0.0300000000000011,"ties should not be present for the one-sample Kolmogorov-Smirnov test","","5f044400507316c185576c0c5212a6d9",93,4,89,201,0.043010752688172,0.442786069651741,"paper_adjusted","development","null90"
"linear_dense_n300_t02_r0008","linear","dense","paper_adjusted",300,1000,1.5,8,159279603,"MDACT",0.05,"ok",TRUE,0.00999999999999801,"ties should not be present for the one-sample Kolmogorov-Smirnov test","","7d977106e1bcb05fb015206438ee2de9",125,9,116,201,0.072,0.577114427860697,"paper_adjusted","development","null90"
"linear_dense_n300_t02_r0008","linear","dense","paper_adjusted",300,1000,1.5,8,159279603,"MLFDR",0.05,"ok",TRUE,0.170000000000002,"","","459d614151fa2c9ae546abc27cbbf1b8",169,9,160,201,0.0532544378698225,0.796019900497512,"paper_adjusted","development","null90"
"linear_dense_n300_t02_r0008","linear","dense","paper_adjusted",300,1000,1.5,8,159279603,"ASHMED",0.05,"ok",TRUE,0.27,"","","5a691b4c1c546d9903d31df64772f796",67,0,67,201,0,0.333333333333333,"paper_adjusted","development","null90"
"confounded_dense_n300_t02_r0008","confounded","dense","paper_adjusted",300,1000,1.5,8,250136339,"HDMT",0.05,"ok",TRUE,0.0300000000000011,"ties should not be present for the one-sample Kolmogorov-Smirnov test","","b5431ecbd616b392234b394fc375651c",101,3,98,182,0.0297029702970297,0.538461538461538,"paper_adjusted","development","null90"
"confounded_dense_n300_t02_r0008","confounded","dense","paper_adjusted",300,1000,1.5,8,250136339,"MDACT",0.05,"ok",TRUE,0.0200000000000031,"ties should not be present for the one-sample Kolmogorov-Smirnov test","","32ddb2c4334a2c129709d5c8ecd0bc36",110,4,106,182,0.0363636363636364,0.582417582417582,"paper_adjusted","development","null90"
"confounded_dense_n300_t02_r0008","confounded","dense","paper_adjusted",300,1000,1.5,8,250136339,"MLFDR",0.05,"ok",TRUE,0.300000000000004,"","","c2ad5a2458ddcfa3334a93262dc5303a",158,8,150,182,0.0506329113924051,0.824175824175824,"paper_adjusted","development","null90"
"confounded_dense_n300_t02_r0008","confounded","dense","paper_adjusted",300,1000,1.5,8,250136339,"ASHMED",0.05,"ok",TRUE,0.510000000000002,"","","4ed75285a6044c7d5bd36f00ae091606",72,0,72,182,0,0.395604395604396,"paper_adjusted","development","null90"
"binary_dense_n300_t02_r0008","binary","dense","paper_adjusted",300,1000,1.5,8,263476049,"HDMT",0.05,"ok",TRUE,0.0300000000000011,"","","8137e127815c7f48a2f24eb5561fe922",159,7,152,228,0.0440251572327044,0.666666666666667,"paper_adjusted","development","null90"
"binary_dense_n300_t02_r0008","binary","dense","paper_adjusted",300,1000,1.5,8,263476049,"MDACT",0.05,"ok",TRUE,0,"","","cd42a2f937f38c363c05866e5e3ed75d",180,10,170,228,0.0555555555555556,0.745614035087719,"paper_adjusted","development","null90"
"binary_dense_n300_t02_r0008","binary","dense","paper_adjusted",300,1000,1.5,8,263476049,"MLFDR",0.05,"ok",TRUE,0.280000000000001,"","","76ed6f1bc839e2cced29edacb17f7890",213,10,203,228,0.0469483568075117,0.890350877192982,"paper_adjusted","development","null90"
"binary_dense_n300_t02_r0008","binary","dense","paper_adjusted",300,1000,1.5,8,263476049,"ASHMED",0.05,"ok",TRUE,0.200000000000003,"","","26539b638a26ab3f25bcf2f6bcb896af",183,9,174,228,0.0491803278688525,0.763157894736842,"paper_adjusted","development","null90"
"linear_sparse_n300_t03_r0008","linear","sparse","paper_adjusted",300,1000,1.9,8,143284182,"HDMT",0.05,"ok",TRUE,0.0300000000000011,"ties should not be present for the one-sample Kolmogorov-Smirnov test","","ad7a2bd3931a0e20278b4a6c454f5d9b",24,1,23,24,0.0416666666666667,0.958333333333333,"paper_adjusted","development","null90"
"linear_sparse_n300_t03_r0008","linear","sparse","paper_adjusted",300,1000,1.9,8,143284182,"MDACT",0.05,"ok",TRUE,0.019999999999996,"ties should not be present for the one-sample Kolmogorov-Smirnov test","","a28620b00b9f03472a3ce47aedb8907c",23,1,22,24,0.0434782608695652,0.916666666666667,"paper_adjusted","development","null90"
"linear_sparse_n300_t03_r0008","linear","sparse","paper_adjusted",300,1000,1.9,8,143284182,"MLFDR",0.05,"ok",TRUE,0.160000000000004,"","","da2e0f6658f4781829c435c02dae4ac0",27,3,24,24,0.111111111111111,1,"paper_adjusted","development","null90"
"linear_sparse_n300_t03_r0008","linear","sparse","paper_adjusted",300,1000,1.9,8,143284182,"ASHMED",0.05,"ok",TRUE,0.25,"","","931e89347b64aab19f562fcf44197dfe",19,0,19,24,0,0.791666666666667,"paper_adjusted","development","null90"
"confounded_sparse_n300_t03_r0008","confounded","sparse","paper_adjusted",300,1000,1.9,8,39674992,"HDMT",0.05,"ok",TRUE,0.0300000000000011,"ties should not be present for the one-sample Kolmogorov-Smirnov test","","7293d42f7bf7be64bcd3e48890eb0213",10,0,10,16,0,0.625,"paper_adjusted","development","null90"
"confounded_sparse_n300_t03_r0008","confounded","sparse","paper_adjusted",300,1000,1.9,8,39674992,"MDACT",0.05,"ok",TRUE,0.00999999999999801,"ties should not be present for the one-sample Kolmogorov-Smirnov test","","aeed4c1a58468830645d54a33b9d26c2",10,0,10,16,0,0.625,"paper_adjusted","development","null90"
"confounded_sparse_n300_t03_r0008","confounded","sparse","paper_adjusted",300,1000,1.9,8,39674992,"MLFDR",0.05,"ok",TRUE,0.280000000000001,"","","55f0ce6fa5cb23155151f7a4796a5827",11,0,11,16,0,0.6875,"paper_adjusted","development","null90"
"confounded_sparse_n300_t03_r0008","confounded","sparse","paper_adjusted",300,1000,1.9,8,39674992,"ASHMED",0.05,"ok",TRUE,0.349999999999998,"","","668e973c37af48707a1eca9dc705c103",5,0,5,16,0,0.3125,"paper_adjusted","development","null90"
"binary_sparse_n300_t03_r0008","binary","sparse","paper_adjusted",300,1000,1.9,8,262009797,"HDMT",0.05,"ok",TRUE,0.0300000000000011,"","","857dfe05e1bab1dfc5df03157dda85ad",25,3,22,24,0.12,0.916666666666667,"paper_adjusted","development","null90"
"binary_sparse_n300_t03_r0008","binary","sparse","paper_adjusted",300,1000,1.9,8,262009797,"MDACT",0.05,"ok",TRUE,0.00999999999999801,"","","69a190c5f767a465baca97f648c808ac",26,4,22,24,0.153846153846154,0.916666666666667,"paper_adjusted","development","null90"
"binary_sparse_n300_t03_r0008","binary","sparse","paper_adjusted",300,1000,1.9,8,262009797,"MLFDR",0.05,"ok",TRUE,0.199999999999996,"","","13fef2fd6429be1cda9cf3a6aca23f5c",24,1,23,24,0.0416666666666667,0.958333333333333,"paper_adjusted","development","null90"
"binary_sparse_n300_t03_r0008","binary","sparse","paper_adjusted",300,1000,1.9,8,262009797,"ASHMED",0.05,"ok",TRUE,0.23,"","","6ea078fb44884645bfc83b99849f3242",22,2,20,24,0.0909090909090909,0.833333333333333,"paper_adjusted","development","null90"
"linear_dense_n300_t03_r0008","linear","dense","paper_adjusted",300,1000,1.9,8,23206418,"HDMT",0.05,"ok",TRUE,0.0399999999999991,"ties should not be present for the one-sample Kolmogorov-Smirnov test","","20c7d45ae91aab647c5dbef59c647e2c",196,11,185,205,0.0561224489795918,0.902439024390244,"paper_adjusted","development","null90"
"linear_dense_n300_t03_r0008","linear","dense","paper_adjusted",300,1000,1.9,8,23206418,"MDACT",0.05,"ok",TRUE,0.0200000000000031,"ties should not be present for the one-sample Kolmogorov-Smirnov test","","6db848991679dc6692c31a07f0551a99",197,11,186,205,0.0558375634517767,0.907317073170732,"paper_adjusted","development","null90"
"linear_dense_n300_t03_r0008","linear","dense","paper_adjusted",300,1000,1.9,8,23206418,"MLFDR",0.05,"ok",TRUE,0.140000000000001,"","","8b68b50ff306e3d2307850dd63aa8c46",210,11,199,205,0.0523809523809524,0.970731707317073,"paper_adjusted","development","null90"
"linear_dense_n300_t03_r0008","linear","dense","paper_adjusted",300,1000,1.9,8,23206418,"ASHMED",0.05,"ok",TRUE,0.219999999999999,"","","311cef1a843b251b7df8edf723edc166",198,11,187,205,0.0555555555555556,0.91219512195122,"paper_adjusted","development","null90"
"confounded_dense_n300_t03_r0008","confounded","dense","paper_adjusted",300,1000,1.9,8,42570098,"HDMT",0.05,"ok",TRUE,0.0300000000000011,"ties should not be present for the one-sample Kolmogorov-Smirnov test","","ebb1557f7d1863ef0393296c8ba593b3",199,7,192,208,0.0351758793969849,0.923076923076923,"paper_adjusted","development","null90"
"confounded_dense_n300_t03_r0008","confounded","dense","paper_adjusted",300,1000,1.9,8,42570098,"MDACT",0.05,"ok",TRUE,0.0200000000000031,"ties should not be present for the one-sample Kolmogorov-Smirnov test","","1271296ae2b01218f65104e81af7b60e",199,7,192,208,0.0351758793969849,0.923076923076923,"paper_adjusted","development","null90"
"confounded_dense_n300_t03_r0008","confounded","dense","paper_adjusted",300,1000,1.9,8,42570098,"MLFDR",0.05,"ok",TRUE,0.160000000000004,"","","9d8d7f1c85e43369d5ad092737b4ab1a",218,11,207,208,0.0504587155963303,0.995192307692308,"paper_adjusted","development","null90"
"confounded_dense_n300_t03_r0008","confounded","dense","paper_adjusted",300,1000,1.9,8,42570098,"ASHMED",0.05,"ok",TRUE,0.289999999999999,"","","837f8d516b88faf15acd02da504c9f49",187,2,185,208,0.0106951871657754,0.889423076923077,"paper_adjusted","development","null90"
"binary_dense_n300_t03_r0008","binary","dense","paper_adjusted",300,1000,1.9,8,189388040,"HDMT",0.05,"ok",TRUE,0.0399999999999991,"","","85ccd5eecdc33c7b14607220af9cd092",162,7,155,183,0.0432098765432099,0.846994535519126,"paper_adjusted","development","null90"
"binary_dense_n300_t03_r0008","binary","dense","paper_adjusted",300,1000,1.9,8,189388040,"MDACT",0.05,"ok",TRUE,0.0200000000000031,"","","13b3c1de27cc748e56d01f2c7088ac4b",162,7,155,183,0.0432098765432099,0.846994535519126,"paper_adjusted","development","null90"
"binary_dense_n300_t03_r0008","binary","dense","paper_adjusted",300,1000,1.9,8,189388040,"MLFDR",0.05,"ok",TRUE,0.130000000000003,"","","b1f6a6803704ac97859ef869d3bc7972",180,6,174,183,0.0333333333333333,0.950819672131147,"paper_adjusted","development","null90"
"binary_dense_n300_t03_r0008","binary","dense","paper_adjusted",300,1000,1.9,8,189388040,"ASHMED",0.05,"ok",TRUE,0.16,"","","1608df59c3b11e763f23a9bb92732a76",173,9,164,183,0.0520231213872832,0.896174863387978,"paper_adjusted","development","null90"
"linear_sparse_n300_t01_r0004","linear","sparse","paper_adjusted",300,1000,1.3,4,95484633,"ASHMED_Adaptive",0.05,"ok",FALSE,1.4,"","","82a51daf35acea3ea3aa5feef9dd6a2c",3,0,3,17,0,0.176470588235294,"paper_adjusted","development","null90"
"confounded_sparse_n300_t01_r0004","confounded","sparse","paper_adjusted",300,1000,1.3,4,198353107,"ASHMED_Adaptive",0.05,"ok",FALSE,1.68,"","","3054c10eb2f7442b9c62c58a9e6e851d",11,1,10,22,0.0909090909090909,0.454545454545455,"paper_adjusted","development","null90"
"binary_sparse_n300_t01_r0004","binary","sparse","paper_adjusted",300,1000,1.3,4,48050431,"ASHMED_Adaptive",0.05,"ok",FALSE,1.37,"","","21a17652aec1da39bf534b4c387230b6",2,0,2,15,0,0.133333333333333,"paper_adjusted","development","null90"
"linear_dense_n300_t01_r0004","linear","dense","paper_adjusted",300,1000,1.3,4,223643334,"ASHMED_Adaptive",0.05,"ok",FALSE,5.24,"","","319d97166f534eb922c1defbde2daf9f",80,1,79,181,0.0125,0.43646408839779,"paper_adjusted","development","null90"
"confounded_dense_n300_t01_r0004","confounded","dense","paper_adjusted",300,1000,1.3,4,25681988,"ASHMED_Adaptive",0.05,"ok",FALSE,1.85,"","","5c03f7e4a11dab64e8ef5598267ac7b1",172,8,164,215,0.0465116279069767,0.762790697674419,"paper_adjusted","development","null90"
"binary_dense_n300_t01_r0004","binary","dense","paper_adjusted",300,1000,1.3,4,65613215,"ASHMED_Adaptive",0.05,"ok",FALSE,1.05,"","","f879dda04f3a371b3980e34210205060",132,5,127,207,0.0378787878787879,0.613526570048309,"paper_adjusted","development","null90"
"linear_sparse_n300_t02_r0004","linear","sparse","paper_adjusted",300,1000,1.5,4,176109856,"ASHMED_Adaptive",0.05,"ok",FALSE,0.82,"","","611d1239763b7fe61678401e9407ec25",16,1,15,23,0.0625,0.652173913043478,"paper_adjusted","development","null90"
"confounded_sparse_n300_t02_r0004","confounded","sparse","paper_adjusted",300,1000,1.5,4,122233610,"ASHMED_Adaptive",0.05,"ok",FALSE,3.92,"","","1cc38e633b73fa49688edb0fe1eb6d54",2,1,1,19,0.5,0.0526315789473684,"paper_adjusted","development","null90"
"binary_sparse_n300_t02_r0004","binary","sparse","paper_adjusted",300,1000,1.5,4,217127518,"ASHMED_Adaptive",0.05,"ok",FALSE,0.95,"","","725b06f64dfbf5415e8a87fe9d192fd6",6,0,6,16,0,0.375,"paper_adjusted","development","null90"
"linear_dense_n300_t02_r0004","linear","dense","paper_adjusted",300,1000,1.5,4,235422568,"ASHMED_Adaptive",0.05,"ok",FALSE,1,"","","7e44e96107e6013ca05566dcab267f88",190,11,179,199,0.0578947368421053,0.899497487437186,"paper_adjusted","development","null90"
"confounded_dense_n300_t02_r0004","confounded","dense","paper_adjusted",300,1000,1.5,4,86221430,"ASHMED_Adaptive",0.05,"ok",FALSE,1.94,"","","0ba6f884dedbffc48a6a76fe13954229",165,10,155,191,0.0606060606060606,0.81151832460733,"paper_adjusted","development","null90"
"binary_dense_n300_t02_r0004","binary","dense","paper_adjusted",300,1000,1.5,4,212064024,"ASHMED_Adaptive",0.05,"ok",FALSE,1.19,"","","f1133e2de084219b29d5a2cebbbb06a6",181,5,176,198,0.0276243093922652,0.888888888888889,"paper_adjusted","development","null90"
"linear_sparse_n300_t03_r0004","linear","sparse","paper_adjusted",300,1000,1.9,4,175675833,"ASHMED_Adaptive",0.05,"ok",FALSE,2.48,"","","11db4b0485f20a47a0487ea5b7ffcb07",9,1,8,15,0.111111111111111,0.533333333333333,"paper_adjusted","development","null90"
"confounded_sparse_n300_t03_r0004","confounded","sparse","paper_adjusted",300,1000,1.9,4,109295095,"ASHMED_Adaptive",0.05,"ok",FALSE,1.36,"","","f043fbc2d15f08cfbabad7ba906ac006",19,0,19,21,0,0.904761904761905,"paper_adjusted","development","null90"
"binary_sparse_n300_t03_r0004","binary","sparse","paper_adjusted",300,1000,1.9,4,99358646,"ASHMED_Adaptive",0.05,"ok",FALSE,1.73,"","","b1fe39bb846b7834a5ba82dc3f46d615",18,0,18,24,0,0.75,"paper_adjusted","development","null90"
"linear_dense_n300_t03_r0004","linear","dense","paper_adjusted",300,1000,1.9,4,215274922,"ASHMED_Adaptive",0.05,"ok",FALSE,7.15,"","","c182f217110d0497e7a8c6c0e61a48b8",229,8,221,226,0.0349344978165939,0.97787610619469,"paper_adjusted","development","null90"
"confounded_dense_n300_t03_r0004","confounded","dense","paper_adjusted",300,1000,1.9,4,181025285,"ASHMED_Adaptive",0.05,"ok",FALSE,9.59,"","","32e28e7d84e34ed9e45947d8f02f2571",196,6,190,198,0.0306122448979592,0.95959595959596,"paper_adjusted","development","null90"
"binary_dense_n300_t03_r0004","binary","dense","paper_adjusted",300,1000,1.9,4,14618708,"ASHMED_Adaptive",0.05,"ok",FALSE,1.31,"","","04f47e06ed90b2639ffe2fa354874bf0",174,6,168,184,0.0344827586206897,0.91304347826087,"paper_adjusted","development","null90"
"linear_sparse_n300_t01_r0005","linear","sparse","paper_adjusted",300,1000,1.3,5,10847831,"ASHMED_Adaptive",0.05,"ok",FALSE,4.79,"","","70ec758b4ff295566f598e25d4b406e2",7,0,7,25,0,0.28,"paper_adjusted","development","null90"
"confounded_sparse_n300_t01_r0005","confounded","sparse","paper_adjusted",300,1000,1.3,5,172144086,"ASHMED_Adaptive",0.05,"ok",FALSE,2.29,"","","3735eac17fa568718c29a4e681375396",3,0,3,20,0,0.15,"paper_adjusted","development","null90"
"binary_sparse_n300_t01_r0005","binary","sparse","paper_adjusted",300,1000,1.3,5,61711300,"ASHMED_Adaptive",0.05,"ok",FALSE,0.94,"","","ae73ab5ac3510588ff7ffddc3dc69af1",9,0,9,23,0,0.391304347826087,"paper_adjusted","development","null90"
"linear_dense_n300_t01_r0005","linear","dense","paper_adjusted",300,1000,1.3,5,108837877,"ASHMED_Adaptive",0.05,"ok",FALSE,12.7,"","","6e3707ad9ce49796a03b486ad6a32946",165,14,151,217,0.0848484848484849,0.695852534562212,"paper_adjusted","development","null90"
"confounded_dense_n300_t01_r0005","confounded","dense","paper_adjusted",300,1000,1.3,5,134199027,"ASHMED_Adaptive",0.05,"ok",FALSE,1.81,"","","8f1094719b560123dc1325fd5ad0d5f3",134,5,129,187,0.0373134328358209,0.689839572192513,"paper_adjusted","development","null90"
"binary_dense_n300_t01_r0005","binary","dense","paper_adjusted",300,1000,1.3,5,253312943,"ASHMED_Adaptive",0.05,"ok",FALSE,0.92,"","","90870aee8e610a718dadc66de4b5f3e8",133,6,127,212,0.0451127819548872,0.599056603773585,"paper_adjusted","development","null90"
"linear_sparse_n300_t02_r0005","linear","sparse","paper_adjusted",300,1000,1.5,5,197566384,"ASHMED_Adaptive",0.05,"ok",FALSE,2,"","","dff233d4ad52dcff0afb1d797134b068",9,1,8,20,0.111111111111111,0.4,"paper_adjusted","development","null90"
"confounded_sparse_n300_t02_r0005","confounded","sparse","paper_adjusted",300,1000,1.5,5,68426988,"ASHMED_Adaptive",0.05,"ok",FALSE,1.77,"","","20c9ba597ac67b209f3ccf239bac57c3",6,0,6,26,0,0.230769230769231,"paper_adjusted","development","null90"
"binary_sparse_n300_t02_r0005","binary","sparse","paper_adjusted",300,1000,1.5,5,160077102,"ASHMED_Adaptive",0.05,"ok",FALSE,2.41,"","","135d1668b770a52d767354536c52b9e1",15,1,14,18,0.0666666666666667,0.777777777777778,"paper_adjusted","development","null90"
"linear_dense_n300_t02_r0005","linear","dense","paper_adjusted",300,1000,1.5,5,10202655,"ASHMED_Adaptive",0.05,"ok",FALSE,0.920000000000002,"","","e86ee1d54309c25a7bdd49e8d8eca3f7",192,10,182,203,0.0520833333333333,0.896551724137931,"paper_adjusted","development","null90"
"confounded_dense_n300_t02_r0005","confounded","dense","paper_adjusted",300,1000,1.5,5,22355573,"ASHMED_Adaptive",0.05,"ok",FALSE,1.19,"","","887a98fd1ab8d695743a42ee80ae05ae",185,9,176,204,0.0486486486486487,0.862745098039216,"paper_adjusted","development","null90"
"binary_dense_n300_t02_r0005","binary","dense","paper_adjusted",300,1000,1.5,5,59561594,"ASHMED_Adaptive",0.05,"ok",FALSE,2.87,"","","e9bda205473e50a0cea2aaa0ce45aa50",200,11,189,219,0.055,0.863013698630137,"paper_adjusted","development","null90"
"linear_sparse_n300_t03_r0005","linear","sparse","paper_adjusted",300,1000,1.9,5,40372452,"ASHMED_Adaptive",0.05,"ok",FALSE,0.649999999999999,"","","811759a06da57371965470b5d21c8b3b",21,0,21,24,0,0.875,"paper_adjusted","development","null90"
"confounded_sparse_n300_t03_r0005","confounded","sparse","paper_adjusted",300,1000,1.9,5,201186306,"ASHMED_Adaptive",0.05,"ok",FALSE,0.940000000000001,"","","a53cabd6851df1344ad10513e07f75ca",11,0,11,18,0,0.611111111111111,"paper_adjusted","development","null90"
"binary_sparse_n300_t03_r0005","binary","sparse","paper_adjusted",300,1000,1.9,5,42540023,"ASHMED_Adaptive",0.05,"ok",FALSE,0.640000000000001,"","","e9010bf10ba61f36e659c8df965c082c",23,1,22,23,0.0434782608695652,0.956521739130435,"paper_adjusted","development","null90"
"linear_dense_n300_t03_r0005","linear","dense","paper_adjusted",300,1000,1.9,5,152598682,"ASHMED_Adaptive",0.05,"ok",FALSE,2.75,"","","37f7fd3ba88e5c48451c8c325a21b2f2",215,7,208,212,0.0325581395348837,0.981132075471698,"paper_adjusted","development","null90"
"confounded_dense_n300_t03_r0005","confounded","dense","paper_adjusted",300,1000,1.9,5,70790343,"ASHMED_Adaptive",0.05,"ok",FALSE,1.16,"","","fe503c9d567e6a9459902e6022b18f2b",186,4,182,205,0.021505376344086,0.88780487804878,"paper_adjusted","development","null90"
"binary_dense_n300_t03_r0005","binary","dense","paper_adjusted",300,1000,1.9,5,93734395,"ASHMED_Adaptive",0.05,"ok",FALSE,2.55,"","","2aa219d5215def9770ebf923f04763e1",195,9,186,192,0.0461538461538462,0.96875,"paper_adjusted","development","null90"
"linear_sparse_n300_t01_r0006","linear","sparse","paper_adjusted",300,1000,1.3,6,31488383,"ASHMED_Adaptive",0.05,"ok",FALSE,2.1,"","","99de6ffb4442d52e4b7119801e016025",5,0,5,25,0,0.2,"paper_adjusted","development","null90"
"confounded_sparse_n300_t01_r0006","confounded","sparse","paper_adjusted",300,1000,1.3,6,136007483,"ASHMED_Adaptive",0.05,"ok",FALSE,0.919999999999995,"","","4fd3a31e4144bbdf11665f3b58bbf900",17,1,16,24,0.0588235294117647,0.666666666666667,"paper_adjusted","development","null90"
"binary_sparse_n300_t01_r0006","binary","sparse","paper_adjusted",300,1000,1.3,6,249507088,"ASHMED_Adaptive",0.05,"ok",FALSE,7.84,"","","910ace882fc7a877987e883ccdb384fa",1,0,1,21,0,0.0476190476190476,"paper_adjusted","development","null90"
"linear_dense_n300_t01_r0006","linear","dense","paper_adjusted",300,1000,1.3,6,140641956,"ASHMED_Adaptive",0.05,"ok",FALSE,0.920000000000002,"","","4d8268b43dffd66c8f81bd6ec8f19516",127,6,121,214,0.047244094488189,0.565420560747664,"paper_adjusted","development","null90"
"confounded_dense_n300_t01_r0006","confounded","dense","paper_adjusted",300,1000,1.3,6,58653702,"ASHMED_Adaptive",0.05,"ok",FALSE,0.799999999999997,"","","d4edfadeb69840a40525f82d8cfd0e63",127,4,123,184,0.031496062992126,0.668478260869565,"paper_adjusted","development","null90"
"binary_dense_n300_t01_r0006","binary","dense","paper_adjusted",300,1000,1.3,6,46564766,"ASHMED_Adaptive",0.05,"ok",FALSE,1.25,"","","793d70807452e40e18987183685bfae6",163,7,156,213,0.0429447852760736,0.732394366197183,"paper_adjusted","development","null90"
"linear_sparse_n300_t02_r0006","linear","sparse","paper_adjusted",300,1000,1.5,6,137367047,"ASHMED_Adaptive",0.05,"ok",FALSE,1.58,"","","f617eb44c6c824a79780139598edf139",3,0,3,15,0,0.2,"paper_adjusted","development","null90"
"confounded_sparse_n300_t02_r0006","confounded","sparse","paper_adjusted",300,1000,1.5,6,172920684,"ASHMED_Adaptive",0.05,"ok",FALSE,0.609999999999999,"","","3fc5043818d33643e4108ca5f781cb2c",8,0,8,19,0,0.421052631578947,"paper_adjusted","development","null90"
"binary_sparse_n300_t02_r0006","binary","sparse","paper_adjusted",300,1000,1.5,6,32880415,"ASHMED_Adaptive",0.05,"ok",FALSE,17.3,"","","88dcdce9f03a4f45de732411add45cc3",6,1,5,17,0.166666666666667,0.294117647058824,"paper_adjusted","development","null90"
"linear_dense_n300_t02_r0006","linear","dense","paper_adjusted",300,1000,1.5,6,247898289,"ASHMED_Adaptive",0.05,"ok",FALSE,2.21,"","","2fbff753932c2d582be04d0a8d339200",186,9,177,196,0.0483870967741935,0.903061224489796,"paper_adjusted","development","null90"
"confounded_dense_n300_t02_r0006","confounded","dense","paper_adjusted",300,1000,1.5,6,77226566,"ASHMED_Adaptive",0.05,"ok",FALSE,1.22,"","","53b5b55dc4aa6c077be27515626fc9c7",173,11,162,196,0.0635838150289017,0.826530612244898,"paper_adjusted","development","null90"
"binary_dense_n300_t02_r0006","binary","dense","paper_adjusted",300,1000,1.5,6,210656461,"ASHMED_Adaptive",0.05,"ok",FALSE,0.609999999999999,"","","fc430b9aab1753e6c55a39b76a4f5039",162,7,155,199,0.0432098765432099,0.778894472361809,"paper_adjusted","development","null90"
"linear_sparse_n300_t03_r0006","linear","sparse","paper_adjusted",300,1000,1.9,6,13699505,"ASHMED_Adaptive",0.05,"ok",FALSE,0.75,"","","85b3f41d797f873c3a155f596813764d",18,0,18,26,0,0.692307692307692,"paper_adjusted","development","null90"
"confounded_sparse_n300_t03_r0006","confounded","sparse","paper_adjusted",300,1000,1.9,6,234008246,"ASHMED_Adaptive",0.05,"ok",FALSE,0.770000000000003,"","","b8eb381cf815520cda60266f6fe228a7",25,2,23,26,0.08,0.884615384615385,"paper_adjusted","development","null90"
"binary_sparse_n300_t03_r0006","binary","sparse","paper_adjusted",300,1000,1.9,6,14832615,"ASHMED_Adaptive",0.05,"ok",FALSE,1.62,"","","a1d589c571b704a6779d5151847dab8e",20,0,20,21,0,0.952380952380952,"paper_adjusted","development","null90"
"linear_dense_n300_t03_r0006","linear","dense","paper_adjusted",300,1000,1.9,6,104382079,"ASHMED_Adaptive",0.05,"ok",FALSE,2.72000000000001,"","","3afd5d138e8f57789bb49127eca51299",218,5,213,221,0.0229357798165138,0.963800904977376,"paper_adjusted","development","null90"
"confounded_dense_n300_t03_r0006","confounded","dense","paper_adjusted",300,1000,1.9,6,174690890,"ASHMED_Adaptive",0.05,"ok",FALSE,4.03,"","","9e69a4b035d685f219da16131d374957",188,6,182,186,0.0319148936170213,0.978494623655914,"paper_adjusted","development","null90"
"binary_dense_n300_t03_r0006","binary","dense","paper_adjusted",300,1000,1.9,6,13417686,"ASHMED_Adaptive",0.05,"ok",FALSE,0.920000000000002,"","","43cfce04d6b43d5cb2e006308592d1da",208,6,202,211,0.0288461538461538,0.957345971563981,"paper_adjusted","development","null90"
"linear_sparse_n300_t01_r0007","linear","sparse","paper_adjusted",300,1000,1.3,7,227711122,"ASHMED_Adaptive",0.05,"ok",FALSE,7.39,"","","c81cc79ffe06ff7472699cc7d0db13da",2,0,2,16,0,0.125,"paper_adjusted","development","null90"
"confounded_sparse_n300_t01_r0007","confounded","sparse","paper_adjusted",300,1000,1.3,7,185695362,"ASHMED_Adaptive",0.05,"ok",FALSE,3.24,"","","44e0a4f5296e62e2c1b651491441f336",5,0,5,19,0,0.263157894736842,"paper_adjusted","development","null90"
"binary_sparse_n300_t01_r0007","binary","sparse","paper_adjusted",300,1000,1.3,7,70257972,"ASHMED_Adaptive",0.05,"ok",FALSE,3.6,"","","faca1c439bdaaa0de9c6904454db3d3e",4,0,4,19,0,0.210526315789474,"paper_adjusted","development","null90"
"linear_dense_n300_t01_r0007","linear","dense","paper_adjusted",300,1000,1.3,7,241217592,"ASHMED_Adaptive",0.05,"ok",FALSE,1.1,"","","1dd6bf0b0f36d179b513399cd88f3de7",130,4,126,187,0.0307692307692308,0.67379679144385,"paper_adjusted","development","null90"
"confounded_dense_n300_t01_r0007","confounded","dense","paper_adjusted",300,1000,1.3,7,89235431,"ASHMED_Adaptive",0.05,"ok",FALSE,23.69,"","","097cc1f71249581563eb7fc9b73c6d30",96,1,95,187,0.0104166666666667,0.508021390374332,"paper_adjusted","development","null90"
"binary_dense_n300_t01_r0007","binary","dense","paper_adjusted",300,1000,1.3,7,116258530,"ASHMED_Adaptive",0.05,"ok",FALSE,0.820000000000007,"","","6f11c21a7abf69a09c85e55520e9408f",95,3,92,189,0.0315789473684211,0.486772486772487,"paper_adjusted","development","null90"
"linear_sparse_n300_t02_r0007","linear","sparse","paper_adjusted",300,1000,1.5,7,134744444,"ASHMED_Adaptive",0.05,"ok",FALSE,0.780000000000001,"","","ad3ec180dc44c0bc55e7e727c842efd2",3,1,2,9,0.333333333333333,0.222222222222222,"paper_adjusted","development","null90"
"confounded_sparse_n300_t02_r0007","confounded","sparse","paper_adjusted",300,1000,1.5,7,189890030,"ASHMED_Adaptive",0.05,"ok",FALSE,0.900000000000006,"","","1ea7b446f933e0f6174b373a42090414",4,0,4,13,0,0.307692307692308,"paper_adjusted","development","null90"
"binary_sparse_n300_t02_r0007","binary","sparse","paper_adjusted",300,1000,1.5,7,266586441,"ASHMED_Adaptive",0.05,"ok",FALSE,0.819999999999993,"","","4f2e3150369254daf3ec6b7257b5a203",5,0,5,17,0,0.294117647058824,"paper_adjusted","development","null90"
"linear_dense_n300_t02_r0007","linear","dense","paper_adjusted",300,1000,1.5,7,91328463,"ASHMED_Adaptive",0.05,"ok",FALSE,1.86999999999999,"","","abd4d29ee12d20a7ee77e49a72d6ded7",163,9,154,197,0.0552147239263804,0.781725888324873,"paper_adjusted","development","null90"
"confounded_dense_n300_t02_r0007","confounded","dense","paper_adjusted",300,1000,1.5,7,160308905,"ASHMED_Adaptive",0.05,"ok",FALSE,10.36,"","","a2facea1f0a2de26b52172e947692a0b",204,8,196,218,0.0392156862745098,0.899082568807339,"paper_adjusted","development","null90"
"binary_dense_n300_t02_r0007","binary","dense","paper_adjusted",300,1000,1.5,7,55158131,"ASHMED_Adaptive",0.05,"ok",FALSE,0.659999999999997,"","","bf41486acdf686dc2cdb54abfe364659",155,2,153,188,0.0129032258064516,0.813829787234043,"paper_adjusted","development","null90"
"linear_sparse_n300_t03_r0007","linear","sparse","paper_adjusted",300,1000,1.9,7,227978865,"ASHMED_Adaptive",0.05,"ok",FALSE,2.16999999999999,"","","844e8a1ebf30c0e3cf92ddaab3270f7d",8,0,8,21,0,0.380952380952381,"paper_adjusted","development","null90"
"confounded_sparse_n300_t03_r0007","confounded","sparse","paper_adjusted",300,1000,1.9,7,109260165,"ASHMED_Adaptive",0.05,"ok",FALSE,1.38,"","","8e5bb3277e0d72dbf7cd4cc6f50ce34d",17,0,17,19,0,0.894736842105263,"paper_adjusted","development","null90"
"binary_sparse_n300_t03_r0007","binary","sparse","paper_adjusted",300,1000,1.9,7,196537243,"ASHMED_Adaptive",0.05,"ok",FALSE,2.41,"","","8db77e14e3e9b4c46bdb15a3e06bbeb2",28,0,28,29,0,0.96551724137931,"paper_adjusted","development","null90"
"linear_dense_n300_t03_r0007","linear","dense","paper_adjusted",300,1000,1.9,7,118954621,"ASHMED_Adaptive",0.05,"ok",FALSE,1.17,"","","42ac91eb9ab64d63c59084654ea3db71",170,3,167,212,0.0176470588235294,0.787735849056604,"paper_adjusted","development","null90"
"confounded_dense_n300_t03_r0007","confounded","dense","paper_adjusted",300,1000,1.9,7,181621925,"ASHMED_Adaptive",0.05,"ok",FALSE,33.11,"","","c41ff6a1efab5bc033ac6ef743a6be02",198,10,188,201,0.0505050505050505,0.935323383084577,"paper_adjusted","development","null90"
"binary_dense_n300_t03_r0007","binary","dense","paper_adjusted",300,1000,1.9,7,25976497,"ASHMED_Adaptive",0.05,"ok",FALSE,1.36,"","","95ec3196ac8cd8c894966d091bafe989",202,10,192,198,0.0495049504950495,0.96969696969697,"paper_adjusted","development","null90"
"linear_sparse_n300_t01_r0008","linear","sparse","paper_adjusted",300,1000,1.3,8,4369987,"ASHMED_Adaptive",0.05,"ok",FALSE,0.769999999999996,"","","5043abc17e3ed38ff9a744ac68662755",14,0,14,25,0,0.56,"paper_adjusted","development","null90"
"confounded_sparse_n300_t01_r0008","confounded","sparse","paper_adjusted",300,1000,1.3,8,211724716,"ASHMED_Adaptive",0.05,"ok",FALSE,4.41,"","","e1e0a49574c94c02763f81469a4f08af",13,1,12,26,0.0769230769230769,0.461538461538462,"paper_adjusted","development","null90"
"binary_sparse_n300_t01_r0008","binary","sparse","paper_adjusted",300,1000,1.3,8,179267389,"ASHMED_Adaptive",0.05,"ok",FALSE,3.11,"","","78e8694e6ed05ffd940cc5cf2b685681",9,0,9,30,0,0.3,"paper_adjusted","development","null90"
"linear_dense_n300_t01_r0008","linear","dense","paper_adjusted",300,1000,1.3,8,38768928,"ASHMED_Adaptive",0.05,"ok",FALSE,0.829999999999998,"","","ec64baea0f477992d10ae7b86e69643f",142,3,139,221,0.0211267605633803,0.6289592760181,"paper_adjusted","development","null90"
"confounded_dense_n300_t01_r0008","confounded","dense","paper_adjusted",300,1000,1.3,8,123819269,"ASHMED_Adaptive",0.05,"ok",FALSE,0.63000000000001,"","","9933e565f5a04a29490b7aa1ad1bdb99",153,8,145,200,0.0522875816993464,0.725,"paper_adjusted","development","null90"
"binary_dense_n300_t01_r0008","binary","dense","paper_adjusted",300,1000,1.3,8,211752150,"ASHMED_Adaptive",0.05,"ok",FALSE,1.08,"","","3afbc9f904d2efdcae3558d3fa0bd01b",134,4,130,184,0.0298507462686567,0.706521739130435,"paper_adjusted","development","null90"
"linear_sparse_n300_t02_r0008","linear","sparse","paper_adjusted",300,1000,1.5,8,201766340,"ASHMED_Adaptive",0.05,"ok",FALSE,1.18000000000001,"","","be6bcd11db4a075a094eee1b7f5cd790",12,0,12,18,0,0.666666666666667,"paper_adjusted","development","null90"
"confounded_sparse_n300_t02_r0008","confounded","sparse","paper_adjusted",300,1000,1.5,8,185306473,"ASHMED_Adaptive",0.05,"ok",FALSE,0.579999999999998,"","","50ddb503589c5cca13b6dde8a7c75763",5,0,5,11,0,0.454545454545455,"paper_adjusted","development","null90"
"binary_sparse_n300_t02_r0008","binary","sparse","paper_adjusted",300,1000,1.5,8,3574882,"ASHMED_Adaptive",0.05,"ok",FALSE,2.75,"","","3043b8bdee20a2094b5a9fa94acf35a0",6,0,6,18,0,0.333333333333333,"paper_adjusted","development","null90"
"linear_dense_n300_t02_r0008","linear","dense","paper_adjusted",300,1000,1.5,8,159279603,"ASHMED_Adaptive",0.05,"ok",FALSE,2.08,"","","0a68f61afba772207c8b47741d733f91",164,7,157,201,0.0426829268292683,0.781094527363184,"paper_adjusted","development","null90"
"confounded_dense_n300_t02_r0008","confounded","dense","paper_adjusted",300,1000,1.5,8,250136339,"ASHMED_Adaptive",0.05,"ok",FALSE,1.42999999999999,"","","c097d20de1aae911358c9eb1be19ff13",151,6,145,182,0.0397350993377483,0.796703296703297,"paper_adjusted","development","null90"
"binary_dense_n300_t02_r0008","binary","dense","paper_adjusted",300,1000,1.5,8,263476049,"ASHMED_Adaptive",0.05,"ok",FALSE,2.12,"","","b8da24dda704d4d6103112e80bfdca11",208,8,200,228,0.0384615384615385,0.87719298245614,"paper_adjusted","development","null90"
"linear_sparse_n300_t03_r0008","linear","sparse","paper_adjusted",300,1000,1.9,8,143284182,"ASHMED_Adaptive",0.05,"ok",FALSE,1.2,"","","693b55defd1146df29e53d96471aadd6",26,3,23,24,0.115384615384615,0.958333333333333,"paper_adjusted","development","null90"
"confounded_sparse_n300_t03_r0008","confounded","sparse","paper_adjusted",300,1000,1.9,8,39674992,"ASHMED_Adaptive",0.05,"ok",FALSE,1.39,"","","2c5465a88da51025401862737353064a",10,0,10,16,0,0.625,"paper_adjusted","development","null90"
"binary_sparse_n300_t03_r0008","binary","sparse","paper_adjusted",300,1000,1.9,8,262009797,"ASHMED_Adaptive",0.05,"ok",FALSE,1.89,"","","6164eebb0dcdc48c7d6565501e416b6a",23,1,22,24,0.0434782608695652,0.916666666666667,"paper_adjusted","development","null90"
"linear_dense_n300_t03_r0008","linear","dense","paper_adjusted",300,1000,1.9,8,23206418,"ASHMED_Adaptive",0.05,"ok",FALSE,8.18999999999998,"","","7f88615a94f3cb557494abeb6620a1ad",207,9,198,205,0.0434782608695652,0.965853658536585,"paper_adjusted","development","null90"
"confounded_dense_n300_t03_r0008","confounded","dense","paper_adjusted",300,1000,1.9,8,42570098,"ASHMED_Adaptive",0.05,"ok",FALSE,9.72,"","","f28461e59ca04d6d125b54d041da91d2",216,9,207,208,0.0416666666666667,0.995192307692308,"paper_adjusted","development","null90"
"binary_dense_n300_t03_r0008","binary","dense","paper_adjusted",300,1000,1.9,8,189388040,"ASHMED_Adaptive",0.05,"ok",FALSE,4.13000000000001,"","","b68e46f197fe62b95909946dbf4f336d",178,6,172,183,0.0337078651685393,0.939890710382514,"paper_adjusted","development","null90"
"linear_sparse_n300_t01_r0004","linear","sparse","teaching_fixed",300,1000,1.3,4,156369265,"HDMT",0.05,"ok",TRUE,0.0300000000000011,"ties should not be present for the one-sample Kolmogorov-Smirnov test","","2865cba708811dd9c5b24d60f2a2498b",6,0,6,20,0,0.3,"teaching_fixed","development","null90"
"linear_sparse_n300_t01_r0004","linear","sparse","teaching_fixed",300,1000,1.3,4,156369265,"MDACT",0.05,"ok",TRUE,0.0199999999999996,"ties should not be present for the one-sample Kolmogorov-Smirnov test","","c62021afb83e367bd0e1aea3873d60e5",6,0,6,20,0,0.3,"teaching_fixed","development","null90"
"linear_sparse_n300_t01_r0004","linear","sparse","teaching_fixed",300,1000,1.3,4,156369265,"MLFDR",0.05,"ok",TRUE,0.329999999999998,"","","7de3175dd0841a44c1010f3de8e17940",8,0,8,20,0,0.4,"teaching_fixed","development","null90"
"linear_sparse_n300_t01_r0004","linear","sparse","teaching_fixed",300,1000,1.3,4,156369265,"ASHMED",0.05,"ok",TRUE,0.25,"","","1463a34daa8ec6a8f41eb6010f6c98b6",2,0,2,20,0,0.1,"teaching_fixed","development","null90"
"confounded_sparse_n300_t01_r0004","confounded","sparse","teaching_fixed",300,1000,1.3,4,908960,"HDMT",0.05,"ok",TRUE,0.0300000000000011,"ties should not be present for the one-sample Kolmogorov-Smirnov test","","869b4cfc93ed11662f776cafc8e6cc36",4,0,4,20,0,0.2,"teaching_fixed","development","null90"
"confounded_sparse_n300_t01_r0004","confounded","sparse","teaching_fixed",300,1000,1.3,4,908960,"MDACT",0.05,"ok",TRUE,0.0100000000000016,"ties should not be present for the one-sample Kolmogorov-Smirnov test","","16c6b65acf361fba2cb1f49dffaef356",4,0,4,20,0,0.2,"teaching_fixed","development","null90"
"confounded_sparse_n300_t01_r0004","confounded","sparse","teaching_fixed",300,1000,1.3,4,908960,"MLFDR",0.05,"ok",TRUE,0.609999999999999,"","","21c2ca9995b653ecfbca07db2da9ad6a",6,0,6,20,0,0.3,"teaching_fixed","development","null90"
"confounded_sparse_n300_t01_r0004","confounded","sparse","teaching_fixed",300,1000,1.3,4,908960,"ASHMED",0.05,"ok",TRUE,0.439999999999998,"","","40cf29d00a1cfc49ebd64af76b06a737",3,0,3,20,0,0.15,"teaching_fixed","development","null90"
"binary_sparse_n300_t01_r0004","binary","sparse","teaching_fixed",300,1000,1.3,4,208650158,"HDMT",0.05,"ok",TRUE,0.0100000000000016,"","","b3805d6265e159ee6eefa92620014df7",4,0,4,20,0,0.2,"teaching_fixed","development","null90"
"binary_sparse_n300_t01_r0004","binary","sparse","teaching_fixed",300,1000,1.3,4,208650158,"MDACT",0.05,"ok",TRUE,0,"","","9d8f7ccdfe47c409c0192797f54cc1bb",5,0,5,20,0,0.25,"teaching_fixed","development","null90"
"binary_sparse_n300_t01_r0004","binary","sparse","teaching_fixed",300,1000,1.3,4,208650158,"MLFDR",0.05,"ok",TRUE,0.73,"","","03fbd319b3d922e6acaef46e3fd0d250",7,0,7,20,0,0.35,"teaching_fixed","development","null90"
"binary_sparse_n300_t01_r0004","binary","sparse","teaching_fixed",300,1000,1.3,4,208650158,"ASHMED",0.05,"ok",TRUE,0.300000000000001,"","","00cca622b5266cb5f8599bc06aa608ee",5,0,5,20,0,0.25,"teaching_fixed","development","null90"
"linear_dense_n300_t01_r0004","linear","dense","teaching_fixed",300,1000,1.3,4,233456169,"HDMT",0.05,"ok",TRUE,0.0299999999999976,"ties should not be present for the one-sample Kolmogorov-Smirnov test","","757bc87ce684c46987c1fc6ae27491c4",60,1,59,200,0.0166666666666667,0.295,"teaching_fixed","development","null90"
"linear_dense_n300_t01_r0004","linear","dense","teaching_fixed",300,1000,1.3,4,233456169,"MDACT",0.05,"ok",TRUE,0.00999999999999801,"ties should not be present for the one-sample Kolmogorov-Smirnov test","","2b985bab17d7e6b5436416fb92fda689",94,7,87,200,0.074468085106383,0.435,"teaching_fixed","development","null90"
"linear_dense_n300_t01_r0004","linear","dense","teaching_fixed",300,1000,1.3,4,233456169,"MLFDR",0.05,"ok",TRUE,0.310000000000002,"","","c68e4f0d7385f9911bde9f39a8f04e9f",129,8,121,200,0.062015503875969,0.605,"teaching_fixed","development","null90"
"linear_dense_n300_t01_r0004","linear","dense","teaching_fixed",300,1000,1.3,4,233456169,"ASHMED",0.05,"ok",TRUE,0.25,"","","d464c8a15129cc8e10b9e251a00d2037",37,1,36,200,0.027027027027027,0.18,"teaching_fixed","development","null90"
"confounded_dense_n300_t01_r0004","confounded","dense","teaching_fixed",300,1000,1.3,4,154856134,"HDMT",0.05,"ok",TRUE,0.0300000000000011,"ties should not be present for the one-sample Kolmogorov-Smirnov test","","3ff1e330ca00f7bfd65d78bfcb4ca711",63,1,62,200,0.0158730158730159,0.31,"teaching_fixed","development","null90"
"confounded_dense_n300_t01_r0004","confounded","dense","teaching_fixed",300,1000,1.3,4,154856134,"MDACT",0.05,"ok",TRUE,0.00999999999999801,"ties should not be present for the one-sample Kolmogorov-Smirnov test","","c8779fbedfc558e9f8e50800ec8522ed",73,3,70,200,0.0410958904109589,0.35,"teaching_fixed","development","null90"
"confounded_dense_n300_t01_r0004","confounded","dense","teaching_fixed",300,1000,1.3,4,154856134,"MLFDR",0.05,"ok",TRUE,0.229999999999997,"","","bf17d2c1c085324640dd6095ed399c76",133,10,123,200,0.075187969924812,0.615,"teaching_fixed","development","null90"
"confounded_dense_n300_t01_r0004","confounded","dense","teaching_fixed",300,1000,1.3,4,154856134,"ASHMED",0.05,"ok",TRUE,0.279999999999998,"","","839a981170c6c51fea625abdaaa431a2",33,0,33,200,0,0.165,"teaching_fixed","development","null90"
"binary_dense_n300_t01_r0004","binary","dense","teaching_fixed",300,1000,1.3,4,193405802,"HDMT",0.05,"ok",TRUE,0.0199999999999996,"","","c284181dab1a4192adf1c29703c52f06",63,0,63,200,0,0.315,"teaching_fixed","development","null90"
"binary_dense_n300_t01_r0004","binary","dense","teaching_fixed",300,1000,1.3,4,193405802,"MDACT",0.05,"ok",TRUE,0.0100000000000016,"","","8931bd982eb1180a9d7a605138405fe2",76,0,76,200,0,0.38,"teaching_fixed","development","null90"
"binary_dense_n300_t01_r0004","binary","dense","teaching_fixed",300,1000,1.3,4,193405802,"MLFDR",0.05,"ok",TRUE,0.59,"","","4832614f461dcc6c77af1f0eab2a87ee",143,7,136,200,0.048951048951049,0.68,"teaching_fixed","development","null90"
"binary_dense_n300_t01_r0004","binary","dense","teaching_fixed",300,1000,1.3,4,193405802,"ASHMED",0.05,"ok",TRUE,1.55,"","","0b3b5f054a15fd3d083ef695b8af3f48",78,2,76,200,0.0256410256410256,0.38,"teaching_fixed","development","null90"
"linear_sparse_n300_t02_r0004","linear","sparse","teaching_fixed",300,1000,1.5,4,6091175,"HDMT",0.05,"ok",TRUE,0.0199999999999996,"ties should not be present for the one-sample Kolmogorov-Smirnov test","","e4235463804c38a3b5ea6325b0655ce5",12,0,12,20,0,0.6,"teaching_fixed","development","null90"
"linear_sparse_n300_t02_r0004","linear","sparse","teaching_fixed",300,1000,1.5,4,6091175,"MDACT",0.05,"ok",TRUE,0,"ties should not be present for the one-sample Kolmogorov-Smirnov test","","4ca6b8a0b80d3b4bbe8b0226e5525354",12,0,12,20,0,0.6,"teaching_fixed","development","null90"
"linear_sparse_n300_t02_r0004","linear","sparse","teaching_fixed",300,1000,1.5,4,6091175,"MLFDR",0.05,"ok",TRUE,0.469999999999999,"","","f4397b9cf67af3069c8b72f09fc24b1a",15,0,15,20,0,0.75,"teaching_fixed","development","null90"
"linear_sparse_n300_t02_r0004","linear","sparse","teaching_fixed",300,1000,1.5,4,6091175,"ASHMED",0.05,"ok",TRUE,0.439999999999998,"","","98cefdac6b62326abc6fecb6e5475f50",4,0,4,20,0,0.2,"teaching_fixed","development","null90"
"confounded_sparse_n300_t02_r0004","confounded","sparse","teaching_fixed",300,1000,1.5,4,84015006,"HDMT",0.05,"ok",TRUE,0.0199999999999996,"ties should not be present for the one-sample Kolmogorov-Smirnov test","","595bc97f56f1fb7bd218c4169adaceec",9,0,9,20,0,0.45,"teaching_fixed","development","null90"
"confounded_sparse_n300_t02_r0004","confounded","sparse","teaching_fixed",300,1000,1.5,4,84015006,"MDACT",0.05,"ok",TRUE,0,"ties should not be present for the one-sample Kolmogorov-Smirnov test","","ec3a32be9aa3f33989031fb1f2e8e740",10,0,10,20,0,0.5,"teaching_fixed","development","null90"
"confounded_sparse_n300_t02_r0004","confounded","sparse","teaching_fixed",300,1000,1.5,4,84015006,"MLFDR",0.05,"ok",TRUE,0.34,"","","0061630625ab3ae2bce688a2d78886e6",13,0,13,20,0,0.65,"teaching_fixed","development","null90"
"confounded_sparse_n300_t02_r0004","confounded","sparse","teaching_fixed",300,1000,1.5,4,84015006,"ASHMED",0.05,"ok",TRUE,0.68,"","","d4a89da8f0dc1205a8b86cb76f4d1448",6,0,6,20,0,0.3,"teaching_fixed","development","null90"
"binary_sparse_n300_t02_r0004","binary","sparse","teaching_fixed",300,1000,1.5,4,35090031,"HDMT",0.05,"ok",TRUE,0.0300000000000011,"","","edcfb23021ac4f12ef2a414da065b171",9,0,9,20,0,0.45,"teaching_fixed","development","null90"
"binary_sparse_n300_t02_r0004","binary","sparse","teaching_fixed",300,1000,1.5,4,35090031,"MDACT",0.05,"ok",TRUE,0,"","","5a7dad5990f0c67b5c6485dde1061199",9,0,9,20,0,0.45,"teaching_fixed","development","null90"
"binary_sparse_n300_t02_r0004","binary","sparse","teaching_fixed",300,1000,1.5,4,35090031,"MLFDR",0.05,"ok",TRUE,0.189999999999998,"","","740f3ee85d2078c15462f0ce7d485155",12,1,11,20,0.0833333333333333,0.55,"teaching_fixed","development","null90"
"binary_sparse_n300_t02_r0004","binary","sparse","teaching_fixed",300,1000,1.5,4,35090031,"ASHMED",0.05,"ok",TRUE,0.229999999999997,"","","347db047a1c9dcc8c241095806eb7cde",8,0,8,20,0,0.4,"teaching_fixed","development","null90"
"linear_dense_n300_t02_r0004","linear","dense","teaching_fixed",300,1000,1.5,4,236550348,"HDMT",0.05,"ok",TRUE,0.0399999999999991,"ties should not be present for the one-sample Kolmogorov-Smirnov test","","7f1ed87653ea7b7f4e2ffa4e222d0292",108,3,105,200,0.0277777777777778,0.525,"teaching_fixed","development","null90"
"linear_dense_n300_t02_r0004","linear","dense","teaching_fixed",300,1000,1.5,4,236550348,"MDACT",0.05,"ok",TRUE,0,"ties should not be present for the one-sample Kolmogorov-Smirnov test","","fb534af6e8f7b05888b32a6267559945",109,3,106,200,0.0275229357798165,0.53,"teaching_fixed","development","null90"
"linear_dense_n300_t02_r0004","linear","dense","teaching_fixed",300,1000,1.5,4,236550348,"MLFDR",0.05,"ok",TRUE,0.279999999999998,"","","f6470618eaaf0eab4548cce410349145",164,11,153,200,0.0670731707317073,0.765,"teaching_fixed","development","null90"
"linear_dense_n300_t02_r0004","linear","dense","teaching_fixed",300,1000,1.5,4,236550348,"ASHMED",0.05,"ok",TRUE,0.41,"","","9b704504bdc0e7ad2b3d51744c1ac541",73,1,72,200,0.0136986301369863,0.36,"teaching_fixed","development","null90"
"confounded_dense_n300_t02_r0004","confounded","dense","teaching_fixed",300,1000,1.5,4,21923494,"HDMT",0.05,"ok",TRUE,0.00999999999999801,"ties should not be present for the one-sample Kolmogorov-Smirnov test","","c0d49082e87e9f42d0a3d22f6ee8ed67",108,4,104,200,0.037037037037037,0.52,"teaching_fixed","development","null90"
"confounded_dense_n300_t02_r0004","confounded","dense","teaching_fixed",300,1000,1.5,4,21923494,"MDACT",0.05,"ok",TRUE,0.00999999999999801,"ties should not be present for the one-sample Kolmogorov-Smirnov test","","f83b011edbc7b27337e82b8f66a9cdbc",120,4,116,200,0.0333333333333333,0.58,"teaching_fixed","development","null90"
"confounded_dense_n300_t02_r0004","confounded","dense","teaching_fixed",300,1000,1.5,4,21923494,"MLFDR",0.05,"ok",TRUE,0.170000000000002,"","","24ebbffb9103d8b4c3e8d6c71cf767bd",180,10,170,200,0.0555555555555556,0.85,"teaching_fixed","development","null90"
"confounded_dense_n300_t02_r0004","confounded","dense","teaching_fixed",300,1000,1.5,4,21923494,"ASHMED",0.05,"ok",TRUE,0.399999999999999,"","","7fa28f1e48f30f1a278f0324086791f4",72,1,71,200,0.0138888888888889,0.355,"teaching_fixed","development","null90"
"binary_dense_n300_t02_r0004","binary","dense","teaching_fixed",300,1000,1.5,4,40748325,"HDMT",0.05,"ok",TRUE,0.0100000000000016,"","","5db17bea192dab2898ba022dd880ac1a",122,2,120,200,0.0163934426229508,0.6,"teaching_fixed","development","null90"
"binary_dense_n300_t02_r0004","binary","dense","teaching_fixed",300,1000,1.5,4,40748325,"MDACT",0.05,"ok",TRUE,0.0199999999999996,"","","d60d14eec88863cfd6d9f93f3025915e",137,5,132,200,0.0364963503649635,0.66,"teaching_fixed","development","null90"
"binary_dense_n300_t02_r0004","binary","dense","teaching_fixed",300,1000,1.5,4,40748325,"MLFDR",0.05,"ok",TRUE,0.439999999999998,"","","f8004e59ce8bfd1bdbea1fa0fff081ab",183,10,173,200,0.0546448087431694,0.865,"teaching_fixed","development","null90"
"binary_dense_n300_t02_r0004","binary","dense","teaching_fixed",300,1000,1.5,4,40748325,"ASHMED",0.05,"ok",TRUE,0.539999999999999,"","","b6c3521ad3887a25d82b89bc44676999",126,3,123,200,0.0238095238095238,0.615,"teaching_fixed","development","null90"
"linear_sparse_n300_t03_r0004","linear","sparse","teaching_fixed",300,1000,1.9,4,40942032,"HDMT",0.05,"ok",TRUE,0.0300000000000011,"ties should not be present for the one-sample Kolmogorov-Smirnov test","","193d9b69eefb11af86e4239a84930cd2",19,0,19,20,0,0.95,"teaching_fixed","development","null90"
"linear_sparse_n300_t03_r0004","linear","sparse","teaching_fixed",300,1000,1.9,4,40942032,"MDACT",0.05,"ok",TRUE,0,"ties should not be present for the one-sample Kolmogorov-Smirnov test","","c16321f8c670b7e8c1125aa1283477bc",14,0,14,20,0,0.7,"teaching_fixed","development","null90"
"linear_sparse_n300_t03_r0004","linear","sparse","teaching_fixed",300,1000,1.9,4,40942032,"MLFDR",0.05,"ok",TRUE,0.129999999999999,"","","342f0a93ea97549b13a997819ac9f288",21,2,19,20,0.0952380952380952,0.95,"teaching_fixed","development","null90"
"linear_sparse_n300_t03_r0004","linear","sparse","teaching_fixed",300,1000,1.9,4,40942032,"ASHMED",0.05,"ok",TRUE,0.260000000000002,"","","64f4cdbdcfaaea24cfb5c6d8c86cc4bc",15,0,15,20,0,0.75,"teaching_fixed","development","null90"
"confounded_sparse_n300_t03_r0004","confounded","sparse","teaching_fixed",300,1000,1.9,4,123745398,"HDMT",0.05,"ok",TRUE,0.0199999999999996,"ties should not be present for the one-sample Kolmogorov-Smirnov test","","5367421e014539783d06d30c56cc9bd9",16,0,16,20,0,0.8,"teaching_fixed","development","null90"
"confounded_sparse_n300_t03_r0004","confounded","sparse","teaching_fixed",300,1000,1.9,4,123745398,"MDACT",0.05,"ok",TRUE,0.0199999999999996,"ties should not be present for the one-sample Kolmogorov-Smirnov test","","51d9686e40010ca9e72794a8367b6618",13,0,13,20,0,0.65,"teaching_fixed","development","null90"
"confounded_sparse_n300_t03_r0004","confounded","sparse","teaching_fixed",300,1000,1.9,4,123745398,"MLFDR",0.05,"ok",TRUE,0.199999999999999,"","","c05fcfa7ad0650164e94f5a520acc790",19,1,18,20,0.0526315789473684,0.9,"teaching_fixed","development","null90"
"confounded_sparse_n300_t03_r0004","confounded","sparse","teaching_fixed",300,1000,1.9,4,123745398,"ASHMED",0.05,"ok",TRUE,0.300000000000001,"","","518e4f11c3807e681e712cde95747f1e",16,0,16,20,0,0.8,"teaching_fixed","development","null90"
"binary_sparse_n300_t03_r0004","binary","sparse","teaching_fixed",300,1000,1.9,4,124688369,"HDMT",0.05,"ok",TRUE,0.0300000000000011,"","","4bc860118b9eb36834c9875e2a009bae",10,1,9,20,0.1,0.45,"teaching_fixed","development","null90"
"binary_sparse_n300_t03_r0004","binary","sparse","teaching_fixed",300,1000,1.9,4,124688369,"MDACT",0.05,"ok",TRUE,0,"","","b05eabbd659ae21d000f78d0652427d9",9,1,8,20,0.111111111111111,0.4,"teaching_fixed","development","null90"
"binary_sparse_n300_t03_r0004","binary","sparse","teaching_fixed",300,1000,1.9,4,124688369,"MLFDR",0.05,"ok",TRUE,0.189999999999998,"","","dc3764fd4853e73ecb0beb46cc82b5e3",16,0,16,20,0,0.8,"teaching_fixed","development","null90"
"binary_sparse_n300_t03_r0004","binary","sparse","teaching_fixed",300,1000,1.9,4,124688369,"ASHMED",0.05,"ok",TRUE,0.18,"","","95768e5e9de698c8220b528beec6dc65",10,1,9,20,0.1,0.45,"teaching_fixed","development","null90"
"linear_dense_n300_t03_r0004","linear","dense","teaching_fixed",300,1000,1.9,4,151766598,"HDMT",0.05,"ok",TRUE,0.0299999999999976,"ties should not be present for the one-sample Kolmogorov-Smirnov test","","80a4ecb211b7c96e8ff8c278a814c4f6",167,7,160,200,0.0419161676646707,0.8,"teaching_fixed","development","null90"
"linear_dense_n300_t03_r0004","linear","dense","teaching_fixed",300,1000,1.9,4,151766598,"MDACT",0.05,"ok",TRUE,0,"ties should not be present for the one-sample Kolmogorov-Smirnov test","","10566f1acef7a661bac5ef5bc55c75bd",166,7,159,200,0.0421686746987952,0.795,"teaching_fixed","development","null90"
"linear_dense_n300_t03_r0004","linear","dense","teaching_fixed",300,1000,1.9,4,151766598,"MLFDR",0.05,"ok",TRUE,0.140000000000001,"","","9a451dc358307e600093a3d043d9a2e1",202,14,188,200,0.0693069306930693,0.94,"teaching_fixed","development","null90"
"linear_dense_n300_t03_r0004","linear","dense","teaching_fixed",300,1000,1.9,4,151766598,"ASHMED",0.05,"ok",TRUE,0.170000000000002,"","","527b54e5321e96c111563543dea367c4",165,7,158,200,0.0424242424242424,0.79,"teaching_fixed","development","null90"
"confounded_dense_n300_t03_r0004","confounded","dense","teaching_fixed",300,1000,1.9,4,86877961,"HDMT",0.05,"ok",TRUE,0.0199999999999996,"ties should not be present for the one-sample Kolmogorov-Smirnov test","","c863bdcbce0daef2f4cbe556e443fb4a",164,3,161,200,0.0182926829268293,0.805,"teaching_fixed","development","null90"
"confounded_dense_n300_t03_r0004","confounded","dense","teaching_fixed",300,1000,1.9,4,86877961,"MDACT",0.05,"ok",TRUE,0,"ties should not be present for the one-sample Kolmogorov-Smirnov test","","85f269a46569d3a02d777506577c482b",171,3,168,200,0.0175438596491228,0.84,"teaching_fixed","development","null90"
"confounded_dense_n300_t03_r0004","confounded","dense","teaching_fixed",300,1000,1.9,4,86877961,"MLFDR",0.05,"ok",TRUE,0.149999999999999,"","","9dd4b73fc07b4198fde8bfa329439254",200,7,193,200,0.035,0.965,"teaching_fixed","development","null90"
"confounded_dense_n300_t03_r0004","confounded","dense","teaching_fixed",300,1000,1.9,4,86877961,"ASHMED",0.05,"ok",TRUE,0.359999999999999,"","","6c3dfcefd17766f8b5b5863434422665",160,1,159,200,0.00625,0.795,"teaching_fixed","development","null90"
"binary_dense_n300_t03_r0004","binary","dense","teaching_fixed",300,1000,1.9,4,16848865,"HDMT",0.05,"ok",TRUE,0.0100000000000016,"","","ad6d803bd709461fafc4dd1e4112a449",168,2,166,200,0.0119047619047619,0.83,"teaching_fixed","development","null90"
"binary_dense_n300_t03_r0004","binary","dense","teaching_fixed",300,1000,1.9,4,16848865,"MDACT",0.05,"ok",TRUE,0.0100000000000016,"","","1c466914fca3f31552d1aaf22efa4f2e",171,4,167,200,0.0233918128654971,0.835,"teaching_fixed","development","null90"
"binary_dense_n300_t03_r0004","binary","dense","teaching_fixed",300,1000,1.9,4,16848865,"MLFDR",0.05,"ok",TRUE,0.18,"","","c7241a9877a2a4d8d5d14c23c4b5828a",199,6,193,200,0.0301507537688442,0.965,"teaching_fixed","development","null90"
"binary_dense_n300_t03_r0004","binary","dense","teaching_fixed",300,1000,1.9,4,16848865,"ASHMED",0.05,"ok",TRUE,0.23,"","","0968787416e20e74792b48d7177488ab",169,2,167,200,0.0118343195266272,0.835,"teaching_fixed","development","null90"
"linear_sparse_n300_t01_r0005","linear","sparse","teaching_fixed",300,1000,1.3,5,77646531,"HDMT",0.05,"ok",TRUE,0.0199999999999996,"ties should not be present for the one-sample Kolmogorov-Smirnov test","","f6de6c9767e0c17eac0d686be93f2927",2,0,2,20,0,0.1,"teaching_fixed","development","null90"
"linear_sparse_n300_t01_r0005","linear","sparse","teaching_fixed",300,1000,1.3,5,77646531,"MDACT",0.05,"ok",TRUE,0,"ties should not be present for the one-sample Kolmogorov-Smirnov test","","6fc3a691fa8e82ea2a79a58f789575c1",2,0,2,20,0,0.1,"teaching_fixed","development","null90"
"linear_sparse_n300_t01_r0005","linear","sparse","teaching_fixed",300,1000,1.3,5,77646531,"MLFDR",0.05,"ok",TRUE,0.399999999999999,"","","be17a179914be46aaa47ec552143aa40",8,2,6,20,0.25,0.3,"teaching_fixed","development","null90"
"linear_sparse_n300_t01_r0005","linear","sparse","teaching_fixed",300,1000,1.3,5,77646531,"ASHMED",0.05,"ok",TRUE,0.719999999999999,"","","d3fdf2d1789fce89aa3811ddfcc27f8b",2,0,2,20,0,0.1,"teaching_fixed","development","null90"
"confounded_sparse_n300_t01_r0005","confounded","sparse","teaching_fixed",300,1000,1.3,5,10527424,"HDMT",0.05,"ok",TRUE,0.0199999999999996,"ties should not be present for the one-sample Kolmogorov-Smirnov test","","1664d4bce52d4dc1d7e45f1f459b18a9",6,0,6,20,0,0.3,"teaching_fixed","development","null90"
"confounded_sparse_n300_t01_r0005","confounded","sparse","teaching_fixed",300,1000,1.3,5,10527424,"MDACT",0.05,"ok",TRUE,0.0199999999999996,"ties should not be present for the one-sample Kolmogorov-Smirnov test","","138c73708c15ae71701f05471ca169e7",7,1,6,20,0.142857142857143,0.3,"teaching_fixed","development","null90"
"confounded_sparse_n300_t01_r0005","confounded","sparse","teaching_fixed",300,1000,1.3,5,10527424,"MLFDR",0.05,"ok",TRUE,0.43,"","","ab74940f7ed64af0eb17cd3e520d9353",13,1,12,20,0.0769230769230769,0.6,"teaching_fixed","development","null90"
"confounded_sparse_n300_t01_r0005","confounded","sparse","teaching_fixed",300,1000,1.3,5,10527424,"ASHMED",0.05,"ok",TRUE,0.75,"","","86353cd0a90ddb983a82218f67e56e66",6,0,6,20,0,0.3,"teaching_fixed","development","null90"
"binary_sparse_n300_t01_r0005","binary","sparse","teaching_fixed",300,1000,1.3,5,131309621,"HDMT",0.05,"ok",TRUE,0.0300000000000011,"","","2f3e0ecce7c8247974939d6e84a44937",8,3,5,20,0.375,0.25,"teaching_fixed","development","null90"
"binary_sparse_n300_t01_r0005","binary","sparse","teaching_fixed",300,1000,1.3,5,131309621,"MDACT",0.05,"ok",TRUE,0.00999999999999801,"","","9c9c3588c52dd5e8038f65ecc2405e05",10,4,6,20,0.4,0.3,"teaching_fixed","development","null90"
"binary_sparse_n300_t01_r0005","binary","sparse","teaching_fixed",300,1000,1.3,5,131309621,"MLFDR",0.05,"ok",TRUE,0.23,"","","d47908b7a396fd1458d2e5dddd307e3e",6,1,5,20,0.166666666666667,0.25,"teaching_fixed","development","null90"
"binary_sparse_n300_t01_r0005","binary","sparse","teaching_fixed",300,1000,1.3,5,131309621,"ASHMED",0.05,"ok",TRUE,0.690000000000001,"","","35eace95c5b6c9481b1d11403da60c39",2,0,2,20,0,0.1,"teaching_fixed","development","null90"
"linear_dense_n300_t01_r0005","linear","dense","teaching_fixed",300,1000,1.3,5,256981543,"HDMT",0.05,"ok",TRUE,0.0300000000000011,"ties should not be present for the one-sample Kolmogorov-Smirnov test","","895b50f9c48ccd11ddc3b9fafd1aaeaf",89,3,86,200,0.0337078651685393,0.43,"teaching_fixed","development","null90"
"linear_dense_n300_t01_r0005","linear","dense","teaching_fixed",300,1000,1.3,5,256981543,"MDACT",0.05,"ok",TRUE,0.0199999999999996,"ties should not be present for the one-sample Kolmogorov-Smirnov test","","09e7daa60f1f06636c1cbd61565db4de",107,7,100,200,0.0654205607476635,0.5,"teaching_fixed","development","null90"
"linear_dense_n300_t01_r0005","linear","dense","teaching_fixed",300,1000,1.3,5,256981543,"MLFDR",0.05,"ok",TRUE,0.440000000000001,"","","f0b064965bdbbf87746c041e0cb07627",144,9,135,200,0.0625,0.675,"teaching_fixed","development","null90"
"linear_dense_n300_t01_r0005","linear","dense","teaching_fixed",300,1000,1.3,5,256981543,"ASHMED",0.05,"ok",TRUE,0.330000000000002,"","","ecc43e3a4f8254313bc65aefdd615bff",58,0,58,200,0,0.29,"teaching_fixed","development","null90"
"confounded_dense_n300_t01_r0005","confounded","dense","teaching_fixed",300,1000,1.3,5,222626185,"HDMT",0.05,"ok",TRUE,0.0300000000000011,"ties should not be present for the one-sample Kolmogorov-Smirnov test","","0adb25c1f46f6e593bc84a47116a1899",49,1,48,200,0.0204081632653061,0.24,"teaching_fixed","development","null90"
"confounded_dense_n300_t01_r0005","confounded","dense","teaching_fixed",300,1000,1.3,5,222626185,"MDACT",0.05,"ok",TRUE,0,"ties should not be present for the one-sample Kolmogorov-Smirnov test","","19dbbf7dc88454127eb38ca39f8e6557",66,1,65,200,0.0151515151515152,0.325,"teaching_fixed","development","null90"
"confounded_dense_n300_t01_r0005","confounded","dense","teaching_fixed",300,1000,1.3,5,222626185,"MLFDR",0.05,"ok",TRUE,0.550000000000001,"","","dd1a6d0d63b6450316423032d9b9721b",145,5,140,200,0.0344827586206897,0.7,"teaching_fixed","development","null90"
"confounded_dense_n300_t01_r0005","confounded","dense","teaching_fixed",300,1000,1.3,5,222626185,"ASHMED",0.05,"ok",TRUE,0.66,"","","28247103941388a45d6324e1a8344e4d",38,0,38,200,0,0.19,"teaching_fixed","development","null90"
"binary_dense_n300_t01_r0005","binary","dense","teaching_fixed",300,1000,1.3,5,240044346,"HDMT",0.05,"ok",TRUE,0.0199999999999996,"","","f5d90762d43925a03661d15fcded9d58",60,0,60,200,0,0.3,"teaching_fixed","development","null90"
"binary_dense_n300_t01_r0005","binary","dense","teaching_fixed",300,1000,1.3,5,240044346,"MDACT",0.05,"ok",TRUE,0,"","","6af48243a298eabbc388a23e6d7658cf",71,1,70,200,0.0140845070422535,0.35,"teaching_fixed","development","null90"
"binary_dense_n300_t01_r0005","binary","dense","teaching_fixed",300,1000,1.3,5,240044346,"MLFDR",0.05,"ok",TRUE,0.399999999999999,"","","3943ffa71bc7ab1f32a551ae01d4726d",122,7,115,200,0.0573770491803279,0.575,"teaching_fixed","development","null90"
"binary_dense_n300_t01_r0005","binary","dense","teaching_fixed",300,1000,1.3,5,240044346,"ASHMED",0.05,"ok",TRUE,1.45,"","","044a72856f8354169bdd50fa0c5a857e",61,0,61,200,0,0.305,"teaching_fixed","development","null90"
"linear_sparse_n300_t02_r0005","linear","sparse","teaching_fixed",300,1000,1.5,5,110631873,"HDMT",0.05,"ok",TRUE,0.0199999999999996,"ties should not be present for the one-sample Kolmogorov-Smirnov test","","81cc7bb27501ebc3f5aea8d80f93f0bc",8,1,7,20,0.125,0.35,"teaching_fixed","development","null90"
"linear_sparse_n300_t02_r0005","linear","sparse","teaching_fixed",300,1000,1.5,5,110631873,"MDACT",0.05,"ok",TRUE,0.0199999999999996,"ties should not be present for the one-sample Kolmogorov-Smirnov test","","434fb606895bf75fa77eab3ade762148",5,0,5,20,0,0.25,"teaching_fixed","development","null90"
"linear_sparse_n300_t02_r0005","linear","sparse","teaching_fixed",300,1000,1.5,5,110631873,"MLFDR",0.05,"ok",TRUE,0.210000000000001,"","","89752fe471b254f8e73faa6a75337e61",10,0,10,20,0,0.5,"teaching_fixed","development","null90"
"linear_sparse_n300_t02_r0005","linear","sparse","teaching_fixed",300,1000,1.5,5,110631873,"ASHMED",0.05,"ok",TRUE,0.209999999999997,"","","f1b6c92003f674bce48a25d088ce29b8",2,0,2,20,0,0.1,"teaching_fixed","development","null90"
"confounded_sparse_n300_t02_r0005","confounded","sparse","teaching_fixed",300,1000,1.5,5,15959665,"HDMT",0.05,"ok",TRUE,0.0200000000000031,"ties should not be present for the one-sample Kolmogorov-Smirnov test","","79168c44afa71d1cd309682109ead82f",10,0,10,20,0,0.5,"teaching_fixed","development","null90"
"confounded_sparse_n300_t02_r0005","confounded","sparse","teaching_fixed",300,1000,1.5,5,15959665,"MDACT",0.05,"ok",TRUE,0.0199999999999996,"ties should not be present for the one-sample Kolmogorov-Smirnov test","","0674be8a1180637ef47027d52c7c9f80",14,2,12,20,0.142857142857143,0.6,"teaching_fixed","development","null90"
"confounded_sparse_n300_t02_r0005","confounded","sparse","teaching_fixed",300,1000,1.5,5,15959665,"MLFDR",0.05,"ok",TRUE,0.219999999999999,"","","d14e05c76ca0ef6052eff03f84defba8",16,1,15,20,0.0625,0.75,"teaching_fixed","development","null90"
"confounded_sparse_n300_t02_r0005","confounded","sparse","teaching_fixed",300,1000,1.5,5,15959665,"ASHMED",0.05,"ok",TRUE,0.370000000000001,"","","c106c2278d11f5100e4bec8f27a0b931",7,0,7,20,0,0.35,"teaching_fixed","development","null90"
"binary_sparse_n300_t02_r0005","binary","sparse","teaching_fixed",300,1000,1.5,5,38245531,"HDMT",0.05,"ok",TRUE,0.0199999999999996,"","","6b190632ce23ee84825718a5ec820ca2",4,0,4,20,0,0.2,"teaching_fixed","development","null90"
"binary_sparse_n300_t02_r0005","binary","sparse","teaching_fixed",300,1000,1.5,5,38245531,"MDACT",0.05,"ok",TRUE,0.0199999999999996,"","","99803112828b4d15bbf1875267dad851",9,0,9,20,0,0.45,"teaching_fixed","development","null90"
"binary_sparse_n300_t02_r0005","binary","sparse","teaching_fixed",300,1000,1.5,5,38245531,"MLFDR",0.05,"ok",TRUE,0.329999999999998,"","","e1679cf1903eac46dcf429c173067bb3",12,0,12,20,0,0.6,"teaching_fixed","development","null90"
"binary_sparse_n300_t02_r0005","binary","sparse","teaching_fixed",300,1000,1.5,5,38245531,"ASHMED",0.05,"ok",TRUE,2.61,"","","b2677ab0da5c2b7e6af81c1189118938",6,0,6,20,0,0.3,"teaching_fixed","development","null90"
"linear_dense_n300_t02_r0005","linear","dense","teaching_fixed",300,1000,1.5,5,260112594,"HDMT",0.05,"ok",TRUE,0.0300000000000011,"ties should not be present for the one-sample Kolmogorov-Smirnov test","","196f7b5b73c6bcad8df8492061d10d33",92,2,90,200,0.0217391304347826,0.45,"teaching_fixed","development","null90"
"linear_dense_n300_t02_r0005","linear","dense","teaching_fixed",300,1000,1.5,5,260112594,"MDACT",0.05,"ok",TRUE,0,"ties should not be present for the one-sample Kolmogorov-Smirnov test","","7d9b6b8f2cc72e75901ff04cf7c50516",101,3,98,200,0.0297029702970297,0.49,"teaching_fixed","development","null90"
"linear_dense_n300_t02_r0005","linear","dense","teaching_fixed",300,1000,1.5,5,260112594,"MLFDR",0.05,"ok",TRUE,0.300000000000001,"","","f70464c4ba60dbd35d1e4fe95e1699a4",155,9,146,200,0.0580645161290323,0.73,"teaching_fixed","development","null90"
"linear_dense_n300_t02_r0005","linear","dense","teaching_fixed",300,1000,1.5,5,260112594,"ASHMED",0.05,"ok",TRUE,0.379999999999999,"","","8ebee7e8e6066ad66713776c9b009571",61,1,60,200,0.0163934426229508,0.3,"teaching_fixed","development","null90"
"confounded_dense_n300_t02_r0005","confounded","dense","teaching_fixed",300,1000,1.5,5,30883352,"HDMT",0.05,"ok",TRUE,0.0300000000000011,"ties should not be present for the one-sample Kolmogorov-Smirnov test","","134d2a36a6b6f1018b3728f8fa8e4e0c",111,2,109,200,0.018018018018018,0.545,"teaching_fixed","development","null90"
"confounded_dense_n300_t02_r0005","confounded","dense","teaching_fixed",300,1000,1.5,5,30883352,"MDACT",0.05,"ok",TRUE,0.0199999999999996,"ties should not be present for the one-sample Kolmogorov-Smirnov test","","2e0ecfec253505b643b6a0f1abaaaf75",121,4,117,200,0.0330578512396694,0.585,"teaching_fixed","development","null90"
"confounded_dense_n300_t02_r0005","confounded","dense","teaching_fixed",300,1000,1.5,5,30883352,"MLFDR",0.05,"ok",TRUE,0.300000000000001,"","","6d051af8b51c918c0b14725e4e01ec0d",173,7,166,200,0.0404624277456647,0.83,"teaching_fixed","development","null90"
"confounded_dense_n300_t02_r0005","confounded","dense","teaching_fixed",300,1000,1.5,5,30883352,"ASHMED",0.05,"ok",TRUE,0.359999999999999,"","","fd24ac2d36638cd11de5006212d26cd8",78,1,77,200,0.0128205128205128,0.385,"teaching_fixed","development","null90"
"binary_dense_n300_t02_r0005","binary","dense","teaching_fixed",300,1000,1.5,5,78611874,"HDMT",0.05,"ok",TRUE,0.0300000000000011,"","","f0b876d05177ed25e1be34f83439606b",100,2,98,200,0.02,0.49,"teaching_fixed","development","null90"
"binary_dense_n300_t02_r0005","binary","dense","teaching_fixed",300,1000,1.5,5,78611874,"MDACT",0.05,"ok",TRUE,0,"","","a39064d5fa72e17941620a99cd682357",104,3,101,200,0.0288461538461538,0.505,"teaching_fixed","development","null90"
"binary_dense_n300_t02_r0005","binary","dense","teaching_fixed",300,1000,1.5,5,78611874,"MLFDR",0.05,"ok",TRUE,0.169999999999998,"","","40546a77ce66d413128aa4ba42b4292d",168,11,157,200,0.0654761904761905,0.785,"teaching_fixed","development","null90"
"binary_dense_n300_t02_r0005","binary","dense","teaching_fixed",300,1000,1.5,5,78611874,"ASHMED",0.05,"ok",TRUE,0.220000000000002,"","","4e84dfaca2928496147eb270a79c31ca",115,3,112,200,0.0260869565217391,0.56,"teaching_fixed","development","null90"
"linear_sparse_n300_t03_r0005","linear","sparse","teaching_fixed",300,1000,1.9,5,143423608,"HDMT",0.05,"ok",TRUE,0.0199999999999996,"ties should not be present for the one-sample Kolmogorov-Smirnov test","","4020d59252ed3d6072696270509e882d",14,0,14,20,0,0.7,"teaching_fixed","development","null90"
"linear_sparse_n300_t03_r0005","linear","sparse","teaching_fixed",300,1000,1.9,5,143423608,"MDACT",0.05,"ok",TRUE,0.0199999999999996,"ties should not be present for the one-sample Kolmogorov-Smirnov test","","145916aff30f8d20f7803dbbd44f2214",15,1,14,20,0.0666666666666667,0.7,"teaching_fixed","development","null90"
"linear_sparse_n300_t03_r0005","linear","sparse","teaching_fixed",300,1000,1.9,5,143423608,"MLFDR",0.05,"ok",TRUE,0.23,"","","0b688df62ea508ae33bcf59b0d941560",16,0,16,20,0,0.8,"teaching_fixed","development","null90"
"linear_sparse_n300_t03_r0005","linear","sparse","teaching_fixed",300,1000,1.9,5,143423608,"ASHMED",0.05,"ok",TRUE,0.259999999999998,"","","c78cc32d8fb5c87a797d08a563e8f385",12,0,12,20,0,0.6,"teaching_fixed","development","null90"
"confounded_sparse_n300_t03_r0005","confounded","sparse","teaching_fixed",300,1000,1.9,5,172801387,"HDMT",0.05,"ok",TRUE,0.0100000000000016,"ties should not be present for the one-sample Kolmogorov-Smirnov test","","b2afe00f442ef6bef60c85b71706e5f9",14,0,14,20,0,0.7,"teaching_fixed","development","null90"
"confounded_sparse_n300_t03_r0005","confounded","sparse","teaching_fixed",300,1000,1.9,5,172801387,"MDACT",0.05,"ok",TRUE,0.0199999999999996,"ties should not be present for the one-sample Kolmogorov-Smirnov test","","7ec0bcac877e1b2292122ce8d7799c7c",15,0,15,20,0,0.75,"teaching_fixed","development","null90"
"confounded_sparse_n300_t03_r0005","confounded","sparse","teaching_fixed",300,1000,1.9,5,172801387,"MLFDR",0.05,"ok",TRUE,0.27,"","","c0c831ec6107805cb31aa858facc5003",20,2,18,20,0.1,0.9,"teaching_fixed","development","null90"
"confounded_sparse_n300_t03_r0005","confounded","sparse","teaching_fixed",300,1000,1.9,5,172801387,"ASHMED",0.05,"ok",TRUE,0.390000000000001,"","","d2eab7187c8b25d673412c4c99dc1b2a",14,0,14,20,0,0.7,"teaching_fixed","development","null90"
"binary_sparse_n300_t03_r0005","binary","sparse","teaching_fixed",300,1000,1.9,5,256495018,"HDMT",0.05,"ok",TRUE,0.0199999999999996,"","","c4e20ee3a79d418cc4be088c6386964f",16,1,15,20,0.0625,0.75,"teaching_fixed","development","null90"
"binary_sparse_n300_t03_r0005","binary","sparse","teaching_fixed",300,1000,1.9,5,256495018,"MDACT",0.05,"ok",TRUE,0.0199999999999996,"","","c131e8186c3815f8d43322febb2e3322",24,5,19,20,0.208333333333333,0.95,"teaching_fixed","development","null90"
"binary_sparse_n300_t03_r0005","binary","sparse","teaching_fixed",300,1000,1.9,5,256495018,"MLFDR",0.05,"ok",TRUE,0.32,"","","ef1b0ea9270d961e4e5556b96f10e4b5",18,0,18,20,0,0.9,"teaching_fixed","development","null90"
"binary_sparse_n300_t03_r0005","binary","sparse","teaching_fixed",300,1000,1.9,5,256495018,"ASHMED",0.05,"ok",TRUE,0.23,"","","e791b5f23de1db7ce6a2e3dd7c698eac",13,0,13,20,0,0.65,"teaching_fixed","development","null90"
"linear_dense_n300_t03_r0005","linear","dense","teaching_fixed",300,1000,1.9,5,174183321,"HDMT",0.05,"ok",TRUE,0.0300000000000011,"ties should not be present for the one-sample Kolmogorov-Smirnov test","","0ff5a2608b6dbb53023f8d498f6eb6d7",171,4,167,200,0.0233918128654971,0.835,"teaching_fixed","development","null90"
"linear_dense_n300_t03_r0005","linear","dense","teaching_fixed",300,1000,1.9,5,174183321,"MDACT",0.05,"ok",TRUE,0,"ties should not be present for the one-sample Kolmogorov-Smirnov test","","d7792c4e5951342393427c2ef7130f7d",174,6,168,200,0.0344827586206897,0.84,"teaching_fixed","development","null90"
"linear_dense_n300_t03_r0005","linear","dense","teaching_fixed",300,1000,1.9,5,174183321,"MLFDR",0.05,"ok",TRUE,0.16,"","","a9dbb0e7c7f25c1363be70efa402deed",200,7,193,200,0.035,0.965,"teaching_fixed","development","null90"
"linear_dense_n300_t03_r0005","linear","dense","teaching_fixed",300,1000,1.9,5,174183321,"ASHMED",0.05,"ok",TRUE,0.449999999999999,"","","e84e4374c96bff864276510508c178ab",160,2,158,200,0.0125,0.79,"teaching_fixed","development","null90"
"confounded_dense_n300_t03_r0005","confounded","dense","teaching_fixed",300,1000,1.9,5,14518260,"HDMT",0.05,"ok",TRUE,0.0199999999999996,"ties should not be present for the one-sample Kolmogorov-Smirnov test","","c84e9dcf09392ded6449d2d2f256d7af",168,6,162,200,0.0357142857142857,0.81,"teaching_fixed","development","null90"
"confounded_dense_n300_t03_r0005","confounded","dense","teaching_fixed",300,1000,1.9,5,14518260,"MDACT",0.05,"ok",TRUE,0.0199999999999996,"ties should not be present for the one-sample Kolmogorov-Smirnov test","","5a3bd4d94a08489e466e0ebffd90a324",166,6,160,200,0.036144578313253,0.8,"teaching_fixed","development","null90"
"confounded_dense_n300_t03_r0005","confounded","dense","teaching_fixed",300,1000,1.9,5,14518260,"MLFDR",0.05,"ok",TRUE,0.120000000000001,"","","09637b5837fd501bfeb90301f1ffb217",199,12,187,200,0.0603015075376884,0.935,"teaching_fixed","development","null90"
"confounded_dense_n300_t03_r0005","confounded","dense","teaching_fixed",300,1000,1.9,5,14518260,"ASHMED",0.05,"ok",TRUE,0.309999999999999,"","","dcdc616c22d10f3fc5b7147e06f6b201",150,1,149,200,0.00666666666666667,0.745,"teaching_fixed","development","null90"
"binary_dense_n300_t03_r0005","binary","dense","teaching_fixed",300,1000,1.9,5,108745234,"HDMT",0.05,"ok",TRUE,0.0199999999999996,"","","e6a1858bed566ec88c01df618bb4ece0",156,3,153,200,0.0192307692307692,0.765,"teaching_fixed","development","null90"
"binary_dense_n300_t03_r0005","binary","dense","teaching_fixed",300,1000,1.9,5,108745234,"MDACT",0.05,"ok",TRUE,0.0199999999999996,"","","3459853c28bf4bee7936f490d99708ec",157,3,154,200,0.0191082802547771,0.77,"teaching_fixed","development","null90"
"binary_dense_n300_t03_r0005","binary","dense","teaching_fixed",300,1000,1.9,5,108745234,"MLFDR",0.05,"ok",TRUE,0.18,"","","e2b44f3abdac34ca10c8c4ec97d3dbbb",195,9,186,200,0.0461538461538462,0.93,"teaching_fixed","development","null90"
"binary_dense_n300_t03_r0005","binary","dense","teaching_fixed",300,1000,1.9,5,108745234,"ASHMED",0.05,"ok",TRUE,0.199999999999999,"","","cf706d2170ea7024d5fa9ee25763f97b",173,4,169,200,0.023121387283237,0.845,"teaching_fixed","development","null90"
"linear_sparse_n300_t01_r0006","linear","sparse","teaching_fixed",300,1000,1.3,6,239697232,"HDMT",0.05,"ok",TRUE,0.0199999999999996,"ties should not be present for the one-sample Kolmogorov-Smirnov test","","c2e97748eb2e9bbfe8000b4d88afef7b",9,0,9,20,0,0.45,"teaching_fixed","development","null90"
"linear_sparse_n300_t01_r0006","linear","sparse","teaching_fixed",300,1000,1.3,6,239697232,"MDACT",0.05,"ok",TRUE,0.00999999999999801,"ties should not be present for the one-sample Kolmogorov-Smirnov test","","38e55b8e571c518126cfac94be8ee396",8,0,8,20,0,0.4,"teaching_fixed","development","null90"
"linear_sparse_n300_t01_r0006","linear","sparse","teaching_fixed",300,1000,1.3,6,239697232,"MLFDR",0.05,"ok",TRUE,0.43,"","","2dcfa96b32e441274138da59ba8b08c4",12,2,10,20,0.166666666666667,0.5,"teaching_fixed","development","null90"
"linear_sparse_n300_t01_r0006","linear","sparse","teaching_fixed",300,1000,1.3,6,239697232,"ASHMED",0.05,"ok",TRUE,0.510000000000002,"","","81b89902b8552d3194a9554c4f683e28",6,0,6,20,0,0.3,"teaching_fixed","development","null90"
"confounded_sparse_n300_t01_r0006","confounded","sparse","teaching_fixed",300,1000,1.3,6,216522641,"HDMT",0.05,"ok",TRUE,0.0300000000000011,"ties should not be present for the one-sample Kolmogorov-Smirnov test","","9f68b19a716f507d2f8d6a16adc23c65",2,0,2,20,0,0.1,"teaching_fixed","development","null90"
"confounded_sparse_n300_t01_r0006","confounded","sparse","teaching_fixed",300,1000,1.3,6,216522641,"MDACT",0.05,"ok",TRUE,0,"ties should not be present for the one-sample Kolmogorov-Smirnov test","","45e3daa547c24aa8c95f812062769f2a",2,0,2,20,0,0.1,"teaching_fixed","development","null90"
"confounded_sparse_n300_t01_r0006","confounded","sparse","teaching_fixed",300,1000,1.3,6,216522641,"MLFDR",0.05,"ok",TRUE,2.04,"","","3123e0e00fdef740d766b88773874bd7",8,1,7,20,0.125,0.35,"teaching_fixed","development","null90"
"confounded_sparse_n300_t01_r0006","confounded","sparse","teaching_fixed",300,1000,1.3,6,216522641,"ASHMED",0.05,"ok",TRUE,0.890000000000001,"","","2d97d81ae42469d60e8e5cbd0ca6f04f",0,0,0,20,0,0,"teaching_fixed","development","null90"
"binary_sparse_n300_t01_r0006","binary","sparse","teaching_fixed",300,1000,1.3,6,217082437,"HDMT",0.05,"ok",TRUE,0.0300000000000011,"","","c08173918df41534ae933206ba68960d",2,0,2,20,0,0.1,"teaching_fixed","development","null90"
"binary_sparse_n300_t01_r0006","binary","sparse","teaching_fixed",300,1000,1.3,6,217082437,"MDACT",0.05,"ok",TRUE,0,"","","5a284dac34418de6fafd83a0c5073471",2,0,2,20,0,0.1,"teaching_fixed","development","null90"
"binary_sparse_n300_t01_r0006","binary","sparse","teaching_fixed",300,1000,1.3,6,217082437,"MLFDR",0.05,"ok",TRUE,0.940000000000005,"","","b9eb800fdba50ccdb86ae7697d09bdea",5,0,5,20,0,0.25,"teaching_fixed","development","null90"
"binary_sparse_n300_t01_r0006","binary","sparse","teaching_fixed",300,1000,1.3,6,217082437,"ASHMED",0.05,"ok",TRUE,0.52,"","","81c8645d4e8bba1f0df13e378642d881",2,0,2,20,0,0.1,"teaching_fixed","development","null90"
"linear_dense_n300_t01_r0006","linear","dense","teaching_fixed",300,1000,1.3,6,233952335,"HDMT",0.05,"ok",TRUE,0.0399999999999991,"ties should not be present for the one-sample Kolmogorov-Smirnov test","","894fb4dd00d86baf68e2deeb2c5e393d",49,0,49,200,0,0.245,"teaching_fixed","development","null90"
"linear_dense_n300_t01_r0006","linear","dense","teaching_fixed",300,1000,1.3,6,233952335,"MDACT",0.05,"ok",TRUE,0,"ties should not be present for the one-sample Kolmogorov-Smirnov test","","9cd72b5fa0216d64cf562fb39a345e85",60,0,60,200,0,0.3,"teaching_fixed","development","null90"
"linear_dense_n300_t01_r0006","linear","dense","teaching_fixed",300,1000,1.3,6,233952335,"MLFDR",0.05,"ok",TRUE,0.59,"","","c7288e7dbc45c5595b9868c163ea19b5",142,6,136,200,0.0422535211267606,0.68,"teaching_fixed","development","null90"
"linear_dense_n300_t01_r0006","linear","dense","teaching_fixed",300,1000,1.3,6,233952335,"ASHMED",0.05,"ok",TRUE,0.350000000000001,"","","be8b0034f2c09185c94b11faffdebdf6",33,0,33,200,0,0.165,"teaching_fixed","development","null90"
"confounded_dense_n300_t01_r0006","confounded","dense","teaching_fixed",300,1000,1.3,6,90480225,"HDMT",0.05,"ok",TRUE,0.0299999999999976,"ties should not be present for the one-sample Kolmogorov-Smirnov test","","740c9c4414b8bca70d8160fb3d908835",65,2,63,200,0.0307692307692308,0.315,"teaching_fixed","development","null90"
"confounded_dense_n300_t01_r0006","confounded","dense","teaching_fixed",300,1000,1.3,6,90480225,"MDACT",0.05,"ok",TRUE,0.0199999999999996,"ties should not be present for the one-sample Kolmogorov-Smirnov test","","42a3312ae9e1afc1ba41c1aca25d4290",79,3,76,200,0.0379746835443038,0.38,"teaching_fixed","development","null90"
"confounded_dense_n300_t01_r0006","confounded","dense","teaching_fixed",300,1000,1.3,6,90480225,"MLFDR",0.05,"ok",TRUE,0.329999999999998,"","","c1b44f6f0a05ca5052a4847d57c1b3bd",148,9,139,200,0.0608108108108108,0.695,"teaching_fixed","development","null90"
"confounded_dense_n300_t01_r0006","confounded","dense","teaching_fixed",300,1000,1.3,6,90480225,"ASHMED",0.05,"ok",TRUE,0.329999999999998,"","","56b102f0665e1f475e3fec428c0d018f",40,0,40,200,0,0.2,"teaching_fixed","development","null90"
"binary_dense_n300_t01_r0006","binary","dense","teaching_fixed",300,1000,1.3,6,190410880,"HDMT",0.05,"ok",TRUE,0.0300000000000011,"","","58cfd63a361b63571d06dbb9a7109d02",78,1,77,200,0.0128205128205128,0.385,"teaching_fixed","development","null90"
"binary_dense_n300_t01_r0006","binary","dense","teaching_fixed",300,1000,1.3,6,190410880,"MDACT",0.05,"ok",TRUE,0,"","","4b7f1aef3725124f1a750b6c43f31f9f",90,1,89,200,0.0111111111111111,0.445,"teaching_fixed","development","null90"
"binary_dense_n300_t01_r0006","binary","dense","teaching_fixed",300,1000,1.3,6,190410880,"MLFDR",0.05,"ok",TRUE,0.410000000000004,"","","c5046ef1062a5f9491fd98a510e28983",143,8,135,200,0.0559440559440559,0.675,"teaching_fixed","development","null90"
"binary_dense_n300_t01_r0006","binary","dense","teaching_fixed",300,1000,1.3,6,190410880,"ASHMED",0.05,"ok",TRUE,1.23,"","","95b415aaf2e2a1c1261a70658135bddf",83,2,81,200,0.0240963855421687,0.405,"teaching_fixed","development","null90"
"linear_sparse_n300_t02_r0006","linear","sparse","teaching_fixed",300,1000,1.5,6,106557592,"HDMT",0.05,"ok",TRUE,0.0399999999999991,"ties should not be present for the one-sample Kolmogorov-Smirnov test","","ab57946e134d2c98c0e703fddaca912c",4,0,4,20,0,0.2,"teaching_fixed","development","null90"
"linear_sparse_n300_t02_r0006","linear","sparse","teaching_fixed",300,1000,1.5,6,106557592,"MDACT",0.05,"ok",TRUE,0,"ties should not be present for the one-sample Kolmogorov-Smirnov test","","1943495ba1208f8c20f35db792d62f98",5,0,5,20,0,0.25,"teaching_fixed","development","null90"
"linear_sparse_n300_t02_r0006","linear","sparse","teaching_fixed",300,1000,1.5,6,106557592,"MLFDR",0.05,"ok",TRUE,0.25,"","","1413305c71d7eb5f0307d1adf8cc9c71",11,0,11,20,0,0.55,"teaching_fixed","development","null90"
"linear_sparse_n300_t02_r0006","linear","sparse","teaching_fixed",300,1000,1.5,6,106557592,"ASHMED",0.05,"ok",TRUE,0.369999999999997,"","","5f810d93dcf7a2c1e7cebb7301d3fa7b",3,0,3,20,0,0.15,"teaching_fixed","development","null90"
"confounded_sparse_n300_t02_r0006","confounded","sparse","teaching_fixed",300,1000,1.5,6,2585420,"HDMT",0.05,"ok",TRUE,0.0399999999999991,"ties should not be present for the one-sample Kolmogorov-Smirnov test","","d4a3d8ff81a08f6afffb02fcadff3da5",4,0,4,20,0,0.2,"teaching_fixed","development","null90"
"confounded_sparse_n300_t02_r0006","confounded","sparse","teaching_fixed",300,1000,1.5,6,2585420,"MDACT",0.05,"ok",TRUE,0.0200000000000031,"ties should not be present for the one-sample Kolmogorov-Smirnov test","","b3eaed1f3105758e706823b1608ed05c",6,0,6,20,0,0.3,"teaching_fixed","development","null90"
"confounded_sparse_n300_t02_r0006","confounded","sparse","teaching_fixed",300,1000,1.5,6,2585420,"MLFDR",0.05,"ok",TRUE,0.710000000000001,"","","d748aae3ec3b0f76e930edc0827a4382",12,0,12,20,0,0.6,"teaching_fixed","development","null90"
"confounded_sparse_n300_t02_r0006","confounded","sparse","teaching_fixed",300,1000,1.5,6,2585420,"ASHMED",0.05,"ok",TRUE,0.289999999999999,"","","f21e668a4ea48d90e69ac5c604c25ccb",4,0,4,20,0,0.2,"teaching_fixed","development","null90"
"binary_sparse_n300_t02_r0006","binary","sparse","teaching_fixed",300,1000,1.5,6,95962177,"HDMT",0.05,"ok",TRUE,0.029999999999994,"","","10e1f20f0d499fc5a49dba9237ef4995",10,0,10,20,0,0.5,"teaching_fixed","development","null90"
"binary_sparse_n300_t02_r0006","binary","sparse","teaching_fixed",300,1000,1.5,6,95962177,"MDACT",0.05,"ok",TRUE,0,"","","426d191507d87f410754601f9351b017",12,0,12,20,0,0.6,"teaching_fixed","development","null90"
"binary_sparse_n300_t02_r0006","binary","sparse","teaching_fixed",300,1000,1.5,6,95962177,"MLFDR",0.05,"ok",TRUE,0.270000000000003,"","","6d0aae9c330ced101fd232afd2d0b7cd",18,0,18,20,0,0.9,"teaching_fixed","development","null90"
"binary_sparse_n300_t02_r0006","binary","sparse","teaching_fixed",300,1000,1.5,6,95962177,"ASHMED",0.05,"ok",TRUE,0.57,"","","f3f51217ae177ea033b85d5f50108756",10,0,10,20,0,0.5,"teaching_fixed","development","null90"
"linear_dense_n300_t02_r0006","linear","dense","teaching_fixed",300,1000,1.5,6,266013085,"HDMT",0.05,"ok",TRUE,0.0200000000000031,"ties should not be present for the one-sample Kolmogorov-Smirnov test","","2f1ffe48515c06682a5f862c66a74eb7",113,3,110,200,0.0265486725663717,0.55,"teaching_fixed","development","null90"
"linear_dense_n300_t02_r0006","linear","dense","teaching_fixed",300,1000,1.5,6,266013085,"MDACT",0.05,"ok",TRUE,0.019999999999996,"ties should not be present for the one-sample Kolmogorov-Smirnov test","","9ef5d77bf7d33bca7ad23609dae86db8",123,4,119,200,0.032520325203252,0.595,"teaching_fixed","development","null90"
"linear_dense_n300_t02_r0006","linear","dense","teaching_fixed",300,1000,1.5,6,266013085,"MLFDR",0.05,"ok",TRUE,0.18,"","","eed3f7261db32dde2f753106fa881684",181,10,171,200,0.0552486187845304,0.855,"teaching_fixed","development","null90"
"linear_dense_n300_t02_r0006","linear","dense","teaching_fixed",300,1000,1.5,6,266013085,"ASHMED",0.05,"ok",TRUE,0.410000000000004,"","","7197a7e1ae844a52bd9f2783f3c47e91",73,2,71,200,0.0273972602739726,0.355,"teaching_fixed","development","null90"
"confounded_dense_n300_t02_r0006","confounded","dense","teaching_fixed",300,1000,1.5,6,101479147,"HDMT",0.05,"ok",TRUE,0.0300000000000011,"ties should not be present for the one-sample Kolmogorov-Smirnov test","","bff62941458ceeb8d6617c51422af59a",91,1,90,200,0.010989010989011,0.45,"teaching_fixed","development","null90"
"confounded_dense_n300_t02_r0006","confounded","dense","teaching_fixed",300,1000,1.5,6,101479147,"MDACT",0.05,"ok",TRUE,0,"ties should not be present for the one-sample Kolmogorov-Smirnov test","","ad15c19b9d01bbd27cc4acf72c4a230a",96,1,95,200,0.0104166666666667,0.475,"teaching_fixed","development","null90"
"confounded_dense_n300_t02_r0006","confounded","dense","teaching_fixed",300,1000,1.5,6,101479147,"MLFDR",0.05,"ok",TRUE,0.240000000000002,"","","a61e38621e42e326790cc9a8454f3826",157,4,153,200,0.0254777070063694,0.765,"teaching_fixed","development","null90"
"confounded_dense_n300_t02_r0006","confounded","dense","teaching_fixed",300,1000,1.5,6,101479147,"ASHMED",0.05,"ok",TRUE,0.670000000000002,"","","5db2ee33177e939ca94ab4748a9aeae3",65,1,64,200,0.0153846153846154,0.32,"teaching_fixed","development","null90"
"binary_dense_n300_t02_r0006","binary","dense","teaching_fixed",300,1000,1.5,6,204994157,"HDMT",0.05,"ok",TRUE,0.0300000000000011,"","","6012512ed666ad129e0ed0645ed9f0c1",104,1,103,200,0.00961538461538462,0.515,"teaching_fixed","development","null90"
"binary_dense_n300_t02_r0006","binary","dense","teaching_fixed",300,1000,1.5,6,204994157,"MDACT",0.05,"ok",TRUE,0,"","","7f47b8cf62b07b89eed531951f48b859",122,4,118,200,0.0327868852459016,0.59,"teaching_fixed","development","null90"
"binary_dense_n300_t02_r0006","binary","dense","teaching_fixed",300,1000,1.5,6,204994157,"MLFDR",0.05,"ok",TRUE,0.219999999999999,"","","7d93859651503e01aae12792bcb15e0b",166,8,158,200,0.0481927710843374,0.79,"teaching_fixed","development","null90"
"binary_dense_n300_t02_r0006","binary","dense","teaching_fixed",300,1000,1.5,6,204994157,"ASHMED",0.05,"ok",TRUE,0.610000000000007,"","","cc4c6c17bf97d44e863a62af6fc98c9d",115,6,109,200,0.0521739130434783,0.545,"teaching_fixed","development","null90"
"linear_sparse_n300_t03_r0006","linear","sparse","teaching_fixed",300,1000,1.9,6,193982369,"HDMT",0.05,"ok",TRUE,0.0300000000000011,"ties should not be present for the one-sample Kolmogorov-Smirnov test","","5d26b0fa25b76f83fbd8ac80dd183ebe",16,1,15,20,0.0625,0.75,"teaching_fixed","development","null90"
"linear_sparse_n300_t03_r0006","linear","sparse","teaching_fixed",300,1000,1.9,6,193982369,"MDACT",0.05,"ok",TRUE,0,"ties should not be present for the one-sample Kolmogorov-Smirnov test","","23d9d14dd6cf80be2e19ce9d66e6c438",18,1,17,20,0.0555555555555556,0.85,"teaching_fixed","development","null90"
"linear_sparse_n300_t03_r0006","linear","sparse","teaching_fixed",300,1000,1.9,6,193982369,"MLFDR",0.05,"ok",TRUE,0.32,"","","21bee12cfdbe21888c0f8c944858612b",22,2,20,20,0.0909090909090909,1,"teaching_fixed","development","null90"
"linear_sparse_n300_t03_r0006","linear","sparse","teaching_fixed",300,1000,1.9,6,193982369,"ASHMED",0.05,"ok",TRUE,0.339999999999996,"","","c91c564a25188b2f7fcee1b6568eb694",16,1,15,20,0.0625,0.75,"teaching_fixed","development","null90"
"confounded_sparse_n300_t03_r0006","confounded","sparse","teaching_fixed",300,1000,1.9,6,96318280,"HDMT",0.05,"ok",TRUE,0.0200000000000031,"ties should not be present for the one-sample Kolmogorov-Smirnov test","","45d6a328161d8bcb17f8b3292c0a248e",12,0,12,20,0,0.6,"teaching_fixed","development","null90"
"confounded_sparse_n300_t03_r0006","confounded","sparse","teaching_fixed",300,1000,1.9,6,96318280,"MDACT",0.05,"ok",TRUE,0,"ties should not be present for the one-sample Kolmogorov-Smirnov test","","3408027bc0b7715150b13d5d690fe84e",9,0,9,20,0,0.45,"teaching_fixed","development","null90"
"confounded_sparse_n300_t03_r0006","confounded","sparse","teaching_fixed",300,1000,1.9,6,96318280,"MLFDR",0.05,"ok",TRUE,0.579999999999998,"","","e6ca9f23ca64a4b1f5500f7ceca541da",15,1,14,20,0.0666666666666667,0.7,"teaching_fixed","development","null90"
"confounded_sparse_n300_t03_r0006","confounded","sparse","teaching_fixed",300,1000,1.9,6,96318280,"ASHMED",0.05,"ok",TRUE,0.280000000000001,"","","84465b8db6a2ea1b69912bea70b9a1ce",6,0,6,20,0,0.3,"teaching_fixed","development","null90"
"binary_sparse_n300_t03_r0006","binary","sparse","teaching_fixed",300,1000,1.9,6,170703408,"HDMT",0.05,"ok",TRUE,0.0399999999999991,"","","1b1c4788f7e9a76cbed1bd30fe702c4c",15,1,14,20,0.0666666666666667,0.7,"teaching_fixed","development","null90"
"binary_sparse_n300_t03_r0006","binary","sparse","teaching_fixed",300,1000,1.9,6,170703408,"MDACT",0.05,"ok",TRUE,0.00999999999999801,"","","ab82d671a6bd7aefec3919ec69c93159",14,1,13,20,0.0714285714285714,0.65,"teaching_fixed","development","null90"
"binary_sparse_n300_t03_r0006","binary","sparse","teaching_fixed",300,1000,1.9,6,170703408,"MLFDR",0.05,"ok",TRUE,0.18,"","","1896cde1cc25da2af7bd64ddcb944d60",16,0,16,20,0,0.8,"teaching_fixed","development","null90"
"binary_sparse_n300_t03_r0006","binary","sparse","teaching_fixed",300,1000,1.9,6,170703408,"ASHMED",0.05,"ok",TRUE,0.300000000000004,"","","b9a2b306d85183626d62bb77485b3b82",13,1,12,20,0.0769230769230769,0.6,"teaching_fixed","development","null90"
"linear_dense_n300_t03_r0006","linear","dense","teaching_fixed",300,1000,1.9,6,101054982,"HDMT",0.05,"ok",TRUE,0.0300000000000011,"ties should not be present for the one-sample Kolmogorov-Smirnov test","","39da83afc492304f5081df34c030978d",170,8,162,200,0.0470588235294118,0.81,"teaching_fixed","development","null90"
"linear_dense_n300_t03_r0006","linear","dense","teaching_fixed",300,1000,1.9,6,101054982,"MDACT",0.05,"ok",TRUE,0.00999999999999801,"ties should not be present for the one-sample Kolmogorov-Smirnov test","","a71f4ff4f00d24a8658d413226c3db2e",176,9,167,200,0.0511363636363636,0.835,"teaching_fixed","development","null90"
"linear_dense_n300_t03_r0006","linear","dense","teaching_fixed",300,1000,1.9,6,101054982,"MLFDR",0.05,"ok",TRUE,0.109999999999999,"","","99c6bdedb6783b76bfb509ad911b0287",215,17,198,200,0.0790697674418605,0.99,"teaching_fixed","development","null90"
"linear_dense_n300_t03_r0006","linear","dense","teaching_fixed",300,1000,1.9,6,101054982,"ASHMED",0.05,"ok",TRUE,0.300000000000004,"","","a949c0457597c10e7839ecf42c223524",160,5,155,200,0.03125,0.775,"teaching_fixed","development","null90"
"confounded_dense_n300_t03_r0006","confounded","dense","teaching_fixed",300,1000,1.9,6,248101941,"HDMT",0.05,"ok",TRUE,0.00999999999999801,"ties should not be present for the one-sample Kolmogorov-Smirnov test","","f2e03f5ad90a6e1d34aeae3e09cec955",176,7,169,200,0.0397727272727273,0.845,"teaching_fixed","development","null90"
"confounded_dense_n300_t03_r0006","confounded","dense","teaching_fixed",300,1000,1.9,6,248101941,"MDACT",0.05,"ok",TRUE,0,"ties should not be present for the one-sample Kolmogorov-Smirnov test","","ddb3c05ca3b1bdfffaf50234a6c460ad",180,8,172,200,0.0444444444444444,0.86,"teaching_fixed","development","null90"
"confounded_dense_n300_t03_r0006","confounded","dense","teaching_fixed",300,1000,1.9,6,248101941,"MLFDR",0.05,"ok",TRUE,0.109999999999999,"","","c01df67a299b0b2edd76f90aa37a3829",195,7,188,200,0.0358974358974359,0.94,"teaching_fixed","development","null90"
"confounded_dense_n300_t03_r0006","confounded","dense","teaching_fixed",300,1000,1.9,6,248101941,"ASHMED",0.05,"ok",TRUE,0.270000000000003,"","","743752d68ec0203f78d7d85c4c248979",159,5,154,200,0.0314465408805031,0.77,"teaching_fixed","development","null90"
"binary_dense_n300_t03_r0006","binary","dense","teaching_fixed",300,1000,1.9,6,28396776,"HDMT",0.05,"ok",TRUE,0.029999999999994,"","","e903025ffbdce243d67f49790762d991",177,9,168,200,0.0508474576271186,0.84,"teaching_fixed","development","null90"
"binary_dense_n300_t03_r0006","binary","dense","teaching_fixed",300,1000,1.9,6,28396776,"MDACT",0.05,"ok",TRUE,0.0200000000000031,"","","ad6fc2720c480658b9b0c1b18d1f2264",187,9,178,200,0.0481283422459893,0.89,"teaching_fixed","development","null90"
"binary_dense_n300_t03_r0006","binary","dense","teaching_fixed",300,1000,1.9,6,28396776,"MLFDR",0.05,"ok",TRUE,0.130000000000003,"","","e4cce2f504754a85de69090d073e836b",200,8,192,200,0.04,0.96,"teaching_fixed","development","null90"
"binary_dense_n300_t03_r0006","binary","dense","teaching_fixed",300,1000,1.9,6,28396776,"ASHMED",0.05,"ok",TRUE,0.25,"","","f9daebdd49968f15e582937e66242160",183,7,176,200,0.0382513661202186,0.88,"teaching_fixed","development","null90"
"linear_sparse_n300_t01_r0007","linear","sparse","teaching_fixed",300,1000,1.3,7,172705268,"HDMT",0.05,"ok",TRUE,0.0200000000000031,"ties should not be present for the one-sample Kolmogorov-Smirnov test","","a1a082db59d38f1a8241a81d7263dda9",3,0,3,20,0,0.15,"teaching_fixed","development","null90"
"linear_sparse_n300_t01_r0007","linear","sparse","teaching_fixed",300,1000,1.3,7,172705268,"MDACT",0.05,"ok",TRUE,0.019999999999996,"ties should not be present for the one-sample Kolmogorov-Smirnov test","","abdccc56ff81d231e07233a7cbe4814f",7,0,7,20,0,0.35,"teaching_fixed","development","null90"
"linear_sparse_n300_t01_r0007","linear","sparse","teaching_fixed",300,1000,1.3,7,172705268,"MLFDR",0.05,"ok",TRUE,0.420000000000002,"","","edff63186fcd90ca3ba27d57ec82016a",10,0,10,20,0,0.5,"teaching_fixed","development","null90"
"linear_sparse_n300_t01_r0007","linear","sparse","teaching_fixed",300,1000,1.3,7,172705268,"ASHMED",0.05,"ok",TRUE,0.470000000000006,"","","14315000fd565c083b53d07d74d0f4a7",3,0,3,20,0,0.15,"teaching_fixed","development","null90"
"confounded_sparse_n300_t01_r0007","confounded","sparse","teaching_fixed",300,1000,1.3,7,23599921,"HDMT",0.05,"ok",TRUE,0.00999999999999801,"ties should not be present for the one-sample Kolmogorov-Smirnov test","","3812284603902f881d954076fe180688",12,2,10,20,0.166666666666667,0.5,"teaching_fixed","development","null90"
"confounded_sparse_n300_t01_r0007","confounded","sparse","teaching_fixed",300,1000,1.3,7,23599921,"MDACT",0.05,"ok",TRUE,0.00999999999999801,"ties should not be present for the one-sample Kolmogorov-Smirnov test","","0fb8bf5b08b274eb54b0a017109c5e33",6,0,6,20,0,0.3,"teaching_fixed","development","null90"
"confounded_sparse_n300_t01_r0007","confounded","sparse","teaching_fixed",300,1000,1.3,7,23599921,"MLFDR",0.05,"ok",TRUE,0.219999999999999,"","","19fbd26d0873b9032d8909a156c4fbe2",12,1,11,20,0.0833333333333333,0.55,"teaching_fixed","development","null90"
"confounded_sparse_n300_t01_r0007","confounded","sparse","teaching_fixed",300,1000,1.3,7,23599921,"ASHMED",0.05,"ok",TRUE,0.25,"","","325cb04f39bfe4d98032b27561b14030",5,0,5,20,0,0.25,"teaching_fixed","development","null90"
"binary_sparse_n300_t01_r0007","binary","sparse","teaching_fixed",300,1000,1.3,7,232942620,"HDMT",0.05,"ok",TRUE,0.00999999999999801,"","","0063e298cdf3dae8bbd13a7b579ff584",6,0,6,20,0,0.3,"teaching_fixed","development","null90"
"binary_sparse_n300_t01_r0007","binary","sparse","teaching_fixed",300,1000,1.3,7,232942620,"MDACT",0.05,"ok",TRUE,0.0200000000000031,"","","9b50459ce32cf018cf09f3f77cac327f",7,0,7,20,0,0.35,"teaching_fixed","development","null90"
"binary_sparse_n300_t01_r0007","binary","sparse","teaching_fixed",300,1000,1.3,7,232942620,"MLFDR",0.05,"ok",TRUE,0.25,"","","0b3aa90b2d82b47fb7420700b9cb58e9",13,1,12,20,0.0769230769230769,0.6,"teaching_fixed","development","null90"
"binary_sparse_n300_t01_r0007","binary","sparse","teaching_fixed",300,1000,1.3,7,232942620,"ASHMED",0.05,"ok",TRUE,1.11,"","","9b2f67e97ce7e92ea0ce6e77343cf7f0",8,0,8,20,0,0.4,"teaching_fixed","development","null90"
"linear_dense_n300_t01_r0007","linear","dense","teaching_fixed",300,1000,1.3,7,163644984,"HDMT",0.05,"ok",TRUE,0.0200000000000031,"ties should not be present for the one-sample Kolmogorov-Smirnov test","","7fa1327f0e970c0983da094400caeaa9",63,1,62,200,0.0158730158730159,0.31,"teaching_fixed","development","null90"
"linear_dense_n300_t01_r0007","linear","dense","teaching_fixed",300,1000,1.3,7,163644984,"MDACT",0.05,"ok",TRUE,0.019999999999996,"ties should not be present for the one-sample Kolmogorov-Smirnov test","","efab7aae6f1991eefca13d734a010c6f",72,4,68,200,0.0555555555555556,0.34,"teaching_fixed","development","null90"
"linear_dense_n300_t01_r0007","linear","dense","teaching_fixed",300,1000,1.3,7,163644984,"MLFDR",0.05,"ok",TRUE,0.479999999999997,"","","d153b9b4200fe02183aed625eb0fad83",138,5,133,200,0.036231884057971,0.665,"teaching_fixed","development","null90"
"linear_dense_n300_t01_r0007","linear","dense","teaching_fixed",300,1000,1.3,7,163644984,"ASHMED",0.05,"ok",TRUE,0.329999999999998,"","","905240e35a91b9962a6cf93867facc2c",30,1,29,200,0.0333333333333333,0.145,"teaching_fixed","development","null90"
"confounded_dense_n300_t01_r0007","confounded","dense","teaching_fixed",300,1000,1.3,7,202627333,"HDMT",0.05,"ok",TRUE,0.0300000000000011,"ties should not be present for the one-sample Kolmogorov-Smirnov test","","343ade1fc67c37785c9f78b6b34114c5",70,2,68,200,0.0285714285714286,0.34,"teaching_fixed","development","null90"
"confounded_dense_n300_t01_r0007","confounded","dense","teaching_fixed",300,1000,1.3,7,202627333,"MDACT",0.05,"ok",TRUE,0,"ties should not be present for the one-sample Kolmogorov-Smirnov test","","fbfb00813962e8bfb19206a9f75b3e64",84,3,81,200,0.0357142857142857,0.405,"teaching_fixed","development","null90"
"confounded_dense_n300_t01_r0007","confounded","dense","teaching_fixed",300,1000,1.3,7,202627333,"MLFDR",0.05,"ok",TRUE,0.259999999999998,"","","0b9bc455f9d722cf00d930eb76c9874e",140,6,134,200,0.0428571428571429,0.67,"teaching_fixed","development","null90"
"confounded_dense_n300_t01_r0007","confounded","dense","teaching_fixed",300,1000,1.3,7,202627333,"ASHMED",0.05,"ok",TRUE,0.160000000000004,"","","0abf245d3dff16f65a3815c7159b4f32",40,0,40,200,0,0.2,"teaching_fixed","development","null90"
"binary_dense_n300_t01_r0007","binary","dense","teaching_fixed",300,1000,1.3,7,204568611,"HDMT",0.05,"ok",TRUE,0.0300000000000011,"","","e140651a27ec45bc944968fe5af22209",71,1,70,200,0.0140845070422535,0.35,"teaching_fixed","development","null90"
"binary_dense_n300_t01_r0007","binary","dense","teaching_fixed",300,1000,1.3,7,204568611,"MDACT",0.05,"ok",TRUE,0.00999999999999801,"","","7baa1dc418e71684597bd02ae5d431ba",74,1,73,200,0.0135135135135135,0.365,"teaching_fixed","development","null90"
"binary_dense_n300_t01_r0007","binary","dense","teaching_fixed",300,1000,1.3,7,204568611,"MLFDR",0.05,"ok",TRUE,0.559999999999995,"","","21c314feaa3e25a2ec98889c436703e8",149,9,140,200,0.0604026845637584,0.7,"teaching_fixed","development","null90"
"binary_dense_n300_t01_r0007","binary","dense","teaching_fixed",300,1000,1.3,7,204568611,"ASHMED",0.05,"ok",TRUE,2.87,"","","a75eee43d864124d566e22682a13fc6a",80,4,76,200,0.05,0.38,"teaching_fixed","development","null90"
"linear_sparse_n300_t02_r0007","linear","sparse","teaching_fixed",300,1000,1.5,7,223353038,"HDMT",0.05,"ok",TRUE,0.0300000000000011,"ties should not be present for the one-sample Kolmogorov-Smirnov test","","a52f5079f7d03d288ba600c482f75b11",4,1,3,20,0.25,0.15,"teaching_fixed","development","null90"
"linear_sparse_n300_t02_r0007","linear","sparse","teaching_fixed",300,1000,1.5,7,223353038,"MDACT",0.05,"ok",TRUE,0.00999999999999801,"ties should not be present for the one-sample Kolmogorov-Smirnov test","","c0a4e59f5416c04a98b46b012a075a77",7,1,6,20,0.142857142857143,0.3,"teaching_fixed","development","null90"
"linear_sparse_n300_t02_r0007","linear","sparse","teaching_fixed",300,1000,1.5,7,223353038,"MLFDR",0.05,"ok",TRUE,0.5,"","","d8436bcc27bbb752a38faed05cfc48fd",10,0,10,20,0,0.5,"teaching_fixed","development","null90"
"linear_sparse_n300_t02_r0007","linear","sparse","teaching_fixed",300,1000,1.5,7,223353038,"ASHMED",0.05,"ok",TRUE,0.289999999999999,"","","2cc2590de3e6d881a542db078c757837",0,0,0,20,0,0,"teaching_fixed","development","null90"
"confounded_sparse_n300_t02_r0007","confounded","sparse","teaching_fixed",300,1000,1.5,7,59449721,"HDMT",0.05,"ok",TRUE,0.029999999999994,"ties should not be present for the one-sample Kolmogorov-Smirnov test","","f6c35f02d55d5f1f58715d92b414c906",11,1,10,20,0.0909090909090909,0.5,"teaching_fixed","development","null90"
"confounded_sparse_n300_t02_r0007","confounded","sparse","teaching_fixed",300,1000,1.5,7,59449721,"MDACT",0.05,"ok",TRUE,0,"ties should not be present for the one-sample Kolmogorov-Smirnov test","","f8cacdf877abc34d25dd783ba6e8b983",13,0,13,20,0,0.65,"teaching_fixed","development","null90"
"confounded_sparse_n300_t02_r0007","confounded","sparse","teaching_fixed",300,1000,1.5,7,59449721,"MLFDR",0.05,"ok",TRUE,0.200000000000003,"","","8c5284b73567523f5335c094e2363c94",16,0,16,20,0,0.8,"teaching_fixed","development","null90"
"confounded_sparse_n300_t02_r0007","confounded","sparse","teaching_fixed",300,1000,1.5,7,59449721,"ASHMED",0.05,"ok",TRUE,0.300000000000004,"","","95f5beb2dfe0b250f5833e50fa786071",6,0,6,20,0,0.3,"teaching_fixed","development","null90"
"binary_sparse_n300_t02_r0007","binary","sparse","teaching_fixed",300,1000,1.5,7,26465772,"HDMT",0.05,"ok",TRUE,0.0300000000000011,"","","c145564f72433afc59a2baecab44953f",4,0,4,20,0,0.2,"teaching_fixed","development","null90"
"binary_sparse_n300_t02_r0007","binary","sparse","teaching_fixed",300,1000,1.5,7,26465772,"MDACT",0.05,"ok",TRUE,0,"","","e21182a1ed1faa2d9dfbfafb7efd77b7",4,0,4,20,0,0.2,"teaching_fixed","development","null90"
"binary_sparse_n300_t02_r0007","binary","sparse","teaching_fixed",300,1000,1.5,7,26465772,"MLFDR",0.05,"ok",TRUE,0.25,"","","2a4f1e3f8db14a8a01490962bd168dbc",8,2,6,20,0.25,0.3,"teaching_fixed","development","null90"
"binary_sparse_n300_t02_r0007","binary","sparse","teaching_fixed",300,1000,1.5,7,26465772,"ASHMED",0.05,"ok",TRUE,0.219999999999999,"","","6e428e3c828bfce429bf9b51d2331708",4,0,4,20,0,0.2,"teaching_fixed","development","null90"
"linear_dense_n300_t02_r0007","linear","dense","teaching_fixed",300,1000,1.5,7,120568773,"HDMT",0.05,"ok",TRUE,0.00999999999999801,"ties should not be present for the one-sample Kolmogorov-Smirnov test","","a7206f655a4bccc9309f9bb9ada6f84b",105,4,101,200,0.0380952380952381,0.505,"teaching_fixed","development","null90"
"linear_dense_n300_t02_r0007","linear","dense","teaching_fixed",300,1000,1.5,7,120568773,"MDACT",0.05,"ok",TRUE,0.00999999999999801,"ties should not be present for the one-sample Kolmogorov-Smirnov test","","b8b5dc40dfe7137a51d27c808fb0a960",122,5,117,200,0.040983606557377,0.585,"teaching_fixed","development","null90"
"linear_dense_n300_t02_r0007","linear","dense","teaching_fixed",300,1000,1.5,7,120568773,"MLFDR",0.05,"ok",TRUE,0.230000000000004,"","","70c6c1ad71e69ad0cb6f068ee407883a",173,7,166,200,0.0404624277456647,0.83,"teaching_fixed","development","null90"
"linear_dense_n300_t02_r0007","linear","dense","teaching_fixed",300,1000,1.5,7,120568773,"ASHMED",0.05,"ok",TRUE,0.299999999999997,"","","7997ec04528f7d7a2b90516452d97a95",77,3,74,200,0.038961038961039,0.37,"teaching_fixed","development","null90"
"confounded_dense_n300_t02_r0007","confounded","dense","teaching_fixed",300,1000,1.5,7,5596276,"HDMT",0.05,"ok",TRUE,0.0200000000000031,"ties should not be present for the one-sample Kolmogorov-Smirnov test","","17d2312594aa222a60ccc15df357298a",115,3,112,200,0.0260869565217391,0.56,"teaching_fixed","development","null90"
"confounded_dense_n300_t02_r0007","confounded","dense","teaching_fixed",300,1000,1.5,7,5596276,"MDACT",0.05,"ok",TRUE,0,"ties should not be present for the one-sample Kolmogorov-Smirnov test","","b1f54ef63702d053629164b3016f4877",123,3,120,200,0.024390243902439,0.6,"teaching_fixed","development","null90"
"confounded_dense_n300_t02_r0007","confounded","dense","teaching_fixed",300,1000,1.5,7,5596276,"MLFDR",0.05,"ok",TRUE,0.199999999999996,"","","92298bf76644a1155c1d3eb74a03e931",173,8,165,200,0.046242774566474,0.825,"teaching_fixed","development","null90"
"confounded_dense_n300_t02_r0007","confounded","dense","teaching_fixed",300,1000,1.5,7,5596276,"ASHMED",0.05,"ok",TRUE,0.399999999999999,"","","6ed9524bd2a3641ff37a08d9744fa7ff",80,0,80,200,0,0.4,"teaching_fixed","development","null90"
"binary_dense_n300_t02_r0007","binary","dense","teaching_fixed",300,1000,1.5,7,107764421,"HDMT",0.05,"ok",TRUE,0.0300000000000011,"","","29966cccf2bd970567347beb1c06fe42",105,8,97,200,0.0761904761904762,0.485,"teaching_fixed","development","null90"
"binary_dense_n300_t02_r0007","binary","dense","teaching_fixed",300,1000,1.5,7,107764421,"MDACT",0.05,"ok",TRUE,0,"","","3a9a109bf319591387d07053e1eaf30a",123,9,114,200,0.0731707317073171,0.57,"teaching_fixed","development","null90"
"binary_dense_n300_t02_r0007","binary","dense","teaching_fixed",300,1000,1.5,7,107764421,"MLFDR",0.05,"ok",TRUE,0.410000000000004,"","","17440956987505c5675d7a53c0b82140",185,13,172,200,0.0702702702702703,0.86,"teaching_fixed","development","null90"
"binary_dense_n300_t02_r0007","binary","dense","teaching_fixed",300,1000,1.5,7,107764421,"ASHMED",0.05,"ok",TRUE,0.200000000000003,"","","3001a1a929f3984406ecd0ed423fef94",115,8,107,200,0.0695652173913043,0.535,"teaching_fixed","development","null90"
"linear_sparse_n300_t03_r0007","linear","sparse","teaching_fixed",300,1000,1.9,7,186307057,"HDMT",0.05,"ok",TRUE,0.0300000000000011,"ties should not be present for the one-sample Kolmogorov-Smirnov test","","d0d3e560a302f3236d0daa4173e72a13",12,0,12,20,0,0.6,"teaching_fixed","development","null90"
"linear_sparse_n300_t03_r0007","linear","sparse","teaching_fixed",300,1000,1.9,7,186307057,"MDACT",0.05,"ok",TRUE,0,"ties should not be present for the one-sample Kolmogorov-Smirnov test","","47a972137af17b5556014ab22617c765",13,0,13,20,0,0.65,"teaching_fixed","development","null90"
"linear_sparse_n300_t03_r0007","linear","sparse","teaching_fixed",300,1000,1.9,7,186307057,"MLFDR",0.05,"ok",TRUE,0.119999999999997,"","","67aee6b14d3dad40342af2a02b85b341",14,0,14,20,0,0.7,"teaching_fixed","development","null90"
"linear_sparse_n300_t03_r0007","linear","sparse","teaching_fixed",300,1000,1.9,7,186307057,"ASHMED",0.05,"ok",TRUE,0.310000000000002,"","","18dee3aeb19227afa5b3877b950fbfeb",8,0,8,20,0,0.4,"teaching_fixed","development","null90"
"confounded_sparse_n300_t03_r0007","confounded","sparse","teaching_fixed",300,1000,1.9,7,94858727,"HDMT",0.05,"ok",TRUE,0.029999999999994,"ties should not be present for the one-sample Kolmogorov-Smirnov test","","d2dd49e6c5ed0e9f9446f2a5fe62ed55",9,0,9,20,0,0.45,"teaching_fixed","development","null90"
"confounded_sparse_n300_t03_r0007","confounded","sparse","teaching_fixed",300,1000,1.9,7,94858727,"MDACT",0.05,"ok",TRUE,0.00999999999999801,"ties should not be present for the one-sample Kolmogorov-Smirnov test","","cca324e49f6e54adeb31f731110fa2be",15,0,15,20,0,0.75,"teaching_fixed","development","null90"
"confounded_sparse_n300_t03_r0007","confounded","sparse","teaching_fixed",300,1000,1.9,7,94858727,"MLFDR",0.05,"ok",TRUE,0.109999999999999,"","","379f7223622908055d006e5279374705",18,0,18,20,0,0.9,"teaching_fixed","development","null90"
"confounded_sparse_n300_t03_r0007","confounded","sparse","teaching_fixed",300,1000,1.9,7,94858727,"ASHMED",0.05,"ok",TRUE,0.960000000000001,"","","a7f80e1d0a1c3cd4c98bf1a8745ce9b3",9,0,9,20,0,0.45,"teaching_fixed","development","null90"
"binary_sparse_n300_t03_r0007","binary","sparse","teaching_fixed",300,1000,1.9,7,189144857,"HDMT",0.05,"ok",TRUE,0.0300000000000011,"","","b960d5e9e809b9b9e1f7843e2da70bed",10,0,10,20,0,0.5,"teaching_fixed","development","null90"
"binary_sparse_n300_t03_r0007","binary","sparse","teaching_fixed",300,1000,1.9,7,189144857,"MDACT",0.05,"ok",TRUE,0,"","","7f162be93d2335bcbe203308ca71438e",12,0,12,20,0,0.6,"teaching_fixed","development","null90"
"binary_sparse_n300_t03_r0007","binary","sparse","teaching_fixed",300,1000,1.9,7,189144857,"MLFDR",0.05,"ok",TRUE,0.140000000000001,"","","41728a70bcb2f4914d99640220d43c94",16,0,16,20,0,0.8,"teaching_fixed","development","null90"
"binary_sparse_n300_t03_r0007","binary","sparse","teaching_fixed",300,1000,1.9,7,189144857,"ASHMED",0.05,"ok",TRUE,0.219999999999999,"","","caab48f73b8f2d3ad083313267e8846b",10,0,10,20,0,0.5,"teaching_fixed","development","null90"
"linear_dense_n300_t03_r0007","linear","dense","teaching_fixed",300,1000,1.9,7,96667415,"HDMT",0.05,"ok",TRUE,0.0300000000000011,"ties should not be present for the one-sample Kolmogorov-Smirnov test","","dc4888bf9839854aeed0aa35ccf513b9",153,1,152,200,0.0065359477124183,0.76,"teaching_fixed","development","null90"
"linear_dense_n300_t03_r0007","linear","dense","teaching_fixed",300,1000,1.9,7,96667415,"MDACT",0.05,"ok",TRUE,0,"ties should not be present for the one-sample Kolmogorov-Smirnov test","","0007142be35f2fc77c841198cddcedd5",146,1,145,200,0.00684931506849315,0.725,"teaching_fixed","development","null90"
"linear_dense_n300_t03_r0007","linear","dense","teaching_fixed",300,1000,1.9,7,96667415,"MLFDR",0.05,"ok",TRUE,0.140000000000001,"","","a74f4c5323378156300e612a36063fe4",196,6,190,200,0.0306122448979592,0.95,"teaching_fixed","development","null90"
"linear_dense_n300_t03_r0007","linear","dense","teaching_fixed",300,1000,1.9,7,96667415,"ASHMED",0.05,"ok",TRUE,0.18,"","","e73c4010627c34df1103f239c91a0bac",142,0,142,200,0,0.71,"teaching_fixed","development","null90"
"confounded_dense_n300_t03_r0007","confounded","dense","teaching_fixed",300,1000,1.9,7,182288632,"HDMT",0.05,"ok",TRUE,0.0300000000000011,"ties should not be present for the one-sample Kolmogorov-Smirnov test","","cb6d722676fee966bc2aeb39466c1753",158,6,152,200,0.0379746835443038,0.76,"teaching_fixed","development","null90"
"confounded_dense_n300_t03_r0007","confounded","dense","teaching_fixed",300,1000,1.9,7,182288632,"MDACT",0.05,"ok",TRUE,0,"ties should not be present for the one-sample Kolmogorov-Smirnov test","","786cad6b928a04337c79945b5204569f",161,7,154,200,0.0434782608695652,0.77,"teaching_fixed","development","null90"
"confounded_dense_n300_t03_r0007","confounded","dense","teaching_fixed",300,1000,1.9,7,182288632,"MLFDR",0.05,"ok",TRUE,0.200000000000003,"","","d0fafefc75d90200c0c57b02b1299c9e",193,7,186,200,0.0362694300518135,0.93,"teaching_fixed","development","null90"
"confounded_dense_n300_t03_r0007","confounded","dense","teaching_fixed",300,1000,1.9,7,182288632,"ASHMED",0.05,"ok",TRUE,0.229999999999997,"","","0bb629d0e7eeed67fa4ee2d4672a98a6",148,2,146,200,0.0135135135135135,0.73,"teaching_fixed","development","null90"
"binary_dense_n300_t03_r0007","binary","dense","teaching_fixed",300,1000,1.9,7,102470422,"HDMT",0.05,"ok",TRUE,0.00999999999999801,"","","f926be237b46bc531e7f12f34ac78ef5",176,5,171,200,0.0284090909090909,0.855,"teaching_fixed","development","null90"
"binary_dense_n300_t03_r0007","binary","dense","teaching_fixed",300,1000,1.9,7,102470422,"MDACT",0.05,"ok",TRUE,0.0200000000000031,"","","c9db189c181d84c827faca2e530d54e0",181,5,176,200,0.0276243093922652,0.88,"teaching_fixed","development","null90"
"binary_dense_n300_t03_r0007","binary","dense","teaching_fixed",300,1000,1.9,7,102470422,"MLFDR",0.05,"ok",TRUE,0.18,"","","5d585263787da882b3b7e9350a107a1e",206,11,195,200,0.0533980582524272,0.975,"teaching_fixed","development","null90"
"binary_dense_n300_t03_r0007","binary","dense","teaching_fixed",300,1000,1.9,7,102470422,"ASHMED",0.05,"ok",TRUE,0.200000000000003,"","","0648e0bcc526e8deb730803f9df00dcf",184,6,178,200,0.0326086956521739,0.89,"teaching_fixed","development","null90"
"linear_sparse_n300_t01_r0008","linear","sparse","teaching_fixed",300,1000,1.3,8,125809954,"HDMT",0.05,"ok",TRUE,0.0399999999999991,"ties should not be present for the one-sample Kolmogorov-Smirnov test","","31e8395716b2e0ee9ee598b70f40cd1a",8,1,7,20,0.125,0.35,"teaching_fixed","development","null90"
"linear_sparse_n300_t01_r0008","linear","sparse","teaching_fixed",300,1000,1.3,8,125809954,"MDACT",0.05,"ok",TRUE,0.0200000000000031,"ties should not be present for the one-sample Kolmogorov-Smirnov test","","36927a826a5e60d75503cc6bffcb210a",9,1,8,20,0.111111111111111,0.4,"teaching_fixed","development","null90"
"linear_sparse_n300_t01_r0008","linear","sparse","teaching_fixed",300,1000,1.3,8,125809954,"MLFDR",0.05,"ok",TRUE,1.11,"","","1b59990ade2be5f6da3bc546958c8a72",14,1,13,20,0.0714285714285714,0.65,"teaching_fixed","development","null90"
"linear_sparse_n300_t01_r0008","linear","sparse","teaching_fixed",300,1000,1.3,8,125809954,"ASHMED",0.05,"ok",TRUE,0.300000000000004,"","","fee1479dd2628b805273e4a7ebbc0cf1",6,0,6,20,0,0.3,"teaching_fixed","development","null90"
"confounded_sparse_n300_t01_r0008","confounded","sparse","teaching_fixed",300,1000,1.3,8,74092225,"HDMT",0.05,"ok",TRUE,0.00999999999999801,"ties should not be present for the one-sample Kolmogorov-Smirnov test","","92f96ec1150066947e32d768ad61c4c7",2,0,2,20,0,0.1,"teaching_fixed","development","null90"
"confounded_sparse_n300_t01_r0008","confounded","sparse","teaching_fixed",300,1000,1.3,8,74092225,"MDACT",0.05,"ok",TRUE,0.00999999999999801,"ties should not be present for the one-sample Kolmogorov-Smirnov test","","904b3f40e8eb5e3927631e5e3a2e0ba4",1,0,1,20,0,0.05,"teaching_fixed","development","null90"
"confounded_sparse_n300_t01_r0008","confounded","sparse","teaching_fixed",300,1000,1.3,8,74092225,"MLFDR",0.05,"ok",TRUE,1.37,"","","d0a624c3d4cc69ee79c062780ac52444",8,0,8,20,0,0.4,"teaching_fixed","development","null90"
"confounded_sparse_n300_t01_r0008","confounded","sparse","teaching_fixed",300,1000,1.3,8,74092225,"ASHMED",0.05,"ok",TRUE,0.229999999999997,"","","cf83e8325a1e74a38ac7684f3fc9e6c7",0,0,0,20,0,0,"teaching_fixed","development","null90"
"binary_sparse_n300_t01_r0008","binary","sparse","teaching_fixed",300,1000,1.3,8,48192318,"HDMT",0.05,"ok",TRUE,0.00999999999999801,"","","b5e908cf7a63f3f0ac0d3254176fe54b",5,0,5,20,0,0.25,"teaching_fixed","development","null90"
"binary_sparse_n300_t01_r0008","binary","sparse","teaching_fixed",300,1000,1.3,8,48192318,"MDACT",0.05,"ok",TRUE,0.0200000000000031,"","","f3f0f1476f58c22b2eead9d18105ac1a",6,0,6,20,0,0.3,"teaching_fixed","development","null90"
"binary_sparse_n300_t01_r0008","binary","sparse","teaching_fixed",300,1000,1.3,8,48192318,"MLFDR",0.05,"ok",TRUE,0.810000000000002,"","","9a6867ca9501309a5ebbd1b4a3a125c7",16,2,14,20,0.125,0.7,"teaching_fixed","development","null90"
"binary_sparse_n300_t01_r0008","binary","sparse","teaching_fixed",300,1000,1.3,8,48192318,"ASHMED",0.05,"ok",TRUE,0.719999999999999,"","","b53ba4f7bc393bfd1bea814f6ae90c2e",7,0,7,20,0,0.35,"teaching_fixed","development","null90"
"linear_dense_n300_t01_r0008","linear","dense","teaching_fixed",300,1000,1.3,8,94277715,"HDMT",0.05,"ok",TRUE,0.0399999999999991,"ties should not be present for the one-sample Kolmogorov-Smirnov test","","456ba1fed6d10c0d6dec53b79faa3c1f",71,3,68,200,0.0422535211267606,0.34,"teaching_fixed","development","null90"
"linear_dense_n300_t01_r0008","linear","dense","teaching_fixed",300,1000,1.3,8,94277715,"MDACT",0.05,"ok",TRUE,0,"ties should not be present for the one-sample Kolmogorov-Smirnov test","","6c34c06d7ac22f802804d191ebcaba81",94,7,87,200,0.074468085106383,0.435,"teaching_fixed","development","null90"
"linear_dense_n300_t01_r0008","linear","dense","teaching_fixed",300,1000,1.3,8,94277715,"MLFDR",0.05,"ok",TRUE,0.240000000000002,"","","53ddfd6b21d07542e78dc19d057078bb",144,13,131,200,0.0902777777777778,0.655,"teaching_fixed","development","null90"
"linear_dense_n300_t01_r0008","linear","dense","teaching_fixed",300,1000,1.3,8,94277715,"ASHMED",0.05,"ok",TRUE,0.710000000000001,"","","d07fbfe022c0fdb7b1375669d06a7aac",26,0,26,200,0,0.13,"teaching_fixed","development","null90"
"confounded_dense_n300_t01_r0008","confounded","dense","teaching_fixed",300,1000,1.3,8,216558623,"HDMT",0.05,"ok",TRUE,0.0300000000000011,"ties should not be present for the one-sample Kolmogorov-Smirnov test","","000acfa535c1c922a7457cd340852d50",65,0,65,200,0,0.325,"teaching_fixed","development","null90"
"confounded_dense_n300_t01_r0008","confounded","dense","teaching_fixed",300,1000,1.3,8,216558623,"MDACT",0.05,"ok",TRUE,0,"ties should not be present for the one-sample Kolmogorov-Smirnov test","","d73ef9b22fb6356ae8328927a668b946",69,1,68,200,0.0144927536231884,0.34,"teaching_fixed","development","null90"
"confounded_dense_n300_t01_r0008","confounded","dense","teaching_fixed",300,1000,1.3,8,216558623,"MLFDR",0.05,"ok",TRUE,0.390000000000001,"","","2273768a74656cdf06dcd1b980543c79",128,5,123,200,0.0390625,0.615,"teaching_fixed","development","null90"
"confounded_dense_n300_t01_r0008","confounded","dense","teaching_fixed",300,1000,1.3,8,216558623,"ASHMED",0.05,"ok",TRUE,0.350000000000001,"","","aa4dd05f84c735c5442f78e6e99cc936",37,0,37,200,0,0.185,"teaching_fixed","development","null90"
"binary_dense_n300_t01_r0008","binary","dense","teaching_fixed",300,1000,1.3,8,249305008,"HDMT",0.05,"ok",TRUE,0.0200000000000031,"","","4910c8994f3239d39423ece20e2d9acd",67,2,65,200,0.0298507462686567,0.325,"teaching_fixed","development","null90"
"binary_dense_n300_t01_r0008","binary","dense","teaching_fixed",300,1000,1.3,8,249305008,"MDACT",0.05,"ok",TRUE,0,"","","397944f5d5e8e7fbf848831f584c14e0",78,3,75,200,0.0384615384615385,0.375,"teaching_fixed","development","null90"
"binary_dense_n300_t01_r0008","binary","dense","teaching_fixed",300,1000,1.3,8,249305008,"MLFDR",0.05,"ok",TRUE,0.539999999999999,"","","2b555085617ec3329cfd47050dacb61c",144,5,139,200,0.0347222222222222,0.695,"teaching_fixed","development","null90"
"binary_dense_n300_t01_r0008","binary","dense","teaching_fixed",300,1000,1.3,8,249305008,"ASHMED",0.05,"ok",TRUE,1.2,"","","da473c2a8c03c49676dc8bcfd86f452b",72,1,71,200,0.0138888888888889,0.355,"teaching_fixed","development","null90"
"linear_sparse_n300_t02_r0008","linear","sparse","teaching_fixed",300,1000,1.5,8,176769498,"HDMT",0.05,"ok",TRUE,0.0300000000000011,"ties should not be present for the one-sample Kolmogorov-Smirnov test","","0bc9a47c3edfe7625ac36430435a3aa0",6,0,6,20,0,0.3,"teaching_fixed","development","null90"
"linear_sparse_n300_t02_r0008","linear","sparse","teaching_fixed",300,1000,1.5,8,176769498,"MDACT",0.05,"ok",TRUE,0,"ties should not be present for the one-sample Kolmogorov-Smirnov test","","f11353eb21b54034f48e98b1ee1e5e49",6,0,6,20,0,0.3,"teaching_fixed","development","null90"
"linear_sparse_n300_t02_r0008","linear","sparse","teaching_fixed",300,1000,1.5,8,176769498,"MLFDR",0.05,"ok",TRUE,0.229999999999997,"","","3ed17b4b1a8a3da47ef65e8d3707cb05",12,0,12,20,0,0.6,"teaching_fixed","development","null90"
"linear_sparse_n300_t02_r0008","linear","sparse","teaching_fixed",300,1000,1.5,8,176769498,"ASHMED",0.05,"ok",TRUE,0.270000000000003,"","","5c867a9c5fdfd9a4f909aca18a552a80",4,0,4,20,0,0.2,"teaching_fixed","development","null90"
"confounded_sparse_n300_t02_r0008","confounded","sparse","teaching_fixed",300,1000,1.5,8,133594294,"HDMT",0.05,"ok",TRUE,0.0300000000000011,"ties should not be present for the one-sample Kolmogorov-Smirnov test","","cf52d992d6b7fcf8758c14668fa5b5ac",16,1,15,20,0.0625,0.75,"teaching_fixed","development","null90"
"confounded_sparse_n300_t02_r0008","confounded","sparse","teaching_fixed",300,1000,1.5,8,133594294,"MDACT",0.05,"ok",TRUE,0.00999999999999801,"ties should not be present for the one-sample Kolmogorov-Smirnov test","","2b794708753f2b78589b3fec5ffb3cef",16,1,15,20,0.0625,0.75,"teaching_fixed","development","null90"
"confounded_sparse_n300_t02_r0008","confounded","sparse","teaching_fixed",300,1000,1.5,8,133594294,"MLFDR",0.05,"ok",TRUE,0.280000000000001,"","","045fe882cb455ccc2eb1f7b2277558f7",20,2,18,20,0.1,0.9,"teaching_fixed","development","null90"
"confounded_sparse_n300_t02_r0008","confounded","sparse","teaching_fixed",300,1000,1.5,8,133594294,"ASHMED",0.05,"ok",TRUE,0.229999999999997,"","","bd2682fe8aa4a6fba2a74058ad851998",1,0,1,20,0,0.05,"teaching_fixed","development","null90"
"binary_sparse_n300_t02_r0008","binary","sparse","teaching_fixed",300,1000,1.5,8,82612691,"HDMT",0.05,"ok",TRUE,0.0200000000000031,"","","a1a29d6c830b9af7342c50f40bfc8904",10,0,10,20,0,0.5,"teaching_fixed","development","null90"
"binary_sparse_n300_t02_r0008","binary","sparse","teaching_fixed",300,1000,1.5,8,82612691,"MDACT",0.05,"ok",TRUE,0.019999999999996,"","","c8e764797f8b5d3d6fec883c56967475",10,0,10,20,0,0.5,"teaching_fixed","development","null90"
"binary_sparse_n300_t02_r0008","binary","sparse","teaching_fixed",300,1000,1.5,8,82612691,"MLFDR",0.05,"ok",TRUE,0.259999999999998,"","","5682615045a91ae9d07a0380b936b631",13,0,13,20,0,0.65,"teaching_fixed","development","null90"
"binary_sparse_n300_t02_r0008","binary","sparse","teaching_fixed",300,1000,1.5,8,82612691,"ASHMED",0.05,"ok",TRUE,0.280000000000001,"","","33bfbf1b58c01f0b48950cd182f54f72",3,0,3,20,0,0.15,"teaching_fixed","development","null90"
"linear_dense_n300_t02_r0008","linear","dense","teaching_fixed",300,1000,1.5,8,240674829,"HDMT",0.05,"ok",TRUE,0.00999999999999801,"ties should not be present for the one-sample Kolmogorov-Smirnov test","","de2f7ce05c0456ce8c4b0192877011c2",116,3,113,200,0.0258620689655172,0.565,"teaching_fixed","development","null90"
"linear_dense_n300_t02_r0008","linear","dense","teaching_fixed",300,1000,1.5,8,240674829,"MDACT",0.05,"ok",TRUE,0.00999999999999801,"ties should not be present for the one-sample Kolmogorov-Smirnov test","","f496ea663139636e191a85b63ee848c8",119,4,115,200,0.0336134453781513,0.575,"teaching_fixed","development","null90"
"linear_dense_n300_t02_r0008","linear","dense","teaching_fixed",300,1000,1.5,8,240674829,"MLFDR",0.05,"ok",TRUE,0.329999999999998,"","","62939ffc977a795d173e7a4834bbf1c3",160,6,154,200,0.0375,0.77,"teaching_fixed","development","null90"
"linear_dense_n300_t02_r0008","linear","dense","teaching_fixed",300,1000,1.5,8,240674829,"ASHMED",0.05,"ok",TRUE,0.729999999999997,"","","41afd523dcf9527876ba38748a80e5c7",74,0,74,200,0,0.37,"teaching_fixed","development","null90"
"confounded_dense_n300_t02_r0008","confounded","dense","teaching_fixed",300,1000,1.5,8,22783788,"HDMT",0.05,"ok",TRUE,0.00999999999999801,"ties should not be present for the one-sample Kolmogorov-Smirnov test","","73cab23ac3339fe628034e085103873a",108,5,103,200,0.0462962962962963,0.515,"teaching_fixed","development","null90"
"confounded_dense_n300_t02_r0008","confounded","dense","teaching_fixed",300,1000,1.5,8,22783788,"MDACT",0.05,"ok",TRUE,0.0200000000000031,"ties should not be present for the one-sample Kolmogorov-Smirnov test","","4ddef8a01f28877bffb70ed2bd8d8d68",118,6,112,200,0.0508474576271186,0.56,"teaching_fixed","development","null90"
"confounded_dense_n300_t02_r0008","confounded","dense","teaching_fixed",300,1000,1.5,8,22783788,"MLFDR",0.05,"ok",TRUE,0.240000000000002,"","","145e60add84c30aae07c123642aeab5e",161,10,151,200,0.062111801242236,0.755,"teaching_fixed","development","null90"
"confounded_dense_n300_t02_r0008","confounded","dense","teaching_fixed",300,1000,1.5,8,22783788,"ASHMED",0.05,"ok",TRUE,0.700000000000003,"","","de4f4c16649b5b1ec0f138e98fbb7495",67,0,67,200,0,0.335,"teaching_fixed","development","null90"
"binary_dense_n300_t02_r0008","binary","dense","teaching_fixed",300,1000,1.5,8,23382494,"HDMT",0.05,"ok",TRUE,0.0300000000000011,"","","b4d83809edfdd2b636264249257ff24a",99,2,97,200,0.0202020202020202,0.485,"teaching_fixed","development","null90"
"binary_dense_n300_t02_r0008","binary","dense","teaching_fixed",300,1000,1.5,8,23382494,"MDACT",0.05,"ok",TRUE,0.00999999999999801,"","","de0a8c0f6adaf2e5a768e0472db222f0",117,4,113,200,0.0341880341880342,0.565,"teaching_fixed","development","null90"
"binary_dense_n300_t02_r0008","binary","dense","teaching_fixed",300,1000,1.5,8,23382494,"MLFDR",0.05,"ok",TRUE,0.520000000000003,"","","9306d1c5164610e958daa5753b46d60e",166,7,159,200,0.0421686746987952,0.795,"teaching_fixed","development","null90"
"binary_dense_n300_t02_r0008","binary","dense","teaching_fixed",300,1000,1.5,8,23382494,"ASHMED",0.05,"ok",TRUE,0.270000000000003,"","","02b736f0a5a59cc7b6a9c75a7f197adf",116,4,112,200,0.0344827586206897,0.56,"teaching_fixed","development","null90"
"linear_sparse_n300_t03_r0008","linear","sparse","teaching_fixed",300,1000,1.9,8,243958392,"HDMT",0.05,"ok",TRUE,0.0300000000000011,"ties should not be present for the one-sample Kolmogorov-Smirnov test","","8ff385bbbb787a801a89563c05a6b3d7",10,0,10,20,0,0.5,"teaching_fixed","development","null90"
"linear_sparse_n300_t03_r0008","linear","sparse","teaching_fixed",300,1000,1.9,8,243958392,"MDACT",0.05,"ok",TRUE,0,"ties should not be present for the one-sample Kolmogorov-Smirnov test","","14beb68625f865222af52fdaac43e268",16,1,15,20,0.0625,0.75,"teaching_fixed","development","null90"
"linear_sparse_n300_t03_r0008","linear","sparse","teaching_fixed",300,1000,1.9,8,243958392,"MLFDR",0.05,"ok",TRUE,0.25,"","","7cca71f0ab10b9a938e87ba34950442b",18,1,17,20,0.0555555555555556,0.85,"teaching_fixed","development","null90"
"linear_sparse_n300_t03_r0008","linear","sparse","teaching_fixed",300,1000,1.9,8,243958392,"ASHMED",0.05,"ok",TRUE,0.289999999999999,"","","8962dce1fd04a4bd4b56788a6fb82a44",9,0,9,20,0,0.45,"teaching_fixed","development","null90"
"confounded_sparse_n300_t03_r0008","confounded","sparse","teaching_fixed",300,1000,1.9,8,2442434,"HDMT",0.05,"ok",TRUE,0.0200000000000031,"ties should not be present for the one-sample Kolmogorov-Smirnov test","","b6da61b3b44830cfac03443fe9e012d3",14,0,14,20,0,0.7,"teaching_fixed","development","null90"
"confounded_sparse_n300_t03_r0008","confounded","sparse","teaching_fixed",300,1000,1.9,8,2442434,"MDACT",0.05,"ok",TRUE,0,"ties should not be present for the one-sample Kolmogorov-Smirnov test","","46cc49ca488e6167e5d202048af025ed",14,0,14,20,0,0.7,"teaching_fixed","development","null90"
"confounded_sparse_n300_t03_r0008","confounded","sparse","teaching_fixed",300,1000,1.9,8,2442434,"MLFDR",0.05,"ok",TRUE,0.210000000000001,"","","11e25eb2c8257b1aa260cf2f9159f743",19,1,18,20,0.0526315789473684,0.9,"teaching_fixed","development","null90"
"confounded_sparse_n300_t03_r0008","confounded","sparse","teaching_fixed",300,1000,1.9,8,2442434,"ASHMED",0.05,"ok",TRUE,0.270000000000003,"","","9aad172bc95414b02198ff33cf59a7b5",11,0,11,20,0,0.55,"teaching_fixed","development","null90"
"binary_sparse_n300_t03_r0008","binary","sparse","teaching_fixed",300,1000,1.9,8,156694292,"HDMT",0.05,"ok",TRUE,0.0300000000000011,"","","1a8f8215b1b7e04f90efb5c170619ca1",12,0,12,20,0,0.6,"teaching_fixed","development","null90"
"binary_sparse_n300_t03_r0008","binary","sparse","teaching_fixed",300,1000,1.9,8,156694292,"MDACT",0.05,"ok",TRUE,0,"","","02470734a17513d030e1afeb7c6cdb2e",14,0,14,20,0,0.7,"teaching_fixed","development","null90"
"binary_sparse_n300_t03_r0008","binary","sparse","teaching_fixed",300,1000,1.9,8,156694292,"MLFDR",0.05,"ok",TRUE,0.229999999999997,"","","5fb313c95fa22bd4c6acb83cb8713e5a",18,0,18,20,0,0.9,"teaching_fixed","development","null90"
"binary_sparse_n300_t03_r0008","binary","sparse","teaching_fixed",300,1000,1.9,8,156694292,"ASHMED",0.05,"ok",TRUE,0.280000000000001,"","","9ea054a450bd9110bb102ddcf5c87a3a",13,0,13,20,0,0.65,"teaching_fixed","development","null90"
"linear_dense_n300_t03_r0008","linear","dense","teaching_fixed",300,1000,1.9,8,251214184,"HDMT",0.05,"ok",TRUE,0.0399999999999991,"ties should not be present for the one-sample Kolmogorov-Smirnov test","","65c747cb34b60aad6f63e3935f3d0087",167,6,161,200,0.0359281437125748,0.805,"teaching_fixed","development","null90"
"linear_dense_n300_t03_r0008","linear","dense","teaching_fixed",300,1000,1.9,8,251214184,"MDACT",0.05,"ok",TRUE,0.0200000000000031,"ties should not be present for the one-sample Kolmogorov-Smirnov test","","03450150ffbe22f477792e16b7390679",170,6,164,200,0.0352941176470588,0.82,"teaching_fixed","development","null90"
"linear_dense_n300_t03_r0008","linear","dense","teaching_fixed",300,1000,1.9,8,251214184,"MLFDR",0.05,"ok",TRUE,0.32,"","","e91271b3ab91d6e326255c6539db173d",209,13,196,200,0.062200956937799,0.98,"teaching_fixed","development","null90"
"linear_dense_n300_t03_r0008","linear","dense","teaching_fixed",300,1000,1.9,8,251214184,"ASHMED",0.05,"ok",TRUE,0.25,"","","e18c1d9aa9a7529b1c369f1f63a89110",150,1,149,200,0.00666666666666667,0.745,"teaching_fixed","development","null90"
"confounded_dense_n300_t03_r0008","confounded","dense","teaching_fixed",300,1000,1.9,8,193632025,"HDMT",0.05,"ok",TRUE,0.0200000000000031,"ties should not be present for the one-sample Kolmogorov-Smirnov test","","9877c212d6720246dc55994836337246",163,6,157,200,0.0368098159509202,0.785,"teaching_fixed","development","null90"
"confounded_dense_n300_t03_r0008","confounded","dense","teaching_fixed",300,1000,1.9,8,193632025,"MDACT",0.05,"ok",TRUE,0.019999999999996,"ties should not be present for the one-sample Kolmogorov-Smirnov test","","4a6776d9669ec3f26575358d92a44b61",165,5,160,200,0.0303030303030303,0.8,"teaching_fixed","development","null90"
"confounded_dense_n300_t03_r0008","confounded","dense","teaching_fixed",300,1000,1.9,8,193632025,"MLFDR",0.05,"ok",TRUE,0.18,"","","a83b136beffea4059c2261da30904e5d",198,7,191,200,0.0353535353535354,0.955,"teaching_fixed","development","null90"
"confounded_dense_n300_t03_r0008","confounded","dense","teaching_fixed",300,1000,1.9,8,193632025,"ASHMED",0.05,"ok",TRUE,0.609999999999999,"","","116ee9159d9818c734c57af7d0d03289",146,1,145,200,0.00684931506849315,0.725,"teaching_fixed","development","null90"
"binary_dense_n300_t03_r0008","binary","dense","teaching_fixed",300,1000,1.9,8,3622643,"HDMT",0.05,"ok",TRUE,0.00999999999999801,"","","f553647c3f1bbd7146c48a2b83720858",171,7,164,200,0.0409356725146199,0.82,"teaching_fixed","development","null90"
"binary_dense_n300_t03_r0008","binary","dense","teaching_fixed",300,1000,1.9,8,3622643,"MDACT",0.05,"ok",TRUE,0,"","","8674daa3db6eabf861e276844d757382",172,7,165,200,0.0406976744186047,0.825,"teaching_fixed","development","null90"
"binary_dense_n300_t03_r0008","binary","dense","teaching_fixed",300,1000,1.9,8,3622643,"MLFDR",0.05,"ok",TRUE,0.200000000000003,"","","c82d32d8dc54f7a09cdb1b852224a5bb",194,10,184,200,0.0515463917525773,0.92,"teaching_fixed","development","null90"
"binary_dense_n300_t03_r0008","binary","dense","teaching_fixed",300,1000,1.9,8,3622643,"ASHMED",0.05,"ok",TRUE,0.270000000000003,"","","acfea33899737c8fa9249ffa748f5ef9",171,8,163,200,0.0467836257309941,0.815,"teaching_fixed","development","null90"
"linear_sparse_n300_t01_r0004","linear","sparse","teaching_fixed",300,1000,1.3,4,156369265,"ASHMED_Adaptive",0.05,"ok",FALSE,1.48,"","","f64ebc859ce44858be4729df8d04a22f",6,0,6,20,0,0.3,"teaching_fixed","development","null90"
"confounded_sparse_n300_t01_r0004","confounded","sparse","teaching_fixed",300,1000,1.3,4,908960,"ASHMED_Adaptive",0.05,"ok",FALSE,3.26,"","","49c7a06fdd91c43a03b5bf4d552d9e04",4,0,4,20,0,0.2,"teaching_fixed","development","null90"
"binary_sparse_n300_t01_r0004","binary","sparse","teaching_fixed",300,1000,1.3,4,208650158,"ASHMED_Adaptive",0.05,"ok",FALSE,2.95,"","","b2e6f320ee7b9095011617e094332e8b",5,0,5,20,0,0.25,"teaching_fixed","development","null90"
"linear_dense_n300_t01_r0004","linear","dense","teaching_fixed",300,1000,1.3,4,233456169,"ASHMED_Adaptive",0.05,"ok",FALSE,0.8,"","","41e9c3715f384807082137cc69657a20",120,6,114,200,0.05,0.57,"teaching_fixed","development","null90"
"confounded_dense_n300_t01_r0004","confounded","dense","teaching_fixed",300,1000,1.3,4,154856134,"ASHMED_Adaptive",0.05,"ok",FALSE,1.61,"","","05c219b6b84eb0242f26a48ad0b6897b",122,8,114,200,0.0655737704918033,0.57,"teaching_fixed","development","null90"
"binary_dense_n300_t01_r0004","binary","dense","teaching_fixed",300,1000,1.3,4,193405802,"ASHMED_Adaptive",0.05,"ok",FALSE,7.04,"","","703d53e7466e35aa3b766a7bd7f09e4b",128,4,124,200,0.03125,0.62,"teaching_fixed","development","null90"
"linear_sparse_n300_t02_r0004","linear","sparse","teaching_fixed",300,1000,1.5,4,6091175,"ASHMED_Adaptive",0.05,"ok",FALSE,1.64,"","","e37f96ec2a63f603b1e004a7d7da09f0",12,0,12,20,0,0.6,"teaching_fixed","development","null90"
"confounded_sparse_n300_t02_r0004","confounded","sparse","teaching_fixed",300,1000,1.5,4,84015006,"ASHMED_Adaptive",0.05,"ok",FALSE,1.28,"","","50502e416715d1b40a2cef379787fb77",11,0,11,20,0,0.55,"teaching_fixed","development","null90"
"binary_sparse_n300_t02_r0004","binary","sparse","teaching_fixed",300,1000,1.5,4,35090031,"ASHMED_Adaptive",0.05,"ok",FALSE,0.77,"","","ff9b85035e2cdfc708bcd36060b8fd93",11,1,10,20,0.0909090909090909,0.5,"teaching_fixed","development","null90"
"linear_dense_n300_t02_r0004","linear","dense","teaching_fixed",300,1000,1.5,4,236550348,"ASHMED_Adaptive",0.05,"ok",FALSE,0.83,"","","e804633ad0bf78970e0efe5fd1b8b4d3",155,10,145,200,0.0645161290322581,0.725,"teaching_fixed","development","null90"
"confounded_dense_n300_t02_r0004","confounded","dense","teaching_fixed",300,1000,1.5,4,21923494,"ASHMED_Adaptive",0.05,"ok",FALSE,0.9,"","","13faa267d0c20e62bbacae45e5707212",173,8,165,200,0.046242774566474,0.825,"teaching_fixed","development","null90"
"binary_dense_n300_t02_r0004","binary","dense","teaching_fixed",300,1000,1.5,4,40748325,"ASHMED_Adaptive",0.05,"ok",FALSE,1.06,"","","cc2f16973f42e60beeb7abca547959b7",175,8,167,200,0.0457142857142857,0.835,"teaching_fixed","development","null90"
"linear_sparse_n300_t03_r0004","linear","sparse","teaching_fixed",300,1000,1.9,4,40942032,"ASHMED_Adaptive",0.05,"ok",FALSE,0.75,"","","11bbeb3f02f1c6193ae1d5a36d32fe02",20,1,19,20,0.05,0.95,"teaching_fixed","development","null90"
"confounded_sparse_n300_t03_r0004","confounded","sparse","teaching_fixed",300,1000,1.9,4,123745398,"ASHMED_Adaptive",0.05,"ok",FALSE,0.889999999999999,"","","99052d092dc6d90987e01e276af25428",18,1,17,20,0.0555555555555556,0.85,"teaching_fixed","development","null90"
"binary_sparse_n300_t03_r0004","binary","sparse","teaching_fixed",300,1000,1.9,4,124688369,"ASHMED_Adaptive",0.05,"ok",FALSE,0.81,"","","dca8d08acfd75ebc184fcdf29991e6bf",14,0,14,20,0,0.7,"teaching_fixed","development","null90"
"linear_dense_n300_t03_r0004","linear","dense","teaching_fixed",300,1000,1.9,4,151766598,"ASHMED_Adaptive",0.05,"ok",FALSE,2.55,"","","c3a38463f9fb9965a2014d93b50e0b4d",199,12,187,200,0.0603015075376884,0.935,"teaching_fixed","development","null90"
"confounded_dense_n300_t03_r0004","confounded","dense","teaching_fixed",300,1000,1.9,4,86877961,"ASHMED_Adaptive",0.05,"ok",FALSE,1.17,"","","497a0d3068afb1460820307084ae18a7",196,7,189,200,0.0357142857142857,0.945,"teaching_fixed","development","null90"
"binary_dense_n300_t03_r0004","binary","dense","teaching_fixed",300,1000,1.9,4,16848865,"ASHMED_Adaptive",0.05,"ok",FALSE,24.58,"","","d50bee7339187c86c2b04c301064c8dc",196,5,191,200,0.0255102040816327,0.955,"teaching_fixed","development","null90"
"linear_sparse_n300_t01_r0005","linear","sparse","teaching_fixed",300,1000,1.3,5,77646531,"ASHMED_Adaptive",0.05,"ok",FALSE,1.44,"","","a81095fc8acda849d398ec231a8677b3",4,0,4,20,0,0.2,"teaching_fixed","development","null90"
"confounded_sparse_n300_t01_r0005","confounded","sparse","teaching_fixed",300,1000,1.3,5,10527424,"ASHMED_Adaptive",0.05,"ok",FALSE,2.5,"","","f59de8eb079178585e74c7e936db6a59",11,1,10,20,0.0909090909090909,0.5,"teaching_fixed","development","null90"
"binary_sparse_n300_t01_r0005","binary","sparse","teaching_fixed",300,1000,1.3,5,131309621,"ASHMED_Adaptive",0.05,"ok",FALSE,1.79,"","","e00860b454aacbee5c45dc4c87938d6d",4,0,4,20,0,0.2,"teaching_fixed","development","null90"
"linear_dense_n300_t01_r0005","linear","dense","teaching_fixed",300,1000,1.3,5,256981543,"ASHMED_Adaptive",0.05,"ok",FALSE,0.640000000000001,"","","af116888f0d070609a277b4e7a03e40d",136,7,129,200,0.0514705882352941,0.645,"teaching_fixed","development","null90"
"confounded_dense_n300_t01_r0005","confounded","dense","teaching_fixed",300,1000,1.3,5,222626185,"ASHMED_Adaptive",0.05,"ok",FALSE,1.31,"","","28c5b22e5a584d9e677e9da5934c4f21",132,4,128,200,0.0303030303030303,0.64,"teaching_fixed","development","null90"
"binary_dense_n300_t01_r0005","binary","dense","teaching_fixed",300,1000,1.3,5,240044346,"ASHMED_Adaptive",0.05,"ok",FALSE,1.84,"","","321e3aba947303fcbc57c721ac37d4f3",114,6,108,200,0.0526315789473684,0.54,"teaching_fixed","development","null90"
"linear_sparse_n300_t02_r0005","linear","sparse","teaching_fixed",300,1000,1.5,5,110631873,"ASHMED_Adaptive",0.05,"ok",FALSE,0.559999999999995,"","","119f06f08206d9823375b15f48d6d0ba",7,0,7,20,0,0.35,"teaching_fixed","development","null90"
"confounded_sparse_n300_t02_r0005","confounded","sparse","teaching_fixed",300,1000,1.5,5,15959665,"ASHMED_Adaptive",0.05,"ok",FALSE,0.549999999999997,"","","2acba06b5bdc829dd93f4eda5d4acf61",14,1,13,20,0.0714285714285714,0.65,"teaching_fixed","development","null90"
"binary_sparse_n300_t02_r0005","binary","sparse","teaching_fixed",300,1000,1.5,5,38245531,"ASHMED_Adaptive",0.05,"ok",FALSE,1.25,"","","a979bdb3432c662f83152d3a6efaf83a",8,0,8,20,0,0.4,"teaching_fixed","development","null90"
"linear_dense_n300_t02_r0005","linear","dense","teaching_fixed",300,1000,1.5,5,260112594,"ASHMED_Adaptive",0.05,"ok",FALSE,0.670000000000002,"","","e8a7002a2c02a3584439bd350f99f764",146,8,138,200,0.0547945205479452,0.69,"teaching_fixed","development","null90"
"confounded_dense_n300_t02_r0005","confounded","dense","teaching_fixed",300,1000,1.5,5,30883352,"ASHMED_Adaptive",0.05,"ok",FALSE,1.11,"","","2a1cf56d0c644f1f997194ea2cb5ad44",168,6,162,200,0.0357142857142857,0.81,"teaching_fixed","development","null90"
"binary_dense_n300_t02_r0005","binary","dense","teaching_fixed",300,1000,1.5,5,78611874,"ASHMED_Adaptive",0.05,"ok",FALSE,0.919999999999995,"","","2b739b6203f28a5480ba610c4e7e6bb1",160,10,150,200,0.0625,0.75,"teaching_fixed","development","null90"
"linear_sparse_n300_t03_r0005","linear","sparse","teaching_fixed",300,1000,1.9,5,143423608,"ASHMED_Adaptive",0.05,"ok",FALSE,1.22,"","","ba3d63f116bb3592cac2e405c71af9ad",16,0,16,20,0,0.8,"teaching_fixed","development","null90"
"confounded_sparse_n300_t03_r0005","confounded","sparse","teaching_fixed",300,1000,1.9,5,172801387,"ASHMED_Adaptive",0.05,"ok",FALSE,0.990000000000002,"","","0b95d5c9aee634aba6c0e6523b21471b",18,1,17,20,0.0555555555555556,0.85,"teaching_fixed","development","null90"
"binary_sparse_n300_t03_r0005","binary","sparse","teaching_fixed",300,1000,1.9,5,256495018,"ASHMED_Adaptive",0.05,"ok",FALSE,1.09,"","","a0b00f490f4cd2ad434109fcec5ae658",17,0,17,20,0,0.85,"teaching_fixed","development","null90"
"linear_dense_n300_t03_r0005","linear","dense","teaching_fixed",300,1000,1.9,5,174183321,"ASHMED_Adaptive",0.05,"ok",FALSE,2.41,"","","b78165eaf44e9e7cc3577ca700faf308",198,7,191,200,0.0353535353535354,0.955,"teaching_fixed","development","null90"
"confounded_dense_n300_t03_r0005","confounded","dense","teaching_fixed",300,1000,1.9,5,14518260,"ASHMED_Adaptive",0.05,"ok",FALSE,1.08,"","","2a9a4694cf371e624f3f44ceb6069c3c",196,12,184,200,0.0612244897959184,0.92,"teaching_fixed","development","null90"
"binary_dense_n300_t03_r0005","binary","dense","teaching_fixed",300,1000,1.9,5,108745234,"ASHMED_Adaptive",0.05,"ok",FALSE,63.84,"","","dc3859b6614619edc4adae3734650d88",192,8,184,200,0.0416666666666667,0.92,"teaching_fixed","development","null90"
"linear_sparse_n300_t01_r0006","linear","sparse","teaching_fixed",300,1000,1.3,6,239697232,"ASHMED_Adaptive",0.05,"ok",FALSE,1.72,"","","df4ba8a206c398e45466fe817148efe5",10,1,9,20,0.1,0.45,"teaching_fixed","development","null90"
"confounded_sparse_n300_t01_r0006","confounded","sparse","teaching_fixed",300,1000,1.3,6,216522641,"ASHMED_Adaptive",0.05,"ok",FALSE,1.5,"","","82d86a67acb0dbadfc357ec3f57b34d1",2,0,2,20,0,0.1,"teaching_fixed","development","null90"
"binary_sparse_n300_t01_r0006","binary","sparse","teaching_fixed",300,1000,1.3,6,217082437,"ASHMED_Adaptive",0.05,"ok",FALSE,1.79000000000001,"","","a84f6a81e47efa3d17f2b9300c5fc757",3,0,3,20,0,0.15,"teaching_fixed","development","null90"
"linear_dense_n300_t01_r0006","linear","dense","teaching_fixed",300,1000,1.3,6,233952335,"ASHMED_Adaptive",0.05,"ok",FALSE,1.92,"","","fea4c9cbe611bad71ba0cf2d9391f36c",130,3,127,200,0.0230769230769231,0.635,"teaching_fixed","development","null90"
"confounded_dense_n300_t01_r0006","confounded","dense","teaching_fixed",300,1000,1.3,6,90480225,"ASHMED_Adaptive",0.05,"ok",FALSE,2.2,"","","e847b038f5ce01736e33f5dfd0f17923",137,7,130,200,0.0510948905109489,0.65,"teaching_fixed","development","null90"
"binary_dense_n300_t01_r0006","binary","dense","teaching_fixed",300,1000,1.3,6,190410880,"ASHMED_Adaptive",0.05,"ok",FALSE,2.75999999999999,"","","eadbf192093370a71b10a8d1cf548c71",129,6,123,200,0.0465116279069767,0.615,"teaching_fixed","development","null90"
"linear_sparse_n300_t02_r0006","linear","sparse","teaching_fixed",300,1000,1.5,6,106557592,"ASHMED_Adaptive",0.05,"ok",FALSE,0.859999999999999,"","","2744306e446f50eb9c2bb31ceab12f38",8,0,8,20,0,0.4,"teaching_fixed","development","null90"
"confounded_sparse_n300_t02_r0006","confounded","sparse","teaching_fixed",300,1000,1.5,6,2585420,"ASHMED_Adaptive",0.05,"ok",FALSE,1.18000000000001,"","","5fc9e7941a3f257247d7f0a03e644244",9,0,9,20,0,0.45,"teaching_fixed","development","null90"
"binary_sparse_n300_t02_r0006","binary","sparse","teaching_fixed",300,1000,1.5,6,95962177,"ASHMED_Adaptive",0.05,"ok",FALSE,1.03999999999999,"","","7ee065eb5d356bcd426dce5bf4bac639",14,0,14,20,0,0.7,"teaching_fixed","development","null90"
"linear_dense_n300_t02_r0006","linear","dense","teaching_fixed",300,1000,1.5,6,266013085,"ASHMED_Adaptive",0.05,"ok",FALSE,0.670000000000002,"","","2b3803012926a75fab474fcb6307a760",173,7,166,200,0.0404624277456647,0.83,"teaching_fixed","development","null90"
"confounded_dense_n300_t02_r0006","confounded","dense","teaching_fixed",300,1000,1.5,6,101479147,"ASHMED_Adaptive",0.05,"ok",FALSE,0.5,"","","7192b861f56f863b82dc543553b7fd4e",149,4,145,200,0.0268456375838926,0.725,"teaching_fixed","development","null90"
"binary_dense_n300_t02_r0006","binary","dense","teaching_fixed",300,1000,1.5,6,204994157,"ASHMED_Adaptive",0.05,"ok",FALSE,1.94000000000001,"","","4063882a8b4611aeb7d626568404c92e",159,7,152,200,0.0440251572327044,0.76,"teaching_fixed","development","null90"
"linear_sparse_n300_t03_r0006","linear","sparse","teaching_fixed",300,1000,1.9,6,193982369,"ASHMED_Adaptive",0.05,"ok",FALSE,1.36,"","","393c35e3ca062b2310af275147d238fe",21,1,20,20,0.0476190476190476,1,"teaching_fixed","development","null90"
"confounded_sparse_n300_t03_r0006","confounded","sparse","teaching_fixed",300,1000,1.9,6,96318280,"ASHMED_Adaptive",0.05,"ok",FALSE,0.589999999999989,"","","4b60a6d9c0faeb69689e8e6cb33eee5d",13,0,13,20,0,0.65,"teaching_fixed","development","null90"
"binary_sparse_n300_t03_r0006","binary","sparse","teaching_fixed",300,1000,1.9,6,170703408,"ASHMED_Adaptive",0.05,"ok",FALSE,1.61,"","","b447bdca52465c7f18b3f75164e3b0a2",15,0,15,20,0,0.75,"teaching_fixed","development","null90"
"linear_dense_n300_t03_r0006","linear","dense","teaching_fixed",300,1000,1.9,6,101054982,"ASHMED_Adaptive",0.05,"ok",FALSE,1.22,"","","fe92e491845c37c5ada9f0400d05c572",212,15,197,200,0.0707547169811321,0.985,"teaching_fixed","development","null90"
"confounded_dense_n300_t03_r0006","confounded","dense","teaching_fixed",300,1000,1.9,6,248101941,"ASHMED_Adaptive",0.05,"ok",FALSE,1.15000000000001,"","","33e7e384e9aa7aff6357250ad41e8c6a",193,7,186,200,0.0362694300518135,0.93,"teaching_fixed","development","null90"
"binary_dense_n300_t03_r0006","binary","dense","teaching_fixed",300,1000,1.9,6,28396776,"ASHMED_Adaptive",0.05,"ok",FALSE,8.31,"","","a540b85fd73a7101d8e1ef987d81dac7",198,7,191,200,0.0353535353535354,0.955,"teaching_fixed","development","null90"
"linear_sparse_n300_t01_r0007","linear","sparse","teaching_fixed",300,1000,1.3,7,172705268,"ASHMED_Adaptive",0.05,"ok",FALSE,1.98999999999999,"","","f51aa637329d250003c3d17810159c48",4,0,4,20,0,0.2,"teaching_fixed","development","null90"
"confounded_sparse_n300_t01_r0007","confounded","sparse","teaching_fixed",300,1000,1.3,7,23599921,"ASHMED_Adaptive",0.05,"ok",FALSE,0.650000000000006,"","","d04ee2489bbc5572600774d13b3ed0fb",9,0,9,20,0,0.45,"teaching_fixed","development","null90"
"binary_sparse_n300_t01_r0007","binary","sparse","teaching_fixed",300,1000,1.3,7,232942620,"ASHMED_Adaptive",0.05,"ok",FALSE,1.31,"","","a257cc580819d50fbd82b82d1acf00ce",10,1,9,20,0.1,0.45,"teaching_fixed","development","null90"
"linear_dense_n300_t01_r0007","linear","dense","teaching_fixed",300,1000,1.3,7,163644984,"ASHMED_Adaptive",0.05,"ok",FALSE,0.799999999999997,"","","0383907ebb7957a4bfb24c8bbf989364",128,5,123,200,0.0390625,0.615,"teaching_fixed","development","null90"
"confounded_dense_n300_t01_r0007","confounded","dense","teaching_fixed",300,1000,1.3,7,202627333,"ASHMED_Adaptive",0.05,"ok",FALSE,1.39,"","","3d2ea020666548fc4a01764e5df12d9f",131,4,127,200,0.0305343511450382,0.635,"teaching_fixed","development","null90"
"binary_dense_n300_t01_r0007","binary","dense","teaching_fixed",300,1000,1.3,7,204568611,"ASHMED_Adaptive",0.05,"ok",FALSE,3.14,"","","38bfe6640d3471a10bf20c144922cf4c",135,5,130,200,0.037037037037037,0.65,"teaching_fixed","development","null90"
"linear_sparse_n300_t02_r0007","linear","sparse","teaching_fixed",300,1000,1.5,7,223353038,"ASHMED_Adaptive",0.05,"ok",FALSE,1.83,"","","2354fd2609d817cc2628e1e934d68b6f",7,0,7,20,0,0.35,"teaching_fixed","development","null90"
"confounded_sparse_n300_t02_r0007","confounded","sparse","teaching_fixed",300,1000,1.5,7,59449721,"ASHMED_Adaptive",0.05,"ok",FALSE,0.839999999999989,"","","183804b56b6fbb970280065544f45489",14,0,14,20,0,0.7,"teaching_fixed","development","null90"
"binary_sparse_n300_t02_r0007","binary","sparse","teaching_fixed",300,1000,1.5,7,26465772,"ASHMED_Adaptive",0.05,"ok",FALSE,0.930000000000007,"","","692628b4a06ad6a48cbf8af48e34c722",5,1,4,20,0.2,0.2,"teaching_fixed","development","null90"
"linear_dense_n300_t02_r0007","linear","dense","teaching_fixed",300,1000,1.5,7,120568773,"ASHMED_Adaptive",0.05,"ok",FALSE,0.530000000000001,"","","61acdb3fa9625a3dd6b06bac370fe139",166,7,159,200,0.0421686746987952,0.795,"teaching_fixed","development","null90"
"confounded_dense_n300_t02_r0007","confounded","dense","teaching_fixed",300,1000,1.5,7,5596276,"ASHMED_Adaptive",0.05,"ok",FALSE,0.719999999999999,"","","1ccd02e09a4b26a390bb08c7e7eabace",167,6,161,200,0.0359281437125748,0.805,"teaching_fixed","development","null90"
"binary_dense_n300_t02_r0007","binary","dense","teaching_fixed",300,1000,1.5,7,107764421,"ASHMED_Adaptive",0.05,"ok",FALSE,0.730000000000004,"","","140e8496d8ff7b869c5199567d4871bd",178,11,167,200,0.0617977528089888,0.835,"teaching_fixed","development","null90"
"linear_sparse_n300_t03_r0007","linear","sparse","teaching_fixed",300,1000,1.9,7,186307057,"ASHMED_Adaptive",0.05,"ok",FALSE,0.609999999999999,"","","bfd1542ce121b8f3bf8545e8dc45899f",14,0,14,20,0,0.7,"teaching_fixed","development","null90"
"confounded_sparse_n300_t03_r0007","confounded","sparse","teaching_fixed",300,1000,1.9,7,94858727,"ASHMED_Adaptive",0.05,"ok",FALSE,1.23999999999999,"","","484cf7ec6b577b0d76a83fce58215230",16,0,16,20,0,0.8,"teaching_fixed","development","null90"
"binary_sparse_n300_t03_r0007","binary","sparse","teaching_fixed",300,1000,1.9,7,189144857,"ASHMED_Adaptive",0.05,"ok",FALSE,0.830000000000013,"","","5b2534f61acf60f1b977ae4d1762add3",13,1,12,20,0.0769230769230769,0.6,"teaching_fixed","development","null90"
"linear_dense_n300_t03_r0007","linear","dense","teaching_fixed",300,1000,1.9,7,96667415,"ASHMED_Adaptive",0.05,"ok",FALSE,1.03,"","","666d5d3f6bce3d44758cd7dd9ab0667d",194,4,190,200,0.0206185567010309,0.95,"teaching_fixed","development","null90"
"confounded_dense_n300_t03_r0007","confounded","dense","teaching_fixed",300,1000,1.9,7,182288632,"ASHMED_Adaptive",0.05,"ok",FALSE,1.23,"","","98bc87bcab334033c05e05aec12fec97",189,4,185,200,0.0211640211640212,0.925,"teaching_fixed","development","null90"
"binary_dense_n300_t03_r0007","binary","dense","teaching_fixed",300,1000,1.9,7,102470422,"ASHMED_Adaptive",0.05,"ok",FALSE,6.19,"","","73116e8071107bacb65ca42f493aba37",204,9,195,200,0.0441176470588235,0.975,"teaching_fixed","development","null90"
"linear_sparse_n300_t01_r0008","linear","sparse","teaching_fixed",300,1000,1.3,8,125809954,"ASHMED_Adaptive",0.05,"ok",FALSE,2.77,"","","a0a75632350d63f96b7ba9e7e797da79",9,1,8,20,0.111111111111111,0.4,"teaching_fixed","development","null90"
"confounded_sparse_n300_t01_r0008","confounded","sparse","teaching_fixed",300,1000,1.3,8,74092225,"ASHMED_Adaptive",0.05,"ok",FALSE,3.01999999999998,"","","bef5b8c377b5481d4950d642f2a65d18",3,0,3,20,0,0.15,"teaching_fixed","development","null90"
"binary_sparse_n300_t01_r0008","binary","sparse","teaching_fixed",300,1000,1.3,8,48192318,"ASHMED_Adaptive",0.05,"ok",FALSE,3.34,"","","9c94ce64dd518f720ec46ec578516719",11,0,11,20,0,0.55,"teaching_fixed","development","null90"
"linear_dense_n300_t01_r0008","linear","dense","teaching_fixed",300,1000,1.3,8,94277715,"ASHMED_Adaptive",0.05,"ok",FALSE,2.03,"","","60738ee3621dddcfc079addde31ae90e",133,10,123,200,0.075187969924812,0.615,"teaching_fixed","development","null90"
"confounded_dense_n300_t01_r0008","confounded","dense","teaching_fixed",300,1000,1.3,8,216558623,"ASHMED_Adaptive",0.05,"ok",FALSE,1.42,"","","a5ed429c4de78a709ec375b511c29c41",117,2,115,200,0.0170940170940171,0.575,"teaching_fixed","development","null90"
"binary_dense_n300_t01_r0008","binary","dense","teaching_fixed",300,1000,1.3,8,249305008,"ASHMED_Adaptive",0.05,"ok",FALSE,6.71999999999998,"","","063d63598c5ca69427dc4dcb223f42b4",131,3,128,200,0.0229007633587786,0.64,"teaching_fixed","development","null90"
"linear_sparse_n300_t02_r0008","linear","sparse","teaching_fixed",300,1000,1.5,8,176769498,"ASHMED_Adaptive",0.05,"ok",FALSE,0.609999999999999,"","","28ea3445fbd93152612af20f1af94e59",10,0,10,20,0,0.5,"teaching_fixed","development","null90"
"confounded_sparse_n300_t02_r0008","confounded","sparse","teaching_fixed",300,1000,1.5,8,133594294,"ASHMED_Adaptive",0.05,"ok",FALSE,1.39999999999999,"","","cb25d94f55bd4202ccfbca242b33b8a3",15,0,15,20,0,0.75,"teaching_fixed","development","null90"
"binary_sparse_n300_t02_r0008","binary","sparse","teaching_fixed",300,1000,1.5,8,82612691,"ASHMED_Adaptive",0.05,"ok",FALSE,1.17999999999998,"","","ffa26157ec01f97622b4dc91419b1d66",10,0,10,20,0,0.5,"teaching_fixed","development","null90"
"linear_dense_n300_t02_r0008","linear","dense","teaching_fixed",300,1000,1.5,8,240674829,"ASHMED_Adaptive",0.05,"ok",FALSE,0.600000000000009,"","","2a44390494f7a387d204055f2d39dc34",153,5,148,200,0.0326797385620915,0.74,"teaching_fixed","development","null90"
"confounded_dense_n300_t02_r0008","confounded","dense","teaching_fixed",300,1000,1.5,8,22783788,"ASHMED_Adaptive",0.05,"ok",FALSE,0.750000000000014,"","","0c886d4dfae24b5cbb183a487570f64d",154,9,145,200,0.0584415584415584,0.725,"teaching_fixed","development","null90"
"binary_dense_n300_t02_r0008","binary","dense","teaching_fixed",300,1000,1.5,8,23382494,"ASHMED_Adaptive",0.05,"ok",FALSE,0.919999999999987,"","","be8392dd6477123aec4b0f541d4f91c0",159,5,154,200,0.0314465408805031,0.77,"teaching_fixed","development","null90"
"linear_sparse_n300_t03_r0008","linear","sparse","teaching_fixed",300,1000,1.9,8,243958392,"ASHMED_Adaptive",0.05,"ok",FALSE,0.829999999999984,"","","7fc220c9afcccdb373a6527604b9f20a",17,1,16,20,0.0588235294117647,0.8,"teaching_fixed","development","null90"
"confounded_sparse_n300_t03_r0008","confounded","sparse","teaching_fixed",300,1000,1.9,8,2442434,"ASHMED_Adaptive",0.05,"ok",FALSE,1.50999999999999,"","","f9805fe25600c8acbefc94918e04a969",17,1,16,20,0.0588235294117647,0.8,"teaching_fixed","development","null90"
"binary_sparse_n300_t03_r0008","binary","sparse","teaching_fixed",300,1000,1.9,8,156694292,"ASHMED_Adaptive",0.05,"ok",FALSE,0.97999999999999,"","","abafd51a9989674fb73828244e3590f5",16,0,16,20,0,0.8,"teaching_fixed","development","null90"
"linear_dense_n300_t03_r0008","linear","dense","teaching_fixed",300,1000,1.9,8,251214184,"ASHMED_Adaptive",0.05,"ok",FALSE,2.03,"","","93fda33614f14251b67e7ea63c1eb99c",205,11,194,200,0.0536585365853659,0.97,"teaching_fixed","development","null90"
"confounded_dense_n300_t03_r0008","confounded","dense","teaching_fixed",300,1000,1.9,8,193632025,"ASHMED_Adaptive",0.05,"ok",FALSE,1.73000000000002,"","","d60654669367c4855034d19370bf5b4a",195,5,190,200,0.0256410256410256,0.95,"teaching_fixed","development","null90"
"binary_dense_n300_t03_r0008","binary","dense","teaching_fixed",300,1000,1.9,8,3622643,"ASHMED_Adaptive",0.05,"ok",FALSE,18.82,"","","24e0ea7405e764b6e10d18167f19ae82",191,9,182,200,0.0471204188481675,0.91,"teaching_fixed","development","null90"
