"case_id","scenario","mixture","profile","n","m","tau","replicate","seed","method","q","status","cached","elapsed_seconds","warning","error","cache_key","discoveries","false_discoveries","true_discoveries","alternatives","FDP","power","dataset","stage","arm"
"linear_sparse_n300_t01_r0001","linear","sparse","paper_adjusted",300,1000,1.3,1,133625349,"HDMT",0.05,"ok",TRUE,0.0499999999999999,"ties should not be present for the one-sample Kolmogorov-Smirnov test","","046f44e5617f750b41536352bf441410",7,1,6,18,0.142857142857143,0.333333333333333,"paper_adjusted","structure","shifted_rect"
"linear_sparse_n300_t01_r0001","linear","sparse","paper_adjusted",300,1000,1.3,1,133625349,"MDACT",0.05,"ok",TRUE,0.0600000000000001,"ties should not be present for the one-sample Kolmogorov-Smirnov test","","a7705327d3779ddd92571f8497ceb776",7,1,6,18,0.142857142857143,0.333333333333333,"paper_adjusted","structure","shifted_rect"
"linear_sparse_n300_t01_r0001","linear","sparse","paper_adjusted",300,1000,1.3,1,133625349,"MLFDR",0.05,"ok",TRUE,1.55,"","","74f8b347b3e07dd4c9548fd0250c68b3",12,1,11,18,0.0833333333333333,0.611111111111111,"paper_adjusted","structure","shifted_rect"
"linear_sparse_n300_t01_r0001","linear","sparse","paper_adjusted",300,1000,1.3,1,133625349,"ASHMED",0.05,"ok",TRUE,0.2,"","","f75c2d161f6896a6f81f9daabd09fafb",5,0,5,18,0,0.277777777777778,"paper_adjusted","structure","shifted_rect"
"confounded_sparse_n300_t01_r0001","confounded","sparse","paper_adjusted",300,1000,1.3,1,80128897,"HDMT",0.05,"ok",TRUE,0.0299999999999998,"ties should not be present for the one-sample Kolmogorov-Smirnov test","","9b99e876227eb5212a1a0ca77f263e3e",0,0,0,19,0,0,"paper_adjusted","structure","shifted_rect"
"confounded_sparse_n300_t01_r0001","confounded","sparse","paper_adjusted",300,1000,1.3,1,80128897,"MDACT",0.05,"ok",TRUE,0.0900000000000003,"ties should not be present for the one-sample Kolmogorov-Smirnov test","","157ceb705f147be0f590d13fef1ee2dd",0,0,0,19,0,0,"paper_adjusted","structure","shifted_rect"
"confounded_sparse_n300_t01_r0001","confounded","sparse","paper_adjusted",300,1000,1.3,1,80128897,"MLFDR",0.05,"ok",TRUE,1.86,"","","9517454158c4821146cbb821d4058aac",5,0,5,19,0,0.263157894736842,"paper_adjusted","structure","shifted_rect"
"confounded_sparse_n300_t01_r0001","confounded","sparse","paper_adjusted",300,1000,1.3,1,80128897,"ASHMED",0.05,"ok",TRUE,0.28,"","","8fa20dd49c3c2ae9efe5a17e1d088b50",0,0,0,19,0,0,"paper_adjusted","structure","shifted_rect"
"binary_sparse_n300_t01_r0001","binary","sparse","paper_adjusted",300,1000,1.3,1,19375970,"HDMT",0.05,"ok",TRUE,0.0899999999999999,"","","9e1943dfc2466bdfccc0854892c1cc10",6,0,6,23,0,0.260869565217391,"paper_adjusted","structure","shifted_rect"
"binary_sparse_n300_t01_r0001","binary","sparse","paper_adjusted",300,1000,1.3,1,19375970,"MDACT",0.05,"ok",TRUE,0.12,"","","3815e99f1913b47ffc92a5fc07c39a69",6,0,6,23,0,0.260869565217391,"paper_adjusted","structure","shifted_rect"
"binary_sparse_n300_t01_r0001","binary","sparse","paper_adjusted",300,1000,1.3,1,19375970,"MLFDR",0.05,"ok",TRUE,0.42,"","","640441a2f6d8349ecc73c1283bd69e15",11,0,11,23,0,0.478260869565217,"paper_adjusted","structure","shifted_rect"
"binary_sparse_n300_t01_r0001","binary","sparse","paper_adjusted",300,1000,1.3,1,19375970,"ASHMED",0.05,"ok",TRUE,0.25,"","","7d3cb19d441decc017cef04b0eefa538",6,0,6,23,0,0.260869565217391,"paper_adjusted","structure","shifted_rect"
"linear_dense_n300_t01_r0001","linear","dense","paper_adjusted",300,1000,1.3,1,37380408,"HDMT",0.05,"ok",TRUE,0.04,"ties should not be present for the one-sample Kolmogorov-Smirnov test","","76862f19aeb5c138f43e060297ddaff1",101,3,98,191,0.0297029702970297,0.513089005235602,"paper_adjusted","structure","shifted_rect"
"linear_dense_n300_t01_r0001","linear","dense","paper_adjusted",300,1000,1.3,1,37380408,"MDACT",0.05,"ok",TRUE,0.0600000000000001,"ties should not be present for the one-sample Kolmogorov-Smirnov test","","5d26992b55357a3fcf2d4d26e7d54207",118,6,112,191,0.0508474576271186,0.586387434554974,"paper_adjusted","structure","shifted_rect"
"linear_dense_n300_t01_r0001","linear","dense","paper_adjusted",300,1000,1.3,1,37380408,"MLFDR",0.05,"ok",TRUE,0.39,"","","9f8560b69763521cd1a5b61c920e9c11",164,7,157,191,0.0426829268292683,0.821989528795812,"paper_adjusted","structure","shifted_rect"
"linear_dense_n300_t01_r0001","linear","dense","paper_adjusted",300,1000,1.3,1,37380408,"ASHMED",0.05,"ok",TRUE,0.14,"","","3f602718af7cba17c2ab9b2e4ff42092",66,1,65,191,0.0151515151515152,0.340314136125654,"paper_adjusted","structure","shifted_rect"
"confounded_dense_n300_t01_r0001","confounded","dense","paper_adjusted",300,1000,1.3,1,240700725,"HDMT",0.05,"ok",TRUE,0.03,"ties should not be present for the one-sample Kolmogorov-Smirnov test","","162b00b07af00b1268abd2350a18f11f",94,5,89,191,0.0531914893617021,0.465968586387435,"paper_adjusted","structure","shifted_rect"
"confounded_dense_n300_t01_r0001","confounded","dense","paper_adjusted",300,1000,1.3,1,240700725,"MDACT",0.05,"ok",TRUE,0.0799999999999998,"ties should not be present for the one-sample Kolmogorov-Smirnov test","","577f94d86a66368f3f72de263f04baf9",101,6,95,191,0.0594059405940594,0.49738219895288,"paper_adjusted","structure","shifted_rect"
"confounded_dense_n300_t01_r0001","confounded","dense","paper_adjusted",300,1000,1.3,1,240700725,"MLFDR",0.05,"ok",TRUE,0.28,"","","f57100caf90aca7c3c4af2c065ebfc8d",136,7,129,191,0.0514705882352941,0.675392670157068,"paper_adjusted","structure","shifted_rect"
"confounded_dense_n300_t01_r0001","confounded","dense","paper_adjusted",300,1000,1.3,1,240700725,"ASHMED",0.05,"ok",TRUE,0.2,"","","f7c6fa93ba97c7f080b47c43bdd539ad",42,1,41,191,0.0238095238095238,0.214659685863874,"paper_adjusted","structure","shifted_rect"
"binary_dense_n300_t01_r0001","binary","dense","paper_adjusted",300,1000,1.3,1,41537166,"HDMT",0.05,"ok",TRUE,0.0899999999999999,"","","25b413380c80a517543a1f54ea6899fd",49,1,48,210,0.0204081632653061,0.228571428571429,"paper_adjusted","structure","shifted_rect"
"binary_dense_n300_t01_r0001","binary","dense","paper_adjusted",300,1000,1.3,1,41537166,"MDACT",0.05,"ok",TRUE,0.1,"","","214402cca08f5d4e9ed23922d98f3f44",76,3,73,210,0.0394736842105263,0.347619047619048,"paper_adjusted","structure","shifted_rect"
"binary_dense_n300_t01_r0001","binary","dense","paper_adjusted",300,1000,1.3,1,41537166,"MLFDR",0.05,"ok",TRUE,0.32,"","","05a6fba06f0f4c825440783ef03c33dc",121,6,115,210,0.0495867768595041,0.547619047619048,"paper_adjusted","structure","shifted_rect"
"binary_dense_n300_t01_r0001","binary","dense","paper_adjusted",300,1000,1.3,1,41537166,"ASHMED",0.05,"ok",TRUE,0.28,"","","46812d55937b6cf84256f23a982f1dff",52,1,51,210,0.0192307692307692,0.242857142857143,"paper_adjusted","structure","shifted_rect"
"linear_sparse_n300_t02_r0001","linear","sparse","paper_adjusted",300,1000,1.5,1,199651532,"HDMT",0.05,"ok",TRUE,0.0299999999999998,"ties should not be present for the one-sample Kolmogorov-Smirnov test","","206068b05416c185250e76f7e8047390",11,2,9,16,0.181818181818182,0.5625,"paper_adjusted","structure","shifted_rect"
"linear_sparse_n300_t02_r0001","linear","sparse","paper_adjusted",300,1000,1.5,1,199651532,"MDACT",0.05,"ok",TRUE,0,"ties should not be present for the one-sample Kolmogorov-Smirnov test","","2b69153cf1feed00ef9596a3b944ebba",11,2,9,16,0.181818181818182,0.5625,"paper_adjusted","structure","shifted_rect"
"linear_sparse_n300_t02_r0001","linear","sparse","paper_adjusted",300,1000,1.5,1,199651532,"MLFDR",0.05,"ok",TRUE,0.17,"","","146953bf28460191debb8b9356e89a91",12,1,11,16,0.0833333333333333,0.6875,"paper_adjusted","structure","shifted_rect"
"linear_sparse_n300_t02_r0001","linear","sparse","paper_adjusted",300,1000,1.5,1,199651532,"ASHMED",0.05,"ok",TRUE,0.0800000000000001,"","","756a2c9c4aa6c7e7753e70b4175410b4",6,0,6,16,0,0.375,"paper_adjusted","structure","shifted_rect"
"confounded_sparse_n300_t02_r0001","confounded","sparse","paper_adjusted",300,1000,1.5,1,100474234,"HDMT",0.05,"ok",TRUE,0.00999999999999979,"ties should not be present for the one-sample Kolmogorov-Smirnov test","","a49ca3fe6fec6bffc34197c85e60544d",9,0,9,27,0,0.333333333333333,"paper_adjusted","structure","shifted_rect"
"confounded_sparse_n300_t02_r0001","confounded","sparse","paper_adjusted",300,1000,1.5,1,100474234,"MDACT",0.05,"ok",TRUE,0.02,"ties should not be present for the one-sample Kolmogorov-Smirnov test","","2c0f835bc2392cd4b60c4af0eac66bfd",15,0,15,27,0,0.555555555555556,"paper_adjusted","structure","shifted_rect"
"confounded_sparse_n300_t02_r0001","confounded","sparse","paper_adjusted",300,1000,1.5,1,100474234,"MLFDR",0.05,"ok",TRUE,0.18,"","","c5cb2e6e71187af6bd0fce7aba792e91",21,1,20,27,0.0476190476190476,0.740740740740741,"paper_adjusted","structure","shifted_rect"
"confounded_sparse_n300_t02_r0001","confounded","sparse","paper_adjusted",300,1000,1.5,1,100474234,"ASHMED",0.05,"ok",TRUE,0.12,"","","a012670e54c8e8f1f2931b1817fe73f3",9,0,9,27,0,0.333333333333333,"paper_adjusted","structure","shifted_rect"
"binary_sparse_n300_t02_r0001","binary","sparse","paper_adjusted",300,1000,1.5,1,217720686,"HDMT",0.05,"ok",TRUE,0.0200000000000005,"","","3e8d08f9ee01cd0951f0563186552191",7,1,6,16,0.142857142857143,0.375,"paper_adjusted","structure","shifted_rect"
"binary_sparse_n300_t02_r0001","binary","sparse","paper_adjusted",300,1000,1.5,1,217720686,"MDACT",0.05,"ok",TRUE,0,"","","65ef6e74f36eede21e858201a381ea60",7,1,6,16,0.142857142857143,0.375,"paper_adjusted","structure","shifted_rect"
"binary_sparse_n300_t02_r0001","binary","sparse","paper_adjusted",300,1000,1.5,1,217720686,"MLFDR",0.05,"ok",TRUE,0.47,"","","3c5382908c8d584a7f05b3e6fbe46c4f",12,1,11,16,0.0833333333333333,0.6875,"paper_adjusted","structure","shifted_rect"
"binary_sparse_n300_t02_r0001","binary","sparse","paper_adjusted",300,1000,1.5,1,217720686,"ASHMED",0.05,"ok",TRUE,0.31,"","","8ef7fc440c2b6564f0c315dafc568b6b",4,0,4,16,0,0.25,"paper_adjusted","structure","shifted_rect"
"linear_dense_n300_t02_r0001","linear","dense","paper_adjusted",300,1000,1.5,1,108037747,"HDMT",0.05,"ok",TRUE,0.0299999999999998,"ties should not be present for the one-sample Kolmogorov-Smirnov test","","8e2143253af2f90249197ad5de65cce8",95,0,95,191,0,0.49738219895288,"paper_adjusted","structure","shifted_rect"
"linear_dense_n300_t02_r0001","linear","dense","paper_adjusted",300,1000,1.5,1,108037747,"MDACT",0.05,"ok",TRUE,0.0800000000000001,"ties should not be present for the one-sample Kolmogorov-Smirnov test","","1c8dd55b1703630687b50d430776c243",99,1,98,191,0.0101010101010101,0.513089005235602,"paper_adjusted","structure","shifted_rect"
"linear_dense_n300_t02_r0001","linear","dense","paper_adjusted",300,1000,1.5,1,108037747,"MLFDR",0.05,"ok",TRUE,0.31,"","","777f14528360410a0ad4675b93c8440b",161,12,149,191,0.0745341614906832,0.780104712041885,"paper_adjusted","structure","shifted_rect"
"linear_dense_n300_t02_r0001","linear","dense","paper_adjusted",300,1000,1.5,1,108037747,"ASHMED",0.05,"ok",TRUE,0.12,"","","53c2120ed15e24f12e31d40bb13e8455",63,0,63,191,0,0.329842931937173,"paper_adjusted","structure","shifted_rect"
"confounded_dense_n300_t02_r0001","confounded","dense","paper_adjusted",300,1000,1.5,1,249443297,"HDMT",0.05,"ok",TRUE,0.0299999999999998,"ties should not be present for the one-sample Kolmogorov-Smirnov test","","0f3f40b820390eb3830a282c575f6731",94,2,92,221,0.0212765957446809,0.416289592760181,"paper_adjusted","structure","shifted_rect"
"confounded_dense_n300_t02_r0001","confounded","dense","paper_adjusted",300,1000,1.5,1,249443297,"MDACT",0.05,"ok",TRUE,0.0799999999999996,"ties should not be present for the one-sample Kolmogorov-Smirnov test","","dcc6354a91deee08afee2570f2ae578c",101,2,99,221,0.0198019801980198,0.447963800904977,"paper_adjusted","structure","shifted_rect"
"confounded_dense_n300_t02_r0001","confounded","dense","paper_adjusted",300,1000,1.5,1,249443297,"MLFDR",0.05,"ok",TRUE,0.39,"","","3dde9a78aa2ebfb13d592406b6962801",177,8,169,221,0.0451977401129944,0.764705882352941,"paper_adjusted","structure","shifted_rect"
"confounded_dense_n300_t02_r0001","confounded","dense","paper_adjusted",300,1000,1.5,1,249443297,"ASHMED",0.05,"ok",TRUE,0.0800000000000001,"","","7a8244e5f4f8a1f484c0aa78b5c4c28c",63,1,62,221,0.0158730158730159,0.280542986425339,"paper_adjusted","structure","shifted_rect"
"binary_dense_n300_t02_r0001","binary","dense","paper_adjusted",300,1000,1.5,1,244269150,"HDMT",0.05,"ok",TRUE,0.0299999999999994,"","","a1bfe6b55bc18d0b2f1149f6463b42ee",129,5,124,201,0.0387596899224806,0.616915422885572,"paper_adjusted","structure","shifted_rect"
"binary_dense_n300_t02_r0001","binary","dense","paper_adjusted",300,1000,1.5,1,244269150,"MDACT",0.05,"ok",TRUE,0.00999999999999979,"","","405a95fa7fa68f91d870da6088a44d78",146,9,137,201,0.0616438356164384,0.681592039800995,"paper_adjusted","structure","shifted_rect"
"binary_dense_n300_t02_r0001","binary","dense","paper_adjusted",300,1000,1.5,1,244269150,"MLFDR",0.05,"ok",TRUE,0.13,"","","4076d98e8de07d450e31529df941d20d",177,5,172,201,0.0282485875706215,0.855721393034826,"paper_adjusted","structure","shifted_rect"
"binary_dense_n300_t02_r0001","binary","dense","paper_adjusted",300,1000,1.5,1,244269150,"ASHMED",0.05,"ok",TRUE,0.0999999999999999,"","","7650a8846fe7647627fd6f954b02192d",152,8,144,201,0.0526315789473684,0.716417910447761,"paper_adjusted","structure","shifted_rect"
"linear_sparse_n300_t03_r0001","linear","sparse","paper_adjusted",300,1000,1.9,1,64710089,"HDMT",0.05,"ok",TRUE,0.04,"ties should not be present for the one-sample Kolmogorov-Smirnov test","","107f6a37d757e4a0c5d74e519ea32c3e",30,8,22,23,0.266666666666667,0.956521739130435,"paper_adjusted","structure","shifted_rect"
"linear_sparse_n300_t03_r0001","linear","sparse","paper_adjusted",300,1000,1.9,1,64710089,"MDACT",0.05,"ok",TRUE,0,"ties should not be present for the one-sample Kolmogorov-Smirnov test","","15126cee13fdde16c40fae355e389f3b",26,4,22,23,0.153846153846154,0.956521739130435,"paper_adjusted","structure","shifted_rect"
"linear_sparse_n300_t03_r0001","linear","sparse","paper_adjusted",300,1000,1.9,1,64710089,"MLFDR",0.05,"ok",TRUE,0.0999999999999996,"","","e8e31658f230358e5a806eeea5f9d141",22,0,22,23,0,0.956521739130435,"paper_adjusted","structure","shifted_rect"
"linear_sparse_n300_t03_r0001","linear","sparse","paper_adjusted",300,1000,1.9,1,64710089,"ASHMED",0.05,"ok",TRUE,0.11,"","","cbe19eb7be3dad8c5392f79fe39df17e",22,1,21,23,0.0454545454545455,0.91304347826087,"paper_adjusted","structure","shifted_rect"
"confounded_sparse_n300_t03_r0001","confounded","sparse","paper_adjusted",300,1000,1.9,1,126157381,"HDMT",0.05,"ok",TRUE,0.0599999999999996,"ties should not be present for the one-sample Kolmogorov-Smirnov test","","a440d44131fe20dc91b305f3ac2eadbb",14,2,12,15,0.142857142857143,0.8,"paper_adjusted","structure","shifted_rect"
"confounded_sparse_n300_t03_r0001","confounded","sparse","paper_adjusted",300,1000,1.9,1,126157381,"MDACT",0.05,"ok",TRUE,0,"ties should not be present for the one-sample Kolmogorov-Smirnov test","","ea9d1e9c274ed3f22dca43b57a5d77a9",7,0,7,15,0,0.466666666666667,"paper_adjusted","structure","shifted_rect"
"confounded_sparse_n300_t03_r0001","confounded","sparse","paper_adjusted",300,1000,1.9,1,126157381,"MLFDR",0.05,"ok",TRUE,0.29,"","","215c8795c427c99bc8a530ab7a3ccc72",10,0,10,15,0,0.666666666666667,"paper_adjusted","structure","shifted_rect"
"confounded_sparse_n300_t03_r0001","confounded","sparse","paper_adjusted",300,1000,1.9,1,126157381,"ASHMED",0.05,"ok",TRUE,0.1,"","","c7e8be5a926d9d98be1aa559d2c6a983",5,0,5,15,0,0.333333333333333,"paper_adjusted","structure","shifted_rect"
"binary_sparse_n300_t03_r0001","binary","sparse","paper_adjusted",300,1000,1.9,1,111938410,"HDMT",0.05,"ok",TRUE,0.0299999999999994,"","","f28b7a03704bd21a36d4468de8005b36",16,1,15,20,0.0625,0.75,"paper_adjusted","structure","shifted_rect"
"binary_sparse_n300_t03_r0001","binary","sparse","paper_adjusted",300,1000,1.9,1,111938410,"MDACT",0.05,"ok",TRUE,0,"","","86ea9105532d5de7245799873b6c20b3",16,1,15,20,0.0625,0.75,"paper_adjusted","structure","shifted_rect"
"binary_sparse_n300_t03_r0001","binary","sparse","paper_adjusted",300,1000,1.9,1,111938410,"MLFDR",0.05,"ok",TRUE,0.13,"","","6ec658d1b805f4db594385be8ddfdfb7",19,1,18,20,0.0526315789473684,0.9,"paper_adjusted","structure","shifted_rect"
"binary_sparse_n300_t03_r0001","binary","sparse","paper_adjusted",300,1000,1.9,1,111938410,"ASHMED",0.05,"ok",TRUE,0.13,"","","5f67fe069685e380c4be36f6c6f3a8d9",17,1,16,20,0.0588235294117647,0.8,"paper_adjusted","structure","shifted_rect"
"linear_dense_n300_t03_r0001","linear","dense","paper_adjusted",300,1000,1.9,1,265272256,"HDMT",0.05,"ok",TRUE,0.0300000000000002,"ties should not be present for the one-sample Kolmogorov-Smirnov test","","706bfe8d7996335e38d4fded73b367d6",182,8,174,207,0.043956043956044,0.840579710144927,"paper_adjusted","structure","shifted_rect"
"linear_dense_n300_t03_r0001","linear","dense","paper_adjusted",300,1000,1.9,1,265272256,"MDACT",0.05,"ok",TRUE,0.00999999999999979,"ties should not be present for the one-sample Kolmogorov-Smirnov test","","d9d3e1d62d04d56c1b45537607f44947",189,13,176,207,0.0687830687830688,0.85024154589372,"paper_adjusted","structure","shifted_rect"
"linear_dense_n300_t03_r0001","linear","dense","paper_adjusted",300,1000,1.9,1,265272256,"MLFDR",0.05,"ok",TRUE,0.26,"","","3dc9078193e58f255270da6afb6c66cb",207,15,192,207,0.072463768115942,0.927536231884058,"paper_adjusted","structure","shifted_rect"
"linear_dense_n300_t03_r0001","linear","dense","paper_adjusted",300,1000,1.9,1,265272256,"ASHMED",0.05,"ok",TRUE,0.0599999999999998,"","","fa21319c52a4345e3ab35232345da0f7",134,1,133,207,0.00746268656716418,0.642512077294686,"paper_adjusted","structure","shifted_rect"
"confounded_dense_n300_t03_r0001","confounded","dense","paper_adjusted",300,1000,1.9,1,134899529,"HDMT",0.05,"ok",TRUE,0.0100000000000007,"ties should not be present for the one-sample Kolmogorov-Smirnov test","","aa69409d2bf07ffbb13026bf58981f92",137,2,135,211,0.0145985401459854,0.639810426540284,"paper_adjusted","structure","shifted_rect"
"confounded_dense_n300_t03_r0001","confounded","dense","paper_adjusted",300,1000,1.9,1,134899529,"MDACT",0.05,"ok",TRUE,0,"ties should not be present for the one-sample Kolmogorov-Smirnov test","","d1523f69d2e4e96fb95db4e39f487bbd",146,2,144,211,0.0136986301369863,0.682464454976303,"paper_adjusted","structure","shifted_rect"
"confounded_dense_n300_t03_r0001","confounded","dense","paper_adjusted",300,1000,1.9,1,134899529,"MLFDR",0.05,"ok",TRUE,0.38,"","","5f4716fc6c468514a0c40b6e18eaaafb",192,9,183,211,0.046875,0.867298578199052,"paper_adjusted","structure","shifted_rect"
"confounded_dense_n300_t03_r0001","confounded","dense","paper_adjusted",300,1000,1.9,1,134899529,"ASHMED",0.05,"ok",TRUE,0.11,"","","5c73612ba42d2a2fe233684f8c7be6d1",106,1,105,211,0.00943396226415094,0.497630331753554,"paper_adjusted","structure","shifted_rect"
"binary_dense_n300_t03_r0001","binary","dense","paper_adjusted",300,1000,1.9,1,216187563,"HDMT",0.05,"ok",TRUE,0.04,"","","6270c54ffad83da60bac9966f6d89052",169,4,165,200,0.0236686390532544,0.825,"paper_adjusted","structure","shifted_rect"
"binary_dense_n300_t03_r0001","binary","dense","paper_adjusted",300,1000,1.9,1,216187563,"MDACT",0.05,"ok",TRUE,0,"","","e4abecddc0d6080ab82b513ef4699cab",171,4,167,200,0.0233918128654971,0.835,"paper_adjusted","structure","shifted_rect"
"binary_dense_n300_t03_r0001","binary","dense","paper_adjusted",300,1000,1.9,1,216187563,"MLFDR",0.05,"ok",TRUE,0.2,"","","a7b008da2ef4acf50f09d16ebbfcc7ce",203,9,194,200,0.0443349753694581,0.97,"paper_adjusted","structure","shifted_rect"
"binary_dense_n300_t03_r0001","binary","dense","paper_adjusted",300,1000,1.9,1,216187563,"ASHMED",0.05,"ok",TRUE,0.0799999999999998,"","","a3aa7eb3feaaf479f17698b2f2e36fa6",183,8,175,200,0.0437158469945355,0.875,"paper_adjusted","structure","shifted_rect"
"linear_sparse_n300_t01_r0002","linear","sparse","paper_adjusted",300,1000,1.3,2,55663362,"HDMT",0.05,"ok",TRUE,0.0300000000000002,"ties should not be present for the one-sample Kolmogorov-Smirnov test","","bba41016847a0f5a00c6a0b02b27f267",5,0,5,22,0,0.227272727272727,"paper_adjusted","structure","shifted_rect"
"linear_sparse_n300_t01_r0002","linear","sparse","paper_adjusted",300,1000,1.3,2,55663362,"MDACT",0.05,"ok",TRUE,0.0199999999999996,"ties should not be present for the one-sample Kolmogorov-Smirnov test","","c6a196667494de30ba1a8eee2c2b0b85",5,0,5,22,0,0.227272727272727,"paper_adjusted","structure","shifted_rect"
"linear_sparse_n300_t01_r0002","linear","sparse","paper_adjusted",300,1000,1.3,2,55663362,"MLFDR",0.05,"ok",TRUE,0.239999999999999,"","","d68ba6a6bf26aa37b4c5e545261d33fd",11,0,11,22,0,0.5,"paper_adjusted","structure","shifted_rect"
"linear_sparse_n300_t01_r0002","linear","sparse","paper_adjusted",300,1000,1.3,2,55663362,"ASHMED",0.05,"ok",TRUE,0.11,"","","71a067dcce79b8bf238cf754e9ee2fb6",0,0,0,22,0,0,"paper_adjusted","structure","shifted_rect"
"confounded_sparse_n300_t01_r0002","confounded","sparse","paper_adjusted",300,1000,1.3,2,120712994,"HDMT",0.05,"ok",TRUE,0.0199999999999996,"ties should not be present for the one-sample Kolmogorov-Smirnov test","","1b643f17ed180d8312682a9318acd4e4",1,0,1,21,0,0.0476190476190476,"paper_adjusted","structure","shifted_rect"
"confounded_sparse_n300_t01_r0002","confounded","sparse","paper_adjusted",300,1000,1.3,2,120712994,"MDACT",0.05,"ok",TRUE,0,"ties should not be present for the one-sample Kolmogorov-Smirnov test","","b07f3a6ab2c21b7abe6eb333936d1197",1,0,1,21,0,0.0476190476190476,"paper_adjusted","structure","shifted_rect"
"confounded_sparse_n300_t01_r0002","confounded","sparse","paper_adjusted",300,1000,1.3,2,120712994,"MLFDR",0.05,"ok",TRUE,1.74,"","","70de22f9e4d9d385b32689584bd8c8a5",6,0,6,21,0,0.285714285714286,"paper_adjusted","structure","shifted_rect"
"confounded_sparse_n300_t01_r0002","confounded","sparse","paper_adjusted",300,1000,1.3,2,120712994,"ASHMED",0.05,"ok",TRUE,0.2,"","","6617daedd5c0bc94f2299114800a4c8d",1,0,1,21,0,0.0476190476190476,"paper_adjusted","structure","shifted_rect"
"binary_sparse_n300_t01_r0002","binary","sparse","paper_adjusted",300,1000,1.3,2,254114510,"HDMT",0.05,"ok",TRUE,0.0299999999999994,"","","fe6a2818faaaa07dc6b361861a79a6bb",3,0,3,18,0,0.166666666666667,"paper_adjusted","structure","shifted_rect"
"binary_sparse_n300_t01_r0002","binary","sparse","paper_adjusted",300,1000,1.3,2,254114510,"MDACT",0.05,"ok",TRUE,0.0199999999999996,"","","11f5e033f8975bfbe5e7bf4ca2181430",3,0,3,18,0,0.166666666666667,"paper_adjusted","structure","shifted_rect"
"binary_sparse_n300_t01_r0002","binary","sparse","paper_adjusted",300,1000,1.3,2,254114510,"MLFDR",0.05,"ok",TRUE,0.43,"","","6a54462de415398185b2b2e6910d045b",8,1,7,18,0.125,0.388888888888889,"paper_adjusted","structure","shifted_rect"
"binary_sparse_n300_t01_r0002","binary","sparse","paper_adjusted",300,1000,1.3,2,254114510,"ASHMED",0.05,"ok",TRUE,0.34,"","","487bbf1d63fa0a2d14f2e65092ff141f",3,0,3,18,0,0.166666666666667,"paper_adjusted","structure","shifted_rect"
"linear_dense_n300_t01_r0002","linear","dense","paper_adjusted",300,1000,1.3,2,100511572,"HDMT",0.05,"ok",TRUE,0.0300000000000002,"ties should not be present for the one-sample Kolmogorov-Smirnov test","","8138f45d1c70985bd688917ace97e84b",49,2,47,193,0.0408163265306122,0.243523316062176,"paper_adjusted","structure","shifted_rect"
"linear_dense_n300_t01_r0002","linear","dense","paper_adjusted",300,1000,1.3,2,100511572,"MDACT",0.05,"ok",TRUE,0.0199999999999996,"ties should not be present for the one-sample Kolmogorov-Smirnov test","","5928e9c312cd77be4fbe94796332108f",52,3,49,193,0.0576923076923077,0.253886010362694,"paper_adjusted","structure","shifted_rect"
"linear_dense_n300_t01_r0002","linear","dense","paper_adjusted",300,1000,1.3,2,100511572,"MLFDR",0.05,"ok",TRUE,0.84,"","","9ae18a23c33be3e8b481ac7b7ac2a47e",98,3,95,193,0.0306122448979592,0.492227979274611,"paper_adjusted","structure","shifted_rect"
"linear_dense_n300_t01_r0002","linear","dense","paper_adjusted",300,1000,1.3,2,100511572,"ASHMED",0.05,"ok",TRUE,0.2,"","","9e452c4a2281e9d74a865010a0aa5ce9",23,0,23,193,0,0.119170984455959,"paper_adjusted","structure","shifted_rect"
"confounded_dense_n300_t01_r0002","confounded","dense","paper_adjusted",300,1000,1.3,2,199989868,"HDMT",0.05,"ok",TRUE,0.0300000000000002,"ties should not be present for the one-sample Kolmogorov-Smirnov test","","6e3d6c910279cd87bcc42c766dc0aa01",78,1,77,220,0.0128205128205128,0.35,"paper_adjusted","structure","shifted_rect"
"confounded_dense_n300_t01_r0002","confounded","dense","paper_adjusted",300,1000,1.3,2,199989868,"MDACT",0.05,"ok",TRUE,0,"ties should not be present for the one-sample Kolmogorov-Smirnov test","","9fa9ffdf9ac2b68be511112da940f2d1",89,1,88,220,0.0112359550561798,0.4,"paper_adjusted","structure","shifted_rect"
"confounded_dense_n300_t01_r0002","confounded","dense","paper_adjusted",300,1000,1.3,2,199989868,"MLFDR",0.05,"ok",TRUE,0.409999999999999,"","","928bceb3b5f31a55dbee0aaf4a56a87e",158,6,152,220,0.0379746835443038,0.690909090909091,"paper_adjusted","structure","shifted_rect"
"confounded_dense_n300_t01_r0002","confounded","dense","paper_adjusted",300,1000,1.3,2,199989868,"ASHMED",0.05,"ok",TRUE,0.13,"","","6b43de8180d97c591269a1f5645d7912",56,1,55,220,0.0178571428571429,0.25,"paper_adjusted","structure","shifted_rect"
"binary_dense_n300_t01_r0002","binary","dense","paper_adjusted",300,1000,1.3,2,203709560,"HDMT",0.05,"ok",TRUE,0.0299999999999994,"","","99a99aea8d565ea6475515a1922c63cb",121,3,118,231,0.0247933884297521,0.510822510822511,"paper_adjusted","structure","shifted_rect"
"binary_dense_n300_t01_r0002","binary","dense","paper_adjusted",300,1000,1.3,2,203709560,"MDACT",0.05,"ok",TRUE,0,"","","3efcef7407db9f24eb37be3979188fef",126,6,120,231,0.0476190476190476,0.519480519480519,"paper_adjusted","structure","shifted_rect"
"binary_dense_n300_t01_r0002","binary","dense","paper_adjusted",300,1000,1.3,2,203709560,"MLFDR",0.05,"ok",TRUE,0.24,"","","b0e7bf40542615fc625a526db4d216df",183,9,174,231,0.0491803278688525,0.753246753246753,"paper_adjusted","structure","shifted_rect"
"binary_dense_n300_t01_r0002","binary","dense","paper_adjusted",300,1000,1.3,2,203709560,"ASHMED",0.05,"ok",TRUE,1.98,"","","77ab33b63879cad186b21443336f94ad",146,20,126,231,0.136986301369863,0.545454545454545,"paper_adjusted","structure","shifted_rect"
"linear_sparse_n300_t02_r0002","linear","sparse","paper_adjusted",300,1000,1.5,2,230046918,"HDMT",0.05,"ok",TRUE,0.0300000000000011,"ties should not be present for the one-sample Kolmogorov-Smirnov test","","0dec6c0aa52d373d6fee16d249456669",4,0,4,18,0,0.222222222222222,"paper_adjusted","structure","shifted_rect"
"linear_sparse_n300_t02_r0002","linear","sparse","paper_adjusted",300,1000,1.5,2,230046918,"MDACT",0.05,"ok",TRUE,0,"ties should not be present for the one-sample Kolmogorov-Smirnov test","","c8dd0319b2cc7c49e350d7129b020e14",6,0,6,18,0,0.333333333333333,"paper_adjusted","structure","shifted_rect"
"linear_sparse_n300_t02_r0002","linear","sparse","paper_adjusted",300,1000,1.5,2,230046918,"MLFDR",0.05,"ok",TRUE,1.23,"","","8dd43f96731944a5dfc8d9f08f051c74",9,0,9,18,0,0.5,"paper_adjusted","structure","shifted_rect"
"linear_sparse_n300_t02_r0002","linear","sparse","paper_adjusted",300,1000,1.5,2,230046918,"ASHMED",0.05,"ok",TRUE,0.319999999999999,"","","57b9f981014344716090fb5bc2f916ad",3,0,3,18,0,0.166666666666667,"paper_adjusted","structure","shifted_rect"
"confounded_sparse_n300_t02_r0002","confounded","sparse","paper_adjusted",300,1000,1.5,2,105851128,"HDMT",0.05,"ok",TRUE,0.0300000000000011,"ties should not be present for the one-sample Kolmogorov-Smirnov test","","e9eaa1fef6e084df4e2795a7e5650e59",8,0,8,18,0,0.444444444444444,"paper_adjusted","structure","shifted_rect"
"confounded_sparse_n300_t02_r0002","confounded","sparse","paper_adjusted",300,1000,1.5,2,105851128,"MDACT",0.05,"ok",TRUE,0.00999999999999979,"ties should not be present for the one-sample Kolmogorov-Smirnov test","","74004f9ebd5b5a07089b7d9654f051ae",10,0,10,18,0,0.555555555555556,"paper_adjusted","structure","shifted_rect"
"confounded_sparse_n300_t02_r0002","confounded","sparse","paper_adjusted",300,1000,1.5,2,105851128,"MLFDR",0.05,"ok",TRUE,0.270000000000001,"","","f859e41c9cc2236f407a2d4c0f186453",11,0,11,18,0,0.611111111111111,"paper_adjusted","structure","shifted_rect"
"confounded_sparse_n300_t02_r0002","confounded","sparse","paper_adjusted",300,1000,1.5,2,105851128,"ASHMED",0.05,"ok",TRUE,0.31,"","","91e0d1478f87432cd5453223cf82f162",8,0,8,18,0,0.444444444444444,"paper_adjusted","structure","shifted_rect"
"binary_sparse_n300_t02_r0002","binary","sparse","paper_adjusted",300,1000,1.5,2,25945361,"HDMT",0.05,"ok",TRUE,0.0399999999999991,"","","4f4194e8a1c6e6cec56d0d8baea47eb3",7,0,7,22,0,0.318181818181818,"paper_adjusted","structure","shifted_rect"
"binary_sparse_n300_t02_r0002","binary","sparse","paper_adjusted",300,1000,1.5,2,25945361,"MDACT",0.05,"ok",TRUE,0.00999999999999979,"","","144531dd7880e22662dda4ce673a3545",12,1,11,22,0.0833333333333333,0.5,"paper_adjusted","structure","shifted_rect"
"binary_sparse_n300_t02_r0002","binary","sparse","paper_adjusted",300,1000,1.5,2,25945361,"MLFDR",0.05,"ok",TRUE,0.73,"","","dc6355234147cc5324e815c2948d95c6",16,0,16,22,0,0.727272727272727,"paper_adjusted","structure","shifted_rect"
"binary_sparse_n300_t02_r0002","binary","sparse","paper_adjusted",300,1000,1.5,2,25945361,"ASHMED",0.05,"ok",TRUE,0.47,"","","bb1dbe89acbf8ef98bfce1310ccefea8",10,1,9,22,0.1,0.409090909090909,"paper_adjusted","structure","shifted_rect"
"linear_dense_n300_t02_r0002","linear","dense","paper_adjusted",300,1000,1.5,2,237568371,"HDMT",0.05,"ok",TRUE,0.0199999999999996,"ties should not be present for the one-sample Kolmogorov-Smirnov test","","2659e1bf94c32ec699ee18b39fd8fd34",75,0,75,219,0,0.342465753424658,"paper_adjusted","structure","shifted_rect"
"linear_dense_n300_t02_r0002","linear","dense","paper_adjusted",300,1000,1.5,2,237568371,"MDACT",0.05,"ok",TRUE,0.00999999999999979,"ties should not be present for the one-sample Kolmogorov-Smirnov test","","887649c7b5a5f473d56deb54051fa755",77,0,77,219,0,0.351598173515982,"paper_adjusted","structure","shifted_rect"
"linear_dense_n300_t02_r0002","linear","dense","paper_adjusted",300,1000,1.5,2,237568371,"MLFDR",0.05,"ok",TRUE,0.51,"","","e124036af34b9405a852c1d34d7167a8",148,6,142,219,0.0405405405405405,0.648401826484018,"paper_adjusted","structure","shifted_rect"
"linear_dense_n300_t02_r0002","linear","dense","paper_adjusted",300,1000,1.5,2,237568371,"ASHMED",0.05,"ok",TRUE,0.390000000000001,"","","ea6910cd3ad54e9356b5c645d36a56b4",58,0,58,219,0,0.264840182648402,"paper_adjusted","structure","shifted_rect"
"confounded_dense_n300_t02_r0002","confounded","dense","paper_adjusted",300,1000,1.5,2,217348234,"HDMT",0.05,"ok",TRUE,0.0499999999999989,"ties should not be present for the one-sample Kolmogorov-Smirnov test","","8d7fc39116d855b6e728a8a0fe4951d7",65,3,62,182,0.0461538461538462,0.340659340659341,"paper_adjusted","structure","shifted_rect"
"confounded_dense_n300_t02_r0002","confounded","dense","paper_adjusted",300,1000,1.5,2,217348234,"MDACT",0.05,"ok",TRUE,0.0199999999999996,"ties should not be present for the one-sample Kolmogorov-Smirnov test","","6cec09620f88d4ff07a3a81d4e4c0ab5",94,7,87,182,0.074468085106383,0.478021978021978,"paper_adjusted","structure","shifted_rect"
"confounded_dense_n300_t02_r0002","confounded","dense","paper_adjusted",300,1000,1.5,2,217348234,"MLFDR",0.05,"ok",TRUE,0.25,"","","944151cb874a2c650a1b93bd90a035a9",129,2,127,182,0.0155038759689922,0.697802197802198,"paper_adjusted","structure","shifted_rect"
"confounded_dense_n300_t02_r0002","confounded","dense","paper_adjusted",300,1000,1.5,2,217348234,"ASHMED",0.05,"ok",TRUE,0.26,"","","4ba8a75895702632ed30dd5ed42e71c2",42,0,42,182,0,0.230769230769231,"paper_adjusted","structure","shifted_rect"
"binary_dense_n300_t02_r0002","binary","dense","paper_adjusted",300,1000,1.5,2,153466329,"HDMT",0.05,"ok",TRUE,0.0300000000000011,"","","fb5e4e6d8f1f50bb91aeb90dbb87db1a",126,3,123,222,0.0238095238095238,0.554054054054054,"paper_adjusted","structure","shifted_rect"
"binary_dense_n300_t02_r0002","binary","dense","paper_adjusted",300,1000,1.5,2,153466329,"MDACT",0.05,"ok",TRUE,0,"","","56e3e8d0201d73beb9d89c10d49025ee",137,3,134,222,0.0218978102189781,0.603603603603604,"paper_adjusted","structure","shifted_rect"
"binary_dense_n300_t02_r0002","binary","dense","paper_adjusted",300,1000,1.5,2,153466329,"MLFDR",0.05,"ok",TRUE,0.25,"","","07f9ebcf689956ceb348b8a1e0f1ff43",191,6,185,222,0.031413612565445,0.833333333333333,"paper_adjusted","structure","shifted_rect"
"binary_dense_n300_t02_r0002","binary","dense","paper_adjusted",300,1000,1.5,2,153466329,"ASHMED",0.05,"ok",TRUE,0.24,"","","2c3cac0eb7d117e3d758a5c0aa3d0e1a",127,2,125,222,0.015748031496063,0.563063063063063,"paper_adjusted","structure","shifted_rect"
"linear_sparse_n300_t03_r0002","linear","sparse","paper_adjusted",300,1000,1.9,2,76035443,"HDMT",0.05,"ok",TRUE,0.0199999999999996,"ties should not be present for the one-sample Kolmogorov-Smirnov test","","c42d1d475bab7b5621443632c6401c71",14,0,14,18,0,0.777777777777778,"paper_adjusted","structure","shifted_rect"
"linear_sparse_n300_t03_r0002","linear","sparse","paper_adjusted",300,1000,1.9,2,76035443,"MDACT",0.05,"ok",TRUE,0,"ties should not be present for the one-sample Kolmogorov-Smirnov test","","12c2c84c4e412c123ec3603a28dded81",14,0,14,18,0,0.777777777777778,"paper_adjusted","structure","shifted_rect"
"linear_sparse_n300_t03_r0002","linear","sparse","paper_adjusted",300,1000,1.9,2,76035443,"MLFDR",0.05,"ok",TRUE,0.23,"","","8c78b401a5bba76a20a3a540b868667f",15,1,14,18,0.0666666666666667,0.777777777777778,"paper_adjusted","structure","shifted_rect"
"linear_sparse_n300_t03_r0002","linear","sparse","paper_adjusted",300,1000,1.9,2,76035443,"ASHMED",0.05,"ok",TRUE,0.44,"","","2c7a934d846acb8ec80b7f4e35c339bd",14,0,14,18,0,0.777777777777778,"paper_adjusted","structure","shifted_rect"
"confounded_sparse_n300_t03_r0002","confounded","sparse","paper_adjusted",300,1000,1.9,2,262757570,"HDMT",0.05,"ok",TRUE,0.0300000000000011,"ties should not be present for the one-sample Kolmogorov-Smirnov test","","d2db00f0f983f9c941a10969aa48fbc1",10,0,10,20,0,0.5,"paper_adjusted","structure","shifted_rect"
"confounded_sparse_n300_t03_r0002","confounded","sparse","paper_adjusted",300,1000,1.9,2,262757570,"MDACT",0.05,"ok",TRUE,0.0199999999999996,"ties should not be present for the one-sample Kolmogorov-Smirnov test","","b2b431e99f51259eaacfed984adc09f5",10,0,10,20,0,0.5,"paper_adjusted","structure","shifted_rect"
"confounded_sparse_n300_t03_r0002","confounded","sparse","paper_adjusted",300,1000,1.9,2,262757570,"MLFDR",0.05,"ok",TRUE,0.220000000000001,"","","0a257b61a5f15cfbd81e46b63a69a237",15,0,15,20,0,0.75,"paper_adjusted","structure","shifted_rect"
"confounded_sparse_n300_t03_r0002","confounded","sparse","paper_adjusted",300,1000,1.9,2,262757570,"ASHMED",0.05,"ok",TRUE,0.39,"","","482acdc92dbe3005fc10278fcd3f4621",10,0,10,20,0,0.5,"paper_adjusted","structure","shifted_rect"
"binary_sparse_n300_t03_r0002","binary","sparse","paper_adjusted",300,1000,1.9,2,26975324,"HDMT",0.05,"ok",TRUE,0.0299999999999994,"","","c6588c1cad7af456112e7986417d55f4",14,0,14,19,0,0.736842105263158,"paper_adjusted","structure","shifted_rect"
"binary_sparse_n300_t03_r0002","binary","sparse","paper_adjusted",300,1000,1.9,2,26975324,"MDACT",0.05,"ok",TRUE,0.00999999999999979,"","","1e67ac7189a261abc109f8c537edc898",14,0,14,19,0,0.736842105263158,"paper_adjusted","structure","shifted_rect"
"binary_sparse_n300_t03_r0002","binary","sparse","paper_adjusted",300,1000,1.9,2,26975324,"MLFDR",0.05,"ok",TRUE,0.17,"","","863a4ca606e12c052d8fc97176164306",15,0,15,19,0,0.789473684210526,"paper_adjusted","structure","shifted_rect"
"binary_sparse_n300_t03_r0002","binary","sparse","paper_adjusted",300,1000,1.9,2,26975324,"ASHMED",0.05,"ok",TRUE,0.26,"","","78ea31adc47cc849c4d43f7e992fd180",14,0,14,19,0,0.736842105263158,"paper_adjusted","structure","shifted_rect"
"linear_dense_n300_t03_r0002","linear","dense","paper_adjusted",300,1000,1.9,2,43669795,"HDMT",0.05,"ok",TRUE,0.0199999999999996,"ties should not be present for the one-sample Kolmogorov-Smirnov test","","e2164516f0e993fe75be7fd2f9bdac04",206,9,197,205,0.0436893203883495,0.960975609756098,"paper_adjusted","structure","shifted_rect"
"linear_dense_n300_t03_r0002","linear","dense","paper_adjusted",300,1000,1.9,2,43669795,"MDACT",0.05,"ok",TRUE,0.0199999999999996,"ties should not be present for the one-sample Kolmogorov-Smirnov test","","0e4ab8157dc61fb6444e890efec4c9f8",208,11,197,205,0.0528846153846154,0.960975609756098,"paper_adjusted","structure","shifted_rect"
"linear_dense_n300_t03_r0002","linear","dense","paper_adjusted",300,1000,1.9,2,43669795,"MLFDR",0.05,"ok",TRUE,0.129999999999999,"","","7162a467447c90628dcad990342df231",212,9,203,205,0.0424528301886792,0.990243902439024,"paper_adjusted","structure","shifted_rect"
"linear_dense_n300_t03_r0002","linear","dense","paper_adjusted",300,1000,1.9,2,43669795,"ASHMED",0.05,"ok",TRUE,0.39,"","","3516d8acaf32efcba3d12d332b5b9bd0",206,9,197,205,0.0436893203883495,0.960975609756098,"paper_adjusted","structure","shifted_rect"
"confounded_dense_n300_t03_r0002","confounded","dense","paper_adjusted",300,1000,1.9,2,22613508,"HDMT",0.05,"ok",TRUE,0.0299999999999994,"ties should not be present for the one-sample Kolmogorov-Smirnov test","","4c33257d21c27addcb9aa265aad48a11",203,8,195,216,0.0394088669950739,0.902777777777778,"paper_adjusted","structure","shifted_rect"
"confounded_dense_n300_t03_r0002","confounded","dense","paper_adjusted",300,1000,1.9,2,22613508,"MDACT",0.05,"ok",TRUE,0,"ties should not be present for the one-sample Kolmogorov-Smirnov test","","4f152bbf7651a71c5a7b1ef092b8bff6",204,9,195,216,0.0441176470588235,0.902777777777778,"paper_adjusted","structure","shifted_rect"
"confounded_dense_n300_t03_r0002","confounded","dense","paper_adjusted",300,1000,1.9,2,22613508,"MLFDR",0.05,"ok",TRUE,0.25,"","","3402ded6ef8b0218017b6cf0836a1875",224,12,212,216,0.0535714285714286,0.981481481481482,"paper_adjusted","structure","shifted_rect"
"confounded_dense_n300_t03_r0002","confounded","dense","paper_adjusted",300,1000,1.9,2,22613508,"ASHMED",0.05,"ok",TRUE,0.220000000000001,"","","3713161d2d9f1fa2edb05a3583c347ee",188,6,182,216,0.0319148936170213,0.842592592592593,"paper_adjusted","structure","shifted_rect"
"binary_dense_n300_t03_r0002","binary","dense","paper_adjusted",300,1000,1.9,2,153935093,"HDMT",0.05,"ok",TRUE,0.0200000000000014,"","","3d1789df851cd875895ab6d1b3d4bde4",127,1,126,207,0.0078740157480315,0.608695652173913,"paper_adjusted","structure","shifted_rect"
"binary_dense_n300_t03_r0002","binary","dense","paper_adjusted",300,1000,1.9,2,153935093,"MDACT",0.05,"ok",TRUE,0.0199999999999996,"","","f6b6340e9eb3a65424854bfc518e599d",132,2,130,207,0.0151515151515152,0.628019323671498,"paper_adjusted","structure","shifted_rect"
"binary_dense_n300_t03_r0002","binary","dense","paper_adjusted",300,1000,1.9,2,153935093,"MLFDR",0.05,"ok",TRUE,0.210000000000001,"","","771a024123284e9a982b1ab6ad287bd3",193,16,177,207,0.0829015544041451,0.855072463768116,"paper_adjusted","structure","shifted_rect"
"binary_dense_n300_t03_r0002","binary","dense","paper_adjusted",300,1000,1.9,2,153935093,"ASHMED",0.05,"ok",TRUE,0.26,"","","776532a286eaa732a9a0f8c124585cfc",125,4,121,207,0.032,0.584541062801932,"paper_adjusted","structure","shifted_rect"
"linear_sparse_n300_t01_r0003","linear","sparse","paper_adjusted",300,1000,1.3,3,75113861,"HDMT",0.05,"ok",TRUE,0.0299999999999994,"ties should not be present for the one-sample Kolmogorov-Smirnov test","","f66cda1a67fed5571ed4db318db97319",8,0,8,23,0,0.347826086956522,"paper_adjusted","structure","shifted_rect"
"linear_sparse_n300_t01_r0003","linear","sparse","paper_adjusted",300,1000,1.3,3,75113861,"MDACT",0.05,"ok",TRUE,0.0199999999999996,"ties should not be present for the one-sample Kolmogorov-Smirnov test","","2a09035a59cfbc99b94ad55f4d7aee6c",8,0,8,23,0,0.347826086956522,"paper_adjusted","structure","shifted_rect"
"linear_sparse_n300_t01_r0003","linear","sparse","paper_adjusted",300,1000,1.3,3,75113861,"MLFDR",0.05,"ok",TRUE,0.26,"","","a2b735992622a3ee82b0c61b98c2695a",13,0,13,23,0,0.565217391304348,"paper_adjusted","structure","shifted_rect"
"linear_sparse_n300_t01_r0003","linear","sparse","paper_adjusted",300,1000,1.3,3,75113861,"ASHMED",0.05,"ok",TRUE,0.23,"","","7da47a67da32ff4503ad193a761dcd5c",7,0,7,23,0,0.304347826086957,"paper_adjusted","structure","shifted_rect"
"confounded_sparse_n300_t01_r0003","confounded","sparse","paper_adjusted",300,1000,1.3,3,59493961,"HDMT",0.05,"ok",TRUE,0.0400000000000009,"ties should not be present for the one-sample Kolmogorov-Smirnov test","","e90e5ec75792623b438ae0d29c407e67",8,0,8,30,0,0.266666666666667,"paper_adjusted","structure","shifted_rect"
"confounded_sparse_n300_t01_r0003","confounded","sparse","paper_adjusted",300,1000,1.3,3,59493961,"MDACT",0.05,"ok",TRUE,0.0199999999999996,"ties should not be present for the one-sample Kolmogorov-Smirnov test","","770c2a45860d94236b8e7e4cd8f112e3",11,0,11,30,0,0.366666666666667,"paper_adjusted","structure","shifted_rect"
"confounded_sparse_n300_t01_r0003","confounded","sparse","paper_adjusted",300,1000,1.3,3,59493961,"MLFDR",0.05,"ok",TRUE,0.609999999999999,"","","106da46f7e0e8051d2112780d4ff16a8",23,2,21,30,0.0869565217391304,0.7,"paper_adjusted","structure","shifted_rect"
"confounded_sparse_n300_t01_r0003","confounded","sparse","paper_adjusted",300,1000,1.3,3,59493961,"ASHMED",0.05,"ok",TRUE,0.42,"","","98a9cb8435b60c3512f70442cd2890b4",6,0,6,30,0,0.2,"paper_adjusted","structure","shifted_rect"
"binary_sparse_n300_t01_r0003","binary","sparse","paper_adjusted",300,1000,1.3,3,238396303,"HDMT",0.05,"ok",TRUE,0.0300000000000011,"","","56569f03d5223f44a5a487c7a0b2ef28",7,0,7,22,0,0.318181818181818,"paper_adjusted","structure","shifted_rect"
"binary_sparse_n300_t01_r0003","binary","sparse","paper_adjusted",300,1000,1.3,3,238396303,"MDACT",0.05,"ok",TRUE,0.0100000000000016,"","","3061861b2485f8216c99808c7432843a",7,0,7,22,0,0.318181818181818,"paper_adjusted","structure","shifted_rect"
"binary_sparse_n300_t01_r0003","binary","sparse","paper_adjusted",300,1000,1.3,3,238396303,"MLFDR",0.05,"ok",TRUE,0.280000000000001,"","","425f4430db6f91f272ba072743d4678e",15,0,15,22,0,0.681818181818182,"paper_adjusted","structure","shifted_rect"
"binary_sparse_n300_t01_r0003","binary","sparse","paper_adjusted",300,1000,1.3,3,238396303,"ASHMED",0.05,"ok",TRUE,0.85,"","","8a69988919c12ed389b9e9be404a3792",9,0,9,22,0,0.409090909090909,"paper_adjusted","structure","shifted_rect"
"linear_dense_n300_t01_r0003","linear","dense","paper_adjusted",300,1000,1.3,3,162559780,"HDMT",0.05,"ok",TRUE,0.0299999999999994,"ties should not be present for the one-sample Kolmogorov-Smirnov test","","5bba01c7f1be19cbd7e0be90a3a53a09",66,1,65,200,0.0151515151515152,0.325,"paper_adjusted","structure","shifted_rect"
"linear_dense_n300_t01_r0003","linear","dense","paper_adjusted",300,1000,1.3,3,162559780,"MDACT",0.05,"ok",TRUE,0.0199999999999996,"ties should not be present for the one-sample Kolmogorov-Smirnov test","","21e829d0f74328ced1a24fcf2adc35b9",75,1,74,200,0.0133333333333333,0.37,"paper_adjusted","structure","shifted_rect"
"linear_dense_n300_t01_r0003","linear","dense","paper_adjusted",300,1000,1.3,3,162559780,"MLFDR",0.05,"ok",TRUE,0.659999999999998,"","","3ca8dcad9d335079052590bd081bcfd2",140,7,133,200,0.05,0.665,"paper_adjusted","structure","shifted_rect"
"linear_dense_n300_t01_r0003","linear","dense","paper_adjusted",300,1000,1.3,3,162559780,"ASHMED",0.05,"ok",TRUE,0.28,"","","0db841cb7f1ce31c5330d372822d516e",39,0,39,200,0,0.195,"paper_adjusted","structure","shifted_rect"
"confounded_dense_n300_t01_r0003","confounded","dense","paper_adjusted",300,1000,1.3,3,66460266,"HDMT",0.05,"ok",TRUE,0.0399999999999991,"ties should not be present for the one-sample Kolmogorov-Smirnov test","","14837546c2c3857ae8cfaa9f452254cc",96,3,93,217,0.03125,0.428571428571429,"paper_adjusted","structure","shifted_rect"
"confounded_dense_n300_t01_r0003","confounded","dense","paper_adjusted",300,1000,1.3,3,66460266,"MDACT",0.05,"ok",TRUE,0.00999999999999979,"ties should not be present for the one-sample Kolmogorov-Smirnov test","","d5b74f73c4a156429ae773c31aabcfc0",103,4,99,217,0.0388349514563107,0.456221198156682,"paper_adjusted","structure","shifted_rect"
"confounded_dense_n300_t01_r0003","confounded","dense","paper_adjusted",300,1000,1.3,3,66460266,"MLFDR",0.05,"ok",TRUE,0.470000000000001,"","","4b2e6282c8e5f826ab01253beeeca1d5",154,7,147,217,0.0454545454545455,0.67741935483871,"paper_adjusted","structure","shifted_rect"
"confounded_dense_n300_t01_r0003","confounded","dense","paper_adjusted",300,1000,1.3,3,66460266,"ASHMED",0.05,"ok",TRUE,0.21,"","","010b8109198ce033bb05802ee4041c30",46,1,45,217,0.0217391304347826,0.207373271889401,"paper_adjusted","structure","shifted_rect"
"binary_dense_n300_t01_r0003","binary","dense","paper_adjusted",300,1000,1.3,3,14614744,"HDMT",0.05,"ok",TRUE,0.0300000000000011,"","","02839ded8d6ce509546ee4a5ead5bacd",59,2,57,214,0.0338983050847458,0.266355140186916,"paper_adjusted","structure","shifted_rect"
"binary_dense_n300_t01_r0003","binary","dense","paper_adjusted",300,1000,1.3,3,14614744,"MDACT",0.05,"ok",TRUE,0,"","","750c8d4f9cafde0aa810b6f8ca4d1b2f",78,4,74,214,0.0512820512820513,0.345794392523364,"paper_adjusted","structure","shifted_rect"
"binary_dense_n300_t01_r0003","binary","dense","paper_adjusted",300,1000,1.3,3,14614744,"MLFDR",0.05,"ok",TRUE,0.259999999999998,"","","c49338ad7bb8176ca0df5bfcd00ef5c1",126,6,120,214,0.0476190476190476,0.560747663551402,"paper_adjusted","structure","shifted_rect"
"binary_dense_n300_t01_r0003","binary","dense","paper_adjusted",300,1000,1.3,3,14614744,"ASHMED",0.05,"ok",TRUE,1.08,"","","59cc98727a4890bc069185da0102c002",63,2,61,214,0.0317460317460317,0.285046728971963,"paper_adjusted","structure","shifted_rect"
"linear_sparse_n300_t02_r0003","linear","sparse","paper_adjusted",300,1000,1.5,3,194132323,"HDMT",0.05,"ok",TRUE,0.0199999999999996,"ties should not be present for the one-sample Kolmogorov-Smirnov test","","f396af64a96fcc88770bc82e694a8cae",8,0,8,20,0,0.4,"paper_adjusted","structure","shifted_rect"
"linear_sparse_n300_t02_r0003","linear","sparse","paper_adjusted",300,1000,1.5,3,194132323,"MDACT",0.05,"ok",TRUE,0,"ties should not be present for the one-sample Kolmogorov-Smirnov test","","fceec51023005fc608b711e2665d3a2d",9,0,9,20,0,0.45,"paper_adjusted","structure","shifted_rect"
"linear_sparse_n300_t02_r0003","linear","sparse","paper_adjusted",300,1000,1.5,3,194132323,"MLFDR",0.05,"ok",TRUE,0.419999999999998,"","","f36bdd851e0ba5a888d6003d4f2e2fd8",14,0,14,20,0,0.7,"paper_adjusted","structure","shifted_rect"
"linear_sparse_n300_t02_r0003","linear","sparse","paper_adjusted",300,1000,1.5,3,194132323,"ASHMED",0.05,"ok",TRUE,0.33,"","","29ac2fd001ab85273f789cde53da7e23",6,0,6,20,0,0.3,"paper_adjusted","structure","shifted_rect"
"confounded_sparse_n300_t02_r0003","confounded","sparse","paper_adjusted",300,1000,1.5,3,238108711,"HDMT",0.05,"ok",TRUE,0.0300000000000011,"ties should not be present for the one-sample Kolmogorov-Smirnov test","","5bb5c503ea114d63f92b53613ff55f12",11,1,10,14,0.0909090909090909,0.714285714285714,"paper_adjusted","structure","shifted_rect"
"confounded_sparse_n300_t02_r0003","confounded","sparse","paper_adjusted",300,1000,1.5,3,238108711,"MDACT",0.05,"ok",TRUE,0.0199999999999996,"ties should not be present for the one-sample Kolmogorov-Smirnov test","","bd313d7e22b06bedde086c770b4b2cb5",11,1,10,14,0.0909090909090909,0.714285714285714,"paper_adjusted","structure","shifted_rect"
"confounded_sparse_n300_t02_r0003","confounded","sparse","paper_adjusted",300,1000,1.5,3,238108711,"MLFDR",0.05,"ok",TRUE,0.210000000000001,"","","8ea49e8b118ba9a7ebfbf14df09ebad5",16,3,13,14,0.1875,0.928571428571429,"paper_adjusted","structure","shifted_rect"
"confounded_sparse_n300_t02_r0003","confounded","sparse","paper_adjusted",300,1000,1.5,3,238108711,"ASHMED",0.05,"ok",TRUE,0.23,"","","d4b60f61940b91ccc3f8e73b8cc5af02",8,0,8,14,0,0.571428571428571,"paper_adjusted","structure","shifted_rect"
"binary_sparse_n300_t02_r0003","binary","sparse","paper_adjusted",300,1000,1.5,3,227249596,"HDMT",0.05,"ok",TRUE,0.0300000000000011,"","","35702ff56dd5a4533ca52149c8f62112",10,0,10,20,0,0.5,"paper_adjusted","structure","shifted_rect"
"binary_sparse_n300_t02_r0003","binary","sparse","paper_adjusted",300,1000,1.5,3,227249596,"MDACT",0.05,"ok",TRUE,0.0199999999999996,"","","25b948537acde95763d7c8a1ecbf049b",10,0,10,20,0,0.5,"paper_adjusted","structure","shifted_rect"
"binary_sparse_n300_t02_r0003","binary","sparse","paper_adjusted",300,1000,1.5,3,227249596,"MLFDR",0.05,"ok",TRUE,0.219999999999999,"","","7321e5ade1871b05602bae2cce137229",16,0,16,20,0,0.8,"paper_adjusted","structure","shifted_rect"
"binary_sparse_n300_t02_r0003","binary","sparse","paper_adjusted",300,1000,1.5,3,227249596,"ASHMED",0.05,"ok",TRUE,0.340000000000002,"","","4d35628bbd0ab1909474699be553e627",12,0,12,20,0,0.6,"paper_adjusted","structure","shifted_rect"
"linear_dense_n300_t02_r0003","linear","dense","paper_adjusted",300,1000,1.5,3,74168178,"HDMT",0.05,"ok",TRUE,0.0299999999999976,"ties should not be present for the one-sample Kolmogorov-Smirnov test","","b9993bbee0b77777398c475f6e365817",112,4,108,184,0.0357142857142857,0.58695652173913,"paper_adjusted","structure","shifted_rect"
"linear_dense_n300_t02_r0003","linear","dense","paper_adjusted",300,1000,1.5,3,74168178,"MDACT",0.05,"ok",TRUE,0,"ties should not be present for the one-sample Kolmogorov-Smirnov test","","6f6df25a8b2b2b03a3f09f9d319b6915",112,4,108,184,0.0357142857142857,0.58695652173913,"paper_adjusted","structure","shifted_rect"
"linear_dense_n300_t02_r0003","linear","dense","paper_adjusted",300,1000,1.5,3,74168178,"MLFDR",0.05,"ok",TRUE,0.289999999999999,"","","a32b73f8dab7f477d1385c1363602897",159,9,150,184,0.0566037735849057,0.815217391304348,"paper_adjusted","structure","shifted_rect"
"linear_dense_n300_t02_r0003","linear","dense","paper_adjusted",300,1000,1.5,3,74168178,"ASHMED",0.05,"ok",TRUE,0.48,"","","c9d81c2cf61512a889d7f967b84f4107",57,0,57,184,0,0.309782608695652,"paper_adjusted","structure","shifted_rect"
"confounded_dense_n300_t02_r0003","confounded","dense","paper_adjusted",300,1000,1.5,3,26188402,"HDMT",0.05,"ok",TRUE,0.0300000000000011,"ties should not be present for the one-sample Kolmogorov-Smirnov test","","ab9208dd4b7db2c36b1c5dfcab0eb654",147,4,143,217,0.0272108843537415,0.658986175115207,"paper_adjusted","structure","shifted_rect"
"confounded_dense_n300_t02_r0003","confounded","dense","paper_adjusted",300,1000,1.5,3,26188402,"MDACT",0.05,"ok",TRUE,0.0100000000000016,"ties should not be present for the one-sample Kolmogorov-Smirnov test","","7e10bf4b4fab10b4e9ff5d1b48e08514",157,5,152,217,0.0318471337579618,0.700460829493088,"paper_adjusted","structure","shifted_rect"
"confounded_dense_n300_t02_r0003","confounded","dense","paper_adjusted",300,1000,1.5,3,26188402,"MLFDR",0.05,"ok",TRUE,0.23,"","","ebf9bd57764c72fa83d3c9d721afc480",215,16,199,217,0.0744186046511628,0.91705069124424,"paper_adjusted","structure","shifted_rect"
"confounded_dense_n300_t02_r0003","confounded","dense","paper_adjusted",300,1000,1.5,3,26188402,"ASHMED",0.05,"ok",TRUE,0.449999999999999,"","","ae0b739d2eccbdafa179a5dc126e1ccc",125,2,123,217,0.016,0.566820276497696,"paper_adjusted","structure","shifted_rect"
"binary_dense_n300_t02_r0003","binary","dense","paper_adjusted",300,1000,1.5,3,120495201,"HDMT",0.05,"ok",TRUE,0.0199999999999996,"","","d06231dab56e5b40ca9d603712ad2770",158,6,152,210,0.0379746835443038,0.723809523809524,"paper_adjusted","structure","shifted_rect"
"binary_dense_n300_t02_r0003","binary","dense","paper_adjusted",300,1000,1.5,3,120495201,"MDACT",0.05,"ok",TRUE,0.0199999999999996,"","","a3846344c69244e7af90bac7048bc3f8",161,7,154,210,0.0434782608695652,0.733333333333333,"paper_adjusted","structure","shifted_rect"
"binary_dense_n300_t02_r0003","binary","dense","paper_adjusted",300,1000,1.5,3,120495201,"MLFDR",0.05,"ok",TRUE,0.199999999999999,"","","743df1ffa86a98c48c91fbf18d7b42ba",201,13,188,210,0.0646766169154229,0.895238095238095,"paper_adjusted","structure","shifted_rect"
"binary_dense_n300_t02_r0003","binary","dense","paper_adjusted",300,1000,1.5,3,120495201,"ASHMED",0.05,"ok",TRUE,0.220000000000001,"","","21564d6d9e68ce4c80124ea5de831338",171,13,158,210,0.0760233918128655,0.752380952380952,"paper_adjusted","structure","shifted_rect"
"linear_sparse_n300_t03_r0003","linear","sparse","paper_adjusted",300,1000,1.9,3,247479014,"HDMT",0.05,"ok",TRUE,0.00999999999999801,"ties should not be present for the one-sample Kolmogorov-Smirnov test","","3e4976fe2bfd3417ff0f2b8a9f7dd9a8",19,0,19,23,0,0.826086956521739,"paper_adjusted","structure","shifted_rect"
"linear_sparse_n300_t03_r0003","linear","sparse","paper_adjusted",300,1000,1.9,3,247479014,"MDACT",0.05,"ok",TRUE,0,"ties should not be present for the one-sample Kolmogorov-Smirnov test","","d47324e26114855dac10e0a278cf180d",21,0,21,23,0,0.91304347826087,"paper_adjusted","structure","shifted_rect"
"linear_sparse_n300_t03_r0003","linear","sparse","paper_adjusted",300,1000,1.9,3,247479014,"MLFDR",0.05,"ok",TRUE,0.129999999999999,"","","05a1984a1ac8dd527adf439161c3245c",22,0,22,23,0,0.956521739130435,"paper_adjusted","structure","shifted_rect"
"linear_sparse_n300_t03_r0003","linear","sparse","paper_adjusted",300,1000,1.9,3,247479014,"ASHMED",0.05,"ok",TRUE,0.350000000000001,"","","b3387567fc4958106ef62de49903e01c",20,0,20,23,0,0.869565217391304,"paper_adjusted","structure","shifted_rect"
"confounded_sparse_n300_t03_r0003","confounded","sparse","paper_adjusted",300,1000,1.9,3,187452368,"HDMT",0.05,"ok",TRUE,0.0199999999999996,"ties should not be present for the one-sample Kolmogorov-Smirnov test","","26c31462b5b52997d9de0f9d6ae9fffc",8,0,8,29,0,0.275862068965517,"paper_adjusted","structure","shifted_rect"
"confounded_sparse_n300_t03_r0003","confounded","sparse","paper_adjusted",300,1000,1.9,3,187452368,"MDACT",0.05,"ok",TRUE,0.0199999999999996,"ties should not be present for the one-sample Kolmogorov-Smirnov test","","65268f000492f7e23c03d4e2b8b74c6f",12,0,12,29,0,0.413793103448276,"paper_adjusted","structure","shifted_rect"
"confounded_sparse_n300_t03_r0003","confounded","sparse","paper_adjusted",300,1000,1.9,3,187452368,"MLFDR",0.05,"ok",TRUE,0.739999999999998,"","","1d833b75d0dfb3e436a91b7fbcb73f26",21,0,21,29,0,0.724137931034483,"paper_adjusted","structure","shifted_rect"
"confounded_sparse_n300_t03_r0003","confounded","sparse","paper_adjusted",300,1000,1.9,3,187452368,"ASHMED",0.05,"ok",TRUE,0.42,"","","7c4ff4fafda06dc260f97003172b63a3",6,0,6,29,0,0.206896551724138,"paper_adjusted","structure","shifted_rect"
"binary_sparse_n300_t03_r0003","binary","sparse","paper_adjusted",300,1000,1.9,3,96357160,"HDMT",0.05,"ok",TRUE,0.0300000000000011,"","","6dfe38060c5bdf2eeac77aff94c316c8",9,0,9,13,0,0.692307692307692,"paper_adjusted","structure","shifted_rect"
"binary_sparse_n300_t03_r0003","binary","sparse","paper_adjusted",300,1000,1.9,3,96357160,"MDACT",0.05,"ok",TRUE,0.0200000000000031,"","","83c23ad8e6052f76df5d650b279df67e",9,0,9,13,0,0.692307692307692,"paper_adjusted","structure","shifted_rect"
"binary_sparse_n300_t03_r0003","binary","sparse","paper_adjusted",300,1000,1.9,3,96357160,"MLFDR",0.05,"ok",TRUE,0.23,"","","b3f3b9048c2175552b94745976e9dba1",13,1,12,13,0.0769230769230769,0.923076923076923,"paper_adjusted","structure","shifted_rect"
"binary_sparse_n300_t03_r0003","binary","sparse","paper_adjusted",300,1000,1.9,3,96357160,"ASHMED",0.05,"ok",TRUE,0.300000000000001,"","","c19beeff1f9ce2e9e3bdb11323a47542",9,0,9,13,0,0.692307692307692,"paper_adjusted","structure","shifted_rect"
"linear_dense_n300_t03_r0003","linear","dense","paper_adjusted",300,1000,1.9,3,183548073,"HDMT",0.05,"ok",TRUE,0.0299999999999976,"ties should not be present for the one-sample Kolmogorov-Smirnov test","","a9178763188ae7f3aff6cb69aa15fa5f",161,3,158,217,0.0186335403726708,0.728110599078341,"paper_adjusted","structure","shifted_rect"
"linear_dense_n300_t03_r0003","linear","dense","paper_adjusted",300,1000,1.9,3,183548073,"MDACT",0.05,"ok",TRUE,0.0199999999999996,"ties should not be present for the one-sample Kolmogorov-Smirnov test","","370b8dc233f45c9515ffe2f1778e0f30",166,3,163,217,0.0180722891566265,0.751152073732719,"paper_adjusted","structure","shifted_rect"
"linear_dense_n300_t03_r0003","linear","dense","paper_adjusted",300,1000,1.9,3,183548073,"MLFDR",0.05,"ok",TRUE,0.239999999999998,"","","8da060e5ceb4f912c9b8c0767ed8acc2",208,9,199,217,0.0432692307692308,0.91705069124424,"paper_adjusted","structure","shifted_rect"
"linear_dense_n300_t03_r0003","linear","dense","paper_adjusted",300,1000,1.9,3,183548073,"ASHMED",0.05,"ok",TRUE,0.34,"","","b0ac3701526ece58701d5e5d488718dd",144,2,142,217,0.0138888888888889,0.654377880184332,"paper_adjusted","structure","shifted_rect"
"confounded_dense_n300_t03_r0003","confounded","dense","paper_adjusted",300,1000,1.9,3,239230002,"HDMT",0.05,"ok",TRUE,0.0199999999999996,"ties should not be present for the one-sample Kolmogorov-Smirnov test","","bc6a6b1f7451985293c22c3d2fc5f455",176,8,168,197,0.0454545454545455,0.852791878172589,"paper_adjusted","structure","shifted_rect"
"confounded_dense_n300_t03_r0003","confounded","dense","paper_adjusted",300,1000,1.9,3,239230002,"MDACT",0.05,"ok",TRUE,0,"ties should not be present for the one-sample Kolmogorov-Smirnov test","","f64b9914f3d1d372926e8eb494bc233f",180,10,170,197,0.0555555555555556,0.862944162436548,"paper_adjusted","structure","shifted_rect"
"confounded_dense_n300_t03_r0003","confounded","dense","paper_adjusted",300,1000,1.9,3,239230002,"MLFDR",0.05,"ok",TRUE,0.199999999999999,"","","7bc8c2cb5ef55146b6faed2ed87d81fd",196,10,186,197,0.0510204081632653,0.944162436548223,"paper_adjusted","structure","shifted_rect"
"confounded_dense_n300_t03_r0003","confounded","dense","paper_adjusted",300,1000,1.9,3,239230002,"ASHMED",0.05,"ok",TRUE,0.25,"","","61f2ea249c50e6ff905c082471e0d31d",158,5,153,197,0.0316455696202532,0.776649746192893,"paper_adjusted","structure","shifted_rect"
"binary_dense_n300_t03_r0003","binary","dense","paper_adjusted",300,1000,1.9,3,28705935,"HDMT",0.05,"ok",TRUE,0.0199999999999996,"","","6c737173cff6c975e51b04f00f4e680b",170,9,161,191,0.0529411764705882,0.842931937172775,"paper_adjusted","structure","shifted_rect"
"binary_dense_n300_t03_r0003","binary","dense","paper_adjusted",300,1000,1.9,3,28705935,"MDACT",0.05,"ok",TRUE,0,"","","90bdeb6a7862d3370cfb249161717f39",174,10,164,191,0.0574712643678161,0.858638743455497,"paper_adjusted","structure","shifted_rect"
"binary_dense_n300_t03_r0003","binary","dense","paper_adjusted",300,1000,1.9,3,28705935,"MLFDR",0.05,"ok",TRUE,0.240000000000002,"","","01d2529407f9dc43e1519a2201fee4cd",194,12,182,191,0.0618556701030928,0.952879581151832,"paper_adjusted","structure","shifted_rect"
"binary_dense_n300_t03_r0003","binary","dense","paper_adjusted",300,1000,1.9,3,28705935,"ASHMED",0.05,"ok",TRUE,0.26,"","","18123eb36a2bc2a7de88a563e27aa3f5",185,12,173,191,0.0648648648648649,0.905759162303665,"paper_adjusted","structure","shifted_rect"
"linear_sparse_n300_t01_r0001","linear","sparse","paper_adjusted",300,1000,1.3,1,133625349,"ASHMED_Adaptive",0.05,"ok",FALSE,2.04,"","","cf933885fb87ed6f39d9890e05d671e0",13,1,12,18,0.0769230769230769,0.666666666666667,"paper_adjusted","structure","shifted_rect"
"confounded_sparse_n300_t01_r0001","confounded","sparse","paper_adjusted",300,1000,1.3,1,80128897,"ASHMED_Adaptive",0.05,"ok",FALSE,3.83,"","","492d32a102ed9e0c282076bf8191e1be",77,58,19,19,0.753246753246753,1,"paper_adjusted","structure","shifted_rect"
"binary_sparse_n300_t01_r0001","binary","sparse","paper_adjusted",300,1000,1.3,1,19375970,"ASHMED_Adaptive",0.05,"ok",FALSE,1.86,"","","50f96e1f87bcf11bed6c2b1527308b18",69,46,23,23,0.666666666666667,1,"paper_adjusted","structure","shifted_rect"
"linear_dense_n300_t01_r0001","linear","dense","paper_adjusted",300,1000,1.3,1,37380408,"ASHMED_Adaptive",0.05,"ok",FALSE,9.01,"","","d0c131f66fff0cd48ac8b27e4f87298a",426,235,191,191,0.551643192488263,1,"paper_adjusted","structure","shifted_rect"
"confounded_dense_n300_t01_r0001","confounded","dense","paper_adjusted",300,1000,1.3,1,240700725,"ASHMED_Adaptive",0.05,"ok",FALSE,5.24,"","","b60dcd3ce0a5f3473cf82cfdada585cd",137,7,130,191,0.0510948905109489,0.680628272251309,"paper_adjusted","structure","shifted_rect"
"binary_dense_n300_t01_r0001","binary","dense","paper_adjusted",300,1000,1.3,1,41537166,"ASHMED_Adaptive",0.05,"ok",FALSE,18.04,"","","94e9fd26a195a3f3cc4a65d3fb6e2142",122,6,116,210,0.0491803278688525,0.552380952380952,"paper_adjusted","structure","shifted_rect"
"linear_sparse_n300_t02_r0001","linear","sparse","paper_adjusted",300,1000,1.5,1,199651532,"ASHMED_Adaptive",0.05,"ok",FALSE,2.45,"","","bb1a977f847b1a5a0427238f579488af",40,30,10,16,0.75,0.625,"paper_adjusted","structure","shifted_rect"
"confounded_sparse_n300_t02_r0001","confounded","sparse","paper_adjusted",300,1000,1.5,1,100474234,"ASHMED_Adaptive",0.05,"ok",FALSE,1.2,"","","559ded5e045318a5c1f179040d5a08d0",54,34,20,27,0.62962962962963,0.740740740740741,"paper_adjusted","structure","shifted_rect"
"binary_sparse_n300_t02_r0001","binary","sparse","paper_adjusted",300,1000,1.5,1,217720686,"ASHMED_Adaptive",0.05,"ok",FALSE,12.03,"","","23c9a0f02b10fa96f35be1f343dcfcbe",13,1,12,16,0.0769230769230769,0.75,"paper_adjusted","structure","shifted_rect"
"linear_dense_n300_t02_r0001","linear","dense","paper_adjusted",300,1000,1.5,1,108037747,"ASHMED_Adaptive",0.05,"ok",FALSE,2.7,"","","1855c0d8d2af23d311973cac0fbcd3a6",162,13,149,191,0.0802469135802469,0.780104712041885,"paper_adjusted","structure","shifted_rect"
"confounded_dense_n300_t02_r0001","confounded","dense","paper_adjusted",300,1000,1.5,1,249443297,"ASHMED_Adaptive",0.05,"ok",FALSE,11.98,"","","27a9175f704d1aaff5e6c1bff323623b",176,8,168,221,0.0454545454545455,0.760180995475113,"paper_adjusted","structure","shifted_rect"
"binary_dense_n300_t02_r0001","binary","dense","paper_adjusted",300,1000,1.5,1,244269150,"ASHMED_Adaptive",0.05,"ok",FALSE,3.07,"","","46dad3f4aafb6c2e1bd313620957f465",408,207,201,201,0.507352941176471,1,"paper_adjusted","structure","shifted_rect"
"linear_sparse_n300_t03_r0001","linear","sparse","paper_adjusted",300,1000,1.9,1,64710089,"ASHMED_Adaptive",0.05,"ok",FALSE,1.89,"","","0061926e01980f17d0b24f4d8f83fc9b",65,43,22,23,0.661538461538462,0.956521739130435,"paper_adjusted","structure","shifted_rect"
"confounded_sparse_n300_t03_r0001","confounded","sparse","paper_adjusted",300,1000,1.9,1,126157381,"ASHMED_Adaptive",0.05,"ok",FALSE,1.75,"","","d073edee6bba475c5b4e147f0455c131",10,0,10,15,0,0.666666666666667,"paper_adjusted","structure","shifted_rect"
"binary_sparse_n300_t03_r0001","binary","sparse","paper_adjusted",300,1000,1.9,1,111938410,"ASHMED_Adaptive",0.05,"ok",FALSE,2.9,"","","3697e98c7819306bef971b82dec57e9d",30,10,20,20,0.333333333333333,1,"paper_adjusted","structure","shifted_rect"
"linear_dense_n300_t03_r0001","linear","dense","paper_adjusted",300,1000,1.9,1,265272256,"ASHMED_Adaptive",0.05,"ok",FALSE,10.45,"","","6a0dc244734681cae98eda0433b960dc",435,228,207,207,0.524137931034483,1,"paper_adjusted","structure","shifted_rect"
"confounded_dense_n300_t03_r0001","confounded","dense","paper_adjusted",300,1000,1.9,1,134899529,"ASHMED_Adaptive",0.05,"ok",FALSE,10.94,"","","57e1e9ca2abb1836c577e080840bf512",195,10,185,211,0.0512820512820513,0.876777251184834,"paper_adjusted","structure","shifted_rect"
"binary_dense_n300_t03_r0001","binary","dense","paper_adjusted",300,1000,1.9,1,216187563,"ASHMED_Adaptive",0.05,"ok",FALSE,7.85,"","","4595df65f8366783892797cba31ab16f",203,11,192,200,0.0541871921182266,0.96,"paper_adjusted","structure","shifted_rect"
"linear_sparse_n300_t01_r0002","linear","sparse","paper_adjusted",300,1000,1.3,2,55663362,"ASHMED_Adaptive",0.05,"ok",FALSE,1.21,"","","aefca419906bdb42511a78315722b97c",77,55,22,22,0.714285714285714,1,"paper_adjusted","structure","shifted_rect"
"confounded_sparse_n300_t01_r0002","confounded","sparse","paper_adjusted",300,1000,1.3,2,120712994,"ASHMED_Adaptive",0.05,"ok",FALSE,2.64,"","","7227514a084b95635ba3a42db5fff0d5",6,0,6,21,0,0.285714285714286,"paper_adjusted","structure","shifted_rect"
"binary_sparse_n300_t01_r0002","binary","sparse","paper_adjusted",300,1000,1.3,2,254114510,"ASHMED_Adaptive",0.05,"ok",FALSE,2.45,"","","db2765f9d9f39cb08c0d1a17bf6d6fed",14,7,7,18,0.5,0.388888888888889,"paper_adjusted","structure","shifted_rect"
"linear_dense_n300_t01_r0002","linear","dense","paper_adjusted",300,1000,1.3,2,100511572,"ASHMED_Adaptive",0.05,"ok",FALSE,29.47,"","","03265fcc2986041ae01ecb3ce47afc64",120,6,114,193,0.05,0.590673575129534,"paper_adjusted","structure","shifted_rect"
"confounded_dense_n300_t01_r0002","confounded","dense","paper_adjusted",300,1000,1.3,2,199989868,"ASHMED_Adaptive",0.05,"ok",FALSE,14.55,"","","d29535ad8aa528ce5012a90d54cab5d2",159,7,152,220,0.0440251572327044,0.690909090909091,"paper_adjusted","structure","shifted_rect"
"binary_dense_n300_t01_r0002","binary","dense","paper_adjusted",300,1000,1.3,2,203709560,"ASHMED_Adaptive",0.05,"ok",FALSE,2.1,"","","05c90abd71e4803559fd872f01337a37",440,210,230,231,0.477272727272727,0.995670995670996,"paper_adjusted","structure","shifted_rect"
"linear_sparse_n300_t02_r0002","linear","sparse","paper_adjusted",300,1000,1.5,2,230046918,"ASHMED_Adaptive",0.05,"ok",FALSE,17.8,"","","028d57bbdb41af7197b8e0380868f2d0",9,0,9,18,0,0.5,"paper_adjusted","structure","shifted_rect"
"confounded_sparse_n300_t02_r0002","confounded","sparse","paper_adjusted",300,1000,1.5,2,105851128,"ASHMED_Adaptive",0.05,"ok",FALSE,2.44,"","","53d53d52f779ce6ee8b606563d6dc057",12,0,12,18,0,0.666666666666667,"paper_adjusted","structure","shifted_rect"
"binary_sparse_n300_t02_r0002","binary","sparse","paper_adjusted",300,1000,1.5,2,25945361,"ASHMED_Adaptive",0.05,"ok",FALSE,4.05,"","","cf9ef1be82e0fee7e16677837f96ba31",16,0,16,22,0,0.727272727272727,"paper_adjusted","structure","shifted_rect"
"linear_dense_n300_t02_r0002","linear","dense","paper_adjusted",300,1000,1.5,2,237568371,"ASHMED_Adaptive",0.05,"ok",FALSE,25.78,"","","f83ebcf840783edd781bb0c7bbd43775",148,6,142,219,0.0405405405405405,0.648401826484018,"paper_adjusted","structure","shifted_rect"
"confounded_dense_n300_t02_r0002","confounded","dense","paper_adjusted",300,1000,1.5,2,217348234,"ASHMED_Adaptive",0.05,"ok",FALSE,35.06,"","","e048b672f6dd385b847177acbd553610",270,94,176,182,0.348148148148148,0.967032967032967,"paper_adjusted","structure","shifted_rect"
"binary_dense_n300_t02_r0002","binary","dense","paper_adjusted",300,1000,1.5,2,153466329,"ASHMED_Adaptive",0.05,"ok",FALSE,2.07,"","","960b93754a88986b0351af95fe3d7905",191,5,186,222,0.0261780104712042,0.837837837837838,"paper_adjusted","structure","shifted_rect"
"linear_sparse_n300_t03_r0002","linear","sparse","paper_adjusted",300,1000,1.9,2,76035443,"ASHMED_Adaptive",0.05,"ok",FALSE,4.49,"","","701cc1c7e48666a5b0fdb702ded85d92",118,100,18,18,0.847457627118644,1,"paper_adjusted","structure","shifted_rect"
"confounded_sparse_n300_t03_r0002","confounded","sparse","paper_adjusted",300,1000,1.9,2,262757570,"ASHMED_Adaptive",0.05,"ok",FALSE,0.719999999999999,"","","a39186ae06bb8b45b450edba280765c4",15,1,14,20,0.0666666666666667,0.7,"paper_adjusted","structure","shifted_rect"
"binary_sparse_n300_t03_r0002","binary","sparse","paper_adjusted",300,1000,1.9,2,26975324,"ASHMED_Adaptive",0.05,"ok",FALSE,0.910000000000004,"","","b4996113c32d0ef02a2ab88bcd51b915",15,0,15,19,0,0.789473684210526,"paper_adjusted","structure","shifted_rect"
"linear_dense_n300_t03_r0002","linear","dense","paper_adjusted",300,1000,1.9,2,43669795,"ASHMED_Adaptive",0.05,"ok",FALSE,5.85000000000001,"","","31302c59f33b0ee5b6d2c157d9d60d14",221,17,204,205,0.0769230769230769,0.995121951219512,"paper_adjusted","structure","shifted_rect"
"confounded_dense_n300_t03_r0002","confounded","dense","paper_adjusted",300,1000,1.9,2,22613508,"ASHMED_Adaptive",0.05,"ok",FALSE,5.81,"","","9edc33e3b5d47b4e762cecf4ac79ce9d",225,13,212,216,0.0577777777777778,0.981481481481482,"paper_adjusted","structure","shifted_rect"
"binary_dense_n300_t03_r0002","binary","dense","paper_adjusted",300,1000,1.9,2,153935093,"ASHMED_Adaptive",0.05,"ok",FALSE,1.03999999999999,"","","6e6361991bd878bfeec0a23efb168cde",193,16,177,207,0.0829015544041451,0.855072463768116,"paper_adjusted","structure","shifted_rect"
"linear_sparse_n300_t01_r0003","linear","sparse","paper_adjusted",300,1000,1.3,3,75113861,"ASHMED_Adaptive",0.05,"ok",FALSE,16.33,"","","40e493fa250be6a06e78e18bc649a987",14,0,14,23,0,0.608695652173913,"paper_adjusted","structure","shifted_rect"
"confounded_sparse_n300_t01_r0003","confounded","sparse","paper_adjusted",300,1000,1.3,3,59493961,"ASHMED_Adaptive",0.05,"ok",FALSE,2.58999999999997,"","","e7b0ebec5e87d13c95c43dd4d4e4c7ce",26,6,20,30,0.230769230769231,0.666666666666667,"paper_adjusted","structure","shifted_rect"
"binary_sparse_n300_t01_r0003","binary","sparse","paper_adjusted",300,1000,1.3,3,238396303,"ASHMED_Adaptive",0.05,"ok",FALSE,3.53,"","","6e969f946e835852ec2eaaa15f50d931",18,5,13,22,0.277777777777778,0.590909090909091,"paper_adjusted","structure","shifted_rect"
"linear_dense_n300_t01_r0003","linear","dense","paper_adjusted",300,1000,1.3,3,162559780,"ASHMED_Adaptive",0.05,"ok",FALSE,2.47,"","","886aa367ecc8f96054b8097e3246159d",143,9,134,200,0.0629370629370629,0.67,"paper_adjusted","structure","shifted_rect"
"confounded_dense_n300_t01_r0003","confounded","dense","paper_adjusted",300,1000,1.3,3,66460266,"ASHMED_Adaptive",0.05,"ok",FALSE,9.62999999999998,"","","b58750ab062e49290c3a4dd07ac03d18",178,12,166,217,0.0674157303370786,0.764976958525346,"paper_adjusted","structure","shifted_rect"
"binary_dense_n300_t01_r0003","binary","dense","paper_adjusted",300,1000,1.3,3,14614744,"ASHMED_Adaptive",0.05,"ok",FALSE,4.94000000000001,"","","d15896795f7850eae0c4e749284fe377",216,36,180,214,0.166666666666667,0.841121495327103,"paper_adjusted","structure","shifted_rect"
"linear_sparse_n300_t02_r0003","linear","sparse","paper_adjusted",300,1000,1.5,3,194132323,"ASHMED_Adaptive",0.05,"ok",FALSE,3.02999999999999,"","","8188a5a0b801299af0de691eccabb388",53,34,19,20,0.641509433962264,0.95,"paper_adjusted","structure","shifted_rect"
"confounded_sparse_n300_t02_r0003","confounded","sparse","paper_adjusted",300,1000,1.5,3,238108711,"ASHMED_Adaptive",0.05,"ok",FALSE,1.48,"","","73ec2166243a48984503aba264a444c3",15,2,13,14,0.133333333333333,0.928571428571429,"paper_adjusted","structure","shifted_rect"
"binary_sparse_n300_t02_r0003","binary","sparse","paper_adjusted",300,1000,1.5,3,227249596,"ASHMED_Adaptive",0.05,"ok",FALSE,1.78,"","","0286c4a430f1ee01a1cd1f8f445fde85",17,1,16,20,0.0588235294117647,0.8,"paper_adjusted","structure","shifted_rect"
"linear_dense_n300_t02_r0003","linear","dense","paper_adjusted",300,1000,1.5,3,74168178,"ASHMED_Adaptive",0.05,"ok",FALSE,28.23,"","","433dd8d5c858ffca9de730dc41a9e801",161,19,142,184,0.118012422360248,0.771739130434783,"paper_adjusted","structure","shifted_rect"
"confounded_dense_n300_t02_r0003","confounded","dense","paper_adjusted",300,1000,1.5,3,26188402,"ASHMED_Adaptive",0.05,"ok",FALSE,3.91,"","","03cbadce3c09ab4c1a126aa67d62f0f9",455,238,217,217,0.523076923076923,1,"paper_adjusted","structure","shifted_rect"
"binary_dense_n300_t02_r0003","binary","dense","paper_adjusted",300,1000,1.5,3,120495201,"ASHMED_Adaptive",0.05,"ok",FALSE,3.94,"","","03db20dd1af1c6e1a1d7c7c9559a596a",202,13,189,210,0.0643564356435644,0.9,"paper_adjusted","structure","shifted_rect"
"linear_sparse_n300_t03_r0003","linear","sparse","paper_adjusted",300,1000,1.9,3,247479014,"ASHMED_Adaptive",0.05,"ok",FALSE,0.830000000000013,"","","84143dc2f77cc06ea1b5d82053b5517a",23,1,22,23,0.0434782608695652,0.956521739130435,"paper_adjusted","structure","shifted_rect"
"confounded_sparse_n300_t03_r0003","confounded","sparse","paper_adjusted",300,1000,1.9,3,187452368,"ASHMED_Adaptive",0.05,"ok",FALSE,2.56,"","","a81c8ce93680a1dd93ae446b5e28db1a",28,4,24,29,0.142857142857143,0.827586206896552,"paper_adjusted","structure","shifted_rect"
"binary_sparse_n300_t03_r0003","binary","sparse","paper_adjusted",300,1000,1.9,3,96357160,"ASHMED_Adaptive",0.05,"ok",FALSE,1.79999999999998,"","","744d3c28e5e946f5f23566d29de0937e",15,3,12,13,0.2,0.923076923076923,"paper_adjusted","structure","shifted_rect"
"linear_dense_n300_t03_r0003","linear","dense","paper_adjusted",300,1000,1.9,3,183548073,"ASHMED_Adaptive",0.05,"ok",FALSE,33.91,"","","ee5ea17212a1beb812072769a280f161",207,8,199,217,0.0386473429951691,0.91705069124424,"paper_adjusted","structure","shifted_rect"
"confounded_dense_n300_t03_r0003","confounded","dense","paper_adjusted",300,1000,1.9,3,239230002,"ASHMED_Adaptive",0.05,"ok",FALSE,22.11,"","","8a3a8c366f24456e5c41b2aaa7cb8963",417,220,197,197,0.52757793764988,1,"paper_adjusted","structure","shifted_rect"
"binary_dense_n300_t03_r0003","binary","dense","paper_adjusted",300,1000,1.9,3,28705935,"ASHMED_Adaptive",0.05,"ok",FALSE,14.9,"","","70469780cfa2ba708f6313b05e4baeac",228,57,171,191,0.25,0.895287958115183,"paper_adjusted","structure","shifted_rect"
"linear_sparse_n300_t01_r0001","linear","sparse","teaching_fixed",300,1000,1.3,1,203874798,"HDMT",0.05,"ok",TRUE,0.03,"ties should not be present for the one-sample Kolmogorov-Smirnov test","","e87e875cc8266fab12e1feaf0ad3154c",4,0,4,20,0,0.2,"teaching_fixed","structure","shifted_rect"
"linear_sparse_n300_t01_r0001","linear","sparse","teaching_fixed",300,1000,1.3,1,203874798,"MDACT",0.05,"ok",TRUE,0.05,"ties should not be present for the one-sample Kolmogorov-Smirnov test","","da4bf9d11da20ddccfab0cb90138314f",4,0,4,20,0,0.2,"teaching_fixed","structure","shifted_rect"
"linear_sparse_n300_t01_r0001","linear","sparse","teaching_fixed",300,1000,1.3,1,203874798,"MLFDR",0.05,"ok",TRUE,0.36,"","","3d5ea7fbef515f354d19a82ba49303fa",13,4,9,20,0.307692307692308,0.45,"teaching_fixed","structure","shifted_rect"
"linear_sparse_n300_t01_r0001","linear","sparse","teaching_fixed",300,1000,1.3,1,203874798,"ASHMED",0.05,"ok",TRUE,0.18,"","","26493483cef083b4dccabeaac85187f3",0,0,0,20,0,0,"teaching_fixed","structure","shifted_rect"
"confounded_sparse_n300_t01_r0001","confounded","sparse","teaching_fixed",300,1000,1.3,1,96903160,"HDMT",0.05,"ok",TRUE,0.02,"ties should not be present for the one-sample Kolmogorov-Smirnov test","","ad6b2d4840ca82d8b87645419ead8c37",4,0,4,20,0,0.2,"teaching_fixed","structure","shifted_rect"
"confounded_sparse_n300_t01_r0001","confounded","sparse","teaching_fixed",300,1000,1.3,1,96903160,"MDACT",0.05,"ok",TRUE,0.0800000000000001,"ties should not be present for the one-sample Kolmogorov-Smirnov test","","a4d65eaf1189a3c72aac38ee7b960372",4,0,4,20,0,0.2,"teaching_fixed","structure","shifted_rect"
"confounded_sparse_n300_t01_r0001","confounded","sparse","teaching_fixed",300,1000,1.3,1,96903160,"MLFDR",0.05,"ok",TRUE,1.38,"","","5d9b0d341985f7109d019daf5a7f818d",6,1,5,20,0.166666666666667,0.25,"teaching_fixed","structure","shifted_rect"
"confounded_sparse_n300_t01_r0001","confounded","sparse","teaching_fixed",300,1000,1.3,1,96903160,"ASHMED",0.05,"ok",TRUE,0.52,"","","09e36e79feeb9fe64cbf3eb556f9980d",1,0,1,20,0,0.05,"teaching_fixed","structure","shifted_rect"
"binary_sparse_n300_t01_r0001","binary","sparse","teaching_fixed",300,1000,1.3,1,1200593,"HDMT",0.05,"ok",TRUE,0.04,"","","5efda17fb748ba3900a3a5da855ec53c",1,0,1,20,0,0.05,"teaching_fixed","structure","shifted_rect"
"binary_sparse_n300_t01_r0001","binary","sparse","teaching_fixed",300,1000,1.3,1,1200593,"MDACT",0.05,"ok",TRUE,0.1,"","","cebd0bd1ab6343043e8ae9c0e2f313b9",1,0,1,20,0,0.05,"teaching_fixed","structure","shifted_rect"
"binary_sparse_n300_t01_r0001","binary","sparse","teaching_fixed",300,1000,1.3,1,1200593,"MLFDR",0.05,"ok",TRUE,1.32,"","","2cd8f03fc86682b1340732e6fa82304c",9,0,9,20,0,0.45,"teaching_fixed","structure","shifted_rect"
"binary_sparse_n300_t01_r0001","binary","sparse","teaching_fixed",300,1000,1.3,1,1200593,"ASHMED",0.05,"ok",TRUE,0.12,"","","a53bc6f88a7a8854b8d90770e13faae0",3,0,3,20,0,0.15,"teaching_fixed","structure","shifted_rect"
"linear_dense_n300_t01_r0001","linear","dense","teaching_fixed",300,1000,1.3,1,190837284,"HDMT",0.05,"ok",TRUE,0.03,"ties should not be present for the one-sample Kolmogorov-Smirnov test","","0099e11567f26d8422df1526f7d90988",82,4,78,200,0.0487804878048781,0.39,"teaching_fixed","structure","shifted_rect"
"linear_dense_n300_t01_r0001","linear","dense","teaching_fixed",300,1000,1.3,1,190837284,"MDACT",0.05,"ok",TRUE,0.0700000000000001,"ties should not be present for the one-sample Kolmogorov-Smirnov test","","11bd3f4ecc0ed03123b8cd369104c983",86,4,82,200,0.0465116279069767,0.41,"teaching_fixed","structure","shifted_rect"
"linear_dense_n300_t01_r0001","linear","dense","teaching_fixed",300,1000,1.3,1,190837284,"MLFDR",0.05,"ok",TRUE,0.51,"","","92c980aa680f8adb143ce4dbea0648bb",138,10,128,200,0.072463768115942,0.64,"teaching_fixed","structure","shifted_rect"
"linear_dense_n300_t01_r0001","linear","dense","teaching_fixed",300,1000,1.3,1,190837284,"ASHMED",0.05,"ok",TRUE,0.25,"","","a1b61257929f7da0dc8e0159fa5ed17c",42,0,42,200,0,0.21,"teaching_fixed","structure","shifted_rect"
"confounded_dense_n300_t01_r0001","confounded","dense","teaching_fixed",300,1000,1.3,1,211343690,"HDMT",0.05,"ok",TRUE,0.01,"ties should not be present for the one-sample Kolmogorov-Smirnov test","","b6b6af456570ee6fdf4332ff7f7b6e7e",47,1,46,200,0.0212765957446809,0.23,"teaching_fixed","structure","shifted_rect"
"confounded_dense_n300_t01_r0001","confounded","dense","teaching_fixed",300,1000,1.3,1,211343690,"MDACT",0.05,"ok",TRUE,0.0800000000000001,"ties should not be present for the one-sample Kolmogorov-Smirnov test","","5c36eded3b529591b7d4f34168f5d169",61,3,58,200,0.0491803278688525,0.29,"teaching_fixed","structure","shifted_rect"
"confounded_dense_n300_t01_r0001","confounded","dense","teaching_fixed",300,1000,1.3,1,211343690,"MLFDR",0.05,"ok",TRUE,0.23,"","","0d1fd7fe6dc84ed3a19dec35f1b5bf5b",135,10,125,200,0.0740740740740741,0.625,"teaching_fixed","structure","shifted_rect"
"confounded_dense_n300_t01_r0001","confounded","dense","teaching_fixed",300,1000,1.3,1,211343690,"ASHMED",0.05,"ok",TRUE,0.21,"","","52f2cdabe5f97ac437bc7d4bebc4cb98",31,0,31,200,0,0.155,"teaching_fixed","structure","shifted_rect"
"binary_dense_n300_t01_r0001","binary","dense","teaching_fixed",300,1000,1.3,1,167861328,"HDMT",0.05,"ok",TRUE,0.0899999999999999,"","","77b307fdb4febaf4fbfed8c50ac87125",54,0,54,200,0,0.27,"teaching_fixed","structure","shifted_rect"
"binary_dense_n300_t01_r0001","binary","dense","teaching_fixed",300,1000,1.3,1,167861328,"MDACT",0.05,"ok",TRUE,0.0600000000000001,"","","f64249d053edb8f6546b2aa555a570c2",62,0,62,200,0,0.31,"teaching_fixed","structure","shifted_rect"
"binary_dense_n300_t01_r0001","binary","dense","teaching_fixed",300,1000,1.3,1,167861328,"MLFDR",0.05,"ok",TRUE,0.33,"","","2aef7d898ceda9fb5e1e969fd4150b48",137,6,131,200,0.0437956204379562,0.655,"teaching_fixed","structure","shifted_rect"
"binary_dense_n300_t01_r0001","binary","dense","teaching_fixed",300,1000,1.3,1,167861328,"ASHMED",0.05,"ok",TRUE,1.88,"","","c2f079cdd9ba1e261f4bf11e0571d76a",70,3,67,200,0.0428571428571429,0.335,"teaching_fixed","structure","shifted_rect"
"linear_sparse_n300_t02_r0001","linear","sparse","teaching_fixed",300,1000,1.5,1,154146653,"HDMT",0.05,"ok",TRUE,0.0300000000000002,"ties should not be present for the one-sample Kolmogorov-Smirnov test","","c3d9f3c7c62f8e46c5c41bf8faf96491",4,0,4,20,0,0.2,"teaching_fixed","structure","shifted_rect"
"linear_sparse_n300_t02_r0001","linear","sparse","teaching_fixed",300,1000,1.5,1,154146653,"MDACT",0.05,"ok",TRUE,0.02,"ties should not be present for the one-sample Kolmogorov-Smirnov test","","f6fdeaa6726ac794d98583b0ef26b2f8",8,0,8,20,0,0.4,"teaching_fixed","structure","shifted_rect"
"linear_sparse_n300_t02_r0001","linear","sparse","teaching_fixed",300,1000,1.5,1,154146653,"MLFDR",0.05,"ok",TRUE,1.27,"","","4eb71289149f5ada743c3d096390b800",11,0,11,20,0,0.55,"teaching_fixed","structure","shifted_rect"
"linear_sparse_n300_t02_r0001","linear","sparse","teaching_fixed",300,1000,1.5,1,154146653,"ASHMED",0.05,"ok",TRUE,0.81,"","","c9ce6f8e645a7e19c48b126f2113c45a",0,0,0,20,0,0,"teaching_fixed","structure","shifted_rect"
"confounded_sparse_n300_t02_r0001","confounded","sparse","teaching_fixed",300,1000,1.5,1,154118143,"HDMT",0.05,"ok",TRUE,0.02,"ties should not be present for the one-sample Kolmogorov-Smirnov test","","69180f02f3be30ac04f1afac0a6a7cbd",9,0,9,20,0,0.45,"teaching_fixed","structure","shifted_rect"
"confounded_sparse_n300_t02_r0001","confounded","sparse","teaching_fixed",300,1000,1.5,1,154118143,"MDACT",0.05,"ok",TRUE,0.0500000000000003,"ties should not be present for the one-sample Kolmogorov-Smirnov test","","b97b923cc1af3796bf6ffef5ca9d342e",10,1,9,20,0.1,0.45,"teaching_fixed","structure","shifted_rect"
"confounded_sparse_n300_t02_r0001","confounded","sparse","teaching_fixed",300,1000,1.5,1,154118143,"MLFDR",0.05,"ok",TRUE,0.27,"","","1d9cd4676f5597aa0ebeb92bb0fdbe25",13,0,13,20,0,0.65,"teaching_fixed","structure","shifted_rect"
"confounded_sparse_n300_t02_r0001","confounded","sparse","teaching_fixed",300,1000,1.5,1,154118143,"ASHMED",0.05,"ok",TRUE,0.53,"","","d0bc80453ad18fa9d0dbbfb8eab5a696",1,0,1,20,0,0.05,"teaching_fixed","structure","shifted_rect"
"binary_sparse_n300_t02_r0001","binary","sparse","teaching_fixed",300,1000,1.5,1,67379123,"HDMT",0.05,"ok",TRUE,0.0199999999999996,"","","722276d951eeae26db06b12a90376ee6",22,9,13,20,0.409090909090909,0.65,"teaching_fixed","structure","shifted_rect"
"binary_sparse_n300_t02_r0001","binary","sparse","teaching_fixed",300,1000,1.5,1,67379123,"MDACT",0.05,"ok",TRUE,0.0200000000000005,"","","8e74922b2aa21dadf99daa41f3746574",21,8,13,20,0.380952380952381,0.65,"teaching_fixed","structure","shifted_rect"
"binary_sparse_n300_t02_r0001","binary","sparse","teaching_fixed",300,1000,1.5,1,67379123,"MLFDR",0.05,"ok",TRUE,0.17,"","","ee8bac0d797268fce969929bd5f20809",14,2,12,20,0.142857142857143,0.6,"teaching_fixed","structure","shifted_rect"
"binary_sparse_n300_t02_r0001","binary","sparse","teaching_fixed",300,1000,1.5,1,67379123,"ASHMED",0.05,"ok",TRUE,0.0900000000000003,"","","c21980d663e963d4e0ece71cd69aca44",9,2,7,20,0.222222222222222,0.35,"teaching_fixed","structure","shifted_rect"
"linear_dense_n300_t02_r0001","linear","dense","teaching_fixed",300,1000,1.5,1,129285823,"HDMT",0.05,"ok",TRUE,0.0299999999999998,"ties should not be present for the one-sample Kolmogorov-Smirnov test","","2d55d37945d8bc0ae13dac124b0ab9c8",79,4,75,200,0.0506329113924051,0.375,"teaching_fixed","structure","shifted_rect"
"linear_dense_n300_t02_r0001","linear","dense","teaching_fixed",300,1000,1.5,1,129285823,"MDACT",0.05,"ok",TRUE,0.02,"ties should not be present for the one-sample Kolmogorov-Smirnov test","","b459b4271ef9eb82f8d1a93111fad876",89,4,85,200,0.0449438202247191,0.425,"teaching_fixed","structure","shifted_rect"
"linear_dense_n300_t02_r0001","linear","dense","teaching_fixed",300,1000,1.5,1,129285823,"MLFDR",0.05,"ok",TRUE,0.31,"","","93364801df2b2cad96dbd28b29a530ee",153,5,148,200,0.0326797385620915,0.74,"teaching_fixed","structure","shifted_rect"
"linear_dense_n300_t02_r0001","linear","dense","teaching_fixed",300,1000,1.5,1,129285823,"ASHMED",0.05,"ok",TRUE,0.14,"","","58181816a180b187391e9b3b01dc212b",52,0,52,200,0,0.26,"teaching_fixed","structure","shifted_rect"
"confounded_dense_n300_t02_r0001","confounded","dense","teaching_fixed",300,1000,1.5,1,7264952,"HDMT",0.05,"ok",TRUE,0.0299999999999998,"ties should not be present for the one-sample Kolmogorov-Smirnov test","","1f23a7b38412cab780dd38173425670a",90,3,87,200,0.0333333333333333,0.435,"teaching_fixed","structure","shifted_rect"
"confounded_dense_n300_t02_r0001","confounded","dense","teaching_fixed",300,1000,1.5,1,7264952,"MDACT",0.05,"ok",TRUE,0.02,"ties should not be present for the one-sample Kolmogorov-Smirnov test","","f0aac7198d08584b746341aabdd2c6ec",103,3,100,200,0.029126213592233,0.5,"teaching_fixed","structure","shifted_rect"
"confounded_dense_n300_t02_r0001","confounded","dense","teaching_fixed",300,1000,1.5,1,7264952,"MLFDR",0.05,"ok",TRUE,0.47,"","","bb9537b9b5c4ad13ad18a70e52f5161d",180,13,167,200,0.0722222222222222,0.835,"teaching_fixed","structure","shifted_rect"
"confounded_dense_n300_t02_r0001","confounded","dense","teaching_fixed",300,1000,1.5,1,7264952,"ASHMED",0.05,"ok",TRUE,0.0900000000000003,"","","da813837880e3c50bd68de004c17f9a9",76,3,73,200,0.0394736842105263,0.365,"teaching_fixed","structure","shifted_rect"
"binary_dense_n300_t02_r0001","binary","dense","teaching_fixed",300,1000,1.5,1,203627124,"HDMT",0.05,"ok",TRUE,0.0300000000000002,"","","bd451be8214d828e9fcd9af20a145f70",110,1,109,200,0.00909090909090909,0.545,"teaching_fixed","structure","shifted_rect"
"binary_dense_n300_t02_r0001","binary","dense","teaching_fixed",300,1000,1.5,1,203627124,"MDACT",0.05,"ok",TRUE,0,"","","49de23c1d9b39d196ba96d7c84c89b5f",117,2,115,200,0.0170940170940171,0.575,"teaching_fixed","structure","shifted_rect"
"binary_dense_n300_t02_r0001","binary","dense","teaching_fixed",300,1000,1.5,1,203627124,"MLFDR",0.05,"ok",TRUE,0.319999999999999,"","","7a9b9569fc9e54e7888b690776cfde1b",177,7,170,200,0.0395480225988701,0.85,"teaching_fixed","structure","shifted_rect"
"binary_dense_n300_t02_r0001","binary","dense","teaching_fixed",300,1000,1.5,1,203627124,"ASHMED",0.05,"ok",TRUE,0.17,"","","626f063a7f3298676b7171af6b61f230",116,2,114,200,0.0172413793103448,0.57,"teaching_fixed","structure","shifted_rect"
"linear_sparse_n300_t03_r0001","linear","sparse","teaching_fixed",300,1000,1.9,1,84442631,"HDMT",0.05,"ok",TRUE,0.04,"ties should not be present for the one-sample Kolmogorov-Smirnov test","","2dea80c467f3f05f302a2bdbacdf0a81",17,1,16,20,0.0588235294117647,0.8,"teaching_fixed","structure","shifted_rect"
"linear_sparse_n300_t03_r0001","linear","sparse","teaching_fixed",300,1000,1.9,1,84442631,"MDACT",0.05,"ok",TRUE,0.0200000000000005,"ties should not be present for the one-sample Kolmogorov-Smirnov test","","ffebd68520f3206b65666b3d350b6818",17,1,16,20,0.0588235294117647,0.8,"teaching_fixed","structure","shifted_rect"
"linear_sparse_n300_t03_r0001","linear","sparse","teaching_fixed",300,1000,1.9,1,84442631,"MLFDR",0.05,"ok",TRUE,0.22,"","","dbc11efbaef055aa9e37e4b70fa976bf",20,1,19,20,0.05,0.95,"teaching_fixed","structure","shifted_rect"
"linear_sparse_n300_t03_r0001","linear","sparse","teaching_fixed",300,1000,1.9,1,84442631,"ASHMED",0.05,"ok",TRUE,0.22,"","","df4d4f8155491bf6ea7544646de735da",16,1,15,20,0.0625,0.75,"teaching_fixed","structure","shifted_rect"
"confounded_sparse_n300_t03_r0001","confounded","sparse","teaching_fixed",300,1000,1.9,1,260722449,"HDMT",0.05,"ok",TRUE,0.0100000000000007,"ties should not be present for the one-sample Kolmogorov-Smirnov test","","e07bb04ced4f685aa4f3bc0d45e9cc56",16,2,14,20,0.125,0.7,"teaching_fixed","structure","shifted_rect"
"confounded_sparse_n300_t03_r0001","confounded","sparse","teaching_fixed",300,1000,1.9,1,260722449,"MDACT",0.05,"ok",TRUE,0,"ties should not be present for the one-sample Kolmogorov-Smirnov test","","2415d92067b4d4464d8eee40ad4944ac",20,3,17,20,0.15,0.85,"teaching_fixed","structure","shifted_rect"
"confounded_sparse_n300_t03_r0001","confounded","sparse","teaching_fixed",300,1000,1.9,1,260722449,"MLFDR",0.05,"ok",TRUE,0.19,"","","136d1e49bd21ce9e3aa07f3771dd5848",19,1,18,20,0.0526315789473684,0.9,"teaching_fixed","structure","shifted_rect"
"confounded_sparse_n300_t03_r0001","confounded","sparse","teaching_fixed",300,1000,1.9,1,260722449,"ASHMED",0.05,"ok",TRUE,0.24,"","","07eb67d59ebe16220f9b796cf8fc3b73",10,0,10,20,0,0.5,"teaching_fixed","structure","shifted_rect"
"binary_sparse_n300_t03_r0001","binary","sparse","teaching_fixed",300,1000,1.9,1,160670759,"HDMT",0.05,"ok",TRUE,0.0299999999999994,"","","1d80209669c65c6d9a40d5f3e4f77ceb",17,0,17,20,0,0.85,"teaching_fixed","structure","shifted_rect"
"binary_sparse_n300_t03_r0001","binary","sparse","teaching_fixed",300,1000,1.9,1,160670759,"MDACT",0.05,"ok",TRUE,0.0699999999999994,"","","c501941d217ba765476540abbfd53064",18,0,18,20,0,0.9,"teaching_fixed","structure","shifted_rect"
"binary_sparse_n300_t03_r0001","binary","sparse","teaching_fixed",300,1000,1.9,1,160670759,"MLFDR",0.05,"ok",TRUE,0.12,"","","cd706b162822c2bea6814c870d174156",18,0,18,20,0,0.9,"teaching_fixed","structure","shifted_rect"
"binary_sparse_n300_t03_r0001","binary","sparse","teaching_fixed",300,1000,1.9,1,160670759,"ASHMED",0.05,"ok",TRUE,0.0800000000000001,"","","44224d6e1370f5c229dec823e5f8c9ab",16,0,16,20,0,0.8,"teaching_fixed","structure","shifted_rect"
"linear_dense_n300_t03_r0001","linear","dense","teaching_fixed",300,1000,1.9,1,82263548,"HDMT",0.05,"ok",TRUE,0.0199999999999996,"ties should not be present for the one-sample Kolmogorov-Smirnov test","","e34565329e3bc9e66bd1b32b88f92e5b",178,6,172,200,0.0337078651685393,0.86,"teaching_fixed","structure","shifted_rect"
"linear_dense_n300_t03_r0001","linear","dense","teaching_fixed",300,1000,1.9,1,82263548,"MDACT",0.05,"ok",TRUE,0.0200000000000005,"ties should not be present for the one-sample Kolmogorov-Smirnov test","","ed23e50901ee61fbc7726707eaffb892",188,9,179,200,0.0478723404255319,0.895,"teaching_fixed","structure","shifted_rect"
"linear_dense_n300_t03_r0001","linear","dense","teaching_fixed",300,1000,1.9,1,82263548,"MLFDR",0.05,"ok",TRUE,0.16,"","","1515f95c25c1bbeebffc04d2471bcf95",207,13,194,200,0.0628019323671498,0.97,"teaching_fixed","structure","shifted_rect"
"linear_dense_n300_t03_r0001","linear","dense","teaching_fixed",300,1000,1.9,1,82263548,"ASHMED",0.05,"ok",TRUE,0.37,"","","517a608bca4b24ec06e2dcef2fa823a0",157,4,153,200,0.0254777070063694,0.765,"teaching_fixed","structure","shifted_rect"
"confounded_dense_n300_t03_r0001","confounded","dense","teaching_fixed",300,1000,1.9,1,18409293,"HDMT",0.05,"ok",TRUE,0.0300000000000002,"ties should not be present for the one-sample Kolmogorov-Smirnov test","","ac80749b22f12b0ffd589c3fbdfb5af1",170,6,164,200,0.0352941176470588,0.82,"teaching_fixed","structure","shifted_rect"
"confounded_dense_n300_t03_r0001","confounded","dense","teaching_fixed",300,1000,1.9,1,18409293,"MDACT",0.05,"ok",TRUE,0,"ties should not be present for the one-sample Kolmogorov-Smirnov test","","c9dda224ef82f2b71180a54ac80a27d3",171,6,165,200,0.0350877192982456,0.825,"teaching_fixed","structure","shifted_rect"
"confounded_dense_n300_t03_r0001","confounded","dense","teaching_fixed",300,1000,1.9,1,18409293,"MLFDR",0.05,"ok",TRUE,0.21,"","","e0074fdc590ffeaea7f310a1eb826aa9",199,7,192,200,0.0351758793969849,0.96,"teaching_fixed","structure","shifted_rect"
"confounded_dense_n300_t03_r0001","confounded","dense","teaching_fixed",300,1000,1.9,1,18409293,"ASHMED",0.05,"ok",TRUE,0.2,"","","aae3d565078919145810c6effd1f9d81",152,4,148,200,0.0263157894736842,0.74,"teaching_fixed","structure","shifted_rect"
"binary_dense_n300_t03_r0001","binary","dense","teaching_fixed",300,1000,1.9,1,165128741,"HDMT",0.05,"ok",TRUE,0.0199999999999996,"","","00c533b3d30ab91f1351cad51223e18b",169,10,159,200,0.0591715976331361,0.795,"teaching_fixed","structure","shifted_rect"
"binary_dense_n300_t03_r0001","binary","dense","teaching_fixed",300,1000,1.9,1,165128741,"MDACT",0.05,"ok",TRUE,0.0200000000000005,"","","2c81129b59f34b87f2ee7e409e476ebe",169,10,159,200,0.0591715976331361,0.795,"teaching_fixed","structure","shifted_rect"
"binary_dense_n300_t03_r0001","binary","dense","teaching_fixed",300,1000,1.9,1,165128741,"MLFDR",0.05,"ok",TRUE,0.21,"","","3ebbfe1f36508e501d2c118b959e5f37",201,12,189,200,0.0597014925373134,0.945,"teaching_fixed","structure","shifted_rect"
"binary_dense_n300_t03_r0001","binary","dense","teaching_fixed",300,1000,1.9,1,165128741,"ASHMED",0.05,"ok",TRUE,0.11,"","","734b6fc2faaa9233e82ae0e560320698",172,9,163,200,0.0523255813953488,0.815,"teaching_fixed","structure","shifted_rect"
"linear_sparse_n300_t01_r0002","linear","sparse","teaching_fixed",300,1000,1.3,2,169132387,"HDMT",0.05,"ok",TRUE,0.0300000000000002,"ties should not be present for the one-sample Kolmogorov-Smirnov test","","513ed2205c9036f1c5f25f9f1a4dc9ca",5,0,5,20,0,0.25,"teaching_fixed","structure","shifted_rect"
"linear_sparse_n300_t01_r0002","linear","sparse","teaching_fixed",300,1000,1.3,2,169132387,"MDACT",0.05,"ok",TRUE,0.0100000000000007,"ties should not be present for the one-sample Kolmogorov-Smirnov test","","2cdda219f70b4125e4846d6a8b1b01aa",5,0,5,20,0,0.25,"teaching_fixed","structure","shifted_rect"
"linear_sparse_n300_t01_r0002","linear","sparse","teaching_fixed",300,1000,1.3,2,169132387,"MLFDR",0.05,"ok",TRUE,0.79,"","","44dacb0b6e7baf9f493f564c379d599d",15,2,13,20,0.133333333333333,0.65,"teaching_fixed","structure","shifted_rect"
"linear_sparse_n300_t01_r0002","linear","sparse","teaching_fixed",300,1000,1.3,2,169132387,"ASHMED",0.05,"ok",TRUE,0.41,"","","a80cdc7727b8c2bc23922c1600be42b0",5,0,5,20,0,0.25,"teaching_fixed","structure","shifted_rect"
"confounded_sparse_n300_t01_r0002","confounded","sparse","teaching_fixed",300,1000,1.3,2,187857596,"HDMT",0.05,"ok",TRUE,0.0299999999999994,"ties should not be present for the one-sample Kolmogorov-Smirnov test","","f080e56d8e3e370295566ce13060358f",6,0,6,20,0,0.3,"teaching_fixed","structure","shifted_rect"
"confounded_sparse_n300_t01_r0002","confounded","sparse","teaching_fixed",300,1000,1.3,2,187857596,"MDACT",0.05,"ok",TRUE,0,"ties should not be present for the one-sample Kolmogorov-Smirnov test","","76e5d05e2ddc19c24c17a875b51c99a4",6,0,6,20,0,0.3,"teaching_fixed","structure","shifted_rect"
"confounded_sparse_n300_t01_r0002","confounded","sparse","teaching_fixed",300,1000,1.3,2,187857596,"MLFDR",0.05,"ok",TRUE,0.95,"","","e45abf4db849a4f60c23fbb9c5091507",9,0,9,20,0,0.45,"teaching_fixed","structure","shifted_rect"
"confounded_sparse_n300_t01_r0002","confounded","sparse","teaching_fixed",300,1000,1.3,2,187857596,"ASHMED",0.05,"ok",TRUE,0.28,"","","e5b35cdd35672fdfe68a080d31026525",2,0,2,20,0,0.1,"teaching_fixed","structure","shifted_rect"
"binary_sparse_n300_t01_r0002","binary","sparse","teaching_fixed",300,1000,1.3,2,25412553,"HDMT",0.05,"ok",TRUE,0.00999999999999979,"","","c756b351e12578b68207cf778ca1a9cb",4,0,4,20,0,0.2,"teaching_fixed","structure","shifted_rect"
"binary_sparse_n300_t01_r0002","binary","sparse","teaching_fixed",300,1000,1.3,2,25412553,"MDACT",0.05,"ok",TRUE,0.00999999999999979,"","","739b7c22e0822e0847e4100379b8dc99",11,3,8,20,0.272727272727273,0.4,"teaching_fixed","structure","shifted_rect"
"binary_sparse_n300_t01_r0002","binary","sparse","teaching_fixed",300,1000,1.3,2,25412553,"MLFDR",0.05,"ok",TRUE,0.229999999999999,"","","7b46fadd34038ed12f9d06451227072f",4,0,4,20,0,0.2,"teaching_fixed","structure","shifted_rect"
"binary_sparse_n300_t01_r0002","binary","sparse","teaching_fixed",300,1000,1.3,2,25412553,"ASHMED",0.05,"ok",TRUE,1.28,"","","0868707ce0ad5ad64d4c571ba1749ec8",4,0,4,20,0,0.2,"teaching_fixed","structure","shifted_rect"
"linear_dense_n300_t01_r0002","linear","dense","teaching_fixed",300,1000,1.3,2,216455434,"HDMT",0.05,"ok",TRUE,0.0199999999999996,"ties should not be present for the one-sample Kolmogorov-Smirnov test","","9fc7bfe42130f169c71b429d255710c1",78,6,72,200,0.0769230769230769,0.36,"teaching_fixed","structure","shifted_rect"
"linear_dense_n300_t01_r0002","linear","dense","teaching_fixed",300,1000,1.3,2,216455434,"MDACT",0.05,"ok",TRUE,0.0199999999999996,"ties should not be present for the one-sample Kolmogorov-Smirnov test","","e106fc11eb265384e34b618d40121733",81,7,74,200,0.0864197530864197,0.37,"teaching_fixed","structure","shifted_rect"
"linear_dense_n300_t01_r0002","linear","dense","teaching_fixed",300,1000,1.3,2,216455434,"MLFDR",0.05,"ok",TRUE,0.27,"","","331db9ab4dcaae9a71458bc6e8f45c29",131,5,126,200,0.0381679389312977,0.63,"teaching_fixed","structure","shifted_rect"
"linear_dense_n300_t01_r0002","linear","dense","teaching_fixed",300,1000,1.3,2,216455434,"ASHMED",0.05,"ok",TRUE,0.38,"","","9f23ae876ded047999edb5487e6ce49d",45,2,43,200,0.0444444444444444,0.215,"teaching_fixed","structure","shifted_rect"
"confounded_dense_n300_t01_r0002","confounded","dense","teaching_fixed",300,1000,1.3,2,76376231,"HDMT",0.05,"ok",TRUE,0.04,"ties should not be present for the one-sample Kolmogorov-Smirnov test","","93cdad902328c1b25b1e02bb6f92cd7f",57,1,56,200,0.0175438596491228,0.28,"teaching_fixed","structure","shifted_rect"
"confounded_dense_n300_t01_r0002","confounded","dense","teaching_fixed",300,1000,1.3,2,76376231,"MDACT",0.05,"ok",TRUE,0.0199999999999996,"ties should not be present for the one-sample Kolmogorov-Smirnov test","","a942954b0edefc2cde151c6912c99858",82,4,78,200,0.0487804878048781,0.39,"teaching_fixed","structure","shifted_rect"
"confounded_dense_n300_t01_r0002","confounded","dense","teaching_fixed",300,1000,1.3,2,76376231,"MLFDR",0.05,"ok",TRUE,0.26,"","","5e84fbdd89aebfea08dc1af8b9853261",145,7,138,200,0.0482758620689655,0.69,"teaching_fixed","structure","shifted_rect"
"confounded_dense_n300_t01_r0002","confounded","dense","teaching_fixed",300,1000,1.3,2,76376231,"ASHMED",0.05,"ok",TRUE,0.54,"","","7f52e91b121b65e17832946ce9a849cc",31,0,31,200,0,0.155,"teaching_fixed","structure","shifted_rect"
"binary_dense_n300_t01_r0002","binary","dense","teaching_fixed",300,1000,1.3,2,252366175,"HDMT",0.05,"ok",TRUE,0.0800000000000001,"","","92f656e13e6e8a3c70100fec3648b919",44,1,43,200,0.0227272727272727,0.215,"teaching_fixed","structure","shifted_rect"
"binary_dense_n300_t01_r0002","binary","dense","teaching_fixed",300,1000,1.3,2,252366175,"MDACT",0.05,"ok",TRUE,0,"","","5c1686aa89eb58aa65ac4fc741404d8f",68,1,67,200,0.0147058823529412,0.335,"teaching_fixed","structure","shifted_rect"
"binary_dense_n300_t01_r0002","binary","dense","teaching_fixed",300,1000,1.3,2,252366175,"MLFDR",0.05,"ok",TRUE,0.220000000000001,"","","f318c055c11f618040478e85c532b56a",145,8,137,200,0.0551724137931034,0.685,"teaching_fixed","structure","shifted_rect"
"binary_dense_n300_t01_r0002","binary","dense","teaching_fixed",300,1000,1.3,2,252366175,"ASHMED",0.05,"ok",TRUE,5.62,"","","19c20da26d952c20d86820d7d1521c68",73,5,68,200,0.0684931506849315,0.34,"teaching_fixed","structure","shifted_rect"
"linear_sparse_n300_t02_r0002","linear","sparse","teaching_fixed",300,1000,1.5,2,111931580,"HDMT",0.05,"ok",TRUE,0.0300000000000011,"ties should not be present for the one-sample Kolmogorov-Smirnov test","","9a179aabad842b4be1257a0eef5880b6",1,0,1,20,0,0.05,"teaching_fixed","structure","shifted_rect"
"linear_sparse_n300_t02_r0002","linear","sparse","teaching_fixed",300,1000,1.5,2,111931580,"MDACT",0.05,"ok",TRUE,0,"ties should not be present for the one-sample Kolmogorov-Smirnov test","","b43e90302006f283b79d0f6c63e49351",5,0,5,20,0,0.25,"teaching_fixed","structure","shifted_rect"
"linear_sparse_n300_t02_r0002","linear","sparse","teaching_fixed",300,1000,1.5,2,111931580,"MLFDR",0.05,"ok",TRUE,0.27,"","","0733f57b8b070638d9209a81f1fc21f0",11,1,10,20,0.0909090909090909,0.5,"teaching_fixed","structure","shifted_rect"
"linear_sparse_n300_t02_r0002","linear","sparse","teaching_fixed",300,1000,1.5,2,111931580,"ASHMED",0.05,"ok",TRUE,0.300000000000001,"","","16f8f20e8b70fd780d46f262707ce2d0",1,0,1,20,0,0.05,"teaching_fixed","structure","shifted_rect"
"confounded_sparse_n300_t02_r0002","confounded","sparse","teaching_fixed",300,1000,1.5,2,23917971,"HDMT",0.05,"ok",TRUE,0.0299999999999994,"ties should not be present for the one-sample Kolmogorov-Smirnov test","","ecf4f3cf7417a68081df4b8b786f062e",5,0,5,20,0,0.25,"teaching_fixed","structure","shifted_rect"
"confounded_sparse_n300_t02_r0002","confounded","sparse","teaching_fixed",300,1000,1.5,2,23917971,"MDACT",0.05,"ok",TRUE,0,"ties should not be present for the one-sample Kolmogorov-Smirnov test","","190d8c3afcc786ee75fa393c6479b673",13,1,12,20,0.0769230769230769,0.6,"teaching_fixed","structure","shifted_rect"
"confounded_sparse_n300_t02_r0002","confounded","sparse","teaching_fixed",300,1000,1.5,2,23917971,"MLFDR",0.05,"ok",TRUE,1.48,"","","552a87f74c325997e7ded5fc0cb97669",13,1,12,20,0.0769230769230769,0.6,"teaching_fixed","structure","shifted_rect"
"confounded_sparse_n300_t02_r0002","confounded","sparse","teaching_fixed",300,1000,1.5,2,23917971,"ASHMED",0.05,"ok",TRUE,0.200000000000001,"","","623652d4c35c40f313e6db22269c7ff0",4,0,4,20,0,0.2,"teaching_fixed","structure","shifted_rect"
"binary_sparse_n300_t02_r0002","binary","sparse","teaching_fixed",300,1000,1.5,2,70665624,"HDMT",0.05,"ok",TRUE,0.0299999999999994,"","","5ef88d6db3d52c2558a843d94afa5211",4,0,4,20,0,0.2,"teaching_fixed","structure","shifted_rect"
"binary_sparse_n300_t02_r0002","binary","sparse","teaching_fixed",300,1000,1.5,2,70665624,"MDACT",0.05,"ok",TRUE,0.0199999999999996,"","","f7870e15b55d95d09462a0d1d5879241",4,0,4,20,0,0.2,"teaching_fixed","structure","shifted_rect"
"binary_sparse_n300_t02_r0002","binary","sparse","teaching_fixed",300,1000,1.5,2,70665624,"MLFDR",0.05,"ok",TRUE,3.17,"","","d6ba28fc4652b949936f82a6f3e21bb6",21,4,17,20,0.19047619047619,0.85,"teaching_fixed","structure","shifted_rect"
"binary_sparse_n300_t02_r0002","binary","sparse","teaching_fixed",300,1000,1.5,2,70665624,"ASHMED",0.05,"ok",TRUE,1.43,"","","2c36bb927bced3f71d559aea451232cb",5,0,5,20,0,0.25,"teaching_fixed","structure","shifted_rect"
"linear_dense_n300_t02_r0002","linear","dense","teaching_fixed",300,1000,1.5,2,211234059,"HDMT",0.05,"ok",TRUE,0.0299999999999994,"ties should not be present for the one-sample Kolmogorov-Smirnov test","","a5dd33256fd2adb27b5a91dffdc9954f",110,5,105,200,0.0454545454545455,0.525,"teaching_fixed","structure","shifted_rect"
"linear_dense_n300_t02_r0002","linear","dense","teaching_fixed",300,1000,1.5,2,211234059,"MDACT",0.05,"ok",TRUE,0,"ties should not be present for the one-sample Kolmogorov-Smirnov test","","c2f32ac6039dc2adb478d6c6e2ead454",124,6,118,200,0.0483870967741935,0.59,"teaching_fixed","structure","shifted_rect"
"linear_dense_n300_t02_r0002","linear","dense","teaching_fixed",300,1000,1.5,2,211234059,"MLFDR",0.05,"ok",TRUE,0.17,"","","eca082949bc0abe1a1a9caa61b59e96d",169,8,161,200,0.0473372781065089,0.805,"teaching_fixed","structure","shifted_rect"
"linear_dense_n300_t02_r0002","linear","dense","teaching_fixed",300,1000,1.5,2,211234059,"ASHMED",0.05,"ok",TRUE,0.199999999999999,"","","3fc90ae6a49b1853ba2c287dc3a80996",57,0,57,200,0,0.285,"teaching_fixed","structure","shifted_rect"
"confounded_dense_n300_t02_r0002","confounded","dense","teaching_fixed",300,1000,1.5,2,123545979,"HDMT",0.05,"ok",TRUE,0.0399999999999991,"ties should not be present for the one-sample Kolmogorov-Smirnov test","","4cc01833f1f4db382060faf562d3c29f",106,2,104,200,0.0188679245283019,0.52,"teaching_fixed","structure","shifted_rect"
"confounded_dense_n300_t02_r0002","confounded","dense","teaching_fixed",300,1000,1.5,2,123545979,"MDACT",0.05,"ok",TRUE,0.0199999999999996,"ties should not be present for the one-sample Kolmogorov-Smirnov test","","4586e17bcea3da9a1d70a47b1ff0bdf3",120,3,117,200,0.025,0.585,"teaching_fixed","structure","shifted_rect"
"confounded_dense_n300_t02_r0002","confounded","dense","teaching_fixed",300,1000,1.5,2,123545979,"MLFDR",0.05,"ok",TRUE,0.210000000000001,"","","b9bf2efbe3ef27edc64f2a6123431124",182,8,174,200,0.043956043956044,0.87,"teaching_fixed","structure","shifted_rect"
"confounded_dense_n300_t02_r0002","confounded","dense","teaching_fixed",300,1000,1.5,2,123545979,"ASHMED",0.05,"ok",TRUE,0.289999999999999,"","","4265719a5f45a5ead71d4151bccb169b",73,0,73,200,0,0.365,"teaching_fixed","structure","shifted_rect"
"binary_dense_n300_t02_r0002","binary","dense","teaching_fixed",300,1000,1.5,2,196459159,"HDMT",0.05,"ok",TRUE,0.0299999999999994,"","","16aedc370e52a0361cf2f8c6b28e5209",84,2,82,200,0.0238095238095238,0.41,"teaching_fixed","structure","shifted_rect"
"binary_dense_n300_t02_r0002","binary","dense","teaching_fixed",300,1000,1.5,2,196459159,"MDACT",0.05,"ok",TRUE,0.0199999999999996,"","","98a8b7521ffeae5922fb718da4e4ec16",89,3,86,200,0.0337078651685393,0.43,"teaching_fixed","structure","shifted_rect"
"binary_dense_n300_t02_r0002","binary","dense","teaching_fixed",300,1000,1.5,2,196459159,"MLFDR",0.05,"ok",TRUE,0.219999999999999,"","","14a7618224bf7fa4d53d4d0e754274f3",153,7,146,200,0.0457516339869281,0.73,"teaching_fixed","structure","shifted_rect"
"binary_dense_n300_t02_r0002","binary","dense","teaching_fixed",300,1000,1.5,2,196459159,"ASHMED",0.05,"ok",TRUE,0.41,"","","24cdb024156e794e3b8fe9ced96c2f2c",84,2,82,200,0.0238095238095238,0.41,"teaching_fixed","structure","shifted_rect"
"linear_sparse_n300_t03_r0002","linear","sparse","teaching_fixed",300,1000,1.9,2,113996682,"HDMT",0.05,"ok",TRUE,0.0300000000000011,"ties should not be present for the one-sample Kolmogorov-Smirnov test","","3c41f2d1310554969d8e923b4b37f911",12,0,12,20,0,0.6,"teaching_fixed","structure","shifted_rect"
"linear_sparse_n300_t03_r0002","linear","sparse","teaching_fixed",300,1000,1.9,2,113996682,"MDACT",0.05,"ok",TRUE,0,"ties should not be present for the one-sample Kolmogorov-Smirnov test","","7aac92bcb4528e824d306b93efabfc54",12,0,12,20,0,0.6,"teaching_fixed","structure","shifted_rect"
"linear_sparse_n300_t03_r0002","linear","sparse","teaching_fixed",300,1000,1.9,2,113996682,"MLFDR",0.05,"ok",TRUE,0.19,"","","696bfbf4558a3c85bcbd4939e10f96b5",16,0,16,20,0,0.8,"teaching_fixed","structure","shifted_rect"
"linear_sparse_n300_t03_r0002","linear","sparse","teaching_fixed",300,1000,1.9,2,113996682,"ASHMED",0.05,"ok",TRUE,0.26,"","","5e82745ea1918dd491a4ff866999f4d0",10,0,10,20,0,0.5,"teaching_fixed","structure","shifted_rect"
"confounded_sparse_n300_t03_r0002","confounded","sparse","teaching_fixed",300,1000,1.9,2,126971994,"HDMT",0.05,"ok",TRUE,0.0199999999999996,"ties should not be present for the one-sample Kolmogorov-Smirnov test","","768523cc9eb5c663781a747bb3f4f91a",8,0,8,20,0,0.4,"teaching_fixed","structure","shifted_rect"
"confounded_sparse_n300_t03_r0002","confounded","sparse","teaching_fixed",300,1000,1.9,2,126971994,"MDACT",0.05,"ok",TRUE,0.0199999999999996,"ties should not be present for the one-sample Kolmogorov-Smirnov test","","94b57cac46e85d37439c3f5be89d8731",8,0,8,20,0,0.4,"teaching_fixed","structure","shifted_rect"
"confounded_sparse_n300_t03_r0002","confounded","sparse","teaching_fixed",300,1000,1.9,2,126971994,"MLFDR",0.05,"ok",TRUE,0.24,"","","43362b817ba73b7d37e5ed4527293b69",17,0,17,20,0,0.85,"teaching_fixed","structure","shifted_rect"
"confounded_sparse_n300_t03_r0002","confounded","sparse","teaching_fixed",300,1000,1.9,2,126971994,"ASHMED",0.05,"ok",TRUE,0.32,"","","9676232cc5971991712147cf07ed86af",8,0,8,20,0,0.4,"teaching_fixed","structure","shifted_rect"
"binary_sparse_n300_t03_r0002","binary","sparse","teaching_fixed",300,1000,1.9,2,21575936,"HDMT",0.05,"ok",TRUE,0.00999999999999979,"","","d2d0a52d031ff77f59a52fb4d8f70eb2",13,0,13,20,0,0.65,"teaching_fixed","structure","shifted_rect"
"binary_sparse_n300_t03_r0002","binary","sparse","teaching_fixed",300,1000,1.9,2,21575936,"MDACT",0.05,"ok",TRUE,0.00999999999999979,"","","808c80821e96dbe7e5fc8c070fa22be6",14,1,13,20,0.0714285714285714,0.65,"teaching_fixed","structure","shifted_rect"
"binary_sparse_n300_t03_r0002","binary","sparse","teaching_fixed",300,1000,1.9,2,21575936,"MLFDR",0.05,"ok",TRUE,0.0899999999999999,"","","f3c34318fbdbbf22398349b30495d669",18,0,18,20,0,0.9,"teaching_fixed","structure","shifted_rect"
"binary_sparse_n300_t03_r0002","binary","sparse","teaching_fixed",300,1000,1.9,2,21575936,"ASHMED",0.05,"ok",TRUE,3.75,"","","7de188c3237e6b63ac14a53203c8a9be",14,1,13,20,0.0714285714285714,0.65,"teaching_fixed","structure","shifted_rect"
"linear_dense_n300_t03_r0002","linear","dense","teaching_fixed",300,1000,1.9,2,132262509,"HDMT",0.05,"ok",TRUE,0.00999999999999979,"ties should not be present for the one-sample Kolmogorov-Smirnov test","","2087b18bf309e23a3a10fbb766cefa24",180,8,172,200,0.0444444444444444,0.86,"teaching_fixed","structure","shifted_rect"
"linear_dense_n300_t03_r0002","linear","dense","teaching_fixed",300,1000,1.9,2,132262509,"MDACT",0.05,"ok",TRUE,0.00999999999999979,"ties should not be present for the one-sample Kolmogorov-Smirnov test","","66d62abb1a08b0235f1876d94317d21a",177,7,170,200,0.0395480225988701,0.85,"teaching_fixed","structure","shifted_rect"
"linear_dense_n300_t03_r0002","linear","dense","teaching_fixed",300,1000,1.9,2,132262509,"MLFDR",0.05,"ok",TRUE,0.0899999999999999,"","","c5f3adaa7ad302bfe910ad8b9f259b02",203,8,195,200,0.0394088669950739,0.975,"teaching_fixed","structure","shifted_rect"
"linear_dense_n300_t03_r0002","linear","dense","teaching_fixed",300,1000,1.9,2,132262509,"ASHMED",0.05,"ok",TRUE,0.360000000000001,"","","3ef570f6d1fa69d44488fa41b6f5a12d",167,3,164,200,0.0179640718562874,0.82,"teaching_fixed","structure","shifted_rect"
"confounded_dense_n300_t03_r0002","confounded","dense","teaching_fixed",300,1000,1.9,2,167627902,"HDMT",0.05,"ok",TRUE,0.0199999999999996,"ties should not be present for the one-sample Kolmogorov-Smirnov test","","56f1d9e01ce3093685c1e104b57523f4",158,4,154,200,0.0253164556962025,0.77,"teaching_fixed","structure","shifted_rect"
"confounded_dense_n300_t03_r0002","confounded","dense","teaching_fixed",300,1000,1.9,2,167627902,"MDACT",0.05,"ok",TRUE,0,"ties should not be present for the one-sample Kolmogorov-Smirnov test","","789e74d442cc8f33d63e8d34870801e5",158,4,154,200,0.0253164556962025,0.77,"teaching_fixed","structure","shifted_rect"
"confounded_dense_n300_t03_r0002","confounded","dense","teaching_fixed",300,1000,1.9,2,167627902,"MLFDR",0.05,"ok",TRUE,0.110000000000001,"","","ff7774f18a34a7dbeb74ab43cbf9e33f",193,6,187,200,0.0310880829015544,0.935,"teaching_fixed","structure","shifted_rect"
"confounded_dense_n300_t03_r0002","confounded","dense","teaching_fixed",300,1000,1.9,2,167627902,"ASHMED",0.05,"ok",TRUE,0.18,"","","04b7b0d97ee72ba89cdd03d1adc6b8a4",154,3,151,200,0.0194805194805195,0.755,"teaching_fixed","structure","shifted_rect"
"binary_dense_n300_t03_r0002","binary","dense","teaching_fixed",300,1000,1.9,2,228265929,"HDMT",0.05,"ok",TRUE,0.0299999999999994,"","","58fafb57d31b0b5a5bc1fdfd0891b8e4",157,3,154,200,0.0191082802547771,0.77,"teaching_fixed","structure","shifted_rect"
"binary_dense_n300_t03_r0002","binary","dense","teaching_fixed",300,1000,1.9,2,228265929,"MDACT",0.05,"ok",TRUE,0,"","","3c06c3c7c1031f3c61a876b8b498cd78",164,5,159,200,0.0304878048780488,0.795,"teaching_fixed","structure","shifted_rect"
"binary_dense_n300_t03_r0002","binary","dense","teaching_fixed",300,1000,1.9,2,228265929,"MLFDR",0.05,"ok",TRUE,0.190000000000001,"","","5f427e0eda448ad8a4ba73ebd59de2a1",196,7,189,200,0.0357142857142857,0.945,"teaching_fixed","structure","shifted_rect"
"binary_dense_n300_t03_r0002","binary","dense","teaching_fixed",300,1000,1.9,2,228265929,"ASHMED",0.05,"ok",TRUE,0.23,"","","1fed972689912690411349ccd3cdfe25",168,5,163,200,0.0297619047619048,0.815,"teaching_fixed","structure","shifted_rect"
"linear_sparse_n300_t01_r0003","linear","sparse","teaching_fixed",300,1000,1.3,3,114215453,"HDMT",0.05,"ok",TRUE,0.0299999999999994,"ties should not be present for the one-sample Kolmogorov-Smirnov test","","e40439da1ed4a4c137f3cb949a6433f5",14,6,8,20,0.428571428571429,0.4,"teaching_fixed","structure","shifted_rect"
"linear_sparse_n300_t01_r0003","linear","sparse","teaching_fixed",300,1000,1.3,3,114215453,"MDACT",0.05,"ok",TRUE,0.00999999999999979,"ties should not be present for the one-sample Kolmogorov-Smirnov test","","40ff2de96368af46b177e08e56f9f7af",13,5,8,20,0.384615384615385,0.4,"teaching_fixed","structure","shifted_rect"
"linear_sparse_n300_t01_r0003","linear","sparse","teaching_fixed",300,1000,1.3,3,114215453,"MLFDR",0.05,"ok",TRUE,0.799999999999999,"","","2e5cdb2d44d9109f75ac983d098a96d9",9,0,9,20,0,0.45,"teaching_fixed","structure","shifted_rect"
"linear_sparse_n300_t01_r0003","linear","sparse","teaching_fixed",300,1000,1.3,3,114215453,"ASHMED",0.05,"ok",TRUE,0.420000000000002,"","","4f2e98362e19973c20a22af2c74d12d3",2,0,2,20,0,0.1,"teaching_fixed","structure","shifted_rect"
"confounded_sparse_n300_t01_r0003","confounded","sparse","teaching_fixed",300,1000,1.3,3,263203360,"HDMT",0.05,"ok",TRUE,0.0100000000000016,"ties should not be present for the one-sample Kolmogorov-Smirnov test","","251484a6cf8bc14e0637a3862634766d",5,0,5,20,0,0.25,"teaching_fixed","structure","shifted_rect"
"confounded_sparse_n300_t01_r0003","confounded","sparse","teaching_fixed",300,1000,1.3,3,263203360,"MDACT",0.05,"ok",TRUE,0.0199999999999996,"ties should not be present for the one-sample Kolmogorov-Smirnov test","","a066b1a39e2c2f482111c4020f39cbca",7,0,7,20,0,0.35,"teaching_fixed","structure","shifted_rect"
"confounded_sparse_n300_t01_r0003","confounded","sparse","teaching_fixed",300,1000,1.3,3,263203360,"MLFDR",0.05,"ok",TRUE,2.84,"","","5cd2c19796875a704157baf269a326fb",17,2,15,20,0.117647058823529,0.75,"teaching_fixed","structure","shifted_rect"
"confounded_sparse_n300_t01_r0003","confounded","sparse","teaching_fixed",300,1000,1.3,3,263203360,"ASHMED",0.05,"ok",TRUE,0.57,"","","87f3f1b8298542f064255f17c1346273",2,0,2,20,0,0.1,"teaching_fixed","structure","shifted_rect"
"binary_sparse_n300_t01_r0003","binary","sparse","teaching_fixed",300,1000,1.3,3,39427257,"HDMT",0.05,"ok",TRUE,0.0300000000000011,"","","4eba947f4890a9b0e141213b9c1396bc",3,0,3,20,0,0.15,"teaching_fixed","structure","shifted_rect"
"binary_sparse_n300_t01_r0003","binary","sparse","teaching_fixed",300,1000,1.3,3,39427257,"MDACT",0.05,"ok",TRUE,0.0199999999999996,"","","be39a10ac732a2ca88a4ee13e6dc9078",4,0,4,20,0,0.2,"teaching_fixed","structure","shifted_rect"
"binary_sparse_n300_t01_r0003","binary","sparse","teaching_fixed",300,1000,1.3,3,39427257,"MLFDR",0.05,"ok",TRUE,0.34,"","","9e5c4404284b4844f9a218ebf63a886a",8,0,8,20,0,0.4,"teaching_fixed","structure","shifted_rect"
"binary_sparse_n300_t01_r0003","binary","sparse","teaching_fixed",300,1000,1.3,3,39427257,"ASHMED",0.05,"ok",TRUE,0.300000000000001,"","","fe1c20d2cf5d60faf3e27e91e5da9d9f",4,0,4,20,0,0.2,"teaching_fixed","structure","shifted_rect"
"linear_dense_n300_t01_r0003","linear","dense","teaching_fixed",300,1000,1.3,3,159845301,"HDMT",0.05,"ok",TRUE,0.0299999999999994,"ties should not be present for the one-sample Kolmogorov-Smirnov test","","e807f56d9b9eb80b38aea881aa267845",52,3,49,200,0.0576923076923077,0.245,"teaching_fixed","structure","shifted_rect"
"linear_dense_n300_t01_r0003","linear","dense","teaching_fixed",300,1000,1.3,3,159845301,"MDACT",0.05,"ok",TRUE,0,"ties should not be present for the one-sample Kolmogorov-Smirnov test","","65a26390a746d7613a9ef9fcb39dcb9e",64,4,60,200,0.0625,0.3,"teaching_fixed","structure","shifted_rect"
"linear_dense_n300_t01_r0003","linear","dense","teaching_fixed",300,1000,1.3,3,159845301,"MLFDR",0.05,"ok",TRUE,0.390000000000001,"","","181df7b01d5cefcbe1991cc87692c7c5",120,3,117,200,0.025,0.585,"teaching_fixed","structure","shifted_rect"
"linear_dense_n300_t01_r0003","linear","dense","teaching_fixed",300,1000,1.3,3,159845301,"ASHMED",0.05,"ok",TRUE,0.329999999999998,"","","6b2eae597db83c1597d30704bada72d0",39,2,37,200,0.0512820512820513,0.185,"teaching_fixed","structure","shifted_rect"
"confounded_dense_n300_t01_r0003","confounded","dense","teaching_fixed",300,1000,1.3,3,143872636,"HDMT",0.05,"ok",TRUE,0.00999999999999979,"ties should not be present for the one-sample Kolmogorov-Smirnov test","","bb271ab16b63bcece79f48d2ba19adc7",103,3,100,200,0.029126213592233,0.5,"teaching_fixed","structure","shifted_rect"
"confounded_dense_n300_t01_r0003","confounded","dense","teaching_fixed",300,1000,1.3,3,143872636,"MDACT",0.05,"ok",TRUE,0,"ties should not be present for the one-sample Kolmogorov-Smirnov test","","990717813150d32359a77261fd7504b4",111,4,107,200,0.036036036036036,0.535,"teaching_fixed","structure","shifted_rect"
"confounded_dense_n300_t01_r0003","confounded","dense","teaching_fixed",300,1000,1.3,3,143872636,"MLFDR",0.05,"ok",TRUE,0.52,"","","e70587c026db5833cfbd829856bbbb27",159,12,147,200,0.0754716981132075,0.735,"teaching_fixed","structure","shifted_rect"
"confounded_dense_n300_t01_r0003","confounded","dense","teaching_fixed",300,1000,1.3,3,143872636,"ASHMED",0.05,"ok",TRUE,0.399999999999999,"","","4a7edb1779e7c516a468422f10b60a4f",45,2,43,200,0.0444444444444444,0.215,"teaching_fixed","structure","shifted_rect"
"binary_dense_n300_t01_r0003","binary","dense","teaching_fixed",300,1000,1.3,3,36616067,"HDMT",0.05,"ok",TRUE,0.0199999999999996,"","","df30ca88206298d3b81100fedbc48a91",40,1,39,200,0.025,0.195,"teaching_fixed","structure","shifted_rect"
"binary_dense_n300_t01_r0003","binary","dense","teaching_fixed",300,1000,1.3,3,36616067,"MDACT",0.05,"ok",TRUE,0.0199999999999996,"","","07b0c104a721de493235966061fd3869",54,1,53,200,0.0185185185185185,0.265,"teaching_fixed","structure","shifted_rect"
"binary_dense_n300_t01_r0003","binary","dense","teaching_fixed",300,1000,1.3,3,36616067,"MLFDR",0.05,"ok",TRUE,0.68,"","","f1ed6e0ab0effdb3a8497a8522ad54b8",117,6,111,200,0.0512820512820513,0.555,"teaching_fixed","structure","shifted_rect"
"binary_dense_n300_t01_r0003","binary","dense","teaching_fixed",300,1000,1.3,3,36616067,"ASHMED",0.05,"ok",TRUE,2.73,"","","ed5d90da3722827fb4c634535bf9faa9",58,2,56,200,0.0344827586206897,0.28,"teaching_fixed","structure","shifted_rect"
"linear_sparse_n300_t02_r0003","linear","sparse","teaching_fixed",300,1000,1.5,3,254086762,"HDMT",0.05,"ok",TRUE,0.00999999999999979,"ties should not be present for the one-sample Kolmogorov-Smirnov test","","ffcd74a59a97c9ef01baf9fc2e0d1565",15,1,14,20,0.0666666666666667,0.7,"teaching_fixed","structure","shifted_rect"
"linear_sparse_n300_t02_r0003","linear","sparse","teaching_fixed",300,1000,1.5,3,254086762,"MDACT",0.05,"ok",TRUE,0.00999999999999979,"ties should not be present for the one-sample Kolmogorov-Smirnov test","","862407bc8a5bb860c0a3604a32a7c19e",15,1,14,20,0.0666666666666667,0.7,"teaching_fixed","structure","shifted_rect"
"linear_sparse_n300_t02_r0003","linear","sparse","teaching_fixed",300,1000,1.5,3,254086762,"MLFDR",0.05,"ok",TRUE,0.199999999999999,"","","4cfbba52c7580319818b7c3db4e7f507",20,3,17,20,0.15,0.85,"teaching_fixed","structure","shifted_rect"
"linear_sparse_n300_t02_r0003","linear","sparse","teaching_fixed",300,1000,1.5,3,254086762,"ASHMED",0.05,"ok",TRUE,0.810000000000002,"","","fda4ecaef6efee606fb155b75bf89b55",7,0,7,20,0,0.35,"teaching_fixed","structure","shifted_rect"
"confounded_sparse_n300_t02_r0003","confounded","sparse","teaching_fixed",300,1000,1.5,3,223514034,"HDMT",0.05,"ok",TRUE,0.00999999999999979,"ties should not be present for the one-sample Kolmogorov-Smirnov test","","76722b48073296845a34fa6f0dd39980",7,0,7,20,0,0.35,"teaching_fixed","structure","shifted_rect"
"confounded_sparse_n300_t02_r0003","confounded","sparse","teaching_fixed",300,1000,1.5,3,223514034,"MDACT",0.05,"ok",TRUE,0.0200000000000014,"ties should not be present for the one-sample Kolmogorov-Smirnov test","","b7127eb35eb4f467baabb0127f2b5e7b",9,0,9,20,0,0.45,"teaching_fixed","structure","shifted_rect"
"confounded_sparse_n300_t02_r0003","confounded","sparse","teaching_fixed",300,1000,1.5,3,223514034,"MLFDR",0.05,"ok",TRUE,0.219999999999999,"","","59f347eecffb4b8544dbfdb6c750257d",14,1,13,20,0.0714285714285714,0.65,"teaching_fixed","structure","shifted_rect"
"confounded_sparse_n300_t02_r0003","confounded","sparse","teaching_fixed",300,1000,1.5,3,223514034,"ASHMED",0.05,"ok",TRUE,0.640000000000001,"","","1f09593a7501ba0dc31bc5b350f8d989",3,0,3,20,0,0.15,"teaching_fixed","structure","shifted_rect"
"binary_sparse_n300_t02_r0003","binary","sparse","teaching_fixed",300,1000,1.5,3,15829857,"HDMT",0.05,"ok",TRUE,0.0200000000000031,"","","f99ebd2745c36fa1b3fc98d5ffdab2c4",6,0,6,20,0,0.3,"teaching_fixed","structure","shifted_rect"
"binary_sparse_n300_t02_r0003","binary","sparse","teaching_fixed",300,1000,1.5,3,15829857,"MDACT",0.05,"ok",TRUE,0.0199999999999996,"","","e2a4f322ba1e4079e470d5a7132964de",6,0,6,20,0,0.3,"teaching_fixed","structure","shifted_rect"
"binary_sparse_n300_t02_r0003","binary","sparse","teaching_fixed",300,1000,1.5,3,15829857,"MLFDR",0.05,"ok",TRUE,0.609999999999999,"","","d157daff343343e75523293f4498a470",9,1,8,20,0.111111111111111,0.4,"teaching_fixed","structure","shifted_rect"
"binary_sparse_n300_t02_r0003","binary","sparse","teaching_fixed",300,1000,1.5,3,15829857,"ASHMED",0.05,"ok",TRUE,0.639999999999997,"","","65d20821e51abe6d739eadfb6340e270",3,0,3,20,0,0.15,"teaching_fixed","structure","shifted_rect"
"linear_dense_n300_t02_r0003","linear","dense","teaching_fixed",300,1000,1.5,3,128045305,"HDMT",0.05,"ok",TRUE,0.0300000000000011,"ties should not be present for the one-sample Kolmogorov-Smirnov test","","230b35259de497bb5edadc7f6306cad8",87,1,86,200,0.0114942528735632,0.43,"teaching_fixed","structure","shifted_rect"
"linear_dense_n300_t02_r0003","linear","dense","teaching_fixed",300,1000,1.5,3,128045305,"MDACT",0.05,"ok",TRUE,0,"ties should not be present for the one-sample Kolmogorov-Smirnov test","","6f73f40b7268219da43462f2fb6b6786",94,1,93,200,0.0106382978723404,0.465,"teaching_fixed","structure","shifted_rect"
"linear_dense_n300_t02_r0003","linear","dense","teaching_fixed",300,1000,1.5,3,128045305,"MLFDR",0.05,"ok",TRUE,0.280000000000001,"","","0d7f448f30e63e23cc29264488b333da",159,4,155,200,0.0251572327044025,0.775,"teaching_fixed","structure","shifted_rect"
"linear_dense_n300_t02_r0003","linear","dense","teaching_fixed",300,1000,1.5,3,128045305,"ASHMED",0.05,"ok",TRUE,0.289999999999999,"","","af6e57240b4598d75bab5fc08065d093",64,0,64,200,0,0.32,"teaching_fixed","structure","shifted_rect"
"confounded_dense_n300_t02_r0003","confounded","dense","teaching_fixed",300,1000,1.5,3,171356528,"HDMT",0.05,"ok",TRUE,0.0199999999999996,"ties should not be present for the one-sample Kolmogorov-Smirnov test","","bfaf3cf75d69000fcd4e5c2c26abae56",112,8,104,200,0.0714285714285714,0.52,"teaching_fixed","structure","shifted_rect"
"confounded_dense_n300_t02_r0003","confounded","dense","teaching_fixed",300,1000,1.5,3,171356528,"MDACT",0.05,"ok",TRUE,0,"ties should not be present for the one-sample Kolmogorov-Smirnov test","","4653c7944edce7e421bc0b7d5392572d",119,9,110,200,0.0756302521008403,0.55,"teaching_fixed","structure","shifted_rect"
"confounded_dense_n300_t02_r0003","confounded","dense","teaching_fixed",300,1000,1.5,3,171356528,"MLFDR",0.05,"ok",TRUE,0.219999999999999,"","","2310484d670b66073bb6b0c6b9f06cad",174,15,159,200,0.0862068965517241,0.795,"teaching_fixed","structure","shifted_rect"
"confounded_dense_n300_t02_r0003","confounded","dense","teaching_fixed",300,1000,1.5,3,171356528,"ASHMED",0.05,"ok",TRUE,0.329999999999998,"","","b7174bcfcd512b645d5e27bd431be603",85,4,81,200,0.0470588235294118,0.405,"teaching_fixed","structure","shifted_rect"
"binary_dense_n300_t02_r0003","binary","dense","teaching_fixed",300,1000,1.5,3,139443859,"HDMT",0.05,"ok",TRUE,0.0299999999999976,"","","f2bf71545f9f7f81e6458f0e7b2012e8",116,4,112,200,0.0344827586206897,0.56,"teaching_fixed","structure","shifted_rect"
"binary_dense_n300_t02_r0003","binary","dense","teaching_fixed",300,1000,1.5,3,139443859,"MDACT",0.05,"ok",TRUE,0,"","","7d1da75470f1c10d7dba3a2212a2e15c",128,5,123,200,0.0390625,0.615,"teaching_fixed","structure","shifted_rect"
"binary_dense_n300_t02_r0003","binary","dense","teaching_fixed",300,1000,1.5,3,139443859,"MLFDR",0.05,"ok",TRUE,0.210000000000001,"","","99b8e738458884a6838302fc30c9c5f2",176,9,167,200,0.0511363636363636,0.835,"teaching_fixed","structure","shifted_rect"
"binary_dense_n300_t02_r0003","binary","dense","teaching_fixed",300,1000,1.5,3,139443859,"ASHMED",0.05,"ok",TRUE,0.239999999999998,"","","cf3b5eece043dc2f18bb4d0f0c3f9883",126,5,121,200,0.0396825396825397,0.605,"teaching_fixed","structure","shifted_rect"
"linear_sparse_n300_t03_r0003","linear","sparse","teaching_fixed",300,1000,1.9,3,226569007,"HDMT",0.05,"ok",TRUE,0.0300000000000011,"ties should not be present for the one-sample Kolmogorov-Smirnov test","","363dc3894fbaf1afd407015db5d086d3",17,1,16,20,0.0588235294117647,0.8,"teaching_fixed","structure","shifted_rect"
"linear_sparse_n300_t03_r0003","linear","sparse","teaching_fixed",300,1000,1.9,3,226569007,"MDACT",0.05,"ok",TRUE,0,"ties should not be present for the one-sample Kolmogorov-Smirnov test","","8015d4f2dd8bf8e3ea8639f1d0e5021c",17,1,16,20,0.0588235294117647,0.8,"teaching_fixed","structure","shifted_rect"
"linear_sparse_n300_t03_r0003","linear","sparse","teaching_fixed",300,1000,1.9,3,226569007,"MLFDR",0.05,"ok",TRUE,0.170000000000002,"","","230bc2024da06193e8c8b9bdaa4395d1",22,2,20,20,0.0909090909090909,1,"teaching_fixed","structure","shifted_rect"
"linear_sparse_n300_t03_r0003","linear","sparse","teaching_fixed",300,1000,1.9,3,226569007,"ASHMED",0.05,"ok",TRUE,0.859999999999999,"","","0d500a767dec1351012d6d87c35df96c",13,0,13,20,0,0.65,"teaching_fixed","structure","shifted_rect"
"confounded_sparse_n300_t03_r0003","confounded","sparse","teaching_fixed",300,1000,1.9,3,50022030,"HDMT",0.05,"ok",TRUE,0.0299999999999976,"ties should not be present for the one-sample Kolmogorov-Smirnov test","","880575e0d83850f8906664125fbd8bfd",8,0,8,20,0,0.4,"teaching_fixed","structure","shifted_rect"
"confounded_sparse_n300_t03_r0003","confounded","sparse","teaching_fixed",300,1000,1.9,3,50022030,"MDACT",0.05,"ok",TRUE,0.0199999999999996,"ties should not be present for the one-sample Kolmogorov-Smirnov test","","c1da6639f9448f5baf8fc64b589d14b7",8,0,8,20,0,0.4,"teaching_fixed","structure","shifted_rect"
"confounded_sparse_n300_t03_r0003","confounded","sparse","teaching_fixed",300,1000,1.9,3,50022030,"MLFDR",0.05,"ok",TRUE,0.209999999999997,"","","07ab9a164a4913535c1d65ab284455c1",15,0,15,20,0,0.75,"teaching_fixed","structure","shifted_rect"
"confounded_sparse_n300_t03_r0003","confounded","sparse","teaching_fixed",300,1000,1.9,3,50022030,"ASHMED",0.05,"ok",TRUE,0.329999999999998,"","","6ca455da7bf70de591686052b5cd4224",5,0,5,20,0,0.25,"teaching_fixed","structure","shifted_rect"
"binary_sparse_n300_t03_r0003","binary","sparse","teaching_fixed",300,1000,1.9,3,17719222,"HDMT",0.05,"ok",TRUE,0.0199999999999996,"","","3b1e0bb9738f807fcb584ca8ebd3bc84",16,0,16,20,0,0.8,"teaching_fixed","structure","shifted_rect"
"binary_sparse_n300_t03_r0003","binary","sparse","teaching_fixed",300,1000,1.9,3,17719222,"MDACT",0.05,"ok",TRUE,0.0199999999999996,"","","fa03c397da54ebbdf4705b5cf0d0516b",17,0,17,20,0,0.85,"teaching_fixed","structure","shifted_rect"
"binary_sparse_n300_t03_r0003","binary","sparse","teaching_fixed",300,1000,1.9,3,17719222,"MLFDR",0.05,"ok",TRUE,0.34,"","","bfafe43f0dd7d380869e91bd00ad7591",17,0,17,20,0,0.85,"teaching_fixed","structure","shifted_rect"
"binary_sparse_n300_t03_r0003","binary","sparse","teaching_fixed",300,1000,1.9,3,17719222,"ASHMED",0.05,"ok",TRUE,0.270000000000003,"","","5db55cb839ef56f4fab81552bc62a393",14,0,14,20,0,0.7,"teaching_fixed","structure","shifted_rect"
"linear_dense_n300_t03_r0003","linear","dense","teaching_fixed",300,1000,1.9,3,81993015,"HDMT",0.05,"ok",TRUE,0.0199999999999996,"ties should not be present for the one-sample Kolmogorov-Smirnov test","","f755c981b1e98c3010a9a96f05f021ee",185,13,172,200,0.0702702702702703,0.86,"teaching_fixed","structure","shifted_rect"
"linear_dense_n300_t03_r0003","linear","dense","teaching_fixed",300,1000,1.9,3,81993015,"MDACT",0.05,"ok",TRUE,0.0199999999999996,"ties should not be present for the one-sample Kolmogorov-Smirnov test","","a69e403ede0ad69e2bf078824fa64af2",196,16,180,200,0.0816326530612245,0.9,"teaching_fixed","structure","shifted_rect"
"linear_dense_n300_t03_r0003","linear","dense","teaching_fixed",300,1000,1.9,3,81993015,"MLFDR",0.05,"ok",TRUE,0.190000000000001,"","","01f61ff651d1e91f493b0d91606e3241",205,11,194,200,0.0536585365853659,0.97,"teaching_fixed","structure","shifted_rect"
"linear_dense_n300_t03_r0003","linear","dense","teaching_fixed",300,1000,1.9,3,81993015,"ASHMED",0.05,"ok",TRUE,0.399999999999999,"","","ab8eeeadddf1579537578cfc08a6ea5a",149,1,148,200,0.00671140939597315,0.74,"teaching_fixed","structure","shifted_rect"
"confounded_dense_n300_t03_r0003","confounded","dense","teaching_fixed",300,1000,1.9,3,32834248,"HDMT",0.05,"ok",TRUE,0.0100000000000016,"ties should not be present for the one-sample Kolmogorov-Smirnov test","","84e7337fd3440aa29792a749144c2d10",170,2,168,200,0.0117647058823529,0.84,"teaching_fixed","structure","shifted_rect"
"confounded_dense_n300_t03_r0003","confounded","dense","teaching_fixed",300,1000,1.9,3,32834248,"MDACT",0.05,"ok",TRUE,0.0100000000000016,"ties should not be present for the one-sample Kolmogorov-Smirnov test","","61c3bca7ca155bda2b8bde802b0bdbd2",172,3,169,200,0.0174418604651163,0.845,"teaching_fixed","structure","shifted_rect"
"confounded_dense_n300_t03_r0003","confounded","dense","teaching_fixed",300,1000,1.9,3,32834248,"MLFDR",0.05,"ok",TRUE,0.16,"","","8c5281fd77a73ce020542c7c54c302f4",202,10,192,200,0.0495049504950495,0.96,"teaching_fixed","structure","shifted_rect"
"confounded_dense_n300_t03_r0003","confounded","dense","teaching_fixed",300,1000,1.9,3,32834248,"ASHMED",0.05,"ok",TRUE,0.389999999999997,"","","b76d0220473a1b3c8a72fea9c10b5424",161,1,160,200,0.0062111801242236,0.8,"teaching_fixed","structure","shifted_rect"
"binary_dense_n300_t03_r0003","binary","dense","teaching_fixed",300,1000,1.9,3,261970499,"HDMT",0.05,"ok",TRUE,0.0199999999999996,"","","87598a0d1b455ad750af0c5caed4ac1b",168,6,162,200,0.0357142857142857,0.81,"teaching_fixed","structure","shifted_rect"
"binary_dense_n300_t03_r0003","binary","dense","teaching_fixed",300,1000,1.9,3,261970499,"MDACT",0.05,"ok",TRUE,0.0199999999999996,"","","0cfd019e68f1cebe98d10b1282995190",174,6,168,200,0.0344827586206897,0.84,"teaching_fixed","structure","shifted_rect"
"binary_dense_n300_t03_r0003","binary","dense","teaching_fixed",300,1000,1.9,3,261970499,"MLFDR",0.05,"ok",TRUE,0.25,"","","9d4a1f37b8db49ff6205c4bf50a11d8c",199,9,190,200,0.0452261306532663,0.95,"teaching_fixed","structure","shifted_rect"
"binary_dense_n300_t03_r0003","binary","dense","teaching_fixed",300,1000,1.9,3,261970499,"ASHMED",0.05,"ok",TRUE,0.240000000000002,"","","d37ec9d8d9b29f9703865832a0317c13",171,5,166,200,0.0292397660818713,0.83,"teaching_fixed","structure","shifted_rect"
"linear_sparse_n300_t01_r0001","linear","sparse","teaching_fixed",300,1000,1.3,1,203874798,"ASHMED_Adaptive",0.05,"ok",FALSE,4.25,"","","b135ada42905f09ab6c14b0aed8af253",20,11,9,20,0.55,0.45,"teaching_fixed","structure","shifted_rect"
"confounded_sparse_n300_t01_r0001","confounded","sparse","teaching_fixed",300,1000,1.3,1,96903160,"ASHMED_Adaptive",0.05,"ok",FALSE,9.91,"","","86c63315f38bcc720f4548419c3b5030",8,2,6,20,0.25,0.3,"teaching_fixed","structure","shifted_rect"
"binary_sparse_n300_t01_r0001","binary","sparse","teaching_fixed",300,1000,1.3,1,1200593,"ASHMED_Adaptive",0.05,"ok",FALSE,20.8,"","","c5c97fe27de6db18c58f1b4ab6e9f53b",8,0,8,20,0,0.4,"teaching_fixed","structure","shifted_rect"
"linear_dense_n300_t01_r0001","linear","dense","teaching_fixed",300,1000,1.3,1,190837284,"ASHMED_Adaptive",0.05,"ok",FALSE,7.2,"","","06b1fe19f78be7b1e0fdb7a361705593",265,75,190,200,0.283018867924528,0.95,"teaching_fixed","structure","shifted_rect"
"confounded_dense_n300_t01_r0001","confounded","dense","teaching_fixed",300,1000,1.3,1,211343690,"ASHMED_Adaptive",0.05,"ok",FALSE,4.73,"","","5dada10d763574b0696fd328cd03be3c",136,10,126,200,0.0735294117647059,0.63,"teaching_fixed","structure","shifted_rect"
"binary_dense_n300_t01_r0001","binary","dense","teaching_fixed",300,1000,1.3,1,167861328,"ASHMED_Adaptive",0.05,"ok",FALSE,4.1,"","","ea7c71dd6591815e210d8dcb44e021f9",137,6,131,200,0.0437956204379562,0.655,"teaching_fixed","structure","shifted_rect"
"linear_sparse_n300_t02_r0001","linear","sparse","teaching_fixed",300,1000,1.5,1,154146653,"ASHMED_Adaptive",0.05,"ok",FALSE,2.58,"","","a652650235c5aec757db600c5463337b",17,3,14,20,0.176470588235294,0.7,"teaching_fixed","structure","shifted_rect"
"confounded_sparse_n300_t02_r0001","confounded","sparse","teaching_fixed",300,1000,1.5,1,154118143,"ASHMED_Adaptive",0.05,"ok",FALSE,8.49,"","","0a6fffb6cf309fcdf0288fb112d432aa",21,10,11,20,0.476190476190476,0.55,"teaching_fixed","structure","shifted_rect"
"binary_sparse_n300_t02_r0001","binary","sparse","teaching_fixed",300,1000,1.5,1,67379123,"ASHMED_Adaptive",0.05,"ok",FALSE,2.28,"","","9a8beebde4cf2765bc10bb7485036d33",78,58,20,20,0.743589743589744,1,"teaching_fixed","structure","shifted_rect"
"linear_dense_n300_t02_r0001","linear","dense","teaching_fixed",300,1000,1.5,1,129285823,"ASHMED_Adaptive",0.05,"ok",FALSE,2.72,"","","5d944ca60edef70cabf6156c34590262",206,25,181,200,0.121359223300971,0.905,"teaching_fixed","structure","shifted_rect"
"confounded_dense_n300_t02_r0001","confounded","dense","teaching_fixed",300,1000,1.5,1,7264952,"ASHMED_Adaptive",0.05,"ok",FALSE,5.03,"","","9b0c87cd184f2b5202cf574cc9050ec0",179,14,165,200,0.0782122905027933,0.825,"teaching_fixed","structure","shifted_rect"
"binary_dense_n300_t02_r0001","binary","dense","teaching_fixed",300,1000,1.5,1,203627124,"ASHMED_Adaptive",0.05,"ok",FALSE,7.75,"","","0b29a50d66e9f6b9a084593b5e4e9650",178,7,171,200,0.0393258426966292,0.855,"teaching_fixed","structure","shifted_rect"
"linear_sparse_n300_t03_r0001","linear","sparse","teaching_fixed",300,1000,1.9,1,84442631,"ASHMED_Adaptive",0.05,"ok",FALSE,1,"","","df236f20945847c4af418214c0d3c452",21,2,19,20,0.0952380952380952,0.95,"teaching_fixed","structure","shifted_rect"
"confounded_sparse_n300_t03_r0001","confounded","sparse","teaching_fixed",300,1000,1.9,1,260722449,"ASHMED_Adaptive",0.05,"ok",FALSE,1.19,"","","5dd497057fbfc7073decb38b058c236f",30,11,19,20,0.366666666666667,0.95,"teaching_fixed","structure","shifted_rect"
"binary_sparse_n300_t03_r0001","binary","sparse","teaching_fixed",300,1000,1.9,1,160670759,"ASHMED_Adaptive",0.05,"ok",FALSE,1.8,"","","4ce25afcc724ce269926863592d9a48e",18,0,18,20,0,0.9,"teaching_fixed","structure","shifted_rect"
"linear_dense_n300_t03_r0001","linear","dense","teaching_fixed",300,1000,1.9,1,82263548,"ASHMED_Adaptive",0.05,"ok",FALSE,3.74,"","","255295776c588eca72e0b4252f5aa0b8",419,223,196,200,0.532219570405728,0.98,"teaching_fixed","structure","shifted_rect"
"confounded_dense_n300_t03_r0001","confounded","dense","teaching_fixed",300,1000,1.9,1,18409293,"ASHMED_Adaptive",0.05,"ok",FALSE,4.77,"","","19b02bce4d74cc086744b302786657db",198,7,191,200,0.0353535353535354,0.955,"teaching_fixed","structure","shifted_rect"
"binary_dense_n300_t03_r0001","binary","dense","teaching_fixed",300,1000,1.9,1,165128741,"ASHMED_Adaptive",0.05,"ok",FALSE,6.4,"","","f38f748b3e9703ff0b663d2db03a2ee3",219,23,196,200,0.105022831050228,0.98,"teaching_fixed","structure","shifted_rect"
"linear_sparse_n300_t01_r0002","linear","sparse","teaching_fixed",300,1000,1.3,2,169132387,"ASHMED_Adaptive",0.05,"ok",FALSE,1.1,"","","aa21258ff5c1407cd428f759c56d5467",14,1,13,20,0.0714285714285714,0.65,"teaching_fixed","structure","shifted_rect"
"confounded_sparse_n300_t01_r0002","confounded","sparse","teaching_fixed",300,1000,1.3,2,187857596,"ASHMED_Adaptive",0.05,"ok",FALSE,3.01,"","","07fcd70d4a4d8bdb50b391bbf6be056b",12,4,8,20,0.333333333333333,0.4,"teaching_fixed","structure","shifted_rect"
"binary_sparse_n300_t01_r0002","binary","sparse","teaching_fixed",300,1000,1.3,2,25412553,"ASHMED_Adaptive",0.05,"ok",FALSE,25.56,"","","92a6cb2e124ca122a1a64ab9edc992a7",9,0,9,20,0,0.45,"teaching_fixed","structure","shifted_rect"
"linear_dense_n300_t01_r0002","linear","dense","teaching_fixed",300,1000,1.3,2,216455434,"ASHMED_Adaptive",0.05,"ok",FALSE,6.03,"","","0ce568a788eaa80aefb4d666c57af77b",130,5,125,200,0.0384615384615385,0.625,"teaching_fixed","structure","shifted_rect"
"confounded_dense_n300_t01_r0002","confounded","dense","teaching_fixed",300,1000,1.3,2,76376231,"ASHMED_Adaptive",0.05,"ok",FALSE,10.18,"","","b1497d71581c30f646762e6087ea133c",145,7,138,200,0.0482758620689655,0.69,"teaching_fixed","structure","shifted_rect"
"binary_dense_n300_t01_r0002","binary","dense","teaching_fixed",300,1000,1.3,2,252366175,"ASHMED_Adaptive",0.05,"ok",FALSE,2.36000000000001,"","","e28e082bfafaeccca63d2ffc84263cca",148,7,141,200,0.0472972972972973,0.705,"teaching_fixed","structure","shifted_rect"
"linear_sparse_n300_t02_r0002","linear","sparse","teaching_fixed",300,1000,1.5,2,111931580,"ASHMED_Adaptive",0.05,"ok",FALSE,1.79,"","","11b68224391cfc41c52caff90a5c7134",17,4,13,20,0.235294117647059,0.65,"teaching_fixed","structure","shifted_rect"
"confounded_sparse_n300_t02_r0002","confounded","sparse","teaching_fixed",300,1000,1.5,2,23917971,"ASHMED_Adaptive",0.05,"ok",FALSE,1.89,"","","64dd3ff883f3ac71d752cb11125a89db",14,1,13,20,0.0714285714285714,0.65,"teaching_fixed","structure","shifted_rect"
"binary_sparse_n300_t02_r0002","binary","sparse","teaching_fixed",300,1000,1.5,2,70665624,"ASHMED_Adaptive",0.05,"ok",FALSE,45.34,"","","8786fe2fd5e60981739ce3aae3b29278",28,9,19,20,0.321428571428571,0.95,"teaching_fixed","structure","shifted_rect"
"linear_dense_n300_t02_r0002","linear","dense","teaching_fixed",300,1000,1.5,2,211234059,"ASHMED_Adaptive",0.05,"ok",FALSE,16.38,"","","c02a461174d000a2ba6b2a4bd4dc73b8",169,8,161,200,0.0473372781065089,0.805,"teaching_fixed","structure","shifted_rect"
"confounded_dense_n300_t02_r0002","confounded","dense","teaching_fixed",300,1000,1.5,2,123545979,"ASHMED_Adaptive",0.05,"ok",FALSE,1.67,"","","57336df669f04c6c18309a08bf1b42e6",182,8,174,200,0.043956043956044,0.87,"teaching_fixed","structure","shifted_rect"
"binary_dense_n300_t02_r0002","binary","dense","teaching_fixed",300,1000,1.5,2,196459159,"ASHMED_Adaptive",0.05,"ok",FALSE,2.72,"","","e3b6045a468829aa988b95c802ed8c03",172,12,160,200,0.0697674418604651,0.8,"teaching_fixed","structure","shifted_rect"
"linear_sparse_n300_t03_r0002","linear","sparse","teaching_fixed",300,1000,1.9,2,113996682,"ASHMED_Adaptive",0.05,"ok",FALSE,2.94,"","","65dcad74908523ed829da08d7de8c27c",18,1,17,20,0.0555555555555556,0.85,"teaching_fixed","structure","shifted_rect"
"confounded_sparse_n300_t03_r0002","confounded","sparse","teaching_fixed",300,1000,1.9,2,126971994,"ASHMED_Adaptive",0.05,"ok",FALSE,0.969999999999999,"","","9cebd031113451f8dba914b5ebc38ffe",19,3,16,20,0.157894736842105,0.8,"teaching_fixed","structure","shifted_rect"
"binary_sparse_n300_t03_r0002","binary","sparse","teaching_fixed",300,1000,1.9,2,21575936,"ASHMED_Adaptive",0.05,"ok",FALSE,4.2,"","","641852c08c920913605eb2ae3506811f",19,3,16,20,0.157894736842105,0.8,"teaching_fixed","structure","shifted_rect"
"linear_dense_n300_t03_r0002","linear","dense","teaching_fixed",300,1000,1.9,2,132262509,"ASHMED_Adaptive",0.05,"ok",FALSE,1.76000000000001,"","","728238c9019afa30e35eeb4b80ac57e1",205,10,195,200,0.0487804878048781,0.975,"teaching_fixed","structure","shifted_rect"
"confounded_dense_n300_t03_r0002","confounded","dense","teaching_fixed",300,1000,1.9,2,167627902,"ASHMED_Adaptive",0.05,"ok",FALSE,1.84,"","","67f843ce139ec46100bd469a575bbad2",203,12,191,200,0.0591133004926108,0.955,"teaching_fixed","structure","shifted_rect"
"binary_dense_n300_t03_r0002","binary","dense","teaching_fixed",300,1000,1.9,2,228265929,"ASHMED_Adaptive",0.05,"ok",FALSE,24.86,"","","47b09942c83ccddb86a1ee12ddda6128",196,7,189,200,0.0357142857142857,0.945,"teaching_fixed","structure","shifted_rect"
"linear_sparse_n300_t01_r0003","linear","sparse","teaching_fixed",300,1000,1.3,3,114215453,"ASHMED_Adaptive",0.05,"ok",FALSE,5.64999999999999,"","","41a455a17a8f1e2b6f3afc4b3bf87507",14,6,8,20,0.428571428571429,0.4,"teaching_fixed","structure","shifted_rect"
"confounded_sparse_n300_t01_r0003","confounded","sparse","teaching_fixed",300,1000,1.3,3,263203360,"ASHMED_Adaptive",0.05,"ok",FALSE,4.73999999999999,"","","47be9ed5b638d2f8f1053e304794c638",26,7,19,20,0.269230769230769,0.95,"teaching_fixed","structure","shifted_rect"
"binary_sparse_n300_t01_r0003","binary","sparse","teaching_fixed",300,1000,1.3,3,39427257,"ASHMED_Adaptive",0.05,"ok",FALSE,12.24,"","","bcbd9153e78858270d36bd6d2dfc9351",77,57,20,20,0.74025974025974,1,"teaching_fixed","structure","shifted_rect"
"linear_dense_n300_t01_r0003","linear","dense","teaching_fixed",300,1000,1.3,3,159845301,"ASHMED_Adaptive",0.05,"ok",FALSE,12.7,"","","06c07d7bbbde6e5ad2bda63d62ef405c",121,3,118,200,0.0247933884297521,0.59,"teaching_fixed","structure","shifted_rect"
"confounded_dense_n300_t01_r0003","confounded","dense","teaching_fixed",300,1000,1.3,3,143872636,"ASHMED_Adaptive",0.05,"ok",FALSE,8.93000000000001,"","","88182abfdbdc467a75f8ebb2a4873a98",235,103,132,200,0.438297872340426,0.66,"teaching_fixed","structure","shifted_rect"
"binary_dense_n300_t01_r0003","binary","dense","teaching_fixed",300,1000,1.3,3,36616067,"ASHMED_Adaptive",0.05,"ok",FALSE,18.53,"","","ef697f20dfdfa00221c89e79d90faa03",116,6,110,200,0.0517241379310345,0.55,"teaching_fixed","structure","shifted_rect"
"linear_sparse_n300_t02_r0003","linear","sparse","teaching_fixed",300,1000,1.5,3,254086762,"ASHMED_Adaptive",0.05,"ok",FALSE,2.55,"","","13c7fe0a25bd04ba61317342c5982fd1",20,3,17,20,0.15,0.85,"teaching_fixed","structure","shifted_rect"
"confounded_sparse_n300_t02_r0003","confounded","sparse","teaching_fixed",300,1000,1.5,3,223514034,"ASHMED_Adaptive",0.05,"ok",FALSE,2.07000000000001,"","","85ac742784263c4986fbf128db8911ca",15,1,14,20,0.0666666666666667,0.7,"teaching_fixed","structure","shifted_rect"
"binary_sparse_n300_t02_r0003","binary","sparse","teaching_fixed",300,1000,1.5,3,15829857,"ASHMED_Adaptive",0.05,"ok",FALSE,2.25,"","","33e6e32c699f73a523bcdefe36a5c61f",80,60,20,20,0.75,1,"teaching_fixed","structure","shifted_rect"
"linear_dense_n300_t02_r0003","linear","dense","teaching_fixed",300,1000,1.5,3,128045305,"ASHMED_Adaptive",0.05,"ok",FALSE,0.919999999999987,"","","8fed7c8e2d3da7e72035e15a5f4022cc",161,6,155,200,0.0372670807453416,0.775,"teaching_fixed","structure","shifted_rect"
"confounded_dense_n300_t02_r0003","confounded","dense","teaching_fixed",300,1000,1.5,3,171356528,"ASHMED_Adaptive",0.05,"ok",FALSE,1.81999999999999,"","","a1ab460c35dc26e12d91aec56919e603",173,15,158,200,0.0867052023121387,0.79,"teaching_fixed","structure","shifted_rect"
"binary_dense_n300_t02_r0003","binary","dense","teaching_fixed",300,1000,1.5,3,139443859,"ASHMED_Adaptive",0.05,"ok",FALSE,1.91999999999999,"","","6b0bd6f15ef7137d05a54eeee1d8f348",189,13,176,200,0.0687830687830688,0.88,"teaching_fixed","structure","shifted_rect"
"linear_sparse_n300_t03_r0003","linear","sparse","teaching_fixed",300,1000,1.9,3,226569007,"ASHMED_Adaptive",0.05,"ok",FALSE,4.61999999999999,"","","df3a945c44af540d1abc3667fdd63e43",22,2,20,20,0.0909090909090909,1,"teaching_fixed","structure","shifted_rect"
"confounded_sparse_n300_t03_r0003","confounded","sparse","teaching_fixed",300,1000,1.9,3,50022030,"ASHMED_Adaptive",0.05,"ok",FALSE,1.00999999999999,"","","d1e2f98348534baf0056ec57061bbe48",73,53,20,20,0.726027397260274,1,"teaching_fixed","structure","shifted_rect"
"binary_sparse_n300_t03_r0003","binary","sparse","teaching_fixed",300,1000,1.9,3,17719222,"ASHMED_Adaptive",0.05,"ok",FALSE,6.06999999999999,"","","caa34e39367e465834d7879496561745",18,0,18,20,0,0.9,"teaching_fixed","structure","shifted_rect"
"linear_dense_n300_t03_r0003","linear","dense","teaching_fixed",300,1000,1.9,3,81993015,"ASHMED_Adaptive",0.05,"ok",FALSE,4.23,"","","34d629988a3080ab72fdb9a5485a0d17",373,188,185,200,0.50402144772118,0.925,"teaching_fixed","structure","shifted_rect"
"confounded_dense_n300_t03_r0003","confounded","dense","teaching_fixed",300,1000,1.9,3,32834248,"ASHMED_Adaptive",0.05,"ok",FALSE,1.18000000000001,"","","2775d9f115ac67a83dc5a68a89c11abd",211,15,196,200,0.0710900473933649,0.98,"teaching_fixed","structure","shifted_rect"
"binary_dense_n300_t03_r0003","binary","dense","teaching_fixed",300,1000,1.9,3,261970499,"ASHMED_Adaptive",0.05,"ok",FALSE,29.97,"","","50a1f2a20c6147e8402dcf1ed3825c09",199,9,190,200,0.0452261306532663,0.95,"teaching_fixed","structure","shifted_rect"
